smiles,label,InChIKey,InChIKey_14,Source,Compound_ID,PMID
Cn1cnnc1C1CCN(C(=O)NC2CC2c2ccccc2)CC1,0,PMWSGFIJYUECNG-UHFFFAOYSA-N,PMWSGFIJYUECNG,CUPID,CUPID,
CNCCCC12CCC(c3ccccc31)c1ccccc12,0,QSLMDECMDJKHMQ-UHFFFAOYSA-N,QSLMDECMDJKHMQ,CUPID,CUPID,
C1CC1(C2=NC3=C(C=C(C=C3N2)C(F)(F)F)C(F)(F)F)N,0,DSTRZPSUEPJFRE-UHFFFAOYSA-N,DSTRZPSUEPJFRE,PubChem,60194256,
O=C(c1ccccc1)N1N=C(c2ccc(Br)cc2)CC1c1ccc(F)cc1,1,MVYVCIKGEFGAJD-UHFFFAOYSA-N,MVYVCIKGEFGAJD,data_cav_dev,CHEMBL3951427,
CC(C)C(CCCN(C)CCC1=CC(=C(C=C1)OC)OC)(C#N)C2=CC(=C(C(=C2)OC)OC)OC,1,XQLWNAFCTODIRK-UHFFFAOYSA-N,XQLWNAFCTODIRK,PubChem,1234,23466604
CC(C)(C)CCNC(=O)C1=CC=C(C=C1)OCC2=CC=C(C=C2)OC,0,HRCMOZIXTZZLDL-UHFFFAOYSA-N,HRCMOZIXTZZLDL,PubChem,60210843,
COC1=CC=C(C=C1)C2=CN3C(=C(C=N3)C4=C5C=CC=NC5=CC=C4)N=C2.C(=O)(C(F)(F)F)O.C(=O)(C(F)(F)F)O,0,NXIQJPINMUNDLN-UHFFFAOYSA-N,NXIQJPINMUNDLN,PubChem,57339378,
CC(C)C(=O)O[C@@]1(C[C@@H]2CC[C@H]1C3=CC=CC=C23)CCN(C)CCCC4=NC5=CC=CC=C5N4,1,MLDXNVWBLNAZSD-RPFOIHMYSA-N,MLDXNVWBLNAZSD,PubChem,67448236,26231163
CC(C)[C@]1(C([C@]2([C@]3(C[C@]4([C@@]1([C@@]2([C@@]5([C@@]3(CCC(=C)C5O)O)O4)O)C)O)C)OC)OC(=O)C6=CC=CN6)O,1,IXQBOICCNDAQBB-GKSVCDBYSA-N,IXQBOICCNDAQBB,PubChem,49823656,8691427
COC(=O)C1=C(C)NC(C)=C(C(=O)OC)C1c1ccc(-c2cccc(Cl)c2Cl)o1,1,FBYPVBGLURAFHW-UHFFFAOYSA-N,FBYPVBGLURAFHW,data_cav_dev,CHEMBL2063955,
COc1ccccc1-n1nc(OC2CCN(S(C)(=O)=O)CC2)cc1-c1ccc(Cl)cc1,1,NWSFHJWTWBRJFA-UHFFFAOYSA-N,NWSFHJWTWBRJFA,data_cav_dev,,73296549
CC1=C(C(C(=C(N1)CSC2=CC=CC=C2)C(=O)OCC=C)C3=CC=CC=C3C(F)(F)F)C#N,1,YTUOGSGNRFDZKT-UHFFFAOYSA-N,YTUOGSGNRFDZKT,PubChem,15050386,2066997
C#CCn1cc(CN2CCCCC2)c2cc(Br)ccc21,0,BKSYURVADAFBIB-UHFFFAOYSA-N,BKSYURVADAFBIB,data_cav_dev,CHEMBL4565304,
CCOC(=O)C1=C(NC(=C(C1C2=C(ON=C2C)CCC3=CC=CC=C3C4=CC=CC=C4)C(=O)OCC)C)C,1,ONGHNSHAGALNCD-UHFFFAOYSA-N,ONGHNSHAGALNCD,PubChem,10577739,10447952
CC1=C(C(C(=C(N1)C)C(=O)OCC(C)C)C2=CC=C(C=C2)F)C(=O)OC,1,WFVTULAIGXQOIM-UHFFFAOYSA-N,WFVTULAIGXQOIM,PubChem,44334386,3339603
COC(=O)C1=C(C)NC(C)=C(C(=O)OC)C1c1ccccc1,1,QDHIAGVDKRWZNF-UHFFFAOYSA-N,QDHIAGVDKRWZNF,data_cav_dev,CHEMBL2063842,
CCCCCCCCO/C(O)=C1\C(C)=NC(C)=C(C(=O)OCC)C1c1cccc([N+](=O)[O-])c1,1,KTPUGBNEQXUNRV-YYDJUVGSSA-N,KTPUGBNEQXUNRV,data_cav_dev,CHEMBL286157,
CC(=O)OC1=C(SC2=CC=CC=C2N3C1=CC=C3)C4=CC=C(C=C4)OC,1,NCWRHYSPTPPIQP-UHFFFAOYSA-N,NCWRHYSPTPPIQP,PubChem,1784,8709127
COc1ccc(-c2cc(OC3CC(C)(C)SC(C)(C)C3)nn2-c2ccccc2OC)cc1,1,JWZPZXKJEUAZFV-UHFFFAOYSA-N,JWZPZXKJEUAZFV,data_cav_dev,CHEMBL3890916,
CCOC(=O)CC1=C(C(C(=C(N1)C)C(=O)OCC)C2=CC=CC=C2C(F)(F)F)C(=O)OCC,1,MZVNDUDCMZVMFB-UHFFFAOYSA-N,MZVNDUDCMZVMFB,PubChem,15645679,2840504
CCOC(=O)C/C(=N\NC(=O)CCN1C(C(=C(NC1=O)C)C(=O)OCC)C2=CC(=CC=C2)[N+](=O)[O-])/C,0,AMEMCYRSYUHAEH-QFEZKATASA-N,AMEMCYRSYUHAEH,PubChem,137653725,28233679
CC(C)C1=NN2C=CC=CC2=C1S(=O)(=O)C3=CC=C(C=C3)OCCCNC(C)(C)C,1,SZKSPIJKBGKXQJ-UHFFFAOYSA-N,SZKSPIJKBGKXQJ,PubChem,10048281,8496910
COc1ccc(C(c2ccc(C(F)(F)F)cc2)N2CCN(C(=O)CC(c3ccccc3)c3ccccc3)CC2)cc1,1,HDBMKSCBAFSILW-UHFFFAOYSA-N,HDBMKSCBAFSILW,data_cav_dev,CHEMBL3930176,
O=C(CN(c1ccccc1)c1ccccc1)N1CCN(C(c2ccccc2)c2cccc(Cl)c2Cl)CC1,0,FMJSSIYEDJFGBC-UHFFFAOYSA-N,FMJSSIYEDJFGBC,data_cav_dev,CHEMBL599821,
COC(=O)C1=C(C)N=C(C)/C(=C(/O)OC)C1c1c(C)noc1C,1,PTQTUHGWGGIJET-NTCAYCPXSA-N,PTQTUHGWGGIJET,data_cav_dev,CHEMBL73647,
CCOC(=O)C1C(C)=NC(c2ccccc2)=CC1c1ccc(C)cc1,0,SOMBUNQCQDZVHP-UHFFFAOYSA-N,SOMBUNQCQDZVHP,CUPID,CUPID,
CCCN(C1CCN(CC1)CC2=C(C=CC=C2OC)OC)S(=O)(=O)C3=CC=CC(=C3)C(F)(F)F,1,MIIPDAAENRAYGU-UHFFFAOYSA-N,MIIPDAAENRAYGU,PubChem,4099361,23098566
CCOC(=O)C1=C(C)NC(C)=C(C(=O)OCC)C1c1ccc(F)cc1,1,AITJZYHNAKUCFP-UHFFFAOYSA-N,AITJZYHNAKUCFP,data_cav_dev,CHEMBL2063633,
CCOC(=O)C1=C(NC(=C(C1C2=CC=CC=C2)C#N)C)CS(=O)(=O)C3=CC=CC=C3,1,ODTNEXFBAKHBBR-UHFFFAOYSA-N,ODTNEXFBAKHBBR,PubChem,15050364,2066997
CO/C(O)=C1\C(C)=NC(C)=C(C(=O)OCC(C)C)C1c1cccc(OC)c1,1,SLHXCJDHRACRDL-LVZFUZTISA-N,SLHXCJDHRACRDL,data_cav_dev,CHEMBL102498,
C1CN(CC(C1(F)F)OC2=CC3=CC=CC=C3C=N2)C(=O)C4=CC=CC=C4N5N=CC=N5,1,ZFYHLMSFGMIYGI-UHFFFAOYSA-N,ZFYHLMSFGMIYGI,PubChem,77107596,27818110
C1CC(C1)N2CCN(CC2)C(=O)C3=CC=C(C=C3)CN4CCOCC4,0,ABJWJGMTLYSISP-UHFFFAOYSA-N,ABJWJGMTLYSISP,PubChem,59218182,25893048
CC(N)C1CCN(c2c(F)cc3cc(C(=O)O)c(=O)n4c3c2OCC4C)C1,0,PJKALEQFHVDDFX-UHFFFAOYSA-N,PJKALEQFHVDDFX,CUPID,CUPID,
CC(C)(C)C1=CC(=CC(=C1O)C(C)(C)C)C2N(C(=O)CS2)CCCN(C)CC3=CC=CC=C3,1,XKMYQBUHKIAVCW-UHFFFAOYSA-N,XKMYQBUHKIAVCW,PubChem,10576261,9784106
C1=CC=C(C=C1)[C@@H](COCC2=CC(=CC(=C2)C(F)(F)F)C(F)(F)F)NCC(=O)N,1,XOGIZHLZCSGUAE-MRXNPFEDSA-N,XOGIZHLZCSGUAE,PubChem,9827668,
COC1=CC=C(C=C1)CCN2CCC(CC2)NC3=NC4=CC=CC=C4N3CC5=CC=C(C=C5)F,1,GXDALQBWZGODGZ-UHFFFAOYSA-N,GXDALQBWZGODGZ,PubChem,2247,23812503
CC1=C(C(C(=C(N1)C(OC)OC)C(=O)OC/C=C/C2=CC(=CC=C2)OC)C3=CC(=CC=C3)Cl)C(=O)O,1,HGKQKQRZZFNIKN-VQHVLOKHSA-N,HGKQKQRZZFNIKN,PubChem,44562317,18684623
O=c1cc(O)n(C2CCCC2)c(=O)n1CC1(c2ccc(Cl)cc2)CC1,0,DIIDNIHMKDJVPT-UHFFFAOYSA-N,DIIDNIHMKDJVPT,CUPID,CUPID,
CN(C)CCOC(C1=CC=C(C=C1)Cl)C2=CC=CC=N2,1,OJFSXZCBGQGRNV-UHFFFAOYSA-N,OJFSXZCBGQGRNV,PubChem,2564,18754582
CCOC(=O)C1=C(NC(=S)NC1C2=CC3=C(C=C2)OCCO3)C,1,LSEFCYFWWYEQPB-UHFFFAOYSA-N,LSEFCYFWWYEQPB,PubChem,155542510,31673316
COc1cccc(C2NC(=S)Nc3nc4c(c(N)c32)CCCC4)c1,1,GLVAOWPNTIXLJA-UHFFFAOYSA-N,GLVAOWPNTIXLJA,data_cav_dev,CHEMBL4171520,
C1CCC(CC1)[C@H](C(=O)O)N2C[C@@H]([C@H](C2)C3=CC=CC=C3)CN4CCC(CC4)CCCC5=CC=CC=C5,1,SUKMVMFONPSNRM-DCMFLLSESA-N,SUKMVMFONPSNRM,PubChem,501055,12270193
CC1=C(C(C(=C(N1)C)C(=O)OC)C2=CC(=CC=C2)OCC(=O)N3CCOCC3)C(=O)OC,1,IKPYXJXNSBBTRD-UHFFFAOYSA-N,IKPYXJXNSBBTRD,PubChem,60168017,
CC1=C(C(C2=C(N1)CCCC2=O)C3=CC=CO3)C(=O)NC4=C(C=CC(=C4)Cl)Cl,0,GGTYQECCGLBHGS-UHFFFAOYSA-N,GGTYQECCGLBHGS,PubChem,91885415,32141297
CCOC(=O)C1=C(NC(=C(C1C2=CC=CC=C2C(F)(F)F)C#N)C)CSC3=CC=CC=C3F,1,RHVKIHWVQSANAA-UHFFFAOYSA-N,RHVKIHWVQSANAA,PubChem,15050343,2066997
O=c1cc(O)n(C2CCCC2)c(=O)n1Cc1ccc(Cl)cc1,0,KBNRSVGJHOPELS-UHFFFAOYSA-N,KBNRSVGJHOPELS,CUPID,CUPID,
CC(C)(C)C1=CC(=CC(=C1O)C(C)(C)C)C2N(C(=O)CS2)CCCN3CCC4=CC(=C(C=C4C3)OC)OC,1,QQVFLDPVNBJVOR-UHFFFAOYSA-N,QQVFLDPVNBJVOR,PubChem,10602553,9784106
CC(C)NC(=O)N1C(CC(=N1)C2=CC=C(C=C2)Br)C3=CC=C(C=C3)F,1,PFELFOCPWCQJBE-UHFFFAOYSA-N,PFELFOCPWCQJBE,PubChem,134140658,27579577
CCOc1ccc(C2C(C(=O)OC)=C(C)NC(C)=C2C(=O)OC)cc1OC,1,MUXRQEBELKFHHI-UHFFFAOYSA-N,MUXRQEBELKFHHI,data_cav_dev,CHEMBL2063823,
COc1ccc(-c2cc(OC3CC(C)(C)S(=O)(=O)C(C)(C)C3)nn2-c2ccccc2OC)cc1,1,TYXGRJPOMQEXJV-UHFFFAOYSA-N,TYXGRJPOMQEXJV,data_cav_dev,,73294760
CCOC(=O)C1=C(NC(=C(C1C2=CC=CC=C2Cl)C#N)C)CSC3=CC=NC=C3,1,VONJEDJJGXESFV-UHFFFAOYSA-N,VONJEDJJGXESFV,PubChem,15050370,2066997
CCCN[C@@H](C)c1c(-c2cc(C)cc(C)c2)[nH]c2ccc(C(C)(C)C(=O)N3C4CCC3CC4)cc12,1,CHORXNDLHAFLCJ-ANYOXOOPSA-N,CHORXNDLHAFLCJ,data_cav_dev,CHEMBL1643712,
CCOC(=O)C1=C(NC(=C(C1C2=CC=CC=C2Cl)C(=O)OC)C)COCCN,1,HTIQEAQVCYTUBX-UHFFFAOYSA-N,HTIQEAQVCYTUBX,PubChem,2162,22761000
CC(=O)OC1C(SC2=C(C=CC(=C2)Cl)N(C1=O)CCN(C)C)C3=CC=C(C=C3)OC,1,GYKFWCDBQAFCLJ-UHFFFAOYSA-N,GYKFWCDBQAFCLJ,PubChem,104928,1542103
CC1CCC(n2c(=O)cc(O)n(CCc3ccc(Cl)cc3)c2=O)CC1,0,WQOSDXBJXIOTHM-UHFFFAOYSA-N,WQOSDXBJXIOTHM,CUPID,CUPID,
COc1ccccc1-n1nc(OC2CCN(S(=O)(=O)C3CC3)CC2)cc1-c1ccc(Cl)cc1,1,OXIUFIQCDNTAED-UHFFFAOYSA-N,OXIUFIQCDNTAED,data_cav_dev,CHEMBL3942512,
C1C(CN1)CC2=NC3=C(C=C(C=C3N2)C(F)(F)F)C(F)(F)F,1,QFCUYPXSZRMBEH-UHFFFAOYSA-N,QFCUYPXSZRMBEH,PubChem,60194666,
CCOC(=O)C1=C(NC(=S)NC1C2=CC(=CC=C2)[N+](=O)[O-])C,1,TWRZPKOGAMULBM-UHFFFAOYSA-N,TWRZPKOGAMULBM,PubChem,2787683,2391701
CNCC[C@H](Oc1cccc2ccccc12)c1cccs1,0,ZEUITGRIYCTCEM-KRWDZBQOSA-N,ZEUITGRIYCTCEM,data_cav_dev,CHEMBL1175,
CC1=C(C(C(=C(N1)C)C(=O)OCCC(C2=CC=CC=N2)C3=CC=CC=N3)C4=CC(=CC=C4)Cl)C(=O)O,1,AMJVWQQYWZLWSF-UHFFFAOYSA-N,AMJVWQQYWZLWSF,PubChem,44407322,16309909
CCOC(=O)C1=C(C)N=C(C)C(C(=O)OC2CCCCC2)C1c1csc(-c2ccc(Cl)cc2)n1,0,ZBWCMSDNUWHRDX-UHFFFAOYSA-N,ZBWCMSDNUWHRDX,CUPID,CUPID,
CCOC(=O)C1=C(NC(=C(C1C2=CC=CC=C2C(F)(F)F)C#N)C)CS(=O)C3=CC=CC=C3,1,VDGKOGKAKKJACD-UHFFFAOYSA-N,VDGKOGKAKKJACD,PubChem,44312048,2066997
CC(C)NC1=NC(=C2CNC(=O)N(C2=N1)C3=C(C=CC=C3Cl)Cl)C4=CC=CC=C4Cl,1,PTSRDBDPYALAAJ-UHFFFAOYSA-N,PTSRDBDPYALAAJ,PubChem,23647634,16750629
CC1=NC(C)=C(C(=O)OC(C)C)C(c2csc(-c3ccc(Cl)cc3)n2)C1C(=O)OC(C)C,0,PFPXLNVUXQAXFS-UHFFFAOYSA-N,PFPXLNVUXQAXFS,CUPID,CUPID,
Cc1c(C(O)CN2CCN(CC(O)c3ccc4c(c3C)COC4=O)CC2)ccc2c1COC2=O,0,OCKGFTQIICXDQW-UHFFFAOYSA-N,OCKGFTQIICXDQW,CUPID,CUPID,
COC(=O)C1C(C)=NC(=S)NC1c1cccc([N+](=O)[O-])c1,0,KFXKXJLRYQJOPN-UHFFFAOYSA-N,KFXKXJLRYQJOPN,CUPID,CUPID,
CC(C)(C)NC(=O)NCC1=NC2=C(C=C(C=C2N1)C(F)(F)F)C(F)(F)F,1,BKLBYMDXMZBZEV-UHFFFAOYSA-N,BKLBYMDXMZBZEV,PubChem,60194294,
O=c1cc(O)n(-c2cccc(C(F)(F)F)c2)c(=O)n1C1CCCC1,0,WAAQIPFSUPVWLE-UHFFFAOYSA-N,WAAQIPFSUPVWLE,CUPID,CUPID,
CCCCCCCN(CC)CCCC(O)c1ccc(NS(C)(=O)=O)cc1,0,ALOBUEHUHMBRLE-UHFFFAOYSA-N,ALOBUEHUHMBRLE,data_cav_dev,CHEMBL533,
CCOC(=O)c1c(C)nc2nc3c(c(N)c2c1-c1ccc(OC)c(OC)c1)CCCC3,0,QBNTZYZRSZBWJU-UHFFFAOYSA-N,QBNTZYZRSZBWJU,data_cav_dev,,44445177
C1CN(CCN1C(C2=CC=CC=C2)C3=CC=CC=C3C(F)(F)F)C(=O)CC(C4=CC=CC=C4)C5=CC=CC=C5,1,MLTWOMDQQFOCMD-UHFFFAOYSA-N,MLTWOMDQQFOCMD,PubChem,10098449,20117000
CCOC(=O)c1c(C)nc2nc3c(c(N)c2c1-c1ccc(C)cc1)CCCCC3,0,UCSBKUKETUKSSX-UHFFFAOYSA-N,UCSBKUKETUKSSX,data_cav_dev,CHEMBL2234538,
Cc1cc(C)cc(-c2cc3cc(C(C)(C)C(=O)NC(C)(C)C)ccc3n2CC(=O)OC(C)(C)C)c1,1,NEVOPLSTEBWKDY-UHFFFAOYSA-N,NEVOPLSTEBWKDY,data_cav_dev,CHEMBL1643723,
C1CN(CCN1[C@H](C2=CC=CC=C2)C3=CC=C(C=C3)Cl)C(=O)CC(C4=CC=CC=C4)C5=CC=CC=C5,1,AOQSRDPSBXFFQW-JGCGQSQUSA-N,AOQSRDPSBXFFQW,PubChem,46233252,20117000
CC1(C2CCC(C1C2)CCOCC[N+]3(CCOCC3)CC4=CC(=C(C=C4Br)OC)OC)C,1,DDHUTBKXLWCZCO-UHFFFAOYSA-N,DDHUTBKXLWCZCO,PubChem,40704,22761000
CC1=C(C(C(=C(N1)C)C(=O)OCCCCCCCC[N+](C)(C)C)C2=CC=CC=C2C(F)(F)F)C(=O)OC,1,IEWMHZPNNRJVRZ-UHFFFAOYSA-O,IEWMHZPNNRJVRZ,PubChem,10052526,8246246
CCc1ccc(C2C(C(=O)OC)=C(C)NC(C)=C2C(=O)OC)cc1,1,XOYBHGRMHXZOMH-UHFFFAOYSA-N,XOYBHGRMHXZOMH,data_cav_dev,CHEMBL2063822,
COC1=C(C=C(C=C1)C2CC(C2)C(=O)O)C3=C(C=C(C=C3)C(F)(F)F)[C@@H]4CC[C@@H]5N4C(=O)O[C@@H]5C6=CC(=CC(=C6)C(F)(F)F)C(F)(F)F,1,VHUXWKLCNFBNEC-XCTPAORVSA-N,VHUXWKLCNFBNEC,PubChem,71526637,34375108
CCOC(=O)[C@H]\1[C@@H](C(=C(N/C1=C\C(=O)C2=CC=C(C=C2)N(C)C)C)C(=O)OCC)C3=CC=CC=C3C(F)(F)F,1,XDMXAVRMTDERIG-XOYKGIAWSA-N,XDMXAVRMTDERIG,PubChem,44290356,2840504
CS(=O)(=O)c1ccc(C2CC(c3ccncc3)=NN2C(=O)Nc2ccc(F)cc2)cc1,1,OOFQEIIIUMVFAD-UHFFFAOYSA-N,OOFQEIIIUMVFAD,data_cav_dev,,134139327
CN(C)Cc1cn(CCCCN2CCCCC2)c2ccc(Br)cc12,0,LXNBYSGDVOCNCF-UHFFFAOYSA-N,LXNBYSGDVOCNCF,data_cav_dev,CHEMBL4578824,
Cc1ccc(O)c(C(CCN(C(C)C)C(C)C)c2ccccc2)c1,0,OOGJQPCLVADCPB-UHFFFAOYSA-N,OOGJQPCLVADCPB,CUPID,CUPID,
C1CCC(CC1)NCC(CN2C3=C(C=C(C=C3)Br)C4=C2C=CC(=C4)Br)O,0,KYRAOOTYQUJTIT-UHFFFAOYSA-N,KYRAOOTYQUJTIT,PubChem,3125888,24900603
CCOC(=O)C1=C(NC(=C(C1C2=CC=CC=C2C(F)(F)F)C#N)C)CSC3=CC=C(C=C3)OC,1,JAVPKVJYWAETNO-UHFFFAOYSA-N,JAVPKVJYWAETNO,PubChem,15050367,2066997
CCN(C)C1=NC2C(OC(CO)C(O)C2O)S1,0,JFKXPYCYZANQTG-UHFFFAOYSA-N,JFKXPYCYZANQTG,CUPID,CUPID,
CCNCC#CC(C)(C)OC(=O)C(O)(c1ccccc1)C1CCCCC1,0,BWTHWMSRTKTAFC-UHFFFAOYSA-N,BWTHWMSRTKTAFC,CUPID,CUPID,
COc1cc2c(cc1OC)C(=O)C(CC1CCN(Cc3ccccc3)CC1)C2,0,ADEBPBSSDYVVLD-UHFFFAOYSA-N,ADEBPBSSDYVVLD,data_cav_dev,CHEMBL502,
C/C(=C/SS/C=C(\N1C(=O)ON=C1C(=O)C2=CC=C(C=C2)Br)/C)/N3C(=O)ON=C3C(=O)C4=CC=C(C=C4)Br,1,IYHSXGLHKCCSSE-XSYHWHKQSA-N,IYHSXGLHKCCSSE,PubChem,42626216,19323482
CC(C)N1CCN(CC1)C(=O)C2=CC=C(C=C2)CN3CCOCC3.C(=C\C(=O)O)\C(=O)O,0,PWDBREUBRYUEGC-BTJKTKAUSA-N,PWDBREUBRYUEGC,PubChem,122178129,25893048
C1COCCN1[C@H](CNC(=O)C2=C(N=C(S2)C3=NC=CC=N3)C(F)(F)F)C4=CC=C(C=C4)Cl,0,FGPQIEDRTXLBES-OAHLLOKOSA-N,FGPQIEDRTXLBES,PubChem,129099048,33822617
CC(=O)OC1C(CC2=C(C=CC(=C2)C(F)(F)F)N(C1=O)CCN(C)C)C3=CC=C(C=C3)OC,1,NBWSZUBDTQVNLG-UHFFFAOYSA-N,NBWSZUBDTQVNLG,PubChem,23277339,1542102
CC1(CC(CC(N1)(C)C)NC2=NC(=C3CNC(=O)N(C3=N2)C4=C(C=CC=C4Cl)Cl)C5=CC=CC=C5Cl)C,1,KRVICYSFUWOTBR-UHFFFAOYSA-N,KRVICYSFUWOTBR,PubChem,23647649,16750629
CN1C(=O)[C@@H](N2CCc3cn(Cc4ccccc4)nc3C2=O)COc2ccccc21,0,MAHFVAHPQSLLJF-IBGZPJMESA-N,MAHFVAHPQSLLJF,data_cav_dev,CHEMBL4088216,
CCOC(=O)c1c(C)nc2nc3c(c(N)c2c1-c1ccccc1)CCCC3,0,UNCWLZOGXZCOJG-UHFFFAOYSA-N,UNCWLZOGXZCOJG,data_cav_dev,CHEMBL253386,
CCC1=CN2C=CC=CC2=C1S(=O)(=O)C3=CC=C(C=C3)OCCCN(C)CCC4=CC(=C(C=C4)OC)OC,1,WAPWAAXGLQLAKH-UHFFFAOYSA-N,WAPWAAXGLQLAKH,PubChem,13938123,1552511
CC1=C(C(C(=C(N1)C)C(=O)O)C2=CC(=CC=C2)Cl)C(=O)NC/C=C/C3=CC=CC=C3,1,CQONRXCYBUXUES-JXMROGBWSA-N,CQONRXCYBUXUES,PubChem,9910160,16309909
CCOC(=O)C1=C(C)N=C(C)/C(=C(/O)OCC)C1c1c(C)noc1C,1,KNZXTLGWVGHSPA-SAPNQHFASA-N,KNZXTLGWVGHSPA,data_cav_dev,CHEMBL74944,
O=C(Cn1ncccc1=O)Nc1ccc(CC2CCC(C(O)c3ccccc3)N2)cc1,0,URLFNGRPGJRFPI-UHFFFAOYSA-N,URLFNGRPGJRFPI,CUPID,CUPID,
O=C(C=Cc1ccc(O)c(O)c1C=Cc1ccc(O)c(O)c1)OC(Cc1ccc(O)c(O)c1)C(=O)O,0,YMGFTDKNIWPMGF-UHFFFAOYSA-N,YMGFTDKNIWPMGF,CUPID,CUPID,
CC(C)(C)C1=CC(=CC(=C1O)C(C)(C)C)C2N(C(=O)CS2)CCCN(C)CCOC3=CC(=C(C=C3)OC)OC,1,NVDGAAUKTHPFSV-UHFFFAOYSA-N,NVDGAAUKTHPFSV,PubChem,10721576,9784106
COC1=C(C=C(C=C1)C2C[C@H]([C@H](C2)O)O)C3=C(C=C(C=C3)C(F)(F)F)[C@@H]4CC[C@@H]5N4C(=O)O[C@@H]5C6=CC(=CC(=C6)C(F)(F)F)C(F)(F)F,1,KPSUBYGIYLFUSG-FMMSHDKUSA-N,KPSUBYGIYLFUSG,PubChem,71526288,34375108
CC1=C(C(N=C(N1)SC)C2=C(C(=CC=C2)[N+](=O)[O-])SC)C(=O)OC,1,KMFKCFMOHRCDDA-UHFFFAOYSA-N,KMFKCFMOHRCDDA,PubChem,15758671,7837222
CC1=NC(C)=C(C(=O)OCc2ccccc2)C(c2csc(-c3ccc(Cl)cc3)n2)C1C(=O)OCc1ccccc1,0,MTXICKOLLYIFHD-UHFFFAOYSA-N,MTXICKOLLYIFHD,CUPID,CUPID,
CCOCC1(C2=C(C[C@@H](N1)C3=NC=C(N3)C4=CC=CC=C4)C5=CC=CC=C5N2)COCC,1,JGAPWJRMEQDHGG-JOCHJYFZSA-N,JGAPWJRMEQDHGG,PubChem,9910573,24900466
COc1ccc(CCN2C(=O)N(NS(C)(=O)=O)CC2c2ccc(OC)cc2)cc1,0,GFFIHDXPUGXVGG-UHFFFAOYSA-N,GFFIHDXPUGXVGG,CUPID,CUPID,
C=CCOC(=O)C1=C(C)NC(C)=C(C(=O)OCC=C)C1c1ccc(Cl)cc1Cl,1,IXPDTYASGZFSTR-UHFFFAOYSA-N,IXPDTYASGZFSTR,data_cav_dev,CHEMBL2063841,
CN(CCOc1ccc(NS(C)(=O)=O)cc1)CCc1ccc(NS(C)(=O)=O)cc1,0,IXTMWRCNAAVVAI-UHFFFAOYSA-N,IXTMWRCNAAVVAI,CUPID,CUPID,
CC1=CC2=C(C=C1)N(C=C2CN3CCCCC3)CC4=CC=CC=C4[N+](=O)[O-],1,VQZFIBLXQDWSBN-UHFFFAOYSA-N,VQZFIBLXQDWSBN,PubChem,145989039,29656989
Cc1ccc2c(c1)c(CN(C)C)cn2Cc1ccccc1,0,ZMOBUVZTSCWHID-UHFFFAOYSA-N,ZMOBUVZTSCWHID,data_cav_dev,CHEMBL4516383,
CC1=CC=C(C=C1)C2(CC(=NN2C(=O)NC3=CC=C(C=C3)F)C4=CC=NC=C4)CCO,1,FABVFBWUQYJEHO-UHFFFAOYSA-N,FABVFBWUQYJEHO,PubChem,134132803,27579577
CC1=C(C(SC2=CC=CC=C2N1CCN(C)C)C3=CC(=CC=C3)[N+](=O)[O-])C(=O)OC,1,JTOAMNKQXXGKQO-UHFFFAOYSA-N,JTOAMNKQXXGKQO,PubChem,13763172,2435903
CCN(CC)CC#CC(C)(C)OC(=O)C(O)(c1ccccc1)C1CCCCC1,0,DMEPDNFRHUGNPT-UHFFFAOYSA-N,DMEPDNFRHUGNPT,CUPID,CUPID,
CCOC(=O)C1=C(NC(=C(C1C2=CC(=C(C=C2)OCCN3CCCCCC3)Cl)C(=O)OCC)C)C,1,KFRPGKKCPKUFJB-UHFFFAOYSA-N,KFRPGKKCPKUFJB,PubChem,155512737,31724859
CCCCN(CCCC)C(=O)CN1C[C@H](c2cc(OC)c3c(c2)OCO3)[C@@H](C(=O)O)[C@@H]1CC(C)(C)CCC,1,OAEWNSKRLBVVBV-QSEAXJEQSA-N,OAEWNSKRLBVVBV,data_cav_dev,CHEMBL111612,
C=CCOC(=O)C1=C(C)NC(C)=C(C(=O)OCC=C)C1c1ccc(O)c(OCC)c1,1,HDMRPBAVAOZSDL-UHFFFAOYSA-N,HDMRPBAVAOZSDL,data_cav_dev,CHEMBL2063834,
CC1=CC2=C(C=C1)N(C=C2CN3CCCCC3)CC4=CC(=CC=C4)[N+](=O)[O-],1,LVXPNPJAPIJXOS-UHFFFAOYSA-N,LVXPNPJAPIJXOS,PubChem,145968031,29656989
CC(=O)O[C@H]1[C@H](SC2=CC=CC=C2N3C1=CC=C3CN(C)C)C4=CC=C(C=C4)OC,1,SNGKMEGHOVULOS-DNQXCXABSA-N,SNGKMEGHOVULOS,PubChem,10836004,8709127
CSC1=NC2/C(=C(/O)OCCCCCSc3ccccc32)C(C)=N1,1,PIRYLGGXEKYRTL-ICFOKQHNSA-N,PIRYLGGXEKYRTL,data_cav_dev,CHEMBL282706,
CC#CC(CC(=O)O)c1ccc(Oc2ccc(C(F)(F)F)cc2OC(F)F)cc1,0,XTXMTBWPTJUGRV-UHFFFAOYSA-N,XTXMTBWPTJUGRV,CUPID,CUPID,
C=CCOC(=O)C1=C(C)NC(C)=C(C(=O)OCC=C)C1c1ccc(I)cc1,0,JLBSWRFHFNJKNH-UHFFFAOYSA-N,JLBSWRFHFNJKNH,data_cav_dev,CHEMBL2063957,
CC(C)(C)NC(=O)Cn1c(-c2ccccc2OC(F)(F)F)cc2cc(C(C)(C)C(=O)NC(C)(C)C)ccc21,1,GBRPQCXRDNPKAA-UHFFFAOYSA-N,GBRPQCXRDNPKAA,data_cav_dev,CHEMBL1643733,
CC1CC[C@@]2([C@@]3(CC(=O)O[C@@]2(C1O)[C@@]4([C@]3(C(C(=C4C)C(C)C)OC(=O)C5=CC=CN5)O)O)C)O,1,PFPMKZBSCJNBMC-YZZZXTOCSA-N,PFPMKZBSCJNBMC,PubChem,49823973,8388466
C1C[C@@H](N[C@@H]1CC2=CC=C(C=C2)NC(=O)CC3=CSC(=N3)N)[C@@H](C4=CC=CC=C4)O,1,BDYLGPUIUMBDQP-CZTZKLFOSA-N,BDYLGPUIUMBDQP,PubChem,44472590,24437735
CC1=C(C(C(=C(N1)C)C(=O)OCC2CCCCO2)C3=CC=CC=C3[N+](=O)[O-])C(=O)OCCN4C(=O)C5=CC=CC=C5S4(=O)=O,1,KMTBFQWMQKLFLD-UHFFFAOYSA-N,KMTBFQWMQKLFLD,PubChem,15041250,1377748
COC1CCCC1n1c(=O)cc(O)n(CCc2cccc(Cl)c2)c1=O,0,NKTUGTXVFDIMAL-UHFFFAOYSA-N,NKTUGTXVFDIMAL,CUPID,CUPID,
COC(=O)C1=C(C)NC(C)=C(C(=O)OC)C1c1ccc(Cl)cc1,1,XBDJVUHXRNRICA-UHFFFAOYSA-N,XBDJVUHXRNRICA,data_cav_dev,CHEMBL2063641,
O=C(CC(c1ccccc1)c1ccccc1)N1CCN(C(c2ccccc2)c2ccccc2Cl)CC1,0,JWHAZXDKSGAIEK-UHFFFAOYSA-N,JWHAZXDKSGAIEK,data_cav_dev,CHEMBL598592,
CC(C)C(C#N)(C1CCCC(C1)N(C)CCC2=CC(=C(C=C2)OC)OC)C3=CC(=C(C=C3)OC)OC,1,GGMRORCMNUZGCM-UHFFFAOYSA-N,GGMRORCMNUZGCM,PubChem,10413420,8474099
CC(C)NC1=NC2=C(C(=C(C=C2N1C3CCN(CC3)C4=CC=C(C=C4)C(C)(C)C#N)Cl)Cl)C(=O)N(C)C,0,VQMVPKAEWRRWNJ-UHFFFAOYSA-N,VQMVPKAEWRRWNJ,PubChem,71528734,24900661
CC1=C(C(C(=C(N1)C)C(=O)OC)C2=CC(=C(C=C2)OCC(=O)N3CCN(CC3)C)OC)C(=O)OC,1,GWVHBVAVAYVKSD-UHFFFAOYSA-N,GWVHBVAVAYVKSD,PubChem,76319005,
O=C1CC2(CCN(C(=O)NC3CC3c3ccccc3)CC2)Oc2cccnc21,0,OORIVESIQGRNJV-UHFFFAOYSA-N,OORIVESIQGRNJV,CUPID,CUPID,
CC(CC(=O)O)c1cccc(-n2c(C(N)=O)cc3ccc(OC(F)(F)F)cc32)n1,0,FWKHYTJUMWATOO-UHFFFAOYSA-N,FWKHYTJUMWATOO,CUPID,CUPID,
O=C1CC(c2ccc(O)cc2)Oc2cc(O)cc(O)c21,0,FTVWIRXFELQLPI-UHFFFAOYSA-N,FTVWIRXFELQLPI,CUPID,CUPID,
CC1=C2C(=NN=C(C2=C(N1C3=CC=C(C=C3)OC)C)C)C,1,ADXDGQYAKPLVKS-UHFFFAOYSA-N,ADXDGQYAKPLVKS,PubChem,715491,14980685
C1=C(C=C2C(=C1C(F)(F)F)N=C(N2)CCN)C(F)(F)F,0,ZAZIFMFMKQRWEX-UHFFFAOYSA-N,ZAZIFMFMKQRWEX,PubChem,60194671,
CCOC(=O)c1c(C)nc2nc3c(c(N)c2c1-c1cccc([N+](=O)[O-])c1)CCCC3,0,YCHHFZRJBHOKQX-UHFFFAOYSA-N,YCHHFZRJBHOKQX,data_cav_dev,,44445180
CCOC(=O)C1=C(C)NC(C)=C(C(=O)OCC)C1c1cccc(Oc2ccccc2)c1,1,RUIMACCKBISKJH-UHFFFAOYSA-N,RUIMACCKBISKJH,data_cav_dev,CHEMBL1814699,
CCOC1=CC(=C(C=C1)N2C(=C3C(=NN=C(C3=C2C)C)C)C)OCC,1,KREUAENSMMZDHJ-UHFFFAOYSA-N,KREUAENSMMZDHJ,PubChem,49823661,15080973
CCOC(=O)C1=C(NC(=S)N(C1C2=CC(=CC=C2)Cl)C(=O)OCC)C,1,XQGXVIAIILXRFC-UHFFFAOYSA-N,XQGXVIAIILXRFC,PubChem,14788033,2391701
CC1([C@H]2CC3=C(C1(CCN2CCOCC4=CC=CC=C4)C)C=CC=C3O)C,1,LTDBLGLPNBHRHX-LETIRJCYSA-N,LTDBLGLPNBHRHX,PubChem,44348474,12166948
CC(C)N1C(=O)[C@H](NC(=O)[C@@H](Cc2cc(F)ccc2F)NC(=O)OC(C)(C)C)CCc2ccccc21,1,HEMMPJBFWMJXLO-FGZHOGPDSA-N,HEMMPJBFWMJXLO,data_cav_dev,CHEMBL248195,
CCOC(=O)C1=C(NC(=C(C1C2=C(ON=C2C3=CC=CC=C3Br)C)C(=O)OCC)C)C,1,SAFUGOIRFHJACA-UHFFFAOYSA-N,SAFUGOIRFHJACA,PubChem,137658891,28434782
CCOC(=O)C1=C(C)NC(C)=C(C(=O)OCC)C1c1ccc(N(C)C)cc1,1,OYGFPPGBFFWFDL-UHFFFAOYSA-N,OYGFPPGBFFWFDL,data_cav_dev,CHEMBL2063815,
CC1=CC=CC=C1C(=O)N2CCC(C(C2)OC3=NC4=CC=CC=C4C=C3)(F)F,1,OBZPQPZHWIEXBQ-UHFFFAOYSA-N,OBZPQPZHWIEXBQ,PubChem,77105013,27818110
CN(CC1=NC2=C(C=C(C=C2N1)C(F)(F)F)C(F)(F)F)C(=O)N,0,SWBSIESMYBZAHT-UHFFFAOYSA-N,SWBSIESMYBZAHT,PubChem,88924709,
Cl.O=C(O)C1CN(C(c2ccccc2)c2ccccc2)CCN1C(=O)CC(c1ccccc1)c1ccccc1,0,HYQGWLLAKFRPTI-UHFFFAOYSA-N,HYQGWLLAKFRPTI,data_cav_dev,CHEMBL3982680,
O=C(NC1CC1c1ccccc1)N1CCC(n2ccnn2)CC1,0,DIBROLGRIJOMRQ-UHFFFAOYSA-N,DIBROLGRIJOMRQ,CUPID,CUPID,
CN(CCCC1=NC2=CC=CC=C2N1)CC[C@]3(C[C@@H]4CC[C@H]3C5=CC=CC=C45)OC,1,WJZQMTNKCMFTFN-NDIWIEOSSA-N,WJZQMTNKCMFTFN,PubChem,67449145,26231163
CC[C@@H]1CN2CC[C@]3(C(=NC4=CC=CC(=C43)C5=COC=C5)[C@@H]2C[C@@H]1/C(=C\OC)/C(=O)OC)O,1,XLDZPTJGCMJSBF-BHKYNAABSA-N,XLDZPTJGCMJSBF,PubChem,163321287,34505767
CCOC(=O)c1c(C)nc2nc3c(c(N)c2c1-c1ccc(F)cc1)CCCCC3,0,FAGLJGFRSMDZBW-UHFFFAOYSA-N,FAGLJGFRSMDZBW,data_cav_dev,CHEMBL252578,
CC(C)(C)CC(=O)NCC1=NC2=C(C=C(C=C2N1)C(F)(F)F)C(F)(F)F,1,IHCOWBAVDLXTHF-UHFFFAOYSA-N,IHCOWBAVDLXTHF,PubChem,60194292,
c1ccc(Cn2cc(CN3CCCCC3)c3ccccc32)cc1,0,DHUHBNOOKNHICC-UHFFFAOYSA-N,DHUHBNOOKNHICC,data_cav_dev,CHEMBL4285098,
CC1CCC(n2c(=O)cc(O)n(CCc3cccc(Cl)c3)c2=O)C1C,0,MIEAELCECWDDHK-UHFFFAOYSA-N,MIEAELCECWDDHK,CUPID,CUPID,
CCCCNCC1=CC=C2N1C3=CC=CC=C3SC2C4=CC=C(C=C4)OC,1,PUWXQZSJEIFLDW-UHFFFAOYSA-N,PUWXQZSJEIFLDW,PubChem,44358383,7473567
C[C@@H]1CN([C@@H](CN1)CCCCO[Si](C)(C)C(C)(C)C)CC2=CC=CC=C2,1,RHCSBPWMBOFIJC-TZIWHRDSSA-N,RHCSBPWMBOFIJC,PubChem,71625082,23639535
CN1CCC2=CC(=C(C=C2C1CC3=CC=C(C=C3)OC)OCC4=CC=CC=C4)OC,1,PVPYOIXVULOLHG-UHFFFAOYSA-N,PVPYOIXVULOLHG,PubChem,21815507,12880313
O=c1cc(O)n(CCc2cccc(Cl)c2)c(=O)n1CC1CCCO1,0,ZFPRJFDNGXCTGM-UHFFFAOYSA-N,ZFPRJFDNGXCTGM,CUPID,CUPID,
CC1=CC(=CC=C1)C2C(=C(NC(=C2C(=O)OC/C=C/C3=CC=CC=C3)C)C)C(=O)O,1,VOGQHQOJULPFEL-XYOKQWHBSA-N,VOGQHQOJULPFEL,PubChem,22949296,16309909
CCOC(=O)C1=C(C)NC(C)=C(C(=O)OCC)C1c1ccc(C)cc1,1,YSDNGJONQCXVPU-UHFFFAOYSA-N,YSDNGJONQCXVPU,data_cav_dev,CHEMBL1977154,
O=C(O)c1ccc(-c2noc(C3CCN(C(=O)NC4CC4c4ccccc4)CC3)n2)cc1,0,ACXQPBJHXILGLA-UHFFFAOYSA-N,ACXQPBJHXILGLA,CUPID,CUPID,
C#CCN1C2C3C4CC5C3C1(C6C5C4C62)O,0,YYWNSTKWZKEJAS-UHFFFAOYSA-N,YYWNSTKWZKEJAS,PubChem,90676848,30503945
Cc1noc(C2CCN(C(=O)NC3CC3c3ccccc3)CC2)n1,0,QTDLNCWVZXZPRJ-UHFFFAOYSA-N,QTDLNCWVZXZPRJ,CUPID,CUPID,
CCC(C)(C)C(=O)O[C@H]1C[C@H](C=C2[C@H]1[C@H]([C@H](C=C2)C)CC[C@H](C[C@H](CC(=O)O)O)O)C,1,XWLXKKNPFMNSFA-HGQWONQESA-N,XWLXKKNPFMNSFA,PubChem,64718,
C1CNCCC1CC2=NC3=C(N2)C=C(C(=C3)C(F)(F)F)C(F)(F)F,0,PPGLGDOYYIVJOH-UHFFFAOYSA-N,PPGLGDOYYIVJOH,PubChem,90256466,
CC1(C(=O)O)CCC(C)(c2nc(-c3ccc(C(=O)Nc4cc(C(F)(F)F)ccn4)cc3)c3c(N)nccn23)CC1,0,KTQAEYIAPRUAEC-UHFFFAOYSA-N,KTQAEYIAPRUAEC,CUPID,CUPID,
CCOC(=O)C1=C(NC(=C(C1C2=C(C(=CC=C2)Cl)Cl)C#N)C)CS(=O)(=O)C3=CC=NC=C3,1,QOUHLZUYXQDRTB-UHFFFAOYSA-N,QOUHLZUYXQDRTB,PubChem,15050334,2066997
CCOC(=O)C1=C(C)Nc2nc3c(c(N)c2C1c1ccc(F)cc1)CCCC3,1,RDDFBAPIHCKOCC-UHFFFAOYSA-N,RDDFBAPIHCKOCC,data_cav_dev,CHEMBL219172,
CCOC(=O)[C@H]1[C@H]2/C(=C(\O)OCC)C(C)=N[C@]1(C)Sc1ccc([N+](=O)[O-])cc12,1,GTQDBWCKNHFWKA-RAQPGAAPSA-N,GTQDBWCKNHFWKA,data_cav_dev,CHEMBL2110169,
C1C(=NN(C1(CCO)C2=CC=CC=C2)C(=O)NC3=CC=C(C=C3)F)C4=CC=CC=C4,1,VJJOJVPAQRYRQP-UHFFFAOYSA-N,VJJOJVPAQRYRQP,PubChem,134148112,27579577
ClCCCCn1cc(CN2CCCCC2)c2cc(Br)ccc21,0,CQFIMMBLQGFWDQ-UHFFFAOYSA-N,CQFIMMBLQGFWDQ,data_cav_dev,CHEMBL4536075,
CC1=C(C(C(=C(N1)C#N)C(=O)OC)C2=CC(=CC=C2)[N+](=O)[O-])C(=O)OC(C)C,1,FAIIFDPAEUKBEP-UHFFFAOYSA-N,FAIIFDPAEUKBEP,PubChem,4494,2552119
CCOC(=O)C1=C(C)N=C(C)/C(=C(/O)OCC)C1c1c(C)noc1CCc1ccc2ccccc2c1,1,UGDTYNSGMQYKGM-AZPGRJICSA-N,UGDTYNSGMQYKGM,data_cav_dev,CHEMBL317651,
CCOc1ccc(C2C(C(=O)OC)=C(C)NC(C)=C2C(=O)OC)cc1,1,HWRFYUDZFUBTQR-UHFFFAOYSA-N,HWRFYUDZFUBTQR,data_cav_dev,CHEMBL2063649,
CCOC(=O)C1=C(NC(=S)N(C1C2=C(C(=CC=C2)[N+](=O)[O-])Cl)C(=O)OCC)C,1,ATLXNZGPMCSQAI-UHFFFAOYSA-N,ATLXNZGPMCSQAI,PubChem,14788038,2391701
O=c1cc(-c2ccccc2)oc2cc(O)c(O)c(O)c12,0,FXNFHKRTJBSTCS-UHFFFAOYSA-N,FXNFHKRTJBSTCS,CUPID,CUPID,
CC[C@@H]1CN2CC[C@]3(C(=NC4=CC=CC(=C43)C5=CC=CC=C5)[C@@H]2C[C@@H]1/C(=C\OC)/C(=O)OC)O,1,JHHVJJUFEBUGJS-RHLYTPARSA-N,JHHVJJUFEBUGJS,PubChem,166634240,34505767
CCOC(=O)C1=C(NC(=S)N(C1C2=CC(=CC=C2)C(F)(F)F)C(=O)OCC)C,1,ZZMIGJLFGMAMOW-UHFFFAOYSA-N,ZZMIGJLFGMAMOW,PubChem,14788035,2391701
CCOC(=O)C1=C(NC(=C(C1C2=CC(=CC=C2)[N+](=O)[O-])C(=O)OCC)SCC)C,1,GODISNLWEDTPGJ-UHFFFAOYSA-N,GODISNLWEDTPGJ,PubChem,44284918,2391701
CC1=C(C(C(=C(N1)C)C(=O)OCC[N+](C)(C)C)C2=CC=CC=C2C(F)(F)F)C(=O)OC,1,RVAIAUUNPHNKKA-UHFFFAOYSA-O,RVAIAUUNPHNKKA,PubChem,44348350,8246246
CN(C)Cc1cn(Cc2ccccc2)c2ccc(Cl)cc12,0,KHHGWOOIUNVDOZ-UHFFFAOYSA-N,KHHGWOOIUNVDOZ,data_cav_dev,CHEMBL4286119,
C1CNC[C@H]([C@@H]1C2=CC=C(C=C2)F)COC3=CC4=C(C=C3)OCO4,1,AHOUBRCZNHFOSL-YOEHRIQHSA-N,AHOUBRCZNHFOSL,PubChem,43815,23812503
CC1=C(C(C(=C(N1)C)C(=O)OCC(C)C)C2=CC=CC(=C2)C#N)C(=O)OC,1,NCPRMXIKQLZUHQ-UHFFFAOYSA-N,NCPRMXIKQLZUHQ,PubChem,44334381,3339603
CCC(=O)N(c1ccccc1)C1(C(=O)OC)CCN(CCC(=O)OC)CC1,0,ZTVQQQVZCWLTDF-UHFFFAOYSA-N,ZTVQQQVZCWLTDF,CUPID,CUPID,
CCOC(=O)C1=C(NC(=S)N(C1C2=CC=CC=C2C(F)(F)F)C(=O)OCC)C,1,MVDUTUJNRHYLDC-UHFFFAOYSA-N,MVDUTUJNRHYLDC,PubChem,14788036,2391701
COc1cc(C2C(C(=O)OCc3ccccc3)=C(C)NC(C)=C2C(=O)OCc2ccccc2)ccc1O,1,PVMSCNTYPXJGEX-UHFFFAOYSA-N,PVMSCNTYPXJGEX,data_cav_dev,CHEMBL2063827,
COCCn1c(-c2cc(C)cc(C)c2)cc2cc(C(C)(C)C(=O)NC(C)(C)C)ccc21,1,SOEATSBOVKRGLH-UHFFFAOYSA-N,SOEATSBOVKRGLH,data_cav_dev,CHEMBL1643725,
CCOC1=CC(=C(C(=C1)C)N2C(=C3C(=NN=C(C3=C2C)C)C)C)C,1,WXRCOQGEZJBFAM-UHFFFAOYSA-N,WXRCOQGEZJBFAM,PubChem,10381545,15080973
CC1=C([C@@H](C(=C(N1)C)C(=O)OC(C)(C)C)C2=C(C=C(C=C2)F)Cl)C#N,1,MPFVEJCVRPLSQN-KRWDZBQOSA-N,MPFVEJCVRPLSQN,PubChem,46237977,20408553
O=c1cc(O)n(CCc2ccc(Cl)cc2)c(=O)n1C1CC2CCC1C2,0,YBBFSMQHDHLGIA-UHFFFAOYSA-N,YBBFSMQHDHLGIA,CUPID,CUPID,
CC(=O)OC1=C(SC2=CC=CC=C2N3C1=CC=C3)C4=CC=CC=C4,1,VTGMQPSNHKUDSJ-UHFFFAOYSA-N,VTGMQPSNHKUDSJ,PubChem,10314775,8709127
CS(=O)(=O)CC1=NC2=C(C=C(C=C2N1)C(F)(F)F)C(F)(F)F,0,GDLJOJNSYNJSPA-UHFFFAOYSA-N,GDLJOJNSYNJSPA,PubChem,60194328,
O=c1ccc2c(C(O)CNCCCCO)ccc(O)c2[nH]1,0,LAXUZKBMSNSUBP-UHFFFAOYSA-N,LAXUZKBMSNSUBP,CUPID,CUPID,
CC1=CC=C(C=C1)C2(CC(=NN2C(=O)NC3=CC=C(C=C3)F)C4=CC=CC=C4)CCN(C)C,1,HTVBTRMJTNKQJV-UHFFFAOYSA-N,HTVBTRMJTNKQJV,PubChem,134139055,27579577
O=C1c2cc(-c3ccc(OC(F)(F)F)cc3)ccc2OCCN1Cc1ncccn1,1,YNUAEEJQYHYLMS-UHFFFAOYSA-N,YNUAEEJQYHYLMS,data_cav_dev,CHEMBL3707392,
CS(=O)(=O)c1ccc(-c2cnc(N)c(-c3ccc(C(F)(F)F)nc3)c2)cc1,1,RTJQABCNNLMCJF-UHFFFAOYSA-N,RTJQABCNNLMCJF,data_cav_dev,CHEMBL2041980,
C[C@@H]1CN(S(=O)(=O)C2=CC=CC=C2O1)CC3=C(C=CC(=C3)[C@H](CC(=O)O)C4=CC5=C(C(=C4)OC)N(N=N5)C)C,0,ZDNGJXBUEQNFBQ-GCJKJVERSA-N,ZDNGJXBUEQNFBQ,PubChem,118170767,27031670
O=C(NC1CC1c1ccccc1)N1CCC(c2nc(-c3ccncc3)no2)CC1,0,BLVRDPUKIXDEBG-UHFFFAOYSA-N,BLVRDPUKIXDEBG,CUPID,CUPID,
CSC1=NC(c2cccc([N+](=O)[O-])c2)C2=C(COC2=O)N1,0,HTMAPZFSDVTDEX-UHFFFAOYSA-N,HTMAPZFSDVTDEX,data_cav_dev,,10335244
c1ccc(N2CCN(Cc3nc4ccccc4[nH]3)CC2)nc1,0,FRPJGTNLZNXQEX-UHFFFAOYSA-N,FRPJGTNLZNXQEX,data_cav_dev,CHEMBL440687,
CCOC(=O)C1=C(NC(=C(C1C2=C(C=CS2)SCC(=O)OC)C(=O)OCC=C)C)C,1,PNKKXSXCGSWZNE-UHFFFAOYSA-N,PNKKXSXCGSWZNE,PubChem,46227435,19880323
O=c1cc(O)n(CCc2cccc(Cl)c2)c(=O)n1C1CC2CCC1C2,0,YAGXNBHCULBCFD-UHFFFAOYSA-N,YAGXNBHCULBCFD,CUPID,CUPID,
CC1(C(=O)N(CCN1)CC2=NC3=CC(=C(C=C3N2CC(=O)NC(C)(C)C)Cl)Cl)C,0,LYSIIOAWFNIJGI-UHFFFAOYSA-N,LYSIIOAWFNIJGI,PubChem,90256593,
CCOC(=O)C1=C(NC(=C(C1C2=C(ON=C2C)CCC3=CC=CC=C3)C(=O)OCC)C)C,1,CABGYCJGEIGPFK-UHFFFAOYSA-N,CABGYCJGEIGPFK,PubChem,10694318,
C1CN(C(=O)CN1)CC2=NC3=C(C=C(C=C3N2)C(F)(F)F)C(F)(F)F,0,CHKKRJIGZFYYMI-UHFFFAOYSA-N,CHKKRJIGZFYYMI,PubChem,60194709,
CCOC(=O)C1=C(NC(=O)N(C1C2=CC(=CC=C2)[N+](=O)[O-])CCC(=O)N3C(=CC(=N3)C)C)C,0,UXQXJBPUNVVDMV-UHFFFAOYSA-N,UXQXJBPUNVVDMV,PubChem,137631919,28233679
COC1=CC=C(C=C1)C2=C(C3=CC=CN3C4=C(S2)C=CC(=C4)C(F)(F)F)OC(=O)C5=CC(=C(C(=C5)OC)OC)OC,0,KMJOFLMNVQIMCP-UHFFFAOYSA-N,KMJOFLMNVQIMCP,PubChem,11758001,8709127
CCCCCCCCOC(=O)C1=C(NC(=C(C1C2=CC=CC=C2C(F)(F)F)C(=O)OC)C)C,1,VTWLUKJUJHDRPR-UHFFFAOYSA-N,VTWLUKJUJHDRPR,PubChem,10004782,8246246
CC(C)N1C(=O)[C@H](NC(=O)[C@@H](Cc2ccccc2F)NC(=O)OC(C)(C)C)CCc2ccccc21,1,HXROZKYKRUBOCX-FGZHOGPDSA-N,HXROZKYKRUBOCX,data_cav_dev,CHEMBL445940,
COC(=O)C1=C(C)NC(C)=C(C(=O)OC)C1c1ccc(C(C)(C)C)cc1,1,RPAKOPLFCWVSOQ-UHFFFAOYSA-N,RPAKOPLFCWVSOQ,data_cav_dev,CHEMBL2063838,
CC1=C2C(C3=C(C(=CC=C3)[N+](=O)[O-])SCCCCCOC2=O)N=C(N1)SC,1,MWXLENXLHDCMRP-UHFFFAOYSA-N,MWXLENXLHDCMRP,PubChem,9931234,7837222
CCN(CC)CC(=O)N1CC(c2ccc(Cl)cc2)Sc2ccccc21,0,LAAWZJIRZCHDIM-UHFFFAOYSA-N,LAAWZJIRZCHDIM,CUPID,CUPID,
CCOC(=O)C1=C(NC(=C(C1C2=CC=CC=C2Cl)C#N)C)CS(=O)(=O)C3=CC=CC=C3,1,RERLOABBLWBJTM-UHFFFAOYSA-N,RERLOABBLWBJTM,PubChem,15050361,2066997
Cc1cc(C(=O)O)ccc1-c1ccc(N2C(=O)N(c3cnccn3)C3(CCN(Cc4ncccc4C)CC3)C2=O)cc1,0,YEMQCJMGXORROI-UHFFFAOYSA-N,YEMQCJMGXORROI,CUPID,CUPID,
Clc1ccc2c(c1)c(CN1CCCCC1)cn2Cc1ccccc1,0,ILHVTXWGCPHMGG-UHFFFAOYSA-N,ILHVTXWGCPHMGG,data_cav_dev,CHEMBL4293349,
CCOC(=O)[C@H]1[C@@H]2C3=C(C=CC(=C3)[N+](=O)[O-])S[C@]1(NC(=C2C(=O)OCC)C)C,1,XXSLHSFIBBYWOI-GPMSIDNRSA-N,XXSLHSFIBBYWOI,PubChem,13567333,2435904
Nc1nccn2c(C3CCCC(C(=O)O)C3)nc(-c3ccc(C(=O)Nc4cc(C(F)(F)F)ccn4)cc3)c12,0,RXTBDWMAPHSRCE-UHFFFAOYSA-N,RXTBDWMAPHSRCE,CUPID,CUPID,
CC(C)C[C@@H](C(=O)NCCCC(C1=CC=C(C=C1)F)C2=CC=C(C=C2)F)NC.Cl,1,WHSQHGGETBFMLM-FTBISJDPSA-N,WHSQHGGETBFMLM,PubChem,9823702,11000000
COC1=CC=C(C=C1)C2=C(C3=CC=CN3C4=C(S2)C=CC(=C4)Cl)OC(=O)C5=CC(=C(C(=C5)OC)OC)OC,0,QRNPDUGYKLKNTG-UHFFFAOYSA-N,QRNPDUGYKLKNTG,PubChem,10482662,8709127
CC(C)[C@H](C1=CC=C(C=C1)F)NC(=O)CC2CCN(CC2)CCC3=CC(=CC=C3)OC,1,SDZMKMVQGRVBRL-AREMUKBSSA-N,SDZMKMVQGRVBRL,PubChem,56931039,
CCOC1C=C(C(=O)O1)CC[C@]2(C/C=C\C=C(/C(=C)CC[C@@H]2C)\C(=O)O)C,1,OLKLUVCTWAEGQD-YVWHIFIASA-N,OLKLUVCTWAEGQD,PubChem,145983343,30049584
CC1=C(C(C(=C(N1)C)C(=O)OCC(C)C)C2=CC(=CC=C2)OC)C(=O)OC,1,MCPPFGYTUNWWSU-UHFFFAOYSA-N,MCPPFGYTUNWWSU,PubChem,44334390,3339603
O=c1c(-c2ccc(O)cc2)coc2cc(O)ccc12,0,ZQSIJRDFPHDXIC-UHFFFAOYSA-N,ZQSIJRDFPHDXIC,CUPID,CUPID,
C1C(N(N=C1C2=CC=C(C=C2)Br)C(=O)NCCC3=CC=CC=C3)C4=CC=C(C=C4)F,1,ZYBCDJSJGJAUAE-UHFFFAOYSA-N,ZYBCDJSJGJAUAE,PubChem,134138179,27579577
O=C(O)[C@@H](CC1CCC1)N1C[C@H](CN2CCC(c3cnc4ccc(Cl)cn34)CC2)[C@@H](c2cccc(F)c2)C1,1,SJUQOLPRDNYNQN-HUROMRQRSA-N,SJUQOLPRDNYNQN,data_cav_dev,,44401751
CN(CCC1=CC(=C(C=C1)OC)OC)CC2=CC=C3N2C4=CC=CC=C4SC3C5=CC=C(C=C5)OC,1,KIYASJXFIUZQLU-UHFFFAOYSA-N,KIYASJXFIUZQLU,PubChem,10767717,7473567
CNCC[C@@](C1=CC=CC2=CC=CC=C21)([C@H](C3=CC=CC=C3)C4=C(N=C5C=CC(=CC5=C4)Br)OC)O,1,GOBOQBZOZDRXCQ-BVRKHOPBSA-N,GOBOQBZOZDRXCQ,PubChem,58853307,35636648
CC1=C(C(C(=C(N1)C)C(=O)OCC(C)C)C2=CC(=CC=C2)C(F)(F)F)C(=O)OC,1,ZUTMFNQHNWIJHW-UHFFFAOYSA-N,ZUTMFNQHNWIJHW,PubChem,44334364,3339603
c1ccc(C2(c3ccccc3)CC2C2=NCCN2)cc1,0,IPOBOOXFSRWSHL-UHFFFAOYSA-N,IPOBOOXFSRWSHL,PubChem,CUPID,
CC1=C(C(C(=C(N1)C)C(=O)C2=CC=CC=C2)C3=CC(=CC=C3)OC4=CC=CC=C4)C(=O)C5=CC=CC=C5,1,UZLKVYWHZWCDNA-UHFFFAOYSA-N,UZLKVYWHZWCDNA,PubChem,10096882,
C1C[C@@H](NC1)C2=NC3=C(C=C(C=C3N2)C(F)(F)F)C(F)(F)F,0,ZZFFEBMPCOCBFI-MRVPVSSYSA-N,ZZFFEBMPCOCBFI,PubChem,88924760,
COC(=O)C1=C(C)N=C(C)C(C(=O)OC)C1c1ccc(-c2cc(=O)cc(C)o2)cc1,0,ZQTZBRRRPCPFPD-UHFFFAOYSA-N,ZQTZBRRRPCPFPD,CUPID,CUPID,
CC(C)(CN(C1=CC(=C(C=C1F)F)Cl)C2=CN=C(C(=N2)OC)C(=O)[C@H]3C[C@@H]3C(=O)O)F,0,RVMWIVNHZMXEHS-UWVGGRQHSA-N,RVMWIVNHZMXEHS,PubChem,122670110,31415176
CC1(CN2Cc3nc(-c4ccc(F)cc4)sc3C2)Cn2cc([N+](=O)[O-])nc2O1,0,QBSDZSVXFHUEOG-UHFFFAOYSA-N,QBSDZSVXFHUEOG,CUPID,CUPID,
O=C(NC1CCc2ccccc2C1)N1CCC(c2nc(-c3ccccn3)no2)CC1,0,BYFSZZCFOSXKJG-UHFFFAOYSA-N,BYFSZZCFOSXKJG,CUPID,CUPID,
CC1=C(C(C(=C(N1)C)C(=O)OC)C2=CC=CC=C2Cl)C(=O)OC,1,REIGLQUFMMOAFU-UHFFFAOYSA-N,REIGLQUFMMOAFU,PubChem,737062,2834556
Nc1ccc(C/N=C2/C3C4CC5C6C4C2C6C2(OCCO2)C53)cc1,1,KGMCVOGBZQPRMQ-QOCHGBHMSA-N,KGMCVOGBZQPRMQ,data_cav_dev,CHEMBL4474332,
Cc1cc(=O)c2c(F)cncc2n1-c1c(Cl)cc(C#N)cc1Cl,0,MLKRCEWWRVAFRU-UHFFFAOYSA-N,MLKRCEWWRVAFRU,CUPID,CUPID,
Nc1nc2c(s1)CCC2C(=O)Nc1ccc(CC2CCC(C(O)c3ccccc3)N2)cc1,0,OKIOQHRDFOXEBF-UHFFFAOYSA-N,OKIOQHRDFOXEBF,CUPID,CUPID,
Cc1c(C(O)CN2CCC3(CC2)CCN(c2ccc(=O)n(C)n2)C3=O)ccc2c1COC2=O,0,AEQJLXICIKRMCT-UHFFFAOYSA-N,AEQJLXICIKRMCT,CUPID,CUPID,
C=CCOC(=O)C1=C(C)NC(C)=C(C(=O)OCC=C)C1c1ccccc1Cl,1,SYYNUDGYESJITC-UHFFFAOYSA-N,SYYNUDGYESJITC,data_cav_dev,CHEMBL2063851,
CO/C(O)=C1\C(C)=NC(C)=C(C(=O)OCC(C)C)C1c1cccc(C#N)c1,1,UHFNTHXCIOXLFJ-LVZFUZTISA-N,UHFNTHXCIOXLFJ,data_cav_dev,CHEMBL317044,
CC(=O)O[C@H]1[C@H](SC2=C(C=C(C=C2)C(F)(F)F)N3C1=CC=C3CN(C)C)C4=CC=C(C=C4)OC,0,CHQAHVVWAOKDEA-DNQXCXABSA-N,CHQAHVVWAOKDEA,PubChem,10743667,8709127
CCN1CCC(CC(NC(=O)c2ccc([N+](=O)[O-])cc2)c2ccc(F)cc2)CC1,0,STSQHGMNQPXBLZ-UHFFFAOYSA-N,STSQHGMNQPXBLZ,CUPID,CUPID,
CC(C)[C@H]1C2=C(C=C(C=C2)F)[C@H](C[C@@]1(CCN(C)CCCC3=NC4=CC=CC=C4N3)OC(=O)C(C)C)O,1,ITXUJDTVHQVSLI-BTIIJPOSSA-N,ITXUJDTVHQVSLI,PubChem,122187211,26231163
CCO/C(O)=C1\C(C)=NC(=S)N(C(=O)N(C)C)C1c1cccc([N+](=O)[O-])c1,1,RGUQEIQNPDMTLR-FYWRMAATSA-N,RGUQEIQNPDMTLR,data_cav_dev,CHEMBL88449,
CCOC(=O)C1=C(NC(=C(C1C2=CC=CC=C2C(F)(F)F)C#N)C)CS(=O)(=O)C3=CC=C(C=C3)OC,1,VNGJDDREEZJVAQ-UHFFFAOYSA-N,VNGJDDREEZJVAQ,PubChem,15050369,2066997
C1CN(CCC1(C2=CC=C(C=C2)Cl)O)CCCC(=O)C3=CC=C(C=C3)F,1,LNEPOXFFQSENCJ-UHFFFAOYSA-N,LNEPOXFFQSENCJ,PubChem,3559,23812503
CCOC(=O)C1=C(NC(=C(C1C2=CC=CC=C2C(F)(F)F)C#N)C)CS(=O)C3=CC=C(C=C3)OC,1,KSCPPGOYQPYVOP-UHFFFAOYSA-N,KSCPPGOYQPYVOP,PubChem,15050368,2066997
CC(CC1=CC=CC=C1)NCCC(C2=CC=CC=C2)C3=CC=CC=C3,1,IFFPICMESYHZPQ-UHFFFAOYSA-N,IFFPICMESYHZPQ,PubChem,9801,
O=C(NC1CC1c1ccccc1)N1CCC(c2ncon2)CC1,0,VWTOOZUTLQWOPP-UHFFFAOYSA-N,VWTOOZUTLQWOPP,CUPID,CUPID,
CC1(C(=O)N(CCN1)CC2=CC3=CC(=C(C=C3N2CC(C)(C)O)Cl)Cl)C,0,CEFDDJBZQDJAFE-UHFFFAOYSA-N,CEFDDJBZQDJAFE,PubChem,118581867,
COCc1nc2cnc3cc(-c4c(C)noc4C)c(OCC4CCNC4)cc3c2n1C(C)c1ccccc1,0,ZORLJXWXFABTPZ-UHFFFAOYSA-N,ZORLJXWXFABTPZ,CUPID,CUPID,
COC(=O)C1C(C(C)C)=NC(=O)N(C(=O)C(C)C)C1c1cccc([N+](=O)[O-])c1,0,VYHDHXISGGLZIZ-UHFFFAOYSA-N,VYHDHXISGGLZIZ,CUPID,CUPID,
Cn1nc(C(=O)O)cc1COc1cccc(C(NC(=O)OC2CN3CCC2CC3)c2ccccc2)c1,0,MNOKODMLZOKTKP-UHFFFAOYSA-N,MNOKODMLZOKTKP,CUPID,CUPID,
COC1=CC=C(C=C1)[C@@]2(CC(=NN2C(=O)NC3=CC=C(C=C3)Br)C4=CN=CC=C4)CCO,1,FKUVJZGPXYCCEB-DEOSSOPVSA-N,FKUVJZGPXYCCEB,PubChem,134141633,27579577
CC1=C(C(C(=C(N1)C)C(=O)OC)C2=C(C=C(C=C2)[N+](=O)[O-])Cl)C(=O)OC,1,BFTOERDJDKTEKN-UHFFFAOYSA-N,BFTOERDJDKTEKN,PubChem,44384597,2834556
CNc1nc(C)nc(N2CCC(C(=O)NCc3ccc(Br)cc3OC(F)(F)F)CC2)n1,1,PVTFEAGMCGMRRS-UHFFFAOYSA-N,PVTFEAGMCGMRRS,data_cav_dev,,25261456
Oc1[nH]c(O)c2c1C1c3ccccc3C2c2cc(Cl)ccc21,0,FWXCQDSSMDSCPN-UHFFFAOYSA-N,FWXCQDSSMDSCPN,CUPID,CUPID,
CCN1C2=C3C=C(NC3=NC=C2CN(C1=O)C4=C(C(=CC(=C4F)OC)OC)F)CN5CCOCC5,0,HCDMJFOHIXMBOV-UHFFFAOYSA-N,HCDMJFOHIXMBOV,PubChem,86705695,34269576
O=C(O)C[C@]1(CC(F)(F)F)CCc2cc(-c3cnc(NC(=O)Nc4ccc(F)c(F)c4)cn3)ccc2C1=O,1,OTKTZEZTFCAULO-DEOSSOPVSA-N,OTKTZEZTFCAULO,data_cav_dev,,137628648
O=c1cc(O)n(C2CC3CCC2C3)c(=O)n1CCc1ccc(Cl)cc1,0,VBAXUJXTNNIDQS-UHFFFAOYSA-N,VBAXUJXTNNIDQS,CUPID,CUPID,
CCOC(=O)C1=C(NC(=C(C1C2=C(C=CS2)C)C(=O)OCC=C)C)C,1,BRFYXZLTDNTAOY-UHFFFAOYSA-N,BRFYXZLTDNTAOY,PubChem,46227426,19880323
CC1=C(C(C(=C(N1)C)C(=O)OCC2CCCO2)C3=CC=CC=C3[N+](=O)[O-])C(=O)OC,1,GGVUNNUOJDGCBK-UHFFFAOYSA-N,GGVUNNUOJDGCBK,PubChem,65988,7636844
C1CN(CCC1NC(=O)OCCC2=CC=C(C=C2)C#N)CCCC(C3=CC=C(C=C3)F)C4=CC=C(C=C4)F,1,GALCSZPFCCZIBC-UHFFFAOYSA-N,GALCSZPFCCZIBC,PubChem,11005810,11585444
CCOC(=O)C1=C(C)N=C(C)C(C(=O)OCCc2ccccc2)C1c1csc(-c2ccc(Cl)cc2)n1,0,UVWACLDOUSMHDF-UHFFFAOYSA-N,UVWACLDOUSMHDF,CUPID,CUPID,
CCOC(=O)C1=C(C)NC(C)=C(C(=O)OCC)C1c1ccc(OCCCN2CCCC2)c(OCC)c1,0,LKLNMXOBAGRYCK-UHFFFAOYSA-N,LKLNMXOBAGRYCK,data_cav_dev,CHEMBL4473509,
CCOC(=O)[C@H]1[C@H]2/C(=C(\O)OCC)C(C)=N[C@]1(C)Sc1ccccc12,1,SZFUOECQXGHHAE-RAQPGAAPSA-N,SZFUOECQXGHHAE,data_cav_dev,CHEMBL2110170,
CCn1cc(C2(c3nn(C)c(=O)o3)NC(c3nc(-c4ccc(F)cn4)c[nH]3)Cc3c2[nH]c2ccccc32)cn1,0,RETOYYSEVCBIRN-UHFFFAOYSA-N,RETOYYSEVCBIRN,CUPID,CUPID,
CC(=O)OC1(C2=CC=CN2C3=CC=CC=C3S1)C4=CC=CC=C4,1,ZAVWAMPVCLQRKU-UHFFFAOYSA-N,ZAVWAMPVCLQRKU,PubChem,10687235,7473567
CCc1c2c(n(C)c1CC)CCC/C2=N\OC(=O)Nc1ccccc1,0,IPBYCCUTXNVVAE-CJLVFECKSA-N,IPBYCCUTXNVVAE,data_cav_dev,CHEMBL216281,
C1C(=NN(C1(CO)C2=CC=C(C=C2)F)C(=O)NC3=CC=C(C=C3)F)C4=CC=CC=C4,1,TWFRJVDERSSRTP-UHFFFAOYSA-N,TWFRJVDERSSRTP,PubChem,134147928,27579577
O=c1c(O)c(-c2ccc(O)cc2)oc2cc(O)ccc12,0,OBWHQJYOOCRPST-UHFFFAOYSA-N,OBWHQJYOOCRPST,CUPID,CUPID,
CCOC(=O)C1=C(C)Nc2nc3c(c(N)c2C1c1cccc(OC)c1)CCCC3,1,SCKWNQRIZNNYFA-UHFFFAOYSA-N,SCKWNQRIZNNYFA,data_cav_dev,CHEMBL218940,
CCCC[C@@H]1C[C@@]([C@H](C2=C1C=C(C=C2)F)C(C)C)(CCN(C)CCCC3=NC4=CC=CC=C4N3)OC(=O)COC,1,YRBFVPQLCITKOD-JQTYSHOSSA-N,YRBFVPQLCITKOD,PubChem,122187855,26231163
C1CN(CCN1C(C2=CC=CC=C2)C3=C(C=C(C=C3)Cl)Cl)C(=O)NC(C4=CC=CC=C4)C5=CC=CC=C5,1,DZQFEEZEXZOLKF-UHFFFAOYSA-N,DZQFEEZEXZOLKF,PubChem,11649438,20117000
CC1=CC(=CC(=C1)COCC(C(C2=CC=CC=C2)C3=CC=CC=C3)NCC(=O)N)C,1,PEMJJXJCZVQVTB-UHFFFAOYSA-N,PEMJJXJCZVQVTB,PubChem,44299273,
CC1=C(C(N=C(N1)SC)C2=CC(=CC=C2)[N+](=O)[O-])C(=O)OC(C)C,1,YUORQZNVVXGLHT-UHFFFAOYSA-N,YUORQZNVVXGLHT,PubChem,2853727,2329573
CCOC(=O)C1=C(C)Nc2nc3c(c(N)c2C1c1ccccc1)CCCC3,1,POYFPBLOVRVCKS-UHFFFAOYSA-N,POYFPBLOVRVCKS,data_cav_dev,CHEMBL218939,
CC1=CC(=C(C=C1)CN2CCC(CC2)N3C4=CC=CC=C4NC3=O)Cl,1,KTQASNDGWLUTPN-UHFFFAOYSA-N,KTQASNDGWLUTPN,PubChem,44342270,11585444
CCOC(=O)C1=C(NC(=C(C1C2=C(ON=C2C3=CC=CC=C3)CCC4=CC(=CC=C4)OC)C(=O)OCC)C)C,1,ZOYGTTVHKCVCDZ-UHFFFAOYSA-N,ZOYGTTVHKCVCDZ,PubChem,44335619,10447952
CC(=O)OC1C(CC2=C(C=CC=C2N(C1=O)CCN(C)C)C(F)(F)F)C3=CC=C(C=C3)OC,1,GZJHZWDNNABIOE-UHFFFAOYSA-N,GZJHZWDNNABIOE,PubChem,10367173,1542102
Cc1cccc(Nc2ccc(-c3ccc(N4CCNCC4)nc3)cc2)n1,0,NVWQTSFYXZCHPE-UHFFFAOYSA-N,NVWQTSFYXZCHPE,CUPID,CUPID,
CCOC(=O)[C@H]\1[C@@H](C(=C(N/C1=C\C(=O)C2=CC=CC=C2)C)C(=O)OCC)C3=CC=CC=C3[N+](=O)[O-],1,QCQDXJKPUKSLKW-MWZVMIFESA-N,QCQDXJKPUKSLKW,PubChem,44290236,2840504
C1CN(CCC12C(=O)NCN2C3=CC=CC=C3)CC4=CC(=CC=C4)OC5=CC=CC=C5,1,SKVXOYIMICHFPV-UHFFFAOYSA-N,SKVXOYIMICHFPV,PubChem,11811722,11585444
CC1=C(C(N=C(N1)SC)C2=C(C=CC(=C2)[N+](=O)[O-])SC)C(=O)OC,1,ZEHBIHWWQHGKFZ-UHFFFAOYSA-N,ZEHBIHWWQHGKFZ,PubChem,44459191,7837222
CC1=CC=C(C=C1)C2(CC(=NN2C(=O)NC3=CC=C(C=C3)F)C4=CC=CC=C4)CCN5CCN(CC5)C,1,JHWPILZYDOQKHY-UHFFFAOYSA-N,JHWPILZYDOQKHY,PubChem,134136300,27579577
CC(C)N1C(=O)[C@H](NC(=O)[C@@H](Cc2c(F)cccc2F)NC(=O)OC(C)(C)C)CCc2ccccc21,1,YALMTJOCIGQSJL-FGZHOGPDSA-N,YALMTJOCIGQSJL,data_cav_dev,CHEMBL248196,
C[C@H]1CCC(=C)/C(=C\C=C/C[C@]1(C)CCC2=CC(OC2=O)O)/C(=O)O,1,DYQVUHJGPRMPQI-PNOCIDKFSA-N,DYQVUHJGPRMPQI,PubChem,145983045,30049584
CC(C)(C)NC(=O)CN1C2=C(C(=CC(=C2)Cl)Cl)N=C1CN3CCNCC3=O,0,PZCSKZOLWDWAQP-UHFFFAOYSA-N,PZCSKZOLWDWAQP,PubChem,90256636,
CCOC(=O)C1=C(NC(=C(C1C2=CC=CC=C2C(F)(F)F)C(=O)OCC)CS(=O)C3=CC=CC=N3)C,1,PHIPRDHQAWPAMB-UHFFFAOYSA-N,PHIPRDHQAWPAMB,PubChem,15050319,2066997
CCOC(=O)C1=C(NC(=C(C1C2=CC=CC=C2C(F)(F)F)C#N)C)CS(=O)(=O)C3=CC=NC=C3,1,ZUAWKQNJMCYABQ-UHFFFAOYSA-N,ZUAWKQNJMCYABQ,PubChem,129747,2066997
CC(C)(c1ccc(O)cc1)c1ccc(O)cc1,0,IISBACLAFKSPIT-UHFFFAOYSA-N,IISBACLAFKSPIT,CUPID,CUPID,
C1=CC(=C(N=C1)[C@H](C2=CC=C(C=C2)C(F)(F)F)NC(=O)C3=CNC(=O)C=C3)F,0,IJTSMWHYNKDXNG-INIZCTEOSA-N,IJTSMWHYNKDXNG,PubChem,71144348,30148953
CC1=C(C(C(=C(N1)C)C(=O)OC)C2=CC(=C(C=C2)OCC(=O)N3CCCC3)OC)C(=O)OC,1,FFEDGIOIQLKRPV-UHFFFAOYSA-N,FFEDGIOIQLKRPV,PubChem,76329837,
C1C(CN1)CC2=NC3=CC(=C(C=C3N2)Cl)Cl,0,OWKGTXXPAINCFQ-UHFFFAOYSA-N,OWKGTXXPAINCFQ,PubChem,60194130,
CC(C)N1C2=CC=CC=C2CC[C@@H](C1=O)NC(=O)[C@@H](CC3=CC=CC=C3OC(F)(F)F)NC(=O)OC(C)(C)C,1,JDORNNHHHQXMCA-LEWJYISDSA-N,JDORNNHHHQXMCA,PubChem,44442675,17588748
CC1=CC=CC=C1NC(=O)C2=C(NC3=C(C2C4=CC=CO4)C(=O)CCC3)C,0,HIWQJAGWEWRIIP-UHFFFAOYSA-N,HIWQJAGWEWRIIP,PubChem,11646235,32141297
Cc1ccc(-c2cc(C(F)(F)F)nn2-c2ccc(S(N)(=O)=O)cc2)cc1,0,RZEKVGVHFLEQIL-UHFFFAOYSA-N,RZEKVGVHFLEQIL,CUPID,CUPID,
CCO/C(O)=C1\C(C)=NC(=S)N(C(=O)c2ccc(OC)cc2)C1c1cccc([N+](=O)[O-])c1,1,IDBHHAZJRAVAIA-DYTRJAOYSA-N,IDBHHAZJRAVAIA,data_cav_dev,CHEMBL315125,
CC(C)[C@]1(CC[C@@](C1)(C)C2=NC(=C3N2C=CN=C3N)C4=CC=C(C=C4)C(=O)NC5=NC=CC(=C5)C(F)(F)F)C(=O)O,1,DDAGGHIDQSHQBU-VSGBNLITSA-N,DDAGGHIDQSHQBU,PubChem,137655281,28254166
C#CCNCc1ccc(CNC2C3C4CC5C6C4C2C6C2(OCCO2)C53)cc1,1,CDUCNZJQCHSDNX-UHFFFAOYSA-N,CDUCNZJQCHSDNX,data_cav_dev,CHEMBL4452784,
CC(C)Oc1ccccc1-n1nc(OC2CCN(S(=O)(=O)C(C)C)CC2)cc1-c1ccc(Cl)cc1,1,RIAAESBLPRZGAK-UHFFFAOYSA-N,RIAAESBLPRZGAK,data_cav_dev,,73297181
COc1ccccc1-n1nc(OC2CCOCC2)cc1-c1ccc(Cl)cc1,1,NOCIOWGNSBLDHC-UHFFFAOYSA-N,NOCIOWGNSBLDHC,data_cav_dev,,73296550
CC1=C(C(C(=C(N1)C)C(=O)OC)C2=CC(=CC=C2)OCC(=O)N3CCCCC3)C(=O)OC,1,ZUUZXQDDVIFPLG-UHFFFAOYSA-N,ZUUZXQDDVIFPLG,PubChem,76308157,
CC1=CC=C(C=C1)C(C2=CC=CC=C2)N3CCN(CC3)C(=O)CC(C4=CC=CC=C4)C5=CC=CC=C5,1,PVJNWPXQHNFPOR-UHFFFAOYSA-N,PVJNWPXQHNFPOR,PubChem,10412639,20117000
COC(=O)C1=C(C)NC(C)=C(C(=O)OC)C1c1ccc(C(C)C)cc1,1,KIDDUMMFQDUTSG-UHFFFAOYSA-N,KIDDUMMFQDUTSG,data_cav_dev,CHEMBL2063650,
CC1=CC(=C(N1C2=CC=C(C=C2)C(=O)OC)C)C(=O)CSC3=CC=C(C=C3)NC(=O)C,0,BCNKQXDDMIBITO-UHFFFAOYSA-N,BCNKQXDDMIBITO,PubChem,4043841,
O=C(Nc1cccnn1)N1CCC(=Cc2cccc(Oc3ccc(C(F)(F)F)cn3)c2)CC1,0,BATCTBJIJJEPHM-UHFFFAOYSA-N,BATCTBJIJJEPHM,data_cav_dev,CHEMBL1651534,
O=c1cc(O)n(C2CC3CCC2C3)c(=O)n1CCc1cccc(C(F)(F)F)c1,0,XFUWJTSJQWZPMO-UHFFFAOYSA-N,XFUWJTSJQWZPMO,CUPID,CUPID,
CC1COc2c(N3CCC(C4(N)CC4)C3)c(F)cc3cc(C(=O)O)c(=O)n1c23,0,KUJKUYSIFHKKCZ-UHFFFAOYSA-N,KUJKUYSIFHKKCZ,CUPID,CUPID,
CC1=C(C(C(=C(N1)C)C(=O)OCC=C(C2=CC=CC=C2)C3=CC=CC=C3)C4=CC(=CC=C4)Cl)C(=O)O,1,GHTGCMXDVFVDMV-UHFFFAOYSA-N,GHTGCMXDVFVDMV,PubChem,22949273,16309909
CCOC(=O)C1=C(C)NC(C)=C(C(=O)OCC)C1c1cc(Cl)cc(Cl)c1OC,1,JFRVBEOKQQRMNM-UHFFFAOYSA-N,JFRVBEOKQQRMNM,data_cav_dev,CHEMBL2063634,
CC(C)C(=O)OC1CCCC1n1c(=O)cc(O)n(CCc2cccc(Cl)c2)c1=O,0,QTQJIGOTGPGTFB-UHFFFAOYSA-N,QTQJIGOTGPGTFB,CUPID,CUPID,
COc1ccc(C2NC(=S)Nc3nc4c(c(N)c32)CCCC4)cc1,1,RIXYCWGCLUQKNA-UHFFFAOYSA-N,RIXYCWGCLUQKNA,data_cav_dev,CHEMBL4176610,
CC(C)C(CNC(=O)C1CCN(CC1)CCC2=CC=CC=C2)C3=CC=C(C=C3)F,1,SVZKQJWWEIXTPO-UHFFFAOYSA-N,SVZKQJWWEIXTPO,PubChem,56930895,
NC(=O)c1ccccc1C(=O)N1CCC(N(C2CC2)S(=O)(=O)c2cccc(C(F)(F)F)c2)CC1,1,BFCKXECYNGKRHH-UHFFFAOYSA-N,BFCKXECYNGKRHH,data_cav_dev,CHEMBL2180899,
C1=C(C(=CC2=C1NC(=N2)CNC(=O)CN)C(F)(F)F)C(F)(F)F,0,HIBKAKWMRTWVTK-UHFFFAOYSA-N,HIBKAKWMRTWVTK,PubChem,60194166,
CCN1C=C(C2=C(C1=O)C=C(S2)C(=NC3CCS(=O)(=O)CC3)N)C4=CC(=CC=C4)C(F)(F)F,0,WRUWGLUCNBMGPS-UHFFFAOYSA-N,WRUWGLUCNBMGPS,PubChem,91668541,25856009
O=C(NC(c1ccccc1)c1ccccc1)N1CCN(C(c2ccccc2)c2cccc(Cl)c2)CC1,0,MTACWCHMAADIEZ-UHFFFAOYSA-N,MTACWCHMAADIEZ,data_cav_dev,CHEMBL597756,
CC1CCC(n2c(=O)cc(O)n(CCc3ccc(Cl)cc3)c2=O)C1,0,CFMHXFDPNZXJBD-UHFFFAOYSA-N,CFMHXFDPNZXJBD,CUPID,CUPID,
CC1=C(C(=O)OC(C)C)C(c2ccc(F)cc2)C(C(=O)OC(C)C)=C(C)N1,1,DXQVUVZRPUETIQ-UHFFFAOYSA-N,DXQVUVZRPUETIQ,data_cav_dev,CHEMBL2063831,
CCOC(=O)[C@@H]1[C@@H]2C3=CC=CC=C3S[C@]1(NC(=C2C(=O)OCC)C)C,1,JRQKDYLMCZBENZ-JTDSTZFVSA-N,JRQKDYLMCZBENZ,PubChem,70685148,2435904
CC1=C(C(C(=C(N1)C)C(=O)OC/C=C/C2=CC=CC=C2)C3=CC=CC=C3)C(=O)O,1,NWBCFEIUAZXUGN-FMIVXFBMSA-N,NWBCFEIUAZXUGN,PubChem,22949298,16309909
CSC1=NC(c2ccccc2SC)C2=C(COC2=O)N1,0,KVPJGGZFOPUJBF-UHFFFAOYSA-N,KVPJGGZFOPUJBF,data_cav_dev,,10357820
C1=CN=CC=C1CC2=NC3=C(C=C(C=C3N2)C(F)(F)F)C(F)(F)F,0,SQUXDJUFTGLLAN-UHFFFAOYSA-N,SQUXDJUFTGLLAN,PubChem,60194360,
C1CN(CCN1CC(=O)N(C2=CC=CC=C2)C3=CC=CC=C3)C(C4=CC=CC=C4)C5=CC=C(C=C5)Cl,1,CEXBUHRJNQKOBZ-UHFFFAOYSA-N,CEXBUHRJNQKOBZ,PubChem,11598465,20117000
CCn1c(-c2cnc(C)nc2)nc2c(-c3cnc4c(c3)C(C)(NCC(C)(C)F)C(=O)N4)ncnc21,0,YYXYTTPRFNUTKT-UHFFFAOYSA-N,YYXYTTPRFNUTKT,CUPID,CUPID,
CCCN(c1ccncc1)n1ccc2ccccc21,0,OTPPJICEBWOCKD-UHFFFAOYSA-N,OTPPJICEBWOCKD,CUPID,CUPID,
CC1(C(=O)N(CCN1)CC2=NC3=C(C=C(C=C3N2)C(F)(F)F)C(F)(F)F)C,0,JHUMLCFMVJMHDT-UHFFFAOYSA-N,JHUMLCFMVJMHDT,PubChem,90256517,
C1CC1N2CCN(CC2)C(=O)C3=CC=C(C=C3)CN4CCOCC4.Cl,0,MRTJHEDYFUFHHQ-UHFFFAOYSA-N,MRTJHEDYFUFHHQ,PubChem,122178130,25893048
CCOC1=CC=C(C=C1)N2C(=C3C(=NN=C(C3=C2C)NCC4=CC=CC(=N4)C)C)C,1,UDZIVMDKAUKZQF-UHFFFAOYSA-N,UDZIVMDKAUKZQF,PubChem,44407158,16321528
CC1(C(=O)N(CCN1)CC(=O)NC2=NC=C(C=C2)C(F)(F)F)C,0,HZZDSAZAPCPLFI-UHFFFAOYSA-N,HZZDSAZAPCPLFI,PubChem,90257373,
CC1=C(C(C(=C(N1)CS(=O)(=O)C2=CC=CC=C2)C(=O)OCC=C)C3=CC=CC=C3C(F)(F)F)C#N,1,JVXZGSVDWOTICD-UHFFFAOYSA-N,JVXZGSVDWOTICD,PubChem,15050387,2066997
CN1CCC2=CC(=C(C=C2C1CC3=CC=C(C=C3)OC)OC)OC,1,LZJWNVLTWYMMDJ-UHFFFAOYSA-N,LZJWNVLTWYMMDJ,PubChem,259676,12880313
Cc1ccc2c(c1)c(CN1CCCCC1)cn2CCCCCl,0,WALOOTYFCHTOHH-UHFFFAOYSA-N,WALOOTYFCHTOHH,data_cav_dev,CHEMBL4585850,
CC(C)(C)C1=CC(=CC(=C1O)C(C)(C)C)C2N(C(=O)CS2)CCCN(C)CC3CC3,1,UFVWGMRRQSXBLK-UHFFFAOYSA-N,UFVWGMRRQSXBLK,PubChem,10574773,9784106
CC(C)COCC(CN(CC1=CC=CC=C1)C2=CC=CC=C2)N3CCCC3,1,UIEATEWHFDRYRU-UHFFFAOYSA-N,UIEATEWHFDRYRU,PubChem,2351,23812503
CCCN1CCC2=CC(=C(C=C2C1CC3=CC=C(C=C3)OCC4=CC=CC=C4)OCC5=CC=CC=C5)OC,1,NYESNMHWIMDRIF-UHFFFAOYSA-N,NYESNMHWIMDRIF,PubChem,10885687,12880313
C[C@H]1COCCN1CCCOC2=CC3=C(C=C2)[C@@H](CN(C3)C)C4=CC=C(C=C4)OC,0,DIMAAAZZSSXDEH-DFBJGRDBSA-N,DIMAAAZZSSXDEH,PubChem,44439863,17127059
C1CN(CCN1CCCC(C2=CC=C(C=C2)F)C3=CC=C(C=C3)F)C(=O)OCCC4=CC=C(C=C4)C#N,1,JJKPSOUEWPDPFS-UHFFFAOYSA-N,JJKPSOUEWPDPFS,PubChem,10885636,11585444
CCOC(=O)C1=C(C)NC(C)=C(C(=O)OCC)C1c1ccccc1Cl,1,HQAADEKEJNBOLM-UHFFFAOYSA-N,HQAADEKEJNBOLM,data_cav_dev,CHEMBL2063821,
COc1ccccc1-n1nc(OC2CCN(CC(F)(F)F)CC2)cc1-c1ccc(Cl)cc1,1,MVUOEDQURQKALH-UHFFFAOYSA-N,MVUOEDQURQKALH,data_cav_dev,CHEMBL3896861,
CCOC(=O)C1=C(NC(=C(C1C2=CC=CC=C2Cl)C#N)C)CS(=O)(=O)C3=CC=NC=C3,1,NCXPQTWCIZGLIC-UHFFFAOYSA-N,NCXPQTWCIZGLIC,PubChem,15050371,2066997
CCOC(=O)C1=C(NC(=NC1C2=CC(=CC=C2)[N+](=O)[O-])N(C)C)C,1,BSVSYRPGGGZQDF-UHFFFAOYSA-N,BSVSYRPGGGZQDF,PubChem,118725279,2329573
CC1(C(=O)N(CCN1)CC(=O)NCC2=CN=C(C=C2)C(F)(F)F)C,0,LXPOHEDORNMHCL-UHFFFAOYSA-N,LXPOHEDORNMHCL,PubChem,90261877,
CCOCCN(C)CCCN1C(SCC1=O)C2=CC(=C(C(=C2)C(C)(C)C)O)C(C)(C)C,1,YTQSLBWDJWCDNE-UHFFFAOYSA-N,YTQSLBWDJWCDNE,PubChem,10599681,9784106
CCOC(=O)C1=C(C)NC(C)=C(C(=O)OCC)C1c1ccc(OCCN2CCCCC2)c(OC)c1,0,SVKVYOGDWRHZIJ-UHFFFAOYSA-N,SVKVYOGDWRHZIJ,data_cav_dev,CHEMBL4459907,
CS(=O)(=O)c1ccc(C2CC(c3ccccc3)=NN2C(=O)Nc2ccc(F)cc2)cc1,1,KXOBYPUBQLDKPN-UHFFFAOYSA-N,KXOBYPUBQLDKPN,data_cav_dev,CHEMBL3964030,
CCOC(=O)C1=C(C)NC(C)=C(C(=O)OCC)C1c1ccc(OCCCN2CCCCC2)c(OCC)c1,0,XYZQDRSCZKMDED-UHFFFAOYSA-N,XYZQDRSCZKMDED,data_cav_dev,CHEMBL4518949,
NC1(Cc2nc(-c3ccc(OC(F)(F)F)cc3)c[nH]2)COC1,1,QMSYRAZMYGWQJB-UHFFFAOYSA-N,QMSYRAZMYGWQJB,data_cav_dev,CHEMBL4096468,
CC(C)OC1=CC=CC=C1N2CCN(CC2)C[C@H](CNC(=O)C3=CC4=C(C=C3)C(=O)N(C4=O)C5=CC=C(C=C5)N(C)C)O,1,LQTJOPPTSIYEES-SANMLTNESA-N,LQTJOPPTSIYEES,PubChem,9894665,10841797
CC1=NC(=O)NC(c2cccc([N+](=O)[O-])c2)C1C(=O)OC(C)C,0,FDQDEAFGKVKTIA-UHFFFAOYSA-N,FDQDEAFGKVKTIA,CUPID,CUPID,
CCOC(=O)C1=C(C)NC(C)=C(C(=O)OCC)C1c1ccc(OCCCCCN2CCCC2)cc1,0,FMYWPHYXKMHHNZ-UHFFFAOYSA-N,FMYWPHYXKMHHNZ,data_cav_dev,,155544914
CC1=C(C(C(=C(N1)C)C(=O)OC/C=C/C2=CC=CC=C2)C3=CC(=CC=C3)Cl)C(=O)O,1,UPMLTVQZAYNSSM-JXMROGBWSA-N,UPMLTVQZAYNSSM,PubChem,22949278,18684623
N#Cc1ccc(S(=O)(=O)N2C[C@H](S(=O)(=O)c3ccc(Cl)cc3)[C@](O)(CO)C2)c(Cl)c1,1,TUADROHZTJLERW-ZWKOTPCHSA-N,TUADROHZTJLERW,data_cav_dev,,134374895
COc1ccccc1-n1nc(OC2CC(C)(C)C(=O)C(C)(C)C2)cc1-c1ccc(Cl)cc1,1,OSYITGFTDTWGJW-UHFFFAOYSA-N,OSYITGFTDTWGJW,data_cav_dev,CHEMBL3897303,
C1C2=C(NC(=O)N=C2N(C(=O)N1)C3=C(C=CC=C3Cl)Cl)C4=CC=CC=C4Cl,1,YTQLAJDGTJISOD-UHFFFAOYSA-N,YTQLAJDGTJISOD,PubChem,23647637,16750629
CCC(CC)(CNC(=O)C1CCN(CC1)CCC2=CC=CC=C2)C3=CC=C(C=C3)F,1,MUGFQXDDVHPGDF-UHFFFAOYSA-N,MUGFQXDDVHPGDF,PubChem,56658276,
CN(C)CCN1CCN(CC1)C2=NC(=C3CNC(=O)N(C3=N2)C4=C(C=CC=C4Cl)Cl)C5=CC=CC=C5Cl,1,WZAKHOAIQXFVJG-UHFFFAOYSA-N,WZAKHOAIQXFVJG,PubChem,23647641,16750629
CN(C)C1=CC=C(C=C1)NC2=NC(=NC3=C2CC(CC3)N)C4=CC=NC=C4,0,CKXSRLUXTFDZCF-UHFFFAOYSA-N,CKXSRLUXTFDZCF,PubChem,135150944,33079544
CCOC(=O)C1=C(NC(=O)N(C1C2=CC(=CC=C2)[N+](=O)[O-])CCC(=O)N/N=C\3/N(C(=CS3)C4=CC=C(C=C4)F)C5=CC=CC=C5)C,0,HDCITJQKOMHRBM-HIELXXDYSA-N,HDCITJQKOMHRBM,PubChem,137647592,28233679
COC1=CC=C(C=C1)C2C3=CC=C(N3C4=CC=CC=C4S2)CN5CCOCC5,1,ITLDTMVIVXQASZ-UHFFFAOYSA-N,ITLDTMVIVXQASZ,PubChem,10644234,7473567
CCCCn1cc(CN(C)C)c2cc(Cl)ccc21,0,DXTOEIHJCKFGCJ-UHFFFAOYSA-N,DXTOEIHJCKFGCJ,data_cav_dev,CHEMBL4282739,
COC(=O)C1=C(C)N=C(C)C(C(=O)OCC(C)C)C1c1csc(-c2ccc(Cl)cc2)n1,0,AOMKQNJFSMFMOU-UHFFFAOYSA-N,AOMKQNJFSMFMOU,CUPID,CUPID,
CCOC(=O)C1=C(NC(=S)N(C1C2=CC=CC=C2[N+](=O)[O-])C(=O)OCC)C,1,WGPOPQHZPACJGN-UHFFFAOYSA-N,WGPOPQHZPACJGN,PubChem,14788032,2391701
CCOC(=O)C1=C(C)NC(C)=C(C(=O)OCC)C1c1ccc(OCCCN2CCCC2)c(OC)c1,1,YVJIXGWXYCUNTA-UHFFFAOYSA-N,YVJIXGWXYCUNTA,data_cav_dev,CHEMBL4434809,
COc1ccsc1CNCCC1(c2ccccn2)CCOC2(CCCC2)C1,0,DMNOVGJWPASQDL-UHFFFAOYSA-N,DMNOVGJWPASQDL,CUPID,CUPID,
C=CCOC(=O)C1=C(C)NC(C)=C(C(=O)OCC=C)C1c1ccc(C(=O)OC)cc1,1,HBLQFJGTVNTQJT-UHFFFAOYSA-N,HBLQFJGTVNTQJT,data_cav_dev,CHEMBL2063850,
CC(C)(CC(=O)N1CC(C1)CC2=NC3=C(C=C(C=C3N2)C(F)(F)F)C(F)(F)F)N,0,RJOKSRUIVHIBFY-UHFFFAOYSA-N,RJOKSRUIVHIBFY,PubChem,60194251,
CC1=C(C(C(=C(N1)C)C(=O)OCN2C(=O)C3=CC=CC=C3S2(=O)=O)C4=CC=CC=C4[N+](=O)[O-])C(=O)OCCOC,1,BKWLKEXQSBMNIC-UHFFFAOYSA-N,BKWLKEXQSBMNIC,PubChem,15041245,1377748
CC1=C(C(C(=C(N1)C)C(=O)OC)C2=CC(=CC=C2)OCC(=O)OC)C(=O)OC,1,LGENXUGEIZHYQB-UHFFFAOYSA-N,LGENXUGEIZHYQB,PubChem,76333489,
Cc1cc(C)cc(-c2cc3cc(C(C)(C)C(=O)N(C)C)ccc3n2CC(C)O)c1,1,DSFRUNSNUAICKP-UHFFFAOYSA-N,DSFRUNSNUAICKP,data_cav_dev,CHEMBL1643714,
c1ccc(CNC23OC4C5C6CC(C7C6C4C72)C53)cc1,1,AVESFRBKERIICX-UHFFFAOYSA-N,AVESFRBKERIICX,data_cav_dev,CHEMBL391409,
C1CN(CCN1CC(=O)N(C2=CC=CC=C2)C3=CC=CC=C3)C(C4=CC=CC=C4)C5=CC=CC=C5Cl,1,ROOQZCIZDJRFFY-UHFFFAOYSA-N,ROOQZCIZDJRFFY,PubChem,11620220,20117000
C=CCOC(=O)C1=C(C)NC(C)=C(C(=O)OCC=C)C1c1cccc([N+](=O)[O-])c1,1,SWWQWPJRZSPMMQ-UHFFFAOYSA-N,SWWQWPJRZSPMMQ,data_cav_dev,CHEMBL2063832,
C[C@H](C1=CC=CC2=C1CNCC2)N3C4=C(C=C(C=C4)S(=O)(=O)NC5=NC=NS5)OC3=O,0,WPLZOHYVBARFAX-GFCCVEGCSA-N,WPLZOHYVBARFAX,PubChem,71556159,28465103
CCOC(=O)C1=C(C)N=C(C)C(C(=O)OCC)C1c1ccc(-c2cc(=O)cc(-c3ccccc3)o2)cc1,0,WBEJOECGUFQUIV-UHFFFAOYSA-N,WBEJOECGUFQUIV,CUPID,CUPID,
CCC1=C[C@@H]2[C@H](C1)C[C@@]2(CC3NC(=O)ON3)CN,1,WLHNTSTZHWNHAQ-SQNVCAFISA-N,WLHNTSTZHWNHAQ,PubChem,138404127,
C=CCOC(=O)C1=C(C)NC(C)=C(C(=O)OCC=C)C1c1ccc(OC)cc1,1,IDQIWPYGXKMQDT-UHFFFAOYSA-N,IDQIWPYGXKMQDT,data_cav_dev,CHEMBL2063956,
COc1ccc(S(=O)(=O)NCc2cc(CN3CCCC3)c(O)c(CN3CCCC3)c2)cc1,0,SYZGIWXQGIBJGN-UHFFFAOYSA-N,SYZGIWXQGIBJGN,CUPID,CUPID,
COC1=CC=C(C=C1)C2=NN([C@](C2)(CCO)C3=CN=CC=C3)C(=O)NC4=CC=C(C=C4)Cl,1,JFFRVODNJCCGPV-DEOSSOPVSA-N,JFFRVODNJCCGPV,PubChem,134150489,27579577
C1CN(CCC12C(=O)NCN2CC3=CN=CC=C3)CCNC(=O)C4=CC5=CC=CC=C5C=C4.C(=O)(C(F)(F)F)O.C(=O)(C(F)(F)F)O,0,GSNKSLMGWRDHJH-UHFFFAOYSA-N,GSNKSLMGWRDHJH,PubChem,73099363,
CCc1ccc2nc(N3CCC(N[C@H]4CCCC[C@@H]4O)CC3)c(-c3nc(C)no3)cc2c1,1,UPIGINOFGWONOH-GOTSBHOMSA-N,UPIGINOFGWONOH,data_cav_dev,CHEMBL4576339,
O=c1cc(CO)n(-c2c(Cl)cccc2Cl)c2c(Cl)cnc(OCC(O)CO)c12,0,DDDSGZFENQKDDY-UHFFFAOYSA-N,DDDSGZFENQKDDY,CUPID,CUPID,
CC(=O)N1CCN(CC1)C2=CC=C(C=C2)OCC3COC(O3)(CN4C=CN=C4)C5=C(C=C(C=C5)Cl)Cl,1,XMAYWYJOQHXEEK-UHFFFAOYSA-N,XMAYWYJOQHXEEK,PubChem,3823,
CC1=C(C(C(=C(N1)C(F)(F)F)C(=O)OCCC(C2=CC=CC=C2)C3=CC=CC=C3)C4=CC(=CC=C4)Cl)C(=O)O,1,CVCCPDLNTOSRRP-UHFFFAOYSA-N,CVCCPDLNTOSRRP,PubChem,11541311,18684623
CCOC(=O)N1C(=S)N=C(C)/C(=C(/O)OC)C1c1cccc([N+](=O)[O-])c1,1,OKGUKEIPHKTCKR-WYMLVPIESA-N,OKGUKEIPHKTCKR,data_cav_dev,CHEMBL88191,
CN(C)CC1=CC=C2N1C3=CC=CC=C3SC2(C4=CC=C(C=C4)OC)C5=CC=C(C=C5)OC,1,YQLDCIAVYIBEQO-UHFFFAOYSA-N,YQLDCIAVYIBEQO,PubChem,10575787,7473567
C1C(CN1)CC2=NC3=C(N2)C=C(C(=C3)C(F)(F)F)C(F)(F)F,1,PJBJXVCGIKTWBK-UHFFFAOYSA-N,PJBJXVCGIKTWBK,PubChem,90256675,
CNC(=O)c1c(-c2ccc(F)cc2)oc2cc(N(C)S(C)(=O)=O)c(-c3ccc4c(n3)-c3cc5c(F)cccc5n3CC4)cc12,0,MURUVADFDBVLDP-UHFFFAOYSA-N,MURUVADFDBVLDP,CUPID,CUPID,
CC(C)(C)NC(=O)NCCN1CCC(CO)(CNC(=O)c2cc(Cl)cc(Cl)c2)CC1,0,RAZOFRCGTLUGNK-UHFFFAOYSA-N,RAZOFRCGTLUGNK,CUPID,CUPID,
O[C@]12C=C(c3nccc4c3[nH]c3ccccc34)[C@@H]3CCN(CCCC/C=C\CC1)C[C@@]31C[C@@H]3/C=C\CCCCN3[C@@H]21,0,FUCSLKWLLSEMDQ-MKYGIPPKSA-N,FUCSLKWLLSEMDQ,data_cav_dev,CHEMBL403233,
CN1C2=C(C=C(C=C2)NC(=O)C3=CC=CC=C3C4=CC=C(C=C4)C(F)(F)F)C=C1C(=O)N[C@@H](C5=CC=CC=C5)C(=O)N(C)CC6=CC=CC=C6,0,TUOSYWCFRFNJBS-BHVANESWSA-N,TUOSYWCFRFNJBS,PubChem,9917862,17276061
CC1=C(C(=O)OC(C)C)C(c2ccc(C)cc2)C(C(=O)OC(C)C)=C(C)N1,1,VAAMGVDCKKKIJU-UHFFFAOYSA-N,VAAMGVDCKKKIJU,data_cav_dev,CHEMBL2063952,
CC1=C(C(C(=C(N1)CSC2=CC=CC=C2)C(=O)OC)C3=CC=CC=C3C(F)(F)F)C#N,1,DOUAPOQGVCSKAB-UHFFFAOYSA-N,DOUAPOQGVCSKAB,PubChem,15050391,2066997
CCCOC(C(=O)OC1CCN(C)CC1)(c1ccccc1)c1ccccc1,0,QPCVHQBVMYCJOM-UHFFFAOYSA-N,QPCVHQBVMYCJOM,CUPID,CUPID,
NC(CC(=O)N1CCn2c(nnc2C(F)(F)F)C1)Cc1cc(F)c(F)cc1F,0,MFFMDFFZMYYVKS-UHFFFAOYSA-N,MFFMDFFZMYYVKS,CUPID,CUPID,
C1CCCCCC(=NCCCCC1)N[C@H]2CCC[C@H]2C3=CC=CC=C3,1,RTRIXVOSRYRSBP-VXKWHMMOSA-N,RTRIXVOSRYRSBP,PubChem,6917817,
CC(C)(C)C1=CC(=CC(=C1O)C(C)(C)C)C2N(C(=O)CS2)CCCN(C)CC(COC3=CC=CC=C3)O,1,OIQRRPTWMZBNMA-UHFFFAOYSA-N,OIQRRPTWMZBNMA,PubChem,10744744,9784106
C1[C@H]2[C@@H]([C@H]2[C@@]([C@H]1F)(C(=O)O)N)C(=O)O,0,DIWVNJFXRKZAGI-FJNNMDBYSA-N,DIWVNJFXRKZAGI,PubChem,9815616,32698110
COc1cc(C#N)ccc1S(=O)(=O)Nc1ccc2c(c1)cc(C)c(=O)n2C,0,UEMQPCYDWCSVCU-UHFFFAOYSA-N,UEMQPCYDWCSVCU,data_cav_dev,CHEMBL3752151,
CC1=C(C(C(=C(N1)C)C(=O)OC)C2=CC(=CC=C2)OCC(=O)N3CCN(CC3)C)C(=O)OC,1,OOWKVRPAFXWENV-UHFFFAOYSA-N,OOWKVRPAFXWENV,PubChem,76333490,
CCOC(=O)C1=C(NC(=S)N(C1C2=C(C(=CC=C2)Cl)Cl)C(=O)OCC)C,1,UORNDJKBRZWDSE-UHFFFAOYSA-N,UORNDJKBRZWDSE,PubChem,14788037,2391701
O=C(CC(c1ccccc1)c1ccccc1)N1CCN(C(c2ccccc2)c2ccccc2)CC1,0,VCPMZDWBEWTGNW-UHFFFAOYSA-N,VCPMZDWBEWTGNW,data_cav_dev,CHEMBL604710,
C1=CC(=CN=C1)[C@H](CNCCC2=CC=C(C=C2)NS(=O)(=O)C3=CC=C(C=C3)C4=NC(=CS4)C5=CC=C(C=C5)C(F)(F)F)O,1,MSOUIIHPMJCUNI-LJAQVGFWSA-N,MSOUIIHPMJCUNI,PubChem,3038500,26709102
CCOC(=O)C1=C(NC(=C(C1C2=C(ON=C2C3=CC=C(C=C3)Br)C)C(=O)OCC4=CN(N=N4)CCC5=CC=CC=C5)C)C,1,KFBQDAJEXXORSH-UHFFFAOYSA-N,KFBQDAJEXXORSH,PubChem,137643183,28434782
CCOC(=O)N1C(=S)N=C(C)/C(=C(/O)OCC)C1c1cccc(Cl)c1,1,YFOFVZPUHCDYSB-FYWRMAATSA-N,YFOFVZPUHCDYSB,data_cav_dev,CHEMBL313446,
CC(C)[C@H](C1=CC=C(C=C1)F)NC(=O)CC2CCN(CC2)CCC3=C(C=CC=C3F)OCCOC,1,MKCOVCBIECOAPO-MUUNZHRXSA-N,MKCOVCBIECOAPO,PubChem,56931291,
CCOC(=O)C1=C(NC(=O)N(C1C2=CC(=CC=C2)[N+](=O)[O-])CCC(=O)NNC(=S)NC3=CC=CC=C3)C,0,PEJKSINMXNHPTQ-UHFFFAOYSA-N,PEJKSINMXNHPTQ,PubChem,137654095,28233679
O=C(NC1CCN(Cc2ccc3c(c2)OCO3)CC1)c1cc(=O)c2ccc(F)cc2o1,0,FVFURMJFTAJXRH-UHFFFAOYSA-N,FVFURMJFTAJXRH,data_cav_dev,CHEMBL214021,
CC1C(n2c(=O)cc(O)n(CCc3ccc(Cl)cc3)c2=O)CC2CC1C2(C)C,0,CBQVUEDFZOLHIN-UHFFFAOYSA-N,CBQVUEDFZOLHIN,CUPID,CUPID,
CC(=O)NCC1=NC2=C(C=C(C=C2N1)C(F)(F)F)C(F)(F)F,0,NJUDUDCBMSQQGO-UHFFFAOYSA-N,NJUDUDCBMSQQGO,PubChem,60194255,
O=C1c2c(O)ccc(O)c2C(=O)c2c(NCCNCCO)ccc(NCCNCCO)c21,0,KKZJGLLVHKMTCM-UHFFFAOYSA-N,KKZJGLLVHKMTCM,data_cav_dev,,4212
C1C(CN1C(=O)CN)CC2=NC3=C(C=C(C=C3N2)C(F)(F)F)C(F)(F)F,0,UDTCECNLYWXABA-UHFFFAOYSA-N,UDTCECNLYWXABA,PubChem,60194252,
CC1=C([C@H](C(=C(N1)C)C(=O)OC)C2=CC=NC3=CC=CC=C23)C#N,1,XFXGACUSYCDBHL-GOSISDBHSA-N,XFXGACUSYCDBHL,PubChem,46237980,20408553
CCOC1=CC(=C(C=C1)N2C(=C3C(=NN=C(C3=C2C)C)C)C)C,1,MPQOKAMQGVKASS-UHFFFAOYSA-N,MPQOKAMQGVKASS,PubChem,10086667,15080973
COc1cc(-n2cnc3cc(-c4ccc(Cl)cc4)sc3c2=O)ccc1OCC1(O)CC(F)(F)C1,1,NCXJWNAKIMMZOC-UHFFFAOYSA-N,NCXJWNAKIMMZOC,data_cav_dev,CHEMBL2147472,
CCOC(=O)N1C(=S)N=C(C)/C(=C(/O)OCC)C1c1ccccc1C(F)(F)F,1,LFBPUPJLIZDNMB-FYWRMAATSA-N,LFBPUPJLIZDNMB,data_cav_dev,CHEMBL87921,
CC1=C(C(C(=C(N1)C)C(=O)OC/C(=C/C2=CC=CC=C2)/C)C3=CC(=CC=C3)Cl)C(=O)O,1,HLVQHFFUBCOEPL-NTCAYCPXSA-N,HLVQHFFUBCOEPL,PubChem,22949257,16309909
O=C(Nc1ccc(F)cc1)N1N=C(c2ccc(Br)cc2)CC1c1ccc(F)cc1,1,CJHDUQNADHUXSB-UHFFFAOYSA-N,CJHDUQNADHUXSB,data_cav_dev,,134136586
CCOC(=O)C1=C(NC(=C(C1C2=CC=CC=C2C(F)(F)F)C#N)C)CSC3=CC=C(C=C3)Cl,1,XAYDOQFYBWGGAV-UHFFFAOYSA-N,XAYDOQFYBWGGAV,PubChem,15050346,2066997
C1C(N(N=C1C2=CC=C(C=C2)Br)C(=O)NC3=CC=CC=N3)C4=CC=C(C=C4)F,1,HBXXOZGTEHENQK-UHFFFAOYSA-N,HBXXOZGTEHENQK,PubChem,134150323,27579577
C1=CC=C(C=C1)C(CCN)OC2=CC=C(C=C2)C(F)(F)F,1,WIQRCHMSJFFONW-UHFFFAOYSA-N,WIQRCHMSJFFONW,PubChem,4541,
Cc1cccc(CCN2CCC(C(=O)c3ccc(NS(C)(=O)=O)cc3)CC2)n1,0,SRUISGSHWFJION-UHFFFAOYSA-N,SRUISGSHWFJION,CUPID,CUPID,
CCOC(=O)C1=C(C)N=C(C)C(C(=O)OC(C)(C)C)C1c1csc(-c2ccc(Cl)cc2)n1,0,COQYKSLGLNIONW-UHFFFAOYSA-N,COQYKSLGLNIONW,CUPID,CUPID,
CCOC(=O)C1=C(C)N=C(C)/C(=C(/O)OCC)C1c1c(C)noc1CCc1cccc2ccccc12,1,QSQGMIGDWUEHHS-AZPGRJICSA-N,QSQGMIGDWUEHHS,data_cav_dev,CHEMBL104455,
CCOC(=O)C1CCCC1n1c(=O)cc(O)n(CCc2cccc(Cl)c2)c1=O,0,RLVYVOMTIGRWBL-UHFFFAOYSA-N,RLVYVOMTIGRWBL,CUPID,CUPID,
NC(=O)c1ccc(Cc2ccccc2)cc1-c1cccc(CCC(=O)O)c1,0,UHEGDWIZAOPGIY-UHFFFAOYSA-N,UHEGDWIZAOPGIY,CUPID,CUPID,
CC1CCC(n2c(=O)cc(O)n(CCc3cccc(Cl)c3)c2=O)C1,0,PFQGOWLVONHAOF-UHFFFAOYSA-N,PFQGOWLVONHAOF,CUPID,CUPID,
CN1C2CCC1CC(C2)NC3=NC(=C4CNC(=O)N(C4=N3)C5=C(C=CC=C5Cl)Cl)C6=CC=CC=C6Cl,1,XAHLKCKBXNHXNT-UHFFFAOYSA-N,XAHLKCKBXNHXNT,PubChem,23647648,16750629
CN(C)CCN1CCN(CC1)C2=NC(=C3CNC(=O)N(C3=N2)C4=C(C=CC=C4Cl)Cl)C5=C(C=C(C=C5)Cl)Cl,1,OJBGOJDIJOUKKY-UHFFFAOYSA-N,OJBGOJDIJOUKKY,PubChem,23647642,16750629
CCCCC[C@@H]1CN[C@@H](CN1CC2=CC=CC=C2)C,1,PGRDTEXVQXSEPB-NVXWUHKLSA-N,PGRDTEXVQXSEPB,PubChem,71625083,23639535
O=C(NC1CC1c1ccccc1)N1CCC(c2nnco2)CC1,0,QYMLHNYPNZUQCL-UHFFFAOYSA-N,QYMLHNYPNZUQCL,CUPID,CUPID,
CCN=C1NC2CC(O)C(CO)OC2S1,0,WYAROEYZBMXNIZ-UHFFFAOYSA-N,WYAROEYZBMXNIZ,CUPID,CUPID,
CC1=C(C(N(C(=N1)C)C(=O)OCCN(CC2=CC=CC=C2)CC3=CC(=C(C=C3)Cl)Cl)C4=CC=CC=C4[N+](=O)[O-])C(=O)OC(C)C,1,DMBXAIHFQXVVDB-UHFFFAOYSA-N,DMBXAIHFQXVVDB,PubChem,14458027,2552119
C1CN(CCN1C(C2=CC=CC=C2)C3=CC=CC=C3Cl)C(=O)NC(C4=CC=CC=C4)C5=CC=CC=C5,1,UZBVUMAEAIQRKF-UHFFFAOYSA-N,UZBVUMAEAIQRKF,PubChem,11620221,20117000
CCCCCCCNC(=O)C12C3C(C(C4=CC=CC=C41)C5=CC=CC=C25)C(=O)NC3=O,1,UPMMVZTYVHPJGZ-UHFFFAOYSA-N,UPMMVZTYVHPJGZ,PubChem,155520693,30530190
Cc1cccnc1CN1CCC2(CC1)C(=O)N(c1ccc(-c3ccccc3)cc1)C(=O)N2c1ccc(O)nn1,1,QIGQORKIIZXLEM-UHFFFAOYSA-N,QIGQORKIIZXLEM,data_cav_dev,CHEMBL2043008,
O=C(OCc1ccccc1)N1CCC(n2c(=O)cc(O)n(CCc3cccc(Cl)c3)c2=O)C1,0,KOESOQKYOSQNDB-UHFFFAOYSA-N,KOESOQKYOSQNDB,CUPID,CUPID,
CC1=C([C@H](C(=C(N1)C)P2(=O)OCC(CO2)(C)C)C3=CC(=CC=C3)[N+](=O)[O-])C(=O)OCCN(CC4=CC=CC=C4)C5=CC=CC=C5,1,NSVFSAJIGAJDMR-WJOKGBTCSA-N,NSVFSAJIGAJDMR,PubChem,9830707,15545287
CC(C)c1ccc(CCn2c(=O)cc(O)n(C3CCCC3)c2=O)cc1,0,URTIJVMIUSHLAS-UHFFFAOYSA-N,URTIJVMIUSHLAS,CUPID,CUPID,
CCCCC/C=C\C/C=C\C/C=C/C/C=C\CCCC(=O)NCCO,1,LGEQQWMQCRIYKG-AVHBIOJASA-N,LGEQQWMQCRIYKG,PubChem,122196579,
CC1=C([C@@H](C(=C(N1)C)[N+](=O)[O-])C2=CC=CC=C2C(F)(F)F)C(=O)OC,1,ZFLWDHHVRRZMEI-ZDUSSCGKSA-N,ZFLWDHHVRRZMEI,PubChem,6603728,
O=C(NC1CC1c1ccccc1)N1CCC(n2cccn2)CC1,0,PGDZKICIZRFRTP-UHFFFAOYSA-N,PGDZKICIZRFRTP,CUPID,CUPID,
CN(C)C1=CC=C(C=C1)CC(=O)NC2=NN(C=C2)CC3=CC(=C(C=C3)F)F,1,KPGSICCPLOYMLZ-UHFFFAOYSA-N,KPGSICCPLOYMLZ,PubChem,118560409,29116786
CCc1c(C)[nH]c2c1/C(=N/NC(=O)Nc1ccccc1)CCC2,0,ODLRLBPCVCWBFC-LTGZKZEYSA-N,ODLRLBPCVCWBFC,data_cav_dev,CHEMBL217133,
CCOC(=O)C1=C(C)N=C(C)/C(=C(/O)OCC)C1c1c(C)noc1CCc1ccc(-c2ccccc2)cc1,1,XNZCWVGSRAJBGB-KDJFERLWSA-N,XNZCWVGSRAJBGB,data_cav_dev,CHEMBL104082,
C1CN(C(=O)CN1)CC2=NC3=C(N2)C=C(C(=C3)C(F)(F)F)C(F)(F)F,0,KCIDKNHRWKMHLY-UHFFFAOYSA-N,KCIDKNHRWKMHLY,PubChem,90256527,
CC(C)C[C@@H](CC1=NC2=C(C=C(C=C2N1)C(F)(F)F)C(F)(F)F)CN,1,PETRFKCSWBGTCM-VIFPVBQESA-N,PETRFKCSWBGTCM,PubChem,60194669,
CC1=NC(C)=C(C(=O)OC(C)c2ccccc2)C(c2csc(-c3ccc(Cl)cc3)n2)C1C(=O)OC(C)c1ccccc1,0,UFIHDJGJGJNPTA-UHFFFAOYSA-N,UFIHDJGJGJNPTA,CUPID,CUPID,
CCOC(=O)c1c(C)nc2nc3c(c(N)c2c1-c1ccccc1OC)CCCCC3,0,HNAVIKSKUJRFAB-UHFFFAOYSA-N,HNAVIKSKUJRFAB,data_cav_dev,CHEMBL2234539,
CCOC(=O)C1=C(NC(=NC1C2=CC(=CC=C2)[N+](=O)[O-])SC)C,1,CYYZSIFPMQWUQM-UHFFFAOYSA-N,CYYZSIFPMQWUQM,PubChem,4028144,2329573
CCOC(=O)N1C(=O)N=C(C(C)C)C(C(=O)OC)C1c1cccc([N+](=O)[O-])c1,0,BIIPQLZRVSLQGK-UHFFFAOYSA-N,BIIPQLZRVSLQGK,CUPID,CUPID,
CC1=C(C(C(=C(N1)C)C(=O)OC)C2=CC(=CC=C2)OCC(=O)N3CCCC3)C(=O)OC,1,UKMGSDPJTKKYJL-UHFFFAOYSA-N,UKMGSDPJTKKYJL,PubChem,76308156,
C1CN(C(=O)CN1)CC2=NC3=C(N2)C=C(C=C3)C(F)(F)F,0,LEPKGESMHVIVDR-UHFFFAOYSA-N,LEPKGESMHVIVDR,PubChem,90256444,
CCOC(=O)C1=C(C)Nc2nc3c(c(N)c2C1c1ccc(C)cc1)CCCC3,1,QTVIWMLMXFVZIY-UHFFFAOYSA-N,QTVIWMLMXFVZIY,data_cav_dev,CHEMBL219406,
CC(C)[C@H]1C2=C(C=C(C=C2)F)[C@H](C[C@@]1(CCN(C)CCCC3=NC4=CC=CC=C4N3)OC(=O)C(C)C)OC,1,HQBVENHUOCSWIS-DEDOGFMKSA-N,HQBVENHUOCSWIS,PubChem,122187207,26231163
CC(C)NCC(O)COc1cccc2ccccc12,0,AQHHHDLHHXJYJD-UHFFFAOYSA-N,AQHHHDLHHXJYJD,CUPID,CUPID,
CCc1ccccc1-n1nc(OC2CCN(S(C)(=O)=O)CC2)cc1-c1ccc(Cl)cc1,1,RTFHWULQHQDWPK-UHFFFAOYSA-N,RTFHWULQHQDWPK,data_cav_dev,CHEMBL3953031,
CC(C)(C1CCC(CC1)NC(=O)C2=CN=C3C(=C2)C=CC(=N3)C4CC4)O,0,VEKOTFOGNGVLSE-UHFFFAOYSA-N,VEKOTFOGNGVLSE,PubChem,137362953,33059303
CCOC(=O)C1=C(NC(=C(C1C2=CC(=C(C=C2)OCC(=O)N3CCCCC3)OC)C(=O)OC)C)C,1,LESSTUCQEYYOJG-UHFFFAOYSA-N,LESSTUCQEYYOJG,PubChem,76315327,
CCOC(=O)C1=C(NC(=C(C1C2=C(ON=C2C)C)C(=O)OCC)C)C,1,KHNYTFYQPKVXKP-UHFFFAOYSA-N,KHNYTFYQPKVXKP,PubChem,341862,2142737
O=C(CC(c1ccccc1)c1ccccc1)N1CCN(C(c2ccccc2)c2c(Cl)cccc2Cl)CC1,0,YYMGRGSETHUACY-UHFFFAOYSA-N,YYMGRGSETHUACY,data_cav_dev,CHEMBL604298,
CCCCCCC/C=C\CC#CC#C[C@@H](C=C)O,1,UGJAEDFOKNAMQD-QXPKXGMISA-N,UGJAEDFOKNAMQD,PubChem,5281149,34319736
CC(C)(C)C1=CC(=CC(=C1O)C(C)(C)C)C2N(C(=O)CS2)CCCN(C)CCOC3=CC=C(C=C3)OC,1,YMJMLBOAWZAJFV-UHFFFAOYSA-N,YMJMLBOAWZAJFV,PubChem,10744743,9784106
O=C(Nc1ccc(F)cc1)N1N=C(c2cc[n+]([O-])cc2)CC1c1ccc(F)cc1,1,CZSFREBMALGBIV-UHFFFAOYSA-N,CZSFREBMALGBIV,data_cav_dev,CHEMBL3893662,
CCOC(=O)N1C(C(=C(NC1=O)C)C(=O)OC(C)C)C2=CC(=CC=C2)[N+](=O)[O-],1,PXSFEJMJKYVWBB-UHFFFAOYSA-N,PXSFEJMJKYVWBB,PubChem,14788049,2391701
CCOC(=O)C1=C(C)N=C(C)C(C(=O)OCC)C1c1cc(=O)cc(C)o1,0,FIPLIQFBBVILLS-UHFFFAOYSA-N,FIPLIQFBBVILLS,CUPID,CUPID,
CC(C)(C1CCC(CC1)NC(=O)C2=CN=C3C=C(C=CC3=C2)OC(F)F)O,0,YRWMWDLEUYLURJ-UHFFFAOYSA-N,YRWMWDLEUYLURJ,PubChem,129247606,30858025
C1=CC=C2C3C4C(C(C2=C1)C5=C3C=C(C=C5)Cl)C(=O)NC4=O,1,UKJJKBLWMYINRP-UHFFFAOYSA-N,UKJJKBLWMYINRP,PubChem,44563971,30530190
CN1CCCC(C1)C(C2=CC=CC=C2)N3CCN(CC3)C(=O)CC(C4=CC=CC=C4)C5=CC=CC=C5,1,KGKFKQGQYIUQAL-UHFFFAOYSA-N,KGKFKQGQYIUQAL,PubChem,46233599,20117000
COc1cc(N)c(Cl)cc1C(=O)NC1CCN(CCCOc2ccc(F)cc2)CC1OC,0,DCSUBABJRXZOMT-UHFFFAOYSA-N,DCSUBABJRXZOMT,CUPID,CUPID,
C1CN(C(=O)CN1)CCC2=NC3=CC(=C(C=C3N2)Cl)Cl,0,FGHTVFZGELNPMD-UHFFFAOYSA-N,FGHTVFZGELNPMD,PubChem,90256439,
O=C(NC(c1ccccc1)c1ccccc1)N1CCN(C(c2ccccc2)c2cccc(Cl)c2Cl)CC1,0,JJWWPFHYFYVBMO-UHFFFAOYSA-N,JJWWPFHYFYVBMO,data_cav_dev,CHEMBL597957,
Cc1cc(C(=O)O)ccc1-c1ccc(N2C(=O)N(c3ccncn3)C3(CCN(Cc4ncccc4C)CC3)C2=O)cc1,0,PHOCCMVBRLGOKP-UHFFFAOYSA-N,PHOCCMVBRLGOKP,CUPID,CUPID,
CCS(=O)(=O)n1cc2c(n1)CN(C1COC(c3cc(F)ccc3F)C(N)C1)C2,0,GEWSELRSYBADTB-UHFFFAOYSA-N,GEWSELRSYBADTB,CUPID,CUPID,
NC(Cn1c(=O)cnc2ccc(F)cc21)C1CCC(NCc2ncc3c(n2)NC(=O)CO3)CC1,0,PIVJTBXDGKAQQI-UHFFFAOYSA-N,PIVJTBXDGKAQQI,CUPID,CUPID,
CO/C(O)=C1\C(C)=NC(C)=C(C(=O)OCC(C)C)C1c1cccc([N+](=O)[O-])c1,1,DRKKFEDPIHQMQP-KNTRCKAVSA-N,DRKKFEDPIHQMQP,data_cav_dev,CHEMBL102907,
Nc1ccc(CN2C3C4C5CC6C7C5C3C7C2(O)C64)cc1,0,UUCJCPQSKNHJQB-UHFFFAOYSA-N,UUCJCPQSKNHJQB,data_cav_dev,CHEMBL4453923,
CCCCCCCCCCCCCCOC(=O)C1=C(NC(=C(C1C2=CC=CC=C2C(F)(F)F)C(=O)OC)C)C,1,KCFFSPGWVXTLRI-UHFFFAOYSA-N,KCFFSPGWVXTLRI,PubChem,10392835,8246246
COc1ccccc1-n1nc(OC2CC(C)(C)SC(C)(C)C2)cc1-c1ccc(Cl)cc1,1,FRGPFJVINLDQIJ-UHFFFAOYSA-N,FRGPFJVINLDQIJ,data_cav_dev,,73294762
CC(=O)O[C@H]1[C@H](SC2=C(C=CC=C2Cl)N3C1=CC=C3CN(C)C)C4=CC=C(C=C4)OC,1,FCWZZAMGWBLKIS-DHIUTWEWSA-N,FCWZZAMGWBLKIS,PubChem,10766254,8709127
Fc1cncc(-c2nc3cc(F)c(F)cc3n2C2CC2)c1,0,ZCWSKWSPXNSPLS-UHFFFAOYSA-N,ZCWSKWSPXNSPLS,CUPID,CUPID,
O=C(NC1CC1c1ccccc1)N1CCC2(CCc3ncccc3O2)CC1,0,NZZBOICLIUBLLK-UHFFFAOYSA-N,NZZBOICLIUBLLK,CUPID,CUPID,
O=c1cc(O)n(CCc2ccc(Cl)cc2)c(=O)n1CC1CCCO1,0,GHQXBGGKZMLJRL-UHFFFAOYSA-N,GHQXBGGKZMLJRL,CUPID,CUPID,
CCOC(=O)C1=C(NC(=C(C1C2=C(ON=C2C3=CC=C(C=C3)Br)C)C(=O)OCC)C)C,1,IYDRYGWSROLZSY-UHFFFAOYSA-N,IYDRYGWSROLZSY,PubChem,137637833,28434782
CC1=C(C=CC(=C1)CC(=O)NC2=NN(C=C2)CC3=NC=C(C=C3)C#N)OCC(F)(F)F,1,ATAZIWXKOZRZRN-UHFFFAOYSA-N,ATAZIWXKOZRZRN,PubChem,126740626,29116786
C1CC1(C2=CC=C(C=C2)CC(=O)NC3=NN(C=C3)CC4=NC=C(C=C4)C#N)C(F)(F)F,1,LSYANGLAZUZYFX-UHFFFAOYSA-N,LSYANGLAZUZYFX,PubChem,118560618,29116786
CC1(C(=O)N(CCN1)CC(=O)NC(C2=CC=CC=N2)C(F)(F)F)C,0,MQYQVISWIFCLII-UHFFFAOYSA-N,MQYQVISWIFCLII,PubChem,90257358,
CCN=C1NC2C(OC(CO)C(O)C2OC)S1,0,JRZSXVZVOPYSIU-UHFFFAOYSA-N,JRZSXVZVOPYSIU,CUPID,CUPID,
CCCCNCC1=CC=C2N1C3=CC=CC=C3SC2C4=C(C=C(C=C4)OC)OC,1,DHHGZODYFZPCFX-UHFFFAOYSA-N,DHHGZODYFZPCFX,PubChem,44358362,7473567
C#CCNCc1ccc(C/N=C2/C3C4CC5C6C4C2C6C2(OCCO2)C53)cc1,1,KQDKFJMCRKUNIS-RWEWTDSWSA-N,KQDKFJMCRKUNIS,data_cav_dev,CHEMBL4530974,
CCOC(=O)C1=C(NC(=C(C1C2=C(ON=C2C3=CC(=CC=C3)Br)C)C(=O)OCC)C)C,1,RJHIEGFHLJUYSA-UHFFFAOYSA-N,RJHIEGFHLJUYSA,PubChem,137641298,28434782
CC1=C(C(C(=C(N1)C)C(=O)OC/C=C/C2=CC=CC=C2)C3=CC(=CC=C3)C(=O)OC)C(=O)O,1,WKJIVTJWRPVLHX-DHZHZOJOSA-N,WKJIVTJWRPVLHX,PubChem,22949308,16309909
CC(C)N1CCN(CC1)C2=NC(=C3CNC(=O)N(C3=N2)C4=C(C=CC=C4Cl)Cl)C5=C(C=C(C=C5)Cl)Cl,1,XOKLRIBOHSHHOV-UHFFFAOYSA-N,XOKLRIBOHSHHOV,PubChem,23647643,16750629
O=C(CN(c1ccccc1)c1ccccc1)N1CCN(C(c2ccccc2)c2ccc(Cl)cc2Cl)CC1,0,SZXAWCKROBFQPN-UHFFFAOYSA-N,SZXAWCKROBFQPN,data_cav_dev,CHEMBL599822,
CCOC(=O)C1=C(NC(=C(C1C2=CC=CC=C2C(F)(F)F)C#N)C)CS(=O)C3=CC=CC=N3,1,SHOMFXPOHYJGDX-UHFFFAOYSA-N,SHOMFXPOHYJGDX,PubChem,15050353,2066997
CCO/C(O)=C1\C(C)=NC(=S)N(C(=O)OC)C1c1cccc([N+](=O)[O-])c1,1,WQYRJJHWYTWPPG-WYMLVPIESA-N,WQYRJJHWYTWPPG,data_cav_dev,CHEMBL89904,
CC1=C(C(C(=C(N1)C(OC)OC)C(=O)OC/C=C/C2=CC=C(C=C2)OC)C3=CC(=CC=C3)Cl)C(=O)O,1,KGJLBCJGYLHPEV-VOTSOKGWSA-N,KGJLBCJGYLHPEV,PubChem,44562333,18684623
CSC1=NC2/C(=C(/O)OCCCCCSc3ccc([N+](=O)[O-])cc32)C(C)=N1,1,HDOFHDIMICWWKS-ICFOKQHNSA-N,HDOFHDIMICWWKS,data_cav_dev,CHEMBL25763,
CC1=C(C(C(=C(N1)C)C(=O)OC/C=C/C2=CC=CC=C2)C3=CSC=C3)C(=O)O,1,BBFRNTHPKMADQO-RMKNXTFCSA-N,BBFRNTHPKMADQO,PubChem,44407306,16309909
CCCC(=O)N1CCCN(c2nc(N)c3cc(OC)c(OC)cc3n2)CC1,0,RHLJLALHBZGAFM-UHFFFAOYSA-N,RHLJLALHBZGAFM,CUPID,CUPID,
COCC1(c2ccc(C)cc2)CC(c2ccccc2)=NN1C(=O)Nc1ccc(F)cc1,1,VEONUVYKBNAEAW-UHFFFAOYSA-N,VEONUVYKBNAEAW,data_cav_dev,CHEMBL3941425,
CC1=C([C@H](C(=C(N1)C)C(=O)O[C@H]2CCN(C2)CC3=CC=CC=C3)C4=CC(=CC=C4)[N+](=O)[O-])C(=O)OC.Cl,1,XEMPUKIZUCIZEY-RKGTXJDOSA-N,XEMPUKIZUCIZEY,PubChem,45260932,3023614
C/C(=C/SC)/N1C(=NOC1=O)C(=O)C2=CC=C(C=C2)Br,0,DDTZWTBRUYDWQL-FPLPWBNLSA-N,DDTZWTBRUYDWQL,PubChem,42625994,19323482
Cl.O=C(CC(c1ccccc1)c1ccccc1)N1CCN(C(c2ccccc2)c2ccc(Cl)cc2)CC1,0,YZINWUALFFCGMT-UHFFFAOYSA-N,YZINWUALFFCGMT,data_cav_dev,,134147626
C1CN(CC(C1(F)F)OC2=NC3=C(C=CC=N3)C=C2)C(=O)C4=CC=CC=C4N5N=CC=N5,1,VHWJBRDTOVHUIW-UHFFFAOYSA-N,VHWJBRDTOVHUIW,PubChem,134151486,27818110
C#CCn1cc(CN2CCCCC2)c2cc(Cl)ccc21,0,LKGGXBUIGWBDKS-UHFFFAOYSA-N,LKGGXBUIGWBDKS,data_cav_dev,CHEMBL4283920,
CC(C)(C)OC(=O)NC(CSCC1CCCCC1)C(=O)NCC2=CC=C(C=C2)OC,1,GGTWJXMDTHBWEV-UHFFFAOYSA-N,GGTWJXMDTHBWEV,PubChem,17791966,12659776
COC(=O)CCc1ccc(OCC(O)CNC(C)C)cc1,0,AQNDDEOPVVGCPG-UHFFFAOYSA-N,AQNDDEOPVVGCPG,CUPID,CUPID,
COC1=CC=CC(=C1)C2(CC(=NN2C(=O)CC3=CC=CC=C3)C(F)(F)F)O,0,OYDXKMZPRVVPTF-UHFFFAOYSA-N,OYDXKMZPRVVPTF,PubChem,3107176,29776832
C1CO[C@@H](CN1CC2=CC=C(C=C2)Cl)CCC3=CC=CC=C3,0,CVKXGRRJHJHUFY-LJQANCHMSA-N,CVKXGRRJHJHUFY,PubChem,72737723,
CN(C)CCC(c1ccc(Br)cc1)c1ccccn1,0,ZDIGNSYAACHWNL-UHFFFAOYSA-N,ZDIGNSYAACHWNL,CUPID,CUPID,
COC(=O)C(Cc1ccccc1)n1c(=O)cc(O)n(C2CCCC2)c1=O,0,LXZNSCXUCOLSPO-UHFFFAOYSA-N,LXZNSCXUCOLSPO,CUPID,CUPID,
CC1=C(C(N=C(N1)SC)C2=CC=CC=C2SC)C(=O)OC,1,ICYWRBHDRZSYQC-UHFFFAOYSA-N,ICYWRBHDRZSYQC,PubChem,44459189,7837222
CCNCCC1=C(N(N=C1C(=O)NCC2=CC=CC=C2OCC(F)(F)F)C3=CC=CC=C3)C4=CC=CC=C4,1,PYXDWIWBQXUGPX-UHFFFAOYSA-N,PYXDWIWBQXUGPX,PubChem,145965861,29066309
CCOC(=O)C1=C(C)N=C(C)C(C(=O)OC)C1c1ccc(-c2cc(=O)cc(C)o2)cc1,0,NMGRUDVATVGIKZ-UHFFFAOYSA-N,NMGRUDVATVGIKZ,CUPID,CUPID,
NCc1ccc(CNC2C3C4CC5C6C4C2C6C2(OCCO2)C53)cc1,1,QCDMXSAWAIIPTD-UHFFFAOYSA-N,QCDMXSAWAIIPTD,data_cav_dev,CHEMBL4543582,
CN(C)CC1=CC=C2N1C3=C(C=CC(=C3)C(F)(F)F)SC2(C4=CC=CC=C4)C5=CC=CC=C5,1,QEAMZQMWYSFPJP-UHFFFAOYSA-N,QEAMZQMWYSFPJP,PubChem,10837847,7473567
CC(C)[C@H](C1=CC=C(C=C1)F)NC(=O)CC2CCN(CC2)CCC3=C(C=CC(=C3)F)OCCOC,1,JCQQQWZWNKLLFH-MUUNZHRXSA-N,JCQQQWZWNKLLFH,PubChem,56931172,
CCOC(=O)C1=C(C)NC(C)=C(C(=O)OCC)C1c1ccc(OCC)cc1,1,BNVMNGNFUZRRBN-UHFFFAOYSA-N,BNVMNGNFUZRRBN,data_cav_dev,CHEMBL2063818,
CC1=CC2=C(O1)C=CC(=C2)NC(=N[C@H]3CCCCN(C3=O)CC(=O)N4CCCC4)NC(=O)C5=CN=C(C=C5)C(=O)N(C)C,0,YLSKCQOVDOZHTQ-VWLOTQADSA-N,YLSKCQOVDOZHTQ,PubChem,44473100,19896847
CC(C)(C)NC(=O)CN1C2=CC(=CC(=C2N=C1CN3CCNCC3=O)C(F)(F)F)C(F)(F)F,0,SNMGMVVHJBLOBX-UHFFFAOYSA-N,SNMGMVVHJBLOBX,PubChem,90256693,
CC(C)(C)NC(=O)Cn1c(-c2cc(F)cc(C(F)(F)F)c2)cc2cc(C(C)(C)C(=O)NC(C)(C)C)ccc21,1,SWWXJQJSZOXVEH-UHFFFAOYSA-N,SWWXJQJSZOXVEH,data_cav_dev,CHEMBL1643731,
CC(C)(C1=CC(=C(C=C1)O)CN2CCCCCC2)C3=CC(=C(C=C3)O)CN4CCCCCC4,1,GHZGEEOGCPBASL-UHFFFAOYSA-N,GHZGEEOGCPBASL,PubChem,44460434,10476885
CNC(=O)c1cc(C(=O)NC2CC2)cn(Cc2ccccc2)c1=O,0,QZZCUOVXHPAQRQ-UHFFFAOYSA-N,QZZCUOVXHPAQRQ,CUPID,CUPID,
COC(=O)C1=C(C)N(C)C(C)=C(C(=O)OC)C1c1ccccc1Cl,1,XGZAZKYFGKCTPL-UHFFFAOYSA-N,XGZAZKYFGKCTPL,data_cav_dev,CHEMBL2063828,
C1CN(CCN1CCCC(C2=CC=C(C=C2)F)C3=CC=C(C=C3)F)C(=O)CCC4=CC=C(C=C4)F,1,MUAYITOFLINYIL-UHFFFAOYSA-N,MUAYITOFLINYIL,PubChem,11113605,11585444
C1CN(CCC1C2=NC(=NO2)C3=CC=CC=C3C(F)(F)F)C(=O)NC4CC4C5=CC=CC=C5,1,AEUILRDAXLSTHQ-UHFFFAOYSA-N,AEUILRDAXLSTHQ,PubChem,45269104,19645482
CC(=O)OC1C(CC2=C(C=CC=C2N(C1=O)CC3CCCN3)C(F)(F)F)C4=CC=C(C=C4)OC,1,LMMFNPFUDYQJEK-UHFFFAOYSA-N,LMMFNPFUDYQJEK,PubChem,131011,1542102
CC(C1CCCCC1)n1c(=O)cc(O)n(CCc2cccc(Cl)c2)c1=O,0,CQEYLFHVYWBJAD-UHFFFAOYSA-N,CQEYLFHVYWBJAD,CUPID,CUPID,
CC1=CC(=C(C=C1)C(C2=CC=CC=C2)N3CCN(CC3)C(=O)CC(C4=CC=CC=C4)C5=CC=CC=C5)C,1,PSEHTODILBVIHC-UHFFFAOYSA-N,PSEHTODILBVIHC,PubChem,10051194,20117000
CC1=CC2=C(C=C1OC3=CC=C(O3)C(=O)NC4=C(N=C(N=C4OC)NCCCN5CCOCC5)OC)C(CC2)(C)C,1,IGTBNUVMBDYPQG-UHFFFAOYSA-N,IGTBNUVMBDYPQG,PubChem,9872676,16722655
O=C(c1ccc(OC(F)(F)F)cc1)N1CCC(N(C2CC2)S(=O)(=O)c2cccc(C(F)(F)F)c2)CC1,1,VSHHDVGDRNITCO-UHFFFAOYSA-N,VSHHDVGDRNITCO,data_cav_dev,CHEMBL2180896,
C1CNCCC1CNCC2=CC=C(O2)C3=C(C=C(C=C3)Cl)C4=CC=CC=C4,1,BGGHSRZVZYUMIT-UHFFFAOYSA-N,BGGHSRZVZYUMIT,PubChem,145982842,29571157
COc1ccccc1-n1nc(OC2CN(S(=O)(=O)c3c(C)noc3C)C2)cc1-c1ccc(Cl)cc1,1,QUYJROSEXGBONG-UHFFFAOYSA-N,QUYJROSEXGBONG,data_cav_dev,CHEMBL3983323,
CC(=O)OC1=C(SC2=C(C=CC=C2Cl)N3C1=CC=C3)C4=CC=C(C=C4)OC,0,QZFMEHJCQMGSRU-UHFFFAOYSA-N,QZFMEHJCQMGSRU,PubChem,10340782,8709127
CC1=C(C(=C2C(=C3CCCCC3=NC2=N1)N)C4=CC=CC=C4)C(=O)OC(C)C,1,KHPNJTJAWHKVIL-UHFFFAOYSA-N,KHPNJTJAWHKVIL,PubChem,44445182,30739821
CCc1ccccc1-n1nc(OC2CCN(C(=O)OC(C)(C)C)CC2)cc1-c1ccc(Cl)cc1,1,ZWJKOWFFHJCZRL-UHFFFAOYSA-N,ZWJKOWFFHJCZRL,data_cav_dev,,73296848
CC1=C(C(C(=C(N1)C)C(=O)OC)C2=CC=C(C=C2)[N+](=O)[O-])C(=O)OC,1,VFQXEYKTWNRSQE-UHFFFAOYSA-N,VFQXEYKTWNRSQE,PubChem,152434,2834556
CCC(CO)Nc1nc(NCc2ccccc2)c2ncn(C(C)C)c2n1,0,BTIHMVBBUGXLCJ-UHFFFAOYSA-N,BTIHMVBBUGXLCJ,CUPID,CUPID,
CC(C)CN(CC(O)C(Cc1ccccc1)NC(=O)OC1COC2OCCC12)S(=O)(=O)c1ccc(N)cc1,0,CJBJHOAVZSMMDJ-UHFFFAOYSA-N,CJBJHOAVZSMMDJ,CUPID,CUPID,
C=CCOC(=O)C1=C(C)NC(C)=C(C(=O)OCC=C)C1c1ccc(Cl)c(Cl)c1,1,JJDYWJICNUHZES-UHFFFAOYSA-N,JJDYWJICNUHZES,data_cav_dev,CHEMBL2063814,
C[C@H]1[C@@H](C)OC(C)(C)C(=O)N1c1cc(-c2cc(C(F)(F)F)c3c(N)ncnn23)ccc1C#N,0,HNKLUXSZXIDIAN-NWDGAFQWSA-N,HNKLUXSZXIDIAN,data_cav_dev,,137653443
O=C(NCc1ncc(C(F)(F)F)cc1Cl)c1ccc2c(c1)C1(CCS(=O)(=O)CC1)[C@H](C1CC1)N2S(=O)(=O)c1ccc(F)cc1,0,PZGSYNNVPNLHQG-SANMLTNESA-N,PZGSYNNVPNLHQG,data_cav_dev,CHEMBL4537788,
CC(C)C(CCC(=O)N1CCN(CC1)C2=CC=CC=C2OC)(C3=CC=C(C=C3)Br)C(=O)OC,1,DYXWAEVVVRIZRB-UHFFFAOYSA-N,DYXWAEVVVRIZRB,PubChem,76321521,24412109
CC1=C(C(C2=C(N1)CCCC2=O)C3CCCC3)C(=O)NC4=C(C=CC(=C4)Cl)Cl,0,VYVLVKWKYPVYCT-UHFFFAOYSA-N,VYVLVKWKYPVYCT,PubChem,155546001,32141297
CCOC(=O)C1=C(C)NC(C)=C(C(=O)OC)C1c1ccc([N+](=O)[O-])cc1,1,OUYHHVXCWZAPMH-UHFFFAOYSA-N,OUYHHVXCWZAPMH,data_cav_dev,CHEMBL1086835,
COC(=O)C1=C(C)N=C(SC)N(C(=O)OC(C)C)C1c1cccc([N+](=O)[O-])c1,0,IAWAKCIJMCLLBY-UHFFFAOYSA-N,IAWAKCIJMCLLBY,CUPID,CUPID,
CCOC(=O)C1=C(NC(=C(C1C2=C(ON=C2C3=CC=CC=C3)CCC4=CC(=CC=C4)Br)C(=O)OCC)C)C,1,CSSNDKFMGJPRRW-UHFFFAOYSA-N,CSSNDKFMGJPRRW,PubChem,44335620,10447952
CC1=C(C(C(=C(N1)C)C(=O)OCCN2CCN(CC2)C(C3=CC=CC=C3)C4=CC=CC=C4)C5=CC(=CC=C5)[N+](=O)[O-])C(=O)OC,1,ANEBWFXPVPTEET-UHFFFAOYSA-N,ANEBWFXPVPTEET,PubChem,4008,2552119
CSC1=NC(c2ccccc2SC)C2=C(O)OCC2=N1,0,ONVJXUVWINSWQU-UHFFFAOYSA-N,ONVJXUVWINSWQU,data_cav_dev,CHEMBL22704,
COc1ccc2c(c1OC)C[N+]1(Cc3ccc(Cl)cc3)CCc3cc4c(cc3C1C2)OCO4,0,JFHJIDRQICNTGZ-UHFFFAOYSA-N,JFHJIDRQICNTGZ,CUPID,CUPID,
Nc1c2c(nc3c1C(c1cccc([N+](=O)[O-])c1)NC(=S)N3)CCCC2,1,AJVJINJDKFGAQT-UHFFFAOYSA-N,AJVJINJDKFGAQT,data_cav_dev,CHEMBL4164310,
CCOC(=O)[C@H]1[C@@H]2C3=C(C=C(C=C3)[N+](=O)[O-])S[C@]1(NC(=C2C(=O)OCC)C)C,1,GUQPBPGGTWIQHT-GPMSIDNRSA-N,GUQPBPGGTWIQHT,PubChem,70695682,2435904
COC1=CC=CC(=C1)C(=O)N2CCC(C(C2)OC3=NC4=CC=CC=C4C=C3)(F)F,1,QZXSVMSMRJTFPZ-UHFFFAOYSA-N,QZXSVMSMRJTFPZ,PubChem,77105014,27818110
CS(=O)(=O)c1ccc2c(c1)CCC1(CCCN(C(=O)NC3CC3c3ccccc3)CC1)O2,0,JXGJTODYQBRZDL-UHFFFAOYSA-N,JXGJTODYQBRZDL,CUPID,CUPID,
CNCC1=NC2=C(C=C(C=C2N1)C(F)(F)F)C(F)(F)F,0,PEJUVFLXTQGLKO-UHFFFAOYSA-N,PEJUVFLXTQGLKO,PubChem,60194708,
COC1=C(C=C2C(NCCC2=C1)CC3=CC=C(C=C3)O)OCC4=CC=CC=C4,1,VIDAVRHVTLFJEZ-UHFFFAOYSA-N,VIDAVRHVTLFJEZ,PubChem,2752273,12880313
C1CN(CC(C1(F)F)OC2=NC3=CC=CC=C3C=C2)C(=O)C4=CC=CC=C4F,1,WTJOAMGQUVUPEB-UHFFFAOYSA-N,WTJOAMGQUVUPEB,PubChem,77105011,27818110
CC1=NC(C)=C(C(=O)OCCc2ccccc2)C(c2csc(-c3ccc(Cl)cc3)n2)C1C(=O)OCCc1ccccc1,0,DRCYBNSRQUMDON-UHFFFAOYSA-N,DRCYBNSRQUMDON,CUPID,CUPID,
CC(=O)OC1C(CC2=C(C=CC=C2N(C1=O)CCN(C)C)C(=O)O)C3=CC=C(C=C3)OC,1,FPPLVKJSUYPOCO-UHFFFAOYSA-N,FPPLVKJSUYPOCO,PubChem,49823976,1311765
CCOC(=O)C1=C(NC(=C(C1C2=CC=CC=C2C(F)(F)F)C(=O)OCC)CSC3=CC=CC=C3C)C,1,LLUGXHMTURDEFJ-UHFFFAOYSA-N,LLUGXHMTURDEFJ,PubChem,15050307,2066997
Cc1cc2ncc(-c3ccc4cc(CCN5CCC[C@H]5C)ccc4n3)c(C)n2n1,1,NJPWXCCVGLUPFM-QGZVFWFLSA-N,NJPWXCCVGLUPFM,data_cav_dev,CHEMBL392573,
O=C(O)c1ccc(N2CC3(CCN(Cc4cc(Cl)c(-c5ccc(F)cc5F)c(C5CC5)c4)CC3)OC2=O)cc1,1,UWHFPKPNAAYPQP-UHFFFAOYSA-N,UWHFPKPNAAYPQP,data_cav_dev,,89583208
COc1ccccc1-n1nc(OC2CCN(S(=O)(=O)C(F)(F)F)CC2)cc1-c1ccc(Cl)cc1,1,ZTNBOUBFOFURTR-UHFFFAOYSA-N,ZTNBOUBFOFURTR,data_cav_dev,CHEMBL3972896,
CCCc1nn(C)c2c(=O)[nH]c(-c3cc(S(=O)(=O)N4CCN(C)CC4)ccc3OCC)nc12,0,BNRNXUUZRGQAQC-UHFFFAOYSA-N,BNRNXUUZRGQAQC,CUPID,CUPID,
C#CCn1cc(CN(C)C)c2cc(C)ccc21,0,APDDPVJPYYQHKK-UHFFFAOYSA-N,APDDPVJPYYQHKK,data_cav_dev,CHEMBL4524776,
CC1=CC2=C(C=C1)N(C=C2CN3CCCCC3)CC4=CC=C(C=C4)F,1,NQKRAVOXNXTHEY-UHFFFAOYSA-N,NQKRAVOXNXTHEY,PubChem,145969210,29656989
CC1=C(C(C(=C(N1)C)C(=O)OC)C2=C(C(=CC=C2)[N+](=O)[O-])Cl)C(=O)OC,1,UPFZKNSLFMIPDU-UHFFFAOYSA-N,UPFZKNSLFMIPDU,PubChem,14268167,2834556
O=C(Nc1ccc(CC2CCC(C(O)c3ccccc3)N2)cc1)C1CCc2nccc(=O)n21,0,DJXRIQMCROIRCZ-UHFFFAOYSA-N,DJXRIQMCROIRCZ,CUPID,CUPID,
C1=CC=C(C=C1)C2(C3=CC=CN3C4=C(S2)C=CC(=C4)Cl)C5=CC=CC=C5,1,UQDZHNMCQYRRDI-UHFFFAOYSA-N,UQDZHNMCQYRRDI,PubChem,10547388,7473567
C1C(CN1C(=O)CCN)CC2=NC3=C(C=C(C=C3N2)C(F)(F)F)C(F)(F)F,0,PRZIPGLDINFAGX-UHFFFAOYSA-N,PRZIPGLDINFAGX,PubChem,90256694,
O=C(Nc1ccc(F)cc1)N1N=C(c2ccccc2)CC1c1ccc(F)cc1,1,TZKUGIRGCXPINC-UHFFFAOYSA-N,TZKUGIRGCXPINC,data_cav_dev,CHEMBL3981633,
C1CN(CC(C1(F)F)OC2=NC=CC(=C2)C(F)(F)F)C(=O)C3=CC=CC=C3N4N=CC=N4,1,SZOBECQLVLZGIW-UHFFFAOYSA-N,SZOBECQLVLZGIW,PubChem,134155753,27818110
OC(CNCC(O)C1CCc2cc(F)ccc2O1)C1CCc2cc(F)ccc2O1,0,KOHIRBRYDXPAMZ-UHFFFAOYSA-N,KOHIRBRYDXPAMZ,CUPID,CUPID,
C1C(=O)C2=C(O1)N(C3=C(C2=O)C=CC(=C3)Br)CC4=CC=CC=C4F,1,CYCBLOMNIWAALC-UHFFFAOYSA-N,CYCBLOMNIWAALC,PubChem,46236411,
Cc1ccc2nc(N3CCC(NC4CCOCC4)CC3)c(-c3nc(C)no3)cc2c1,1,JHRCZIKHMOJCKF-UHFFFAOYSA-N,JHRCZIKHMOJCKF,data_cav_dev,CHEMBL4440935,
Cc1cccnc1CN1CCC2(CC1)C(=O)N(c1ccc(-c3ccccc3)cc1)C(=O)N2c1cc(O)ccn1,1,OMRUHMMHFQEGRU-UHFFFAOYSA-N,OMRUHMMHFQEGRU,data_cav_dev,CHEMBL2043006,
COc1cc(CCC(C)=O)ccc1O,0,OJYLAHXKWMRDGS-UHFFFAOYSA-N,OJYLAHXKWMRDGS,CUPID,CUPID,
O=C(O)C1CCC(n2c(=O)cc(O)n(CCc3cccc(Cl)c3)c2=O)C1,0,FFEICVVFDOHMJP-UHFFFAOYSA-N,FFEICVVFDOHMJP,CUPID,CUPID,
CC(C)NCC(O)c1ccc(NS(C)(=O)=O)cc1,0,ZBMZVLHSJCTVON-UHFFFAOYSA-N,ZBMZVLHSJCTVON,CUPID,CUPID,
CC1(C)C2CCC1(C)C(n1c(=O)cc(O)n(CCc3ccc(Cl)cc3)c1=O)C2,0,GZIQRLUHUXETBH-UHFFFAOYSA-N,GZIQRLUHUXETBH,CUPID,CUPID,
C[C@H]1CN(c2c(F)c(N)c3c(=O)c(C(=O)O)cn(C4CC4)c3c2F)C[C@@H](C)N1,0,DZZWHBIBMUVIIW-DTORHVGOSA-N,DZZWHBIBMUVIIW,data_cav_dev,CHEMBL850,
CCOC(=O)C1=C(NC(=C(C1C2=CC=CC=C2C(F)(F)F)C(=O)OCC)CS(=O)C3=CC=NC=C3)C,1,BJAGWFDTQGOHDW-UHFFFAOYSA-N,BJAGWFDTQGOHDW,PubChem,15050317,2066997
CC(C)C(=O)OCC1(n2c(=O)cc(O)n(CCc3cccc(Cl)c3)c2=O)CCCC1,0,CIAOZJSGMPQPIS-UHFFFAOYSA-N,CIAOZJSGMPQPIS,CUPID,CUPID,
CCOC(=O)[C@H]\1[C@@H](C(=C(N/C1=C\C(=O)C2=CC=CC=C2)C)C(=O)OCC)C3=CC=CC=C3,1,VYHAZHSSKWJJAS-MOKSLOSZSA-N,VYHAZHSSKWJJAS,PubChem,44290380,2840504
C1CN(CC(C1(F)F)OC2=NC3=CC=CC=C3C=C2)C(=O)C4=CC=C(C=C4)F,1,VKQHUBNARZWDMS-UHFFFAOYSA-N,VKQHUBNARZWDMS,PubChem,134151826,27818110
CC(C)N1C(=O)[C@H](NC(=O)[C@@H](Cc2cccc(C(F)(F)F)c2)NC(=O)OC(C)(C)C)CCc2ccccc21,1,KNJQFZASBAPYRN-FGZHOGPDSA-N,KNJQFZASBAPYRN,data_cav_dev,CHEMBL245598,
CCC1=C[C@H]2C[C@]3([C@@H]1N(C2)CCC4=C3NC5=CC=CC=C45)C(=O)OC,1,CMKFQVZJOWHHDV-NQZBTDCJSA-N,CMKFQVZJOWHHDV,PubChem,5458190,
CN(CCC1=CC(=C(C=C1)OC)OC)CC2=CC=C3N2C4=CC=CC=C4SC3C5=CC=CC=C5,1,GOCVWDSOLCMADR-UHFFFAOYSA-N,GOCVWDSOLCMADR,PubChem,15190384,7473567
CCOC(=O)C1=C(C)N=C(C)/C(=C(/O)OCC)C1c1c(C)noc1CCc1ccccc1-c1ccccc1,1,AIPUGYVKGPVRPC-KDJFERLWSA-N,AIPUGYVKGPVRPC,data_cav_dev,CHEMBL105893,
CC(C)(C)C1=CC=C(C=C1)CCCCN2CCC(CC2)C(C3=CC=CC=C3)(C4=CC=C(C=C4)Cl)O,1,KDFLJSUYAYTTKJ-UHFFFAOYSA-N,KDFLJSUYAYTTKJ,PubChem,44459391,
COc1ccccc1-n1nc(O[C@H]2CC[C@@H](NC(=O)OC(C)(C)C)CC2)cc1-c1ccc(Cl)cc1,1,XNUZTIQWJMXUHN-OYRHEFFESA-N,XNUZTIQWJMXUHN,data_cav_dev,CHEMBL3956991,
CC(=O)OC1C(CC2=C(C=CC(=C2)Cl)N(C1=O)CCN(C)C)C3=CC=C(C=C3)OC,1,DFJKLTLXNZYVRM-UHFFFAOYSA-N,DFJKLTLXNZYVRM,PubChem,14156254,1635059
CC(=O)OC1=C(SC2=C(C=C(C=C2)Cl)N3C1=CC=C3CN(C)C)C4=CC=C(C=C4)OC,0,XLKYMMNWENWFIB-UHFFFAOYSA-N,XLKYMMNWENWFIB,PubChem,10503926,8709127
O=C(CC(c1ccccc1)c1ccccc1)N1CCN(C(c2ccccc2)c2cc(Cl)cc(Cl)c2)CC1,0,POPQMMOUZVBXFY-UHFFFAOYSA-N,POPQMMOUZVBXFY,data_cav_dev,CHEMBL598806,
COc1ccccc1-n1nc(OC2CC(C)(C)[S+]([O-])C(C)(C)C2)cc1-c1ccc(Cl)cc1,1,CQCHOVDIAHVBMQ-UHFFFAOYSA-N,CQCHOVDIAHVBMQ,data_cav_dev,CHEMBL3891844,
O=C(Nc1ccc(CC2CCC(C(O)c3ccccc3)N2)cc1)C1CCc2cccc(=O)n21,0,OZXUSBILVIKYQB-UHFFFAOYSA-N,OZXUSBILVIKYQB,CUPID,CUPID,
C=CCOC(=O)C1=C(C)NC(C)=C(C(=O)OCC=C)C1c1ccc(OC)c(OC)c1,1,OEPFDMMSCHGWRN-UHFFFAOYSA-N,OEPFDMMSCHGWRN,data_cav_dev,CHEMBL2063833,
C1CN(C(=O)CN1)CCC2=NC3=C(C=C(C=C3N2)C(F)(F)F)C(F)(F)F,0,YJURSVGZEAYRIM-UHFFFAOYSA-N,YJURSVGZEAYRIM,PubChem,88924674,
CCOC(=O)C1=C(C)N=C(C)/C(=C(/O)OCC)C1c1c(-c2ccccc2)noc1C(C)C,1,NXCFKLLOEZTCHO-HKOYGPOVSA-N,NXCFKLLOEZTCHO,data_cav_dev,CHEMBL75770,
CCOC(=O)C1=C(NC(=O)N(C1C2=CC(=CC=C2)[N+](=O)[O-])CC/C(=N/N(C(=O)C)C(=O)C)/OC(=O)C)C,0,OAHOZIJPBBWXOX-PLRJNAJWSA-N,OAHOZIJPBBWXOX,PubChem,137640736,28233679
COc1ccccc1-n1nc(OC2CC(C)(C)S(=O)(=O)C(C)(C)C2)cc1-c1ccc(C#N)cc1,1,LQNBSHGSEOTYDZ-UHFFFAOYSA-N,LQNBSHGSEOTYDZ,data_cav_dev,,73295087
COC1=CC(=C(C=C1)C2C3=CC=C(N3C4=CC=CC=C4S2)CNC5=CC=C(C=C5)F)OC,1,MHDNFULXWYWLAO-UHFFFAOYSA-N,MHDNFULXWYWLAO,PubChem,10503541,7473567
COc1ccccc1-n1nc(OC2CCN(C(C)=O)CC2)cc1-c1ccc(Cl)cc1,1,BDMBSHGVIWYMFZ-UHFFFAOYSA-N,BDMBSHGVIWYMFZ,data_cav_dev,,73296547
OCCOCCN1CCN(C2=Nc3ccccc3Sc3ccccc32)CC1,0,URKOMYMAXPYINW-UHFFFAOYSA-N,URKOMYMAXPYINW,CUPID,CUPID,
C[C@@H](CN1CCC2(C3=C(C[C@@H]1C2(C)C)C(=CC=C3)O)C)OCC4=CC=CC=C4,1,VCCBCXVFGHTDQN-UTUDTCQOSA-N,VCCBCXVFGHTDQN,PubChem,71449093,12166948
COc1ccccc1-n1nc(O[C@H]2CC[C@@H](NC(=O)C(F)(F)F)CC2)cc1-c1ccc(Cl)cc1,1,UGCISYLUHGKJKT-HDICACEKSA-N,UGCISYLUHGKJKT,data_cav_dev,CHEMBL3948329,
CS(=O)(=O)CCNCc1ccc(-c2ccc3ncnc(Nc4ccc(OCc5cccc(F)c5)c(Cl)c4)c3c2)o1,0,BCFGMOOMADDAQU-UHFFFAOYSA-N,BCFGMOOMADDAQU,CUPID,CUPID,
C1=CC(=C(C=C1Cl)Cl)COC(CN2C=CN=C2)C3=C(C=C(C=C3)Cl)Cl,1,BYBLEWFAAKGYCD-UHFFFAOYSA-N,BYBLEWFAAKGYCD,PubChem,4189,
CC1=NC(C)=C(C(=O)OC2CCCC2)C(c2csc(-c3ccc(Cl)cc3)n2)C1C(=O)OC1CCCC1,0,SCQHVCZRRFMJGL-UHFFFAOYSA-N,SCQHVCZRRFMJGL,CUPID,CUPID,
CCOC(=O)C1=C(C)NC(C)=C(C(=O)OCC)C1c1ccc(OCCCN2CCCC2)cc1,1,BWKFISMPBGBLSK-UHFFFAOYSA-N,BWKFISMPBGBLSK,data_cav_dev,CHEMBL4455698,
C1C2C1CN(C2)C(=O)C3=NC=C(C=C3)C#CC4=CC(=CC=C4)F,0,PEDQCOLPUZUUGO-UHFFFAOYSA-N,PEDQCOLPUZUUGO,PubChem,70789094,
CCOC(=O)C1=C(NC(=S)N(C1C2=CC(=CC=C2)[N+](=O)[O-])C(=O)N(C)C)C,1,XXBABGQIHWRAEY-UHFFFAOYSA-N,XXBABGQIHWRAEY,PubChem,14788046,2391701
C[C@H]1CN(CCO1)C2=NC(=O)NC(=C2)N(CCO)CC3=CC=CC4=CC=CC=C43,0,KXFCSDGILURUCG-INIZCTEOSA-N,KXFCSDGILURUCG,PubChem,70675846,23010262
CC1=CC(=C(N=C1)OC)CC[C@@](CC(=O)O)(C(=O)O)O,0,FGYMJXFSHBLHLW-CYBMUJFWSA-N,FGYMJXFSHBLHLW,PubChem,124203831,26734723
CS(=O)(=O)N1C=C2CN(CC2=N1)[C@@H]3C[C@@H]([C@H](OC3)C4=C(C=CC(=C4)F)F)N,0,MKMPWKUAHLTIBJ-ISTRZQFTSA-N,MKMPWKUAHLTIBJ,PubChem,46209133,24660890
CCOC(=O)C1=C(NC(=O)N(C1C2=CC(=CC=C2)[N+](=O)[O-])CCC(=O)N/N=C/3\N(C(=O)CS3)C4=CC=CC=C4)C,0,NJYCPSNIDHSFIM-PBBVDAKRSA-N,NJYCPSNIDHSFIM,PubChem,137656660,28233679
C#CCNC12C3C4CC5C3C(O1)C6C5C4C26,0,QAMJLJXYAMUKKC-UHFFFAOYSA-N,QAMJLJXYAMUKKC,PubChem,90676846,30503945
CN(C)CCCN1c2ccccc2CCc2ccc(Cl)cc21,0,GDLIGKIOYRNHDA-UHFFFAOYSA-N,GDLIGKIOYRNHDA,CUPID,CUPID,
COc1ccc(-c2ccc(C(=O)O)cc2C)cc1-c1cnc(N(C)C)cc1C1CCC2C(c3cc(C(F)(F)F)cc(C(F)(F)F)c3)OC(=O)N12,0,KNWQVUVOSNPPMV-UHFFFAOYSA-N,KNWQVUVOSNPPMV,CUPID,CUPID,
C1CN2CCC1C(C2)NC3=NC(=C4CNC(=O)N(C4=N3)C5=C(C=CC=C5Cl)Cl)C6=CC=CC=C6Cl,1,GVXWRVFQOVOOLI-UHFFFAOYSA-N,GVXWRVFQOVOOLI,PubChem,23647647,16750629
C1CN(CCC1N2C3=CC=CC=C3NC2=O)CCCC(C4=CC=C(C=C4)F)C5=CC=C(C=C5)F,1,YVUQSNJEYSNKRX-UHFFFAOYSA-N,YVUQSNJEYSNKRX,PubChem,16362,21300721
CCCN1C(C(=C(NC1=S)C)C(=O)OCC)C2=CC(=CC=C2)[N+](=O)[O-],1,NMUYSGNBSUTZOC-UHFFFAOYSA-N,NMUYSGNBSUTZOC,PubChem,14788047,2391701
CN1CCC2=CC(=C(C=C2C1CC3=CC=C(C=C3)OCC4=CC=CC=C4)OCC5=CC=CC=C5)OC,1,HZBGXMAYXSMTBE-UHFFFAOYSA-N,HZBGXMAYXSMTBE,PubChem,13892139,12880313
O=C(CC(c1ccccc1)c1ccccc1)N1CCN(C(c2ccccc2)c2ccc(Cl)cc2Cl)CC1,0,UAEWMWAZJFGSNI-UHFFFAOYSA-N,UAEWMWAZJFGSNI,data_cav_dev,CHEMBL599833,
COC1=C(C(=C(C=C1)F)C(=O)N2CCC([C@H](C2)OC3=NC4=CC=CC=C4C=C3)(F)F)F,1,YYBYVQOKVCZREF-KRWDZBQOSA-N,YYBYVQOKVCZREF,PubChem,77107592,27818110
C1CN(CC(C1(F)F)OC2=NC3=CC=CC=C3C=C2)C(=O)C4=CC(=CC=C4)F,1,RVICREDFQQJBFY-UHFFFAOYSA-N,RVICREDFQQJBFY,PubChem,134155036,27818110
COc1ccc(-c2cc(OC3CC(C)(C)OC(C)(C)C3)nn2-c2ccccc2OC)cc1,1,YEOAYGDVMJPHGG-UHFFFAOYSA-N,YEOAYGDVMJPHGG,data_cav_dev,CHEMBL3922498,
C1CN(CCN1CC2=CNC3=C2C=CC=N3)C4=CC=C(C=C4)Cl,1,OGJGQVFWEPNYSB-UHFFFAOYSA-N,OGJGQVFWEPNYSB,PubChem,5311200,11170639
CCOC(=O)C1=C(C)NC(C)=C(C(=O)OCC)C1c1ccc(Br)cc1,1,UJDAVWDVWMBSLW-UHFFFAOYSA-N,UJDAVWDVWMBSLW,data_cav_dev,CHEMBL2063644,
CC1=CC2=CC(=C(C(=C2C(=O)O1)O)O)CCC(=O)OC,0,RQPAEAIGXOANQF-UHFFFAOYSA-N,RQPAEAIGXOANQF,PubChem,118706244,24786728
O=C(NC1CC1c1ccccc1)N1CCC(n2cncn2)CC1,0,AGJNHDXJGSWJRI-UHFFFAOYSA-N,AGJNHDXJGSWJRI,CUPID,CUPID,
COC1=CC=CC=C1C(=O)N2CCC(C(C2)OC3=NC4=CC=CC=C4C=C3)(F)F,1,HFJZNWHZVHFPNG-UHFFFAOYSA-N,HFJZNWHZVHFPNG,PubChem,77105390,27818110
O=C(Cn1cnc2ccccc2c1=O)Nc1ccc(CC2CCC(C(O)c3ccccc3)N2)cc1,0,RJTCPQUWULEEAK-UHFFFAOYSA-N,RJTCPQUWULEEAK,CUPID,CUPID,
CC(C)(C)NC(=O)CN1C2=CC(=C(C=C2N=C1CN3CCNCC3=O)Cl)Cl,0,KNCDLQHVGSZWHZ-UHFFFAOYSA-N,KNCDLQHVGSZWHZ,PubChem,90256591,
CCOC(=O)C1=C(NC(=C(C1CCC2=CC=CC=C2)C(=O)OC)C)C,1,FANYDEWGHXCHSO-UHFFFAOYSA-N,FANYDEWGHXCHSO,PubChem,10521325,8709132
CN1CC(C2=C(C1)C=C(C=C2)OCCCN3CCC(CC3)F)C4=CC=C(C=C4)SC,0,ZYALYWXELCWDBL-UHFFFAOYSA-N,ZYALYWXELCWDBL,PubChem,11618807,17127059
CCC1=C(C=CC(=C1)CC(=O)NC2=NN(C=C2)CC3=NC=C(C=C3)C#N)OCC(F)(F)F,1,UXEUCTHNMIENKB-UHFFFAOYSA-N,UXEUCTHNMIENKB,PubChem,126740608,29116786
C#CCn1cc(CN(C)C)c2cc(Br)ccc21,0,DBRHSMZHSWEION-UHFFFAOYSA-N,DBRHSMZHSWEION,data_cav_dev,CHEMBL4591052,
CC(C)[C@H]1C2=C(C=C(C=C2)F)C(C[C@@]1(CCN(C)CCCC3=NC4=CC=CC=C4N3)OC(=O)COC)(C)C,1,CAFYOFMRFOIFOW-IGYGKHONSA-N,CAFYOFMRFOIFOW,PubChem,122187854,26231163
C1CCN(C1)CCN2CCN(CC2)C3=NC4=CC=CC=C4C(N3C5=CC=C(C=C5)C6=CC=CC=C6)CC(=O)NCC7=CC=C(C=C7)F,1,BIODDABJQKPLQA-UHFFFAOYSA-N,BIODDABJQKPLQA,PubChem,137652520,28720332
CC(NC(=O)c1cc(C(F)(F)F)nn1C)c1nc(-c2ccnc(C(F)(F)F)c2)no1,0,SFSLHKNGLMRBTO-UHFFFAOYSA-N,SFSLHKNGLMRBTO,CUPID,CUPID,
C=c1c(C(=O)NCCN(CC)CC)c(C)[nH]c1=Cc1c(O)[nH]c2ccc(F)cc12,0,MAXXXDSMDPPTEE-UHFFFAOYSA-N,MAXXXDSMDPPTEE,CUPID,CUPID,
CCN=C1NC2C(OC(C)C(O)C2O)S1,0,NVPHCPSHUAUQSI-UHFFFAOYSA-N,NVPHCPSHUAUQSI,CUPID,CUPID,
CCOC(=O)C1=C(N=C2C(=C1C3=CC(=C(C=C3)OC)OC)C(=C4CCCCCC4=N2)N)C,1,FFKCNARCPCGPQH-UHFFFAOYSA-N,FFKCNARCPCGPQH,PubChem,44445181,30739821
CCN(CC)CCN1C(=C(C(C(=C1CSC2=CC=CC=C2)C(=O)OCC)C3=CC=CC=C3C(F)(F)F)C#N)C,1,RBXKJOZSEFAMAW-UHFFFAOYSA-N,RBXKJOZSEFAMAW,PubChem,15050265,2066997
CCN(CC)c1ccc(C2C(C(=O)OC)=C(C)NC(C)=C2C(=O)OC)cc1,1,AVSBMSOWEMUGBD-UHFFFAOYSA-N,AVSBMSOWEMUGBD,data_cav_dev,CHEMBL2063840,
CCO/C(O)=C1\C(C)=NC(=S)N(C(=O)OC(C)C)C1c1cccc([N+](=O)[O-])c1,1,IXIXBYHIWIUFLB-JQIJEIRASA-N,IXIXBYHIWIUFLB,data_cav_dev,CHEMBL330707,
COC(=O)C1C(C)=NC(=O)NC1c1cccc([N+](=O)[O-])c1,0,ALKDDYJWQXMHMR-UHFFFAOYSA-N,ALKDDYJWQXMHMR,CUPID,CUPID,
CN1CCC2=CC(=C(C=C2C1CC3=CC=C(C=C3)O)OC)OC,1,ZBKFZIUKXTWQTP-UHFFFAOYSA-N,ZBKFZIUKXTWQTP,PubChem,98348,12880313
O=C(N[C@H]1CN2CCC1CC2)c1cc2ccoc2cn1,0,IPKZCLGGYKRDES-ZDUSSCGKSA-N,IPKZCLGGYKRDES,data_cav_dev,CHEMBL214268,
CC1=C(C(C(=C(N1)C)C(=O)OC)C2=CC=CS2)C(=O)OC,0,YMVGDYYRAKPUNZ-UHFFFAOYSA-N,YMVGDYYRAKPUNZ,PubChem,619188,19880323
CC(C)(C)NC(=O)Cn1c(C(=O)NC(C)(C)C)cc2cc(C(C)(C)C(=O)NC(C)(C)C)ccc21,1,DMXXHOVVWMOBRX-UHFFFAOYSA-N,DMXXHOVVWMOBRX,data_cav_dev,CHEMBL1643738,
CN(C)CC1=CC=C2N1C3=CC=CC=C3OC2C4=CC=C(C=C4)OC,0,IIIHJSIXKBKHLC-UHFFFAOYSA-N,IIIHJSIXKBKHLC,PubChem,10759159,7473567
CCOC(=O)C1=C(NC(=C(C1C2=CC=CC=C2C3=C4C=CC=CC4=CC5=CC=CC=C53)C(=O)OCC)C)C,0,MZUWUOHYPWPBOP-UHFFFAOYSA-N,MZUWUOHYPWPBOP,PubChem,44318679,
O=C(Nc1cccc(F)c1)N1N=C(c2ccc(Br)cc2)CC1c1ccc(F)cc1,1,RVUKXXPNEGFYBD-UHFFFAOYSA-N,RVUKXXPNEGFYBD,data_cav_dev,CHEMBL3966141,
CCOC(=O)C1=C(C)N=C(C)/C(=C(/O)OCC)C1c1c(-c2ccccc2)noc1C,1,RKTLPLNLALGPKT-OQKWZONESA-N,RKTLPLNLALGPKT,data_cav_dev,CHEMBL305903,
CC(=O)O[C@H]1[C@H](SC2=C(C=CC=C2Cl)N3C1=CC=C3CN(C)C)C4=CC=CC=C4,1,JGXAGHYDVHPDLO-FGZHOGPDSA-N,JGXAGHYDVHPDLO,PubChem,10836216,8709127
CC(C)C(C#N)(C1CCCC(C1)NCCC2=CC(=C(C=C2)OC)OC)C3=CC(=C(C=C3)OC)OC,1,DUNPNGZZOYBONZ-UHFFFAOYSA-N,DUNPNGZZOYBONZ,PubChem,44359060,8474099
CC1=CC2=C(O1)C=CC(=C2)NC(=N[C@H]3CCCCN(C3=O)CC(=O)N4CCCC4)NC#N,0,BQUXAJWDRCSKFN-IBGZPJMESA-N,BQUXAJWDRCSKFN,PubChem,44249821,19541481
CCCC(=O)OC1=C(SC2=CC=CC=C2N3C1=CC=C3)C4=CC=CC=C4,1,LILWTEOGNVXVQO-UHFFFAOYSA-N,LILWTEOGNVXVQO,PubChem,378546,8709127
CC1=C(C(C(=C(N1)C)C(=O)OC/C=C/C2=CC=CC=C2)C3=CC(=CC=C3)F)C(=O)O,1,YZEIISKSBLHAIM-JXMROGBWSA-N,YZEIISKSBLHAIM,PubChem,22949304,16309909
CC1=NC(C)=C(C(=O)OC2CCCCC2)C(c2csc(-c3ccc(Cl)cc3)n2)C1C(=O)OC1CCCCC1,0,QQLRRFULRZSIPR-UHFFFAOYSA-N,QQLRRFULRZSIPR,CUPID,CUPID,
C1CN(CCN1CCCC(C2=CC=C(C=C2)F)C3=CC=C(C=C3)F)C(=O)OCCC4=CC=C(C=C4)F,1,NEUFWHZAVWYYSZ-UHFFFAOYSA-N,NEUFWHZAVWYYSZ,PubChem,11071079,11585444
CCOC(=O)C1=C(NC(=C(C1C2=CC=CC=C2C(F)(F)F)C#N)C)CS(=O)(=O)C3=CC=CC=C3,1,YVEYARLKSWBQHO-UHFFFAOYSA-N,YVEYARLKSWBQHO,PubChem,15050257,2066997
CCOC(=O)C1=C(NC(=C([C@@H]1C2=C(C=CN=C2)C3=CC=CC=C3)C#N)C)C,1,KPTVIFYXSIIULZ-OAQYLSRUSA-N,KPTVIFYXSIIULZ,PubChem,44318678,
CCC1CCC(n2c(=O)cc(O)n(CCc3cccc(Cl)c3)c2=O)C1,0,DAKJLAJXDRCJER-UHFFFAOYSA-N,DAKJLAJXDRCJER,CUPID,CUPID,
O=C(Cn1cnccc1=O)Nc1ccc(CC2CCC(C(O)c3ccccc3)N2)cc1,0,URTFFBLBZSMIET-UHFFFAOYSA-N,URTFFBLBZSMIET,CUPID,CUPID,
CC(C)n1cc(CN2CCC3(CC2)CC(=O)N(c2ccc(C(=O)O)cc2)C3)c2c(C3CC3)cccc21,1,RXUODJMQFRVNSY-UHFFFAOYSA-N,RXUODJMQFRVNSY,data_cav_dev,CHEMBL4278328,
CC1(C)CCOc2c(Cl)cc(CN3CCC4(CC3)CC(=O)N(c3ccc(C(=O)O)cc3)C4)cc21,1,SPKKAJSHCXENCX-UHFFFAOYSA-N,SPKKAJSHCXENCX,data_cav_dev,CHEMBL4284867,
CN(C[C@H]1Cc2c(cccc2N2CCNCC2)CN1)[C@H]1CCCc2cccnc21,0,HVYXYPWZDRWKCC-OFNKIYASSA-N,HVYXYPWZDRWKCC,data_cav_dev,,145950976
CCOC1=CC=C(C=C1)N2C(=C3C(=NN=C(C3=C2C)N4CC(OC(C4)C)C)C)C,1,MKQOBUSLJOMKNU-UHFFFAOYSA-N,MKQOBUSLJOMKNU,PubChem,44407304,16321528
CN(CC1=NC2=C(C=C(C=C2N1)C(F)(F)F)C(F)(F)F)S(=O)(=O)N,0,MZMKMDNGWCTKPG-UHFFFAOYSA-N,MZMKMDNGWCTKPG,PubChem,90256443,
CCOC(=O)C1=C(NC(=C(C1C2=CC(=CC=C2)OCC(=O)N3CCCCC3)C(=O)OC)C)C,1,FRKBAVRTKLUQEL-UHFFFAOYSA-N,FRKBAVRTKLUQEL,PubChem,76308152,
O=c1cc(O)n(CCc2cccc(Cl)c2)c(=O)n1C1CCCC1O,0,BTGVFEVUFHSILR-UHFFFAOYSA-N,BTGVFEVUFHSILR,CUPID,CUPID,
CCCCOc1ccc(C2C(C(=O)OCC)=C(C)NC(C)=C2C(=O)OCC)cc1,1,UUOMYKGNURHADY-UHFFFAOYSA-N,UUOMYKGNURHADY,data_cav_dev,CHEMBL2063844,
CC1=C(C(C(=C(N1)C)C(=O)OCC2CCCO2)C3=CC(=CC=C3)[N+](=O)[O-])C(=O)OCCCN4C(=O)C5=CC=CC=C5S4(=O)=O,1,GDLLWALDMXKRJE-UHFFFAOYSA-N,GDLLWALDMXKRJE,PubChem,15041237,1377748
CCOc1cc(C(=O)Nc2cc(C(F)(F)F)ccn2)ccc1-c1nc(C23CCC(C(=O)O)(CC2)CC3)n2ccnc(N)c12,0,LQQCSYOAQDXWAD-UHFFFAOYSA-N,LQQCSYOAQDXWAD,CUPID,CUPID,
C1CN(CCC1C2=CN(C3=C2C=C(C=C3)Cl)C4=CC=C(C=C4)F)CCN5CCNC5=O,1,GZKLJWGUPQBVJQ-UHFFFAOYSA-N,GZKLJWGUPQBVJQ,PubChem,60149,23812503
O=C(O)c1ccc(-n2nc(-c3ccccc3O)nc2-c2ccccc2O)cc1,0,BOFQWVMAQOTZIW-UHFFFAOYSA-N,BOFQWVMAQOTZIW,CUPID,CUPID,
CC1=C(C(C(=C(N1)C)C(=O)OC)C2=C(ON=C2C)C)C(=O)OC,1,YVJFZLQDGVKDKH-UHFFFAOYSA-N,YVJFZLQDGVKDKH,PubChem,14762901,2142737
O=C(NC1CC1c1ccccc1)N1CCC(c2nc(-c3ncccn3)no2)CC1,0,DIYUAKHOKKCOEE-UHFFFAOYSA-N,DIYUAKHOKKCOEE,CUPID,CUPID,
C[C@H](C1=CC(=CN2C1=NC(=CC2=O)N3CCOCC3)C(=O)N(C)CCO)OC4=CC=CC=C4,0,IEYLWEAQUDHMKS-QGZVFWFLSA-N,IEYLWEAQUDHMKS,PubChem,118709092,25042253
CC1CC[C@@]2([C@@]3(C[C@]4([C@@]5(C([C@]2(C1O)O4)O[C@]3(C([C@@]5(C(C)C)O)OC(=O)C6=CC=CN6)NO)C)O)C)O,1,XMEBJEJAIQGDMF-XFTAZXNLSA-N,XMEBJEJAIQGDMF,PubChem,49823658,8387597
C1CN(CCC1C2=NC(=NO2)C3=NC4=CC=CC=C4C=C3)C(=O)NC5CC5C6=CC=CC=C6,1,YZQWPJWDFKAQSN-UHFFFAOYSA-N,YZQWPJWDFKAQSN,PubChem,45271618,19645482
CCOC(=O)[C@H]1[C@H]2/C(=C(\O)OCC)C(C)=N[C@]1(C)Sc1cc([N+](=O)[O-])ccc12,1,WOSXQVHCZORUMF-RAQPGAAPSA-N,WOSXQVHCZORUMF,data_cav_dev,CHEMBL2110167,
Cc1cc(Oc2cncnc2)cc(C(=O)Nc2ccc(F)cn2)n1,0,RBAHIIPVJVMACF-UHFFFAOYSA-N,RBAHIIPVJVMACF,data_cav_dev,,60168069
CCOC(=O)C1=C(NC(=C(C1C2=CC=CC=C2C(F)(F)F)C#N)C)CSC3=CC=CC=C3,1,POHLNBXXMORCFG-UHFFFAOYSA-N,POHLNBXXMORCFG,PubChem,14128492,2066997
CCCC(CNC1=NCCCCCCCCCCC1)(C2=CC=CC=C2)C3=CC=CC=C3,1,GPBIVGMZDLYCDG-UHFFFAOYSA-N,GPBIVGMZDLYCDG,PubChem,14997863,
C#CCn1cc(CN(C)C)c2cc(Cl)ccc21,0,NOKMZWPVHUMXAB-UHFFFAOYSA-N,NOKMZWPVHUMXAB,data_cav_dev,CHEMBL4288058,
CCOC(=O)C1=C(NC(=NC1C2=CC=CC=C2C(F)(F)F)SC)C,1,HKWBTRNGUFFCKG-UHFFFAOYSA-N,HKWBTRNGUFFCKG,PubChem,14097255,2329573
CC1=C(C(C(=C(N1)C)C(=O)OCC(C)C)C2=CC=CC=C2[N+](=O)[O-])C(=O)OC,1,VKQFCGNPDRICFG-UHFFFAOYSA-N,VKQFCGNPDRICFG,PubChem,4499,15454078
CCOC(=O)C1=C(NC(=O)N(C1C2=CC(=CC=C2)[N+](=O)[O-])CCC(=O)N/N=C(/C)\C(C3=CC=CC=C3)C4=CC=CC=C4)C,0,LHVAYKIUGJDJDS-VQNDASPWSA-N,LHVAYKIUGJDJDS,PubChem,137640232,28233679
CCOC(=O)C1=C(NC(=C(C1C2=CC=CC=C2C(F)(F)F)C#N)C)CS(=O)C3=CC(=C(C=C3)Cl)Cl,1,CTGBCMOTCLNCIQ-UHFFFAOYSA-N,CTGBCMOTCLNCIQ,PubChem,15050350,2066997
C[C@@H](C1=CC=CC=C1)NC(=O)C2=C(C(=NC3=CC=CC=C32)C4=CC(=CC=C4)C(F)(F)F)CN5CCC(CC5)N6CCCCC6,1,CPDKCWNAYYOWLG-VWLOTQADSA-N,CPDKCWNAYYOWLG,PubChem,137647980,28523109
CC1=C(C(C(=C(N1)C)C(=O)OCC(C)C)C2=CC(=CC=C2)[N+](=O)[O-])C(=O)OC,1,MRSJBSHLMOBYSH-UHFFFAOYSA-N,MRSJBSHLMOBYSH,PubChem,10091655,3339603
CCOC(=O)C1=C(C)NC(C)=C(C(=O)OCC)C1c1ccc(OCCN2CCCCC2)cc1,1,ATSZNBUNXOVIFL-UHFFFAOYSA-N,ATSZNBUNXOVIFL,data_cav_dev,CHEMBL4465625,
CCOC(=O)N1C(=S)N=C(C)/C(=C(/O)OCC)C1c1ccccc1Cl,1,NVLFDWLIOVSYAF-FYWRMAATSA-N,NVLFDWLIOVSYAF,data_cav_dev,CHEMBL315298,
CCN(CC)CCNC(=O)c1c(C)[nH]c(/C=C2\C(=O)Nc3ccc(F)cc32)c1C,0,WINHZLLDWRZWRT-ATVHPVEESA-N,WINHZLLDWRZWRT,data_cav_dev,CHEMBL535,
CC(N=C(NC#N)Nc1ccc(OC(F)F)cc1)C(C)(C)C,0,RQQHULDBOPRDIF-UHFFFAOYSA-N,RQQHULDBOPRDIF,CUPID,CUPID,
CC(C)[C@H](C1=CC=C(C=C1)F)NC(=O)CC2CCN(CC2)CCC3=CC=CC=C3OC,1,ABJBRPYPOFALNR-AREMUKBSSA-N,ABJBRPYPOFALNR,PubChem,56931037,
CC1(C)CCC(n2c(=O)cc(O)n(CCc3ccc(Cl)cc3)c2=O)C1,0,SBBWRZBXKBXETC-UHFFFAOYSA-N,SBBWRZBXKBXETC,CUPID,CUPID,
CC(C)(C)NC(=O)Cn1c(C(C)(C)C)cc2cc(C(C)(C)C(=O)NC(C)(C)C)ccc21,1,GEBISPTWUCDYIX-UHFFFAOYSA-N,GEBISPTWUCDYIX,data_cav_dev,CHEMBL1643737,
O=C(NCC1CCCCN1)c1cc(OCC(F)(F)F)ccc1OCC(F)(F)F,0,DJBNUMBKLMJRSA-UHFFFAOYSA-N,DJBNUMBKLMJRSA,data_cav_dev,CHEMBL652,
CCCCC/C=C\C/C=C\C/C=C\C/C=C\CCCC(=O)O,1,YZXBAPSDXZZRGB-DOFZRALJSA-N,YZXBAPSDXZZRGB,PubChem,444899,22761000
C1[C@H](CO[C@@H]([C@H]1N)C2=C(C=CC(=C2)F)F)N3CC4=C(C3)NN=C4,0,JFUBTJMMAHQVJI-DIOULYMOSA-N,JFUBTJMMAHQVJI,PubChem,24769723,23972441
CC1=C(N2CCC3(CCN(CC(O)c4ccc5c(c4C)COC5=O)CC3)C2=O)COC1=O,0,KDAIMYGCILCZSH-UHFFFAOYSA-N,KDAIMYGCILCZSH,CUPID,CUPID,
Cc1nccn1-c1ccc(-c2cn(CC(=O)Nc3cccc(Cl)c3Cl)nn2)cn1,0,FEYQJDCJMVTWIG-UHFFFAOYSA-N,FEYQJDCJMVTWIG,CUPID,CUPID,
CCCCCCCCCCCCOC(=O)C1=C(NC(=C(C1C2=CC=CC=C2C(F)(F)F)C(=O)OC)C)C,1,PRWXRQIEOLXETF-UHFFFAOYSA-N,PRWXRQIEOLXETF,PubChem,10481896,8246246
C1=CC=C(C=C1)/C=C/COC(=O)C2=CNC=C(C2C3=CC(=CC=C3)Cl)C(=O)O,1,ZANHNVIIYGGYGW-VMPITWQZSA-N,ZANHNVIIYGGYGW,PubChem,22949277,22560585
COC1=C(C=CC(=C1)/C=C/C(=O)CC(=O)/C=C/C2=CC=C(C=C2)O)O,1,HJTVQHVGMGKONQ-LUZURFALSA-N,HJTVQHVGMGKONQ,PubChem,5469424,28068085
CC1(C)C2CCC(Cn3c(=O)cc(O)n(CCc4ccc(Cl)cc4)c3=O)C1C2,0,CVOLQGQWSZAROK-UHFFFAOYSA-N,CVOLQGQWSZAROK,CUPID,CUPID,
CC(C)(C(=O)NCC1=NC2=C(C=C(C=C2N1)C(F)(F)F)C(F)(F)F)N,0,XKSSEIWQCIJGBO-UHFFFAOYSA-N,XKSSEIWQCIJGBO,PubChem,60194706,
CC(C)(C)CCN1CCC(CNC(=O)c2cc(Cl)cc(Cl)c2)C(F)C1,0,HQZBFDAIHIKVRO-UHFFFAOYSA-N,HQZBFDAIHIKVRO,CUPID,CUPID,
CCOC1=CC=C(C=C1)N2C(=C3C(=NN=C(C3=C2C)C4=CC=C(C=C4)OC)C)C,1,MAVSIHLGKQXFQR-UHFFFAOYSA-N,MAVSIHLGKQXFQR,PubChem,10452807,14980685
O=C1c2cccc3c2C(CCC3)CN1C1CN2CCC1CC2,0,CPZBLNMUGSZIPR-UHFFFAOYSA-N,CPZBLNMUGSZIPR,CUPID,CUPID,
COC(=O)C1=C(C)N(C)C(C)=C(C(=O)OC)C1c1ccc(Cl)c(Cl)c1,1,SMFNNFXLPNEQAU-UHFFFAOYSA-N,SMFNNFXLPNEQAU,data_cav_dev,CHEMBL2063829,
CC1=C(C(C(=C(N1)C)C(=O)OC/C=C/C2CCCCC2)C3=CC(=CC=C3)Cl)C(=O)O,1,YRSIPKQVLZTEFV-JXMROGBWSA-N,YRSIPKQVLZTEFV,PubChem,44407404,16309909
O=C1OCc2cc(CCN3CCN(C(=O)Cc4ccc(-n5cnnn5)cc4)CC3)ccc21,0,LKLRNYYBQWYHND-UHFFFAOYSA-N,LKLRNYYBQWYHND,CUPID,CUPID,
Cc1c(C2CN3CCN(C(=O)Cc4ccc(-n5cnnn5)cn4)CC3CO2)ccc(F)c1C#N,0,XHSSYBXTQWHQSD-UHFFFAOYSA-N,XHSSYBXTQWHQSD,CUPID,CUPID,
CSC1=NC(=C2CNC(=O)N(C2=N1)C3=C(C=CC=C3Cl)Cl)C4=CC=CC=C4Cl,1,IUZOUTVXISMGDV-UHFFFAOYSA-N,IUZOUTVXISMGDV,PubChem,23647629,16750629
CCOC(=O)C1=C(NC(=C(C1C2=CC=CC=C2C(F)(F)F)C(=O)OCCCN3C(=O)C4=CC=CC=C4S3(=O)=O)C)C,1,RMCPASUBRXFGCV-UHFFFAOYSA-N,RMCPASUBRXFGCV,PubChem,15041266,1377748
CC(C)(C)NC(=O)Cn1c(-c2ccc(F)cc2F)cc2cc(C(C)(C)C(=O)NC(C)(C)C)ccc21,1,RIXMAIPAVTVMOH-UHFFFAOYSA-N,RIXMAIPAVTVMOH,data_cav_dev,CHEMBL1643732,
CC(C)(C)NC(=O)Cn1c(-c2ccccc2)cc2cc(C(C)(C)C(=O)NC(C)(C)C)ccc21,1,PFOCNQRWWASAAD-UHFFFAOYSA-N,PFOCNQRWWASAAD,data_cav_dev,CHEMBL1643728,
CN(C)CCCCCN(C)C1=NC2=C(C=C(C=C2F)F)C(N1C3=CC=C(C=C3)C4=CC=CC=C4)CC(=O)NCC5=CC=CC=C5,1,HXAIKCGBLJLXQU-UHFFFAOYSA-N,HXAIKCGBLJLXQU,PubChem,137636153,28720332
CC1=C([C@@H](C(=C(N1)C)C(=O)O[C@H]2CCN(C2)CC3=CC=CC=C3)C4=CC(=CC=C4)[N+](=O)[O-])C(=O)OC,1,VXMOONUMYLCFJD-DHLKQENFSA-N,VXMOONUMYLCFJD,PubChem,443869,22761000
C1CC1N(C2CCNCC2)S(=O)(=O)C3=CC=C(C=C3)Cl,1,VPHDHADTKGTAEZ-UHFFFAOYSA-N,VPHDHADTKGTAEZ,PubChem,2735724,16913709
C[C@@H](c1ncncc1F)[C@](O)(Cn1cncn1)c1ccc(F)cc1F,0,BCEHBSKCWLPMDN-MGPLVRAMSA-N,BCEHBSKCWLPMDN,data_cav_dev,CHEMBL638,
Cc1cc(-c2cc(OC(F)(F)F)ccc2Cl)cc(C)c1OCCCC(=O)O,0,KRJOUGOTSWPYDG-UHFFFAOYSA-N,KRJOUGOTSWPYDG,CUPID,CUPID,
CC1=CC2=C(C=C1)NC(=O)N2C3CCN(CC3)CC4=CC5=C(C=C4Cl)OCO5,1,PAJSQNJPMJTKTN-UHFFFAOYSA-N,PAJSQNJPMJTKTN,PubChem,10949380,11585444
CCOC(=O)C(C)(C)c1ccc2c(c1)c([C@H](C)CO)c(-c1cc(C)cc(C)c1)n2C(=O)OC(C)(C)C,1,TYGGJSPSDQOABJ-HXUWFJFHSA-N,TYGGJSPSDQOABJ,data_cav_dev,CHEMBL1643713,
C1CC[C@@H]([C@H](C1)C(=O)NCC2=NC3=C(C=C(C=C3N2)C(F)(F)F)C(F)(F)F)N,0,WNUICAKVAIZFRY-ONGXEEELSA-N,WNUICAKVAIZFRY,PubChem,90256442,
CC(C)(C)C1=CC(=CC(=C1O)C(C)(C)C)C2N(C(=O)CS2)CCCN(C)CC3=CC4=C(C=C3)OCO4,1,TUGILCFBIODMPH-UHFFFAOYSA-N,TUGILCFBIODMPH,PubChem,10791881,9784106
CC1=C(C(=O)OCc2ccccc2)C(c2ccc(O)cc2)C(C(=O)OCc2ccccc2)=C(C)N1,1,AYUVJQFYWNTUNE-UHFFFAOYSA-N,AYUVJQFYWNTUNE,data_cav_dev,CHEMBL2063655,
CC(C)(C)NC(=O)Cn1c(-c2cccc(OC(F)(F)F)c2)cc2cc(C(C)(C)C(=O)NC(C)(C)C)ccc21,1,IYFHTLITWVCFNG-UHFFFAOYSA-N,IYFHTLITWVCFNG,data_cav_dev,CHEMBL1643734,
CNC1(CCCCC1=O)C2=CC=CC=C2Cl,1,YQEZLKZALYSWHR-UHFFFAOYSA-N,YQEZLKZALYSWHR,PubChem,3821,
C1COCCC1[C@@H]2C3=C(C[C@@H](N2)C4=NC=C(N4)C5=CC=CC=C5)C6=CC=CC=C6N3,1,WTEHMPUGVAOZBF-FYYLOGMGSA-N,WTEHMPUGVAOZBF,PubChem,57384077,24900466
C=CCOC(=O)C1=C(C)NC(C)=C(C(=O)OCC=C)C1c1cccc(Cl)c1,1,LKTUJASDDXLJIC-UHFFFAOYSA-N,LKTUJASDDXLJIC,data_cav_dev,CHEMBL2063950,
C1C2=C(N=C(N=C2N(C(=O)N1)C3=C(C=CC=C3Cl)Cl)N)C4=CC=CC=C4Cl,1,PQASAXDWZSDGOL-UHFFFAOYSA-N,PQASAXDWZSDGOL,PubChem,23647631,16750629
CC1=C([C@H](C(=C(N1)C)C(=O)OC(C)(C)C)C2=CC(=CC=C2)[N+](=O)[O-])C(=O)OC,1,YXPRKGBMFPQBDH-QGZVFWFLSA-N,YXPRKGBMFPQBDH,PubChem,46861877,20408553
CC(C)(C)NC(=O)Cn1c(-c2cc(C(F)(F)F)cc(C(F)(F)F)c2)cc2cc(C(C)(C)C(=O)NC(C)(C)C)ccc21,1,NQTIGCUCDYLION-UHFFFAOYSA-N,NQTIGCUCDYLION,data_cav_dev,CHEMBL1643730,
CC1CCCN(C1)C(=O)COC2=C(C=C(C=C2)C3C(=C(NC(=C3C(=O)OC)C)C)C(=O)OC)OC,1,FGILMNITUPCUGA-UHFFFAOYSA-N,FGILMNITUPCUGA,PubChem,76322651,
CCOC1=CC(=C(C=C1)OC2=CC=C(C=C2)OCC3=C(C=CC(=C3)F)F)N,1,YSUBLPUJDOWYDP-UHFFFAOYSA-N,YSUBLPUJDOWYDP,PubChem,644100,
O=c1c(-c2ccc(O)cc2)coc2cc(O)cc(O)c12,0,TZBJGXHYKVUXJN-UHFFFAOYSA-N,TZBJGXHYKVUXJN,CUPID,CUPID,
CC1CC(=NN1C(=O)NC2=CC=C(C=C2)F)C3=CC=CC=C3,1,FSXQKPHYXXIDGN-UHFFFAOYSA-N,FSXQKPHYXXIDGN,PubChem,134153846,27579577
CC(NCCC(c1ccccc1)c1ccccc1)c1ccccc1,0,NMKSAYKQLCHXDK-UHFFFAOYSA-N,NMKSAYKQLCHXDK,CUPID,CUPID,
CCOC(=O)C1=C(NC(=C(C1C2=CC=CC=C2C)C#N)C)CS(=O)(=O)C3=CC=NC=C3,1,MNUPPHGYXOQJQM-UHFFFAOYSA-N,MNUPPHGYXOQJQM,PubChem,15050373,2066997
C1CN(CCC12C(=O)NCN2C3=CC=CC=C3)CC4=CC5=C(C=C4Cl)OCO5,1,QATNQFJQXRFOHL-UHFFFAOYSA-N,QATNQFJQXRFOHL,PubChem,11143820,11585444
CC(C)(C)C1=CC(=CC(=C1O)C(C)(C)C)C2N(C(=O)CS2)CCCN(C)CCOC3=CC(=C(C(=C3)OC)OC)OC,1,LGXYJZXPHICFLX-UHFFFAOYSA-N,LGXYJZXPHICFLX,PubChem,10793509,9784106
CC(Cc1cc2c(c(C(N)=O)c1)N(CCCO)CC2)NCCOc1ccccc1OCC(F)(F)F,0,PNCPYILNMDWPEY-UHFFFAOYSA-N,PNCPYILNMDWPEY,CUPID,CUPID,
CC(C)N1CCC(CC1)NC2=NC(=C3CNC(=O)N(C3=N2)C4=C(C=CC=C4Cl)Cl)C5=CC=CC=C5Cl,1,BKHYXAHELNMVSF-UHFFFAOYSA-N,BKHYXAHELNMVSF,PubChem,16043321,16750629
C=CCOC(=O)C1=C(C)NC(C)=C(C(=O)OCC=C)C1c1ccc(C(C)C)cc1,1,JAIWOMOJQVUXQD-UHFFFAOYSA-N,JAIWOMOJQVUXQD,data_cav_dev,CHEMBL2063835,
CC1=C(C(C(=C(N1)C)C(=O)OCCCCCC[N+](C)(C)C)C2=CC=CC=C2C(F)(F)F)C(=O)OC,1,JCYWSLRBVSKYOR-UHFFFAOYSA-O,JCYWSLRBVSKYOR,PubChem,10391126,8246246
C1CN(CC=C1N2C3=CC=CC=C3NC2=O)CCCC(=O)C4=CC=C(C=C4)F,1,RMEDXOLNCUSCGS-UHFFFAOYSA-N,RMEDXOLNCUSCGS,PubChem,3168,23812503
CC1=C(C(C(=C(N1)C)[N+](=O)[O-])C2=CC=CC3=[N+](ON=C32)[O-])C(=O)OC.CC1=C(C(C(=C(N1)C)[N+](=O)[O-])C2=CC=CC3=NO[N+](=C32)[O-])C(=O)OC,0,XFULQPWNSNHVSC-UHFFFAOYSA-N,XFULQPWNSNHVSC,PubChem,44281018,10212128
CC(=O)OC1=C(SC2=CC=CC=C2N3C1=CC=C3CN(C)C)C4=CC=CC=C4,0,KYYYVUQYXVVZAR-UHFFFAOYSA-N,KYYYVUQYXVVZAR,PubChem,10596569,8709127
COC(=O)C1=C(C)N=C(C)C(C(=O)OC(C)(C)C)C1c1csc(-c2ccc(Cl)cc2)n1,0,CPGZODBVUDEWBP-UHFFFAOYSA-N,CPGZODBVUDEWBP,CUPID,CUPID,
C1CN(C(=O)CN1)CC2=NC3=C(N2)C=C(C=C3Cl)Cl,0,UGAVJYFWCXUYCV-UHFFFAOYSA-N,UGAVJYFWCXUYCV,PubChem,90257060,
CCCCCC(=O)OC1=C(SC2=CC=CC=C2N3C1=CC=C3)C4=CC=CC=C4,0,SIMQICJOBGHLIZ-UHFFFAOYSA-N,SIMQICJOBGHLIZ,PubChem,10000429,8709127
CCOC(=O)N1C(=S)N=C(C)/C(=C(/O)OCC)C1c1cccc(Cl)c1Cl,1,ZDUFPHWRWAGROF-NTCAYCPXSA-N,ZDUFPHWRWAGROF,data_cav_dev,CHEMBL329897,
CCOC(=O)C1=C(NC(=C(C1C2=CC(=CC=C2)[N+](=O)[O-])C#N)C)CS(=O)(=O)C3=CC=CC=C3,1,YZMRSSVIAYKYHU-UHFFFAOYSA-N,YZMRSSVIAYKYHU,PubChem,15050332,2066997
NC1=NC23C(N1)C(Cn1c(O)ccc1O)N=C(N)N2CC(NC(=O)c1cccc2c1CCCC2)C3(O)O,0,UZNYYQDFEIQNTR-UHFFFAOYSA-N,UZNYYQDFEIQNTR,CUPID,CUPID,
CCOC(=O)C1=C(NC(=C(C1C2=CC(=CC=C2)[N+](=O)[O-])C(=O)OCC)C)C,1,ITAOFSSOVNYZCS-UHFFFAOYSA-N,ITAOFSSOVNYZCS,PubChem,282663,22889557
CCOC(=O)C1=C(NC(=C(C1C2=CC=CC=C2C(F)(F)F)C(=O)OCC)CS(=O)C3=CC=CC=C3)C,1,ZWWDOSATBMTSFK-UHFFFAOYSA-N,ZWWDOSATBMTSFK,PubChem,15050308,2066997
CC(=O)OCC1(n2c(=O)cc(O)n(CCc3cccc(Cl)c3)c2=O)CCCC1,0,ZKDYSUKXDJJGPN-UHFFFAOYSA-N,ZKDYSUKXDJJGPN,CUPID,CUPID,
CCOC(=O)C1=C(NC(=S)N(C1C2=CC=CC=C2Cl)C(=O)OCC)C,1,HDEXHJIVHIXPQH-UHFFFAOYSA-N,HDEXHJIVHIXPQH,PubChem,14788034,2391701
COc1ccccc1OCC(O)CN1CCN(CC(=O)Nc2c(C)cccc2C)CC1,0,XKLMZUWKNUAPSZ-UHFFFAOYSA-N,XKLMZUWKNUAPSZ,CUPID,CUPID,
CC(C)(C)C1=CC(=CC(=C1O)C(C)(C)C)C2N(C(=O)CS2)CCCN(C)CCC3=CC(=C(C=C3)OC)OC,1,GHSNSSFMFKJXPT-UHFFFAOYSA-N,GHSNSSFMFKJXPT,PubChem,10578426,9784106
COC1=CC=C(C=C1)C2C3CCC(=O)N3C4=CC=CC=C4S2,1,YVAWKMIGJCZPDD-UHFFFAOYSA-N,YVAWKMIGJCZPDD,PubChem,44274533,
CC1=C(C(C(=C(N1)C)C(=O)OC/C=C/C2=CC=CC=C2)C3=CC(=CC=C3)[N+](=O)[O-])C(=O)OCCOC,1,KJEBULYHNRNJTE-DHZHZOJOSA-N,KJEBULYHNRNJTE,PubChem,5282138,22761000
CCOC(=O)C1=C(C)NC(C)=C(C(=O)OCC)C1c1ccc(OCCCN2CCCCC2)cc1,1,AYLIVURHKNSTHW-UHFFFAOYSA-N,AYLIVURHKNSTHW,data_cav_dev,CHEMBL4469017,
S=C(N[C@H](COC)C)NNC(=O)COc1c(c(ccc1)C)C,0,IDZPTPQLSAEWQT-NSHDSACASA-N,IDZPTPQLSAEWQT,PubChem,44623946,21570838
CC(C)(C)C1=CC=C(C=C1)CC(=O)NC2=NN(C=C2)CC3=NC=C(C=C3)C#N,1,XZPYWTFDULVLJE-UHFFFAOYSA-N,XZPYWTFDULVLJE,PubChem,118560699,29116786
Nc1nnc(-c2cccc(Cl)c2Cl)c(N)n1,0,PYZRQGJRPPTADH-UHFFFAOYSA-N,PYZRQGJRPPTADH,CUPID,CUPID,
CC#C[C@H]([C@@H]1C(=O)NC(=O)O1)C2=CC=C(C=C2)OC3=C(C=C(C=C3)C(F)(F)F)OC(F)F,1,IEYUZLGWSIHESL-WMLDXEAASA-N,IEYUZLGWSIHESL,PubChem,54584572,21514824
COc1ccccc1-n1nc(OC2CN(C(=O)OC(C)(C)C)C2)cc1-c1ccc(Cl)cc1,1,AZSLSVQTOKQPLV-UHFFFAOYSA-N,AZSLSVQTOKQPLV,data_cav_dev,CHEMBL3965293,
NCc1ccc(CN2C3C4C5CC6C7C5C3C7C2(O)C64)cc1,1,UKQUTKATMQCYJX-UHFFFAOYSA-N,UKQUTKATMQCYJX,data_cav_dev,CHEMBL4447070,
COc1ccccc1-c1cc2cc(C(C)(C)C(=O)NC(C)(C)C)ccc2n1CC(=O)NC(C)(C)C,1,RKTAORFIYOHFPV-UHFFFAOYSA-N,RKTAORFIYOHFPV,data_cav_dev,CHEMBL1643736,
CC(=O)OC1CCCC1n1c(=O)cc(O)n(CCc2cccc(Cl)c2)c1=O,0,ABJVIYICZHGBBB-UHFFFAOYSA-N,ABJVIYICZHGBBB,CUPID,CUPID,
CC(C)OC1=CC(=CC(=C1)OCC2=CC=CC=C2CCC3=CC(=CC=C3)O)OCCC4=CC=C(C=C4)C(=N)N,1,VTUMKXYASMMBLZ-UHFFFAOYSA-N,VTUMKXYASMMBLZ,PubChem,10414472,10714496
CSC1=NC(c2cccc([N+](=O)[O-])c2)C2=C(O)OCC2=N1,0,FEXKPNPFAQYTIZ-UHFFFAOYSA-N,FEXKPNPFAQYTIZ,data_cav_dev,CHEMBL23720,
CC(=O)N1CC(C1)CC2=NC3=C(C=C(C=C3N2)C(F)(F)F)C(F)(F)F,0,ROQLYVJZUATFTQ-UHFFFAOYSA-N,ROQLYVJZUATFTQ,PubChem,60194216,
COC(=O)C1=C(C)N=C(C)C(C(=O)OCCc2ccccc2)C1c1csc(-c2ccc(Cl)cc2)n1,0,IILRXLPBQBAFRK-UHFFFAOYSA-N,IILRXLPBQBAFRK,CUPID,CUPID,
CC(C)(CN1C2=C(C(=CC(=C2)Cl)Cl)N=C1CN3CCNCC3=O)O,0,GDSHZHDFSFOFOO-UHFFFAOYSA-N,GDSHZHDFSFOFOO,PubChem,68293581,
CCOC(=O)C1=C(N=C(N(C1C2=CC(=CC=C2)[N+](=O)[O-])C(=O)OCC)N)C,1,CCSNTESBCKUCEA-UHFFFAOYSA-N,CCSNTESBCKUCEA,PubChem,13957269,2391701
NS(=O)(=O)c1cc(NC(=O)Cc2ccccc2)ccc1Oc1cccc(Cl)c1,0,CSJYMAFXYMYNCK-UHFFFAOYSA-N,CSJYMAFXYMYNCK,data_cav_dev,CHEMBL4521594,
CC1=C([C@H](C(=C(N1)CCl)C(=O)OC)C2=C(C=C(C=C2)F)Cl)C#N,1,HXMHWKPUYLJIJN-CQSZACIVSA-N,HXMHWKPUYLJIJN,PubChem,46238117,20408553
CCN(CC)CCNC(=O)c1ccc(N)cc1,0,REQCZEXYDRLIBE-UHFFFAOYSA-N,REQCZEXYDRLIBE,data_cav_dev,,4913
COC(=O)C1=C(C)NC(C)=C(C(=O)OC)C1c1ccc(OCc2ccccc2)cc1,1,APWYDWRFWROZIT-UHFFFAOYSA-N,APWYDWRFWROZIT,data_cav_dev,CHEMBL2063959,
CC1=C(C(C(=C(N1)C)C(=O)OC/C=C/C2=CC=CC=C2)C3=CC(=CC=C3)Br)C(=O)O,1,JVOUQUHKOMMZDY-JXMROGBWSA-N,JVOUQUHKOMMZDY,PubChem,22949255,16309909
CC(C)OC1=CC(=CC(=C1)OCC2=CC=CC=C2CCC3=CC=C(C=C3)O)OCCC4=CC=C(C=C4)C(=N)N,1,FMIQMDFYQNEHTJ-UHFFFAOYSA-N,FMIQMDFYQNEHTJ,PubChem,10436852,10714496
CCOC(=O)C1=C(C)Nc2nc3c(c(N)c2C1c1ccccc1C(F)(F)F)CCCC3,0,YPJRDGRZUYIHEH-UHFFFAOYSA-N,YPJRDGRZUYIHEH,data_cav_dev,CHEMBL491561,
CCOC1=CC=CC=C1C[C@H](C2=CC=CC=C2)N3CCNCC3.Cl,1,YIQFFQJVNKNCNB-FSRHSHDFSA-N,YIQFFQJVNKNCNB,PubChem,45263449,16750363
CC1C(CC2=C(C=CC=C2N(C1=O)CCN(C)C)C(F)(F)F)C3=CC=C(C=C3)OC,1,ZBCRNIFALVNVKY-UHFFFAOYSA-N,ZBCRNIFALVNVKY,PubChem,15612142,1542103
CN(C)CCOc1ccc(C2(CCO)CC(c3ccccc3)=NN2C(=O)Nc2ccc(F)cc2)cc1,1,OVMAUAKWDNZBTI-UHFFFAOYSA-N,OVMAUAKWDNZBTI,data_cav_dev,CHEMBL3938181,
C1CN(CC(C1(F)F)OC2=CC=NC3=CC=CC=C32)C(=O)C4=CC=CC=C4N5N=CC=N5,1,OUOJQVWBENPULA-UHFFFAOYSA-N,OUOJQVWBENPULA,PubChem,134142016,27818110
CC1=C(C(C(=C(N1)C)C(=O)OC)C2=CC=C(C=C2)OCC(=O)OC)C(=O)OC,1,RPHRGOVQNBWOQH-UHFFFAOYSA-N,RPHRGOVQNBWOQH,PubChem,60168018,
CCOC1=CC=CC(=C1)N2C(=C3C(=NN=C(C3=C2C)C)C)C,1,PELWJJXZULETKS-UHFFFAOYSA-N,PELWJJXZULETKS,PubChem,44459869,14980685
CC1=C(C(C(=C(N1)C)C(=O)OC)C2=CC=CC=C2[N+](=O)[O-])C(=O)OC,1,HYIMSNHJOBLJNT-UHFFFAOYSA-N,HYIMSNHJOBLJNT,PubChem,4485,2834556
CC1=C(C=CC(=N1)C(F)(F)F)NC(=O)CN2CCNCC2=O,0,RAPJNHXKOQEDQA-UHFFFAOYSA-N,RAPJNHXKOQEDQA,PubChem,90257375,
O=C(O)[C@@H](CC1CCC1)N1C[C@H](CN2CCC(c3cnc4ccc(C(F)(F)F)cn34)CC2)[C@@H](c2cccc(F)c2)C1,1,IXLAACMWTDRWNI-HUROMRQRSA-N,IXLAACMWTDRWNI,data_cav_dev,CHEMBL435886,
CCCOC1=CC=C(C=C1)CCC2=NC3=C(N2CCN4CCOCC4)C=CC(=C3)C5=C(ON=C5C)C,1,CGWBJJZOKGZCSJ-UHFFFAOYSA-N,CGWBJJZOKGZCSJ,PubChem,119081417,28375629
O=C(NC1CC1c1ccccc1)N1CCC(c2nc(-c3ccccn3)no2)CC1,0,IIPPFWIHUHXQNA-UHFFFAOYSA-N,IIPPFWIHUHXQNA,CUPID,CUPID,
CC1=C(C(C(=C(N1)C)C(=O)OC/C=C/C2=CC=CC=C2)C3=CC(=CC=C3)I)C(=O)O,1,JAEXOBUDNHAWLT-JXMROGBWSA-N,JAEXOBUDNHAWLT,PubChem,22949307,16309909
CCOC(=O)C1=C(NC(=C(C1C2=C(ON=C2C3=CC=CC=C3)C(C)C)C(=O)OCC)C)C,1,ZPEQBFLITYEORL-UHFFFAOYSA-N,ZPEQBFLITYEORL,PubChem,13999767,2142737
CC(C)N(CCC(C(N)=O)(c1ccccc1)c1ccccn1)C(C)C,0,UVTNFZQICZKOEM-UHFFFAOYSA-N,UVTNFZQICZKOEM,data_cav_dev,CHEMBL517,
Cc1nc(Nc2ncc(C(=O)Nc3c(C)cccc3Cl)s2)cc(N2CCN(CCO)CC2)n1,0,ZBNZXTGUTAYRHI-UHFFFAOYSA-N,ZBNZXTGUTAYRHI,CUPID,CUPID,
C1CN(C[C@@H](C1(F)F)OC2=NC3=CC=CC=C3C=C2)C(=O)C4=NC=CC5=C4C=CN5,1,GOISMCPNVMISAY-SFHVURJKSA-N,GOISMCPNVMISAY,PubChem,90286327,27818110
CC(C)N[C@@H](CC(C)(C)C)C(=O)N[C@H]1CC[C@H]2[C@@H]1CN(C2)S(=O)(=O)C3=CC=C(C=C3)C(F)(F)F,1,VFERXZCIWTVZIB-SEVLPDGMSA-N,VFERXZCIWTVZIB,PubChem,71819115,23876987
CC1(c2cc(F)cc(F)c2)CNC2(CCCC2)C(=O)N1CC(=O)Nc1cnc2c(c1)CC1(C2)C(=O)Nc2ncccc21,0,IDKKNSOZWQOAAS-UHFFFAOYSA-N,IDKKNSOZWQOAAS,CUPID,CUPID,
CC1=CC(=CN=C1C(=O)NC2=NC(=C(C=C2)F)[C@@]3(CS(=O)(=O)[C@@](C(=N3)N)(C)C(F)F)C)C#N,1,IWBMTMOXRFICLO-PMACEKPBSA-N,IWBMTMOXRFICLO,PubChem,168290037,34838652
C1CN(C[C@@H]([C@H]1OC2=C(C=C(C=C2F)S(=O)(=O)NC3=NC(=CC=C3)F)F)C4=CC(=C(C=C4)F)F)CC(F)(F)F,0,ALYSSPGOUMAGSF-QRWLVFNGSA-N,ALYSSPGOUMAGSF,PubChem,164612949,34044121
CN1CC(=O)N2C(Cc3c([nH]c4ccccc34)C2c2ccc3c(c2)OCO3)C1=O,0,WOXKDUGGOYFFRN-UHFFFAOYSA-N,WOXKDUGGOYFFRN,CUPID,CUPID,
CCCCn1cc(CN2CCCCC2)c2cc(Cl)ccc21,0,YWPKCEQIFAGRBH-UHFFFAOYSA-N,YWPKCEQIFAGRBH,data_cav_dev,CHEMBL4280153,
CC(=O)OC1C(CC2=C(C=CC=C2N(C1=O)CC(=O)O)C(F)(F)F)C3=CC=C(C=C3)OC,1,SDUWMKKHTGBHGZ-UHFFFAOYSA-N,SDUWMKKHTGBHGZ,PubChem,49823974,1542102
C[C@@H]1CN(CCN1C2=NC=C(C=N2)OCC3=C(C=NC=C3)C#N)C4=NOC(=N4)C(C)C,0,UNGZTVLHLKAKQE-OAHLLOKOSA-N,UNGZTVLHLKAKQE,PubChem,51030711,22545772
C=CCOC(=O)C1=C(C)NC(C)=C(C(=O)OCC=C)C1c1ccc(C(C)(C)C)cc1,1,NHTCYLJVQATQNT-UHFFFAOYSA-N,NHTCYLJVQATQNT,data_cav_dev,CHEMBL1814700,
C[C@@H](C(N)=O)[C@H](N)c1nc2ccc(C(C)(C)C)cc2[nH]1,0,APWZIFIAVVFPNT-PELKAZGASA-N,APWZIFIAVVFPNT,data_cav_dev,,71666749
CCOC(=O)c1c(C)nc2nc3c(c(N)c2c1-c1ccc(Cl)cc1)CCCCC3,0,GNYQUGTUGTVWGT-UHFFFAOYSA-N,GNYQUGTUGTVWGT,data_cav_dev,CHEMBL2234540,
CC1=C(C(C(=C(N1)C)C(=O)OC)C2=CC(=C(C=C2)OCC(=O)N3CCCCC3)OC)C(=O)OC,1,ZGCSIHSTQZTKOP-UHFFFAOYSA-N,ZGCSIHSTQZTKOP,PubChem,76333486,
Cc1c(N2CCC(C3(N)CC3)C2)c(F)cc2cc(C(=O)O)c(=O)n(C3CC3)c12,0,WJCZHUWTEKABIV-UHFFFAOYSA-N,WJCZHUWTEKABIV,CUPID,CUPID,
CC1=C(C(C(=C(N1)C(OC)OC)C(=O)OC/C=C/C2=CC(=CC=C2)Cl)C3=CC(=CC=C3)Cl)C(=O)O,1,WLENQQUQWDDDNI-SOFGYWHQSA-N,WLENQQUQWDDDNI,PubChem,44562330,18684623
CC1=CC(=C(C=C1)C(C2=CC=CC=C2)N3CCN(CC3)CC(=O)N(C4=CC=CC=C4)C5=CC=CC=C5)C,1,RWSPYBHNSGQITH-UHFFFAOYSA-N,RWSPYBHNSGQITH,PubChem,11584001,20117000
CC(C)C(CCC(=O)N(C)CCCC1=NC2=CC=CC=C2N1)(C3=CC=C(C=C3)Br)C(=O)OC,1,GLOKEGVIMFVYSX-UHFFFAOYSA-N,GLOKEGVIMFVYSX,PubChem,76332364,24412109
C1CC(=O)N2C1C(SC3=CC=CC=C32)C4=CC=CC=C4,1,AINFAFQBIKAVTG-UHFFFAOYSA-N,AINFAFQBIKAVTG,PubChem,44274349,
CC1=C(C(C(=C(N1)C)C(=O)OCC(C)C)C2=CC=C(C=C2)Cl)C(=O)OC,1,KWQXCLAHRRZOEL-UHFFFAOYSA-N,KWQXCLAHRRZOEL,PubChem,44334376,3339603
COc1cnc2c(c1)c(CN1CCCCC1)cn2Cc1ccccc1,0,LMLKRBJWELRCEI-UHFFFAOYSA-N,LMLKRBJWELRCEI,data_cav_dev,CHEMBL4278950,
CCN=C(N)NC(=O)Nc1c(CC)cc(NS(=O)(=O)c2ccccc2)cc1CC,0,YVPUTGJWZZKXLG-UHFFFAOYSA-N,YVPUTGJWZZKXLG,CUPID,CUPID,
Cc1nc2c(=O)n(C3CC3)c3c(Cl)c(N4CCC(C(C)N)C4)c(F)cc3c2o1,0,LOCSNCVSEDLFDP-UHFFFAOYSA-N,LOCSNCVSEDLFDP,CUPID,CUPID,
CC1C(=C(NC(=C1C(=O)OCC2=CC=CC=C2)C)C)C(=O)OC,1,YRIUKIREBCKASR-UHFFFAOYSA-N,YRIUKIREBCKASR,PubChem,10519405,8709132
Brc1ccc2c(c1)c(CN1CCCCC1)cn2Cc1ccccc1,0,NGXDEUPDHNTODL-UHFFFAOYSA-N,NGXDEUPDHNTODL,data_cav_dev,CHEMBL4520312,
C1CN(CC(C1(F)F)OC2=CC=CC(=N2)C(F)(F)F)C(=O)C3=CC=CC=C3N4N=CC=N4,1,DZDPAFXUWUCWBW-UHFFFAOYSA-N,DZDPAFXUWUCWBW,PubChem,134152443,27818110
CCOC(=O)C1=C(NC(=C(C1C2=CC=CC=C2C(F)(F)F)C#N)C)CS(=O)(=O)C3=CC=C(C=C3)Cl,1,NTPTUDXFKKAMDJ-UHFFFAOYSA-N,NTPTUDXFKKAMDJ,PubChem,15050348,2066997
CC(C)(C)OC(=O)N1CSCC1C(=O)NC(CSCC2CCCCC2)C(=O)NCC3=CC=C(C=C3)OC4=CC=CC=C4,1,CJMZPDURVPAUCH-UHFFFAOYSA-N,CJMZPDURVPAUCH,PubChem,22397749,12161113
CC(C)C(=O)O[C@]1(CCN(C)CCCc2nc3ccccc3[nH]2)C[C@@H]2CC[C@H]1c1nccnc12,1,WRRXVWHNKSBLTK-OWOAZTCBSA-N,WRRXVWHNKSBLTK,data_cav_dev,,122187853
COc1ccccc1-n1nc(OC2CCN(C(=O)N(C)C)CC2)cc1-c1ccc(Cl)cc1,1,CNCRGRBWUATVCP-UHFFFAOYSA-N,CNCRGRBWUATVCP,data_cav_dev,,73296548
O=C1Cc2cc(S(=O)(=O)NNc3ccc(Br)cc3)ccc2N1,1,LLUSLQOHYIRJHX-UHFFFAOYSA-N,LLUSLQOHYIRJHX,data_cav_dev,CHEMBL3763166,
CNCCC(C1=CC=CC=C1)OC2=CC=C(C=C2)C(F)(F)F,1,RTHCYVBBDHJXIQ-UHFFFAOYSA-N,RTHCYVBBDHJXIQ,PubChem,3386,
C1CCC(CC1)C2C3=C(C[C@@H](N2)C4=NC=C(N4)C5=CC=CC=C5)C6=CC=CC=C6N3,1,CMKNFFUUKQPJOF-LETIRJCYSA-N,CMKNFFUUKQPJOF,PubChem,11069321,24900466
COc1ccccc1-n1nc(OC2CN(C(=O)c3ccccc3)C2)cc1-c1ccc(Cl)cc1,1,QKEPYKVCOWFCDP-UHFFFAOYSA-N,QKEPYKVCOWFCDP,data_cav_dev,CHEMBL3964411,
CC(Cn1c(=O)cc(O)n(C2CCCC2)c1=O)c1cccc(Cl)c1,0,AHHSHQRFRGNDME-UHFFFAOYSA-N,AHHSHQRFRGNDME,CUPID,CUPID,
CC1CC[C@@]2([C@@]3(C[C@]4([C@]5([C@](C(C3O[C@]5([C@]2(C1O)O4)O)OC(=O)C6=CC=CN6)(C(C)C)O)C)O)C)O,1,IGWPDMQETVRXIG-STAREFMESA-N,IGWPDMQETVRXIG,PubChem,49823662,8387597
C1CN2CCC1[C@H](C2)OC(=O)N3CCC4=CC=CC=C4[C@@H]3C5=CC=CC=C5,1,FBOUYBDGKBSUES-VXKWHMMOSA-N,FBOUYBDGKBSUES,PubChem,154059,23812503
C1CN(CC(C1(F)F)OC2=NC3=CC=CC=C3O2)C(=O)C4=CC=CC=C4N5N=CC=N5,1,ZKRNNNAGQLCWNT-UHFFFAOYSA-N,ZKRNNNAGQLCWNT,PubChem,90286221,27818110
CN(C)C1(CCC2(CC1)C3=C(CCO2)C4=C(N3)C=CC(=C4)F)C5=CC=CC=C5.C(C(=O)O)C(CC(=O)O)(C(=O)O)O,1,STODTOIHYHWPGO-UHFFFAOYSA-N,STODTOIHYHWPGO,PubChem,118711293,25147603
CC1=C(C(C(=C(N1)C(OC)OC)C(=O)O)C2=CC(=CC=C2)Cl)C(=O)OC/C=C/C3=CC=CC=C3,1,BXRKZDOXDFFVIL-DHZHZOJOSA-N,BXRKZDOXDFFVIL,PubChem,44562315,18684623
COCC(NC(C)=O)C(=O)NCc1ccccc1,0,VPPJLAIAVCUEMN-UHFFFAOYSA-N,VPPJLAIAVCUEMN,CUPID,CUPID,
CCOC(=O)C1=C(NC(=C(C1C2=CC(=C(C=C2)OCCN3CCCCC3)Cl)C(=O)OCC)C)C,1,DLRCMYPWZNEWKB-UHFFFAOYSA-N,DLRCMYPWZNEWKB,PubChem,155551407,31724859
Nc1c2c(nc3c1C(c1cccc(Br)c1)NC(=S)N3)CCCC2,1,RTYBGCWRXWDNEV-UHFFFAOYSA-N,RTYBGCWRXWDNEV,data_cav_dev,CHEMBL4174958,
CN1CCN(c2ccc(-c3ccc4c(c3)CCNC4)cc2C(F)(F)F)CC1,0,XSHJZXZIAWBGCX-UHFFFAOYSA-N,XSHJZXZIAWBGCX,CUPID,CUPID,
CC1=C(C(C(=C(N1)C)C(=O)OCCCCCCCCCCCC[N+](C)(C)C)C2=CC=CC=C2C(F)(F)F)C(=O)OC,1,OELJDZHXQRKFMR-UHFFFAOYSA-O,OELJDZHXQRKFMR,PubChem,11757956,8246246
COC(=O)C1=C(C)NC(C)=C(C(=O)OCCCBr)C1c1cccc([N+](=O)[O-])c1,1,MCIAPXKGANXQCE-UHFFFAOYSA-N,MCIAPXKGANXQCE,data_cav_dev,CHEMBL2063636,
C=CCOC(=O)C1=C(C)NC(C)=C(C(=O)OCC=C)C1c1ccc(C)cc1,1,OGRWNCJFOCTHSO-UHFFFAOYSA-N,OGRWNCJFOCTHSO,data_cav_dev,CHEMBL2063836,
COc1cnc2c(c1)c(CN(C)C)cn2Cc1ccccc1,0,VHRMKESCLZZSJL-UHFFFAOYSA-N,VHRMKESCLZZSJL,data_cav_dev,CHEMBL4291094,
C[C@@]12C3=CC=CC=C3C[C@@H](N1)C4=CC=CC=C24.C(=C\C(=O)O)\C(=O)O,0,QLTXKCWMEZIHBJ-PJGJYSAQSA-N,QLTXKCWMEZIHBJ,PubChem,6420042,30503945
C1=CC=C(C=C1)C2(C3=CC=CN3C4=C(S2)C(=CC=C4)Cl)C5=CC=CC=C5,1,JBFXROGEDAOQSM-UHFFFAOYSA-N,JBFXROGEDAOQSM,PubChem,10499621,7473567
C1CCC(CC1)NC(=O)N2C(CC(=N2)C3=CC=C(C=C3)Br)C4=CC=C(C=C4)F,1,RGXXKRREVVUYBC-UHFFFAOYSA-N,RGXXKRREVVUYBC,PubChem,134146400,27579577
CC1=C(C(C(=C(N1)C)C(=O)OC/C=C/C2=CC=NC=C2)C3=CC(=CC=C3)Cl)C(=O)O,1,IPLBGCLQOAVYFA-SNAWJCMRSA-N,IPLBGCLQOAVYFA,PubChem,22949263,16309909
CN(C)Cc1cn(Cc2ccccc2)c2ccc(Br)cc12,0,OTLNXWZADBQJMI-UHFFFAOYSA-N,OTLNXWZADBQJMI,data_cav_dev,CHEMBL4553858,
CC1=C(C(C(=C(N1)C)C(=O)OC(C)C)C2=CC=CC3=NON=C32)C(=O)OC,1,HMJIYCCIJYRONP-UHFFFAOYSA-N,HMJIYCCIJYRONP,PubChem,3784,22761000
CN(C1CCN(CC1)CCCCOC2=CC=C(C=C2)F)C3=NC4=CC=CC=C4S3,1,PZPXREFPAFDHNG-UHFFFAOYSA-N,PZPXREFPAFDHNG,PubChem,108043,9784106
COc1ccc(C2C(C(=O)OC(C)C)=C(C)NC(C)=C2C(=O)OC(C)C)cc1OC,1,SYJWYBYNWBHITD-UHFFFAOYSA-N,SYJWYBYNWBHITD,data_cav_dev,CHEMBL2063812,
CC1=C(C=CC(=C1)C(=O)N)C2=C(C=CN2C3=CC=C(C=C3)N4C=CN=C4)CCC(=O)O,0,NVCJMYLJSSPEKR-UHFFFAOYSA-N,NVCJMYLJSSPEKR,PubChem,46179476,21570838
CC1(C)C2CCC(Cn3c(=O)cc(O)n(CCc4cccc(Cl)c4)c3=O)C1C2,0,UYWBTMLSVWLBSO-UHFFFAOYSA-N,UYWBTMLSVWLBSO,CUPID,CUPID,
CC1=C([C@@H](C(=C(N1)C)C(=O)OCC[N+](C)(C)C)C2=CC(=CC=C2)[N+](=O)[O-])C(=O)OC.[I-],1,AYMAQWJAVZVYTJ-FYZYNONXSA-N,AYMAQWJAVZVYTJ,PubChem,10697815,10956198
C1C=CC(=O)O[C@H]1C[C@H](CCC2=CC=C(C=C2)O)O,1,ILSJICRXKSNXIV-UONOGXRCSA-N,ILSJICRXKSNXIV,PubChem,24762836,
CCc1ccc(NC(=O)N2N=C(c3ccc(Br)cc3)CC2c2ccc(F)cc2)cc1,1,IFSMGIMMUCBFTK-UHFFFAOYSA-N,IFSMGIMMUCBFTK,data_cav_dev,,134142247
COc1ccccc1-n1nc(OC2CCC(=O)CC2)cc1-c1ccc(Cl)cc1,1,BVNRYPXFJUABAB-UHFFFAOYSA-N,BVNRYPXFJUABAB,data_cav_dev,CHEMBL3958844,
CCOC(=O)C1=C(C)N=C(C)C(C(=O)OC=O)C1c1cccc([N+](=O)[O-])c1,0,NZILHSBQHIAECJ-UHFFFAOYSA-N,NZILHSBQHIAECJ,CUPID,CUPID,
CC1=C(C(=O)OC(C)C)C(c2ccc(Cl)cc2)C(C(=O)OC(C)C)=C(C)N1,1,NUEVFLWLOZINOK-UHFFFAOYSA-N,NUEVFLWLOZINOK,data_cav_dev,CHEMBL2063810,
Cc1cccnc1CN1CCC2(CC1)C(=O)N(c1ccc(-c3ccccc3)cc1)C(=O)N2c1ccnc(O)n1,1,XEBIKXNLTIXWSW-UHFFFAOYSA-N,XEBIKXNLTIXWSW,data_cav_dev,CHEMBL2043007,
CCOC(=O)C1=C(C)N=C(C)C(C(=O)OCC(C)C)C1c1csc(-c2ccc(Cl)cc2)n1,0,GDGNBPYHEHYXFR-UHFFFAOYSA-N,GDGNBPYHEHYXFR,CUPID,CUPID,
CC(C)(Cn1c(=O)cc(O)n(C2CCCC2)c1=O)c1cccc(Cl)c1,0,JUZVSNZBLKUVCB-UHFFFAOYSA-N,JUZVSNZBLKUVCB,CUPID,CUPID,
COC(=O)C1=C(C)N(C)C(C)=C(C(=O)OC)C1c1cccc(Cl)c1Cl,1,RULGOQXXACBJJQ-UHFFFAOYSA-N,RULGOQXXACBJJQ,data_cav_dev,CHEMBL2063804,
CC(C)(C)C(=O)NCC1=NC2=C(C=C(C=C2N1)C(F)(F)F)C(F)(F)F,0,YGHBOTVREODCQQ-UHFFFAOYSA-N,YGHBOTVREODCQQ,PubChem,60194290,
CCN=C1NC2C(OC(CO)C(OC)C2O)S1,0,ZHRPYFJVBTZRKC-UHFFFAOYSA-N,ZHRPYFJVBTZRKC,CUPID,CUPID,
O=c1cc(O)n(C2CCCC2)c(=O)n1C1CCCc2ccccc21,0,YZCPUMIHIVHVMT-UHFFFAOYSA-N,YZCPUMIHIVHVMT,CUPID,CUPID,
COc1ccccc1-n1nc(OC2CC(C)(C)SC(C)(C)C2)cc1-c1ccc(C#N)cc1,1,SRGBARMXFGWMTF-UHFFFAOYSA-N,SRGBARMXFGWMTF,data_cav_dev,CHEMBL3898359,
CCOC(=O)C1=C(NC(=C(C1C2=CC=CO2)C#N)C)CS(=O)(=O)C3=CC=CC=C3,1,RPFOKHCHXUYVDC-UHFFFAOYSA-N,RPFOKHCHXUYVDC,PubChem,15050358,2066997
O=C(CN(c1ccccc1)c1ccccc1)N1CCN(C(c2ccccc2)c2ccccc2)CC1,0,DPOJHTYMAOYZKG-UHFFFAOYSA-N,DPOJHTYMAOYZKG,data_cav_dev,CHEMBL597148,
CCCCC[C@@H]1CN[C@@H](CN1C(C2=CC=CC=C2)C3=CC=CC=C3)C,1,XLEJRQGWUIDJBB-DENIHFKCSA-N,XLEJRQGWUIDJBB,PubChem,73353426,23639535
C1=CC=C(C=C1)[C@@H](COCC2=CC(=CC(=C2)C(F)(F)F)C(F)(F)F)N,1,UYZIPLMTFSGKAJ-OAHLLOKOSA-N,UYZIPLMTFSGKAJ,PubChem,22859115,
CCOC(=O)C1=C(NC(=S)N(C1C2=CC(=CC=C2)[N+](=O)[O-])C(=O)OC(C)C)C,1,XOWJYBLIIPFBRR-UHFFFAOYSA-N,XOWJYBLIIPFBRR,PubChem,14788044,2391701
CN1CCC(CN2CCN(C(=O)CC(c3ccccc3)c3ccccc3)CC2)CC1,0,SNLUJUXVFVOODX-UHFFFAOYSA-N,SNLUJUXVFVOODX,data_cav_dev,CHEMBL608740,
CC1=C(C(C(=C(N1)C)C(=O)OCC(=O)NC2=CC=CC=C2)C3=CC(=CC=C3)Cl)C(=O)O,1,MDVJPZSMBOUQRH-UHFFFAOYSA-N,MDVJPZSMBOUQRH,PubChem,22949268,16309909
COCC(C(=O)N1CCN(CC1)C2=CC=CC(=C2)C(F)(F)F)N3C(=O)CCC3=O,0,BNPHUQOOMFOUKO-UHFFFAOYSA-N,BNPHUQOOMFOUKO,PubChem,122178892,26052884
C1CNCCC1CC2=NC3=C(C=C(C=C3N2)C(F)(F)F)C(F)(F)F,0,XUGOLQXVKQRJPM-UHFFFAOYSA-N,XUGOLQXVKQRJPM,PubChem,90256707,
COC(=O)C1=C(C)NC(C)=C(C(=O)OC)C1c1ccc2c(c1)OCO2,1,MPQJJXRGOXYEOP-UHFFFAOYSA-N,MPQJJXRGOXYEOP,data_cav_dev,CHEMBL2063653,
CN(CCCC1=NC2=CC=CC=C2N1)CC[C@]3(C[C@@H]4CC[C@H]3C5=CC=CC=C45)OC(=O)COC,1,FJMAUPWFRMSLJB-JMFZDZGDSA-N,FJMAUPWFRMSLJB,PubChem,122187212,26231163
CC1(C(=O)N(CCN1)CC2=NC3=C(N2CC(C)(C)O)C=C(C(=C3)C(F)(F)F)C(F)(F)F)C,0,RHQGQNOXUBJARB-UHFFFAOYSA-N,RHQGQNOXUBJARB,PubChem,90256679,
CCOC(=O)N1C(=S)N=C(C)/C(=C(/O)OCC)C1c1cccc([N+](=O)[O-])c1Cl,1,UUWBLIXLGUCSAG-NTCAYCPXSA-N,UUWBLIXLGUCSAG,data_cav_dev,CHEMBL84906,
CCOC(=O)[C@H]1[C@@H]2C3=C(C(=CC=C3)[N+](=O)[O-])S[C@]1(NC(=C2C(=O)OCC)C)C,1,AZIYPFHVSUAJQK-SPYBWZPUSA-N,AZIYPFHVSUAJQK,PubChem,13567338,2435904
COC1=CC(=CC(=C1OC)OC)C(C2=CC=CC=C2)N3CCN(CC3)C(=O)CC(C4=CC=CC=C4)C5=CC=CC=C5,1,RFHHKLHLLXMGOX-UHFFFAOYSA-N,RFHHKLHLLXMGOX,PubChem,10099069,20117000
O=C(O)Cc1ccccc1Nc1c(Cl)cccc1Cl,0,DCOPUUMXTXDBNB-UHFFFAOYSA-N,DCOPUUMXTXDBNB,CUPID,CUPID,
CCOC(=O)[C@H]\1[C@@H](C(=C(N/C1=C\C(=O)C2=CC=C(C=C2)F)C)C(=O)OCC)C3=CC=CC=C3C(F)(F)F,1,PSUNRLVECDMNGB-IILLLQGVSA-N,PSUNRLVECDMNGB,PubChem,44290354,2840504
CC1=C(C(C(=C(N1)C#N)C(=O)OC/C=C/C2=CC=CC=C2)C3=CC(=CC=C3)Cl)C(=O)O,1,NXZVWKUAARNNIL-RMKNXTFCSA-N,NXZVWKUAARNNIL,PubChem,22949281,18684623
CCOC(=O)C1=C(NC(=C(C1C2=C(C=CS2)SCC(=O)OC)C(=O)OCC3=CC=CC=C3)C)C,1,USRNRXUUOPVUGD-UHFFFAOYSA-N,USRNRXUUOPVUGD,PubChem,46227436,19880323
CC1CC[C@@]2([C@@]3(C[C@]4([C@]5([C@](C([C@@]3([C@]5([C@]2(C1OC(=O)CCC(=O)O)O4)O)O)OC(=O)C6=CC=CN6)(C(C)C)O)C)O)C)O,1,CHFBHBONOVYZBO-VGSLHNNQSA-N,CHFBHBONOVYZBO,PubChem,49823972,8388466
CC(C)(C)C1=CC(=CC(=C1O)C(C)(C)C)C2N(C(=O)CS2)CCCN3CCC(CC3)CC4=CC=CC=C4,1,JVOUSBDNKSHHNC-UHFFFAOYSA-N,JVOUSBDNKSHHNC,PubChem,10577951,9784106
Oc1cccc2c1[nH]c1c(C3=C[C@@]4(O)CC/C=C\CCCCN5CC[C@@H]3[C@]3(CC6/C=C\CCCCN6[C@@H]43)C5)nccc12,0,AMSNINGPDSUBHZ-FEPATLFLSA-N,AMSNINGPDSUBHZ,data_cav_dev,CHEMBL612054,
CC(C)[C@]1(C([C@]2([C@]3(C[C@]4([C@@]1([C@@]2([C@@]5([C@@]3(CCCC5)O)O4)O)C)O)C)O)OC(=O)C6=CC=CN6)O,1,NGWYHDQYSPYUDS-AVBCXFDOSA-N,NGWYHDQYSPYUDS,PubChem,49823663,8691428
CC1=C(C=C(C=C1NC(=O)C2=C(C=C(C=C2)C3CC3)F)F)C4=C(C(=NC=N4)N)OCCN(C)C(=O)C=C,0,CUABMPOJOBCXJI-UHFFFAOYSA-N,CUABMPOJOBCXJI,PubChem,118107483,32083858
CC(C)(C)NC(=O)CN1C2=CC(=CC(=C2N=C1CC3CCNCC3)C(F)(F)F)C(F)(F)F,0,REDPCYQVZIXFCJ-UHFFFAOYSA-N,REDPCYQVZIXFCJ,PubChem,90256629,
CCOC(=O)C1=C(NC(=C(C1C2=C(ON=C2C3=CC=CC=C3)C)C(=O)OCC)C)C,1,IOQVTCYDCVHJGZ-UHFFFAOYSA-N,IOQVTCYDCVHJGZ,PubChem,341863,2142737
CCCCCCCCCCCCCCCCCCOC(=O)C1=C(NC(=C(C1C2=CC=CC=C2C(F)(F)F)C(=O)OC)C)C,1,LGAONDQLIXMRFT-UHFFFAOYSA-N,LGAONDQLIXMRFT,PubChem,10348721,8246246
CC(=O)O[C@H]1[C@H](SC2=C(C=CC(=C2)Cl)N3C1=CC=C3CN(C)C)C4=CC=C(C=C4)OC,0,OSISQQVSAMPYEA-DNQXCXABSA-N,OSISQQVSAMPYEA,PubChem,10504024,8709127
COC1CC(Oc2cc(F)c(F)c(-c3ccc4c(c3)CCC(CCC(=O)O)O4)n2)C1,0,PGPQNVUVHSSUSY-UHFFFAOYSA-N,PGPQNVUVHSSUSY,CUPID,CUPID,
CCOC(=O)C1=C(C)N=C(C)/C(=C(/O)OCC)C1c1c(-c2ccccc2)noc1CCc1cccc(Br)c1,1,LSXRJFMSLRBEHB-RMLRFSFXSA-N,LSXRJFMSLRBEHB,data_cav_dev,CHEMBL325811,
CC(C)(C)c1cc(C(c2ccccc2)N2CCN(C(=O)CC(c3ccccc3)c3ccccc3)CC2)cc(C(C)(C)C)c1O,1,LHCKOUZHHLPSDY-UHFFFAOYSA-N,LHCKOUZHHLPSDY,data_cav_dev,,10257808
CCCCC1(C2=C(C[C@@H](N1)C3=NC=C(N3)C4=CC=CC=C4)C5=CC=CC=C5N2)CCCC,1,FOBFICSYUINKAA-XMMPIXPASA-N,FOBFICSYUINKAA,PubChem,9802572,24900466
CCOC(=O)C1=C(NC(=S)NC1C2=CC(=CC=C2)O)C,1,LOBCDGHHHHGHFA-UHFFFAOYSA-N,LOBCDGHHHHGHFA,PubChem,2987927,29133039
CC(=O)Nc1c(F)cc(C(=O)NC2CCC(O)CC2)cc1OC(C)c1ccccc1,0,FRBRZGLUFOZRGD-UHFFFAOYSA-N,FRBRZGLUFOZRGD,CUPID,CUPID,
CC1=CC=C(S1)C2C(=C(NC(=C2C(=O)OC)C)C)C(=O)OC,0,LQARHQHLYDRCTA-UHFFFAOYSA-N,LQARHQHLYDRCTA,PubChem,10313994,19880323
O=C(Nc1ccccc1F)N1N=C(c2ccc(Br)cc2)CC1c1ccc(F)cc1,1,LBASGRMYSCHRIS-UHFFFAOYSA-N,LBASGRMYSCHRIS,data_cav_dev,CHEMBL3905702,
CCOC(=O)C1=C(NC(=C(C1C2=CC=CC=C2C(F)(F)F)C#N)C)CSC3=CC=NC=C3,1,SPKMPSMHSFMFSU-UHFFFAOYSA-N,SPKMPSMHSFMFSU,PubChem,14128483,2066997
CCOC(=O)C1=C(C)NC(C)=C(C(=O)OCC)C1c1ccc(OCCCN2CCCCC2)c(OC)c1,1,RTKBOKGWZATMDW-UHFFFAOYSA-N,RTKBOKGWZATMDW,data_cav_dev,CHEMBL4547812,
CCOC(=O)C1=C(C)NC(C)=C(C(=O)OCC)C1c1c(Cl)cccc1Cl,1,RRLSXWOPNTVBKD-UHFFFAOYSA-N,RRLSXWOPNTVBKD,data_cav_dev,CHEMBL2063806,
CCOC1=CC=C(C=C1)CCNC(=O)N2CCN(CC2)CCCC(C3=CC=C(C=C3)F)C4=CC=C(C=C4)F,1,NFBNIRNKYJTDIE-UHFFFAOYSA-N,NFBNIRNKYJTDIE,PubChem,10907460,11585444
C1CN(C(=O)CN1)CC2=NC3=CC(=C(C=C3N2)Cl)Cl,0,DFXKTBBYAXAFEM-UHFFFAOYSA-N,DFXKTBBYAXAFEM,PubChem,90256521,
CCOC(=O)C1=C(C)Nc2nc3c(c(N)c2C1c1ccc(-c2ccccc2)cc1)CCCC3,1,ZRWLPNPYQIGISH-UHFFFAOYSA-N,ZRWLPNPYQIGISH,data_cav_dev,CHEMBL490338,
C1C(CN1)CC(=O)NC2=NC=C(C=C2)C(F)(F)F,0,KBFKFIVPNOIUAB-UHFFFAOYSA-N,KBFKFIVPNOIUAB,PubChem,90257349,
CN1CCCCC1CCN2C3=CC=CC=C3SC4=C2C=C(C=C4)SC,1,KLBQZWRITKRQQV-UHFFFAOYSA-N,KLBQZWRITKRQQV,PubChem,5452,22761000
CC1=C(C=CC(=C1)C(=O)N)C2=C(C=CN2C3=CC(=C(C=C3)O)[N+](=O)[O-])C4=CC=C(C=C4)OC,1,USRJTKDRTOTPRU-UHFFFAOYSA-N,USRJTKDRTOTPRU,PubChem,46179568,21570838
Oc1c(CN2CCCC2)cc(Nc2ncnc3ccccc23)cc1CN1CCCC1,0,ADFVBEOHHMMWBZ-UHFFFAOYSA-N,ADFVBEOHHMMWBZ,CUPID,CUPID,
CC1=C(C(C(=C(N1)CS(=O)(=O)C2=CC=CC=C2)C(=O)OC(C)C)C3=CC=CC=C3C(F)(F)F)C#N,1,AJYHFMDGCTURKX-UHFFFAOYSA-N,AJYHFMDGCTURKX,PubChem,15050390,2066997
CCOC(=O)N1[C@@H](C(=C(NC1=S)C)C(=O)OC(C)C)C2=CC(=CC=C2)[N+](=O)[O-],1,NFWHFCDXPOUJJT-OAHLLOKOSA-N,NFWHFCDXPOUJJT,PubChem,14788041,2391701
CCCNC(C)C(=O)Nc1c(C)csc1C(=O)OC,0,QTGIAADRBBLJGA-UHFFFAOYSA-N,QTGIAADRBBLJGA,CUPID,CUPID,
Nc1ccc(CNC23OC4C5C6CC(C7C6C4C72)C53)cc1,1,FHDWQUBIYNEMID-UHFFFAOYSA-N,FHDWQUBIYNEMID,data_cav_dev,CHEMBL4561709,
CCN=C1NC2C(OC(CO)C(F)C2O)S1,0,PMUWLFAMOSIEGD-UHFFFAOYSA-N,PMUWLFAMOSIEGD,CUPID,CUPID,
CC1=C(C(N(C(=N1)C)C(=O)OCCN(CC2=CC=CC=C2)CC3=CC4=CC=CC=C4C=C3)C5=CC=CC=C5[N+](=O)[O-])C(=O)OC(C)C,1,DMPUIQVQMKBKRW-UHFFFAOYSA-N,DMPUIQVQMKBKRW,PubChem,14368173,2552119
CO/C(O)=C1\C(C)=NC(C)=C(C(=O)OCC(C)C)C1c1ccccc1[N+](=O)[O-],1,OSCYLUQUDCIHGJ-KNTRCKAVSA-N,OSCYLUQUDCIHGJ,data_cav_dev,CHEMBL441428,
Cn1cncc1[C@](O)(COc1ccc(C#N)cc1-c1ccc(OC(F)(F)F)cc1)c1ccc(C#N)cc1,0,HEUVRFNVTLGKMZ-SANMLTNESA-N,HEUVRFNVTLGKMZ,data_cav_dev,CHEMBL4586794,
CC(C)CC(C(=O)NC(CC1=CC=C(C=C1)OCC2=CC=CC=C2)C(=O)NC(C)(C)C)N(C)CC(C)C,1,MYYPLSMOJWWOIM-UHFFFAOYSA-N,MYYPLSMOJWWOIM,PubChem,49823668,
COC(=O)C1=C(C)NC(C)=C(C(=O)OC)C1c1ccc(N(C)C)cc1,1,ZICRODGSLHHXHP-UHFFFAOYSA-N,ZICRODGSLHHXHP,data_cav_dev,CHEMBL2063809,
CCOC(=O)C1=C(C)NC(C)=C(C(=O)OCC)C1c1c(F)cccc1Cl,1,DJFZZJFQQZWNJP-UHFFFAOYSA-N,DJFZZJFQQZWNJP,data_cav_dev,CHEMBL2063837,
C1=C(C=C2C(=C1C(F)(F)F)N=C(N2)CC3=CN=CN=C3)C(F)(F)F,0,LBWZDJZPPVVIJD-UHFFFAOYSA-N,LBWZDJZPPVVIJD,PubChem,60194291,
CN(C)Cc1cn(Cc2ccccc2)c2ccccc12,0,HQGXTZKYVCVNDU-UHFFFAOYSA-N,HQGXTZKYVCVNDU,data_cav_dev,CHEMBL4284776,
CC(C)(C)NCC(=O)N(C)CC1=NC2=C(C=C(C=C2N1)C(F)(F)F)C(F)(F)F,1,DCSDOGROVBLXKQ-UHFFFAOYSA-N,DCSDOGROVBLXKQ,PubChem,90256735,
CCOC(=O)[C@H]\1[C@@H](C(=C(N/C1=C\C(=O)C2=CC=CC=C2)C)C(=O)OCC)C3=C(C(=CC=C3)Cl)Cl,1,RFMAKYUVTWQFJR-AARRXVBRSA-N,RFMAKYUVTWQFJR,PubChem,44290357,2840504
CC(C)(C)OC(=O)N(C)CC1=NC2=C(C=C(C=C2N1)C(F)(F)F)C(F)(F)F,1,MCTBWIJBNPDDGO-UHFFFAOYSA-N,MCTBWIJBNPDDGO,PubChem,90261926,
CNC1=NC(=C2CNC(=O)N(C2=N1)C3=C(C=CC=C3Cl)Cl)C4=CC=CC=C4Cl,1,HOIKLTSATLOGGQ-UHFFFAOYSA-N,HOIKLTSATLOGGQ,PubChem,23647632,16750629
CS(=O)(=O)c1ccc(C2(CCO)CC(c3ccccc3)=NN2C(=O)Nc2ccc(F)cc2)cc1,1,SFBZRXGHYCXLLK-UHFFFAOYSA-N,SFBZRXGHYCXLLK,data_cav_dev,CHEMBL3937064,
C[C@@H]1CN([C@@H](CN1)CCCCO)C(C2=CC=CC=C2)C3=CC=CC=C3,1,SDCQKHHLVSVTHT-WIYYLYMNSA-N,SDCQKHHLVSVTHT,PubChem,71625218,23639535
CC(C)(CN1C2=CC(=CC(=C2N=C1CC3CCNCC3)C(F)(F)F)C(F)(F)F)O,0,MYRJMDJFOLKRGB-UHFFFAOYSA-N,MYRJMDJFOLKRGB,PubChem,90256769,
C1=CC=C(C=C1)C2(C3=CC=CN3C4=CC=CC=C4S2)C5=CC=CC=C5,1,ZBNHISGECXNIIA-UHFFFAOYSA-N,ZBNHISGECXNIIA,PubChem,10688467,7473567
CCOC(=O)C1=C(C)N=C(C)C(C(=O)OC)C1c1ccc(-c2cc(=O)cc(-c3ccccc3)o2)cc1,0,FTOKQWVRWQEEEV-UHFFFAOYSA-N,FTOKQWVRWQEEEV,CUPID,CUPID,
CCCCCCCCOC(=O)C1=C(NC(=C(C1C2=CC(=CC=C2)[N+](=O)[O-])C(=O)OCC)C)C,1,PISXIDWEEZZHBI-UHFFFAOYSA-N,PISXIDWEEZZHBI,PubChem,13233216,2840498
COc1cc(Nc2cnc(C#N)c(O[C@H](C)CN(C)C)n2)ncc1-c1cnn(C)c1,1,IENLGMOXAQMNEH-CYBMUJFWSA-N,IENLGMOXAQMNEH,data_cav_dev,CHEMBL2203843,
CCOC(=O)C1=C(NC(=C(C1C2=C(ON=C2C)CCC3=CC=C(C=C3)C4=CC=CC=C4)C(=O)OCC)C)C,1,WHZPRVUXASPXRI-UHFFFAOYSA-N,WHZPRVUXASPXRI,PubChem,11799979,10447952
Cc1ccc2c(c1)c(CN(C)C)cn2CCCCN1CCCCC1,0,UXBKVSUNSKZCBH-UHFFFAOYSA-N,UXBKVSUNSKZCBH,data_cav_dev,CHEMBL4551655,
CN(C)CCNC(=O)C1=CC2=CC=CC=C2C=C1O,1,PTYBNDTVHWXPPT-UHFFFAOYSA-N,PTYBNDTVHWXPPT,PubChem,3659429,18754582
C1C[C@H](C2=C(C=CC=N2)[C@H]([C@@H]1C3=C(C(=CC=C3)F)F)N)OC(=O)N4CCC(CC4)N5C6=C(NC5=O)N=CC=C6,0,KRNAOFGYEFKHPB-ANJVHQHFSA-N,KRNAOFGYEFKHPB,PubChem,51049968,23153230
CN=C(N)NC(=O)Nc1c(C)cccc1C,0,RRHJHSBDJDZUGL-UHFFFAOYSA-N,RRHJHSBDJDZUGL,CUPID,CUPID,
CS(=O)(=O)c1ccc(-c2noc(C3CCN(C(=O)NC4CC4c4ccccc4)CC3)n2)cc1,0,PPZAIZWNHZKGPM-UHFFFAOYSA-N,PPZAIZWNHZKGPM,CUPID,CUPID,
Cc1ccc2c(c1)c(CN1CCCCC1)cn2CCCCN1CCCCC1,0,NPAFSQURVIFYKN-UHFFFAOYSA-N,NPAFSQURVIFYKN,data_cav_dev,CHEMBL4561530,
CC(=O)OC1(C2=CC=CN2C3=CC=CC=C3S1)C4=CC=C(C=C4)OC,1,JPKWROHZSHVEFV-UHFFFAOYSA-N,JPKWROHZSHVEFV,PubChem,11792254,7473567
CCOC(=O)C1=C(NC(=C(C1C2=CC=CC=C2C(F)(F)F)C#N)C)CSC3=CC(=C(C=C3)Cl)Cl,1,JXLRZSGWZNGCLX-UHFFFAOYSA-N,JXLRZSGWZNGCLX,PubChem,15050349,2066997
CC1CN(c2nc(C(F)(F)F)no2)CCN1c1ncc(OCc2ccc(CS(C)(=O)=O)cc2F)cn1,0,HXNOCBIFNWVJLT-UHFFFAOYSA-N,HXNOCBIFNWVJLT,CUPID,CUPID,
CCOC(=O)c1c(C)nc2nc3c(c(N)c2c1-c1ccc(Cl)cc1)CCCC3,0,OVFJYZWCAVHGMW-UHFFFAOYSA-N,OVFJYZWCAVHGMW,data_cav_dev,,44445179
C1CN(CCN1C(C2=CC=CC=C2)C3=CC(=CC=C3)Cl)C(=O)CC(C4=CC=CC=C4)C5=CC=CC=C5,1,IARAKTOMNMLDLY-UHFFFAOYSA-N,IARAKTOMNMLDLY,PubChem,10074489,20117000
CCC1=C(C(=NO1)C)C2C(=C(NC(=C2C(=O)OCC)C)C)C(=O)OCC,1,RVNXBVUFXGCWGL-UHFFFAOYSA-N,RVNXBVUFXGCWGL,PubChem,13181323,2142737
C#CCn1cc(CN2CCCCC2)c2cc(C)ccc21,0,FZKVVUQUJNYIPS-UHFFFAOYSA-N,FZKVVUQUJNYIPS,data_cav_dev,CHEMBL4585087,
CCOC(=O)C\1C(C(=C(N/C1=C\C(=O)C2=CC=CC=C2)C)C#N)C3=CC=CC=C3C(F)(F)F,1,MUDTZPCZVRPKEB-MOSHPQCFSA-N,MUDTZPCZVRPKEB,PubChem,44290235,2840504
CN(C)CC1=CC=C2N1C3=CC=CC=C3SC2C4=C(C=C(C=C4)OC)OC,1,ICMCIDYUTSXGGO-UHFFFAOYSA-N,ICMCIDYUTSXGGO,PubChem,10249221,
CCOC1=CC=C(C=C1)N2C(=C3C(=NN=C(C3=C2C)NC4=CC=C(C=C4)N)C)C,1,DJTCIJFILSSISZ-UHFFFAOYSA-N,DJTCIJFILSSISZ,PubChem,44459781,14980685
CCOC(=O)[C@H]\1[C@@H](C(=C(N/C1=C\C(=O)C2=CC=CC=C2)C)C(=O)OCC)C3=CC=CC=C3C(F)(F)F,1,HIYQOUGGURBBIQ-OVPACSEGSA-N,HIYQOUGGURBBIQ,PubChem,44290114,2840504
CCOC(=O)C1=C(C)NC(C)=C(C(=O)OC)C1c1ccc(Cl)cc1,1,VJQOCMZFBDZJGU-UHFFFAOYSA-N,VJQOCMZFBDZJGU,data_cav_dev,CHEMBL2063642,
CC(CC(c1ccccc1)c1ccccc1)NC(C)(C)C,1,UISARWKNNNHPGI-UHFFFAOYSA-N,UISARWKNNNHPGI,data_cav_dev,CHEMBL363295,
O=c1cc(O)n(C2CCCC2)c(=O)n1Cc1cccc(Cl)c1,0,RLKFMMXHWPLODY-UHFFFAOYSA-N,RLKFMMXHWPLODY,CUPID,CUPID,
CC(C(=O)Nc1ccc(CC2CCC(C(O)c3ccccc3)N2)cc1)n1ncccc1=O,0,PBXGYXYBIGMVQD-UHFFFAOYSA-N,PBXGYXYBIGMVQD,CUPID,CUPID,
CCOC(=O)C1=C(C)NC(C)=C(C(=O)OCC)C1c1ccc2c(c1)OCO2,0,DPYDZKLTMBIXPH-UHFFFAOYSA-N,DPYDZKLTMBIXPH,data_cav_dev,CHEMBL2063951,
C[C@@H]1CN([C@@H](CN1)CCCCO[Si](C)(C)C(C)(C)C)C(C2=CC=CC=C2)C3=CC=CC=C3,1,CSQSGSVJUYCWEB-ZEQKJWHPSA-N,CSQSGSVJUYCWEB,PubChem,73353427,23639535
CC(C)(C)C1=CC(=CC(=C1O)C(C)(C)C)C2N(C(=O)CS2)CCCN(C)C,1,ZUQGTPHKMLMERI-UHFFFAOYSA-N,ZUQGTPHKMLMERI,PubChem,10596708,9784106
CC(C)[C@]1(C([C@]2([C@]3(C[C@]4([C@@]1([C@@](O2)([C@@]5([C@@]3(CCC(=C)C5O)O)O4)N=NC6=CC=CC=C6)C)O)C)O)OC(=O)C7=CC=CN7)O,1,HKFWMHBUZDSWKY-HTHRUPROSA-N,HKFWMHBUZDSWKY,PubChem,49823665,8387597
COCCCn1cc(CN(C(=O)C2CNCCC2c2ccn(C)c(=O)c2)C2CC2)c2ccccc21,0,JZXHVNKYCRZJGN-UHFFFAOYSA-N,JZXHVNKYCRZJGN,CUPID,CUPID,
CC1=C(C(C(=C(N1)C)C(=O)OC/C=C/C2=CC=CC=C2)C3=CN=CC=C3)C(=O)O,1,NRQADBXGVQRCQP-JXMROGBWSA-N,NRQADBXGVQRCQP,PubChem,22949292,16309909
O=C(NC1CC1c1ccccc1)N1CCC(c2nc(-c3cccnc3)no2)CC1,0,VJCACPMAAVZCPB-UHFFFAOYSA-N,VJCACPMAAVZCPB,CUPID,CUPID,
CC1(C(=O)N(CCN1)CC2=NC3=C(C=C(C=C3N2CC(=O)NC(C)(C)C)C(F)(F)F)C(F)(F)F)C,0,YQUZESCLFYTXKY-UHFFFAOYSA-N,YQUZESCLFYTXKY,PubChem,90256829,
CCOC(=O)C1=C(NC(=C(C1C2=CC(=CC=C2)[N+](=O)[O-])C(=O)OC)C)C,1,PVHUJELLJLJGLN-UHFFFAOYSA-N,PVHUJELLJLJGLN,PubChem,4507,22889557
COC(=O)C1=C(N=CC(=C1)Br)N2CCC(C(C2)O)NC3CCCCC3,0,AJYHHWYDOWTOKZ-UHFFFAOYSA-N,AJYHHWYDOWTOKZ,PubChem,60156214,
O=C(NC1CCc2ccccc2CC1)N1CCC(c2nc(-c3ccccn3)no2)CC1,0,HRXSTBZYYQOBSY-UHFFFAOYSA-N,HRXSTBZYYQOBSY,CUPID,CUPID,
N#CC[C@H]1CC[C@H](n2c(=O)[nH]c3cnc(Nc4ccc[nH]c4=O)nc32)CC1,1,NIIBPFADTOPKBI-HAQNSBGRSA-N,NIIBPFADTOPKBI,data_cav_dev,CHEMBL4463007,
Cn1nccc1-c1ccc2c(c1)C(=O)CC1(CCN(C(=O)NC3CC3c3ccccc3)CC1)O2,0,KVNUPZLQKXFWBS-UHFFFAOYSA-N,KVNUPZLQKXFWBS,CUPID,CUPID,
ClCc1ccc(CNC23OC4C5C6CC(C7C6C4C72)C53)cc1,0,GUMLISHTDGQOBT-UHFFFAOYSA-N,GUMLISHTDGQOBT,data_cav_dev,CHEMBL4441047,
CC1=C(C(C(=C(N1)C)[N+](=O)[O-])C2=CC3=NO[N+](=C3C=C2)[O-])C(=O)OC.CC1=C(C(C(=C(N1)C)[N+](=O)[O-])C2=CC3=[N+](ON=C3C=C2)[O-])C(=O)OC,0,VVTYHBIZMAQBHX-UHFFFAOYSA-N,VVTYHBIZMAQBHX,PubChem,44280937,10212128
CCCCN(CCCC)CCCOC1=CC=C(C=C1)S(=O)(=O)C2=C3C=CC=CN3N=C2C(C)C,1,GIJBGPPVYLNAQQ-UHFFFAOYSA-N,GIJBGPPVYLNAQQ,PubChem,10074125,8496910
CN1CCN(CC1)C2=NC3=C(C=CC(=C3)Cl)NC4=CC=CC=C42,1,QZUDBNBUXVUHMW-UHFFFAOYSA-N,QZUDBNBUXVUHMW,PubChem,135398737,23812503
CCN=C1NC2C(OC(COC)C(O)C2O)S1,0,AVBFRSQZSIUFPO-UHFFFAOYSA-N,AVBFRSQZSIUFPO,CUPID,CUPID,
CC(NC(=O)Cc1ccc(C2CC2)cc1)c1ccc(OCC(F)(F)F)cn1,0,GEYDMBNDOVPFJL-UHFFFAOYSA-N,GEYDMBNDOVPFJL,CUPID,CUPID,
Cc1ncc(-c2nc3c(-c4ccc5c(c4)C4(CCCN4C(=O)C4CC4)C(=O)N5C)ncnc3n2C)cn1,0,MHEWWXGARXQJFP-UHFFFAOYSA-N,MHEWWXGARXQJFP,CUPID,CUPID,
CC(C)(C)C1=CC(=CC(=C1O)C(C)(C)C)C2N(C(=O)CS2)CCCN,1,DBMKWYMGBCJOLZ-UHFFFAOYSA-N,DBMKWYMGBCJOLZ,PubChem,10808788,9784106
CC1=C(C(C(=C(N1)CS(=O)C2=CC=CC=C2)C(=O)OC(C)C)C3=CC=CC=C3C(F)(F)F)C#N,1,KFSJNVUZSTWHCD-UHFFFAOYSA-N,KFSJNVUZSTWHCD,PubChem,15050389,2066997
CN1CCC(CC1)C(C2=CC=C(C=C2)Cl)N3CCN(CC3)C(=O)CC(C4=CC=CC=C4)C5=CC=CC=C5,1,QUDJCWKOPXBSPH-UHFFFAOYSA-N,QUDJCWKOPXBSPH,PubChem,46233600,20117000
CCOC(=O)C1=C(NC(=C(C1C2=CC=CC=C2C(F)(F)F)C(=O)OCC)CSC3=CC=CC=C3)C,1,DAKSYVVDKOYNLI-UHFFFAOYSA-N,DAKSYVVDKOYNLI,PubChem,15050251,2066997
CN1CCC2=CC(=C(C=C2C1CC3=CC=C(C=C3)O)OCC4=CC=CC=C4)OC,1,SLPSBJHFCMSEKN-UHFFFAOYSA-N,SLPSBJHFCMSEKN,PubChem,10249757,12880313
CN(CC1=NC2=C(C=C(C=C2N1)C(F)(F)F)C(F)(F)F)C(=O)CNC(=O)[C@@H](COC)N,0,XUQGNWHCPSCPMM-SNVBAGLBSA-N,XUQGNWHCPSCPMM,PubChem,60194214,
CC1=C(C(C(=C(N1)C(OC)OC)C(=O)OC/C=C/C2=CC=CC=C2OC)C3=CC(=CC=C3)Cl)C(=O)O,1,BQYVCCIKKHDNQU-DHZHZOJOSA-N,BQYVCCIKKHDNQU,PubChem,25212173,18684623
CC1=C(C(C(=C(N1)C)C(=O)OC)C2=C(ON=C2C3=CC=C(C=C3)Br)C)C(=O)OC,1,NTIBNPUDAGGMRS-UHFFFAOYSA-N,NTIBNPUDAGGMRS,PubChem,10623870,12502362
CCC1CCC(n2c(=O)cc(O)n(CCc3ccc(Cl)cc3)c2=O)C1,0,INNHEOWFFKWYPN-UHFFFAOYSA-N,INNHEOWFFKWYPN,CUPID,CUPID,
Cc1c(C2CCN(C(=O)NC3CC3c3ccccc3)CC2)o[nH]c1=O,0,GQPZWGHDZGLONB-UHFFFAOYSA-N,GQPZWGHDZGLONB,CUPID,CUPID,
CCOC(=O)C1=C(NC(=C(C1C2=CC=CO2)C#N)C)CSC3=CC=CC=C3,1,ANNIKVOCERELSP-UHFFFAOYSA-N,ANNIKVOCERELSP,PubChem,15050356,2066997
COC(=O)C(Cc1ccc(Cl)cc1)n1c(=O)cc(O)n(C2CCCC2)c1=O,0,DPNJEIRDMAOIPV-UHFFFAOYSA-N,DPNJEIRDMAOIPV,CUPID,CUPID,
CCOC(=O)C1=C(NC(=S)N(C1C2=CC(=CC=C2)[N+](=O)[O-])C(=O)OCC)C,1,CTTOBEKZDJFKJO-UHFFFAOYSA-N,CTTOBEKZDJFKJO,PubChem,14788031,2391701
CCCCCc1onc(-c2ccccc2)c1C1C(C(=O)OCC)=C(C)N=C(C)/C1=C(/O)OCC,1,CHDZSBDHFQDYBD-YYADALCUSA-N,CHDZSBDHFQDYBD,data_cav_dev,CHEMBL72717,
CN1CCCC(n2nc(Cc3ccc(Cl)cc3)c3ccccc3c2=O)CC1,0,MBUVEWMHONZEQD-UHFFFAOYSA-N,MBUVEWMHONZEQD,CUPID,CUPID,
CC1=NC(C)=C(C(=O)OCC(C)C)C(c2csc(-c3ccc(Cl)cc3)n2)C1C(=O)OCC(C)C,0,JLTQYTNKWASFHV-UHFFFAOYSA-N,JLTQYTNKWASFHV,CUPID,CUPID,
CCNC1=N[C@H]2[C@H](O[C@H](C(F)F)[C@@H](O)[C@@H]2O)S1,0,UDQTXCHQKHIQMH-KYGLGHNPSA-N,UDQTXCHQKHIQMH,data_cav_dev,CHEMBL4111094,
CN1CCC(C(c2ccc(F)cc2)N2CCN(C(=O)CC(c3ccccc3)c3ccccc3)CC2)CC1,0,GTSIUFNWVXFHJS-UHFFFAOYSA-N,GTSIUFNWVXFHJS,data_cav_dev,CHEMBL597783,
C1CN(CCN1C(C2=CC=CC=C2)C3=CC(=CC=C3)C(F)(F)F)C(=O)CC(C4=CC=CC=C4)C5=CC=CC=C5,1,JDFLEUYRGZPZQD-UHFFFAOYSA-N,JDFLEUYRGZPZQD,PubChem,9984406,20117000
CC1=C(C(C(=C(N1)C)C(=O)OC)C2=C(C=CC(=C2)[N+](=O)[O-])Cl)C(=O)OC,1,YONYZBUGAACHJA-UHFFFAOYSA-N,YONYZBUGAACHJA,PubChem,13018974,2834556
CCOC(=O)C1CN(C(c2ccccc2)c2ccccc2)CCN1C(=O)CC(c1ccccc1)c1ccccc1,0,KKZWTCQQRNGVOY-UHFFFAOYSA-N,KKZWTCQQRNGVOY,data_cav_dev,,10324784
CC(C)N1C(=O)[C@H](NC(=O)[C@@H](Cc2cccc(F)c2C(F)(F)F)NC(=O)OC(C)(C)C)CCc2ccccc21,1,SSLUYBNMMZMXPZ-NHCUHLMSSA-N,SSLUYBNMMZMXPZ,data_cav_dev,CHEMBL247647,
CCOC(=O)C1=C(N=C2C(=C1C3=CC=CC=C3)C(=C4CCCCCCC4=N2)N)C,1,VRUOVISKRCYPCS-UHFFFAOYSA-N,VRUOVISKRCYPCS,PubChem,76318775,30739821
C1=CC(=CC=C1C2=CC3=C(C=C2)N=C(N3)CC4=CN=CN=C4)OCC(F)(F)F,0,GDMZMWDRIUNIBR-UHFFFAOYSA-N,GDMZMWDRIUNIBR,PubChem,60194289,
O=C(c1cccc(OC(F)(F)F)c1)N1CCC(N(C2CC2)S(=O)(=O)c2cccc(C(F)(F)F)c2)CC1,1,XVGZUZGYIPSSIA-UHFFFAOYSA-N,XVGZUZGYIPSSIA,data_cav_dev,CHEMBL2180895,
O=C(O)CCCOc1ccc(-c2cc(OC(F)(F)F)ccc2Cl)cc1,0,FGXVJHYCASUBMZ-UHFFFAOYSA-N,FGXVJHYCASUBMZ,CUPID,CUPID,
CC(C)C1=C(N(C2=CC=CC=C21)C)S(=O)(=O)C3=CC=C(C=C3)OCCCN(C)CCC4=CC(=C(C=C4)OC)OC,1,GCVFQRRBTCHIPK-UHFFFAOYSA-N,GCVFQRRBTCHIPK,PubChem,9850876,
C1CN(CC(C1(F)F)OC2=NC3=CC=CC=C3C=N2)C(=O)C4=CC=CC=C4N5N=CC=N5,1,FDQBVPXGICYVJR-UHFFFAOYSA-N,FDQBVPXGICYVJR,PubChem,90298385,27818110
CCC(C)NCC1=CC=C2N1C3=CC=CC=C3SC2C4=C(C=C(C=C4)OC)OC,1,KINZMPRXMDYDFD-UHFFFAOYSA-N,KINZMPRXMDYDFD,PubChem,11795752,
CC1=C([C@H](C(=C(N1)C)C(=O)OCCCN2CCC(CC2)(C3=CC=CC=C3)C4=CC=CC=C4)C5=CC(=CC=C5)[N+](=O)[O-])C(=O)OC,1,SVJMLYUFVDMUHP-MGBGTMOVSA-N,SVJMLYUFVDMUHP,PubChem,6918097,8709132
COc1ccccc1-n1nc(OC2CC(C)(C)C(O)C(C)(C)C2)cc1-c1ccc(Cl)cc1,1,UMDPFCNSBNGNBU-UHFFFAOYSA-N,UMDPFCNSBNGNBU,data_cav_dev,,73294921
CCCCn1cc(CN2CCCCC2)c2cc(Br)ccc21,0,MNDUZCSWXWDMGB-UHFFFAOYSA-N,MNDUZCSWXWDMGB,data_cav_dev,CHEMBL4578159,
CC1=NC(C)=C(C(=O)OC(C)(C)C)C(c2csc(-c3ccc(Cl)cc3)n2)C1C(=O)OC(C)(C)C,0,KFUBCBHDDWKSHR-UHFFFAOYSA-N,KFUBCBHDDWKSHR,CUPID,CUPID,
CC1=C(C(C(=C(N1)C)C(=O)OC/C=C/C2=CC=C(C=C2)Cl)C3=CC(=CC=C3)Cl)C(=O)O,1,ZXJXISOPYRCUDU-SNAWJCMRSA-N,ZXJXISOPYRCUDU,PubChem,22949275,16309909
CCOC(=O)C1=C(C)N=C(C)/C(=C(/O)OCC)C1/C=C/c1ccccc1OC,1,YSSLOFDFZBTULG-NQCCGESRSA-N,YSSLOFDFZBTULG,data_cav_dev,CHEMBL1517833,
CCOC(=O)C1=C(C)N=C(C)/C(=C(/O)OCC)C1/C=C/c1ccccc1,1,LTZHSBVHIKMMIM-GZHXFNRCSA-N,LTZHSBVHIKMMIM,data_cav_dev,CHEMBL142868,
O=C(Nc1ccc(CC2CCC(C(O)c3cccnc3)N2)cc1)C1CCc2ccnn21,0,VXXIYUBYYXZZOE-UHFFFAOYSA-N,VXXIYUBYYXZZOE,CUPID,CUPID,
CC12CCC3c4ccc(O)cc4CCC3C1CCC2O,0,VOXZDWNPVJITMN-UHFFFAOYSA-N,VOXZDWNPVJITMN,CUPID,CUPID,
Cc1nc2n(c(=O)c1CCN1CCC(c3noc4cc(F)ccc34)CC1)CCCC2,0,RAPZEAPATHNIPO-UHFFFAOYSA-N,RAPZEAPATHNIPO,CUPID,CUPID,
CC1=CC(=CC(=C1)COC[C@H](C(C2=CC=CC=C2)C3=CC=CC=C3)N(C)C)C,1,KYAGVGRXHALGSE-RUZDIDTESA-N,KYAGVGRXHALGSE,PubChem,9976640,
COCCOC(=O)C1=C(C)NC(C)=C(C(=O)OCCOC)C1c1ccc(-c2cccc(Cl)c2Cl)o1,1,IIXMNYIBBDKWJC-UHFFFAOYSA-N,IIXMNYIBBDKWJC,data_cav_dev,CHEMBL2063839,
CN1C(=O)[C@@H](N2CCc3cn(CC4CCS(=O)(=O)CC4)nc3C2=O)COc2ccccc21,0,IVVSBEQDCAZLFY-SFHVURJKSA-N,IVVSBEQDCAZLFY,data_cav_dev,CHEMBL4097778,
CC(C1CCCCC1)n1c(=O)cc(O)n(CCc2ccc(Cl)cc2)c1=O,0,FGZQBORMNAQJIX-UHFFFAOYSA-N,FGZQBORMNAQJIX,CUPID,CUPID,
CCOC1=CC=C(C=C1)N2C(=C3C(=NN=C(C3=C2C)N(C)CCC4=CC=CC=N4)C)C,1,ASEXCKNPGKEBKX-UHFFFAOYSA-N,ASEXCKNPGKEBKX,PubChem,44407183,16321528
CC1=C(C(C(=C(N1)C)[N+](=O)[O-])C2=CC3=NON=C3C=C2)C(=O)OC,1,DDFSQUKYVYDWKZ-UHFFFAOYSA-N,DDFSQUKYVYDWKZ,PubChem,10381955,10212128
CCOC(=O)C1=C(C)Nc2nc3c(c(N)c2C1c1ccccc1OC)CCCC3,1,RYUHYOLRLQUVHQ-UHFFFAOYSA-N,RYUHYOLRLQUVHQ,data_cav_dev,CHEMBL436302,
CCOC(=O)N1C(=S)N=C(C)/C(=C(/O)OC(C)C)[C@@H]1c1cccc([N+](=O)[O-])c1,1,MNQUJICKNQOWHX-IDTYTIONSA-N,MNQUJICKNQOWHX,data_cav_dev,CHEMBL1907867,
C1CN(CCC1[C@@](C2=CC(=CC=C2)F)(C3=CC=CC=N3)O)CCCOC4=CC=C(C=C4)C#N,0,YLADDJNCJBCBJE-HHHXNRCGSA-N,YLADDJNCJBCBJE,PubChem,71777738,
CCOC(=O)C1=C(C)NC(C)=C(C(=O)OCC)C1c1ccc(OCCCCN2CCCC2)cc1,0,HOJABKNZHBVDFH-UHFFFAOYSA-N,HOJABKNZHBVDFH,data_cav_dev,CHEMBL4443523,
Cc1ccc(C(c2ccccc2)N2CCN(C(=O)CN(c3ccccc3)c3ccccc3)CC2)c(C)c1,0,DKVOGZPCCPBBPU-UHFFFAOYSA-N,DKVOGZPCCPBBPU,data_cav_dev,CHEMBL599205,
CCOC(=O)C1=C(NC(=C(C1C2=CC=CC=C2C(F)(F)F)C(=O)OCC)CS(=O)C3=CC=CC=C3C)C,1,LOZKINBXVPGMIN-UHFFFAOYSA-N,LOZKINBXVPGMIN,PubChem,44312003,2066997
CCOC(=O)[C@@H]1[C@H]2/C(=C(\O)OCC)C(C)=N[C@]1(C)Sc1c2cccc1[N+](=O)[O-],1,FUOPUIXPFABMRT-YFMVBIDXSA-N,FUOPUIXPFABMRT,data_cav_dev,CHEMBL2110301,
CC1=C(C(C(=C(N1)C)C(=O)OCC2CCCCO2)C3=CC(=CC=C3)[N+](=O)[O-])C(=O)OCCN4C(=O)C5=CC=CC=C5S4(=O)=O,1,SOOCCEZHZUEQKC-UHFFFAOYSA-N,SOOCCEZHZUEQKC,PubChem,3081827,1377748
CC(C)(CN1C2=C(C=C(C(=C2)C(F)(F)F)C(F)(F)F)N=C1CN3CCNCC3=O)O,0,AYFKQFUWSLEACG-UHFFFAOYSA-N,AYFKQFUWSLEACG,PubChem,90256533,
CCCCn1cc(CN2CCCCC2)c2cc(C)ccc21,0,RPRFSYJRPDXQFI-UHFFFAOYSA-N,RPRFSYJRPDXQFI,data_cav_dev,CHEMBL4578380,
COc1ccc2ncc(F)c(CC[C@@]3(O)CO[C@@H]4[C@@H](NCc5cc6c(cn5)OCCO6)CO[C@@H]43)c2n1,1,QWVOWTQCAWDAIT-LVEBQJTPSA-N,QWVOWTQCAWDAIT,data_cav_dev,CHEMBL4788651,
COc1ccccc1-n1nc(OC2CCN(C(=O)C(F)(F)F)CC2)cc1-c1ccc(Cl)cc1,1,IXSXSOMMKYUETH-UHFFFAOYSA-N,IXSXSOMMKYUETH,data_cav_dev,CHEMBL3962403,
CN(C)CC1=CC=C2N1C3=CC=CC=C3SC2,1,WGRUUBKCTBBTLU-UHFFFAOYSA-N,WGRUUBKCTBBTLU,PubChem,10705478,7473567
CCOC(=O)CC1=C(C(C(=C(N1)C)C#N)C2=CC=CC=C2C(F)(F)F)C(=O)OCC,1,PHIISSXQEOUGEQ-UHFFFAOYSA-N,PHIISSXQEOUGEQ,PubChem,44290430,2840504
CC(C)(C)NC(=O)[C@@H]1C[C@@H]2CCCC[C@@H]2CN1C[C@H]([C@H](CC3=CC=CC=C3)NC(=O)[C@H](CC(=O)N)NC(=O)C4=NC5=CC=CC=C5C=C4)O,1,QWAXKHKRTORLEM-UGJKXSETSA-N,QWAXKHKRTORLEM,PubChem,441243,23812503
O=C(Cn1ccccc1=O)Nc1ccc(CC2CCC(C(O)c3ccccc3)N2)cc1,0,HSUZTUCBYOJAHK-UHFFFAOYSA-N,HSUZTUCBYOJAHK,CUPID,CUPID,
CCOC(=O)C1=C(NC(=O)N(C1C2=CC(=CC=C2)[N+](=O)[O-])C(=O)OCC)C,1,HPTXPZUMVHDFCW-UHFFFAOYSA-N,HPTXPZUMVHDFCW,PubChem,13934401,2391701
CC1=C(C(C(=C(N1)C(OC)OC)C(=O)OC/C=C/C2=CC=CC=C2Cl)C3=CC(=CC=C3)Cl)C(=O)O,1,RLUGERPKNITYPU-JXMROGBWSA-N,RLUGERPKNITYPU,PubChem,44562329,18684623
CN1CC(C2=C(C1)C=C(C=C2)OCCCN3CCOCC3)C4=CC=C(C=C4)SC,0,XYYGFCDTBHAUSN-UHFFFAOYSA-N,XYYGFCDTBHAUSN,PubChem,16721129,17127059
CC1=CC=C(C=C1)/C=C/COC(=O)C2=C(NC(=C(C2C3=CC(=CC=C3)Cl)C(=O)O)C)C,1,MOQSOLFCXZIXFW-AATRIKPKSA-N,MOQSOLFCXZIXFW,PubChem,22949266,16309909
CC1(C(=O)O)CCCC(C)(c2nc(-c3ccc(C(=O)Nc4cc(C(F)(F)F)ccn4)cc3)c3c(N)nccn23)C1,0,TUABCARNQAPXIP-UHFFFAOYSA-N,TUABCARNQAPXIP,CUPID,CUPID,
C[C@@H]1[C@@H]2[C@H](C(=O)N2C(=C1S[C@H]3C[C@H](NC3)CNS(=O)(=O)N)C(=O)O)[C@@H](C)O,1,AVAACINZEOAHHE-VFZPANTDSA-N,AVAACINZEOAHHE,PubChem,73303,25087753
CC(C)N1CCN(CC1)C(=O)C2=CC=C(C=C2)CN3CCCCC3,0,DSNALXIKDKGHLJ-UHFFFAOYSA-N,DSNALXIKDKGHLJ,PubChem,10359235,25893048
CCOC(=O)CCCn1cc(CN2CCCCC2)c2cc(Br)ccc21,0,CNGAYQLORBGMNE-UHFFFAOYSA-N,CNGAYQLORBGMNE,data_cav_dev,CHEMBL4583861,
COCC1=NC2=C(C=C(C=C2N1)C(F)(F)F)C(F)(F)F,0,QYFPWTNVSPMPNK-UHFFFAOYSA-N,QYFPWTNVSPMPNK,PubChem,60194295,
COC(=O)C1=C(C)NC(C)=C(C(=O)OC)C1c1ccc(I)cc1,1,XFBNZVZYSNHUFG-UHFFFAOYSA-N,XFBNZVZYSNHUFG,data_cav_dev,CHEMBL2063954,
C1CN(CCN1CC(=O)N(C2=CC=CC=C2)C3=CC=CC=C3)C(C4=CC=CC=C4)C5=CC(=CC=C5)Cl,1,NTCNYPJNYIBPSC-UHFFFAOYSA-N,NTCNYPJNYIBPSC,PubChem,11605672,20117000
C=C[C@H]1CN2CC[C@H]1C[C@@H]2[C@@H](O)c1ccnc2ccc(OC)cc12,0,LOUPRKONTZGTKE-LHHVKLHASA-N,LOUPRKONTZGTKE,data_cav_dev,CHEMBL1294,
CN(C)CCCC1(c2ccc(F)cc2)OCc2cc(C#N)ccc21,0,WSEQXVZVJXJVFP-UHFFFAOYSA-N,WSEQXVZVJXJVFP,CUPID,CUPID,
O=C(NC(c1ccccc1)c1ccccc1)N1CCN(C(c2ccccc2)c2ccc(Cl)cc2)CC1,0,DOVZOQYQXHNCCN-UHFFFAOYSA-N,DOVZOQYQXHNCCN,data_cav_dev,CHEMBL597757,
CCOC(=O)C1=C(NC(=C([C@@H]1C2=C(C=CN=C2)C3=CC4=CC=CC=C4C=C3)C#N)C)C,1,DRAFQLUUZHHPFJ-RUZDIDTESA-N,DRAFQLUUZHHPFJ,PubChem,44318909,
CC1=C(C(C(=C(N1)C)C(=O)OC/C=C/C2=CC=CC=C2)C3=CC=C(C=C3)[N+](=O)[O-])C(=O)O,1,JWFLJBLBBVGYDN-RMKNXTFCSA-N,JWFLJBLBBVGYDN,PubChem,22949294,16309909
CCOC(=O)C1=C(C)NC(C)=C(C(=O)OCC)C1c1ccc(Cl)cc1,1,TXVRICWGWBIUAG-UHFFFAOYSA-N,TXVRICWGWBIUAG,data_cav_dev,CHEMBL1825006,
CC1=C(C=CC(=C1)CC(=O)NC2=NN(C=C2)CC3=NC=C(C=C3)C#N)OC(F)(F)F,1,GJKURPNQOJQXPQ-UHFFFAOYSA-N,GJKURPNQOJQXPQ,PubChem,126740610,29116786
CC(C)(CC1=NC2=C(C=C(C=C2N1)C(F)(F)F)C(F)(F)F)N,1,UHVWSFWWOSHLLP-UHFFFAOYSA-N,UHVWSFWWOSHLLP,PubChem,60194705,
CC1=C(N=NC2=C1C(=C(S2)C(=O)NCC3=CC=C(C=C3)S(=O)(=O)C(F)F)N)C,1,KNZAIFIZJGFOCI-UHFFFAOYSA-N,KNZAIFIZJGFOCI,PubChem,89768534,27939174
O=C(O)c1ccccc1Nc1ccccc1,0,ZWJINEZUASEZBH-UHFFFAOYSA-N,ZWJINEZUASEZBH,CUPID,CUPID,
CCCC(C)C1(CC)C(=O)NC(=O)NC1=O,0,WEXRUCMBJFQVBZ-UHFFFAOYSA-N,WEXRUCMBJFQVBZ,data_cav_dev,,4737
CC(C)C1=C(C=CO1)S(=O)(=O)C2=CC=C(C=C2)OCCCN(C)CCC3=CC(=C(C=C3)OC)OC,1,NUNWHRUPOCOTJZ-UHFFFAOYSA-N,NUNWHRUPOCOTJZ,PubChem,10006226,8496910
CC(=O)O[C@H]1[C@H](SC2=C(C=C(C=C2)Cl)N3C1=CC=C3CN4CCOCC4)C5=CC=C(C=C5)OC,0,KIRQPXKEKDSZNI-CLJLJLNGSA-N,KIRQPXKEKDSZNI,PubChem,10505509,8709127
Brc1ccc2c(c1)c(CN1CCCCC1)cn2CCCCN1CCCCC1,0,QQXQSDWOLBGZJI-UHFFFAOYSA-N,QQXQSDWOLBGZJI,data_cav_dev,CHEMBL4560105,
CCOC(=O)C1=C(NC(=C(C1C2=CC(=CC=C2)[N+](=O)[O-])C#N)C)CSC3=CC=CC=C3,1,NTRZCSRELXJLFQ-UHFFFAOYSA-N,NTRZCSRELXJLFQ,PubChem,15050329,2066997
CCCCn1cc(CN(C)C)c2cc(Br)ccc21,0,QRAWZHRXCWVDNZ-UHFFFAOYSA-N,QRAWZHRXCWVDNZ,data_cav_dev,CHEMBL4522567,
Cc1cccnc1CN1CCC2(CC1)C(=O)N(c1ccc(-c3ccccc3)cc1)C(=O)N2c1cc(=O)[nH]cn1,1,SGDWPIDXMHBDQC-UHFFFAOYSA-N,SGDWPIDXMHBDQC,data_cav_dev,,136069494
CCOC(=O)c1c(C)nc2nc3c(c(N)c2c1-c1ccc([N+](=O)[O-])cc1)CCCCC3,0,JTQKDWBEVOKNEB-UHFFFAOYSA-N,JTQKDWBEVOKNEB,data_cav_dev,,156012588
COCCOC(=O)C1=C(C)N=C(C)/C(=C(/O)OCCOC)C1/C=C/c1ccccc1OC,1,UULRXMRCEBQSQQ-LFHLGDSASA-N,UULRXMRCEBQSQQ,data_cav_dev,CHEMBL1320470,
CCOC(=O)C1=C(C)NC(C)=C(C(=O)OCC)C1c1ccccc1,1,VQZSDRXKLXBRHJ-UHFFFAOYSA-N,VQZSDRXKLXBRHJ,data_cav_dev,CHEMBL1099205,
CCOC(=O)C1=C(N/C(=C\C(=O)C2=CC=CC=C2)/[C@H]([C@@H]1C3=CC=CC=C3C(F)(F)F)C(=O)C4=CC=CC=C4)C,1,IFCDMCBKIDBEIP-JDIGQQKQSA-N,IFCDMCBKIDBEIP,PubChem,44290201,2840504
CO/C(O)=C1\C(C)=NC(C)=C(C(=O)OCC(C)C)C1c1ccc(Cl)cc1,1,ICJDZRKVAKAOCS-KNTRCKAVSA-N,ICJDZRKVAKAOCS,data_cav_dev,CHEMBL318521,
C1=C2C(=CC(=C1Cl)Cl)N=C(N2)CNC(=O)CN,0,PUOWNSGONWNIDT-UHFFFAOYSA-N,PUOWNSGONWNIDT,PubChem,90256571,
CN(CCCC1=NC2=CC=CC=C2N1)CC[C@]3(C[C@@H]4CC[C@H]3C5=CC=CC=C45)OC(=O)C6CC6,1,GERVYTOORWZGGL-RPFOIHMYSA-N,GERVYTOORWZGGL,PubChem,122187213,26231163
CCN=C(N)NC(=O)Nc1c(CC)cc(S(=O)(=O)NCC)cc1CC,0,NEJPXAFQJAEHPM-UHFFFAOYSA-N,NEJPXAFQJAEHPM,CUPID,CUPID,
CCOC1=C(C(C(=C(N1)C)C(=O)OCC)C2=CC(=CC=C2)[N+](=O)[O-])C(=O)OCC,1,ZVUQWPQXEDQMQO-UHFFFAOYSA-N,ZVUQWPQXEDQMQO,PubChem,44284652,2391701
C1CN(CCN1CC(=O)N(C2=CC=CC=C2)C3=CC=CC=C3)C(C4=CC=CC=C4)C5=CC=CC=C5,1,QXNYWQVYZYCACA-UHFFFAOYSA-N,QXNYWQVYZYCACA,PubChem,4229612,20117000
CC1=C(C=CC(=C1)CC(=O)NC2=NN(C=C2)CC3=NC=C(C=C3)C#N)OCCC(F)(F)F,1,RNCVBSIKEFZPOC-UHFFFAOYSA-N,RNCVBSIKEFZPOC,PubChem,126740618,29116786
CC(=O)OC1=C(SC2=C(C=C(C=C2)Cl)N3C1=CC=C3CN(C)C)C4=CC=CC=C4,1,QDHFXKARVSQPDI-UHFFFAOYSA-N,QDHFXKARVSQPDI,PubChem,10788496,8709127
CCOC(=O)C1=C(C)NC(C)=C(C(=O)OCC)C1c1ccc(C(C)(C)C)cc1,1,KTDOBMMDMJUIGB-UHFFFAOYSA-N,KTDOBMMDMJUIGB,data_cav_dev,CHEMBL2063654,
C1=C(C=C2C(=C1C(F)(F)F)N=C(N2)CC(F)(F)F)C(F)(F)F,1,MUNZXFZFXQVULL-UHFFFAOYSA-N,MUNZXFZFXQVULL,PubChem,60194327,
CN(CCC1=CNC2=CC=CC=C21)C(=O)SC,0,ASGGNXXOFLVYSB-UHFFFAOYSA-N,ASGGNXXOFLVYSB,PubChem,403138,24949913
COc1ccccc1-n1nc(OC2CCS(=O)(=O)CC2)cc1-c1ccc(Cl)cc1,1,VLKBVXIFTQLGCO-UHFFFAOYSA-N,VLKBVXIFTQLGCO,data_cav_dev,CHEMBL3985660,
CC(C)[C@H](C1=CC=C(C=C1)F)NC(=O)CC2CCN(CC2)CCC3=C(C=C(C=C3)F)OCCOC,1,ANDNTBPNXOOSIF-MUUNZHRXSA-N,ANDNTBPNXOOSIF,PubChem,56931170,
CCOc1cc(CN2CCC3(CC2)CC(=O)N(c2ccc(C(=O)O)cc2)C3)cc(OCC)c1-c1ccc(F)cc1.O=C(O)C(F)(F)F,0,VFUWYNPQDXMVOJ-UHFFFAOYSA-N,VFUWYNPQDXMVOJ,data_cav_dev,CHEMBL4282052,
O=C(NC[C@H]1[C@@H]2CN(C(=O)OCc3cc(C(F)(F)F)cc(C(F)(F)F)c3)C[C@H]12)c1ccc2[nH]nnc2c1,1,ZDOBSAPHUUUOHX-OSYLJGHBSA-N,ZDOBSAPHUUUOHX,data_cav_dev,CHEMBL4165749,
CC(C)Cn1c(=O)n(C)c(=O)c2[nH]cnc21,0,APIXJSLKIYYUKG-UHFFFAOYSA-N,APIXJSLKIYYUKG,CUPID,CUPID,
O=C(O)c1ccc(N2CC3(CCN(Cc4cc(C(F)(F)F)ccc4C4CC4)CC3)OC2=O)cc1,1,UNCDRASKFWAOIZ-UHFFFAOYSA-N,UNCDRASKFWAOIZ,data_cav_dev,CHEMBL4289325,
COC1=CC(=C(C=C1)F)C(=O)N2CCC(C(C2)OC3=NC4=CC=CC=C4C=C3)(F)F,1,PCCFUTSTUHACKF-UHFFFAOYSA-N,PCCFUTSTUHACKF,PubChem,123517068,27818110
CCOC(=O)C1=C(C)NC(C)=C(C(=O)OC)C1c1ccccc1,1,SCHYNEBURMLCDS-UHFFFAOYSA-N,SCHYNEBURMLCDS,data_cav_dev,CHEMBL2063640,
CCN=C1NC2C(OC(CO)C(O)C2F)S1,0,ICJGJSLPQBWFGV-UHFFFAOYSA-N,ICJGJSLPQBWFGV,CUPID,CUPID,
CCCC1C2=C(CCCC2=O)NC(=C1C(=O)NC3=C(C=CC(=C3)Cl)Cl)C,0,IIXZJMYGKNKDGN-UHFFFAOYSA-N,IIXZJMYGKNKDGN,PubChem,155511466,32141297
Cc1cccc(C2NC(=S)Nc3nc4c(c(N)c32)CCCC4)c1,1,GYRQOPMYAYOUMX-UHFFFAOYSA-N,GYRQOPMYAYOUMX,data_cav_dev,CHEMBL4166003,
Cc1nc2n(c(=O)c1CCN1CCC(c3noc4cc(F)ccc34)CC1)CCCC2O,0,PMXMIIMHBWHSKN-UHFFFAOYSA-N,PMXMIIMHBWHSKN,CUPID,CUPID,
NCc1ccc(C/N=C2/C3C4CC5C6C4C2C6C2(OCCO2)C53)cc1,1,PNPIPQKWOXPTBU-ATJXCDBQSA-N,PNPIPQKWOXPTBU,data_cav_dev,CHEMBL4530916,
CC(C)C1=CN2C=CC=CC2=C1S(=O)(=O)C3=CC=C(C=C3)OCCCN(C)CCC4=CC(=C(C=C4)OC)OC,1,ITAMRBIZWGDOHW-UHFFFAOYSA-N,ITAMRBIZWGDOHW,PubChem,119349,
CCOC1=CC=C(C=C1)N2C(=C3C(=NN=C(C3=C2C)N4CCCCC4)C)C,1,RBNHQDONFKAMDH-UHFFFAOYSA-N,RBNHQDONFKAMDH,PubChem,44407201,16321528
Cc1cn(-c2cc(NC(=O)c3ccc(C)c(Nc4nccc(-c5cccnc5)n4)c3)cc(C(F)(F)F)c2)cn1,0,HHZIURLSWUIHRB-UHFFFAOYSA-N,HHZIURLSWUIHRB,data_cav_dev,CHEMBL255863,
CC1CCCC1n1c(=O)cc(O)n(CCc2cccc(Cl)c2)c1=O,0,QOWAYEHCGKUNTG-UHFFFAOYSA-N,QOWAYEHCGKUNTG,CUPID,CUPID,
COc1ccc2ncc(=O)n(CCN3CCC(NCc4ccc5c(n4)NC(=O)CO5)CC3)c2c1,0,VQECILSOQQFMKP-UHFFFAOYSA-N,VQECILSOQQFMKP,CUPID,CUPID,
C1CN(CCN1C(C2=CC=CC=C2)C3=CC=C(C=C3)C(F)(F)F)C(=O)CC(C4=CC=CC=C4)C5=CC=CC=C5,1,JCEFNPWMPAOQID-UHFFFAOYSA-N,JCEFNPWMPAOQID,PubChem,11756714,20117000
CC1=C(C(C(=C(N1)C)C(=O)OCC(C)C)C2=CC=CC=C2C(F)(F)F)C(=O)OC,1,GDMWOXCBWARCKK-UHFFFAOYSA-N,GDMWOXCBWARCKK,PubChem,44334389,3339603
CC1=C(C(C(=C(N1)CSC2=CC=CC=C2)C(=O)OC(C)C)C3=CC=CC=C3C(F)(F)F)C#N,1,LWIUWIHGFPDJKE-UHFFFAOYSA-N,LWIUWIHGFPDJKE,PubChem,15050388,2066997
CN(C)CCNC1=NC(=C2CNC(=O)N(C2=N1)C3=C(C=CC=C3Cl)Cl)C4=C(C=C(C=C4)Cl)Cl,1,WKWWQXNWGMMYRC-UHFFFAOYSA-N,WKWWQXNWGMMYRC,PubChem,23647639,16750629
CC(=O)O[C@H]1[C@H](SC2=C(C=C(C=C2)Cl)N3C1=CC=C3CN(C)C)C4=CC=CC=C4,0,HDBOSQCFXIVZDI-DHIUTWEWSA-N,HDBOSQCFXIVZDI,PubChem,10812384,8709127
CCOC(=O)C1=C(NC(=C(C1C2=C(ON=C2C3=CC=CC=C3)CCC4=CC=CC=C4)C(=O)OCC)C)C,1,DQZHDTLRGJKFAP-UHFFFAOYSA-N,DQZHDTLRGJKFAP,PubChem,11799554,10447952
CCOC(=O)C1=C(C)Nc2nc3c(c(N)c2C1c1ccccc1[N+](=O)[O-])CCCC3,1,OWDDOOZVDQHYQH-UHFFFAOYSA-N,OWDDOOZVDQHYQH,data_cav_dev,CHEMBL219400,
Cc1ccc(C2NC(=S)Nc3nc4c(c(N)c32)CCCC4)cc1,1,BXWNQTZFDOYIOK-UHFFFAOYSA-N,BXWNQTZFDOYIOK,data_cav_dev,CHEMBL4163376,
CCCN(CCC)C(c1ccccn1)C(c1ccccn1)N(CCC)CC(O)CO,0,ARIVZVAHCXZRND-UHFFFAOYSA-N,ARIVZVAHCXZRND,CUPID,CUPID,
CC1CC(N2C(=O)CC(C)(c3cccc(Nc4ccc(C5CC5)nc4)c3Cl)N=C2N)CCO1,0,NRQARCCHBBGTDO-UHFFFAOYSA-N,NRQARCCHBBGTDO,CUPID,CUPID,
CCOC(=O)C1=C(C)Nc2nc3c(c(N)c2C1c1cccc([N+](=O)[O-])c1)CCCC3,1,CWDRVGKNJWGVJS-UHFFFAOYSA-N,CWDRVGKNJWGVJS,data_cav_dev,CHEMBL220294,
C1=CC(=CN=C1)CC2=NC3=C(C=C(C=C3N2)C(F)(F)F)C(F)(F)F,0,JANYWBGRDDKXQK-UHFFFAOYSA-N,JANYWBGRDDKXQK,PubChem,60194332,
CCOC(=O)C1=C(NC(=S)N(C1C2=CC(=CC=C2)[N+](=O)[O-])S(=O)(=O)C3=CC=CC=C3)C,1,YKNGHCPXBSRJAV-UHFFFAOYSA-N,YKNGHCPXBSRJAV,PubChem,13912577,2391701
C[C@@H]1CN([C@@H](CN1S(=O)(=O)C2=CC=C(C=C2)C)CCCO[Si](C)(C)C(C)(C)C)C(C3=CC=CC=C3)C4=CC=CC=C4,1,NRMPNMJREQCJAD-GRKNLSHJSA-N,NRMPNMJREQCJAD,PubChem,71625086,23639535
CCC1=C(C(=CC=C1)CC)NC(=O)NC(=NCC)N,1,VHGRQUGTHVVVTE-UHFFFAOYSA-N,VHGRQUGTHVVVTE,PubChem,13023375,35044775
CCOC(=O)C1=C(C)N=C(C)/C(=C(/O)OCC)C1c1c(-c2ccccc2)noc1CCc1cccc(OC)c1,1,QCUCGGLZTFSKRO-QCWLDUFUSA-N,QCUCGGLZTFSKRO,data_cav_dev,CHEMBL539426,
CC1C(n2c(=O)cc(O)n(CCc3cccc(Cl)c3)c2=O)CC2CC1C2(C)C,0,AGIGZQHXZXQTFQ-UHFFFAOYSA-N,AGIGZQHXZXQTFQ,CUPID,CUPID,
CC(=O)O[C@H]1[C@H](SC2=C(C=C(C=C2)Cl)N3C1=CC=C3CN(C)C)C4=CC=C(C=C4)OC,1,VEDSMTGXXDIVMG-DNQXCXABSA-N,VEDSMTGXXDIVMG,PubChem,9955731,8709127
COC(=O)C1=C(C)NC(C)=C(C(=O)O[C@@H]2CCCN(Cc3ccccc3)C2)C1c1cccc([N+](=O)[O-])c1,1,QZVNQOLPLYWLHQ-GEPVFLLWSA-N,QZVNQOLPLYWLHQ,data_cav_dev,,60065
CC(C)C[C@@H](CC(=O)NCC1=NC2=C(C=C(C=C2N1)C(F)(F)F)C(F)(F)F)CN,1,SANRVWSXPCQZIV-JTQLQIEISA-N,SANRVWSXPCQZIV,PubChem,60194359,
CC1=C(C(C(=C(N1)C)C(=O)OC/C=C/C2=CC=CC=C2)C3=COC=C3)C(=O)O,1,JBGFFEMSESEXNW-RMKNXTFCSA-N,JBGFFEMSESEXNW,PubChem,22949305,16309909
CC1(C(=O)N(CCN1)CC2=NC3=CC(=C(C=C3N2)Cl)Cl)C,0,JSWAMBOBSDXSCH-UHFFFAOYSA-N,JSWAMBOBSDXSCH,PubChem,90256674,
CC1=C2C(C3=CC=CC=C3SCCCCCOC2=O)N=C(N1)SC,1,WTLRCBMJOQVEEU-UHFFFAOYSA-N,WTLRCBMJOQVEEU,PubChem,10044215,7837222
CCCC1=C([C@H](C(=C(N1)C)C#N)C2=CC=NC3=CC=CC=C23)C(=O)OCC,1,LIHLXWYJHXJFEM-FQEVSTJZSA-N,LIHLXWYJHXJFEM,PubChem,46237982,20408553
CN1CCC(C(c2ccccc2)N2CCN(C(=O)CC(c3ccccc3)c3ccccc3)CC2)CC1,0,KGQXWNGARPKIIX-UHFFFAOYSA-N,KGQXWNGARPKIIX,data_cav_dev,,46233598
CCOC(=O)C1=C(NC(=C(C1C2=C(C(=CC=C2)Cl)Cl)C#N)C)CSC3=CC=NC=C3,1,WDXUQDWDRLUDMC-UHFFFAOYSA-N,WDXUQDWDRLUDMC,PubChem,15050333,2066997
C1=C(C(=CC2=C1NC(=N2)CN)C(F)(F)F)C(F)(F)F,0,ZPWAXDDBIKLHQM-UHFFFAOYSA-N,ZPWAXDDBIKLHQM,PubChem,60194707,
COC(=O)C1=C(C)N(C)C(C)=C(C(=O)OC)C1c1ccc(Cl)c([N+](=O)[O-])c1,1,PNRGSPPYQYPAGN-UHFFFAOYSA-N,PNRGSPPYQYPAGN,data_cav_dev,CHEMBL2063803,
COC(=O)C1=C(C)NC(C)=C(C(=O)OC)C1c1ccc(Cl)c(Cl)c1,1,GHXKAZQKSPCRGO-UHFFFAOYSA-N,GHXKAZQKSPCRGO,data_cav_dev,CHEMBL2063820,
C1COCCN1C2=NC(=C3CNC(=O)N(C3=N2)C4=C(C=CC=C4Cl)Cl)C5=CC=CC=C5Cl,1,ANNQXHXXKQEKSO-UHFFFAOYSA-N,ANNQXHXXKQEKSO,PubChem,23647645,16750629
CC1=C(C(C(=C(N1)C)C(=O)OC(C)C)C2=CC=CC3=NON=C32)C(=O)OCCCCCCCCCC[N+](C)(C)C,1,MPZILEAILJCTEU-UHFFFAOYSA-O,MPZILEAILJCTEU,PubChem,118738348,22761000
Nc1c2c(nc3c1C(c1ccc(Cl)cc1)NC(=S)N3)CCCC2,1,YEFWMAZIZIXJFI-UHFFFAOYSA-N,YEFWMAZIZIXJFI,data_cav_dev,CHEMBL4167753,
CC(=O)OC1C(CC2=C(C=CC=C2N(C1=O)CCN(C)C)C(=O)N)C3=CC=C(C=C3)OC,1,YUTMPHVKRNZFEI-UHFFFAOYSA-N,YUTMPHVKRNZFEI,PubChem,49823977,1311765
CCC(=O)C(CC(C)N(C)C)(c1ccccc1)c1ccccc1,0,USSIQXCVUWKGNF-UHFFFAOYSA-N,USSIQXCVUWKGNF,data_cav_dev,,4095
CCC(C)c1ccccc1OC(=O)NC,0,DIRFUJHNVNOBMY-UHFFFAOYSA-N,DIRFUJHNVNOBMY,CUPID,CUPID,
CCOC(=O)C1=C(C)N=C(C)C(C(=O)OC)C1c1csc(-c2ccc(Cl)cc2)n1,0,GQMKJHUMMQJEDA-UHFFFAOYSA-N,GQMKJHUMMQJEDA,CUPID,CUPID,
COC1=C(C=C(C=C1)CCC(=O)O)C2=C(C=C(C=C2)C(F)(F)F)[C@@H]3CC[C@@H]4N3C(=O)O[C@@H]4C5=CC(=CC(=C5)C(F)(F)F)C(F)(F)F,1,GTNKTGAHDLAMLO-NLJOTIRTSA-N,GTNKTGAHDLAMLO,PubChem,71526554,34375108
CCOC(=O)N1C(C(=C(NC1=S)C)C(=O)OC)C2=CC(=CC=C2)[N+](=O)[O-],1,LWEDQAMECOOTLU-UHFFFAOYSA-N,LWEDQAMECOOTLU,PubChem,14788039,2391701
N#Cc1cnc(Nc2cc(NC[C@H]3CNCCO3)c(C(F)(F)F)cn2)cn1,1,YBYYWUUUGCNAHQ-LLVKDONJSA-N,YBYYWUUUGCNAHQ,data_cav_dev,CHEMBL4169078,
CC1=CSC(C2=NOC(=O)N12)(C3=CC=C(C=C3)Br)O,0,BQAKEYSLSCKIOQ-UHFFFAOYSA-N,BQAKEYSLSCKIOQ,PubChem,10449967,19323482
CC1=C(C(C(=C(N1)C)[N+](=O)[O-])C2=CC=CC3=NON=C32)C(=O)OC(C)C,1,LYFZEFDZKPJBJK-UHFFFAOYSA-N,LYFZEFDZKPJBJK,PubChem,5026,
CCOC(=O)N1C(=S)N=C(C)/C(=C(/O)OCC)C1c1cccc([N+](=O)[O-])c1,1,UJPHXNFMWVCEBX-FYWRMAATSA-N,UJPHXNFMWVCEBX,data_cav_dev,CHEMBL440695,
CC(C)(CN)C(=O)NCC1=NC2=C(C=C(C=C2N1)C(F)(F)F)C(F)(F)F,0,MDWJSOMFNWTHDV-UHFFFAOYSA-N,MDWJSOMFNWTHDV,PubChem,90256435,
C1CCC(CC1)(CC2=NC3=C(C=C(C=C3N2)C(F)(F)F)C(F)(F)F)N,1,WZZJBESTVLOCMV-UHFFFAOYSA-N,WZZJBESTVLOCMV,PubChem,90256998,
CCOC(=O)C1=C(C)NC(C)=C(C(=O)OCC)C1c1ccc(OCCCCCN2CCCCC2)cc1,0,LEFLUEYSKFGASD-UHFFFAOYSA-N,LEFLUEYSKFGASD,data_cav_dev,CHEMBL4573309,
CCOC(=O)C1=C(NC(=O)N(C1C2=CC(=CC=C2)[N+](=O)[O-])CCC(=O)NNC(=S)NC(C3=CC=CC=C3)C4=CC=CC=C4)C,0,WTGNMNRTVRVQAK-UHFFFAOYSA-N,WTGNMNRTVRVQAK,PubChem,132961366,28233679
CS(=O)(=O)c1ccc(F)cc1C(=O)N1CCC(N(C2CC2)S(=O)(=O)c2cccc(C(F)(F)F)c2)CC1,1,YVSHQGAIDXNKCO-UHFFFAOYSA-N,YVSHQGAIDXNKCO,data_cav_dev,CHEMBL2180905,
O=C(O)CCc1cc2cc(-c3cc(OC(F)(F)F)ccc3F)ccc2o1,0,HTIVRXDQROURHF-UHFFFAOYSA-N,HTIVRXDQROURHF,CUPID,CUPID,
CN1[C@H]2CC3=C([C@@H]1CC4=CC5=C(C=C24)OCO5)C(=C(C=C3)OC)OC,1,IYPXJUDUCHAEJT-GJZGRUSLSA-N,IYPXJUDUCHAEJT,PubChem,122196580,
C1=CC2=C(C=C1C3=CC(=C(C=C3)F)Cl)NC(=N2)CC4=CN=CN=C4,0,QFAWZWKSVNFYIV-UHFFFAOYSA-N,QFAWZWKSVNFYIV,PubChem,60194257,
C1CNCCC1CC(=O)NC(C2=CC=CC=N2)C(F)(F)F,0,IYPBAHHPKSYGBE-UHFFFAOYSA-N,IYPBAHHPKSYGBE,PubChem,90257369,
COC1=CC=C(C=C1)C2=C(C3=CC=CN3C4=CC=CC=C4S2)OC(=O)C5=CC=NC=C5,0,QLHOJFHGOIVGEG-UHFFFAOYSA-N,QLHOJFHGOIVGEG,PubChem,10296052,8709127
CC1=CC=C(C=C1)C2(CC(=NN2C(=O)NC3=CC=C(C=C3)F)C4=CC=CC=C4)CCN5CCOCC5,1,WWQJGNLZPDECOJ-UHFFFAOYSA-N,WWQJGNLZPDECOJ,PubChem,134135105,27579577
CC(C(=O)Nc1ccc(CC2CCC(C(O)c3cccnc3)N2)cc1)n1ncccc1=O,0,KJQNVVRQSWUQHQ-UHFFFAOYSA-N,KJQNVVRQSWUQHQ,CUPID,CUPID,
COC(=O)C1=C(C)NC(C)=C(C(=O)OC)C1c1cccc(Br)c1,1,JPWHOMRZIVPQOM-UHFFFAOYSA-N,JPWHOMRZIVPQOM,data_cav_dev,CHEMBL2063819,
CC(C)[C@H]1C2=C(CC[C@@]1(CCN(C)CCCC3=NC4=CC=CC=C4N3)OC(=O)C(C)C)C=C(C=C2)F,1,FRFNLRPRBZSCOW-JDXGNMNLSA-N,FRFNLRPRBZSCOW,PubChem,10117450,26231163
CC1(CN2Cc3nc(-c4ccc(F)cc4)sc3C2)CN=C(N)O1,0,WUQLEOOOWJRETO-UHFFFAOYSA-N,WUQLEOOOWJRETO,CUPID,CUPID,
CC1=C(C(C(=C(N1)C)C(=O)OCCN2C(=O)C3=CC=CC=C3S2(=O)=O)C4=CC=CC=C4C(F)(F)F)C(=O)OC,1,OXEIOPDPIPQBOJ-UHFFFAOYSA-N,OXEIOPDPIPQBOJ,PubChem,15041265,1377748
CCCCCC1=CC(=C(C(=C1)O)[C@@H]2C=C(CC[C@H]2C(=C)C)C)O,1,QHMBSVQNZZTUGM-ZWKOTPCHSA-N,QHMBSVQNZZTUGM,PubChem,644019,
COC(=O)C1=C(C)N=C(C)C(C(=O)OC2CCCCC2)C1c1csc(-c2ccc(Cl)cc2)n1,0,SERZPYGVDGPWMC-UHFFFAOYSA-N,SERZPYGVDGPWMC,CUPID,CUPID,
CC(C)[Si](C#CC#C[C@@H](C1=CC=CC=C1)O)(C(C)C)C(C)C,0,HNKFWEHJGWDEPK-FQEVSTJZSA-N,HNKFWEHJGWDEPK,PubChem,102291892,34319736
CC(C)(CN1C2=CC(=C(C=C2N=C1CC3CCNCC3)Cl)Cl)O,0,BUEFUFWBOBQPDC-UHFFFAOYSA-N,BUEFUFWBOBQPDC,PubChem,90256505,
CC(C)Oc1ccccc1-n1nc(OC2CCN(S(C)(=O)=O)CC2)cc1-c1ccc(Cl)cc1,1,CLSLOWKHEUDMRP-UHFFFAOYSA-N,CLSLOWKHEUDMRP,data_cav_dev,CHEMBL3952905,
CN(CCC1=CC(=C(C=C1)OC)OC)CC2=CC=C3N2C4=CC=CC=C4SC3C5=CC=C(C=C5)OC.Cl,1,LDJWHGFKDWOAHQ-UHFFFAOYSA-N,LDJWHGFKDWOAHQ,PubChem,45263945,
CN(CCC1=CC(=C(C=C1)OC)OC)CC2=CC=C3N2C4=CC=CC=C4SC3C5=C(C=C(C=C5)OC)OC,1,CBYMXYAXIYJQBO-UHFFFAOYSA-N,CBYMXYAXIYJQBO,PubChem,10816067,7473567
COc1ccc(-c2cc(OC3CC(C)(C)[S+]([O-])C(C)(C)C3)nn2-c2ccccc2OC)cc1,1,HACCLYCGUNUBJY-UHFFFAOYSA-N,HACCLYCGUNUBJY,data_cav_dev,CHEMBL3965812,
CC1=C(C(=O)OCc2ccccc2)C(c2ccc(Cl)cc2)C(C(=O)OCc2ccccc2)=C(C)N1,1,OLFQDUCSZQBJMO-UHFFFAOYSA-N,OLFQDUCSZQBJMO,data_cav_dev,CHEMBL2063799,
CC1=CC2=C(C=C1)N(C=C2CN3CCCCC3)CC4=CC(=CC=C4)Cl,1,CFHXUOVTYQSVHV-UHFFFAOYSA-N,CFHXUOVTYQSVHV,PubChem,145967863,29656989
COc1ccccc1-n1nc(OC2CCC(F)(F)CC2)cc1-c1ccc(Cl)cc1,1,QWTOYMMBYIZUDZ-UHFFFAOYSA-N,QWTOYMMBYIZUDZ,data_cav_dev,,73296846
CC1=C(C(C(=C(N1)C)C(=O)OCCCCCCCC[N+](C)(C)C)C2=CC(=CC=C2)[N+](=O)[O-])C(=O)OC.[I-],1,XKIUNKMRICVREO-UHFFFAOYSA-N,XKIUNKMRICVREO,PubChem,15506803,10956198
CCOC(=O)C1=C(C)N=C(C)/C(=C(/O)OCC)C1c1c(-c2ccccc2)noc1CCc1ccccc1,1,HMVLNQGQWYEOQC-RMLRFSFXSA-N,HMVLNQGQWYEOQC,data_cav_dev,CHEMBL107213,
C[C@H]1CN(CC[C@@]1(C)C2=CC(=CC=C2)O)C[C@H](CC3=CC=CC=C3)C(=O)NCC(=O)O,1,UPNUIXSCZBYVBB-JVFUWBCBSA-N,UPNUIXSCZBYVBB,PubChem,5488548,25087753
C=CCOC(=O)C1=C(C)NC(C)=C(C(=O)OCC=C)C1c1cccc(Oc2ccccc2)c1,1,KQHXNOPSPSWLIW-UHFFFAOYSA-N,KQHXNOPSPSWLIW,data_cav_dev,CHEMBL2063813,
C1CN(C(=O)CN1)CC2=NC3=C(N2)C(=C(C(=C3F)F)F)F,0,BAAMPJPJCCDRKI-UHFFFAOYSA-N,BAAMPJPJCCDRKI,PubChem,90256688,
CC(C)C(=O)O[C@]1(C[C@H]2CCC[C@@H]1C3=CC=CC=C23)CCN(C)CCCC4=NC5=C(N4)C=CC=C5OC,1,OZBPEBNJOSXIBE-SKYBXZRDSA-N,OZBPEBNJOSXIBE,PubChem,46203897,26231163
COCCOc1ccccc1CCN1CCC(CC(=O)NC(c2ccc(F)cc2)C(C)C)CC1,0,DKCBEEDFDNYLIF-UHFFFAOYSA-N,DKCBEEDFDNYLIF,CUPID,CUPID,
CC1CC[C@@]2([C@@]3(C[C@]4([C@]5([C@](C([C@@]3([C@]5([C@]2(C1O)O4)O)O)OC(=O)C6=CC=CN6)(C(C)C)O)C)O)C)O,1,JJSYXNQGLHBRRK-USOZJPLDSA-N,JJSYXNQGLHBRRK,PubChem,49823655,8691427
CC1=C2C(C3=C(C=CC(=C3)[N+](=O)[O-])SCCCCCOC2=O)N=C(N1)SC,1,WTBAXIPIIAVCBJ-UHFFFAOYSA-N,WTBAXIPIIAVCBJ,PubChem,10024378,7837222
CN(C)CC1=NC2=C(C=C(C=C2N1)C(F)(F)F)C(F)(F)F,0,WGUFGRBEFJPJHF-UHFFFAOYSA-N,WGUFGRBEFJPJHF,PubChem,60194173,
CCCCn1cc(CN2CCCCC2)c2ccccc21,0,MJQQHUDXURQOBW-UHFFFAOYSA-N,MJQQHUDXURQOBW,data_cav_dev,CHEMBL4281667,
CCOC(=O)C1=C(C)NC(C)=C(C(=O)OCC)C1c1ccc(OC)c(OC)c1,1,GIYFJYMMDKPPIX-UHFFFAOYSA-N,GIYFJYMMDKPPIX,data_cav_dev,CHEMBL2063816,
Cn1nccc1Nc1ccc2c(c1)C(=O)CC1(CCN(C(=O)NC3CC3c3ccccc3)CC1)O2,0,RHJMBQWXWMOCDA-UHFFFAOYSA-N,RHJMBQWXWMOCDA,CUPID,CUPID,
CN(CC1=NC2=C(C=C(C=C2N1)C(F)(F)F)C(F)(F)F)C(=O)CN,0,ZNCNIYPIGIWADC-UHFFFAOYSA-N,ZNCNIYPIGIWADC,PubChem,60194168,
O=C(CN(c1ccccc1)c1ccccc1)N1CCN(C(c2ccccc2)c2ccc(Cl)cc2)CC1,0,RLEMIIBGFDBVBD-UHFFFAOYSA-N,RLEMIIBGFDBVBD,data_cav_dev,CHEMBL605780,
C1=CC(=C(N=C1)C2=NC3=NC=CC(=C3C=C2)NC4=NC=C(C=C4)C(F)(F)F)C(F)(F)F,1,ZDSWMSRFTNIEJV-UHFFFAOYSA-N,ZDSWMSRFTNIEJV,PubChem,46203864,20307063
Fc1ccc(NC(=S)N2N=C(c3ccc(Br)cc3)CC2c2ccc(F)cc2)cc1,1,TVKFXIAPJNQMPV-UHFFFAOYSA-N,TVKFXIAPJNQMPV,data_cav_dev,CHEMBL3897833,
CCOC(=O)C1=C(C)Nc2nc3c(c(N)c2C1c1ccc(OC)cc1)CCCC3,0,ZNRGREFWBCWZAU-UHFFFAOYSA-N,ZNRGREFWBCWZAU,data_cav_dev,CHEMBL374184,
CC1=C(C(C(=C(N1)C)C(=O)OC/C=C/C2=CC=CC=C2)C3=CC(=CC=C3)[N+](=O)[O-])C(=O)O,1,ULEJCAREEWJVCF-JXMROGBWSA-N,ULEJCAREEWJVCF,PubChem,14774397,18684623
CCOC(=O)C1=C(NC(=O)N(C1C2=CC(=CC=C2)[N+](=O)[O-])CCC3=NN=C(S3)NC4=CC=CC=C4)C,0,JCPUIMRWUPQSRO-UHFFFAOYSA-N,JCPUIMRWUPQSRO,PubChem,137639831,28233679
Cc1nc2c(s1)CCC2C(=O)Nc1ccc(CC2CCC(C(O)c3cccnc3)N2)cc1,0,OCDCTMROVJZCQS-UHFFFAOYSA-N,OCDCTMROVJZCQS,CUPID,CUPID,
COc1cc(F)c(-c2ccc(C(=O)O)cc2C)cc1-c1ccc(F)cc1C1CCC2C(c3cc(C(F)(F)F)cc(C(F)(F)F)c3)OC(=O)N12,0,HJEBGPNPTGXZIA-UHFFFAOYSA-N,HJEBGPNPTGXZIA,CUPID,CUPID,
CC(C)(C)C1=CC(=CC(=C1O)C(C)(C)C)C2N(C(=O)CS2)CCCN3CCC(CC3)N(C)C4=NC5=CC=CC=C5S4,1,JQMDACVTWFQSGE-UHFFFAOYSA-N,JQMDACVTWFQSGE,PubChem,11801644,9784106
CC(C)C(=O)O[C@]1(C[C@H]2CCC[C@@H]1C3=CC=CC=C23)CCN(C)CCCC4=NC5=CC=CC=C5N4,1,BGWZTGQTWNIEFA-QPFIFXANSA-N,BGWZTGQTWNIEFA,PubChem,46203894,26231163
COC1=CC=C(C=C1)C(C2=CC=C(C=C2)OC)N3CCN(CC3)C(=O)CC(C4=CC=CC=C4)C5=CC=CC=C5,1,CBDZLOJIUYHCHO-UHFFFAOYSA-N,CBDZLOJIUYHCHO,PubChem,10369420,20117000
C1C(=O)NC2=C(C=C(C=C2)Cl)C(S1)C3=CC=CC=C3Cl,1,KQEPIRKXSUIUTH-UHFFFAOYSA-N,KQEPIRKXSUIUTH,PubChem,2688,
CN(C)CC1=CC=C2N1C3=C(C(=CC=C3)Cl)SC2(C4=CC=CC=C4)C5=CC=CC=C5,1,ZRZIPMSKFWIYPD-UHFFFAOYSA-N,ZRZIPMSKFWIYPD,PubChem,10693966,7473567
CN(CC1=NC2=C(C=C(C=C2N1)C(F)(F)F)C(F)(F)F)S(=O)(=O)C,0,WMKCYCIDWWMYIJ-UHFFFAOYSA-N,WMKCYCIDWWMYIJ,PubChem,90256512,
CC(=O)O[C@H]1[C@H](SC2=CC=CC=C2N3C1=CC=C3CN(C)C)C4=CC=CC=C4F,0,PMZVFIAIEGCOIL-DHIUTWEWSA-N,PMZVFIAIEGCOIL,PubChem,10525624,8709127
CCOC(=O)C1=C(NC(=C(C1C2=CC=CC=C2C(F)(F)F)C(=O)OC)C)CSC3=CC=CC=C3Cl,1,SXEUMPDLLYZEHJ-UHFFFAOYSA-N,SXEUMPDLLYZEHJ,PubChem,15050305,2066997
CCOC(=O)C1=C(C)NC(C)=C(C(=O)OCC)C1c1ccc(OC)cc1,1,QCJJMPZWBYORGR-UHFFFAOYSA-N,QCJJMPZWBYORGR,data_cav_dev,CHEMBL2063802,
CCn1c(-c2cnc(C)nc2)nc2c(NC3CCN(C(=O)C4CC4)C3)ncnc21,0,DADGJAZOHPBTCZ-UHFFFAOYSA-N,DADGJAZOHPBTCZ,CUPID,CUPID,
CC(C)(C)C1=CC(=CC(=C1O)C(C)(C)C)C2N(C(=O)CS2)CCCN(C)CCOC3=CC4=C(C=C3)OCO4,1,DTCZSWHPFSCCJV-UHFFFAOYSA-N,DTCZSWHPFSCCJV,PubChem,9850335,
CCOC(=O)C1=C(C)NC(C)=C(C(=O)OCC)C1c1cccc(Br)c1,1,OKXPEJIOPSPJKS-UHFFFAOYSA-N,OKXPEJIOPSPJKS,data_cav_dev,CHEMBL1098177,
Cc1nccn1-c1ccc(-c2cn(CC(=O)Nc3cccc(Cl)c3Cl)nn2)cc1,0,XSIJYOFJNDFHGL-UHFFFAOYSA-N,XSIJYOFJNDFHGL,CUPID,CUPID,
CCOC(=O)C1=C(NC(=C(C1C2=CC=CC=C2C(F)(F)F)C#N)C)CS(=O)(=O)C3=CC=C(C=C3)N,1,BZTGXMKXPWTZHF-UHFFFAOYSA-N,BZTGXMKXPWTZHF,PubChem,15050383,2066997
COc1cccc2c1[C@H](c1ccccc1)N(C(=O)CNC[C@@H](C)O)CC2,1,VGGHHCZNCHDRRO-VFNWGFHPSA-N,VGGHHCZNCHDRRO,data_cav_dev,,25118805
COC1=C(C=C2C(NCCC2=C1)CC3=CC=C(C=C3)OCC4=CC=CC=C4)O,1,AKAVYGZMOWPRHS-UHFFFAOYSA-N,AKAVYGZMOWPRHS,PubChem,2752430,12880313
Cn1cc(Nc2nccc(-c3ccc4c(c3)CN(C3COC3)CCC4NC(=O)c3cn(C(C)(C)C)nn3)n2)cn1,0,JSAQBOQCZJHWMA-UHFFFAOYSA-N,JSAQBOQCZJHWMA,CUPID,CUPID,
COC(=O)C1(n2c(=O)cc(O)n(CCc3cccc(Cl)c3)c2=O)CCCC1,0,UIWKNUJNPABYGG-UHFFFAOYSA-N,UIWKNUJNPABYGG,CUPID,CUPID,
CC1=C([C@@H](C(=C(N1)C)C(=O)OCCCN2CCC(CC2)(C3=CC=CC=C3)C4=CC=CC=C4)C5=CC(=CC=C5)[N+](=O)[O-])C(=O)OC.Cl,1,MHOSUIMBPQVOEU-WAQYZQTGSA-N,MHOSUIMBPQVOEU,PubChem,16219720,14998318
CC1=C([C@H](C(=C(N1)C)C(=O)OC(=O)C2=C(NC(=C([C@@H]2C3=CC(=CC=C3)[N+](=O)[O-])C(=O)OC)C)C)C4=CC(=CC=C4)[N+](=O)[O-])C(=O)OC,1,PZNZOWSLQRURNA-HNRBIFIRSA-N,PZNZOWSLQRURNA,PubChem,190809,
O=C(CC(c1ccccc1)c1ccccc1)N1CCN(CC2CCNCC2)CC1,0,SMXYGIYCXXQYLV-UHFFFAOYSA-N,SMXYGIYCXXQYLV,data_cav_dev,CHEMBL599425,
CO/C(O)=C1\C(C)=NC(C)=C(C(=O)OCC(C)C)C1c1ccc(F)cc1,1,IMZDPHIRNMFYEE-KNTRCKAVSA-N,IMZDPHIRNMFYEE,data_cav_dev,CHEMBL319033,
Cc1cn([C@@H]2C[C@@H](O)[C@H](CO)O2)c(=O)[nH]c1=O,0,IQFYYKKMVGJFEH-CSMHCCOUSA-N,IQFYYKKMVGJFEH,data_cav_dev,,159269
CC(C)(C)C1=CC(=CC(=C1O)C(C)(C)C)C2N(C(=O)CS2)CCCN(C)CCO,1,YXMFOQPUDZYAEQ-UHFFFAOYSA-N,YXMFOQPUDZYAEQ,PubChem,10574260,9784106
C1=C2C(=CC(=C1Cl)Cl)N=C(N2)CN,0,ROLMMAUMZSFHNM-UHFFFAOYSA-N,ROLMMAUMZSFHNM,PubChem,57531797,
O=C(O)CNC(=O)c1c(O)c2c(n(Cc3ccc(C(F)(F)F)cc3)c1=O)COC2,0,YAXLMMDYZWFFAQ-UHFFFAOYSA-N,YAXLMMDYZWFFAQ,CUPID,CUPID,
C1=CC=C(C=C1)C2(C3=CC=CN3C4=C(S2)C=CC(=C4)C(F)(F)F)C5=CC=CC=C5,1,LUNBJPOQNBTMJW-UHFFFAOYSA-N,LUNBJPOQNBTMJW,PubChem,10597519,7473567
COc1ccccc1-n1nc(OC2CN(C(=O)N(C)OC)C2)cc1-c1ccc(Cl)cc1,1,YZIYDQGNWSHQSD-UHFFFAOYSA-N,YZIYDQGNWSHQSD,data_cav_dev,,73297182
CC1=C(C(C(=C(N1)C(OC)OC)C(=O)OC/C=C/C2=CC=C(C=C2)Cl)C3=CC(=CC=C3)Cl)C(=O)O,1,DHHBDJLDUWSXEL-AATRIKPKSA-N,DHHBDJLDUWSXEL,PubChem,44562331,18684623
C1CN(C[C@@H](C1(F)F)OC2=NC3=CC=CC=C3C=C2)C(=O)C4=CC=CC=C4N5N=CC=N5,1,VCYRJXZNOOUBSE-FQEVSTJZSA-N,VCYRJXZNOOUBSE,PubChem,77107594,27818110
CC(=O)O[C@H]1[C@H](SC2=CC=CC=C2N3C1=CC=C3CN(C)C)C4=CC=CC=C4,1,KCEKMNJYZIZWOQ-DHIUTWEWSA-N,KCEKMNJYZIZWOQ,PubChem,10786713,8709127
COC1=C(C=CC(=C1)/C=C/C2=CC(=O)CC(O2)C3=CC(=C(C=C3)O)OC)O,1,IZLBLUIBVMGMIY-ZZXKWVIFSA-N,IZLBLUIBVMGMIY,PubChem,69879809,28068085
CCCC[N+]1(CCC(CC1)(C2=CC=C(C=C2)Cl)O)CCCC(=O)C3=CC=C(C=C3)F.[I-],1,JZOLZUFLPKVJDH-UHFFFAOYSA-M,JZOLZUFLPKVJDH,PubChem,11671286,22761000
CC1(C(=O)N(CCN1)CC2=NC3=C(N2CC(=O)NC(C)(C)C)C=C(C(=C3)C(F)(F)F)C(F)(F)F)C,0,RAJJGRZAJDVOCD-UHFFFAOYSA-N,RAJJGRZAJDVOCD,PubChem,90256612,
CC(C)[C@]1(C([C@]2([C@]3(C[C@]4([C@@]1([C@@]2([C@@]5([C@@]3(CCC(=C)C5O)O)O4)O)C)O)C)OC)OC(=O)C6=CC=CN6C)O,1,WIVSAOOMBCVSOH-ZZFLPCTPSA-N,WIVSAOOMBCVSOH,PubChem,49823667,8691427
CCc1c(C)[nH]c2c1/C(=N/OC(=O)Nc1ccccc1)CCC2,0,NATLTWZVCBHRJN-LTGZKZEYSA-N,NATLTWZVCBHRJN,data_cav_dev,,135401985
CCN(CC)CC#CCOC(=O)C(O)(c1ccccc1)C1CCCCC1,0,XIQVNETUBQGFHX-UHFFFAOYSA-N,XIQVNETUBQGFHX,CUPID,CUPID,
CC1=C(C(C(=C(N1)C)C(=O)OC)C2=CC(=CC=C2)[N+](=O)[O-])C(=O)OC,1,MCTRZKAKODSRLQ-UHFFFAOYSA-N,MCTRZKAKODSRLQ,PubChem,89082,2834556
CCOC(=O)C1=C(C)NC(C)=C(C(=O)OC)C1c1cc(Cl)cc(Cl)c1OC,1,HLGBTZQNTUSGKQ-UHFFFAOYSA-N,HLGBTZQNTUSGKQ,data_cav_dev,CHEMBL2063817,
C1COCCN1NC2=NC(=C3CNC(=O)N(C3=N2)C4=C(C=CC=C4Cl)Cl)C5=CC=CC=C5Cl,1,VNHLWZGSTYGYHE-UHFFFAOYSA-N,VNHLWZGSTYGYHE,PubChem,23647644,16750629
CC(C)(C)C1=CC(=CC(=C1O)C(C)(C)C)C2N(C(=O)CS2)CCCN(C)CCN(C)C,1,XUQZQMSJCQZBRO-UHFFFAOYSA-N,XUQZQMSJCQZBRO,PubChem,10551503,9784106
CC(C)(C)C1=CC(=CC(=C1O)C(C)(C)C)C2N(C(=O)CS2)CCCN(C)CC(COC3=CC4=C(C=C3)OCO4)O,1,VLRKCLYSNVDLNZ-UHFFFAOYSA-N,VLRKCLYSNVDLNZ,PubChem,10626917,9784106
CCOC(=O)C1=C(NC(=C(C1/C=C/C2=CC=CC=C2)C(=O)OC)C)C,1,VQXLUBCLKVWIJN-VAWYXSNFSA-N,VQXLUBCLKVWIJN,PubChem,10783420,8709132
CCC1=CC2C(C1)C[C@@]2(CC3=NNN=N3)CN,1,ZMRQKZANSRISRS-RTYFJBAXSA-N,ZMRQKZANSRISRS,PubChem,118181411,
COC1=CC=C(C=C1)C2C3=CC=C(N3C4=CC=CC=C4S2)CNCCC5=CC(=C(C=C5)OC)OC,1,FUMZQPBWMHAUOB-UHFFFAOYSA-N,FUMZQPBWMHAUOB,PubChem,10696306,
CN(C)C[C@@H](C1=CC=C(C=C1)OC)[Si]2(CCCCC2)O,1,KIXBFSFRCBHKLN-INIZCTEOSA-N,KIXBFSFRCBHKLN,PubChem,9948049,16513343
CCN=C(N)NC(=O)Nc1c(CC)cc(C(=O)NCc2ccccc2)cc1CC,0,DABSOWXLJGXEPU-UHFFFAOYSA-N,DABSOWXLJGXEPU,CUPID,CUPID,
CCOC(=O)C1=C(C)NC(C)=C(C(=O)OCC)C1c1ccc(C(C)C)cc1,1,RZGUDFGNIVUKQG-UHFFFAOYSA-N,RZGUDFGNIVUKQG,data_cav_dev,CHEMBL2063830,
CCOC(=O)C1=C(NC(=C(C1C2=CC(=C(C=C2)OCCN3CCCCC3)Br)C(=O)OCC)C)C,1,FYOBJUUYCJAYSE-UHFFFAOYSA-N,FYOBJUUYCJAYSE,PubChem,155525738,31724859
CCOC(=O)C1=C(NC(=O)N(C1C2=CC(=CC=C2)[N+](=O)[O-])CCC3=NN=C(O3)NC4=CC=CC=C4)C,0,ONRNWPINJPBTNA-UHFFFAOYSA-N,ONRNWPINJPBTNA,PubChem,137653645,28233679
C1=C(C=C2C(=C1C(F)(F)F)N=C(N2)CN)C(F)(F)F,0,MGNFRIYTBJSMRL-UHFFFAOYSA-N,MGNFRIYTBJSMRL,PubChem,60194670,
COC(=O)C1=C(C)N=C(C)/C(=C(/O)OC)C1/C=C/c1ccccc1,1,SKCGRONYIUHFHF-UKRGKPDNSA-N,SKCGRONYIUHFHF,data_cav_dev,CHEMBL2007120,
CSC(=O)NCCC1=CNC2=CC=CC=C21,0,UFBJIWZJGBIRMB-UHFFFAOYSA-N,UFBJIWZJGBIRMB,PubChem,118707592,24949913
CC1=C(C(C(=C(N1)C(OC)OC)C(=O)OC/C=C/C2=CC=C(C=C2)C(F)(F)F)C3=CC(=CC=C3)Cl)C(=O)O,1,HSFUXYJVURRFEY-AATRIKPKSA-N,HSFUXYJVURRFEY,PubChem,44562316,18684623
CC(C)(C)C1=CC=C(C=C1)C(CCCN2CCC(CC2)C(C3=CC=CC=C3)(C4=CC=CC=C4)O)O,1,GUGOEEXESWIERI-UHFFFAOYSA-N,GUGOEEXESWIERI,PubChem,5405,23812503
Cc1nnc2n1-c1ccc(-c3cncc(C(C)(O)C(F)(F)F)c3)cc1CC2,0,YTLROJLEAFXNIK-UHFFFAOYSA-N,YTLROJLEAFXNIK,CUPID,CUPID,
CCOC(=O)C1=C(C)Nc2nc3c(c(N)c2C1c1ccncc1)CCCC3,1,JYCNMGJHVNKCCF-UHFFFAOYSA-N,JYCNMGJHVNKCCF,data_cav_dev,CHEMBL491360,
COc1cnc2ccc(=O)n(CC(N)C3CCC(NCc4ccc5c(n4)NC(=O)CO5)CC3)c2c1,0,HXCSDXBLCTUKEB-UHFFFAOYSA-N,HXCSDXBLCTUKEB,CUPID,CUPID,
Nc1c2c(nc3c1C(c1ccccc1)NC(=S)N3)CCCC2,1,PLNLVEUSTUDWFQ-UHFFFAOYSA-N,PLNLVEUSTUDWFQ,data_cav_dev,CHEMBL4171284,
CC(=O)OC1(C2=CC=CN2C3=C(S1)C=CC(=C3)C(F)(F)F)C4=CC=CC=C4,1,COBQMBAJYNHGLV-UHFFFAOYSA-N,COBQMBAJYNHGLV,PubChem,10572404,7473567
COc1ccccc1-n1nc(OC2CN(S(=O)(=O)C(C)C)C2)cc1-c1ccc(Cl)cc1,1,FFLKWIPCJQAAJX-UHFFFAOYSA-N,FFLKWIPCJQAAJX,data_cav_dev,,73297178
CSC1=NC(c2cc([N+](=O)[O-])ccc2SC)C2=C(O)OCC2=N1,0,YAPORRBQZPTYKQ-UHFFFAOYSA-N,YAPORRBQZPTYKQ,data_cav_dev,CHEMBL24491,
CN1CCC2=CC(=C3C=C2[C@@H]1CC4=CC=C(C=C4)OC5=C(C=CC(=C5)C[C@H]6C7=C(O3)C(=C(C=C7CCN6C)OC)OC)OC)OC,1,WVTKBKWTSCPRNU-KYJUHHDHSA-N,WVTKBKWTSCPRNU,PubChem,73078,12880313
CCCCC(=O)OC1=C(SC2=CC=CC=C2N3C1=CC=C3)C4=CC=CC=C4,0,DLPMQAKSYNDMKV-UHFFFAOYSA-N,DLPMQAKSYNDMKV,PubChem,10045019,8709127
C1CN(CCN1)C(=O)CC2=NC3=C(C=C(C=C3N2)C(F)(F)F)C(F)(F)F,0,HBBGGPVTZYNDFT-UHFFFAOYSA-N,HBBGGPVTZYNDFT,PubChem,88924717,
CCCCN(CCCC)CCC(C1=C2C=CC(=CC2=C3C=C(C=C(C3=C1)Cl)Cl)C(F)(F)F)O,1,FOHHNHSLJDZUGQ-UHFFFAOYSA-N,FOHHNHSLJDZUGQ,PubChem,37393,23812503
CCOC(=O)C1=C(NC(=C(C1C2=CC=CC=C2C(F)(F)F)C#N)C)CSC3=CC=C(C=C3)NC(=O)C,1,LXEXTIKDXPGEPJ-UHFFFAOYSA-N,LXEXTIKDXPGEPJ,PubChem,15050381,2066997
CCOC(=O)C1=C(C)Nc2nc3c(c(N)c2C1c1ccc(OC)c(OC)c1)CCCC3,1,AAEYHJGXSUBKQJ-UHFFFAOYSA-N,AAEYHJGXSUBKQJ,data_cav_dev,CHEMBL491358,
CC1=C(C(N=C(N1)SC)C2=CC(=CC=C2)[N+](=O)[O-])C(=O)OC,1,MVPKEMFRHCJQBS-UHFFFAOYSA-N,MVPKEMFRHCJQBS,PubChem,15758670,2329573
O=C(Cn1cccnc1=O)Nc1ccc(CC2CCC(C(O)c3ccccc3)N2)cc1,0,NLXXAPYWQLPUAG-UHFFFAOYSA-N,NLXXAPYWQLPUAG,CUPID,CUPID,
COC1=CC=CC=C1CN[C@@H]2[C@@H](N3CCC2CC3)C(C4=CC=CC=C4)C5=CC=CC=C5,1,FLNYLINBEZROPL-NSOVKSMOSA-N,FLNYLINBEZROPL,PubChem,104943,
CC1=C(C=CC(=C1)C(=O)N)C2=C(C=CN2C3=CC(=C(C=C3)C(=O)O)O)C4=CC=C(C=C4)OC,1,APARPRRWRUIPGQ-UHFFFAOYSA-N,APARPRRWRUIPGQ,PubChem,46179566,21570838
CN(C)Cc1cn(Cc2ccccc2)c2ncc(Br)cc12,0,WXQQUVXSGPCXRV-UHFFFAOYSA-N,WXQQUVXSGPCXRV,data_cav_dev,CHEMBL4294500,
C[C@@H]1CC[C@H]([C@@H](C1)OC(=O)O[C@@H](C)OC(=O)[C@H]2[C@H]3[C@@H]2[C@@]([C@H](C3)F)(C(=O)O)N)C(C)C,0,IPAZEPBIOFZFEF-UZEWAWMVSA-N,IPAZEPBIOFZFEF,PubChem,72550767,32698110
CCCCC1=C(C2=CC=CC=C2O1)C(=O)C3=CC(=C(C(=C3)I)OCCN(CC)CC)I,1,IYIKLHRQXLHMJQ-UHFFFAOYSA-N,IYIKLHRQXLHMJQ,PubChem,2157,21300721
c1ccc(C2(CCNCc3cccs3)CCOC3(CCCC3)C2)nc1,0,PJLIHYXPEOMIMJ-UHFFFAOYSA-N,PJLIHYXPEOMIMJ,CUPID,CUPID,
CNCC(=O)N(C)CC1=NC2=C(C=C(C=C2N1)C(F)(F)F)C(F)(F)F,0,DVMUVZZRMAORIX-UHFFFAOYSA-N,DVMUVZZRMAORIX,PubChem,60194169,
C1CN(CC(C1(F)F)OC2=NC3=CC=CC=C3C=C2)C(=O)C4=CC=CC=C4,1,GREGEUCGFKPDRT-UHFFFAOYSA-N,GREGEUCGFKPDRT,PubChem,134137910,27818110
CC1=C(C(C(=C(N1)CS(=O)C2=CC=CC=C2)C(=O)OCCO)C3=CC=CC=C3C(F)(F)F)C#N,1,MGLGDGAFIHIAHE-UHFFFAOYSA-N,MGLGDGAFIHIAHE,PubChem,15050396,2066997
O=C(NC1CC1c1ccccc1)N1CCC(c2nc3ccccc3o2)CC1,0,SJIHFYQHTFWHTM-UHFFFAOYSA-N,SJIHFYQHTFWHTM,CUPID,CUPID,
COc1ccccc1-n1nc(OC2CC(C)(C)[S+]([O-])C(C)(C)C2)cc1-c1ccc(C#N)cc1,1,ZMYGBEMRHGJETO-UHFFFAOYSA-N,ZMYGBEMRHGJETO,data_cav_dev,,73295088
NC(=O)C(c1ccccc1)(c1ccccc1)C1CCN(CCc2ccc3c(c2)CCO3)C1,0,HXGBXQDTNZMWGS-UHFFFAOYSA-N,HXGBXQDTNZMWGS,CUPID,CUPID,
CCCC(=O)OC1=C(SC2=CC=CC=C2N3C1=CC=C3)C4=CC=C(C=C4)OC,1,WSCWSHLNWYHRLH-UHFFFAOYSA-N,WSCWSHLNWYHRLH,PubChem,10069037,8709127
CC#CC(CC(=O)O)c1ccc(Oc2ccc(C(F)(F)F)cc2OC(F)F)cc1F,0,KAYILIDZNSBIOB-UHFFFAOYSA-N,KAYILIDZNSBIOB,CUPID,CUPID,
CC1=CC2=C(C=C1)N(C=C2CN3CCCCC3)CC4=CC=C(C=C4)Cl,1,LRAFONLWYFRVHP-UHFFFAOYSA-N,LRAFONLWYFRVHP,PubChem,145970452,29656989
Nc1c2c(nc3c1C(c1ccc(F)cc1)NC(=S)N3)CCCC2,1,QIFFNLGFMAGFRM-UHFFFAOYSA-N,QIFFNLGFMAGFRM,data_cav_dev,CHEMBL4159832,
Cc1cn(-c2ccc(-c3cn(CC(=O)Nc4cccc(Cl)c4Cl)nn3)cc2F)cn1,0,PRSMZNFUKBHAIS-UHFFFAOYSA-N,PRSMZNFUKBHAIS,CUPID,CUPID,
COC1=CC=C(C=C1)C2C3=CC=C(N3C4=CC=CC=C4S2)CNC5=CC=C(C=C5)F,1,LHLNOEZNOVWYGN-UHFFFAOYSA-N,LHLNOEZNOVWYGN,PubChem,10621843,7473567
CCOC(=O)C1=C(C)NC(C)=C(C(=O)OC)C1c1ccc(Cl)c(Cl)c1,1,JQHBQACQGTVVMU-UHFFFAOYSA-N,JQHBQACQGTVVMU,data_cav_dev,CHEMBL2063646,
COCCC1=NC2=C(C=C(C=C2N1)C(F)(F)F)C(F)(F)F,0,KKDPYRDFNVGCBD-UHFFFAOYSA-N,KKDPYRDFNVGCBD,PubChem,60194326,
CCOC(=O)C1=C(C)NC(C)=C(C(=O)OCC)C1c1ccc(Cl)c(Cl)c1,1,CKMHTOMEFQQLPN-UHFFFAOYSA-N,CKMHTOMEFQQLPN,data_cav_dev,CHEMBL2063645,
CCOC(=O)C1=C(NC(=C(C1C2=CC=CC=C2Cl)C(=O)OCCN3C(=O)C4=CC=CC=C4S3(=O)=O)C)C,1,MAGOZOIDPIJCAL-UHFFFAOYSA-N,MAGOZOIDPIJCAL,PubChem,15041278,1377748
CCOC(=O)C1=C(NC(=C(C1C2=C(ON=C2C)CCC3=CC4=CC=CC=C4C=C3)C(=O)OCC)C)C,1,PCAJISYVPPEENL-UHFFFAOYSA-N,PCAJISYVPPEENL,PubChem,10838711,10447952
COc1ccc(CCNC(C)COc2c(C)cccc2C)cc1OC,0,MXFHZPNMOBHODH-UHFFFAOYSA-N,MXFHZPNMOBHODH,CUPID,CUPID,
CCOC(=O)[C@H]\1[C@@H](C(=C(N/C1=C\C(=O)C2=CC=C(C=C2)C)C)C(=O)OCC)C3=CC=CC=C3C(F)(F)F,1,OBDRBSVBUHXGBW-WLQQQRQPSA-N,OBDRBSVBUHXGBW,PubChem,44290246,2840504
CC(=O)OC1=C(SC2=C(C=C(C=C2)Cl)N3C1=CC=C3)C4=CC=CC=C4,1,LGSYIVFOVUECCT-UHFFFAOYSA-N,LGSYIVFOVUECCT,PubChem,10338988,8709127
CCOC(=O)C1=C(NC(=C(C1C2=C(C=CS2)C)C(=O)OCC3=CC=CC=C3)C)C,1,PNQTXAOQWQNZGK-UHFFFAOYSA-N,PNQTXAOQWQNZGK,PubChem,46227427,19880323
CCOC(=O)N1C(=S)N=C(C)/C(=C(/O)OCC)C1c1cccc(C(F)(F)F)c1,1,NZSMHVGBSNDKDO-FYWRMAATSA-N,NZSMHVGBSNDKDO,data_cav_dev,CHEMBL315839,
CC1=C(C(=C(N1)C)C(=O)OC)C(=O)C2=CC=CC=C2CC3=CC=CC=C3,1,MDMWHKZANMNXTF-UHFFFAOYSA-N,MDMWHKZANMNXTF,PubChem,3423,12842134
CC(C)(CN1C2=CC(=C(C=C2N=C1CN3CCNCC3=O)Cl)Cl)O,0,QNLIRKKUOLDLSM-UHFFFAOYSA-N,QNLIRKKUOLDLSM,PubChem,90256411,
CC(CCC(C)(O)C(F)(F)F)C1CCC2C3CC=C4CC(C)(O)CCC4(C)C3CCC12C,0,BVBRUQYHUXKZMQ-UHFFFAOYSA-N,BVBRUQYHUXKZMQ,CUPID,CUPID,
CCOC(=O)C1=C(NC(=NC1C2=CC(=CC=C2)[N+](=O)[O-])OC)C,1,RVBQIBMRQBVLMH-UHFFFAOYSA-N,RVBQIBMRQBVLMH,PubChem,13912583,2329573
CCOC1=NC=C(C=N1)N2C(=C3C(=NN=C(C3=C2C)C)C)C,1,MZWFQRVDMHYRKE-UHFFFAOYSA-N,MZWFQRVDMHYRKE,PubChem,49823975,15080973
C1C(CN1C(=O)CCCN)CC2=NC3=C(C=C(C=C3N2)C(F)(F)F)C(F)(F)F,0,JCXBNWRTSXPWQQ-UHFFFAOYSA-N,JCXBNWRTSXPWQQ,PubChem,90256490,
C1CN(CC(C1(F)F)OC2=NC3=CC=CC=C3N=C2)C(=O)C4=CC=CC=C4N5N=CC=N5,1,XDXUAHLLFAFWCF-UHFFFAOYSA-N,XDXUAHLLFAFWCF,PubChem,90298382,27818110
CC(C)(C)NC(=O)CN1C2=CC(=C(C=C2N=C1CC3CCNCC3)Cl)Cl,0,MCYDEWURKMVHCX-UHFFFAOYSA-N,MCYDEWURKMVHCX,PubChem,90256477,
C[C@@H]1CN(C[C@@H](O1)C)C2=NC(=C3CNC(=O)N(C3=N2)C4=C(C=CC=C4Cl)Cl)C5=C(C=C(C=C5)Cl)Cl,1,WVVPOBMLBQXERZ-BETUJISGSA-N,WVVPOBMLBQXERZ,PubChem,23647646,16750629
CC1(CCC1)NC(=O)CN2CC(C2)CC3=NC4=C(C=C(C=C4N3)C(F)(F)F)C(F)(F)F,1,BJFBDFMAZKAYPR-UHFFFAOYSA-N,BJFBDFMAZKAYPR,PubChem,60194253,
COc1ccc(NC(=O)N2N=C(c3ccc(Br)cc3)CC2c2ccc(F)cc2)cc1,1,KVFQRBAKLYBANP-UHFFFAOYSA-N,KVFQRBAKLYBANP,data_cav_dev,,134139103
COC(=O)C1=C(C)N=C(C)C(C(=O)OCc2ccccc2)C1c1csc(-c2ccc(Cl)cc2)n1,0,KMMNYJGBBVYBCW-UHFFFAOYSA-N,KMMNYJGBBVYBCW,CUPID,CUPID,
CC1=C(C=C(C=C1)C(=O)NC2(CC2)C3=NC=CC=N3)C4=C(C5=C(C=C4)OC(=C5C(=O)NC)C6=CC=C(C=C6)F)F,0,LZAUGCMVNLZVJV-UHFFFAOYSA-N,LZAUGCMVNLZVJV,PubChem,59275404,28430437
CC1=C([C@H](C(=C(N1)CCl)C(=O)OC)C2=CC=NC3=CC=CC=C23)C#N,1,FLUAOTJNABTFRM-QGZVFWFLSA-N,FLUAOTJNABTFRM,PubChem,46238115,20408553
CC1(CC2=C(C(C=C(N2)C3=CC=CC=C3)C4=CC=CC=C4)C(=O)C1)C,1,DCKQOTCYLKBLLM-UHFFFAOYSA-N,DCKQOTCYLKBLLM,PubChem,10914479,24754640
O=C(NC1CCN(Cc2ccc3ccc(=O)oc3c2)CC1)c1cc(=O)c2ccc(F)cc2o1,1,OKJKIOJUDZFVDL-UHFFFAOYSA-N,OKJKIOJUDZFVDL,data_cav_dev,CHEMBL386281,
CC1=CC=C(C=C1)CN2C=C(C3=C2C=CC(=C3)C)CN4CCCCC4,1,IEVRQNHCANGOFM-UHFFFAOYSA-N,IEVRQNHCANGOFM,PubChem,145969507,29656989
C1CN(C(=O)CN1)CC(=O)NC2=NC=C(C=C2)C(F)(F)F,0,QBFDVICFZPGQCU-UHFFFAOYSA-N,QBFDVICFZPGQCU,PubChem,68293098,
CC1=C(C(C(=C(N1)C)C(=O)OC)C2=CC(=C(C=C2)OCC(=O)NC(C)(C)C)OC)C(=O)OC,1,DTENOAKMDFPQMT-UHFFFAOYSA-N,DTENOAKMDFPQMT,PubChem,76333487,
C[C@H]1CC[C@H](CN1C(=O)C2CC2)C3=NC(=C4N3C=CN=C4N)C5=C(C=C(C=C5)C(=O)NC6=NC=CC(=C6)C(F)(F)F)F,1,JUSWPUDQOKINJO-MAUKXSAKSA-N,JUSWPUDQOKINJO,PubChem,71226367,28254166
C[C@@H]1CN([C@@H](CN1S(=O)(=O)C2=CC=C(C=C2)C)CCCCO[Si](C)(C)C(C)(C)C)C(C3=CC=CC=C3)C4=CC=CC=C4,1,PQGSCTPCRFEKHE-QLWXXVCSSA-N,PQGSCTPCRFEKHE,PubChem,71625216,23639535
CCC(CC)n1c(=O)cc(O)n(CCc2cccc(Cl)c2)c1=O,0,KIRRRCDQMOPZKJ-UHFFFAOYSA-N,KIRRRCDQMOPZKJ,CUPID,CUPID,
CN(C)c1ccc(C2NC(=S)Nc3nc4c(c(N)c32)CCCC4)cc1,1,JJRQLEQTWXNCLT-UHFFFAOYSA-N,JJRQLEQTWXNCLT,data_cav_dev,CHEMBL4176034,
COc1ccccc1-n1nc(O[C@H]2CC[C@@H](N)CC2)cc1-c1ccc(Cl)cc1,1,DXHGSDDDNQXAEJ-HDICACEKSA-N,DXHGSDDDNQXAEJ,data_cav_dev,CHEMBL3974355,
O=c1cc(O)n(C2CCCC2)c(=O)n1CCc1ccc(OCc2ccccc2)cc1,0,HQFZKQJPAWRGSL-UHFFFAOYSA-N,HQFZKQJPAWRGSL,CUPID,CUPID,
CC(C)(C)NC(=O)CN1C2=CC(=CC(=C2N=C1CC3CNC3)C(F)(F)F)C(F)(F)F,0,VILKBDDCFPGISP-UHFFFAOYSA-N,VILKBDDCFPGISP,PubChem,60194167,
CC(C)[C@](CCCN(C)CCC1=CC(=CC=C1)OC)(C#N)C2=CC(=C(C=C2)OC)OC,1,VMVKIDPOEOLUFS-SANMLTNESA-N,VMVKIDPOEOLUFS,PubChem,107928,7673189
COCCOC1=CC=C(C=C1)C2(CC(=NN2C(=O)NC3=CC=C(C=C3)F)C4=CC=CC=C4)CCO,1,PWUMRLWMPRUWGH-UHFFFAOYSA-N,PWUMRLWMPRUWGH,PubChem,134154056,27579577
CC1=C(C(C(=C(N1)C)C(=O)OCCCCCCCCCC[N+](C)(C)C)C2=CC=CC=C2C(F)(F)F)C(=O)OC,1,WMFWHCRTHYQHGI-UHFFFAOYSA-O,WMFWHCRTHYQHGI,PubChem,10392861,8246246
CC(C)OCC1=CC=CC=C1CNC(=O)C2=C3CCC(CC3=C(N2C)Cl)(C)C,1,MXPIHVJVTXGYGQ-UHFFFAOYSA-N,MXPIHVJVTXGYGQ,PubChem,145978668,29074257
C1CN(C(=O)CN1)CC(=O)NC2=NC=CC(=C2)C(F)(F)F,0,RDYQRUDXQVPIIZ-UHFFFAOYSA-N,RDYQRUDXQVPIIZ,PubChem,60194527,
CC1=CC2=C(C=C1)S[C@@H]([C@@H](C3=CC=C(N32)CN(C)C)OC(=O)C)C4=CC=CC=C4,0,OEJZZSHDCCWXMA-DNQXCXABSA-N,OEJZZSHDCCWXMA,PubChem,10740115,8709127
CCC(=N\O)/C(C)=C/c1ccc(F)cc1,1,HKROEBDHHKMNBZ-CHBKHGQFSA-N,HKROEBDHHKMNBZ,data_cav_dev,CHEMBL3697701,
C1CNCCC1CC(=O)NC2=NN=C(C=C2)C(F)(F)F,0,KXTGFCSKJVKBOI-UHFFFAOYSA-N,KXTGFCSKJVKBOI,PubChem,118585519,
CCOC(=O)N1CCC(=C2c3ccc(Cl)cc3CCc3cccnc32)CC1,0,JCCNYMKQOSZNPW-UHFFFAOYSA-N,JCCNYMKQOSZNPW,data_cav_dev,CHEMBL998,
O=C(CC(c1ccccc1)c1ccccc1)N1CCN(C(c2ccccc2)c2cccc(Cl)c2Cl)CC1,0,UQEYHZANEBZUSS-UHFFFAOYSA-N,UQEYHZANEBZUSS,data_cav_dev,CHEMBL599832,
CC1=C(C(C(=C(N1)C)C(=O)OCCC(C2=CC=CC=C2)C3=CC=CC=C3)C4=CC(=CC=C4)Cl)C(=O)O,1,HLFSRNFYZGHLNF-UHFFFAOYSA-N,HLFSRNFYZGHLNF,PubChem,9827369,16309909
CC(C)(C)NC(=O)Cn1c(-c2ccc(OC(F)(F)F)cc2)cc2cc(C(C)(C)C(=O)NC(C)(C)C)ccc21,1,CZSPPTVCJPFLSX-UHFFFAOYSA-N,CZSPPTVCJPFLSX,data_cav_dev,CHEMBL1643735,
O=c1cc(O)n(C2CCCC2)c(=O)n1CCc1cccc(Cl)c1,0,GVNICFCJDRKLLF-UHFFFAOYSA-N,GVNICFCJDRKLLF,CUPID,CUPID,
CCC(C)OC(=O)C1=C(NC(=NC1C2=CC(=CC=C2)[N+](=O)[O-])SC)C,1,QXXZQMQZGXHZGR-UHFFFAOYSA-N,QXXZQMQZGXHZGR,PubChem,14211234,2329573
C1CN(CCN1CC(=O)N(C2=CC=CC=C2)C3=CC=CC=C3)C(C4=CC=CC=C4)C5=C(C(=CC=C5)Cl)Cl,1,NIMFDABOPDBIHU-UHFFFAOYSA-N,NIMFDABOPDBIHU,PubChem,11606200,20117000
CC1=CN(C2=CC=CC=C12)CCC(=O)N3CCN(CC3)CC4=CC(=C(C=C4)OC)OCC5=CC=CC=C5,1,RXWYCJKVGBGHNC-UHFFFAOYSA-N,RXWYCJKVGBGHNC,PubChem,10874724,11585444
CC1=C(C=CC(=C1)C(=O)N)C2=C(C=CN2CCC(=O)O)C3=CC=C(C=C3)N4C=CN=C4,0,CPOQTXKWWFQYCF-UHFFFAOYSA-N,CPOQTXKWWFQYCF,PubChem,46179378,21570838
CC(=O)NC[C@H]1CN(c2ccc(N3CCOCC3)c(F)c2)C(=O)O1,0,TYZROVQLWOKYKF-ZDUSSCGKSA-N,TYZROVQLWOKYKF,data_cav_dev,CHEMBL126,
Cc1cc(C)cc(-c2cc3cc(C(C)(C)C(=O)NC(C)(C)C)ccc3n2CC(=O)NC(C)(C)C)c1,1,LNRCOYGFXLOJIM-UHFFFAOYSA-N,LNRCOYGFXLOJIM,data_cav_dev,CHEMBL1643724,
COc1ccc(S(=O)(=O)Nc2c(C)cc(C)cc2C)cc1,0,FQUAFMNPXPXOJE-UHFFFAOYSA-N,FQUAFMNPXPXOJE,CUPID,CUPID,
CCOC(=O)C1=C(NC(=C(C1C2=CC=CC=C2C(F)(F)F)C(=O)OCC)CS(=O)C3=CC=C(C=C3)OC)C,1,VGMGSDCRWYBNLA-UHFFFAOYSA-N,VGMGSDCRWYBNLA,PubChem,44312375,2066997
CC(=O)O[C@H]1[C@H](SC2=C(C=C(C=C2)C(F)(F)F)N3C1=CC=C3CN(C)C)C4=CC=CC=C4,1,GNENXOHUEGOGNT-DHIUTWEWSA-N,GNENXOHUEGOGNT,PubChem,10527953,8709127
COc1ccccc1-n1nc(OC2CC(C)(C)OC(C)(C)C2)cc1-c1ccc(C#N)cc1,1,AJCGCPQKWYQPNQ-UHFFFAOYSA-N,AJCGCPQKWYQPNQ,data_cav_dev,CHEMBL3969562,
CCOC(=O)C1=C(N=C2C(=C1C3=CC(=CC=C3)OC)C(=C4CCCCCC4=N2)N)C,1,GPLVYGAGGDNJPY-UHFFFAOYSA-N,GPLVYGAGGDNJPY,PubChem,156018529,30739821
CC1=C(C(C(=C(N1)C)C(=O)OC(C)C)C2=CC(=CC=C2)[N+](=O)[O-])C(=O)OCCOC,1,UIAGMCDKSXEBJQ-UHFFFAOYSA-N,UIAGMCDKSXEBJQ,PubChem,4497,19374444
CCOC(=O)C1=C(C)Nc2nc3c(c(N)c2C1c1cccnc1)CCCC3,1,ONYCNUPACZTCCG-UHFFFAOYSA-N,ONYCNUPACZTCCG,data_cav_dev,CHEMBL491359,
CCOC(=O)C1=C(C)NC(C)=C(C(=O)OCC)C1c1ccc(N(CC)CC)cc1,1,SCXQHPDDGBOJFW-UHFFFAOYSA-N,SCXQHPDDGBOJFW,data_cav_dev,CHEMBL2063808,
COC(=O)C1=C(C)NC(C)=C(C(=O)OC)C1c1ccc(OC)cc1,1,IAXDEFZXLVTHLU-UHFFFAOYSA-N,IAXDEFZXLVTHLU,data_cav_dev,CHEMBL2063647,
CC1(C(=O)O)CCC(C)(c2nc(-c3ccc(C(=O)Nc4cc(C(F)(F)F)ccn4)cc3)c3c(N)nccn23)C1,0,SXVSUPYHNNTUMY-UHFFFAOYSA-N,SXVSUPYHNNTUMY,CUPID,CUPID,
Brc1cnc2c(c1)c(CN1CCCCC1)cn2Cc1ccccc1,0,NWCZIGRXFMNFER-UHFFFAOYSA-N,NWCZIGRXFMNFER,data_cav_dev,CHEMBL4287276,
COC(=O)C1=C(C)N=C(C)C(C(=O)OC(C)C)C1c1csc(-c2ccc(Cl)cc2)n1,0,MELCXFZSJDPXNT-UHFFFAOYSA-N,MELCXFZSJDPXNT,CUPID,CUPID,
COC(=O)C1C(C(C)C)=NC(=O)N(C(=O)OC(C)C)C1c1cccc([N+](=O)[O-])c1,0,ODEUVICSUAVJHG-UHFFFAOYSA-N,ODEUVICSUAVJHG,CUPID,CUPID,
CC[C@@H]1CN2CC[C@]3(C(=NC4=CC=CC(=C43)C)[C@@H]2C[C@@H]1/C(=C\OC)/C(=O)OC)O,1,SRWPJHWJHYRESN-RMGIMPTCSA-N,SRWPJHWJHYRESN,PubChem,166626383,34505767
CC1=NC=CN1C[C@H]2CCC3=C(C2=O)C4=CC=CC5=C4N3CCC5,1,NCNFDKWULDWJDS-OAHLLOKOSA-N,NCNFDKWULDWJDS,PubChem,6918107,8246239
CCOC(=O)C1=C(C)NC(C)=C(C(=O)OCC)C1c1ccc(OCCCCN2CCCCC2)cc1,1,GGOLMVMHJCDTKF-UHFFFAOYSA-N,GGOLMVMHJCDTKF,data_cav_dev,CHEMBL4470234,
CN(C)c1cccc(C(=O)N2CCC(N(C3CC3)S(=O)(=O)c3cccc(C(F)(F)F)c3)CC2)c1,1,GYBZUPQPAFWYHB-UHFFFAOYSA-N,GYBZUPQPAFWYHB,data_cav_dev,CHEMBL2180898,
CO/C(O)=C1\C(C)=NC(C)=C(C(=O)OCC(C)C)C1c1cccc(C(F)(F)F)c1,1,RDJPOCSFSZJJMV-KNTRCKAVSA-N,RDJPOCSFSZJJMV,data_cav_dev,CHEMBL321999,
CC1=C(C(C(=C(N1)C)C(=O)OCC2=CC3=CC=CC=C3C=C2)C4=CC(=CC=C4)Cl)C(=O)O,1,JHJDOAXZLQRMNR-UHFFFAOYSA-N,JHJDOAXZLQRMNR,PubChem,44407458,16309909
CC1=C([C@H](N2C(=CC(=N2)C(F)(F)F)N1)C3=CC(=C(C=C3)Cl)Cl)C4=NC=NN4C5CCC(CC5)C(F)(F)F,1,ZRZUZERPHAXYER-RUZSNYSVSA-N,ZRZUZERPHAXYER,PubChem,136240931,23414837
CC1=C(C2=C(CCC(O2)(C)COC3=CC=C(C=C3)CC4C(=O)NC(=O)S4)C(=C1O)C)C,1,GXPHKUHSUJUWKP-UHFFFAOYSA-N,GXPHKUHSUJUWKP,PubChem,5591,22761000
Nc1c2c(nc3ccccc13)CCCC2,0,YLJREFDVOIBQDA-UHFFFAOYSA-N,YLJREFDVOIBQDA,data_cav_dev,,1935
CC1(C)C2CCC1(C)C(n1c(=O)cc(O)n(CCc3cccc(Cl)c3)c1=O)C2,0,LVFGZUKPLWCKEZ-UHFFFAOYSA-N,LVFGZUKPLWCKEZ,CUPID,CUPID,
CCOC(=O)C1=C(NC(=C(C1C2=CN=CC=C2)C(=O)OCC)CSC3=CC=CC=C3)C,1,NMMXKKUGNPKLIZ-UHFFFAOYSA-N,NMMXKKUGNPKLIZ,PubChem,15050320,2066997
CN(C)CCCN1C2=CC=CC=C2SC3=C1C=C(C=C3)Cl,1,ZPEIMTDSQAKGNT-UHFFFAOYSA-N,ZPEIMTDSQAKGNT,PubChem,2726,23812503
CC(C)N1C(=O)[C@H](NC(=O)[C@@H](Cc2c(F)cccc2C(F)(F)F)NC(=O)OC(C)(C)C)CCc2ccccc21,1,GCNBHLMIBIUQQO-FGZHOGPDSA-N,GCNBHLMIBIUQQO,data_cav_dev,CHEMBL247648,
CN(C)CCOC(c1ccccc1)c1ccccc1,0,ZZVUWRFHKOJYTH-UHFFFAOYSA-N,ZZVUWRFHKOJYTH,CUPID,CUPID,
O=c1cc(-c2ccccc2O)oc2cc(O)cc(O)c12,0,OFYPDAKTVZXXPC-UHFFFAOYSA-N,OFYPDAKTVZXXPC,CUPID,CUPID,
CC(C)[C@H]1C2=C(C=C(C=C2)F)[C@H](C[C@@]1(CCN(C)CCCC3=NC4=CC=CC=C4N3)OC(=O)C(C)C)OCC5=CC=CC=C5,1,HCEKERAQUTWNGZ-XIWYQXSXSA-N,HCEKERAQUTWNGZ,PubChem,122187209,26231163
C1CN(CCN1C(C2=CC=CC=C2)C3=CC=CC=C3)C(=O)NC(C4=CC=CC=C4)C5=CC=CC=C5,1,PPVBMJIAJXVQFX-UHFFFAOYSA-N,PPVBMJIAJXVQFX,PubChem,10115592,20117000
C1CC1NC(=O)C2=NOC(=C2)C3=CC=CS3,1,SYENTKHGMVKGAQ-UHFFFAOYSA-N,SYENTKHGMVKGAQ,PubChem,19582717,18552832
Cc1sc(Nc2ccc(Cl)cc2F)nc1C(=O)N1CCC[C@H](C)[C@@H]1C,1,ODUIXUGXPFKQLG-QWRGUYRKSA-N,ODUIXUGXPFKQLG,data_cav_dev,CHEMBL2418811,
CC(C)(C)OC(=O)NCC1=NC2=C(C=C(C=C2N1)C(F)(F)F)C(F)(F)F,1,RVYCGFIKPYDTER-UHFFFAOYSA-N,RVYCGFIKPYDTER,PubChem,86724846,
COC(=O)C(C)(C)c1ccc2c(c1)cc(-c1cc(C)cc(C)c1)n2CC(C)O,1,MOZIKIPMNMVIHR-UHFFFAOYSA-N,MOZIKIPMNMVIHR,data_cav_dev,CHEMBL1643716,
CCN=C1NC2C(OC(CO)C(O)C2O)S1,0,PPAIMZHKIXDJRN-UHFFFAOYSA-N,PPAIMZHKIXDJRN,CUPID,CUPID,
C1=CC=NC(=C1)C(=O)NC2=CC(=C(C=C2)OC3=NC=C(C=C3)Cl)Cl.C(=O)(C(F)(F)F)O.C(=O)(C(F)(F)F)O,0,ZJENUCUQPXMXSP-UHFFFAOYSA-N,ZJENUCUQPXMXSP,PubChem,73058451,
CC(=O)N1CCN(c2cccc(-c3cc(-c4ccnn4CC(F)(F)F)c4c(N)ncnn34)c2)C(=O)C1(C)C,0,KSAKMNJFOKNIAA-UHFFFAOYSA-N,KSAKMNJFOKNIAA,data_cav_dev,CHEMBL4059848,
COC1=CC=C(C=C1)C(C2=CC=CC=C2)N3CCN(CC3)C(=O)CC(C4=CC=CC=C4)C5=CC=CC=C5,1,HWGMUVSZGFXYSD-UHFFFAOYSA-N,HWGMUVSZGFXYSD,PubChem,10458304,20117000
CC(CCC(C1=CC=CC=C1)C2=CC=CC=C2)(C3=CC(=C(C=C3)O)CN4CCCCCC4)C5=CC(=C(C=C5)O)CN6CCCCCC6,1,VKGJEYTUAKCDPJ-UHFFFAOYSA-N,VKGJEYTUAKCDPJ,PubChem,10439014,10476885
CCOC(=O)N1C(=S)N=C(C)/C(=C(/O)OCC)C1c1ccccc1[N+](=O)[O-],1,UQDUODRSYJTCBO-FYWRMAATSA-N,UQDUODRSYJTCBO,data_cav_dev,CHEMBL86415,
CN[C@H]1CC[C@H](C2=CC=CC=C12)C3=CC(=C(C=C3)Cl)Cl,1,VGKDLMBJGBXTGI-SJCJKPOMSA-N,VGKDLMBJGBXTGI,PubChem,68617,22761000
CC(C)CC(C(=O)NC(CC1=CC=C(C=C1)OCC2=CC=CC=C2)C(=O)OC(C)(C)C)NC(=O)N3CCCCCC3,1,NDGCCFMKWNNCLD-UHFFFAOYSA-N,NDGCCFMKWNNCLD,PubChem,49823666,
CC1=C(C(N(C(=O)N1)CCCN(C)C(=O)C2=CC=C(C=C2)OC3=CC=CC=C3)C4=CC(=CC=C4)Cl)C(=O)OC(C)C,1,JZBVIDIUYCIRLX-UHFFFAOYSA-N,JZBVIDIUYCIRLX,PubChem,11365192,18160281
CCOC1=CC=C(C=C1)N2C(=C3C(=NN=C(C3=C2C)NC4=CC=NC=C4)C)C,1,OANBTGKJHUJKGH-UHFFFAOYSA-N,OANBTGKJHUJKGH,PubChem,44459491,14980685
CC(C)(C)C1=CC(=CC(=C1O)C(C)(C)C)C2N(C(=O)CS2)CCCNC,1,XHQACDRSGQESLC-UHFFFAOYSA-N,XHQACDRSGQESLC,PubChem,10714702,9784106
C1CC(C1)C[C@H](C(=O)O)N2C[C@@H]([C@H](C2)C3=CC=CC=C3)CN4CCC(CC4)CCCC5=CC=CC=C5,1,CZNWHUFRZNZRGS-OJDZSJEKSA-N,CZNWHUFRZNZRGS,PubChem,501062,15808483
CCCNCC(O)COc1ccccc1C(=O)CCc1ccccc1,1,JWHAUXFOSRPERK-UHFFFAOYSA-N,JWHAUXFOSRPERK,data_cav_dev,CHEMBL631,
COc1ccccc1-n1nc(OC2CCN(C(=O)OC(C)(C)C)CC2)cc1-c1ccc(Cl)cc1,1,NRQIYYZXZYUWFB-UHFFFAOYSA-N,NRQIYYZXZYUWFB,data_cav_dev,CHEMBL3978200,
CCCc1nc(C)c2c(=O)[nH]c(-c3cc(S(=O)(=O)N4CCN(CC)CC4)ccc3OCC)nn12,0,SECKRCOLJRRGGV-UHFFFAOYSA-N,SECKRCOLJRRGGV,CUPID,CUPID,
CCCCCCCCCCOC(=O)C1=C(NC(=C(C1C2=CC=CC=C2C(F)(F)F)C(=O)OC)C)C,1,WNZSIOAMVFVJEC-UHFFFAOYSA-N,WNZSIOAMVFVJEC,PubChem,10368534,8246246
CCOC(=O)C1=C(NC(=C(C1C2=CC=CC=C2C(F)(F)F)C#N)C)CS(=O)C3=CC=NC=C3,1,DWWKCSMTDQKEPS-UHFFFAOYSA-N,DWWKCSMTDQKEPS,PubChem,15050351,2066997
C[C@H]1CN(C2COC2)CCN1c1ccc(Nc2cc(-c3ccnc(N4CCn5c(cc6c5CC(C)(C)C6)C4=O)c3CO)cn(C)c2=O)nc1,1,WNEODWDFDXWOLU-QHCPKHFHSA-N,WNEODWDFDXWOLU,data_cav_dev,CHEMBL4065122,
CO/C(O)=C1\C(C)=NC(C)=C(C(=O)OCC(C)C)C1c1ccccc1,1,YGODTRTXGSNAQE-KNTRCKAVSA-N,YGODTRTXGSNAQE,data_cav_dev,CHEMBL105444,
CC(=Cc1ccccc1)C1C=C(c2ccccc2)N=C(C)C1C(=O)SC(C)(C)C,0,JTLYDNHFFUUDKU-UHFFFAOYSA-N,JTLYDNHFFUUDKU,CUPID,CUPID,
O=c1cc(O)n(CCc2cccc(C(F)(F)F)c2)c(=O)n1C1CC2CCC1C2,0,KNVCJPJDROZVBB-UHFFFAOYSA-N,KNVCJPJDROZVBB,CUPID,CUPID,
Cc1cc(Nc2nccc(-c3sc(C4CCNCC4)nc3-c3ccc(F)cc3)n2)ccn1,0,ZDESNDWWUUVJLG-UHFFFAOYSA-N,ZDESNDWWUUVJLG,CUPID,CUPID,
CCOC(=O)C1=C(NC(=C(C1C2=CC(=C(C=C2)OCCN3CCCCCC3)Br)C(=O)OCC)C)C,1,ODHAYCRULKPRPQ-UHFFFAOYSA-N,ODHAYCRULKPRPQ,PubChem,155548011,31724859
C1CN(CC(=O)N1)CC2=NC3=C(C=C(C=C3N2)C(F)(F)F)C(F)(F)F,0,VRXCBUSJESFVKB-UHFFFAOYSA-N,VRXCBUSJESFVKB,PubChem,90256506,
CCOC(=O)C1=C(NC(=C(C1C2=C(C=CC(=C2)[N+](=O)[O-])SC)C(=O)OCC)C)C,1,KURASCZCFSMWOR-UHFFFAOYSA-N,KURASCZCFSMWOR,PubChem,13755648,2435904
