smiles,label,InChIKey,InChIKey_14,Source,Compound_ID,PMID
CC1(CN(C1)C(C2=CC=CC=C2)C3=CC=CC=C3)COC4=CC(=C(C=C4C5CC5)C(=O)NS(=O)(=O)C)F,1,BBTLYGRMWYLRGJ-UHFFFAOYSA-N,BBTLYGRMWYLRGJ,PubChem,118120489,6331
CNC(=O)c1c(-c2ccc(F)cc2)oc2cc(N(C)S(C)(=O)=O)c(-c3ccc4ccn5c6cccc(F)c6cc5c4n3)cc12,0,GSURGAWEPTXPFX-UHFFFAOYSA-N,GSURGAWEPTXPFX,CUPID,CUPID,
COC1=C(C=C(C(=C1)C2=CC(=CC=C2)F)Cl)C3=NC=C(C4=C3C=CC(=C4)S(=O)(=O)NC5=NOC=C5)C#N,0,MGKGQZBKSZKWNU-UHFFFAOYSA-N,MGKGQZBKSZKWNU,PubChem,117741781,6331
CS(=O)(=O)NC(=O)C1=C(C=C(C(=C1)C2CC2)OCC3CCN(CC3)S(=O)(=O)C4CCOCC4)F,1,JXLPSKSGRHGUDG-UHFFFAOYSA-N,JXLPSKSGRHGUDG,PubChem,118110921,6331
C[C@H](C1=CC(=CC(=C1)Cl)Cl)N2CCC(CC2)COC3=CC(=C(C=C3C4CC4)C(=O)NS(=O)(=O)N5CCC5)F,1,ICDZOMMZQJGZGT-QGZVFWFLSA-N,ICDZOMMZQJGZGT,PubChem,118110459,6331
CC(C)COC1=C(C=C(C=N1)C2=C(C=C(C=C2)C(=O)NS(=O)(=O)C)C(F)(F)F)Cl,1,PLXBSTRGZKRICB-UHFFFAOYSA-N,PLXBSTRGZKRICB,PubChem,155526353,27441383
CC1=CC(=CC(=C1)C(=O)N2CCC3(CC2)C4=CC=CN4C5=C(N3)C=C(C=C5)OC)C,1,ZCNYUKXXGYHXIO-UHFFFAOYSA-N,ZCNYUKXXGYHXIO,PubChem,53058205,25113934
CC1=NC(=CS1)CN2CCC(CC2)COC3=CC(=C(C=C3C4CC4)C(=O)NS(=O)(=O)C5CC5)F,1,NCNOZBYYUPHRSB-UHFFFAOYSA-N,NCNOZBYYUPHRSB,PubChem,118111437,6331
COC(=O)C1=C(C)NC(C)=C(C(=O)OC)C1c1ccccc1[N+](=O)[O-],0,HYIMSNHJOBLJNT-UHFFFAOYSA-N,HYIMSNHJOBLJNT,data_nav_dev,CHEMBL193,
COc1ccccc1-c1nccc2cc(S(=O)(=O)Nc3nccs3)ccc12,0,YWWWSWNIXBDPCT-UHFFFAOYSA-N,YWWWSWNIXBDPCT,CUPID,CUPID,
CC1(CN(C1)C(C2=CC=CC=C2)C3=CC(=CC(=C3)Cl)Cl)COC4=CC(=C(C=C4C5CC5)C(=O)NS(=O)(=O)C)F,1,YRRNEWYACBDUSW-UHFFFAOYSA-N,YRRNEWYACBDUSW,PubChem,118111276,6331
CN([C@H]1CCN(C1)CC2=C(C=CC(=C2)F)F)C3=C(C=C(C=C3)S(=O)(=O)NC4=NC=NS4)Cl,0,HQGJZKFFWZXSFZ-HNNXBMFYSA-N,HQGJZKFFWZXSFZ,PubChem,132142207,6331
CC(C)(C)C1=CC=C(C=C1)C(CCCN2CCC(CC2)C(C3=CC=CC=C3)(C4=CC=CC=C4)O)O,1,GUGOEEXESWIERI-UHFFFAOYSA-N,GUGOEEXESWIERI,PubChem,5405,21300721
C1CC1C2=CC(=C(C=C2OCC34CC5CC(C3)CC(C5)C4)F)C(=O)NS(=O)(=O)N6CCOCC6,1,DEYOMPPOEBPYPT-UHFFFAOYSA-N,DEYOMPPOEBPYPT,PubChem,91809371,33682420
O=S(=O)(Nc1nccs1)c1ccc2c(c1)OCCN2c1ccccc1N1CCNCC1,1,DTSNBUNQRWNESH-UHFFFAOYSA-N,DTSNBUNQRWNESH,data_nav_dev,CHEMBL3982796,
CC(C)(C1=CC=CC(=C1)CN2CC[C@@H](C2)N(C)C3=CC(=C(C=C3Cl)S(=O)(=O)NC4=CSC=N4)F)O,0,BJGCCYNZXROEED-SFHVURJKSA-N,BJGCCYNZXROEED,PubChem,132141891,6331
CN([C@H]1CCN(C1)CC2=CC3=C(C=C2)NC=C3)C4=CC(=C(C=C4Cl)S(=O)(=O)N(C5=CSC=N5)C(=O)[O-])F,1,AHIPHTLYIPKFAL-KRWDZBQOSA-M,AHIPHTLYIPKFAL,PubChem,145866041,6331
CC(C)(C1=CC(=CC=C1)Cl)N2CCC[C@H](C2)OC3=CC(=C(C=C3C4CC4)C(=O)N)F,1,WGJKXBIAQQOYRR-GOSISDBHSA-N,WGJKXBIAQQOYRR,PubChem,118120577,6331
CC[C@H]1[C@@H]2C[C@H]3[C@H]4[C@@]5(C[C@@H]([C@@H]2[C@H]5O)N3[C@@H]1O)C6=CC=CC=C6N4C,1,CJDRUOGAGYHKKD-OVXZWHIBSA-N,CJDRUOGAGYHKKD,PubChem,3000261,21300721
NC1=NC23C(N1)C(Cn1c(O)ccc1O)N=C(N)N2CC(NC(=O)c1cccc(C(F)(F)F)c1)C3(O)O,0,AHSSCAQZXAGKMT-UHFFFAOYSA-N,AHSSCAQZXAGKMT,CUPID,CUPID,
C1CC1C2=CC(=C(C=C2OCC3CCN(CC3)S(=O)(=O)C4=CC5=CC=CC=C5C=C4)F)C(=O)NS(=O)(=O)C6CC6,1,UCXDLDHAYNJNNX-UHFFFAOYSA-N,UCXDLDHAYNJNNX,PubChem,118120544,6331
Cc1c(Cc2ccc(C(F)(F)F)nc2)c[nH]c1C(=O)NC1CC1,0,AFOVOYRODSYDMK-UHFFFAOYSA-N,AFOVOYRODSYDMK,data_nav_dev,154699462,154699462
CS(=O)(=O)NC(=O)C1=C(C=C(C(=C1)C2CC2)OCC3CCN(CC3)[C@H](CO)C4=CC(=CC(=C4)Cl)Cl)F,1,DHFLDZDCXCPNAT-HSZRJFAPSA-N,DHFLDZDCXCPNAT,PubChem,118111342,6331
Cc1ccc(F)c(N2CCOc3cc(S(=O)(=O)Nc4nccs4)ccc32)c1,1,ONOCEJCKMCHONY-UHFFFAOYSA-N,ONOCEJCKMCHONY,data_nav_dev,CHEMBL3928626,
Cc1ccnc(CN2CCOc3cnc(-c4ccc(OC(F)(F)F)cc4)cc3C2=O)n1,1,KLYIVXSTHHWDCX-UHFFFAOYSA-N,KLYIVXSTHHWDCX,data_nav_dev,CHEMBL3897799,
C1CC1C2=CC(=C(C=C2CN3CCC(CC3)OC4=CC=CC=C4C(F)(F)F)F)C(=O)NS(=O)(=O)C5CC5,1,MIKCPWPYGSIUOL-UHFFFAOYSA-N,MIKCPWPYGSIUOL,PubChem,118353566,6331
CC1=C(C=CC(=C1)F)CN2CCC[C@H](C2)OC3=CC(=C(C=C3C4CC4)C(=O)NS(=O)(=O)C)F,1,OSHHICZYAPYLTD-LJQANCHMSA-N,OSHHICZYAPYLTD,PubChem,118111171,6331
CC(C)OC1=NC=C(C=C1)C2=C(C=CC(=C2)C(F)(F)F)[C@H]3CCOC4=C3C=CC(=C4)S(=O)(=O)NC5=NC=CC=N5,1,YCLDIBUXJUIEOU-JOCHJYFZSA-N,YCLDIBUXJUIEOU,PubChem,135193615,6331
COc1cc(-c2cc(F)cc(F)c2)ccc1-c1nccc2cc(S(=O)(=O)Nc3nncs3)ccc12,0,VFHKNLPMWZUPFI-UHFFFAOYSA-N,VFHKNLPMWZUPFI,CUPID,CUPID,
O=C1c2cc(-c3ccc(C(F)(F)F)cc3)ccc2OCCN1Cc1ccccc1,1,NPXCECKIJBBKPJ-UHFFFAOYSA-N,NPXCECKIJBBKPJ,data_nav_dev,CHEMBL3935795,
Cn1nccc1-c1cc(C(F)(F)F)ccc1-c1cn(C)c2cc(S(=O)(=O)Nc3ncns3)ccc12,0,JOZYIPJFVAJONN-UHFFFAOYSA-N,JOZYIPJFVAJONN,CUPID,CUPID,
COc1cc(-c2cc(OC)c(-n3c(=O)ccc4cc(S(=O)(=O)Nc5cccnn5)ccc43)cc2F)ccc1Cl,1,VGNVENCBQWXHQE-UHFFFAOYSA-N,VGNVENCBQWXHQE,data_nav_dev,CHEMBL3954639,
Nc1nc(CC(=O)Nc2ccc(CC3CCC(C(O)c4ccccc4)N3)cc2)cs1,0,BDYLGPUIUMBDQP-UHFFFAOYSA-N,BDYLGPUIUMBDQP,CUPID,CUPID,
CC(C)(C)OC(=O)N1CCC(CC1)N2C(C3=CC=CC=C3C2=O)C(=O)NCC4=CC=C(C=C4)OC(F)(F)F,1,QGNZOANCXQXMOT-UHFFFAOYSA-N,QGNZOANCXQXMOT,PubChem,44540754,22770500
COc1cc(NC(=O)c2ccc(-c3ccc(Cl)cc3)o2)cc(OC)c1,1,VHKBTPQDHDSBSP-UHFFFAOYSA-N,VHKBTPQDHDSBSP,data_nav_dev,CHEMBL250699,
CS(=O)(=O)c1cccc(C2CN(CC(F)(F)F)CCC2Oc2cc(F)c(S(=O)(=O)Nc3cccc(F)n3)cc2F)c1,0,GIAWKLRZNOQBJG-UHFFFAOYSA-N,GIAWKLRZNOQBJG,CUPID,CUPID,
CC1=CC=C(C=C1)C(=O)NC(=NCC2=CC=CC3=CC=CC=C32)N,1,VPWXWSXUPGZSLH-UHFFFAOYSA-N,VPWXWSXUPGZSLH,PubChem,22149230,11720863
C1CC1C2=CC(=C(C=C2OCC3(CCN(CC3)CC4=C(C=CC(=C4)Cl)C(F)(F)F)F)F)C(=O)NS(=O)(=O)C5CC5,1,APUFQCSYCHYZIW-UHFFFAOYSA-N,APUFQCSYCHYZIW,PubChem,118120519,6331
CS(=O)(=O)NC(=O)C1=C(C=C(C(=C1)C2CC2)OCC3CCN(CC3)CC4=CC(=C(C=C4)C(F)(F)F)F)F,1,GEMYBKFKLKEKGO-UHFFFAOYSA-N,GEMYBKFKLKEKGO,PubChem,118110704,6331
N#Cc1ccc(OC(F)(F)F)cc1N1CCOc2cc(S(=O)(=O)Nc3nccs3)ccc21,1,AHHRSTHRXAQGHH-UHFFFAOYSA-N,AHHRSTHRXAQGHH,data_nav_dev,71712182,71712182
C1COC2=C([C@H]1C3=C(C=C(C=C3)C(F)(F)F)CCCCF)C=CC(=C2)S(=O)(=O)NC4=NN=CC=C4,1,IRKLGNYNAXCIJW-HXUWFJFHSA-N,IRKLGNYNAXCIJW,PubChem,126668982,6331
Cc1nc(-c2cc(C(F)(F)F)ccc2[C@H]2CCOc3cc(S(=O)(=O)Nc4cccc(F)n4)ccc32)co1,1,UKTHMRKYVPDRNS-GOSISDBHSA-N,UKTHMRKYVPDRNS,data_nav_dev,CHEMBL4639872,
CC(C)OC1=C(C=C(C=N1)CN2CC(C2)COC3=CC(=C(C=C3C4CC4)C(=O)NS(=O)(=O)C)F)Cl,1,GNXMVKDKFKCGSZ-UHFFFAOYSA-N,GNXMVKDKFKCGSZ,PubChem,118111357,6331
C1CN(C(=O)N1)CCOC2=NN(C3=C2C=C(C=C3)F)C4=C(C=C(C=C4)F)F,1,JGWFEASWZPTQCO-UHFFFAOYSA-N,JGWFEASWZPTQCO,PubChem,127046802,27015369
Cc1nccn1-c1ccc(-c2cn(CC(=O)Nc3cccc(Cl)c3Cl)nn2)cc1,0,XSIJYOFJNDFHGL-UHFFFAOYSA-N,XSIJYOFJNDFHGL,CUPID,CUPID,
C1CN2CCC1[C@H](C2)OC(=O)N3CCC4=CC=CC=C4[C@@H]3C5=CC=CC=C5,1,FBOUYBDGKBSUES-VXKWHMMOSA-N,FBOUYBDGKBSUES,PubChem,154059,25087753
CC(C)n1cc(CN2CCC3(CC2)CC(=O)N(c2ccc(C(=O)O)cc2)C3)c2c(C3CC3)cccc21,1,RXUODJMQFRVNSY-UHFFFAOYSA-N,RXUODJMQFRVNSY,data_nav_dev,CHEMBL4278328,
CC(C)COC1=NC=C(C=C1)C2=CN(C3=CC(=C(C=C32)F)C(=O)NS(=O)(=O)C4CC4)C,1,HVSCJBAXISNDCU-UHFFFAOYSA-N,HVSCJBAXISNDCU,PubChem,132020570,29541350
C1CC1C2=CC(=C(C=C2CN3CCC(CC3)OC4=C(C=C(C=N4)Br)Cl)F)C(=O)NS(=O)(=O)C5CC5,1,IYRUGCGBFROMON-UHFFFAOYSA-N,IYRUGCGBFROMON,PubChem,118120201,6331
N#Cc1cnc(Nc2cc(NC[C@H]3CNCCO3)c(C(F)(F)F)cn2)cn1,1,YBYYWUUUGCNAHQ-LLVKDONJSA-N,YBYYWUUUGCNAHQ,data_nav_dev,72165232,72165232
COc1cc2nc(N(C)CCCNC(=O)C3CCCO3)nc(N)c2cc1OC,0,WNMJYKCGWZFFKR-UHFFFAOYSA-N,WNMJYKCGWZFFKR,CUPID,CUPID,
O=C1COCCN1c1cc(C(F)(F)F)ccc1[C@H]1CCOc2cc(S(=O)(=O)Nc3nccs3)ccc21,1,LVOYSVYYMLGENB-MRXNPFEDSA-N,LVOYSVYYMLGENB,data_nav_dev,CHEMBL4639688,
O=S(=O)(Nc1ccncn1)c1cc(F)c(OC2CCN(CC(F)(F)F)CC2c2ccccc2)cc1F,0,CRGSXILFVSBGQK-UHFFFAOYSA-N,CRGSXILFVSBGQK,CUPID,CUPID,
O=C1c2cc(C3=CCCCC3)ccc2OCCN1Cc1ncccn1,1,GBXFBWBJZOEHDX-UHFFFAOYSA-N,GBXFBWBJZOEHDX,data_nav_dev,CHEMBL3968044,
COc1cc(F)ccc1-c1nccc2cc(S(=O)(=O)Nc3nccs3)ccc12,0,OXHNYFPQJUTHIF-UHFFFAOYSA-N,OXHNYFPQJUTHIF,CUPID,CUPID,
CS(=O)(=O)NC(=O)c1cc(C2CC2)c(OCC2CCCCC2)cc1F,1,IKSUDZQUQOMVKP-UHFFFAOYSA-N,IKSUDZQUQOMVKP,data_nav_dev,CHEMBL3662236,
CNC(=O)c1cc(C(=O)NC2CC2)cn(Cc2ccccc2)c1=O,0,QZZCUOVXHPAQRQ-UHFFFAOYSA-N,QZZCUOVXHPAQRQ,CUPID,CUPID,
O=S(=O)(Nc1nccs1)c1ccc2c(c1)OCCN2c1ccc(C(F)(F)F)cc1Br,1,FMXBERTWTQKUTI-UHFFFAOYSA-N,FMXBERTWTQKUTI,data_nav_dev,89761535,89761535
O=S(=O)(Nc1ncccn1)c1ccc2c(c1)CC[C@@H]2c1ccc(C(F)(F)F)cc1-c1ccc(F)nc1,1,JNAUIFVEKVIDOY-FQEVSTJZSA-N,JNAUIFVEKVIDOY,data_nav_dev,CHEMBL4633186,
COC1=C(C=CC=N1)C2=C(C=CC=C2NC(=O)C3=CC=CC(=C3)C4=CC=CC=N4)C(F)(F)F,1,YERWQIGIPLROEU-UHFFFAOYSA-N,YERWQIGIPLROEU,PubChem,137659739,28684121
O=C1c2cc(Nc3ccc(OC(F)(F)F)cc3)ccc2OCCN1Cc1ccccn1,1,AFBVXNLIIJEYBH-UHFFFAOYSA-N,AFBVXNLIIJEYBH,data_nav_dev,CHEMBL3902625,
Cc1c(C(O)CN2CCC3(CC2)CCN(c2ccc(=O)n(C)n2)C3=O)ccc2c1COC2=O,0,AEQJLXICIKRMCT-UHFFFAOYSA-N,AEQJLXICIKRMCT,CUPID,CUPID,
O=C(O)CCC1(c2ccc(C(F)(F)F)cc2)CCCN(C(=O)Nc2ccc(Cl)cc2)C1,1,TVNCLEMLTQVHDY-UHFFFAOYSA-N,TVNCLEMLTQVHDY,data_nav_dev,46883032,46883032
CC(C)(C)Oc1ccc(-c2ccc3nnc(C(F)(F)F)n3c2)cc1,1,LPNHRDRHDGGUKJ-UHFFFAOYSA-N,LPNHRDRHDGGUKJ,data_nav_dev,CHEMBL3808733,
CS(=O)(=O)NC(=O)C1=C(C=C(C(=C1)C2CC2)OCC3CCN(CC3)CC4=CC=CC=C4F)F,1,VSZLPFCJMSEGIJ-UHFFFAOYSA-N,VSZLPFCJMSEGIJ,PubChem,118111390,6331
CC1(CCCN(C1)C(=O)NCC2=C(C=C(C=C2)Cl)Cl)C3=CC=CC=C3,1,MBEXSEUYYAPDIQ-UHFFFAOYSA-N,MBEXSEUYYAPDIQ,PubChem,42647178,19682899
Cn1cc(-c2ccc(C(F)(F)F)cc2Cl)c2ccc(S(=O)(=O)Nc3ncns3)cc21,1,UPGHKRVRAAZFBI-UHFFFAOYSA-N,UPGHKRVRAAZFBI,data_nav_dev,CHEMBL3704415,
C1C2CC3CC(C2)(CC1C3O)CNC4=CC(=C(C=C4Cl)S(=O)(=O)NC5=NC=CS5)F,1,LJAMVDAQMFBQJF-UHFFFAOYSA-N,LJAMVDAQMFBQJF,PubChem,137641410,28818462
O=C(NCc1ccc(OC(F)(F)F)cc1)C1c2ccccc2C(=O)N1CCOCC(F)(F)F,0,WRMHMOIOLJMNFH-UHFFFAOYSA-N,WRMHMOIOLJMNFH,data_nav_dev,60201084,60201084
O=C1c2cc(-c3ccc(OC(F)(F)F)c(Cl)c3)ccc2OCCN1Cc1ncccn1,1,AHQQBCRDPJYBPY-UHFFFAOYSA-N,AHQQBCRDPJYBPY,data_nav_dev,CHEMBL4777169,
C[C@@H](CN[C@@H]1COc2ccccc2SC1)CSc1cccc(F)c1O,1,YMBJDJPWPUCCGT-UONOGXRCSA-N,YMBJDJPWPUCCGT,data_nav_dev,CHEMBL564175,
CC1=C(C=CC(=C1)C2=CN3C(=NN=C3C(F)(F)F)C=C2)OC(F)(F)F,1,DMZBMJWTESKAEY-UHFFFAOYSA-N,DMZBMJWTESKAEY,PubChem,87178674,27080178
COC1=CC2=C(C=C1)N3C=CC=C3C4(N2)CCN(CC4)C(=O)C5=CC6=C(C=C5)N=CC=C6,1,JBTGSFIEOSACRJ-UHFFFAOYSA-N,JBTGSFIEOSACRJ,PubChem,49869305,25288187
COc1cc(-c2cccc(F)c2F)ccc1-c1nccc2cc(S(=O)(=O)Nc3ccncn3)ccc12,0,FOZNIJHLUARYKI-UHFFFAOYSA-N,FOZNIJHLUARYKI,CUPID,CUPID,
CCN=C1NC2C(OC(COC)C(O)C2O)S1,0,AVBFRSQZSIUFPO-UHFFFAOYSA-N,AVBFRSQZSIUFPO,CUPID,CUPID,
C1CC1C2=CC(=C(C=C2CN3CCC(CC3)OC4=CC=C(C=C4)Cl)F)C(=O)NS(=O)(=O)C5CC5,1,NVIJJTNNKIROLH-UHFFFAOYSA-N,NVIJJTNNKIROLH,PubChem,126715150,6331
CCn1cnc2c(-c3ccc(F)c(-c4ccc(S(=O)(=O)CC)cc4OC)c3)cnnc21,0,PTTQXDBPTFOCMT-UHFFFAOYSA-N,PTTQXDBPTFOCMT,CUPID,CUPID,
N#Cc1ccc(OC2C3CC(=O)C3CC2N2CCCC(N)C2)cc1,0,ZHFFQIKHYAWUBX-UHFFFAOYSA-N,ZHFFQIKHYAWUBX,CUPID,CUPID,
CN1C=CC2=C1C=CC(=C2)C(=O)N3CCC4(CC3)C5=CC=CN5C6=C(N4)C=C(C=C6)OC,1,OQNZBBTUQPXYHS-UHFFFAOYSA-N,OQNZBBTUQPXYHS,PubChem,67523656,25288187
O=S(=O)(Nc1nccs1)c1cc(Cl)c(NCCC2CCNC2)cc1F,0,MVPGAQAVEBEWIU-UHFFFAOYSA-N,MVPGAQAVEBEWIU,CUPID,CUPID,
COC1=CC2=C(C=C1)N3C=CC=C3C4(N2)CCN(CC4)C(=O)C5=CC(=C(C=C5)OC)N6CCCC6,1,RCPKTZHXPBTTTM-UHFFFAOYSA-N,RCPKTZHXPBTTTM,PubChem,118714782,25288187
O=C1c2cc(-c3ccc(OS(=O)(=O)C(F)(F)F)cc3)ccc2OCCN1Cc1ncccn1,1,FSABECWIKSMENC-UHFFFAOYSA-N,FSABECWIKSMENC,data_nav_dev,CHEMBL3932995,
CC(C)(C)C1=CC=C(C=C1)C2=CN3C(=NN=C3C(F)(F)F)C=C2,1,FTDGEIWSYPMDEJ-UHFFFAOYSA-N,FTDGEIWSYPMDEJ,PubChem,49850210,27080178
C1C[C@H](CN(C1)C2=CC=CC=N2)OC3=CC(=C(C=C3C4CC4)C(=O)NS(=O)(=O)N5CCC5)F,1,KOYQFCLDSXGCFU-QGZVFWFLSA-N,KOYQFCLDSXGCFU,PubChem,118120620,6331
COC1=CC2=C(C=C1)N3C=CC=C3C4(N2)CCN(CC4)C(=O)C5=NC6=CC=CC=C6C=C5,1,VUCGOPZDZHFBHO-UHFFFAOYSA-N,VUCGOPZDZHFBHO,PubChem,117789501,25288187
C1CC(=O)CCC1CNC2=CC(=C(C=C2Cl)S(=O)(=O)NC3=NC=CS3)F,1,OCJNALOVLBONTF-UHFFFAOYSA-N,OCJNALOVLBONTF,PubChem,134477268,28818462
COCC(C1=CC(=CC(=C1)Cl)Cl)N2CC(C2)COC3=CC(=C(C=C3C4CC4)C(=O)NS(=O)(=O)C)F,1,CDWKRWXCVDRSRN-UHFFFAOYSA-N,CDWKRWXCVDRSRN,PubChem,118111091,6331
O=C(NC1CC1c1ccccc1)N1CCC(c2nnco2)CC1,1,QYMLHNYPNZUQCL-UHFFFAOYSA-N,QYMLHNYPNZUQCL,data_nav_dev,45269096,45269096
CC1=CC(=CC(=C1)F)C2=CC(=C(C=C2C#N)C3=NC=CC4=C3C=CC(=C4)S(=O)(=O)NC5=NOC=C5)OC,0,OHCVDOCPYGHVLW-UHFFFAOYSA-N,OHCVDOCPYGHVLW,PubChem,121333967,6331
C[C@@]12C[C@@H]3[C@H]4N=C(N[C@@]3([C@@](O1)(C[C@@H]2O4)O)C)N,0,DNWRGWMXVDYZAI-IGMAZLPLSA-N,DNWRGWMXVDYZAI,PubChem,162663613,32896120
O=S(=O)(Nc1ccncn1)N1CCc2c(cccc2-c2ccc(C(F)(F)F)cc2Br)C1,1,OSFBKXXIDNUQDG-UHFFFAOYSA-N,OSFBKXXIDNUQDG,data_nav_dev,CHEMBL3683239,
CN([C@H]1CCN(C1)CC2=CC(=CC=C2)OC)C3=CC(=C(C=C3Cl)S(=O)(=O)NC4=CSC=N4)F,0,UDWMPKWABASNAD-INIZCTEOSA-N,UDWMPKWABASNAD,PubChem,132142027,6331
CS(=O)(=O)NC(=O)C1=C(C=C(C(=C1)C2CC2)O[C@@H]3CC(CN(C3)CC4=C(C=C(C=C4)F)Cl)(F)F)F,1,MKTFWIFFQBKEFV-MRXNPFEDSA-N,MKTFWIFFQBKEFV,PubChem,118110572,6331
CC(C)COc1ccc(-c2cn(C)c3cc(C(=O)NS(C)(=O)=O)ccc23)cc1,0,YTGONBDYWLEARV-UHFFFAOYSA-N,YTGONBDYWLEARV,CUPID,CUPID,
COc1cc(N)c(Cl)cc1C(=O)NC1CCN(CCCOc2ccc(F)cc2)CC1OC,0,DCSUBABJRXZOMT-UHFFFAOYSA-N,DCSUBABJRXZOMT,CUPID,CUPID,
CS(=O)(=O)NC(=O)C1=C(C=C(C(=C1)C2CC2)OCC3CN(C3)[C@H](C4=CC=CC=C4)C5=CC=C(C=C5)C#N)F,1,BVRHQNAUMAJCST-MUUNZHRXSA-N,BVRHQNAUMAJCST,PubChem,118110642,6331
C1=CC(=CC=C1C2=CN3C(=NN=C3C(F)(F)F)C=C2)OC(F)(F)F,1,FEVBKJITJDHASC-UHFFFAOYSA-N,FEVBKJITJDHASC,PubChem,58118983,27038498
CS(=O)(=O)NC(=O)C1=C(C=C(C(=C1)C2CC2)OCC3CN(C3)[C@H](C4=CC=CC=C4)C5=CC=CC=C5Cl)F,1,LLQGWDGJRDPIES-HHHXNRCGSA-N,LLQGWDGJRDPIES,PubChem,118110864,6331
COC1=C(C=CC(=C1)C2=CC(=CC(=C2)F)F)C3=NC=CC4=C3C=CC(=C4)S(=O)(=O)NC5=CC(=NC=N5)OC,0,HKJCDQBERSXHQH-UHFFFAOYSA-N,HKJCDQBERSXHQH,PubChem,139208225,6331
CC1=CC(=C(C=C1)NC2=C(N=NC3=CC(=C(C=C32)N4CCN(CC4)C)OC)C(=O)N)F,1,KJJSJXRRMHWDBJ-UHFFFAOYSA-N,KJJSJXRRMHWDBJ,PubChem,25001850,23842474
C1CC1C2=CC(=C(C=C2CN3CCC(CC3)S(=O)C4=CC(=CC(=C4)Cl)Cl)F)C(=O)N,1,UXBLZIZAOQSOGB-UHFFFAOYSA-N,UXBLZIZAOQSOGB,PubChem,118120742,6331
CC(C)C[C@H](CC1=NC(=NO1)C2=CC=C(C=C2)Cl)N,1,AUOBIBBRTBVGBO-GFCCVEGCSA-N,AUOBIBBRTBVGBO,PubChem,137632255,6331
Cc1cc2nnc(C(F)(F)F)n2cc1-c1ccc(OC(F)(F)F)cc1,1,OWDUOSUDGJLJOB-UHFFFAOYSA-N,OWDUOSUDGJLJOB,data_nav_dev,CHEMBL3809425,
COC1=C(C=CC(=C1)OC2=CC(=C(C=C2)F)F)C3=NC=CC4=C3C=CC(=C4)S(=O)(=O)NC5=NC=NC=C5,0,HFLLSYJGKZRIAZ-UHFFFAOYSA-N,HFLLSYJGKZRIAZ,PubChem,121333959,6331
C1CN(CCC1OC2=NC=NC3=C2C=CN3CC4=CC=CC=C4)CC5=C(C=CC=N5)F,1,XKWUOIWEHZPVIB-UHFFFAOYSA-N,XKWUOIWEHZPVIB,PubChem,70683188,22318156
COCCCC1=C(C=CC(=C1)C(F)(F)F)[C@@H]2CCOC3=C2C=CC(=C3)S(=O)(=O)NC4=NC=CC=N4,0,CDDNDJRPLMOKKB-FQEVSTJZSA-N,CDDNDJRPLMOKKB,PubChem,126649829,6331
O=S(=O)(Nc1ncns1)c1cc(F)c(OC[C@@H]2CNCC[C@H]2c2ccccc2)cc1F,1,WNPQUCQKSFDNDS-GJZGRUSLSA-N,WNPQUCQKSFDNDS,data_nav_dev,CHEMBL3325522,
CC1=CC(=C(C=C1N(C)[C@H]2CCN(C2)CC3=NC(=CS3)C(C)C)F)S(=O)(=O)NC4=CSC=N4,0,DXRNNMAGSJGTAG-INIZCTEOSA-N,DXRNNMAGSJGTAG,PubChem,132141539,6331
O=S(=O)(Nc1nccs1)c1cc(Cl)c(NCC2CCCNC2)cc1F,0,SBBAFQFNVBQQLF-UHFFFAOYSA-N,SBBAFQFNVBQQLF,CUPID,CUPID,
CC1=CC(=C(C=C1N(C)[C@H]2CCN(C2)CC3=COC=N3)F)S(=O)(=O)NC4=CSC=N4,0,VCLGXGWFSJUHNO-HNNXBMFYSA-N,VCLGXGWFSJUHNO,PubChem,132141511,6331
FC(F)(F)Oc1cccc(-c2ccc3nnc(C(F)(F)F)n3c2)c1,1,HPZNFZIGZBHSAJ-UHFFFAOYSA-N,HPZNFZIGZBHSAJ,data_nav_dev,CHEMBL3809478,
COCCN1CCOc2ccc(-c3ccc(OC(F)(F)F)cc3)cc2C1=O,1,DYKJMFQJBLEUQO-UHFFFAOYSA-N,DYKJMFQJBLEUQO,data_nav_dev,CHEMBL3892631,
CC1=CC(=CC(=C1)Cl)C2=CC(=C(C=C2C#N)C3=NC=CC4=C3C=CC(=C4)S(=O)(=O)NC5=NC=NC=C5)OC,0,UIPJJBHYBDREJZ-UHFFFAOYSA-N,UIPJJBHYBDREJZ,PubChem,121333937,6331
COc1cc(-c2cc(OC)c(-n3c(=O)ccc4cc(S(=O)(=O)Nc5ncccn5)ccc43)cc2F)ccc1Cl,1,ZHGZIHUZNQBPHC-UHFFFAOYSA-N,ZHGZIHUZNQBPHC,data_nav_dev,CHEMBL3937744,
COc1ccc(Cl)cc1-c1n[nH]c(=O)c2cc(S(=O)(=O)Nc3ncc(F)s3)ccc12,0,TVZIDQJDJPVINM-UHFFFAOYSA-N,TVZIDQJDJPVINM,CUPID,CUPID,
O=S(=O)(Nc1ncns1)c1ccc2c(c1)OCCN2c1ccc(C(F)(F)F)cc1-c1cn[nH]c1,1,ISRFCSFRFHSLEY-UHFFFAOYSA-N,ISRFCSFRFHSLEY,data_nav_dev,71711177,71711177
COc1cc(-c2ccc(Cl)c(C)c2)c(F)cc1-c1nccc2cc(S(=O)(=O)Nc3ccon3)ccc12,1,MZCDRAVLFTZKGK-UHFFFAOYSA-N,MZCDRAVLFTZKGK,data_nav_dev,121333858,121333858
CC1=C(C=CC=C1F)N2C(=C(N=N2)C(=O)NC3=NC=C(C=C3)Cl)N,0,HDLFPPMBEWASLN-UHFFFAOYSA-N,HDLFPPMBEWASLN,PubChem,139268651,6331
C1CN(CCC1N2CC3=CC=CC=C3C2=O)CC(COC4=CC=CC=C4C(F)(F)F)O,1,UMNHBQRHGQYCEP-UHFFFAOYSA-N,UMNHBQRHGQYCEP,PubChem,122196025,26358159
CC(C)C[C@@H](CC1=NC2=C(C=C(C=C2N1)C(F)(F)F)C(F)(F)F)CN,0,PETRFKCSWBGTCM-VIFPVBQESA-N,PETRFKCSWBGTCM,PubChem,60194669,6331
Nc1ccnc(CN2CCOc3ccc(-c4ccc(OC(F)(F)F)cc4)cc3C2=O)n1,1,DDKQXCVNFFICGK-UHFFFAOYSA-N,DDKQXCVNFFICGK,data_nav_dev,CHEMBL4793240,
COc1cc(C(=O)NS(C)(=O)=O)ccc1-c1cnc(Oc2cc(F)ccc2F)c(Cl)c1,0,YDXBXRWRIQGRSQ-UHFFFAOYSA-N,YDXBXRWRIQGRSQ,CUPID,CUPID,
O=S1(=O)c2cc(-c3ccc(C(F)(F)F)cc3)ccc2OCCN1Cc1ncc(Cl)cn1,1,KJIAPUZHLFRJGD-UHFFFAOYSA-N,KJIAPUZHLFRJGD,data_nav_dev,CHEMBL3895882,
C1CN(C1)S(=O)(=O)NC(=O)C2=C(C=C(C(=C2)C3CC3)OCC4CCN(CC4)CC5=C(C=C(C=C5)C6CC6)Cl)F,1,VQJZDKCEVLXOTH-UHFFFAOYSA-N,VQJZDKCEVLXOTH,PubChem,118120447,6331
CC1(CN(C1)CC2=C(C(=CC(=C2)C(F)(F)F)Cl)F)COC3=CC(=C(C=C3C4CC4)C(=O)NS(=O)(=O)C)F,1,QDFFMRBOHNMZAT-UHFFFAOYSA-N,QDFFMRBOHNMZAT,PubChem,118120565,6331
COc1cc(-c2cc(F)cc(F)c2)ccc1-c1nccc2cc(S(=O)(=O)Nc3ccnc(C)n3)ccc12,0,WUENHYGUAXJLQG-UHFFFAOYSA-N,WUENHYGUAXJLQG,CUPID,CUPID,
CC1=NC(=CO1)C2=C(C=CC(=C2)C(F)(F)F)[C@@H]3CCOC4=C3C=CC(=C4)S(=O)(=O)NC5=NC=C(C=N5)F,0,JLTWJPIFDNMENG-SFHVURJKSA-N,JLTWJPIFDNMENG,PubChem,126650575,6331
CC(C)COc1ncc(-c2ccc(C(=O)NS(C)(=O)=O)cc2F)cc1Cl,0,PJWDCRXXCSYMLG-UHFFFAOYSA-N,PJWDCRXXCSYMLG,CUPID,CUPID,
CCC(C1=CC(=CC(=C1)Cl)Cl)N2CC(C2)COC3=CC(=C(C=C3C4CC4)C(=O)NS(=O)(=O)C)F,1,GOERNEVEZCWLDT-UHFFFAOYSA-N,GOERNEVEZCWLDT,PubChem,118110662,6331
CCC1=NN(C(=C1C(=O)NC2=NC=C(C=C2)C(F)(F)F)N)C3=CC=CC=C3OC,0,MNPBSJCEWUOKHL-UHFFFAOYSA-N,MNPBSJCEWUOKHL,PubChem,139268652,6331
C1CN(CCC1OC2=NC=NC3=C2C=CN3CC4=CC=CC=C4F)CC5=CSC=N5,1,SFDBYELGYJKPAZ-UHFFFAOYSA-N,SFDBYELGYJKPAZ,PubChem,70685264,22318156
C1CC1C2=CC(=C(C=C2OCC3CCN(CC3)S(=O)(=O)C4=CC=CC(=C4)C(F)(F)F)F)C(=O)NS(=O)(=O)C5CC5,1,KYERELZTVNAFJL-UHFFFAOYSA-N,KYERELZTVNAFJL,PubChem,118354324,6331
Cc1cnc(CN2CCOc3ccc(-c4ccc(OC(F)(F)F)cc4)cc3C2=O)o1,1,SMEWAWNKUKQYNY-UHFFFAOYSA-N,SMEWAWNKUKQYNY,data_nav_dev,CHEMBL3965747,
CS(=O)(=O)c1ccc(-c2noc(C3CCN(C(=O)NC4CC4c4ccccc4)CC3)n2)cc1,1,PPZAIZWNHZKGPM-UHFFFAOYSA-N,PPZAIZWNHZKGPM,data_nav_dev,45270778,45270778
N=C(NCCCCc1ccccc1)NC(=O)c1ccc(Cl)c(Cl)c1,0,HXRGKALAMOSVRR-UHFFFAOYSA-N,HXRGKALAMOSVRR,CUPID,CUPID,
CS(=O)(=O)N(C(=O)C1=C(C=C(C(=C1)C2CC2)CN3CCC(CC3)(CF)C4=CC=C(C=C4)F)F)S,1,TVNZVZAKCPDXRQ-UHFFFAOYSA-N,TVNZVZAKCPDXRQ,PubChem,132274449,6331
N#Cc1ccc(Oc2ccc(S(=O)(=O)Nc3ccc(F)cn3)cc2C#N)cc1Cl,0,ABKCBHGHCYFDNT-UHFFFAOYSA-N,ABKCBHGHCYFDNT,CUPID,CUPID,
Cl.O=C(CCc1ccccc1)c1ccccc1OCC(O)CN1CCC(c2ccccc2)CC1,1,IHJPRWYCRBWGGD-UHFFFAOYSA-N,IHJPRWYCRBWGGD,data_nav_dev,CHEMBL1914835,
CNC(=O)C(CCN1CCC(CC1)(C2=CC=C(C=C2)Cl)O)(C3=CC=CC=C3)C4=CC=CC=C4,1,ZMOPTLXEYOVARP-UHFFFAOYSA-N,ZMOPTLXEYOVARP,PubChem,9805944,29274816
CC(C)COC1=C(C=C(C=N1)C2=CN(C3=C2C=CC(=C3)C(=O)NS(=O)(=O)C)C(C)C)Cl,1,ZKCMVJKNFIHAOD-UHFFFAOYSA-N,ZKCMVJKNFIHAOD,PubChem,132020488,30576602
Cc1c(N2CCC(C(C)N)C2)c(F)cc2ccc(=O)n(C3CC3)c12,0,JKSZENONXRNKSS-UHFFFAOYSA-N,JKSZENONXRNKSS,CUPID,CUPID,
C1CC1C2=CC(=C(C=C2OCC3CCN(CC3)CC4=C(C=CC=N4)C(F)(F)F)F)C(=O)NS(=O)(=O)C5CC5,1,IWAPMQRQKMUXBQ-UHFFFAOYSA-N,IWAPMQRQKMUXBQ,PubChem,118111052,6331
CC1(C(=O)O)CCC(C)(c2nc(-c3ccc(C(=O)Nc4cc(C(F)(F)F)ccn4)cc3)c3c(N)nccn23)C1,0,SXVSUPYHNNTUMY-UHFFFAOYSA-N,SXVSUPYHNNTUMY,CUPID,CUPID,
Cc1noc(Cn2nc3ccc(-c4ccc(Oc5ccc(F)cc5)cc4)cn3c2=O)n1,0,CYVQWKYIMKBUQR-UHFFFAOYSA-N,CYVQWKYIMKBUQR,CUPID,CUPID,
C1CC2=CC=CC=C2C1NC(=O)N3CCC4(CC3)CC(=O)C5=CC=CC=C5O4,1,MYJOBXPUJPRQLF-UHFFFAOYSA-N,MYJOBXPUJPRQLF,PubChem,44583236,19481932
Cn1ccc2ccc(C(=O)NS(=O)(=O)C3CC3)cc21,0,HHVUJTNLSZQNBK-UHFFFAOYSA-N,HHVUJTNLSZQNBK,CUPID,CUPID,
CC1=C(C=CC(=C1)F)S(=O)(=O)N2CCC(CC2)COC3=CC(=C(C=C3C4CC4)C(=O)NS(=O)(=O)C5CC5)F,1,SCZYLEWDHRXONF-UHFFFAOYSA-N,SCZYLEWDHRXONF,PubChem,118120534,6331
O=C1OCc2cc(CCN3CCN(C(=O)Cc4ccc(-n5cnnn5)cc4)CC3)ccc21,0,LKLRNYYBQWYHND-UHFFFAOYSA-N,LKLRNYYBQWYHND,CUPID,CUPID,
Cc1cccc(SC[C@@H](C)CN[C@@H]2COc3ccccc3SC2)c1O,1,KHMJPCBCJWSRNL-GOEBONIOSA-N,KHMJPCBCJWSRNL,data_nav_dev,CHEMBL551636,
N#Cc1cc(N2CCOc3cc(S(=O)(=O)Nc4nccs4)ccc32)ccc1F,1,LUJWSORPNUIQGG-UHFFFAOYSA-N,LUJWSORPNUIQGG,data_nav_dev,CHEMBL3944898,
O=C(NCc1ccc(OC(F)(F)F)cc1)C1c2ccccc2C(=O)N1C1CC(F)(F)C1,0,IWIMOEAKEUYTRF-UHFFFAOYSA-N,IWIMOEAKEUYTRF,data_nav_dev,44540470,44540470
Cc1c(F)cccc1N1CCOc2cc(S(=O)(=O)Nc3nccs3)ccc21,1,NUASSICUZKIENU-UHFFFAOYSA-N,NUASSICUZKIENU,data_nav_dev,71711421,71711421
C1CN(CCC1C2=NC(=NO2)C3=NC=CC4=CC=CC=C43)C(=O)NC5CC5C6=CC=CC=C6,1,HRCSHGYOQCEMTF-UHFFFAOYSA-N,HRCSHGYOQCEMTF,PubChem,45270788,19645482
COc1cc(-c2ccc(-c3nccc4cc(S(=O)(=O)Nc5ccncn5)ccc34)c(OC)c2)ccc1F,0,CEPNVOSNKMHHPC-UHFFFAOYSA-N,CEPNVOSNKMHHPC,CUPID,CUPID,
C1CC1C2=CC(=C(C=C2OCC3CCN(CC3)CC4=CC(=CC(=C4)Cl)Cl)F)C(=O)NS(=O)(=O)C5CC5,1,WBUKUXXILSESLB-UHFFFAOYSA-N,WBUKUXXILSESLB,PubChem,118110842,6331
C1CC1S(=O)(=O)NC(=O)C2=C(C=C(C(=C2)C#N)OCC3CCN(CC3)CC4=CC(=CC(=C4)Cl)OC(F)(F)F)F,1,FNFSQSWWWXXJHZ-UHFFFAOYSA-N,FNFSQSWWWXXJHZ,PubChem,118120601,6331
Cc1cc(Cl)ccc1-c1ncnc2cc(S(=O)(=O)Nc3ncns3)ccc12,0,SAAHVVLWBSOFDW-UHFFFAOYSA-N,SAAHVVLWBSOFDW,CUPID,CUPID,
CN([C@H]1CCN(C1)CC2=C(C=CC(=C2)Cl)F)C3=C(C=C(C=C3)S(=O)(=O)NC4=NC=NS4)Cl,1,JTHNOORELHWKTH-HNNXBMFYSA-N,JTHNOORELHWKTH,PubChem,132141979,6331
COc1ccc(-c2cccc(F)c2)cc1-c1nccc2cc(S(=O)(=O)Nc3ncns3)ccc12,0,NIJYLVOEINTHDN-UHFFFAOYSA-N,NIJYLVOEINTHDN,CUPID,CUPID,
CC1=CC(=C(C=C1N(C)[C@H]2CCN(C2)CC3=CC(=CC=C3)O)F)S(=O)(=O)NC4=CSC=N4,0,AXWTUCSIBGJUCC-KRWDZBQOSA-N,AXWTUCSIBGJUCC,PubChem,132141543,6331
NC(=O)c1ccc(Cc2ccccc2)cc1-c1cccc(CCC(=O)O)c1,0,UHEGDWIZAOPGIY-UHFFFAOYSA-N,UHEGDWIZAOPGIY,CUPID,CUPID,
CC1=NC2=C(C=CN2CC3=CC=CC=C3)C(=N1)OC4CCN(CC4)CC5=CSC=N5,1,JKJROAPYAHIAJY-UHFFFAOYSA-N,JKJROAPYAHIAJY,PubChem,70683180,22318156
CCS(=O)(=O)NC(=O)C1=C(C=C(C(=C1)C2CC2)OCC3CCN(CC3)C(C)C4=CC(=CC(=C4)Cl)Cl)F,1,IFEGKGXITIRTCE-UHFFFAOYSA-N,IFEGKGXITIRTCE,PubChem,118110762,6331
CN1CCN(c2ccc(C(F)(F)F)cc2Cl)c2ccc(S(=O)(=O)Nc3ncns3)cc21,1,CCKWDPIIKFRNKP-UHFFFAOYSA-N,CCKWDPIIKFRNKP,data_nav_dev,71711239,71711239
C1CC2=C(C(=CC(=C2F)F)F)N(C(=O)[C@@H]1NC(=O)[C@@H](CC3=CC=CC=C3F)NC(=O)C4CC4C(F)(F)F)C5CC5,1,QAODPBVIIKWOJH-OKZNBEIPSA-N,QAODPBVIIKWOJH,PubChem,73352027,23652221
CC(C1=CC(=CC(=C1)F)F)N2CCC(CC2)COC3=CC(=C(C=C3C4CC4)C(=O)NS(=O)(=O)C)F,1,TXWCGOIFALQYHQ-UHFFFAOYSA-N,TXWCGOIFALQYHQ,PubChem,118111145,6331
CS(=O)(=O)NC(=O)C1=C(C=C(C(=C1)C2CC2)CN3CCC(CC3)OC4=C(C=C(C=C4)F)Cl)F,1,ZJWOJRMCJDOAHI-UHFFFAOYSA-N,ZJWOJRMCJDOAHI,PubChem,126715172,6331
O=C(NC1CC(F)(F)C1)c1ccc2cc(Oc3ccc(C(F)(F)F)cn3)ccc2n1,0,IXIAWXRFUMXMQT-UHFFFAOYSA-N,IXIAWXRFUMXMQT,CUPID,CUPID,
CC(NC(=O)c1c(CN2CCC(N3CCCCC3)CC2)c(-c2cccc(C(F)(F)F)c2)nc2ccccc12)c1ccccc1,0,CPDKCWNAYYOWLG-UHFFFAOYSA-N,CPDKCWNAYYOWLG,CUPID,CUPID,
C1CN(CCC1OC2=NC(=NC3=C2C=CN3CC4=CC=CC=C4)C(F)(F)F)CC5=CSC=N5,1,MIQLGALOHDCCLT-UHFFFAOYSA-N,MIQLGALOHDCCLT,PubChem,70691581,22318156
O=C1c2cc(-c3ccc(OC(F)(F)F)cc3)ccc2OCCN1CCNS(=O)(=O)C1CC1,1,VCLXRLYZVCWRIV-UHFFFAOYSA-N,VCLXRLYZVCWRIV,data_nav_dev,CHEMBL3976281,
Cn1nccc1-c1cc(Cl)ccc1Oc1cc(F)c(S(=O)(=O)Nc2cscn2)cc1Cl,0,WAHPFNHELVVPSZ-UHFFFAOYSA-N,WAHPFNHELVVPSZ,CUPID,CUPID,
CN1C2=C(C=CC(=C2)C3=CC=CC=C3OCC(C(F)(F)F)(F)F)C(=N1)NCCCO,0,BJRPEYLEYXHAHA-UHFFFAOYSA-N,BJRPEYLEYXHAHA,PubChem,122574524,6331
COc1cnc(-c2ccc(Cl)cc2CCNC(=O)c2ccc(COCC(F)(F)F)nc2)cn1,0,RUGNJDOOGDMCOZ-UHFFFAOYSA-N,RUGNJDOOGDMCOZ,CUPID,CUPID,
CN([C@H]1CCN(C1)CC2=CC=CC=C2)C3=C(C=C(C=C3)S(=O)(=O)NC4=NC=CS4)Cl,0,WOVKYJCOVPVJEK-KRWDZBQOSA-N,WOVKYJCOVPVJEK,PubChem,132141745,6331
CC1=CC=CC=C1OC2=CC(=C(C=C2)C3=NC=CC4=C3C=CC(=C4)S(=O)(=O)NC5=NC=NC=C5)OC,0,MHPXXOMACGPPJM-UHFFFAOYSA-N,MHPXXOMACGPPJM,PubChem,121333985,6331
CC1(CCN(CC1)C2=NC=C(C(=C2)C(F)(F)F)Cl)COC3=CC(=C(C=C3C4CC4)C(=O)NS(=O)(=O)C)F,1,WKRWUEJFYAVPIB-UHFFFAOYSA-N,WKRWUEJFYAVPIB,PubChem,118120439,6331
CS(=O)(=O)n1cc2c(n1)CN(C1COC(c3cc(F)ccc3F)C(N)C1)C2,0,MKMPWKUAHLTIBJ-UHFFFAOYSA-N,MKMPWKUAHLTIBJ,CUPID,CUPID,
CCCCOc1ccc(C(=O)N[C@@H]2COc3cccc(N4CCN(C)CC4)c3C2)cc1,1,FJRDLZMPXZFWKP-FQEVSTJZSA-N,FJRDLZMPXZFWKP,data_nav_dev,53802926,53802926
CN1C(=CC=N1)C2=C(C=CC(=C2)C(F)(F)F)[C@H]3CCOC4=C3C=CC(=C4)S(=O)(=O)NC5=C(N=CC=C5)F,0,KDJHNMAQYXPURV-GOSISDBHSA-N,KDJHNMAQYXPURV,PubChem,126668882,6331
CCN=C1NC2C(OC(CO)C(O)C2OC)S1,0,JRZSXVZVOPYSIU-UHFFFAOYSA-N,JRZSXVZVOPYSIU,CUPID,CUPID,
COc1cc(C#N)ccc1N1CCOc2cc(S(=O)(=O)Nc3nccs3)c(F)cc21,1,SBPVURWDCDIEEE-UHFFFAOYSA-N,SBPVURWDCDIEEE,data_nav_dev,CHEMBL3920827,
CC(C)COc1ncc(-c2cn(C)c3cc(C(=O)NS(C)(=O)=O)ccc23)cc1C#N,0,NSCWVFCGCPIMTE-UHFFFAOYSA-N,NSCWVFCGCPIMTE,CUPID,CUPID,
CS(=O)(=O)CCC1=C(C=CC(=C1)C(F)(F)F)[C@@H]2CCOC3=C2C=CC(=C3)S(=O)(=O)NC4=NC=CC=N4,0,SWNUWSDPYHJVQC-IBGZPJMESA-N,SWNUWSDPYHJVQC,PubChem,126650585,6331
C1C[C@H]2CC(C[C@@H]1N2CC3=CC(=CC=C3)Cl)OC4=CC(=C(C=C4Cl)S(=O)(=O)NC5=NC=CS5)F,0,OOXJSUBUGHJYGL-JWTNVVGKSA-N,OOXJSUBUGHJYGL,PubChem,132142471,6331
O=S(=O)(Nc1ncns1)c1cc(F)c(OC2OCCNC2c2ccc(C(F)(F)F)cc2)cc1F,0,SOKFLWCZUBZWKW-UHFFFAOYSA-N,SOKFLWCZUBZWKW,CUPID,CUPID,
CC1=C(C(=C(C=C1)Cl)OC2=C(C=C(C=N2)C3=CC(=C(C=C3C)C(=O)NS(=O)(=O)C)F)Cl)F,0,CRSRMEJVOWZGCF-UHFFFAOYSA-N,CRSRMEJVOWZGCF,PubChem,122422370,6331
CN1CCOC2=C1C=C(C=C2)C(=O)N3CCC4(CC3)C5=CC=CN5C6=C(N4)C=C(C=C6)OC,1,YLULYCIEBXPWQL-UHFFFAOYSA-N,YLULYCIEBXPWQL,PubChem,118714781,25288187
CC1CN(CC(Cc2ccccc2)C(=O)NCC(=O)O)CCC1(C)c1cccc(O)c1,0,UPNUIXSCZBYVBB-UHFFFAOYSA-N,UPNUIXSCZBYVBB,CUPID,CUPID,
Cc1ncc(-c2ccccc2CCNC(=O)c2cnc(OCCOCC(F)(F)F)c(C)c2)cn1,0,DZZDGFAFADZZQZ-UHFFFAOYSA-N,DZZDGFAFADZZQZ,CUPID,CUPID,
CS(=O)(=O)NC(=O)C1=C(C=C(C(=C1)C2CC2)CN3CCO[C@H](C3)CC4=CC(=C(C=C4)Cl)Cl)F,1,SQHCXAPOOMTODU-KRWDZBQOSA-N,SQHCXAPOOMTODU,PubChem,118111004,6331
CC1=CC(=C(C=C1N(C)[C@H]2CCN(C2)CC3=CC=CC=C3)F)S(=O)(=O)NC4=NSC=C4,0,OZSYKDBMNQAWEN-SFHVURJKSA-N,OZSYKDBMNQAWEN,PubChem,132141342,6331
COc1cnc(N2CCOc3cc(S(=O)(=O)Nc4nccs4)ccc32)c(OC)n1,1,GCOUREDAMVQUNP-UHFFFAOYSA-N,GCOUREDAMVQUNP,data_nav_dev,89761663,89761663
C1CC1C2=CC(=C(C=C2OCC3CCN(CC3)CC4=C(C(=CC(=C4)C(F)(F)F)Cl)F)F)C(=O)NS(=O)(=O)C5CC5,1,CYVICQCUAYMJDA-UHFFFAOYSA-N,CYVICQCUAYMJDA,PubChem,118120482,6331
COC1=C(C=CC(=C1)C2=CC=CC=C2)C3=NC=CC4=C3C=CC(=C4)S(=O)(=O)NC5=NOC=C5,0,HJGTXRAEZICHTQ-UHFFFAOYSA-N,HJGTXRAEZICHTQ,PubChem,117739462,6331
C[C@H]1CC[C@H]2[C@@]([C@]3([C@H](C[C@]4([C@@H]5CC[C@H]6[C@]7([C@]5(C[C@]4([C@@H]3CN2C1)O)O[C@@]6([C@H](CC7)OC(=O)C8=CC(=C(C=C8)OC)OC)O)C)O)O)O)(C)O,1,FVECELJHCSPHKY-YFUMOZOISA-N,FVECELJHCSPHKY,PubChem,6280,2154667
CC1=C(C=CC=C1NC(=O)C)NC2=NC(=NC=N2)N3CCC(CC3)OCC4=CC=C(C=C4)OC(F)(F)F,1,QLKAFHZJICDACE-UHFFFAOYSA-N,QLKAFHZJICDACE,PubChem,53361524,21634377
COCCCOC1=C(C=CC(=C1)C(F)(F)F)[C@@H]2CCOC3=C2C=CC(=C3)S(=O)(=O)NC4=NC=CC=N4,0,RXBGIMNIHZXVBM-SFHVURJKSA-N,RXBGIMNIHZXVBM,PubChem,126650536,6331
C1CC2(CCC1CCNC3=CC(=C(C=C3Cl)S(=O)(=O)NC4=NC=CS4)F)OCCO2,1,SENAOMYFFSVELZ-UHFFFAOYSA-N,SENAOMYFFSVELZ,PubChem,137658779,28818462
COC1=C(C=C(C(=C1)C2=CC=C(C=C2)C(F)(F)F)C#N)C3=NC=CC4=C3C=CC(=C4)S(=O)(=O)NC5=NC=NC=C5,0,OQLSQVZPOVDZDM-UHFFFAOYSA-N,OQLSQVZPOVDZDM,PubChem,121333864,6331
Cn1cc(-c2cccnc2)c2ccc(S(=O)(=O)Nc3ncns3)cc21,1,SHPXAWZPNJIJGI-UHFFFAOYSA-N,SHPXAWZPNJIJGI,data_nav_dev,71259357,71259357
CC1=CC(=C(C=C1N(C)[C@H]2CCN(C2)CC3=CC=CC=C3)F)S(=O)(=O)NC4=NC=C(C=C4)F,0,VZCNXUWHCLMKQD-FQEVSTJZSA-N,VZCNXUWHCLMKQD,PubChem,132142317,6331
C1CN(C1)S(=O)(=O)NC(=O)C2=C(C=C(C(=C2)C3CC3)OCC4CCN(CC4)C(C5=CC=C(C=C5)F)C6=CC=C(C=C6)F)F,1,UUYBPWNOSQSJHQ-UHFFFAOYSA-N,UUYBPWNOSQSJHQ,PubChem,118120292,6331
N#CCCC1(c2ccccc2)CCCN(C(=O)Nc2ccc(Cl)cc2)C1,1,PLHSBHYVGMRRQD-UHFFFAOYSA-N,PLHSBHYVGMRRQD,data_nav_dev,CHEMBL1078755,
Cn1nccc1-c1cc(C(F)(F)F)ccc1[C@H]1CCOc2cc(S(=O)(=O)Nc3ccc(F)cn3)ccc21,1,SVWTUBWGCQRICJ-LJQANCHMSA-N,SVWTUBWGCQRICJ,data_nav_dev,CHEMBL4633814,
COC1=C(C=CC(=C1)C2=CC=CC=C2)C3=NC=CC4=C3C=CC(=C4)S(=O)(=O)NC5=NN=CS5,0,PBNWUTWRDGBOKL-UHFFFAOYSA-N,PBNWUTWRDGBOKL,PubChem,117740106,6331
COC1=NC=C(N=C1)C2=C(C(=CC=C2)F)C(CNC(=O)C3=CN=C(C=C3)COCC(F)(F)F)(F)F,1,VLTNDUTWQAZZNQ-UHFFFAOYSA-N,VLTNDUTWQAZZNQ,PubChem,71461830,22939696
CC1=CC(=CC(=C1)F)C2=CC(=C(C=C2C#N)C3=NC=CC4=C3C=CC(=C4)S(=O)(=O)NC5=NC=NC=C5)OC,0,GZAUPKFZFIMWRG-UHFFFAOYSA-N,GZAUPKFZFIMWRG,PubChem,121333914,6331
O=S(=O)(Nc1nccs1)c1ccc2c(c1)OCCN2c1ccc(C(F)(F)F)cc1CC(O)CO,1,NGDMDSQQEVAVIN-UHFFFAOYSA-N,NGDMDSQQEVAVIN,data_nav_dev,CHEMBL3944229,
COc1cc(C(=O)NS(C)(=O)=O)ccc1-c1cnc(OCC(C)C)c(Cl)c1,0,IAWNWMDZDAMTKU-UHFFFAOYSA-N,IAWNWMDZDAMTKU,CUPID,CUPID,
CS(=O)(=O)NC(=O)C1=C(C=C(C(=C1)C2CC2)OCC3CCN(CC3)CC4=CC(=C(C=C4F)Br)F)F,1,PDJHPFGJNBYHNZ-UHFFFAOYSA-N,PDJHPFGJNBYHNZ,PubChem,118120785,6331
Cn1cc(-c2ccc(C(F)(F)F)cc2C2=CCNCC2)c2ccc(S(=O)(=O)Nc3nccs3)cc21,1,ONJGBZBANVUIIM-UHFFFAOYSA-N,ONJGBZBANVUIIM,data_nav_dev,CHEMBL3704454,
C1COC2=C([C@@H]1C3=C(C=C(C=C3)C(F)(F)F)N4C=CN=N4)C=CC(=C2)S(=O)(=O)NC5=NC=NC=C5,0,DJHZXMRGQMOADC-INIZCTEOSA-N,DJHZXMRGQMOADC,PubChem,126650270,6331
CCC(=N\O)/C(C)=C/c1ccc(F)cc1,1,HKROEBDHHKMNBZ-CHBKHGQFSA-N,HKROEBDHHKMNBZ,data_nav_dev,CHEMBL3697701,
CC1=CC(=NC=C1)CN2CCC(CC2)OC3=NC=NC4=C3C=CN4CC5=CC=CC=C5,1,INMXDYHKDXGDPC-UHFFFAOYSA-N,INMXDYHKDXGDPC,PubChem,70689475,22318156
O=C(NCc1ccc(OC(F)(F)F)cc1)c1c2ccccc2c(O)n1CC1CCCO1,0,OBSGXIXCSOYQBI-UHFFFAOYSA-N,OBSGXIXCSOYQBI,CUPID,CUPID,
C1CN(CCC1OC2=NC=NC3=C2C=CN3CC4=C(C(=CC=C4)C(F)(F)F)F)CC5=CSC=N5,1,HAYGNNHVUSBUBN-UHFFFAOYSA-N,HAYGNNHVUSBUBN,PubChem,70683184,22318156
COc1ccc(N2CCOc3cc(S(=O)(=O)Nc4nccs4)ccc32)cc1OC,1,PCZYFTWNHASLMV-UHFFFAOYSA-N,PCZYFTWNHASLMV,data_nav_dev,CHEMBL3949608,
CC1=CC(=C(C=C1N(C)[C@H]2CCN(C2)C3CC(C3)C4=CC=CC=C4)F)S(=O)(=O)NC5=CSC=N5,1,CTHPLXSKXVTVMI-KBWCOIMZSA-N,CTHPLXSKXVTVMI,PubChem,132141584,6331
CC1(CCOc2cc(F)c(S(=O)(=O)Nc3ncns3)cc2F)CCC(N)CC1,0,FKGBDYKCOHLSSI-UHFFFAOYSA-N,FKGBDYKCOHLSSI,CUPID,CUPID,
C[C@H](C1=CC=CC=C1)N2CCC(CC2)OC3=C(C=C(C=C3)S(=O)(=O)NC4=NOC=C4)Cl,0,FBEYCCRGYCPRBC-MRXNPFEDSA-N,FBEYCCRGYCPRBC,PubChem,132141566,6331
C1COC2=C([C@H]1C3=C(C=C(C=C3)C(F)(F)F)N4CCOC4=O)C=CC(=C2)S(=O)(=O)NC5=NC(=CC=C5)F,0,JBNPBVSZMZWYKQ-MRXNPFEDSA-N,JBNPBVSZMZWYKQ,PubChem,126668827,6331
C1C(CN1)CC2=NC3=C(C=C(C=C3N2)C(F)(F)F)C(F)(F)F,0,QFCUYPXSZRMBEH-UHFFFAOYSA-N,QFCUYPXSZRMBEH,PubChem,60194666,6331
C[C@@H]1CN(S(=O)(=O)C2=CC=CC=C2O1)CC3=C(C=CC(=C3)[C@H](CC(=O)O)C4=CC5=C(C(=C4)OC)N(N=N5)C)C,0,ZDNGJXBUEQNFBQ-GCJKJVERSA-N,ZDNGJXBUEQNFBQ,PubChem,118170767,27031670
O=S(=O)(Nc1nccs1)c1ccc2c(c1)OCCN2c1ccc(C(F)(F)F)nc1,1,WZNLAFQIYMDZMY-UHFFFAOYSA-N,WZNLAFQIYMDZMY,data_nav_dev,89761794,89761794
Cc1cnc(-c2cccc3c2CC(NC(=O)c2ccc(COCC(F)(F)F)nc2)CO3)cn1,0,BTZNGISWSFYCTA-UHFFFAOYSA-N,BTZNGISWSFYCTA,CUPID,CUPID,
O=S(=O)(Nc1ncccn1)c1ccc2c(c1)OCCN2c1ccc(C(F)(F)F)cc1C1=CCNCC1,1,VEPOUAJAHSNKFB-UHFFFAOYSA-N,VEPOUAJAHSNKFB,data_nav_dev,71711693,71711693
COc1cc2nnc(C(N)=O)c(Nc3ccc(C)cc3F)c2cc1C1CCN(CCO)CC1,0,GFWISHMJFARXKB-UHFFFAOYSA-N,GFWISHMJFARXKB,CUPID,CUPID,
O=C(Cc1ncccn1)N1CCOc2ccc(-c3ccc(C(F)(F)F)cc3)cc2C1,1,KMOUVQLYURRDIU-UHFFFAOYSA-N,KMOUVQLYURRDIU,data_nav_dev,CHEMBL3963949,
CC1(CCCC(C1)C2=CN(C3=C2C=CC(=C3)C(=O)NS(=O)(=O)C4CC4)C)C,1,BZNCOYYCBYWLHU-UHFFFAOYSA-N,BZNCOYYCBYWLHU,PubChem,155563772,30638874
O=S(=O)(Nc1ncns1)c1ccc2c(-c3ccc(C(F)(F)F)cc3-c3cn[nH]c3)nccc2c1,0,BVGUTXSMXUQKHD-UHFFFAOYSA-N,BVGUTXSMXUQKHD,CUPID,CUPID,
COC[C@@H](C1=CC(=C(C=C1)F)Cl)N2CCC(CC2)COC3=CC(=C(C=C3C4CC4)C(=O)NS(=O)(=O)C)F,1,WHVCUTYOIICUIK-DEOSSOPVSA-N,WHVCUTYOIICUIK,PubChem,118110918,6331
O=S(=O)(Nc1nccs1)c1ccc2c(c1)OCCN2c1ncc(F)cc1F,1,TVLJBXAGJSXECA-UHFFFAOYSA-N,TVLJBXAGJSXECA,data_nav_dev,CHEMBL3983393,
CC1=CC(=C(C=C1C2=C(C=CC(=C2)F)OC)OC)C3=NC=NC4=C3C=CC(=C4)S(=O)(=O)NC5=NOC=C5,0,MAMYEGUNOIDHOG-UHFFFAOYSA-N,MAMYEGUNOIDHOG,PubChem,117740928,6331
O=S(=O)(Nc1ccncn1)c1ccc2c(-c3ccc(C(F)(F)F)cc3C3=CCNCC3)cccc2c1,0,BRVBNTMXWCBWKC-UHFFFAOYSA-N,BRVBNTMXWCBWKC,CUPID,CUPID,
O=S(=O)(Nc1ncns1)c1cc(F)c(OC[C@H]2CNCC[C@@H]2c2ccc(F)c(F)c2)cc1F,1,PMQFDCUYRHLMLM-CHWSQXEVSA-N,PMQFDCUYRHLMLM,data_nav_dev,71558118,71558118
Cc1cnc(NS(=O)(=O)c2cc(Cl)c(NCC34CCCN3CCC4)cc2F)s1,0,RNQZZJGFWUFCFM-UHFFFAOYSA-N,RNQZZJGFWUFCFM,CUPID,CUPID,
O=C(NCc1ccc(OC(F)(F)F)cc1)C1c2ccccc2C(=O)N1C[C@@H]1CCCO1,0,ADTJNFNFTUUFIJ-UCFFOFKASA-N,ADTJNFNFTUUFIJ,data_nav_dev,CHEMBL2164372,
Nc1nc2c(s1)CC(NC(=O)c1cc(Br)c[nH]1)CC2,0,FSDKHDIOBLPZEK-UHFFFAOYSA-N,FSDKHDIOBLPZEK,CUPID,CUPID,
CN1C2=C(C=CC(=C2)C3=C(C(=CC=C3)F)OC(F)F)C(=N1)N,0,NSNSHDIBQQUGPI-UHFFFAOYSA-N,NSNSHDIBQQUGPI,PubChem,122574404,6331
CC(C)COc1ncc(-c2cn(CC(C)C)c3cc(C(=O)NS(=O)(=O)C4CC4)ccc23)cc1Cl,0,HVXQJYRIBICXNC-UHFFFAOYSA-N,HVXQJYRIBICXNC,CUPID,CUPID,
CC1=C(C(=C(C=C1OC2CCN(CC2)CC3=CC=CC=C3)F)S(=O)(=O)NC4=NC=CS4)F,0,WQGPQUMVHUYHOR-UHFFFAOYSA-N,WQGPQUMVHUYHOR,PubChem,132141417,6331
O=c1n(Cc2noc(CO)n2)nc2ccc(-c3ccc(Oc4ccc(F)cc4)cc3)cn12,0,DTAYFBAOZRTZFV-UHFFFAOYSA-N,DTAYFBAOZRTZFV,CUPID,CUPID,
COc1ccc(-c2cn(C)c3cc(S(=O)(=O)Nc4ncns4)ccc23)cc1C#N,1,OGKJFONOSYXOGI-UHFFFAOYSA-N,OGKJFONOSYXOGI,data_nav_dev,71259782,71259782
CN1C(=C(C(=N1)C(F)(F)F)CN2CCC(CC2)COC3=CC(=C(C=C3C4CC4)C(=O)NS(=O)(=O)C5CC5)F)Cl,1,HBYPLMPPHBGEDI-UHFFFAOYSA-N,HBYPLMPPHBGEDI,PubChem,118120299,6331
C1COC(C(N1)C2=CC(=C(C=C2)Cl)Cl)OC3=CC(=C(C=C3F)S(=O)(=O)NC4=NC=NS4)F,1,HZXKYOMFVBZNGK-UHFFFAOYSA-N,HZXKYOMFVBZNGK,PubChem,145975892,29439904
CC1=C(C(=C(C=C1)F)CCNC(=O)C2=CN=C(C=C2)OCCC(F)(F)F)C3=CN=C(N=C3)OC,1,YUNNMYFFOLAHHL-UHFFFAOYSA-N,YUNNMYFFOLAHHL,PubChem,71456412,22939696
COC1=NC=C(N=C1)C2=CC=CC=C2CCNC(=O)C3=CN=C(C=C3)OCCC(F)(F)F,1,DASYNINSCRABIO-UHFFFAOYSA-N,DASYNINSCRABIO,PubChem,71449283,22939696
C1COC(C(N1)C2=C(C=C(C=C2)Cl)Cl)OC3=CC(=C(C=C3F)S(=O)(=O)NC4=NC=NS4)F,1,FWOFOQXHCXPWFC-UHFFFAOYSA-N,FWOFOQXHCXPWFC,PubChem,145967129,29439904
CS(=O)(=O)NC(=O)C1=C(C=C(C(=C1)C2CC2)O[C@H]3CCCN(C3)CC4=C(C=C(C=C4)F)Cl)F,1,OZAYOHJGXLWETR-KRWDZBQOSA-N,OZAYOHJGXLWETR,PubChem,118120347,6331
CN(C)c1ccnc(CN2CCOc3ccc(-c4ccc(OC(F)(F)F)cc4)cc3C2=O)n1,1,PWQOYPGKBUBDKR-UHFFFAOYSA-N,PWQOYPGKBUBDKR,data_nav_dev,CHEMBL3919653,
CC1=C(C=C(C=C1)OC2=C(C=C(C=N2)C3=CC(=C(C=C3C)C(=O)NS(=O)(=O)C)F)Cl)F,1,UKRLRECBBHMSJK-UHFFFAOYSA-N,UKRLRECBBHMSJK,PubChem,117993908,6331
CNC1CCC(CCOc2cc(F)c(S(=O)(=O)Nc3ncns3)cc2F)(c2ccccc2)CC1,0,GVJVTZIRACSJPP-UHFFFAOYSA-N,GVJVTZIRACSJPP,CUPID,CUPID,
C1=CC=NC(=C1)C2=C(C=CC=C2NC(=O)C3=CC=CC(=C3)C4=C(C=CC=N4)OC(F)F)C(F)(F)F,1,KPHLEZXDKXIWFG-UHFFFAOYSA-N,KPHLEZXDKXIWFG,PubChem,137651969,28684121
Cc1cc(C)cc(NC(=O)c2cncc(-c3ccc(C#N)cc3)c2)c1,0,VAOBPPDVUDDCKB-UHFFFAOYSA-N,VAOBPPDVUDDCKB,CUPID,CUPID,
CC1=CC(=C(C=C1N(C)[C@H]2CCN(C2)CC3=NN4CCCCC4=C3)F)S(=O)(=O)NC5=CSC=N5,0,CNJDHZWCBTZZJF-IBGZPJMESA-N,CNJDHZWCBTZZJF,PubChem,132142007,6331
C[C@@H](C1=CC(=CC(=C1)Cl)Cl)N2CC(C2)COC3=CC(=C(C=C3C4CC4)C(=O)NS(=O)(=O)C)F,1,CQNROXJZTLLINO-ZDUSSCGKSA-N,CQNROXJZTLLINO,PubChem,118111176,6331
CC1=CC(=C(C=C1C2=CC(=C(N=C2)OC3=CC(=C(C=C3)Cl)Cl)Cl)F)C(=O)NS(=O)(=O)C,0,GATWNMLQMXXBMV-UHFFFAOYSA-N,GATWNMLQMXXBMV,PubChem,122422429,6331
CCOc1ccc(N2CCOc3cc(S(=O)(=O)Nc4nccs4)ccc32)cn1,1,KSBUXISPGRKYJZ-UHFFFAOYSA-N,KSBUXISPGRKYJZ,data_nav_dev,89761840,89761840
CN1C(=O)C2=C(C=CC(=C2)S(=O)(=O)NC3=NOC=C3)C(=N1)C4=C(C=C(C(=C4)Cl)C5=CC(=CC(=C5)F)F)OC,0,SDWHHUMFCJHYRK-UHFFFAOYSA-N,SDWHHUMFCJHYRK,PubChem,139208265,6331
COC1=CC=CC(=C1CCNC(=O)C2=CN=C(C=C2)OCCC(F)(F)F)C3=CN=C(N=C3)OC,1,NWLYBHCVXZLMIC-UHFFFAOYSA-N,NWLYBHCVXZLMIC,PubChem,71449284,22939696
CS(=O)(=O)NC(=O)C1=C(C=C(C(=C1)C2CC2)OCC3CN(C3)CC4=CC(=CC(=C4)Cl)Cl)F,1,DUTBELDPUMKBDW-UHFFFAOYSA-N,DUTBELDPUMKBDW,PubChem,118120373,6331
O=C(CN1CCN(c2cccc3c2cnn3-c2ccccc2F)C1=O)N1CCCC1,0,WDZXHUWJTRJVTF-UHFFFAOYSA-N,WDZXHUWJTRJVTF,CUPID,CUPID,
Cn1nccc1-c1cc(C(F)(F)F)ccc1-c1nccc2cc(S(=O)(=O)Nc3ncns3)ccc12,0,QVIPCVYLCZNZIV-UHFFFAOYSA-N,QVIPCVYLCZNZIV,CUPID,CUPID,
CCS(=O)(=O)NC(=O)C1=C(C=C(C(=C1)C2CC2)OCC3(CN(C3)C4=C(C=C(C=N4)C(F)(F)F)Cl)C)F,1,XBMVGKUHNIZGOK-UHFFFAOYSA-N,XBMVGKUHNIZGOK,PubChem,118120524,6331
O=C1c2cc(-c3ccc(OC(F)(F)F)cc3)ccc2OCCN1Cc1nnc(C2CCC2)o1,1,IXAYVXXLVQPBFE-UHFFFAOYSA-N,IXAYVXXLVQPBFE,data_nav_dev,CHEMBL3909139,
CC1(CCN(CC1)CC2=CC(=CC(=C2)Cl)Cl)COC3=CC(=C(C=C3C4CC4)C(=O)NS(=O)(=O)C)F,1,WMAUVGOSBMOBSZ-UHFFFAOYSA-N,WMAUVGOSBMOBSZ,PubChem,118110450,6331
C1=CC(=CC=C1C2=CN3C(=NC=N3)C=C2)OC(F)(F)F,1,WPGPHZLRUDISOQ-UHFFFAOYSA-N,WPGPHZLRUDISOQ,PubChem,66849404,27080178
CC(C)[C@@H]1CCCN1C2=C(C=C(C=N2)C3=C(C=C(C=C3)C(=O)NS(=O)(=O)C)OC)Cl,1,POFCZXSWSQJBSJ-SFHVURJKSA-N,POFCZXSWSQJBSJ,PubChem,122422350,27441383
CC1=CC=C(C=C1)CN2C=CC3=C2N=CN=C3OC4CCN(CC4)CC5=CSC=N5,1,GMNUDKNXDRQFJE-UHFFFAOYSA-N,GMNUDKNXDRQFJE,PubChem,70693670,22318156
CC1=C(C(=NO1)C2=C(C=CC=C2Cl)Cl)NC(=O)OCC3=C(C=CC(=C3)Cl)Cl,1,LJIKVHFKPVRVLA-UHFFFAOYSA-N,LJIKVHFKPVRVLA,PubChem,25204470,21641215
Nc1nc2c(s1)CC(CNC(=O)c1cc3ccccc3[nH]1)CC2,0,ZNAGOGJXYGJLEM-UHFFFAOYSA-N,ZNAGOGJXYGJLEM,CUPID,CUPID,
CC1=C(C=CC(=C1F)S(=O)(=O)NC2=CSC=N2)N(C)[C@H]3CCN(C3)CC4=CC(=CC=C4)C(F)F,0,UYLSTYQQXXDGRK-SFHVURJKSA-N,UYLSTYQQXXDGRK,PubChem,132141311,6331
CC1=C(N=CC=C1)CN2CCC(CC2)OC3=NC=NC4=C3C=CN4CC5=CC=CC=C5,1,TZUOZTCIJCIQGB-UHFFFAOYSA-N,TZUOZTCIJCIQGB,PubChem,70681068,22318156
CN1CCC(CC1)CNC2=NN(C3=C2C=CC(=C3)C4=C(C(=CC=C4)F)OCC(F)(F)F)C,1,CFFIHHXSJBUPBH-UHFFFAOYSA-N,CFFIHHXSJBUPBH,PubChem,135312920,6331
Nc1nc2cc(-c3cc(Cl)ccc3Oc3cc(F)c(S(=O)(=O)Nc4ncns4)cc3F)ccc2[nH]1,1,NLTQZTZBFNPMDH-UHFFFAOYSA-N,NLTQZTZBFNPMDH,data_nav_dev,CHEMBL3617063,
CC(Cc1cc2c(c(C(N)=O)c1)N(CCCO)CC2)NCCOc1ccccc1OCC(F)(F)F,0,PNCPYILNMDWPEY-UHFFFAOYSA-N,PNCPYILNMDWPEY,CUPID,CUPID,
CS(=O)(=O)NC(=O)C1=C(C=C(C(=C1)C2CC2)OCC3CCN(CC3)S(=O)(=O)C4=C(C=C(C=C4)C(F)(F)F)Cl)F,1,CQOUGURSFKSLMF-UHFFFAOYSA-N,CQOUGURSFKSLMF,PubChem,118120543,6331
CC1=C(C=C(C=C1)OC2=CC=CC=C2)C3=NC=CC4=C3C=CC(=C4)S(=O)(=O)NC5=NC=NC=C5,0,LFAGRZYHVSRUJJ-UHFFFAOYSA-N,LFAGRZYHVSRUJJ,PubChem,117753927,6331
C1=CC=C2C(=C1)C(N(C2=O)CCC3=CC=CC=N3)C(=O)NCC4=CC(=CC=C4)OC(F)(F)F,1,FIBXTZWHBIXYFR-UHFFFAOYSA-N,FIBXTZWHBIXYFR,PubChem,44543781,22770500
CC1(CCCN(C1)C(=O)NC2=NOC3=CC=CC=C32)C4=CC=CC=C4,1,RECUJGQMLDHPOK-UHFFFAOYSA-N,RECUJGQMLDHPOK,PubChem,42646450,19682899
Cc1ccc(C(=O)N=C(N)N2CCc3ccccc32)cc1,0,YPVISEZUMCHVIE-UHFFFAOYSA-N,YPVISEZUMCHVIE,CUPID,CUPID,
COc1cc(C(F)F)c(F)cc1-c1nc(C)nc2cc(S(=O)(=O)Nc3nccs3)ccc12,0,FDBFFTMTVDZFKU-UHFFFAOYSA-N,FDBFFTMTVDZFKU,CUPID,CUPID,
NC(=O)N1c2ccccc2C=Cc2ccccc21,0,FFGPTBGBLSHEPO-UHFFFAOYSA-N,FFGPTBGBLSHEPO,CUPID,CUPID,
CS(=O)(=O)NC(=O)C1=C(C=C(C(=C1)C2CC2)OCC3(CN(C3)C(C4=CC=CC=C4)C5=CC=CC=C5)F)F,1,LGOHKZMXBAADMN-UHFFFAOYSA-N,LGOHKZMXBAADMN,PubChem,118120513,6331
CCOc1cc2ncc(C(N)=O)c(Nc3ccc(F)cc3F)c2cc1C1CCN(C)CC1,0,AYGOUVZBEXIJRN-UHFFFAOYSA-N,AYGOUVZBEXIJRN,CUPID,CUPID,
CN([C@H]1CCN(C1)CC2=C(C=CC(=C2)OC)F)C3=CC(=C(C=C3Cl)S(=O)(=O)NC4=CSC=N4)F,1,UUPGUIFCQKWUEW-HNNXBMFYSA-N,UUPGUIFCQKWUEW,PubChem,132141358,6331
COc1ccc(C)nc1N1CCOc2cc(S(=O)(=O)Nc3nccs3)ccc21,1,TWVRPQLFNIYKDN-UHFFFAOYSA-N,TWVRPQLFNIYKDN,data_nav_dev,89761705,89761705
CS(=O)(=O)NC(=O)C1=C(C=C(C(=C1)C2CC2)OCC3CCN(CC3)CC4=CC(=C(C=C4)F)C(F)(F)F)F,1,QEQUMUCQZCHHBH-UHFFFAOYSA-N,QEQUMUCQZCHHBH,PubChem,118110820,6331
Cn1ccc(CN2CCOc3ccc(-c4ccc(OC(F)(F)F)cc4)cc3C2=O)n1,1,MKAAVFTTYURDPX-UHFFFAOYSA-N,MKAAVFTTYURDPX,data_nav_dev,CHEMBL3950515,
C1COC2=C([C@@H]1C3=C(C=C(C=C3)C(F)(F)F)OC4CCOCC4)C=CC(=C2)S(=O)(=O)NC5=NC=C(C=N5)F,0,SESRDZGPEWHXNE-LJQANCHMSA-N,SESRDZGPEWHXNE,PubChem,126650555,6331
CC(CC(=O)O)c1cccc(-n2c(C(N)=O)cc3ccc(OC(F)(F)F)cc32)n1,0,FWKHYTJUMWATOO-UHFFFAOYSA-N,FWKHYTJUMWATOO,CUPID,CUPID,
CC1=CC(=C(C=C1N(C)[C@H]2CCN(C2)CC3=NC(=CO3)C)F)S(=O)(=O)NC4=CSC=N4,0,YZAOPSMSRVIYJT-HNNXBMFYSA-N,YZAOPSMSRVIYJT,PubChem,132141399,6331
C1=CC=C(C(=C1)C2=CC3=C(C=C2)C(=NN3CCCO)N)OC(F)(F)F,0,FHVSRSDIPCEMEI-UHFFFAOYSA-N,FHVSRSDIPCEMEI,PubChem,122574423,6331
COc1cc(C(F)F)ccc1-c1nc(C)nc2cc(S(=O)(=O)Nc3nccs3)ccc12,0,XMJADJVSVPWRAA-UHFFFAOYSA-N,XMJADJVSVPWRAA,CUPID,CUPID,
Cc1onc(-c2c(Cl)cccc2Cl)c1CC(=O)NCc1ccc(OCC(F)(F)F)nc1,0,SOEIDCOJJGHLKZ-UHFFFAOYSA-N,SOEIDCOJJGHLKZ,CUPID,CUPID,
CS(=O)(=O)NC(=O)C1=C(C=C(C(=C1)C2CC2)OCC3CCN(CC3)C(C4=C(C=C(C=C4)F)Cl)C(F)(F)F)F,1,BNHLIATWSNXZTC-UHFFFAOYSA-N,BNHLIATWSNXZTC,PubChem,118120269,6331
CN1C2=C(C=CC(=C2)C3=C(C=CC=C3F)OCC(C(F)(F)F)(F)F)C(=N1)N,0,CBKOHSJBPDGLBC-UHFFFAOYSA-N,CBKOHSJBPDGLBC,PubChem,122574401,6331
CC1=CC=C(C=C1)CN2CCC[C@H](C2)OC3=CC(=C(C=C3C4CC4)C(=O)NS(=O)(=O)C5CC5)F,1,VYVJLDWIUPFRMC-HXUWFJFHSA-N,VYVJLDWIUPFRMC,PubChem,118111393,6331
NC1(Cc2nc(-c3ccc(OC(F)(F)F)cc3)c[nH]2)COC1,0,QMSYRAZMYGWQJB-UHFFFAOYSA-N,QMSYRAZMYGWQJB,CUPID,CUPID,
CCn1nnc(CN2CCN(C(=O)c3ccc(CC4CCC(C(O)c5ccccc5)N4)cc3)CC2)n1,0,YTJGHXTUOUBWHF-UHFFFAOYSA-N,YTJGHXTUOUBWHF,CUPID,CUPID,
C1=CC=C(C(=C1)CCNC(=O)C2=CN=C(C=C2)OCCC(F)(F)F)C3=CN=CC=C3,1,LZKLBAZPICSBPE-UHFFFAOYSA-N,LZKLBAZPICSBPE,PubChem,71452899,22939696
C[C@@H](C1=CC(=CC(=C1)Cl)F)N2CCC(CC2)COC3=CC(=C(C=C3C4CC4)C(=O)NS(=O)(=O)C)F,1,OCUQANFWZAMQKA-HNNXBMFYSA-N,OCUQANFWZAMQKA,PubChem,118110950,6331
CC1=C(C=CC(=C1)OC(F)(F)F)C2=CN3C(=NN=C3C(F)(F)F)C=C2,1,DXDBYFBPUJZHDW-UHFFFAOYSA-N,DXDBYFBPUJZHDW,PubChem,87178530,27080178
O=S(=O)(Nc1cnccn1)c1ccc2c(c1)OCCN2c1ccc(C(F)(F)F)cc1C1=CCNCC1,1,BGUFQRBNZSKULL-UHFFFAOYSA-N,BGUFQRBNZSKULL,data_nav_dev,CHEMBL3966862,
CC(C)(C)OC(=O)N1CCN(C1=O)C2=CC=CC3=C2C=NN3C4=CC=CC=C4F,1,WGXUOYQUTHHSEZ-UHFFFAOYSA-N,WGXUOYQUTHHSEZ,PubChem,118937913,27015369
CS(=O)(=O)NC(=O)C1=C(C=C(C(=C1)C2CC2)OCC3CCN(CC3)CC4=CC(=C(C=C4)Cl)F)F,1,XIMWGAYQBHYLSU-UHFFFAOYSA-N,XIMWGAYQBHYLSU,PubChem,118110723,6331
Cc1cn(-c2cc(C(F)(F)F)ccc2-c2cccc3c2CCN(S(=O)(=O)Nc2ncc(F)s2)C3)cn1,1,MVOYXQLNULAYDH-UHFFFAOYSA-N,MVOYXQLNULAYDH,data_nav_dev,CHEMBL3683254,
N#Cc1cc(-c2ccccc2F)ccc1N1CCOc2cc(S(=O)(=O)Nc3nccs3)ccc21,1,ULDFOMIOZLCSHC-UHFFFAOYSA-N,ULDFOMIOZLCSHC,data_nav_dev,89762621,89762621
CC(C)NCC(COC1=CC=CC2=CC=CC=C21)O,1,AQHHHDLHHXJYJD-UHFFFAOYSA-N,AQHHHDLHHXJYJD,PubChem,4946,21300721
Cn1nccc1-c1cc(Cl)ccc1-c1cccc2cc(S(=O)(=O)Nc3ncns3)ccc12,0,RDHMFRCHYGEPET-UHFFFAOYSA-N,RDHMFRCHYGEPET,CUPID,CUPID,
Cc1cc(C(=O)N2CCOc3ccc(-c4ccc(OC(F)(F)F)cc4)cc3C2)nn1C,1,ZKEGCURMIODYSU-UHFFFAOYSA-N,ZKEGCURMIODYSU,data_nav_dev,CHEMBL3923517,
C1CC2(CCCN2C1)CNC3=CC(=C(C=C3Cl)S(=O)(=O)NC4=NC=NS4)F,1,QJPLTUQPUCZJMX-UHFFFAOYSA-N,QJPLTUQPUCZJMX,PubChem,91799666,28389149
COC1=C(C=CC(=C1)C(F)(F)F)N2CCOC3=C2C=CC(=C3)S(=O)(=O)NC4=NC=CS4,1,CFWANNDTQNLLHL-UHFFFAOYSA-N,CFWANNDTQNLLHL,PubChem,89761779,28324649
C1CNCC=C1C2=C(C=CC(=C2)C(F)(F)F)N3CCOC4=C3C=CC(=C4)S(=O)(=O)NC5=NC=NC=C5,1,FQJDSGMAKKSCMD-UHFFFAOYSA-N,FQJDSGMAKKSCMD,PubChem,89761742,28629594
O=C(NCc1ccc(OC(F)(F)F)cc1)c1c2c(O)cccc2c(O)n1CCc1ccccn1,0,VWYYPEDLDCUHNO-UHFFFAOYSA-N,VWYYPEDLDCUHNO,CUPID,CUPID,
COC1=NC(=C(C=C1C2=NC=CC3=C2C=CC(=C3)S(=O)(=O)NC4=NN=CS4)Cl)N5CCC(C5)(F)F,0,TWJAZCMPDKQSKQ-UHFFFAOYSA-N,TWJAZCMPDKQSKQ,PubChem,139208269,6331
COC1=C(C=C(C(=C1)C2=CC=C(C=C2)C(F)(F)F)C#N)C3=NC=CC4=C3C=CC(=C4)S(=O)(=O)NC5=NOC=C5,0,FLUFTBDMOMOUCA-UHFFFAOYSA-N,FLUFTBDMOMOUCA,PubChem,121333852,6331
COc1cc(-c2ccc(C)c(C)c2)ccc1-c1nccc2cc(S(=O)(=O)Nc3ccncn3)ccc12,0,WQSOJMSBQYNDEY-UHFFFAOYSA-N,WQSOJMSBQYNDEY,CUPID,CUPID,
COC1=C(C=CC(=N1)NC2CCCCC2)C3=NC=CC4=C3C=CC(=C4)S(=O)(=O)NC5=NC=NC=C5,0,RTIPDOAAFVZIJD-UHFFFAOYSA-N,RTIPDOAAFVZIJD,PubChem,121333893,6331
C1=C(C=C2C(=C1C(F)(F)F)N=C(N2)CCN)C(F)(F)F,0,ZAZIFMFMKQRWEX-UHFFFAOYSA-N,ZAZIFMFMKQRWEX,PubChem,60194671,6331
O=S(=O)(Nc1nccs1)c1ccc2c(c1)OCCN2c1cc(Cl)ccc1Cl,1,NUQYRGDJLRTYKO-UHFFFAOYSA-N,NUQYRGDJLRTYKO,data_nav_dev,CHEMBL3978865,
C1C[C@H](CN(C1)CC2=CC(=CC(=C2)Cl)Cl)OC3=CC(=C(C=C3C4CC4)C(=O)NS(=O)(=O)C5CC5)F,1,VTXDKIKWVYIKOF-LJQANCHMSA-N,VTXDKIKWVYIKOF,PubChem,118111043,6331
O=S(=O)(Nc1ncns1)N1CCc2c(cccc2-c2ccc(C(F)(F)F)cc2-n2ccnc2)C1,1,MYLRVYUECLKROG-UHFFFAOYSA-N,MYLRVYUECLKROG,data_nav_dev,71736588,71736588
O=C1c2cc(-c3ccc(OC(F)(F)F)cc3)ccc2OCCN1Cc1ccccc1F,1,VSODYUZPJLUWIF-UHFFFAOYSA-N,VSODYUZPJLUWIF,data_nav_dev,CHEMBL3966947,
O=S(=O)(Nc1cscn1)c1cc(Cl)c(Oc2ccc(C(F)(F)F)cc2-c2ccnnc2)cc1F,0,BZHXHYQSHOIRAH-UHFFFAOYSA-N,BZHXHYQSHOIRAH,CUPID,CUPID,
CC1=C(C(=C(C=C1N(C)[C@H]2CCN(C2)CC3=C(C(=CC=C3)F)F)F)S(=O)(=O)NC4=CSC=N4)F,0,KKALBNJTIFZMBP-HNNXBMFYSA-N,KKALBNJTIFZMBP,PubChem,132141338,6331
C=c1c(C(=O)NCCN(CC)CC)c(C)[nH]c1=Cc1c(O)[nH]c2ccc(F)cc12,0,MAXXXDSMDPPTEE-UHFFFAOYSA-N,MAXXXDSMDPPTEE,CUPID,CUPID,
O=S(=O)(Nc1ncc(F)s1)N1CCc2c(cccc2-c2ccc(C(F)(F)F)cc2-n2ccnc2)C1,1,NPFHACFATXIJEM-UHFFFAOYSA-N,NPFHACFATXIJEM,data_nav_dev,71736738,71736738
O=S(=O)(Nc1cccc(F)n1)c1cc(Cl)c(NCC23CCCN2CCC3)cc1F,0,DGRMYFOOKNVOCV-UHFFFAOYSA-N,DGRMYFOOKNVOCV,CUPID,CUPID,
COc1ccc(-c2cccc(F)c2)cc1-c1nccc2cc(S(=O)(=O)Nc3ccncn3)ccc12,0,OACGJAIZFQFRCL-UHFFFAOYSA-N,OACGJAIZFQFRCL,CUPID,CUPID,
COC1=CC(=CC=C1)OC2=CC(=C(C=C2)C3=NC=CC4=C3C=CC(=C4)S(=O)(=O)NC5=NC=NC=C5)OC,0,PSNGMCZKSMCMTM-UHFFFAOYSA-N,PSNGMCZKSMCMTM,PubChem,121333870,6331
CN1CC=C(c2cc(C(F)(F)F)ccc2-c2cccc3c2CCN(S(=O)(=O)Nc2ncns2)C3)CC1,1,MAPAFEPDZXCYDA-UHFFFAOYSA-N,MAPAFEPDZXCYDA,data_nav_dev,71736095,71736095
O=S(=O)(Nc1ccncn1)c1ccc2c(c1)OCCN2c1ccc(C(F)(F)F)cc1Cl,1,BGUJRAQIVBGGOZ-UHFFFAOYSA-N,BGUJRAQIVBGGOZ,data_nav_dev,71712186,71712186
CC(C)(C)[C@@H]1[C@H](CCCO1)CNC2=CC(=C(C=C2Cl)S(=O)(=O)NC3=NC=CS3)F,1,MAOFMAFTHDKOCO-PXAZEXFGSA-N,MAOFMAFTHDKOCO,PubChem,137636524,28818462
COc1ccc(OC)c(-c2cccc3c2CCN(S(=O)(=O)Nc2ncns2)C3)c1,1,RWYCUHJGKOFPKA-UHFFFAOYSA-N,RWYCUHJGKOFPKA,data_nav_dev,CHEMBL3683216,
Cc1cn(C2CCCCC2)c2ccc(C(=O)NS(=O)(=O)C3CC3)cc12,0,LSOLDNQAQRHMKA-UHFFFAOYSA-N,LSOLDNQAQRHMKA,CUPID,CUPID,
C[C@@H](CN[C@@H]1COc2ccccc2SC1)CSc1cccc2c1OCC2,1,YTIJTAJHGATKIA-DOTOQJQBSA-N,YTIJTAJHGATKIA,data_nav_dev,CHEMBL561419,
CS(=O)(=O)NC(=O)C1=C(C=C(C(=C1)C2CC2)OCC3CCN(CC3)C(C4=CC=CC=C4Cl)C5=CC=CC=C5Cl)F,1,RCSJQJZNZNGWGY-UHFFFAOYSA-N,RCSJQJZNZNGWGY,PubChem,118120410,6331
COc1cc(Oc2ccc(F)cc2)ccc1-c1nccc2cc(S(=O)(=O)Nc3ccncn3)ccc12,0,DLRPAOZFOHLTEW-UHFFFAOYSA-N,DLRPAOZFOHLTEW,CUPID,CUPID,
CC(C)(C1=CC(=CC(=C1)Cl)Cl)N2CCC[C@H](C2)OC3=CC(=C(C=C3C4CC4)C(=O)NS(=O)(=O)C5CC5)F,1,OCNOGKDYKRVBCZ-HXUWFJFHSA-N,OCNOGKDYKRVBCZ,PubChem,91799679,6331
O=C(CC1CCN(Cc2ccn(-c3ccc(C(F)(F)F)cc3)c2)CC1)NC(c1ccc(F)cc1)c1c[nH]c(=O)c(Cl)c1,0,ACHAGBFZZOHGJZ-UHFFFAOYSA-N,ACHAGBFZZOHGJZ,CUPID,CUPID,
CC1=C(C(=C(C=C1N(C)[C@H]2CCN(C2)CC3=CC=CC=C3)F)S(=O)(=O)NC4=NC=C(C=C4)F)F,0,CTXUKQDMHMZQRU-IBGZPJMESA-N,CTXUKQDMHMZQRU,PubChem,132142214,6331
O=S(=O)(Nc1nccs1)c1ccc2c(c1)OCCN2c1ccc(Cl)c(F)c1,1,VBIWEXRYPSYCFG-UHFFFAOYSA-N,VBIWEXRYPSYCFG,data_nav_dev,CHEMBL3973123,
Cc1cc(Cl)ccc1N1CCOc2cc(S(=O)(=O)Nc3nccs3)ccc21,1,OAHDIZLUMALIAR-UHFFFAOYSA-N,OAHDIZLUMALIAR,data_nav_dev,CHEMBL3960275,
CN(C)CCCN1C2=CC=CC=C2CCC3=C1C=C(C=C3)Cl,1,GDLIGKIOYRNHDA-UHFFFAOYSA-N,GDLIGKIOYRNHDA,PubChem,2801,26372073
COC1=C(C=CC(=C1)C2=CC(=CC(=C2)F)F)C3=NC=CC4=C3C=CC(=C4)S(=O)(=O)NC5=NSC=C5,0,PHPIJROYEIHYHG-UHFFFAOYSA-N,PHPIJROYEIHYHG,PubChem,117741633,6331
CC(C)(O)CC(=O)N1CCC2CN(c3cccc4c3cnn4-c3ccccc3F)C(=O)C21,0,VGPVZPALXCWXDX-UHFFFAOYSA-N,VGPVZPALXCWXDX,CUPID,CUPID,
CS(=O)(=O)NC(=O)C1=C(C=C(C(=C1)C2CC2)CN3CCC(CC3)OC4=C(C=C(C=N4)C(F)(F)F)Cl)F,1,MLDOVXRTKDFGFV-UHFFFAOYSA-N,MLDOVXRTKDFGFV,PubChem,118353815,6331
Cn1cc(-c2cccc(S(C)(=O)=O)c2)c2ccc(S(=O)(=O)Nc3ncns3)cc21,1,IKFYRPAVBWJTAF-UHFFFAOYSA-N,IKFYRPAVBWJTAF,data_nav_dev,CHEMBL3704430,
CS(=O)(=O)C1=CC(=C(C=C1)CN2CCC[C@H](C2)OC3=CC(=C(C=C3C4CC4)C(=O)NS(=O)(=O)C)F)Cl,1,ACVOHQCMVBHBMM-QGZVFWFLSA-N,ACVOHQCMVBHBMM,PubChem,118120505,6331
CN1CCCCC1CCN2C3=CC=CC=C3SC4=C2C=C(C=C4)SC,1,KLBQZWRITKRQQV-UHFFFAOYSA-N,KLBQZWRITKRQQV,PubChem,5452,21300721
C1CN(C[C@H]1OC2=CC(=C(C(=C2Cl)F)S(=O)(=O)NC3=CSC=N3)F)CC4=CC=CC=C4,0,PAQMSFOGQVFPFC-AWEZNQCLSA-N,PAQMSFOGQVFPFC,PubChem,132141987,6331
O=C1c2cc(-c3ccc(Cl)c(F)c3)ccc2OCCN1Cc1ncccn1,1,MEBJVCINTFAJMR-UHFFFAOYSA-N,MEBJVCINTFAJMR,data_nav_dev,CHEMBL4797496,
C1CN(C[C@H]1F)C(=O)CN2CCN(CC2=O)C3=CC=CC4=C3C=NN4C5=CC=CC=C5F,1,SYLLWFIHDZDGIO-INIZCTEOSA-N,SYLLWFIHDZDGIO,PubChem,127047251,27015369
C1CCN(CC1)CCCNCCCC(C2=CC=C(C=C2)F)C3=CC=C(C=C3)F,1,YHDCQGYFBMAZSX-UHFFFAOYSA-N,YHDCQGYFBMAZSX,PubChem,71521279,29673714
Cc1cnc(CN2CCOc3ccc(-c4ccc(OC(F)(F)F)cc4)cc3C2=O)cn1,1,AROFQHZDZRJPIC-UHFFFAOYSA-N,AROFQHZDZRJPIC,data_nav_dev,CHEMBL3930295,
COc1nc(C(F)(F)F)ccc1N1CCOc2cc(S(=O)(=O)Nc3nccs3)ccc21,1,WEDDVOCHWWVOAZ-UHFFFAOYSA-N,WEDDVOCHWWVOAZ,data_nav_dev,71711978,71711978
O=C1c2cc(-c3ccc(OC(F)(F)F)cc3)ccc2OCCN1Cc1ccc2ccccc2n1,1,UUNCUEARFAIERT-UHFFFAOYSA-N,UUNCUEARFAIERT,data_nav_dev,CHEMBL3979272,
C1CC1C2=CC(=C(C=C2CN3CCO[C@H](C3)CC4=CC(=C(C=C4)Cl)Cl)F)C(=O)NS(=O)(=O)C5CC5,1,KHAPUVAAGNEHQW-SFHVURJKSA-N,KHAPUVAAGNEHQW,PubChem,118120662,6331
CC(C)(C1=CC(=CC(=C1)Cl)Cl)N2CCC(CC2)COC3=CC(=C(C=C3C4CC4)C(=O)NS(=O)(=O)C)F,1,KWAURGCHFYCYPQ-UHFFFAOYSA-N,KWAURGCHFYCYPQ,PubChem,118110608,6331
C1=CC(=C(C(=C1)Cl)C2=NOC(=N2)CN3C(=O)N4C=C(C=CC4=N3)C5=CC=C(C=C5)OC(F)(F)F)Cl,1,FDRCWVQKOJFPSP-UHFFFAOYSA-N,FDRCWVQKOJFPSP,PubChem,58044619,27038498
C1CN(CCN1[C@H](C2=CC=CC=C2)C(=O)NC3=CN=C(C=C3)OCC(F)(F)F)C(=O)C4=CC(=CC(=C4)F)F,1,DKJANHCLDDZJRY-HSZRJFAPSA-N,DKJANHCLDDZJRY,PubChem,145980518,30108793
CC1=C(C(=CC=C1)C)NC(=O)CN2CCN(CC2)CC(COC3=CC=CC=C3OC)O,1,XKLMZUWKNUAPSZ-UHFFFAOYSA-N,XKLMZUWKNUAPSZ,PubChem,56959,18529044
Cn1cc(-c2cc(-c3ccncc3)cc(C(F)(F)F)c2)c2ccc(S(=O)(=O)Nc3ncns3)cc21,1,WKEINIMTMDYMQA-UHFFFAOYSA-N,WKEINIMTMDYMQA,data_nav_dev,71259486,71259486
CCS(=O)(=O)NC(=O)C1=C(C=C(C(=C1)C2CC2)OCC3CCN(CC3)C(C)(C)C4=CC(=CC(=C4)Cl)Cl)F,1,REXMKIZHPWCXDF-UHFFFAOYSA-N,REXMKIZHPWCXDF,PubChem,118111432,6331
C1=CC=C2C(=C1)C(N(C2=O)CCOC3=CC=CC=N3)C(=O)NCC4=CC=C(C=C4)OC(F)(F)F,1,HLRYIKVEQMWFJE-UHFFFAOYSA-N,HLRYIKVEQMWFJE,PubChem,60201086,22770500
COc1ccc(-c2cccc(C(F)(F)F)c2)cc1-c1nccc2cc(S(=O)(=O)Nc3ccncn3)ccc12,0,WDKBXQZMGZDSKW-UHFFFAOYSA-N,WDKBXQZMGZDSKW,CUPID,CUPID,
O=C1c2cc(-c3ccc(OC(F)(F)F)cc3)ccc2OCCN1Cc1ncccc1C(F)(F)F,1,WJVKRZUNQBUESJ-UHFFFAOYSA-N,WJVKRZUNQBUESJ,data_nav_dev,CHEMBL4793384,
O=S(=O)(Nc1ncns1)c1cc(F)c(OCCC2(c3ccccc3)CCC(NC3CC3)CC2)cc1F,0,HBEHFCQVYTUQRI-UHFFFAOYSA-N,HBEHFCQVYTUQRI,CUPID,CUPID,
CS(=O)(=O)NC1=NN=C2N1C=C(C(=C2)OCC34CC5CC(C3)CC(C5)C4)C6CC6,1,DPGOQYYAHWEROP-UHFFFAOYSA-N,DPGOQYYAHWEROP,PubChem,86270136,29737846
Cn1nccc1-c1cc(Cl)ccc1Oc1ccc(S(=O)(=O)Nc2ncns2)cc1F,0,KUEGRSXKAHKHIA-UHFFFAOYSA-N,KUEGRSXKAHKHIA,CUPID,CUPID,
Cn1cc(C2CCCN(C(=O)OC(C)(C)C)C2)c2ccc(C(=O)NS(=O)(=O)C3CC3)cc21,0,PBJROYRVQJYBRL-UHFFFAOYSA-N,PBJROYRVQJYBRL,CUPID,CUPID,
COC1=C(C=C(C(=C1)C2=CC(=CC(=C2)F)F)C#N)C3=NC=CC4=C3C=CC(=C4)S(=O)(=O)NC5=NC=CC=N5,0,YCXIAPCGSRJWFQ-UHFFFAOYSA-N,YCXIAPCGSRJWFQ,PubChem,121333941,6331
O=C(NS(=O)(=O)N1CCC1)c1cnc(OCC23CC4CC(CC(C4)C2)C3)c(C2CC2)c1,1,LATHVTUYKGMIPI-UHFFFAOYSA-N,LATHVTUYKGMIPI,data_nav_dev,90025849,90025849
O=C1CN(Cc2ccccc2)C(=O)c2cc(-c3ccc(C(F)(F)F)cc3)ccc2N1,1,RDQOUFQBZLSFIE-UHFFFAOYSA-N,RDQOUFQBZLSFIE,data_nav_dev,CHEMBL3952382,
COC(=O)n1cc(-c2ccc(C(F)(F)F)cc2-c2ccnn2C)c2ccc(S(=O)(=O)Nc3ncns3)cc21,1,PSAAGFQCPFEEOR-UHFFFAOYSA-N,PSAAGFQCPFEEOR,data_nav_dev,71259636,71259636
CCN=C1NC2C(OC(CO)C(OC)C2O)S1,0,ZHRPYFJVBTZRKC-UHFFFAOYSA-N,ZHRPYFJVBTZRKC,CUPID,CUPID,
C[C@H]1COc2cc(S(=O)(=O)Nc3nccs3)ccc2N1c1ccc(C(F)(F)F)cc1C#N,1,ZGBOGHHZYOLAIZ-LBPRGKRZSA-N,ZGBOGHHZYOLAIZ,data_nav_dev,CHEMBL3897290,
CC1=CC=C(C=C1)C(=O)NC(=NC)NCCCCC2=CC=CC=C2,1,PGAXJFFFHDNFEC-UHFFFAOYSA-N,PGAXJFFFHDNFEC,PubChem,9928808,11720863
COC1=NC=C(C=N1)C2=C(C(=CC=C2)OC(F)F)CCNC(=O)C3=CN=C(C=C3)OCCC(F)(F)F,1,MYWFFPRATNYWJR-UHFFFAOYSA-N,MYWFFPRATNYWJR,PubChem,71449294,22939696
CC(C)(C(=O)NCC1=NC2=C(C=C(C=C2N1)C(F)(F)F)C(F)(F)F)N,0,XKSSEIWQCIJGBO-UHFFFAOYSA-N,XKSSEIWQCIJGBO,PubChem,60194706,6331
C1[C@@H](COC2=CC=CC(=C21)C3=CC=NC=C3)NC(=O)C4=CC=C(C=C4)OC(F)(F)F,1,UCLANCKZRBWESY-INIZCTEOSA-N,UCLANCKZRBWESY,PubChem,25113806,22832315
CN(C)S(=O)(=O)NC(=O)c1cc(Cl)c(OCC23CC4CC(C2)C(F)(F)C(C4)C3)cc1F,1,AIZHFCJMCXBSRJ-UHFFFAOYSA-N,AIZHFCJMCXBSRJ,data_nav_dev,86702919,86702919
C1COC2=C(N1C3=C(C=C(C=C3)C(F)(F)F)C#N)C=CC(=C2F)S(=O)(=O)NC4=NC=CS4,1,USUJTFJOBUIIHB-UHFFFAOYSA-N,USUJTFJOBUIIHB,PubChem,89761704,28629594
O=S(=O)(Nc1ncns1)c1ccc2c(-c3ccc(Cl)cc3C(F)(F)F)cccc2c1,1,DGYIRDPNHVOGMY-UHFFFAOYSA-N,DGYIRDPNHVOGMY,data_nav_dev,89614550,89614550
C1C[C@H](CN(C1)CC2=CC(=C(C=C2)Cl)Cl)OC3=CC(=C(C=C3C4CC4)C(=O)NS(=O)(=O)C5CC5)F,1,AXRIHFJCMUTSRT-QGZVFWFLSA-N,AXRIHFJCMUTSRT,PubChem,118120333,6331
C1CC(COC1)CCNC2=CC(=C(C=C2Cl)S(=O)(=O)NC3=NC=CS3)F,1,USTPUKPHUQZTTM-UHFFFAOYSA-N,USTPUKPHUQZTTM,PubChem,134477080,28818462
CC(C)(C)OC(=O)n1cc(-c2ccc(NC(=O)C3CCCN3)cc2)nc1N,0,WQPNBTUHZVKISV-UHFFFAOYSA-N,WQPNBTUHZVKISV,CUPID,CUPID,
CC1=CC(=CC=C1)CN2C=CC3=C2N=CN=C3OC4CCN(CC4)CC5=CSC=N5,1,BJWJWHANJDRZGO-UHFFFAOYSA-N,BJWJWHANJDRZGO,PubChem,70691582,22318156
C1C[C@H](CN(C1)C2=NC=C(C=C2)C(F)(F)F)OC3=CC(=C(C=C3C4CC4)C(=O)NS(=O)(=O)C5CC5)F,1,WOCJXCJKUKAOGM-MRXNPFEDSA-N,WOCJXCJKUKAOGM,PubChem,118120639,6331
CC(C)COc1ncc(-c2cn(CC(C)C)c3cc(C(=O)NS(C)(=O)=O)ccc23)cc1Cl,0,NQTPZRKKOTXCSM-UHFFFAOYSA-N,NQTPZRKKOTXCSM,CUPID,CUPID,
NCC(Oc1noc2ccc(-c3ccccc3Cl)cc12)c1ccccc1,0,HHSLFPVGKCXEOG-UHFFFAOYSA-N,HHSLFPVGKCXEOG,CUPID,CUPID,
O=C(Cn1cccnc1=O)Nc1ccc(CC2CCC(C(O)c3ccccc3)N2)cc1,0,NLXXAPYWQLPUAG-UHFFFAOYSA-N,NLXXAPYWQLPUAG,CUPID,CUPID,
Cc1cc(OC(F)F)cnc1N1CCOc2cc(S(=O)(=O)Nc3nccs3)ccc21,1,XZCRAVKAEMKHRX-UHFFFAOYSA-N,XZCRAVKAEMKHRX,data_nav_dev,CHEMBL3978706,
CC1=NC(=CC=C1)CN2CC[C@@H](C2)N(C)C3=CC(=C(C(=C3C)F)S(=O)(=O)NC4=NC=NS4)F,0,BRERACUJOCTFKW-INIZCTEOSA-N,BRERACUJOCTFKW,PubChem,132141748,6331
C1CN(CCC1OC2=NC=NC3=C2C=CN3CC4=CC=CC=C4)CC5=CC=NN5,1,OSJJIKYRJDAQIS-UHFFFAOYSA-N,OSJJIKYRJDAQIS,PubChem,70681066,22318156
C1CC1C2=CC(=C(C=C2CN3CCC(CC3)OC4=CC(=CC(=C4)Cl)Cl)F)C(=O)NS(=O)(=O)C5CC5,1,REXKPUWAXOQORC-UHFFFAOYSA-N,REXKPUWAXOQORC,PubChem,118111254,6331
C[C@H](C1=CC=CC=C1)N2CCC(CC2)OC3=CC(=C(C(=C3)F)S(=O)(=O)NC4=CSC=N4)F,0,LOIHGKBVYYTVCB-OAHLLOKOSA-N,LOIHGKBVYYTVCB,PubChem,132142175,6331
COCCCC1=C(C=CC(=C1)C(F)(F)F)[C@H]2CCOC3=C2C=CC(=C3)S(=O)(=O)NC4=NC=C(C=N4)F,0,VOFDKTAJDPRCLT-HXUWFJFHSA-N,VOFDKTAJDPRCLT,PubChem,126650303,6331
COC1=NC=C(N=C1)C2=C(C=CC(=C2CCNC(=O)C3=CN=C(C=C3)COCC(F)(F)F)F)F,1,FXZYWCNWWRAMSO-UHFFFAOYSA-N,FXZYWCNWWRAMSO,PubChem,71460108,22939696
C1CC(CN(C1)C(=O)NC2=CC=C(C=C2)OC(F)(F)F)(CCC(=O)O)C3=CC=C(C=C3)C4=CC=CC=C4,1,WFKBKGKEWUKRGP-UHFFFAOYSA-N,WFKBKGKEWUKRGP,PubChem,42646202,19682899
C1CC1C2=CC(=C(C=C2OCC3CCN(CC3)C(C4=CC=CC=C4)C5=CC(=CC(=C5)Cl)Cl)F)C(=O)NS(=O)(=O)C6CC6,1,ZAVPMEKMFCMVLI-UHFFFAOYSA-N,ZAVPMEKMFCMVLI,PubChem,118110629,6331
O=C(N[C@H]1C[C@@H]1c1ccccc1)N1CCC2(CCc3cc(F)ccc3O2)CC1,1,IUTAFCQVIUFADT-UXHICEINSA-N,IUTAFCQVIUFADT,data_nav_dev,CHEMBL483876,
CC(C)OC1=C(C=C(C=N1)[C@@H](C2=CC=CC=C2)N3CC(C3)COC4=CC(=C(C=C4C5CC5)C(=O)NS(=O)(=O)C)F)Cl,1,PJGWILKULVRVIE-MUUNZHRXSA-N,PJGWILKULVRVIE,PubChem,118110895,6331
CC(=O)Nc1c(F)cc(C(=O)NC2CCC(O)CC2)cc1OC(C)c1ccccc1,0,FRBRZGLUFOZRGD-UHFFFAOYSA-N,FRBRZGLUFOZRGD,CUPID,CUPID,
CCN=C1NC2C(OC(CF)C(O)C2O)S1,0,KVPVVYPYFJXXOJ-UHFFFAOYSA-N,KVPVVYPYFJXXOJ,CUPID,CUPID,
CC1(O)CCC2(C)C(CC(N3CCCC(N)C3)C2Oc2ccc(C#N)cc2)C1,0,HKJLEAVBPICPPH-UHFFFAOYSA-N,HKJLEAVBPICPPH,CUPID,CUPID,
CNCCN(C)C1=CC=CC=C1NC2=CC(=C(C=C2Cl)S(=O)(=O)NC3=NC=C(C=N3)F)F,0,NTRZFBNPERRQKY-UHFFFAOYSA-N,NTRZFBNPERRQKY,PubChem,135325315,6331
CN([C@H]1CCN(C1)CC2=C(C=CC(=C2)Cl)F)C3=CC(=C(C=C3Cl)S(=O)(=O)NC4=CSC=N4)F,1,BBGOVXSDBDNLPD-HNNXBMFYSA-N,BBGOVXSDBDNLPD,PubChem,132141454,6331
C1=CC=C(C(=C1)N2C(=C(C=N2)C(=O)NC3=NC=C(C=C3)C(F)(F)F)N)O,0,DFDAGLOIAMTISP-UHFFFAOYSA-N,DFDAGLOIAMTISP,PubChem,122640541,6331
COc1ccc(-c2cn(C)c3cc(S(=O)(=O)Nc4ncns4)ccc23)cn1,1,PJTLNGUHSJUUPZ-UHFFFAOYSA-N,PJTLNGUHSJUUPZ,data_nav_dev,71259287,71259287
COc1cc(-c2ccc(Cl)c(C)c2)ccc1-c1nccc2cc(S(=O)(=O)Nc3ccncn3)ccc12,0,QDTNMUCMEUTKCY-UHFFFAOYSA-N,QDTNMUCMEUTKCY,CUPID,CUPID,
CC(C1=NC=C(C=C1)C2=C3C[C@@H](COC3=CC=C2)NC(=O)C4=CN=C(C=C4)OCCOCC(F)(F)F)O,1,MTISEOQZAIKNFX-CVMIBEPCSA-N,MTISEOQZAIKNFX,PubChem,70682458,22832315
COC1CC(Oc2cc(F)c(F)c(-c3ccc4c(c3)CCC(CCC(=O)O)O4)n2)C1,0,PGPQNVUVHSSUSY-UHFFFAOYSA-N,PGPQNVUVHSSUSY,CUPID,CUPID,
CC(C)(C)NC(=O)NCCN1CCC(CO)(CNC(=O)c2cc(Cl)cc(Cl)c2)CC1,0,RAZOFRCGTLUGNK-UHFFFAOYSA-N,RAZOFRCGTLUGNK,CUPID,CUPID,
CC(C)COC1=C(C=C(C=N1)C2=CN(C3=CC(=C(C=C32)F)C(=O)NS(=O)(=O)C)C)Cl,1,FVUIYPLOVITXKN-UHFFFAOYSA-N,FVUIYPLOVITXKN,PubChem,132020584,30576602
C1COC2=C([C@H]1C3=C(C=C(C=C3)C(F)(F)F)N4CCOC4=O)C=CC(=C2)S(=O)(=O)NC5=NC=CC=N5,0,MUZUAPWDPKZPNL-MRXNPFEDSA-N,MUZUAPWDPKZPNL,PubChem,126668826,6331
O=S(=O)(Nc1ccncn1)c1cc(Cl)c(NCC23CCCN2CCC3)cc1F,0,IATOIMGOUCQDRU-UHFFFAOYSA-N,IATOIMGOUCQDRU,CUPID,CUPID,
CC1=C(C(=CC=C1)C)OCC(C)N.Cl,1,NFEIBWMZVIVJLQ-UHFFFAOYSA-N,NFEIBWMZVIVJLQ,PubChem,21467,26358159
CS(=O)(=O)NC(=O)C1=C(C=C(C(=C1)C2CC2)CN3CCO[C@@H](C3)CC4=C(C=C(C=C4)F)Cl)F,1,OBLNMGFBACQBBP-GOSISDBHSA-N,OBLNMGFBACQBBP,PubChem,118110539,6331
N[C@H]1C[C@H]2COc3ccc(-c4ccc(C(F)(F)F)cc4)cc3C(=O)N2C1,1,USPGYCNUDIUUHZ-GJZGRUSLSA-N,USPGYCNUDIUUHZ,data_nav_dev,CHEMBL3898983,
COc1ccccc1SC[C@H](CN[C@@H]1COc2ccccc2SC1)OC,1,GQTRVEGXRKPCQF-CVEARBPZSA-N,GQTRVEGXRKPCQF,data_nav_dev,CHEMBL486256,
CCC1=C(C(=C(C=C1O[C@H]2CCN(C2)CC3=CC=CC=C3)F)S(=O)(=O)NC4=CSC=N4)F,0,BUWWGBNGSBQMTC-INIZCTEOSA-N,BUWWGBNGSBQMTC,PubChem,132142395,6331
CN1CC=C(c2cc(C(F)(F)F)ccc2N2CCOc3cc(S(=O)(=O)Nc4ccncn4)ccc32)CC1,1,VRWOEUUAURVITI-UHFFFAOYSA-N,VRWOEUUAURVITI,data_nav_dev,CHEMBL3929862,
c1nc(NC2CCC(N3CCOCC3)CC2)c2c(C3CCOCC3)c[nH]c2n1,0,DJVYXMINSBMUHH-UHFFFAOYSA-N,DJVYXMINSBMUHH,CUPID,CUPID,
C1=CC=NC(=C1)C2=CC(=CC=C2)C(=O)NC3=CC=CC(=C3C4=CN=CC=C4)C(F)(F)F,1,RLBBJINJWALGGU-UHFFFAOYSA-N,RLBBJINJWALGGU,PubChem,137658625,28684121
COC1=NC(=C(C=C1C2=NC=CC3=C2C=CC(=C3)S(=O)(=O)NC4=NN=CS4)Cl)N5CC(C5)(F)F,0,CAXNWNYMLDCSPI-UHFFFAOYSA-N,CAXNWNYMLDCSPI,PubChem,139208268,6331
COCCn1nc(C)c(C(=O)NC2COc3cccc(-c4ccncc4)c3C2)n1,0,ZBTWXCSGAHBTJU-UHFFFAOYSA-N,ZBTWXCSGAHBTJU,CUPID,CUPID,
CC1=C(C(=C(C=C1N(C)[C@H]2CCN(C2)CC3=CC=CC=C3)F)S(=O)(=O)NC4=NC(=CC=C4)F)F,0,IZAGUWQJXNVBMO-SFHVURJKSA-N,IZAGUWQJXNVBMO,PubChem,132142127,6331
CC(C)(Cn1c(O)c2ccccc2c1C(=O)NCc1ccc(OC(F)(F)F)cc1)c1ccccn1,0,QKTAVBKNWHCICS-UHFFFAOYSA-N,QKTAVBKNWHCICS,CUPID,CUPID,
O=C1c2cc(-c3ccc(OC(F)F)cc3)ccc2OCCN1Cc1ccccn1,1,OUULAPRBWVTKBQ-UHFFFAOYSA-N,OUULAPRBWVTKBQ,data_nav_dev,CHEMBL3950094,
Cc1cc(-c2ccc(C(=O)C3CCCCC3C(=O)Nc3cnn(C)c3C(=O)NOC(C)(C)C)cc2)[nH]n1,0,BMQWIMXUMVEYAP-UHFFFAOYSA-N,BMQWIMXUMVEYAP,CUPID,CUPID,
COCCCCC1=C(C=CC(=C1)C(F)(F)F)[C@@H]2CCOC3=C2C=CC(=C3)S(=O)(=O)NC4=NC=CC=N4,0,RRJGONXWZNKDGF-NRFANRHFSA-N,RRJGONXWZNKDGF,PubChem,126650481,6331
C1C[C@H](CN(C1)CC2=C(C=C(C=C2)F)Cl)OC3=CC(=C(C=C3C4CC4)C(=O)NS(=O)(=O)N5CCC5)F,1,KRNHAUPCKRIYSK-LJQANCHMSA-N,KRNHAUPCKRIYSK,PubChem,118120208,6331
C1COC2=C([C@H]1C3=C(C=C(C=C3)C(F)(F)F)CCCF)C=CC(=C2)S(=O)(=O)NC4=NC=C(C=N4)F,1,WVXWILBXLFSUOH-LJQANCHMSA-N,WVXWILBXLFSUOH,PubChem,126668491,6331
C1=CC=C(C(=C1)C2=CN=CC=C2)N3C(=C(C=N3)C(=O)NC4=NC=C(C=C4)Cl)N,0,DXKCJRMOFZFQDN-UHFFFAOYSA-N,DXKCJRMOFZFQDN,PubChem,139268654,6331
NC(=O)c1cnc(NC(C2CC2)C(F)(F)F)c2c1[nH]c1cc(-c3cnc(N)nc3)ccc12,0,SHSWWKAPCSHSHG-UHFFFAOYSA-N,SHSWWKAPCSHSHG,CUPID,CUPID,
CC1=C(C=CC(=C1)C(=O)O)C2=CC(=C(C=C2F)OC)C3=C(C=C(C=C3)C(F)(F)F)[C@@H]4CC[C@@H]5N4C(=O)O[C@@H]5C6=CC(=CC(=C6)F)C(F)(F)F,1,PGXIJGWPCASFCG-GSBZAIBZSA-N,PGXIJGWPCASFCG,PubChem,71526379,34375108
Cn1cc(-c2ccc(C(F)F)cc2)c2ccc(C(=O)NS(C)(=O)=O)cc21,0,PEQRJRDZASEMBF-UHFFFAOYSA-N,PEQRJRDZASEMBF,CUPID,CUPID,
COCC(NC(C)=O)C(=O)NCc1ccccc1,0,VPPJLAIAVCUEMN-UHFFFAOYSA-N,VPPJLAIAVCUEMN,CUPID,CUPID,
C1CC1C2=CC(=C(C=C2)CN3CCC(CC3)COC4=CC(=C(C=C4C5CC5)C(=O)NS(=O)(=O)C6CC6)F)Cl,1,BHNHPSMLNIXZEA-UHFFFAOYSA-N,BHNHPSMLNIXZEA,PubChem,118120291,6331
N#Cc1cc(-c2cccc(F)c2)ccc1N1CCOc2cc(S(=O)(=O)Nc3nccs3)ccc21,1,WFAAJGGDSHOXSH-UHFFFAOYSA-N,WFAAJGGDSHOXSH,data_nav_dev,CHEMBL3917677,
C1C[C@H](CN(C1)CC2=C(C=C(C=C2)F)C(F)(F)F)OC3=CC(=C(C=C3C4CC4)C(=O)NS(=O)(=O)C5CC5)F,1,XVUDLJZDCYXBGV-GOSISDBHSA-N,XVUDLJZDCYXBGV,PubChem,118120453,6331
Cn1nccc1[C@H]1CCC[C@@H]1Oc1cc(F)c(S(=O)(=O)Nc2ccncn2)cc1F,0,GHOSFOBBUGQTRM-WBMJQRKESA-N,GHOSFOBBUGQTRM,data_nav_dev,CHEMBL4642726,
O=S(=O)(Nc1ncns1)c1ccc2c(c1)OCCN2c1ccc(C(F)(F)F)cc1C1=CCNCC1,1,BHJSCRNVDBKWGW-UHFFFAOYSA-N,BHJSCRNVDBKWGW,data_nav_dev,71666346,71666346
CC1=CC=CC=C1C2=CC(=C(C=C2C#N)C3=NC=CC4=C3C=CC(=C4)S(=O)(=O)NC5=NN=CS5)OC,0,MRUKEMHCPJRDHO-UHFFFAOYSA-N,MRUKEMHCPJRDHO,PubChem,117740806,6331
C1COC2=C([C@H]1C3=C(C=C(C=C3)C(F)(F)F)C4=CC=C(C=C4)F)C=CC(=C2)S(=O)(=O)NC5=NC=CC=N5,1,CZZSYEPBDUZHLQ-OAQYLSRUSA-N,CZZSYEPBDUZHLQ,PubChem,126668796,6331
O=C(c1ccccc1C(F)(F)F)N(CC1CCC1)C1CCNC1,0,SWADTMSKMJUFBO-UHFFFAOYSA-N,SWADTMSKMJUFBO,CUPID,CUPID,
Cn1cc(-c2ccc(C(F)(F)F)cc2C#N)c2ccc(S(=O)(=O)Nc3ncns3)cc21,1,DTCIPHMJDPIDLP-UHFFFAOYSA-N,DTCIPHMJDPIDLP,data_nav_dev,CHEMBL3704411,
O=C1c2cc(-c3ccc(Oc4ccccc4)cc3)ccc2OCCN1Cc1ncccn1,1,LOILFFIYTQCZKK-UHFFFAOYSA-N,LOILFFIYTQCZKK,data_nav_dev,CHEMBL3925640,
COc1cc(-c2cc(C)cc(C)c2)ccc1-c1nccc2cc(S(=O)(=O)Nc3ccncn3)ccc12,0,LQVTVSKPJJOJJB-UHFFFAOYSA-N,LQVTVSKPJJOJJB,CUPID,CUPID,
COC1=C(C=CC(=C1)N2C=CC3=CC=CC=C32)C4=NC=CC5=C4C=CC(=C5)S(=O)(=O)NC6=NN=CS6,0,PZJLVNUPIXAHPS-UHFFFAOYSA-N,PZJLVNUPIXAHPS,PubChem,117740715,6331
CC1=C(C(=NO1)C2=C(C=CC=C2Cl)Cl)NC(=O)OCC3=CN=C(C=C3)OC4CCCC4,1,RCRIKUQWNCZJIN-UHFFFAOYSA-N,RCRIKUQWNCZJIN,PubChem,25204473,21641215
C[C@]1(CCN(C1)CC2=CC=CC=C2)NC3=C(C=C(C=C3)S(=O)(=O)NC4=CSC=N4)Cl,1,IQAQMUYQSMWZFI-OAQYLSRUSA-N,IQAQMUYQSMWZFI,PubChem,132141878,6331
CC(C(=O)Nc1ccc(CC2CCC(C(O)c3cccnc3)N2)cc1)n1ncccc1=O,0,KJQNVVRQSWUQHQ-UHFFFAOYSA-N,KJQNVVRQSWUQHQ,CUPID,CUPID,
C[C@@](COC)(C1=CC(=CC(=C1)Cl)Cl)N2CCC(CC2)COC3=CC(=C(C=C3C4CC4)C(=O)NS(=O)(=O)C)F,1,QQRDUMOOLIZBOV-HHHXNRCGSA-N,QQRDUMOOLIZBOV,PubChem,118110600,6331
CS(=O)(=O)NC(=O)C1=CC(=C(C=C1F)OCC2CCN(CC2)CC3=CC(=CC(=C3)Cl)OC(F)(F)F)Cl,1,VQBGPJJILMRFBJ-UHFFFAOYSA-N,VQBGPJJILMRFBJ,PubChem,118120471,6331
C1CNC[C@H](C1C2=CC(=C(C=C2)F)C(F)(F)F)COC3=CC(=C(C=C3F)S(=O)(=O)NC4=NC=NS4)F,0,KWJVTJCHNOYEQA-UEWDXFNNSA-N,KWJVTJCHNOYEQA,PubChem,117625379,6331
O=C(NCc1ccc(OC(F)(F)F)cc1)C1c2ccccc2C(=O)N1CCC(F)(F)F,0,GZVWSNMZCUTRBS-UHFFFAOYSA-N,GZVWSNMZCUTRBS,data_nav_dev,60201083,60201083
Cn1cc(-c2cccc(C(=O)Nc3cc(N4CCC(C(C)(C)O)C4)ncc3C(F)(F)F)n2)cn1,0,HRRUGRNBEPWHFW-UHFFFAOYSA-N,HRRUGRNBEPWHFW,CUPID,CUPID,
Cn1nccc1[C@H]1CCCCC[C@@H]1Oc1cc(F)c(S(=O)(=O)Nc2ccncn2)c(F)c1,0,NEBBLFXFQXPNBT-BEFAXECRSA-N,NEBBLFXFQXPNBT,data_nav_dev,CHEMBL4642940,
O=C1c2cc(-c3ccc(OC(F)(F)F)cc3)ccc2OCCN1CCOc1ncccn1,1,WOUZPOFIFSJRLR-UHFFFAOYSA-N,WOUZPOFIFSJRLR,data_nav_dev,CHEMBL3926778,
CC1=NC=C(C=N1)C2=CC=CC=C2CCNC(=O)C3=CN=C(C=C3)OCCC(F)(F)F,1,XSDFMPFYIVEUAO-UHFFFAOYSA-N,XSDFMPFYIVEUAO,PubChem,71451076,22939696
COCCNc1cc(C(F)(F)F)ccc1N1CCOc2cc(S(=O)(=O)Nc3ccncn3)ccc21,1,YOKQMLPNCAPMBX-UHFFFAOYSA-N,YOKQMLPNCAPMBX,data_nav_dev,89761617,89761617
C1[C@@H](COC2=CC=CC(=C21)C3=CC(=NC=C3)CO)NC(=O)C4=CN=C(C=C4)OCC(F)(F)F,1,DEYZGKXTVSBRIY-KRWDZBQOSA-N,DEYZGKXTVSBRIY,PubChem,70684544,22832315
CC1=NC(=CS1)C2=C(C=CC(=C2)C(F)(F)F)[C@H]3CCOC4=C3C=CC(=C4)S(=O)(=O)NC5=NN=CC=C5,0,YXNDDYFIMIYXGO-GOSISDBHSA-N,YXNDDYFIMIYXGO,PubChem,126668698,6331
Cn1cc(-c2ccc(OC(F)(F)F)cc2)c2ccc(S(=O)(=O)Nc3ncns3)cc21,1,XWDDHCBFYSTTPD-UHFFFAOYSA-N,XWDDHCBFYSTTPD,data_nav_dev,71259459,71259459
C1COCCN1[C@H](CNC(=O)C2=C(N=C(S2)C3=NC=CC=N3)C(F)(F)F)C4=CC=C(C=C4)Cl,0,FGPQIEDRTXLBES-OAHLLOKOSA-N,FGPQIEDRTXLBES,PubChem,129099048,33822617
C1C[C@@H](N[C@@H]1CC2=CC=C(C=C2)NC(=O)[C@@H]3CCC4=C3N=C(S4)N)[C@@H](C5=CC=CC=C5)O,1,OKIOQHRDFOXEBF-DZCCDHAISA-N,OKIOQHRDFOXEBF,PubChem,76336500,24437735
CN1C=C(C2=C1C=C(C=C2)C(=O)NS(=O)(=O)C(F)(F)F)C3=CC=C(C=C3)C(F)(F)F,1,GVIUFNMEIARVCL-UHFFFAOYSA-N,GVIUFNMEIARVCL,PubChem,132020580,30576602
COc1ccc2c(c1)NC1(CCN(Cc3cccc(C#N)c3)CC1)c1cccn1-2,0,JVDZSUFDTNLDRV-UHFFFAOYSA-N,JVDZSUFDTNLDRV,CUPID,CUPID,
C1CC1C2=CC(=C(C=C2OCC3CCN(CC3)S(=O)(=O)C4COC4)F)C(=O)NS(=O)(=O)C5CC5,1,OMBZWGCWTVWZEQ-UHFFFAOYSA-N,OMBZWGCWTVWZEQ,PubChem,118120262,6331
C[C@@H](C1=CC(=CC(=C1)Cl)Cl)N2C[C@@H]3C[C@H]2CN3CC4=CC(=C(C=C4C5CC5)C(=O)N)F,1,ANUDJEBSNITMOR-MRFFXTKBSA-N,ANUDJEBSNITMOR,PubChem,118120798,6331
C1C[C@H]2CC(C[C@@H]1N2CC3=CC=CC=C3)OC4=C(C=C(C=C4)S(=O)(=O)NC5=NC=CS5)Cl,0,XTQSSQANJFGBCL-DFNIBXOVSA-N,XTQSSQANJFGBCL,PubChem,132141861,6331
Cc1ccc(O)c([C@H](CCN(C(C)C)C(C)C)c2ccccc2)c1,1,OOGJQPCLVADCPB-HXUWFJFHSA-N,OOGJQPCLVADCPB,data_nav_dev,443879,443879
CC(C)c1ccc(N2CCOc3cc(S(=O)(=O)Nc4nccs4)ccc32)cc1,1,WJMLJHPAHULJDS-UHFFFAOYSA-N,WJMLJHPAHULJDS,data_nav_dev,89761812,89761812
Cn1cc(-c2cccc(OC(F)(F)F)c2)c2ccc(S(=O)(=O)Nc3ncns3)cc21,1,MFUHFEHSSBRQAU-UHFFFAOYSA-N,MFUHFEHSSBRQAU,data_nav_dev,71259472,71259472
C1C[C@H]2CC(C[C@@H]1N2CC3=CC(=C(C=C3C4CC4)C(=O)NS(=O)(=O)C5CC5)F)OC6=CC(=CC(=C6)Cl)OC(F)(F)F,1,SESKKLSLNVUPLI-PMSBKCLSSA-N,SESKKLSLNVUPLI,PubChem,118120448,6331
O=S(=O)(Nc1nccs1)N1CCc2c(cccc2-c2ccc(C(F)(F)F)cc2C2=CCNCC2)C1,1,NQZAAMMOPYGFGF-UHFFFAOYSA-N,NQZAAMMOPYGFGF,data_nav_dev,CHEMBL3683224,
COCCOc1cc2ncc(C(N)=O)c(Nc3ccc(F)cc3F)c2cc1N1CCN(C)CC1,0,KGVQZJHSSDOJHG-UHFFFAOYSA-N,KGVQZJHSSDOJHG,CUPID,CUPID,
O=S(=O)(Nc1nccs1)c1ccc2c(c1)OCCN2c1ccccc1OC(F)F,1,PYBRTGXYASJLCG-UHFFFAOYSA-N,PYBRTGXYASJLCG,data_nav_dev,71711982,71711982
O=C1c2cc(-c3ccc(OC(F)(F)F)cc3)ccc2OCCN1Cc1cc(-c2ccccn2)on1,1,XAAYFRYNMJDXKB-UHFFFAOYSA-N,XAAYFRYNMJDXKB,data_nav_dev,CHEMBL3964859,
COc1ccc(OCC(O)CN2CCC(N3Cc4ccccc4C3=O)CC2)cc1,0,BOXIFJWEKQNIOS-UHFFFAOYSA-N,BOXIFJWEKQNIOS,CUPID,CUPID,
COc1ccc(Cl)cc1-c1n[nH]c(=O)c2cc(S(=O)(=O)Nc3ncns3)ccc12,0,MILRVOKMJBZHMJ-UHFFFAOYSA-N,MILRVOKMJBZHMJ,CUPID,CUPID,
O=S(=O)(Nc1ncns1)c1ccc2c(-c3ccc(F)cc3Br)cccc2c1,0,OYWLFRHHNUFGMU-UHFFFAOYSA-N,OYWLFRHHNUFGMU,CUPID,CUPID,
O=S(=O)(Nc1nccs1)c1cc(Cl)c(NCCC2CCNCC2)cc1F,0,WKPWFCICJIJNDA-UHFFFAOYSA-N,WKPWFCICJIJNDA,CUPID,CUPID,
CC(NC(=O)c1cc(C(F)(F)F)nn1C)c1nc(-c2ccnc(C(F)(F)F)c2)no1,0,SFSLHKNGLMRBTO-UHFFFAOYSA-N,SFSLHKNGLMRBTO,CUPID,CUPID,
CCN([C@H]1CCN(C1)CC2=CC=CC=C2)C3=C(C=C(C=C3)S(=O)(=O)NC4=NC=NS4)Cl,0,CNIUVLBXDCUNTO-KRWDZBQOSA-N,CNIUVLBXDCUNTO,PubChem,132141293,6331
CCCN(CCC)C(c1ccccn1)C(c1ccccn1)N(CCC)CC(O)CO,0,ARIVZVAHCXZRND-UHFFFAOYSA-N,ARIVZVAHCXZRND,CUPID,CUPID,
CC1=C(C=CC(=C1)C2=CC(=C(C=C2C#N)C3=NC=CC4=C3C=CC(=C4)S(=O)(=O)NC5=NOC=C5)OC)Cl,0,CAJKNMKDNLNPKI-UHFFFAOYSA-N,CAJKNMKDNLNPKI,PubChem,121333983,6331
CC(=O)N1CCC2=C(C1C3=C(C=C(C=C3)C4=CC(=CC=C4)F)OC)C=CC(=C2)S(=O)(=O)OC5=C(C(=C(C(=C5F)F)F)F)F,0,KSRVFHHKJHWMBA-UHFFFAOYSA-N,KSRVFHHKJHWMBA,PubChem,117741661,6331
O=C1COc2c(cccc2N2CCN(CC(O)COc3ccccc3C(=O)c3ccccc3)CC2)N1,0,LLNGPIQOLNBVEZ-UHFFFAOYSA-N,LLNGPIQOLNBVEZ,CUPID,CUPID,
COc1cc(C(F)(F)F)ccc1-c1nccc2cc(S(=O)(=O)Nc3nc(C#N)cs3)ccc12,0,SYHVOZJLIJWRDL-UHFFFAOYSA-N,SYHVOZJLIJWRDL,CUPID,CUPID,
CC1=CC(=C(C=C1O[C@]2(CCN(C2)CC3=CC=CC=C3)C)F)S(=O)(=O)NC4=CSC=N4,0,PGHBQSPVIDPUTJ-QFIPXVFZSA-N,PGHBQSPVIDPUTJ,PubChem,132141975,6331
C1COCCC1CCNC2=CC(=C(C=C2Cl)S(=O)(=O)NC3=NC=CS3)F,1,WPCMGHHEOJLHRM-UHFFFAOYSA-N,WPCMGHHEOJLHRM,PubChem,134477137,28818462
CC(=O)OC[C@H]1[C@H]2[C@]3(C(CCN3C(=N1)N)(O)O)NC(=N2)N,1,FYMGGEYPNDYSSU-HFJPGXAFSA-N,FYMGGEYPNDYSSU,PubChem,146683623,36385936
Cn1cc(-c2ccc(F)c(C#N)c2)c2ccc(S(=O)(=O)Nc3ncns3)cc21,1,KTOMKDFWHADMOY-UHFFFAOYSA-N,KTOMKDFWHADMOY,data_nav_dev,71259226,71259226
CS(=O)(=O)NC(=O)C1=C(C=C(C(=C1)C2CC2)OCC3CCN(CC3)CC4=C(C=C(C=C4)Br)F)F,1,HTYPEQFLNSKYPG-UHFFFAOYSA-N,HTYPEQFLNSKYPG,PubChem,118120703,6331
C1CNC[C@H](C1C2=CC=C(C=C2)Cl)COC3=C(C=C(C=C3)S(=O)(=O)NC4=NC=NS4)F,0,PWDWJKYTQFZCLL-MBIQTGHCSA-N,PWDWJKYTQFZCLL,PubChem,117625303,6331
CC1=CC(=C(C=C1N(C)[C@H]2CCN(C2)CC3=CC=CC=C3F)F)S(=O)(=O)NC4=CSC=N4,0,RVIAJECZWSHVFF-KRWDZBQOSA-N,RVIAJECZWSHVFF,PubChem,132141334,6331
COc1cc(C#N)ccc1CN1CCOc2cc(S(=O)(=O)Nc3nccs3)ccc21,1,LBOOCFIPRBEDBL-UHFFFAOYSA-N,LBOOCFIPRBEDBL,data_nav_dev,CHEMBL3933266,
C1CC1C2=CC(=C(C=C2OCC3CCN(CC3)S(=O)(=O)C4=CC(=C(C=C4)Br)Cl)F)C(=O)NS(=O)(=O)C5CC5,1,ANJPXBOTEKFISA-UHFFFAOYSA-N,ANJPXBOTEKFISA,PubChem,118120242,6331
O=S(=O)(Nc1nccs1)c1ccc2c(c1)OCCN2c1ccc2ncsc2c1,1,FQTVFOLTSKXZQS-UHFFFAOYSA-N,FQTVFOLTSKXZQS,data_nav_dev,CHEMBL3930549,
CC1(CCN(CC1)CC2=CC=CC=C2)OC3=C(C=C(C=C3)S(=O)(=O)NC4=NC=CS4)Cl,1,VABGSIOPWWPFJG-UHFFFAOYSA-N,VABGSIOPWWPFJG,PubChem,132141392,6331
CS(=O)(=O)NC(=O)C1=C(C=C(C(=C1)C2CC2)OCC3CN(C3)C(=O)C4=CC(=CC(=C4)Cl)Cl)F,1,IXPTYEXVNBRWNJ-UHFFFAOYSA-N,IXPTYEXVNBRWNJ,PubChem,118110526,6331
COc1cc(C(F)(F)F)ccc1-c1ccnc2cc(S(=O)(=O)Nc3nccs3)ccc12,0,OEXUGFJXGSYFJL-UHFFFAOYSA-N,OEXUGFJXGSYFJL,CUPID,CUPID,
CC1=CNC(=C1C(=O)O[C@@H](C)C2=CC[C@@]34[C@@]2(C[C@H]([C@@]56C3=CC[C@H]7[C@@]5(CC[C@](C7)(O6)O)C)O)CN(CCO4)C)C,1,ISNYUQWBWALXEY-OMIQOYQYSA-N,ISNYUQWBWALXEY,PubChem,6324647,2431264
C1CC1C2=CC(=C(C=C2OCC3CCN(CC3)S(=O)(=O)C4=CC(=C(C=C4)Br)F)F)C(=O)NS(=O)(=O)C5CC5,1,VLIGDXLMKUKWJZ-UHFFFAOYSA-N,VLIGDXLMKUKWJZ,PubChem,118120336,6331
COC1=C(C=C(C=C1)CN2CCC[C@H](C2)OC3=CC(=C(C=C3C4CC4)C(=O)NS(=O)(=O)C)F)OC,1,RIKGAAKYGUUCJR-GOSISDBHSA-N,RIKGAAKYGUUCJR,PubChem,118111139,6331
C[C@@H]1CC[C@H](CN1CC2=CC(=CC(=C2)Cl)Cl)COC3=CC(=C(C=C3C4CC4)C(=O)NS(=O)(=O)C)F,1,OZRIMKPTCZSADH-HZPDHXFCSA-N,OZRIMKPTCZSADH,PubChem,118110984,6331
COc1cc(Cl)ccc1-c1nccc2cc(S(=O)(=O)Nc3ncns3)ccc12,0,KDAGAYPCEDXKET-UHFFFAOYSA-N,KDAGAYPCEDXKET,CUPID,CUPID,
COc1cc(-c2cccc(F)c2)c(C#N)cc1-c1nccc2cc(S(=O)(=O)Nc3ncns3)ccc12,0,ZROWZZRMAOSYMC-UHFFFAOYSA-N,ZROWZZRMAOSYMC,CUPID,CUPID,
CC1=NC(=CC=C1)CN2CCC(CC2)OC3=C(C=C(C=C3)S(=O)(=O)NC4=NC=CS4)Cl,0,CGHBGTPLSVOVBS-UHFFFAOYSA-N,CGHBGTPLSVOVBS,PubChem,132142242,6331
CS(=O)(=O)NC(=O)C1=C(C=C(C(=C1)C2CC2)O[C@@H]3CCCN(C3)CC4=CC(=CC=C4)C(F)(F)F)F,1,JEZPXQKQZQRRMC-GOSISDBHSA-N,JEZPXQKQZQRRMC,PubChem,118110905,6331
Cn1nccc1-c1cc(C(F)(F)F)ccc1-c1c[nH]c2cc(S(=O)(=O)Nc3ncns3)ccc12,1,PHYULFZHOXGPDH-UHFFFAOYSA-N,PHYULFZHOXGPDH,data_nav_dev,CHEMBL3704401,
Cn1nccc1-c1cc(Cl)ccc1Oc1ccc(S(=O)(=O)Nc2cscn2)cc1C#N,1,QJSRSFRNYWWAQQ-UHFFFAOYSA-N,QJSRSFRNYWWAQQ,data_nav_dev,71718630,71718630
Cn1cc(-c2cccc(F)c2F)c2ccc(C(=O)NS(C)(=O)=O)cc21,0,XBOOMOJPCVTGEG-UHFFFAOYSA-N,XBOOMOJPCVTGEG,CUPID,CUPID,
COCCOc1ccc(N2CCOc3cc(S(=O)(=O)Nc4ncns4)ccc32)cc1,1,HXHPBTSNRYEEHP-UHFFFAOYSA-N,HXHPBTSNRYEEHP,data_nav_dev,71712050,71712050
C1=CC=C(C=C1)CCCCN=C(N)NC(=O)C2=CC=CS2,1,UAHRZSFLMXMQQA-UHFFFAOYSA-N,UAHRZSFLMXMQQA,PubChem,22149267,11720863
CC(C)(C)OC(=O)n1cc(-c2cccc(NC(=O)c3cc4ccccc4[nH]3)c2)nc1N,0,RDODCYMNRWTHJS-UHFFFAOYSA-N,RDODCYMNRWTHJS,CUPID,CUPID,
COC1=C(C=C(C(=C1)C2=CC(=CC=C2)F)C#N)C3=NC=NC4=C3C=CC(=C4)S(=O)(=O)NC5=NN=CS5,0,KDCQKJNXPSIRLI-UHFFFAOYSA-N,KDCQKJNXPSIRLI,PubChem,117741812,6331
CS(=O)(=O)NC(=O)C1=C(C=C(C(=C1)C2CC2)OCC3CCN(CC3)CC4=CC(=C(C=C4Cl)Cl)F)F,1,AGNWXMAUWNAUTK-UHFFFAOYSA-N,AGNWXMAUWNAUTK,PubChem,118110847,6331
O=C(NCc1ccc(OC(F)(F)F)cc1)C1c2ccccc2C(=O)N1CCc1ncc(F)cn1,0,LLBIIUQCQIOLNG-UHFFFAOYSA-N,LLBIIUQCQIOLNG,data_nav_dev,CHEMBL2164366,
C1=CC(=CC=C1C2=CN3C(=NN=C3C(F)(F)F)C=C2)OC(F)F,1,LNJRDFHCHGQUJZ-UHFFFAOYSA-N,LNJRDFHCHGQUJZ,PubChem,66849571,27080178
CN1C2=C(C=CC(=C2)C3=CC=CC=C3OCC(C(F)(F)F)(F)F)C(=N1)NCCO,0,JXQJGIKOENCQEQ-UHFFFAOYSA-N,JXQJGIKOENCQEQ,PubChem,122574347,6331
C1CC1C2=CC(=C(C=C2CN3CCC(CC3)OC4=CC(=CC(=C4)Cl)OC(F)(F)F)F)C(=O)N,1,AHLGPCZDAPQKRY-UHFFFAOYSA-N,AHLGPCZDAPQKRY,PubChem,118120684,6331
CC1=C(C(=C(C=C1OC2CCN(CC2)CC3=CC=CC=C3)F)S(=O)(=O)NC4=CSC=N4)F,0,CPOQFLRCXBWCNV-UHFFFAOYSA-N,CPOQFLRCXBWCNV,PubChem,132141438,6331
CS(=O)(=O)NC(=O)C1=C(C=C(C(=C1)C2CC2)OCC3CN(C3)[C@H](C4=CC=CC=C4)C5=CC=CC=C5F)F,1,WEOKXLHSGGJADC-HHHXNRCGSA-N,WEOKXLHSGGJADC,PubChem,118111313,6331
CS(=O)(=O)NC(=O)C1=C(C=C(C(=C1)C2CC2)OCC3CCN(CC3)C4=CC(=CC(=C4)Cl)Cl)F,1,SWJVLLZRHPUGDQ-UHFFFAOYSA-N,SWJVLLZRHPUGDQ,PubChem,118110775,6331
CN(C1CCN(CC1)CC2=CC=CC=C2)C3=CC(=C(C=C3Cl)S(=O)(=O)NC4=NC=CS4)F,0,UGUIXQQJCIAWSG-UHFFFAOYSA-N,UGUIXQQJCIAWSG,PubChem,132141424,6331
CN1C=CC(=N1)CN2CC[C@@H](C2)N(C)C3=CC(=C(C=C3Cl)S(=O)(=O)NC4=CSC=N4)F,0,CZUOHNUIYFJHCJ-AWEZNQCLSA-N,CZUOHNUIYFJHCJ,PubChem,132141368,6331
CC(C)COC1=C(C=C(C=N1)OC2=NC=CC3=C2C=CC(=C3)C(=O)NS(=O)(=O)C)Cl,1,AMKPKSZQHZTGRM-UHFFFAOYSA-N,AMKPKSZQHZTGRM,PubChem,155529326,27441383
C1CNC[C@H]([C@@H]1COC2=CC(=C(C=C2F)S(=O)(=O)NC3=NC=NS3)F)C4=CC=C(C=C4)F,1,XSBUZAIFXFCWIN-ZFWWWQNUSA-N,XSBUZAIFXFCWIN,PubChem,89556066,25176194
C1C[C@H](CN(C1)CC2=CC(=CC(=C2)Cl)Cl)OC3=CC(=C(C=C3C4CC4)C(=O)NS(=O)(=O)N5CCC5)F,1,IEWMCDPSWSWJNF-HXUWFJFHSA-N,IEWMCDPSWSWJNF,PubChem,118120240,6331
C[C@H](C1=CC(=CC(=C1)Cl)Cl)N2CCC(CC2)(COC3=CC(=C(C=C3C4CC4)C(=O)NS(=O)(=O)C)F)F,1,FUFQYXJEKPAYHJ-OAHLLOKOSA-N,FUFQYXJEKPAYHJ,PubChem,118110729,6331
Fc1cncc(-c2nc3cc(F)c(F)cc3n2C2CC2)c1,0,ZCWSKWSPXNSPLS-UHFFFAOYSA-N,ZCWSKWSPXNSPLS,CUPID,CUPID,
CC1=CC(=C(C=C1N(C)[C@H]2CCN(C2)CC3=NC(=CS3)C)F)S(=O)(=O)NC4=CSC=N4,0,YQUPJKLEJYAKKK-HNNXBMFYSA-N,YQUPJKLEJYAKKK,PubChem,132142529,6331
C1=C(C=C2C(=C1C(F)(F)F)N=C(N2)CNC(=O)CN)C(F)(F)F,0,TWXCYETVTGQUSO-UHFFFAOYSA-N,TWXCYETVTGQUSO,PubChem,88924623,6331
CC1=C(C=CC=N1)C2=C(C=CC=C2NC(=O)C3=CC=CC(=C3)C4=C(C=CC=N4)C(F)(F)F)C(F)(F)F,1,GXQQARVXYNJKOH-UHFFFAOYSA-N,GXQQARVXYNJKOH,PubChem,137647076,28684121
CN1CCC(CCNc2cc(F)c(S(=O)(=O)Nc3nccs3)cc2Cl)CC1,0,HWTRXDHEJRPGBM-UHFFFAOYSA-N,HWTRXDHEJRPGBM,CUPID,CUPID,
CN([C@H]1CCN(C1)CC2=CC=C(O2)C(F)(F)F)C3=CC(=C(C=C3Cl)S(=O)(=O)NC4=CSC=N4)F,0,RMBMVMBQHSMKOF-LBPRGKRZSA-N,RMBMVMBQHSMKOF,PubChem,132142039,6331
C1=CC(=CC=C1C2=CN3C(=NN=C3C(F)(F)F)C=C2)F,1,JRFSHEFJMJFXNE-UHFFFAOYSA-N,JRFSHEFJMJFXNE,PubChem,127044262,27080178
Cc1ccc(-n2[nH]c(C)c(N=Nc3cccc(-c4cccc(C(=O)O)c4)c3O)c2=O)cc1C,0,SVOQIEJWJCQGDQ-UHFFFAOYSA-N,SVOQIEJWJCQGDQ,CUPID,CUPID,
COC1=C(C=C(C(=C1)C2=C(N=CC(=C2)F)OC)C#N)C3=NC=NC4=C3C=CC(=C4)S(=O)(=O)NC5=NN=CS5,0,JSUHPWGSOSTQIK-UHFFFAOYSA-N,JSUHPWGSOSTQIK,PubChem,117741690,6331
CNCCN(C)C1=C(C=CC(=C1)C#N)NC2=CC(=C(C=C2Cl)S(=O)(=O)NC3=NC=C(C=N3)F)F,0,ZKYZLRBUFHNYEK-UHFFFAOYSA-N,ZKYZLRBUFHNYEK,PubChem,129136219,6331
CS(=O)(=O)NC(=O)C1=C(C=C(C(=C1)C2CC2)OCC3CCN(CC3)C4(COC4)C5=CC(=CC(=C5)Cl)Cl)F,1,MMUQDMQKMOLLET-UHFFFAOYSA-N,MMUQDMQKMOLLET,PubChem,118111135,6331
C1COC2C1(CCO2)CNC3=CC(=C(C=C3Cl)S(=O)(=O)NC4=NC=CS4)F,1,XWMXOCYELLGRQF-UHFFFAOYSA-N,XWMXOCYELLGRQF,PubChem,134477076,28818462
Nc1nnc(-c2cccc(Cl)c2Cl)c(N)n1,0,PYZRQGJRPPTADH-UHFFFAOYSA-N,PYZRQGJRPPTADH,CUPID,CUPID,
C1CC(CCC1CNC2=CC(=C(C=C2Cl)S(=O)(=O)NC3=NC=CS3)F)N,1,UDLDRWWTJMCAEM-UHFFFAOYSA-N,UDLDRWWTJMCAEM,PubChem,134477062,28234467
CN(C)C1=CC=C(C=C1)C(=O)N2CCC3(CC2)C4=CC=CN4C5=C(N3)C=C(C=C5)OC,1,AVOALNAAWZWOQC-UHFFFAOYSA-N,AVOALNAAWZWOQC,PubChem,118710324,25113934
COc1cc(C(F)(F)F)ccc1-c1ncc(F)c2cc(S(=O)(=O)Nc3ncns3)ccc12,0,RIJMZEVGOXDRBY-UHFFFAOYSA-N,RIJMZEVGOXDRBY,CUPID,CUPID,
CS(=O)(=O)NC(=O)C1=C(C=C(C(=C1)C2CC2)OCC3CCN(CC3)C(C4=CC=CC=C4)C5=CC(=CC(=C5)Cl)Cl)F,1,QYRGQKYFSMLZTB-UHFFFAOYSA-N,QYRGQKYFSMLZTB,PubChem,118110703,6331
COc1cc(C(F)(F)F)ccc1-c1nccc2c1CCN(S(=O)(=O)Nc1ncns1)C2,1,BBPRKEXJCZTNGZ-UHFFFAOYSA-N,BBPRKEXJCZTNGZ,data_nav_dev,71737064,71737064
COc1cc2nnc(C(N)=O)c(Nc3ccc(C)cc3F)c2cc1N1CC(C)NC(C)C1,0,YVFFXPPCYCZALQ-UHFFFAOYSA-N,YVFFXPPCYCZALQ,CUPID,CUPID,
C1=CC(=CC=C1C2=NC3=CC=NN3C=C2)OC(F)(F)F,1,AJTLZXBEQAQOBC-UHFFFAOYSA-N,AJTLZXBEQAQOBC,PubChem,127044899,27080178
C1CC[C@H]([C@@H](C1)N2CCOCC2)OCCC3=CC=CC4=CC=CC=C43,1,JQQLXARPNNPHPC-FGZHOGPDSA-N,JQQLXARPNNPHPC,PubChem,9927877,17506538
CC(C)COc1ncc(-c2ccc(C(=O)NS(C)(=O)=O)c(F)c2)cc1Cl,0,ADGZWOZBIZSNNI-UHFFFAOYSA-N,ADGZWOZBIZSNNI,CUPID,CUPID,
O=C(NS(=O)(=O)C1CC1)c1cc(C2CC2)c(OCC2CCC(F)(F)CC2)cc1F,1,RQJYQECMAVLMJI-UHFFFAOYSA-N,RQJYQECMAVLMJI,data_nav_dev,CHEMBL3657998,
O=S(=O)(Nc1ncns1)N1CCc2c(cccc2-c2ccc(Cl)cc2)C1,1,ZLNYEWDUKJWZID-UHFFFAOYSA-N,ZLNYEWDUKJWZID,data_nav_dev,117094747,117094747
O=C1c2cc(-c3ccc(OC(F)(F)F)cc3)ccc2OCCN1Cn1cc(Cl)cn1,1,QVKQFLGRPLWRPB-UHFFFAOYSA-N,QVKQFLGRPLWRPB,data_nav_dev,CHEMBL3955754,
CC1(CN(CCC1OC2=C(C=C(C=C2)S(=O)(=O)NC3=NC=NS3)Cl)CC4=CC(=CC(=C4)Cl)Cl)C,0,MAAKPAQWKPCAOK-UHFFFAOYSA-N,MAAKPAQWKPCAOK,PubChem,132142226,6331
CC12C(CCO1)(CCO2)CNC3=CC(=C(C=C3Cl)S(=O)(=O)NC4=NC=CS4)F,1,SMJNFNISZRZOOL-UHFFFAOYSA-N,SMJNFNISZRZOOL,PubChem,137645931,28818462
O=S1(=O)c2cc(-c3ccc(C(F)(F)F)cc3)ccc2OCCN1Cc1ncccn1,1,WLLZJUCQLWLBMF-UHFFFAOYSA-N,WLLZJUCQLWLBMF,data_nav_dev,CHEMBL3893160,
O=C1c2cc(-c3ccc(F)cc3)ccc2OCCN1Cc1ncccn1,1,NAMHKKKOOFEVTH-UHFFFAOYSA-N,NAMHKKKOOFEVTH,data_nav_dev,CHEMBL3937983,
CC1(CCN(CC1)CC2=C(C(=CC(=C2)C(F)(F)F)Cl)F)COC3=CC(=C(C=C3C4CC4)C(=O)NS(=O)(=O)C)F,1,VCYUDKGDSCTDPU-UHFFFAOYSA-N,VCYUDKGDSCTDPU,PubChem,118110477,6331
COc1ncc(-c2ccccc2CCNC(=O)c2ccc(OCCC(F)(F)F)nc2)cn1,0,YQIBYOQCHNPMPP-UHFFFAOYSA-N,YQIBYOQCHNPMPP,CUPID,CUPID,
O=S(=O)(Nc1nccs1)c1ccc2c(c1)OCCN2c1ccccc1Cl,1,JIUSFZSCMYJTBW-UHFFFAOYSA-N,JIUSFZSCMYJTBW,data_nav_dev,89761789,89761789
O=S(=O)(Nc1ncns1)N1CCc2c(cccc2-c2cccc3c2CCNC3)C1,1,ZQSQBTAGTXPVLF-UHFFFAOYSA-N,ZQSQBTAGTXPVLF,data_nav_dev,71735939,71735939
N#Cc1c(F)cccc1N1CCOc2cc(S(=O)(=O)Nc3nccs3)ccc21,1,HMVLRCNDXJZNLV-UHFFFAOYSA-N,HMVLRCNDXJZNLV,data_nav_dev,CHEMBL3924938,
C1CN(CCN1[C@H](C2=CC=CC=C2)C(=O)NCC3=CC=CC=C3)C(=O)C4=C(C=CC(=C4)F)Cl,1,AKAQZLFYNGRABJ-XMMPIXPASA-N,AKAQZLFYNGRABJ,PubChem,145982684,30108793
C1CN(CCC1OC2=NC=NC3=C2C=CN3CC4=C(C(=CC=C4)F)F)CC5=CC=CC=N5,1,PNUXVRFTINUPJH-UHFFFAOYSA-N,PNUXVRFTINUPJH,PubChem,70695785,22318156
COc1ccc2c(c1)NC1(CCC(NC(=O)c3ccc(OC)c(N(C)C)c3)CC1)c1cccn1-2,0,KERGPEHQCLRISX-UHFFFAOYSA-N,KERGPEHQCLRISX,CUPID,CUPID,
N#Cc1cccc(F)c1N1CCOc2cc(S(=O)(=O)Nc3nccs3)ccc21,1,WHYLNEOTAFIROI-UHFFFAOYSA-N,WHYLNEOTAFIROI,data_nav_dev,CHEMBL3902869,
O=C(c1cccc(C(F)(F)F)n1)N1CCOc2ccc(-c3ccc(OC(F)(F)F)cc3)cc2C1,1,WUBAHZMTIPHTRI-UHFFFAOYSA-N,WUBAHZMTIPHTRI,data_nav_dev,CHEMBL3904675,
CS(=O)(=O)NC(=O)c1ccc(-c2ccc(Cl)c(Cl)c2)cc1,0,OANGKKPLBYQNSA-UHFFFAOYSA-N,OANGKKPLBYQNSA,CUPID,CUPID,
CCn1c(-c2cnc(C)nc2)nc2c(NC3CCN(C(=O)C4CC4)C3)ncnc21,0,DADGJAZOHPBTCZ-UHFFFAOYSA-N,DADGJAZOHPBTCZ,CUPID,CUPID,
CN([C@H]1CCN(C1)CC2=CC=CC=C2F)C3=CC(=C(C=C3Cl)S(=O)(=O)NC4=CSC=N4)F,0,XIHHQADCVGDUNT-HNNXBMFYSA-N,XIHHQADCVGDUNT,PubChem,132141440,6331
C1CN2C(=N[C@H]([C@H]3[C@]2(C1(O)O)NC(=N3)N)COC(=O)N)N,1,RPQXVSUAYFXFJA-HGRQIUPRSA-N,RPQXVSUAYFXFJA,PubChem,56947150,31012583
O=C1c2cc(-c3ccc(C(F)(F)F)cc3)cc(F)c2OCCN1Cc1ccccc1,1,IQIINYHQMVVGEK-UHFFFAOYSA-N,IQIINYHQMVVGEK,data_nav_dev,CHEMBL3906664,
CNC1CCN(C1)C2=C(C=CC(=C2)F)NC3=CC(=C(C=C3Cl)S(=O)(=O)NC4=CSC=N4)F,0,HLVQEVJPDKUISY-UHFFFAOYSA-N,HLVQEVJPDKUISY,PubChem,129136171,6331
COc1ccc(CCN2C(=O)N(NS(C)(=O)=O)CC2c2ccc(OC)cc2)cc1,0,GFFIHDXPUGXVGG-UHFFFAOYSA-N,GFFIHDXPUGXVGG,CUPID,CUPID,
COC1=C(C=C(C(=C1)C2=CC(=C(C=C2)F)Cl)C#N)C3=NC=CC4=C3C=CC(=C4)S(=O)(=O)NC5=NC=NC=C5,1,AWJWMBRELDQAHZ-UHFFFAOYSA-N,AWJWMBRELDQAHZ,PubChem,121333948,6331
COc1cc(C(=O)NS(C)(=O)=O)ccc1-c1cnc(Oc2cc(Cl)cnc2OC)c(Cl)c1,0,XGHTXKCYYYQBKG-UHFFFAOYSA-N,XGHTXKCYYYQBKG,CUPID,CUPID,
CNC1CCN(C1)C2=C(C=CC(=C2)F)NC3=CC(=C(C=C3Cl)S(=O)(=O)NC4=NC=CN=C4)F,0,BVTCAYTZRQVLBC-UHFFFAOYSA-N,BVTCAYTZRQVLBC,PubChem,129136274,6331
CC1(CCN(CC1)C(=O)C2=CC(=C(C=C2F)Cl)Cl)COC3=CC(=C(C=C3C4CC4)C(=O)NS(=O)(=O)C)F,1,NBEBBBQDSOMUAC-UHFFFAOYSA-N,NBEBBBQDSOMUAC,PubChem,118110942,6331
CC1(C)CCOc2c(Cl)cc(CN3CCC4(CC3)CC(=O)N(c3ccc(C(=O)O)cc3)C4)cc21,1,SPKKAJSHCXENCX-UHFFFAOYSA-N,SPKKAJSHCXENCX,data_nav_dev,CHEMBL4284867,
CC(C)(C1=CC=CC=C1)N2CCC(CC2)OC3=CC(=C(C=C3Cl)S(=O)(=O)NC4=NC=CS4)F,0,RLMPGQQNYHZRBZ-UHFFFAOYSA-N,RLMPGQQNYHZRBZ,PubChem,132142436,6331
O=C(c1ccccc1)c1ccccc1OCC(O)CN1CCC(N2C(=O)Cc3ccccc32)CC1,0,VFJLUSQFBJYEIR-UHFFFAOYSA-N,VFJLUSQFBJYEIR,data_nav_dev,CHEMBL3634328,
CCS(=O)(=O)NC(=O)C1=C(C=C(C(=C1)C2CC2)OCC3CCN(CC3)[C@@H](C4=CC(=CC(=C4)Cl)Cl)C(F)F)F,1,UHNGVVPJTQLYJP-DEOSSOPVSA-N,UHNGVVPJTQLYJP,PubChem,118110743,6331
O=S(=O)(Nc1ncns1)c1ccc2c(c1)NCCN2c1ccc(C(F)(F)F)cc1Cl,1,FEAISHMOPQHDTA-UHFFFAOYSA-N,FEAISHMOPQHDTA,data_nav_dev,CHEMBL3891509,
O=C(Cn1cnc2ccccc2c1=O)Nc1ccc(CC2CCC(C(O)c3ccccc3)N2)cc1,0,RJTCPQUWULEEAK-UHFFFAOYSA-N,RJTCPQUWULEEAK,CUPID,CUPID,
CS(=O)(=O)NC(=O)c1cc(F)c(-c2ccc(Cl)c(Cl)c2)cc1F,0,WIWHRSVNWQQXEW-UHFFFAOYSA-N,WIWHRSVNWQQXEW,CUPID,CUPID,
O=S(=O)(CC1CC1)c1n[nH]c(-c2cc(F)c(-c3cnc(Oc4ccc(F)cc4F)c(Cl)c3)cc2F)n1,0,ANXJUGAGJBHGCX-UHFFFAOYSA-N,ANXJUGAGJBHGCX,CUPID,CUPID,
CC1=CC(=CC(=C1OC2=C(C=C(C=N2)C3=CC(=C(C=C3C)C(=O)NS(=O)(=O)C4=NC=CS4)F)Cl)Cl)Cl,1,YTFBGOIIROWIRX-UHFFFAOYSA-N,YTFBGOIIROWIRX,PubChem,122422398,6331
CC(C)n1cc(-c2ccc(C(F)(F)F)cc2-c2ccnn2C)c2ccc(S(=O)(=O)Nc3ncns3)cc21,1,FBRGUJAWTRRULB-UHFFFAOYSA-N,FBRGUJAWTRRULB,data_nav_dev,71263839,71263839
C1C[C@@H](C[C@@H](C1)O)CNC2=CC(=C(C=C2Cl)S(=O)(=O)NC3=NC=CS3)F,1,IGVXQZZYKDNDIF-WDEREUQCSA-N,IGVXQZZYKDNDIF,PubChem,137655914,28818462
O=S(=O)(Nc1ncns1)c1cc(F)c(OC2OCCNC2c2ccc3ncccc3c2)cc1F,0,ZBWZKAJHOJNAGP-UHFFFAOYSA-N,ZBWZKAJHOJNAGP,CUPID,CUPID,
O=C(c1ccc2cc(Oc3ccc(C(F)(F)F)cn3)ccc2n1)N1CCCC1,0,JLCKYXMWUDMBNX-UHFFFAOYSA-N,JLCKYXMWUDMBNX,CUPID,CUPID,
Cn1cc(-c2ccc(OC(F)(F)F)cc2)c2ccc(C(=O)NS(C)(=O)=O)cc21,0,WOSBEAAHEOZUHX-UHFFFAOYSA-N,WOSBEAAHEOZUHX,CUPID,CUPID,
CC(C)OC1=C(C=C(C=N1)OC2=C(C=C(C=C2)C(=O)NS(=O)(=O)N3CCC3)C4CC4)Cl,1,KDWZVLNSPAVNDT-UHFFFAOYSA-N,KDWZVLNSPAVNDT,PubChem,90021910,6331
CCCCOC1=CC=C(C=C1)C(=O)NC(=NCCCCC2=CC=CC=C2)N,1,GRLGZDKCJLINRL-UHFFFAOYSA-N,GRLGZDKCJLINRL,PubChem,10316911,11720863
C1CN(CCC1C2=NC(=NO2)C3=CC=CC=C3C(F)(F)F)C(=O)NC4CC4C5=CC=CC=C5,1,AEUILRDAXLSTHQ-UHFFFAOYSA-N,AEUILRDAXLSTHQ,PubChem,45269104,19645482
C1=CC(=CC(=C1)N2C(=CC(=N2)C(=O)N)C(=O)N)C3=C(C=CC(=C3)C(F)(F)F)C(F)(F)F,1,MIGUNWYRDMCMDZ-UHFFFAOYSA-N,MIGUNWYRDMCMDZ,PubChem,50925404,21106456
C1CC1C2=CC(=C(C=C2CN3CCC(CC3)OC4=CC(=C(C=C4)Cl)C(F)(F)F)F)C(=O)NS(=O)(=O)C5CC5,1,VHLWACKXXKBLHN-UHFFFAOYSA-N,VHLWACKXXKBLHN,PubChem,118353548,6331
CC[C@@H](C1=CC=CC=C1Cl)N2CC[C@@H](C2)N(C)C3=CC(=C(C=C3Cl)S(=O)(=O)NC4=CSC=N4)F,1,GFWUPPFASWIJKV-YWZLYKJASA-N,GFWUPPFASWIJKV,PubChem,132141711,6331
CS(=O)(=O)NC(=O)C1=C(C=C(C(=C1)C2CC2)O[C@@H]3CCCN(C3)[C@H](C4=C(C=C(C=C4)F)Cl)C(F)(F)F)F,1,SAECGYZACNUJAE-IVZQSRNASA-N,SAECGYZACNUJAE,PubChem,118120320,6331
C1=CC(=CC=C1NC2=NC(=CN=C2)N)OC3=CC=C(C=C3)OC(F)(F)F,1,YBPKUYHMTYRITD-UHFFFAOYSA-N,YBPKUYHMTYRITD,PubChem,57328465,22306122
C1=CC=C2C(=C1)C(N(C2=O)CCCC3=CC=CC=N3)C(=O)NCC4=CC=C(C=C4)OC(F)(F)F,1,GJIRLHHTNZRIPN-UHFFFAOYSA-N,GJIRLHHTNZRIPN,PubChem,44545055,22770500
O=C(O)C[C@]1(CC(F)(F)F)CCc2cc(-c3cnc(NC(=O)Nc4ccc(F)c(F)c4)cn3)ccc2C1=O,1,OTKTZEZTFCAULO-DEOSSOPVSA-N,OTKTZEZTFCAULO,data_nav_dev,CHEMBL4173715,
C1CNC[C@H](C1C2=CC(=C(C=C2F)F)F)COC3=CC(=C(C=C3F)S(=O)(=O)NC4=NC=NS4)F,0,CXZDUWKESZWTPN-VUWPPUDQSA-N,CXZDUWKESZWTPN,PubChem,117625375,6331
CS(=O)(=O)NC(=O)C1=C(C=C(C(=C1)C2CC2)O[C@@H]3CCCN(C3)CC4=NC(=CC(=C4)C(F)(F)F)C5CC5)F,1,VKRFQEVWFMGEEK-LJQANCHMSA-N,VKRFQEVWFMGEEK,PubChem,118120661,6331
COc1cc(-c2cccc(C(F)(F)F)c2)c(C#N)cc1-c1nccc2cc(S(=O)(=O)Nc3nncs3)ccc12,0,NFZXJOSOCGUHFE-UHFFFAOYSA-N,NFZXJOSOCGUHFE,CUPID,CUPID,
C1COC2=CC(=C(C=C2N1C3=C(C=C(C=C3)C(F)(F)F)C#N)F)S(=O)(=O)NC4=NC=CS4,1,YYWBVRDWEWYDOV-UHFFFAOYSA-N,YYWBVRDWEWYDOV,PubChem,71711979,28629594
CN1C=C(C2=C1C=C(C=C2)C(=O)NS(=O)(=O)C3CC3)C4=CC=C(C=C4)C(F)(F)F,1,HGPYCSZDDXUPFB-UHFFFAOYSA-N,HGPYCSZDDXUPFB,PubChem,132020544,30576602
O=S(=O)(Nc1ncns1)c1ccc2c(-c3ccc(C(F)(F)F)cc3O)cccc2c1,1,QMVCLINXNJGGFP-UHFFFAOYSA-N,QMVCLINXNJGGFP,data_nav_dev,CHEMBL3682649,
CC1=C(C(=C(C=C1NC2(CN(C2)CC3=CC=CC=C3)C)F)S(=O)(=O)NC4=CSC=N4)F,0,WLKWVNKLRCOHFZ-UHFFFAOYSA-N,WLKWVNKLRCOHFZ,PubChem,132141532,6331
C1CN(CCN1[C@H](C2=CC=C(C=C2)C#N)C(=O)NCC3=CC=CC=C3)C(=O)C4=CC(=CC(=C4)F)F,1,MMKDIMGMOCXHAH-RUZDIDTESA-N,MMKDIMGMOCXHAH,PubChem,145979881,30108793
C[C@H](C1=CC(=CC(=C1)Cl)Cl)N2CCC(CC2)COC3=CC(=C(C=C3C4CC4)C(=O)NS(=O)(=O)C)F,1,SXOAHIZWCZOILH-OAHLLOKOSA-N,SXOAHIZWCZOILH,PubChem,118110503,6331
CC1=C(C=CC(=C1)OC2=NC=CC3=C2C=CO3)C4=C(N=CC5=NC=CN54)C,1,HWAIAGZSWHOLLK-UHFFFAOYSA-N,HWAIAGZSWHOLLK,PubChem,75201901,30431269
COC1=C(C=C(C(=C1)C2=CC(=C(C=C2)F)F)C#N)C3=NC=CC4=C3C=CC(=C4)S(=O)(=O)NC5=NOC=C5,0,UESOFZXOEMHNCW-UHFFFAOYSA-N,UESOFZXOEMHNCW,PubChem,121333911,6331
CC1=C(C=C(C=C1)C2=CC(=C(C=C2C#N)C3=NC=CC4=C3C=CC(=C4)S(=O)(=O)NC5=NOC=C5)OC)F,0,YLDINQXAAGBSNT-UHFFFAOYSA-N,YLDINQXAAGBSNT,PubChem,121333879,6331
CCS(=O)(=O)NC(=O)C1=C(C=C(C(=C1)C2CC2)OCC3CCN(CC3)CC4=CC(=CC(=C4)Cl)C(F)(F)F)F,1,RJZUNWGDQAGCHL-UHFFFAOYSA-N,RJZUNWGDQAGCHL,PubChem,118111208,6331
N#Cc1cc(S(=O)(=O)Nc2ncns2)ccc1Oc1ccc(Cl)cc1-c1ccnc(N)c1,1,GGHBVUAXMMWOPA-UHFFFAOYSA-N,GGHBVUAXMMWOPA,data_nav_dev,CHEMBL2325013,
CC1=CN=C(C=C1)CN2CCC(CC2)OC3=NC=NC4=C3C=CN4CC5=CC=CC=C5,1,NSBIALIUYQEBEH-UHFFFAOYSA-N,NSBIALIUYQEBEH,PubChem,70683187,22318156
O=C1c2cc(-c3ccc(OC(F)(F)F)cc3)ccc2OCCN1CCCS(=O)(=O)N1CCC1,1,LMQYYNKCCVTNKO-UHFFFAOYSA-N,LMQYYNKCCVTNKO,data_nav_dev,CHEMBL3948624,
O=S(=O)(Nc1nccs1)c1ccc2c(c1)OCCN2c1ccccc1C(F)(F)F,1,ZHHIPNNUKPHVSZ-UHFFFAOYSA-N,ZHHIPNNUKPHVSZ,data_nav_dev,CHEMBL3915316,
CC1=NOC(=N1)CN2C(=O)N3C=C(C=CC3=N2)C4=CC=C(C=C4)OC(F)(F)F,1,CIUYUJJQZDDGTM-UHFFFAOYSA-N,CIUYUJJQZDDGTM,PubChem,56595883,27038498
CNCC1=NC2=C(C=C(C=C2N1)C(F)(F)F)C(F)(F)F,0,PEJUVFLXTQGLKO-UHFFFAOYSA-N,PEJUVFLXTQGLKO,PubChem,60194708,6331
CS(=O)(=O)NC(=O)C1=C(C=C(C(=C1)C2CC2)OCC3CN(C3)C4=NC=C(C(=C4)C(F)(F)F)Cl)F,1,OXIBUPUBHKVZRW-UHFFFAOYSA-N,OXIBUPUBHKVZRW,PubChem,118120599,6331
O=C(c1ccc(CC2CCC(C(O)c3ccccc3)N2)cc1)N1CCN(Cc2nnn(CC(F)(F)F)n2)CC1,0,XDPRLMFRTWZRRY-UHFFFAOYSA-N,XDPRLMFRTWZRRY,CUPID,CUPID,
CC(C)COC1=C(C=C(C=N1)C2=CC(=C(C=C2F)C3=NNC(=N3)S(=O)(=O)CC4CC4)F)Cl,1,YAKUACDRCDWUNN-UHFFFAOYSA-N,YAKUACDRCDWUNN,PubChem,145962160,29709252
N#CCCN1C(=O)c2ccccc2C1C(=O)NCc1ccc(OC(F)(F)F)cc1,0,ODMIZDMPOAVBLL-UHFFFAOYSA-N,ODMIZDMPOAVBLL,data_nav_dev,44543890,44543890
CNC(=O)c1c(-c2ccc(F)cc2)oc2cc(N(C)S(C)(=O)=O)c(-c3ccc4c(n3)-c3cc5c(F)cccc5n3CC4)cc12,0,MURUVADFDBVLDP-UHFFFAOYSA-N,MURUVADFDBVLDP,CUPID,CUPID,
C1COCC1CNC2=CC(=C(C=C2Cl)S(=O)(=O)NC3=NC=CS3)F,1,VZULMCMVHNUHKQ-UHFFFAOYSA-N,VZULMCMVHNUHKQ,PubChem,134477275,28818462
Clc1ccc(CCOC2CCCCC2N2CCOCC2)cc1Cl,0,XYNMOULGJNGXPD-UHFFFAOYSA-N,XYNMOULGJNGXPD,CUPID,CUPID,
C1C[C@@H](CN(C1)CC2=C(C=C(C=C2)F)Cl)COC3=CC(=C(C=C3C4CC4)C(=O)NS(=O)(=O)C5CC5)F,1,RJJRKJYXPONNFC-INIZCTEOSA-N,RJJRKJYXPONNFC,PubChem,118111454,6331
CN(C)C1=NN=C2N1C=C(C=C2)C3=CC=C(C=C3)OC(F)(F)F,1,GIMWDFPGQNEHNI-UHFFFAOYSA-N,GIMWDFPGQNEHNI,PubChem,66849946,27080178
Cc1cc(-c2cccc(F)c2)ccc1-c1nccc2cc(S(=O)(=O)Nc3ccncn3)ccc12,0,VMRKNPRTVBVORW-UHFFFAOYSA-N,VMRKNPRTVBVORW,CUPID,CUPID,
C[C@H](C1=CC(=CC(=C1)Cl)Cl)N2CCC(CC2)COC3=C(C=C(C(=C3)F)C(=O)NS(=O)(=O)C)Cl,1,DLVHLOHKEQWDBO-CYBMUJFWSA-N,DLVHLOHKEQWDBO,PubChem,118110604,6331
O=C1c2cc(-c3ccc(Cl)c(F)c3)ccc2OCCN1Cc1ccccn1,1,HIMBGARPISDCHO-UHFFFAOYSA-N,HIMBGARPISDCHO,data_nav_dev,CHEMBL3891751,
CN1CC=C(c2ccc(C(F)(F)F)cc2-c2cccc3c2CCN(S(=O)(=O)Nc2ncc(F)s2)C3)CC1,1,GPFJATGTAHFICK-UHFFFAOYSA-N,GPFJATGTAHFICK,data_nav_dev,CHEMBL3683252,
COc1cc(-c2cccc(F)c2)c(C#N)cc1-c1nccc2cc(S(=O)(=O)Nc3nncs3)ccc12,0,WTEDGDIMGZBXLR-UHFFFAOYSA-N,WTEDGDIMGZBXLR,CUPID,CUPID,
C1=CC(=CC=C1C2=CN3C(=NN=C3C(F)(F)F)C=C2)C(F)(F)F,1,YGBYNGMZCPBWAZ-UHFFFAOYSA-N,YGBYNGMZCPBWAZ,PubChem,87178572,27080178
CSc1ccc(C2N=C(OCc3ccc(NS(C)(=O)=O)cc3)N(C)Cc3ccccc32)cc1,0,DFJHHZAILUSFCZ-UHFFFAOYSA-N,DFJHHZAILUSFCZ,CUPID,CUPID,
Nc1nc2c(s1)CC(CNC(=O)c1cc(Br)c(Br)[nH]1)CC2,0,VALBVPDTALTKAF-UHFFFAOYSA-N,VALBVPDTALTKAF,CUPID,CUPID,
CC1(CN2Cc3nc(-c4ccc(F)cc4)sc3C2)CN=C(N)O1,0,WUQLEOOOWJRETO-UHFFFAOYSA-N,WUQLEOOOWJRETO,CUPID,CUPID,
CC1=CC=C(S1)CN2CC[C@@H](C2)N(C)C3=CC(=C(C=C3Cl)S(=O)(=O)N(C4=CSC=N4)C(=O)[O-])F,0,GLTHTEWNBPVJAG-AWEZNQCLSA-M,GLTHTEWNBPVJAG,PubChem,145866039,6331
C1CN(C1)S(=O)(=O)NC(=O)C2=C(C=C(C(=C2)C3CC3)CN4CCO[C@@H](C4)CC5=CC(=C(C=C5)Cl)Cl)F,1,NEWRVLYCADPFOU-LJQANCHMSA-N,NEWRVLYCADPFOU,PubChem,118120752,6331
Cn1nccc1-c1cc(C(F)(F)F)ccc1-c1cn(C)c2cc(S(=O)(=O)Nc3nccs3)ccc12,1,GYNDRZDRTRXCFQ-UHFFFAOYSA-N,GYNDRZDRTRXCFQ,data_nav_dev,CHEMBL3704406,
CN1C=C(C2=C1C=C(C=C2)C(=O)NS(=O)(=O)C3CC3)C4CCCCC4,1,UYMMSPWMWQCYDE-UHFFFAOYSA-N,UYMMSPWMWQCYDE,PubChem,155526268,30638874
Cn1cc(-c2cnc(OCC3CC3)c(Cl)c2)c2ccc(C(=O)NS(=O)(=O)C3CC3)cc21,0,KYKNUVNUVQMZFY-UHFFFAOYSA-N,KYKNUVNUVQMZFY,CUPID,CUPID,
C[C@H](C1=C(C(=CC(=C1)Cl)Cl)F)N2CCC(CC2)COC3=CC(=C(C=C3C4CC4)C(=O)NS(=O)(=O)C)F,1,ZYWBKPBGYHQNDP-CQSZACIVSA-N,ZYWBKPBGYHQNDP,PubChem,118110988,6331
C1CN(C[C@@H](C1(F)F)OC2=NC3=CC=CC=C3C=C2)C(=O)C4=NC=CC5=C4C=CN5,1,GOISMCPNVMISAY-SFHVURJKSA-N,GOISMCPNVMISAY,PubChem,90286327,27818110
CC1(CO[C@@H](CN1CC2=CC(=C(C=C2C3CC3)C(=O)NS(=O)(=O)C)F)CC4=CC(=CC(=C4)Cl)Cl)C,1,OETZKAGCLMZSKS-HXUWFJFHSA-N,OETZKAGCLMZSKS,PubChem,118110617,6331
O=S(=O)(Nc1nccs1)c1ccc2c(c1)OCCN2c1cccc2ccncc12,1,YIYIHOOPTATGMR-UHFFFAOYSA-N,YIYIHOOPTATGMR,data_nav_dev,89761868,89761868
O=S(=O)(Nc1nccs1)c1cc(Cl)c(NCCC2CNC2)cc1F,0,KRBZMGJRGYZYBD-UHFFFAOYSA-N,KRBZMGJRGYZYBD,CUPID,CUPID,
CS(=O)(=O)NC(=O)C1=C(C=C(C(=C1)C2CC2)O[C@@H]3CCCN(C3)CC4=C(C=CC=C4Cl)Cl)F,1,OIIRMTTVVOPXSY-OAHLLOKOSA-N,OIIRMTTVVOPXSY,PubChem,118120278,6331
O=C(NCc1ccc(OC(F)(F)F)cc1)C1c2ccccc2C(=O)N1C1CCOCC1,0,ICGMZCVSHDKQTE-UHFFFAOYSA-N,ICGMZCVSHDKQTE,data_nav_dev,CHEMBL2164371,
Cc1cc(C#N)cc(N2CCOc3cc(S(=O)(=O)Nc4nccs4)ccc32)c1,1,LCRPTZQRDMYLHU-UHFFFAOYSA-N,LCRPTZQRDMYLHU,data_nav_dev,71712183,71712183
Cc1cc(N2CCOc3cc(S(=O)(=O)Nc4nccs4)ccc32)cc(C)c1N(C)C,1,DZEKVHJXFVRKTK-UHFFFAOYSA-N,DZEKVHJXFVRKTK,data_nav_dev,CHEMBL3942240,
O=C1c2cc(CCc3ccc(C(F)(F)F)cc3)ccc2OCCN1Cc1ncccn1,1,AXZZORQQFMRWQN-UHFFFAOYSA-N,AXZZORQQFMRWQN,data_nav_dev,CHEMBL3954307,
O=C(NCc1ccc(OC(F)(F)F)cc1)c1c2ccccc2c(O)n1CCOCC(F)(F)F,0,UYPUKCSQMMRQSP-UHFFFAOYSA-N,UYPUKCSQMMRQSP,CUPID,CUPID,
CC(C)(O)C1CCN(c2cnc(C(F)(F)F)c(NC(=O)c3cccc(-c4cnn(CC(F)(F)F)c4)n3)c2)C1,0,QFKKWZVCSJUTOA-UHFFFAOYSA-N,QFKKWZVCSJUTOA,CUPID,CUPID,
C1COCC1CCNC2=CC(=C(C=C2Cl)S(=O)(=O)NC3=NC=CS3)F,1,CQELORVDHHELML-UHFFFAOYSA-N,CQELORVDHHELML,PubChem,137649494,28818462
CC1=C2CCCC2=C(C=C1)OC3=C(C=C(C=N3)C4=CC(=C(C=C4C)C(=O)NS(=O)(=O)C)F)Cl,1,GFHSSNFMTPELFF-UHFFFAOYSA-N,GFHSSNFMTPELFF,PubChem,122422593,6331
C1COC2=C([C@H]1C3=C(C=C(C=C3)C(F)(F)F)CCCCF)C=CC(=C2)S(=O)(=O)NC4=NC=NC=C4,1,DLJHITZLSYMCCA-HXUWFJFHSA-N,DLJHITZLSYMCCA,PubChem,126668498,6331
CCc1cccc(SC[C@@H](C)CN[C@@H]2COc3ccccc3SC2)c1O,1,YZGPAFTVQUMTDW-DOTOQJQBSA-N,YZGPAFTVQUMTDW,data_nav_dev,CHEMBL561700,
CN1C(=O)C2=C(C=CC(=C2)S(=O)(=O)NC3=NN=CS3)C(=N1)C4=C(C=C(C(=C4)F)C5=CC(=CC=C5)C(F)(F)F)OC,0,XBFIRFVADIVLIT-UHFFFAOYSA-N,XBFIRFVADIVLIT,PubChem,139208266,6331
O=S(=O)(Nc1nccs1)c1cc(Cl)c(NCCC23CCCN2CCC3)cc1F,0,BCJSACZNOMLHOD-UHFFFAOYSA-N,BCJSACZNOMLHOD,CUPID,CUPID,
C[C@@H](CN[C@@H]1COc2ccccc2SC1)CSc1cccc(F)c1N,1,JWQOYZVGECDHJA-UONOGXRCSA-N,JWQOYZVGECDHJA,data_nav_dev,CHEMBL560159,
CCS(=O)(=O)NCCN1CCOc2ccc(-c3ccc(OC(F)(F)F)cc3)cc2C1=O,1,MFTSNIKLGHKKIW-UHFFFAOYSA-N,MFTSNIKLGHKKIW,data_nav_dev,CHEMBL3967102,
Cc1nc(Cn2nc3ccc(-c4ccc(Oc5ccc(F)cc5)cc4)cn3c2=O)no1,0,FVWAVLHWMKAFBA-UHFFFAOYSA-N,FVWAVLHWMKAFBA,CUPID,CUPID,
CC1(CC1)COC2=C(C=C(C=N2)C3=C(C=C(C=C3)C(=O)NS(=O)(=O)C)OC)Cl,1,LYZQTGXFFVJDIS-UHFFFAOYSA-N,LYZQTGXFFVJDIS,PubChem,155557620,27441383
CN1C2=C(C=CC(=C2)C3=C(N=CC=C3)OCC(F)(F)F)C(=N1)N,0,ULEDDGGMBVRUET-UHFFFAOYSA-N,ULEDDGGMBVRUET,PubChem,122574485,6331
O=C1CCc2c(cccc2N2CCN(CC(O)COc3ccccc3C(=O)c3ccccc3)CC2)N1,0,RAWYHWWKZBOKPS-UHFFFAOYSA-N,RAWYHWWKZBOKPS,CUPID,CUPID,
C1CC1C2=CC(=C(C=C2OCC3CN(C3)C(C4=CC=CC=C4)C5=CC=CC=C5)F)C(=O)NS(=O)(=O)C(F)F,1,ZJKNTJQJIYJRBX-UHFFFAOYSA-N,ZJKNTJQJIYJRBX,PubChem,118120228,6331
CC1=C(C=CC(=C1)CN2CC[C@@H](C2)N(C)C3=CC(=C(C=C3Cl)S(=O)(=O)NC4=CSC=N4)F)F,1,VPOQXTCOBGLEAA-INIZCTEOSA-N,VPOQXTCOBGLEAA,PubChem,132141394,6331
COc1cc(Cl)ccc1-c1ccc(-c2nccc3cc(S(=O)(=O)Nc4ccncn4)ccc23)c(OC)c1,0,HJDUNWNQLHYTQR-UHFFFAOYSA-N,HJDUNWNQLHYTQR,CUPID,CUPID,
C1CC(CCC1CCNC2=CC(=C(C=C2Cl)S(=O)(=O)NC3=NC=CS3)F)N,1,GPWHPAPWDUMHKB-UHFFFAOYSA-N,GPWHPAPWDUMHKB,PubChem,134477214,28234467
COc1ncc(-c2ccc(C)nc2CCNC(=O)c2ccc(OCCC(F)(F)F)nc2)cn1,0,IRCDXLQCSSEHLM-UHFFFAOYSA-N,IRCDXLQCSSEHLM,CUPID,CUPID,
CS(=O)(=O)NC(=O)C1=C(C=C(C(=C1)C2CC2)OCC3CN(C3)C(C4=CC=CC=C4)C5=CC=C(C=C5)C(F)(F)F)F,1,GNKRHBPEEQTZMU-UHFFFAOYSA-N,GNKRHBPEEQTZMU,PubChem,118110783,6331
CC1=CC=C(C=C1)C(=O)NC(=NCCCCCC2=CC=CC=C2)N,1,HSVNNPJEZQWEKQ-UHFFFAOYSA-N,HSVNNPJEZQWEKQ,PubChem,22149344,11720863
C1CC1C2=COC(=N2)CN3C(=O)N4C=C(C=CC4=N3)C5=CC=C(C=C5)OC(F)(F)F,1,WSQMBQWQWAJCSH-UHFFFAOYSA-N,WSQMBQWQWAJCSH,PubChem,66632452,27038498
CS(=O)(=O)NC(=O)C1=C(C=C(C(=C1)C2CC2)O[C@@H]3CCCN(C3)CC4=CC(=CC(=C4)Cl)OC(F)(F)F)F,1,QEKXZOFUTIHYII-QGZVFWFLSA-N,QEKXZOFUTIHYII,PubChem,118120274,6331
C1CCC(CC1)N2CCC(CC2)OC3=C(C=C(C=C3)S(=O)(=O)NC4=NC=CS4)Cl,0,AOOFUDNYOVLLNU-UHFFFAOYSA-N,AOOFUDNYOVLLNU,PubChem,132141933,6331
Cc1cccc(C)c1-c1noc(C)c1NC(=O)NCc1ccc(OC(C)C)nc1,0,UWCSVJUFNQXMON-UHFFFAOYSA-N,UWCSVJUFNQXMON,CUPID,CUPID,
Cn1nccc1-c1ccc2c(c1)C(=O)CC1(CCN(C(=O)N[C@H]3C[C@@H]3c3ccccc3)CC1)O2,1,KVNUPZLQKXFWBS-IRLDBZIGSA-N,KVNUPZLQKXFWBS,data_nav_dev,44583349,44583349
C1CC(OC1)CNC2=CC(=C(C=C2Cl)S(=O)(=O)NC3=NC=CS3)F,1,XPZJAEZVONHCRC-UHFFFAOYSA-N,XPZJAEZVONHCRC,PubChem,134477222,28818462
O=S(=O)(Nc1ncns1)N1CCc2c(cccc2-c2ccnc3cc(Cl)ccc23)C1,1,SEJHGXFEBVWOSF-UHFFFAOYSA-N,SEJHGXFEBVWOSF,data_nav_dev,117094749,117094749
CCC1=NN(C(=C1C(=O)NC2=NC=C(C=C2)C(F)(F)F)N)C3=C(C(=CC=C3)F)C,0,UWLSZMSRUXKANW-UHFFFAOYSA-N,UWLSZMSRUXKANW,PubChem,122640574,6331
Cc1cc(C#N)ccc1N1CCOc2cc(S(=O)(=O)Nc3nccs3)ccc21,1,RGEQSXIHFQYJKK-UHFFFAOYSA-N,RGEQSXIHFQYJKK,data_nav_dev,89761859,89761859
Cn1nccc1-c1cc(C(F)(F)F)ccc1-c1cn(C)c2nc(S(=O)(=O)Nc3ncns3)ccc12,1,UJZLVHLXANKMAQ-UHFFFAOYSA-N,UJZLVHLXANKMAQ,data_nav_dev,CHEMBL3704418,
CN(C)C1=CC=CC(=C1)C(=O)N2CCC3(CC2)C4=CC=CN4C5=CC=CC=C5N3,1,GXDZAKJWAROMED-UHFFFAOYSA-N,GXDZAKJWAROMED,PubChem,53025800,25113934
CS(=O)(=O)NC(=O)C1=C(C=C(C(=C1)C2CC2)OCC3CCN(CC3)CC4=CC(=C(C=C4)Cl)C(F)(F)F)F,1,GPMUUALSFJEQGL-UHFFFAOYSA-N,GPMUUALSFJEQGL,PubChem,118111025,6331
C1CN(CCC1OC2=NC=NC3=C2C=CN3CC4=C(C(=CC=C4)C(F)(F)F)F)CC5=CC=CC=N5,1,CVUSIJVOABHLEJ-UHFFFAOYSA-N,CVUSIJVOABHLEJ,PubChem,70695786,22318156
O=C(O)CCC1(c2cccnc2)CCCN(C(=O)Nc2ccc(Cl)cc2)C1,1,BTNSKYZYJVZFJC-UHFFFAOYSA-N,BTNSKYZYJVZFJC,data_nav_dev,46883034,46883034
N#CC[C@H]1CC[C@H](n2c(=O)[nH]c3cnc(Nc4ccc[nH]c4=O)nc32)CC1,1,NIIBPFADTOPKBI-HAQNSBGRSA-N,NIIBPFADTOPKBI,data_nav_dev,71062030,71062030
Cc1cc(S(=O)(=O)Nc2ccncn2)c(F)cc1O[C@H]1CCC[C@@H]1c1ccnn1C,0,ZVPSWCAUXFLKFN-PBHICJAKSA-N,ZVPSWCAUXFLKFN,data_nav_dev,CHEMBL4637488,
COc1cccc(SC[C@@H](C)CN[C@@H]2COc3ccccc3SC2)c1N,1,WGSBHQRKKFYQIF-LSDHHAIUSA-N,WGSBHQRKKFYQIF,data_nav_dev,CHEMBL552036,
O=C(c1ccc2cc(Oc3ccc(C(F)(F)F)cn3)ccc2n1)N1CCNC(C(F)(F)F)C1,0,WRECESGKKOPFJT-UHFFFAOYSA-N,WRECESGKKOPFJT,CUPID,CUPID,
O=C(Cn1cnccc1=O)Nc1ccc(CC2CCC(C(O)c3ccccc3)N2)cc1,0,URTFFBLBZSMIET-UHFFFAOYSA-N,URTFFBLBZSMIET,CUPID,CUPID,
O=C1c2cc(Oc3ccc(C(F)(F)F)cc3)ccc2OCCN1Cc1ncccn1,1,JKGGTVBQZIHWJC-UHFFFAOYSA-N,JKGGTVBQZIHWJC,data_nav_dev,CHEMBL3905291,
COC1=C(C=CC(=C1)C2=CC(=CC(=C2)F)F)C3=NC=CC4=C3C=CC(=C4)S(=O)(=O)NC5=NN=CC=C5,0,DIJMMQOHIAQFSB-UHFFFAOYSA-N,DIJMMQOHIAQFSB,PubChem,121333943,6331
Cc1cccc(NC(=O)c2ccc(-c3ccc(C#N)cc3)o2)c1,1,WKHNOPNLWLSUBU-UHFFFAOYSA-N,WKHNOPNLWLSUBU,data_nav_dev,24778289,24778289
CS(=O)(=O)NC(=O)C1=C(C=C(C(=C1)C2CC2)OCC3CCN(CC3)S(=O)(=O)C4=CC(=C(C=C4)F)Cl)F,1,JNRFJFSNMOLYBU-UHFFFAOYSA-N,JNRFJFSNMOLYBU,PubChem,118120468,6331
C1=CC(=CC=C1C2=NN3C(=NN=C3C(F)(F)F)C=C2)OC(F)(F)F,1,PHUZESTUSFSONE-UHFFFAOYSA-N,PHUZESTUSFSONE,PubChem,50905973,27080178
CS(=O)(=O)NC(=O)C1=C(C=C(C(=C1)C2CC2)OCC3CCN(CC3)CC4=CC=C(C=C4)C(F)(F)F)F,1,HUUNSLBFKYHFPX-UHFFFAOYSA-N,HUUNSLBFKYHFPX,PubChem,118110823,6331
Cc1cc(N2CCOc3cc(S(=O)(=O)Nc4nccs4)ccc32)ccc1F,1,WERWAGNWRIDLTI-UHFFFAOYSA-N,WERWAGNWRIDLTI,data_nav_dev,71711910,71711910
CCOCC(CC(C)C)NC(=O)C1CNCC(C(=O)N(c2ccc(C(C)C)cn2)C2CC2)C1O,0,YOVGCKBDPOHLAV-UHFFFAOYSA-N,YOVGCKBDPOHLAV,CUPID,CUPID,
C1=CC(=CC=C1C2=CN3C=C(N=C3C=C2)C(F)(F)F)OC(F)(F)F,1,FCGKHXGDDHEBGB-UHFFFAOYSA-N,FCGKHXGDDHEBGB,PubChem,127044898,27080178
CCOc1cc2ncc(C(N)=O)c(Nc3ccc(F)cc3F)c2cc1N1CCN(C)CC1,0,IBHNEKVLDKCEQY-UHFFFAOYSA-N,IBHNEKVLDKCEQY,CUPID,CUPID,
COc1cc(-c2cc(F)cc(F)c2)c(C#N)cc1-c1nccc2cc(S(=O)(=O)Nc3ccon3)ccc12,0,WVTZRURPOGWBCC-UHFFFAOYSA-N,WVTZRURPOGWBCC,CUPID,CUPID,
C1CC1C2=CC(=C(C=C2OCC34CC5CC(C3)CC(C5)C4)F)C(=O)NS(=O)(=O)C6COC6,1,YYVCJPDYCCNDLJ-UHFFFAOYSA-N,YYVCJPDYCCNDLJ,PubChem,166629148,33682420
COc1cc(F)ccc1-c1ncc(F)c2cc(S(=O)(=O)Nc3ncns3)ccc12,0,RBKQZSPUUREFHN-UHFFFAOYSA-N,RBKQZSPUUREFHN,CUPID,CUPID,
Cn1cc(C2=CCNCC2)c2ccc(C(=O)NS(=O)(=O)C3CC3)cc21,0,BJCFFDGQFPMUTR-UHFFFAOYSA-N,BJCFFDGQFPMUTR,CUPID,CUPID,
Cc1ccc(N2CCN(CC(O)COc3ccccc3C(=O)CCc3ccccc3)CC2)cc1.Cl,1,JVZSQIMZZQMQGM-UHFFFAOYSA-N,JVZSQIMZZQMQGM,data_nav_dev,CHEMBL1914844,
CS(=O)(=O)NC(=O)C1=C(C=C(C(=C1)C2CC2)CN3CCC(CC3)OC4=CC=CC(=C4)C(F)(F)F)F,1,DYVKCHVBBOUAGR-UHFFFAOYSA-N,DYVKCHVBBOUAGR,PubChem,118111015,6331
COCCCCC1=C(C=CC(=C1)C(F)(F)F)[C@H]2CCOC3=C2C=CC(=C3)S(=O)(=O)NC4=NC=C(C=N4)F,0,MXOYKMPMHXAZCM-OAQYLSRUSA-N,MXOYKMPMHXAZCM,PubChem,126649835,6331
C[C@H]1CN(CCN1)C2=C(C=CC(=C2)Cl)NC3=CC(=C(C=C3Cl)S(=O)(=O)NC4=CSC=N4)F,0,VQVXMEALNOQGCR-LBPRGKRZSA-N,VQVXMEALNOQGCR,PubChem,129136266,6331
O=C(NS(=O)(=O)N1CCC1)c1cc(C2CC2)c(OC2C3CC4CC2CC(Cl)(C4)C3)cc1F,0,QHMLHLDDXYHXGR-UHFFFAOYSA-N,QHMLHLDDXYHXGR,CUPID,CUPID,
CC1(CCN(CC1)[C@@H](COC)C2=CC(=CC(=C2)Cl)Cl)COC3=CC(=C(C=C3C4CC4)C(=O)NS(=O)(=O)C)F,1,XRNKNZSYIMJPQE-DEOSSOPVSA-N,XRNKNZSYIMJPQE,PubChem,118110656,6331
COc1ccccc1-c1cncc2cc(S(=O)(=O)Nc3nccs3)ccc12,0,DVSKGEGXEVPISY-UHFFFAOYSA-N,DVSKGEGXEVPISY,CUPID,CUPID,
O=C(NCc1ccc(OC(F)(F)F)cc1)C1c2ccccc2C(=O)N1C1CCC(F)(F)CC1,0,WUWWZGBSJORNNV-UHFFFAOYSA-N,WUWWZGBSJORNNV,data_nav_dev,CHEMBL2164373,
CC1=C(C(=NO1)C2=C(C=CC=C2Cl)Cl)N(C)C(=O)NCC3=CN=C(C=C3)OC4CCOCC4,1,YFSZQDGGAJYUCS-UHFFFAOYSA-N,YFSZQDGGAJYUCS,PubChem,25204603,21641215
CN1CC=C(c2cc(C(F)(F)F)ccc2N2CCOc3cc(S(=O)(=O)Nc4ncns4)ccc32)CC1,1,KIZNPFJROFALGR-UHFFFAOYSA-N,KIZNPFJROFALGR,data_nav_dev,CHEMBL3912959,
O=S(=O)(CC1CC1)c1n[nH]c(-c2cc(F)c(-c3cnc(Oc4ccccc4C(F)(F)F)c(Cl)c3)cc2F)n1,0,ARCUVPSLBZWKRK-UHFFFAOYSA-N,ARCUVPSLBZWKRK,CUPID,CUPID,
CS(=O)(=O)NC(=O)C1=C(C=C(C(=C1)C2CC2)OCC3CCN(CC3)CC4=CC(=C(C=C4)Cl)Cl)F,1,WFIDFECCLBIDBW-UHFFFAOYSA-N,WFIDFECCLBIDBW,PubChem,118110671,6331
Cn1nccc1-c1cc(C(F)(F)F)ccc1-c1cccc2c1CCN(S(=O)(=O)Nc1ncccn1)C2,1,LKAXTXRXNLOAHP-UHFFFAOYSA-N,LKAXTXRXNLOAHP,data_nav_dev,CHEMBL3683232,
Cn1cc(-c2ccccc2C(F)(F)F)c2ccc(S(=O)(=O)Nc3ncns3)cc21,1,VCRFCQLXYWGHHA-UHFFFAOYSA-N,VCRFCQLXYWGHHA,data_nav_dev,71259463,71259463
CC1=CC(=C(C=C1C2=CC(=C(N=C2)OC3=C4CCCC4=C(C=C3)F)Cl)F)C(=O)NS(=O)(=O)C,0,FSNPGYPEAUPWJK-UHFFFAOYSA-N,FSNPGYPEAUPWJK,PubChem,122422510,6331
CC1=CC(=C(C=C1N(C)[C@H]2CCN(C2)CC3=NC=CS3)F)S(=O)(=O)NC4=CSC=N4,0,IKROIAHQZBAUNM-AWEZNQCLSA-N,IKROIAHQZBAUNM,PubChem,132142066,6331
CS(=O)(=O)CCNC(=O)c1ccc2cc(Oc3ccc(C(F)(F)F)cn3)ccc2n1,0,ZCCAYEFCNRAEQR-UHFFFAOYSA-N,ZCCAYEFCNRAEQR,CUPID,CUPID,
CS(=O)(=O)NC(=O)C1=C(C=C(C(=C1)C2CC2)OCC3CN(C3)CC4=CC(=C(C=C4)Cl)F)F,1,GCKAUEWKJKBEPC-UHFFFAOYSA-N,GCKAUEWKJKBEPC,PubChem,118111189,6331
COc1cc(-c2ccc(Cl)c(F)c2)ccc1-c1nccc2cc(S(=O)(=O)Nc3ccncn3)ccc12,0,FUKISIJIYRLZHQ-UHFFFAOYSA-N,FUKISIJIYRLZHQ,CUPID,CUPID,
CC(C)(C)OC(=O)N(C)CCN(C)C1=C(C=CC(=C1)F)NC2=CC(=C(C=C2Cl)S(=O)(=O)N(C3=NC=C(C=C3)F)C(=O)OC(C)(C)C)F,0,OJYDAFAJPRTDCF-UHFFFAOYSA-N,OJYDAFAJPRTDCF,PubChem,137551242,6331
CC(C1=CC(=CC=C1)Cl)N2CCC(CC2)COC3=CC(=C(C=C3C4CC4)C(=O)NS(=O)(=O)C)F,1,SJCKDZDWCFXPHT-UHFFFAOYSA-N,SJCKDZDWCFXPHT,PubChem,118110757,6331
C1CCCN(CC1)C2=C(N=C(C(=N2)N)C(=O)N=C(N)N)C3=CC4=CC=CC=C4O3,1,FSPGYSVEHLETQR-UHFFFAOYSA-N,FSPGYSVEHLETQR,PubChem,135393470,33799173
CN1Cc2ccccc2[C@@H](c2ccccc2)N=C1OCc1ccc(NS(C)(=O)=O)cc1.O=C(O)/C=C/C(=O)O,0,BSGONBKDBGMBNS-RNCYCKTQSA-N,BSGONBKDBGMBNS,data_nav_dev,CHEMBL1788206,
COC1=C(C=C(C=C1)CN2CCC(CC2)COC3=CC(=C(C=C3C4CC4)C(=O)NS(=O)(=O)C)F)Cl,1,NVACUJVCCIGNDY-UHFFFAOYSA-N,NVACUJVCCIGNDY,PubChem,118110557,6331
CNC1=NC(=NC(=N1)C2=CC=C(C=C2)OC)NC3=CC=C(C=C3)OC(F)(F)F,0,MRKBZWPHEVZQHH-UHFFFAOYSA-N,MRKBZWPHEVZQHH,PubChem,164613485,34374537
CS(=O)(=O)NC(=O)C1=C(C=C(C(=C1)C2CC2)O[C@@H]3CCCN(C3)CC4=CC=C(C=C4)F)F,1,GVSJSLCBQQDHJL-GOSISDBHSA-N,GVSJSLCBQQDHJL,PubChem,118110768,6331
CN([C@H]1CCN(C1)C2CC3=CC=CC=C3C2)C4=CC(=C(C=C4Cl)S(=O)(=O)NC5=CSC=N5)F,0,FTUXQVYJPOZFNP-KRWDZBQOSA-N,FTUXQVYJPOZFNP,PubChem,132141874,6331
C1CN(C[C@H]1OC2=CC(=C(C(=C2Br)F)S(=O)(=O)NC3=CSC=N3)F)CC4=CC=CC=C4,0,SMPSDYNYLGNMTF-AWEZNQCLSA-N,SMPSDYNYLGNMTF,PubChem,132141936,6331
COCc1nc2cnc3cc(-c4c(C)noc4C)c(OCC4CCNC4)cc3c2n1C(C)c1ccccc1,0,ZORLJXWXFABTPZ-UHFFFAOYSA-N,ZORLJXWXFABTPZ,CUPID,CUPID,
O=C(NS(=O)(=O)N1CCC1)c1cc(C2CC2)c(OCC2CCC(F)(F)CC2)cc1F,1,KFLDDFUYNBKZOT-UHFFFAOYSA-N,KFLDDFUYNBKZOT,data_nav_dev,86703521,86703521
COC1=C(C=CC(=N1)OCC2CCCCC2)C3=NC=CC4=C3C=CC(=C4)S(=O)(=O)NC5=NC=NC=C5,0,BXUUGJTZTGCCHV-UHFFFAOYSA-N,BXUUGJTZTGCCHV,PubChem,121333878,6331
CS(=O)(=O)NC(=O)C1=C(C=C(C(=C1)C2CC2)OCC3CCN(CC3)CC4=C(C=C(C=C4)Br)Cl)F,1,HJRAXXVKFXITKI-UHFFFAOYSA-N,HJRAXXVKFXITKI,PubChem,118120444,6331
CCC(c1cn(C)c2cc(C(=O)NS(=O)(=O)C3CC3)ccc12)C(C)(C)C,0,KTFUCXLQZYBMAW-UHFFFAOYSA-N,KTFUCXLQZYBMAW,CUPID,CUPID,
COCCCOC1=C(C=CC(=C1)C(F)(F)F)[C@H]2CCOC3=C2C=CC(=C3)S(=O)(=O)NC4=NC=C(C=N4)F,0,SIXFOTQFDAKKID-GOSISDBHSA-N,SIXFOTQFDAKKID,PubChem,135196591,6331
CS(=O)(=O)NC(=O)C1=C(C=C(C(=C1)C2CC2)OCC3CCN(CC3)CC4=C(C=CC(=C4)C(F)(F)F)Cl)F,1,KYBPOTYVFWNSGS-UHFFFAOYSA-N,KYBPOTYVFWNSGS,PubChem,118120545,36092147
CN([C@H]1CCN(C1)CC2=CC=CC=C2)C3=C(C=C(C=C3)S(=O)(=O)NC4=CSC=N4)C(F)(F)F,0,GMYXENXAHHYERJ-KRWDZBQOSA-N,GMYXENXAHHYERJ,PubChem,132141353,6331
CC1=CC(=CC(=C1)CN2CCC(CC2)OC3=C(C=C(C=C3)S(=O)(=O)NC4=NC=CS4)Cl)C,1,HCYKJMFEEHIBET-UHFFFAOYSA-N,HCYKJMFEEHIBET,PubChem,132141964,6331
N#Cc1ccc(F)cc1N1CCOc2cc(S(=O)(=O)Nc3nccs3)ccc21,1,MQSMXDQYAHRMDZ-UHFFFAOYSA-N,MQSMXDQYAHRMDZ,data_nav_dev,CHEMBL3896891,
C1C2CC3(CC1CC(C2)(C3)O)CNC4=CC(=C(C=C4Cl)S(=O)(=O)NC5=NC=CS5)F,1,BWODMQAKKPEJGH-UHFFFAOYSA-N,BWODMQAKKPEJGH,PubChem,137637752,28818462
O=C1NC(Cc2ccccn2)COc2ccc(-c3ccc(OC(F)(F)F)cc3)cc21,1,IGZQYWCJKKQMNN-UHFFFAOYSA-N,IGZQYWCJKKQMNN,data_nav_dev,CHEMBL3938570,
O=C1c2cc(-c3ccc(OC(F)(F)F)cc3)ccc2OCCN1Cc1cn2ccccc2n1,1,SXKIDXXTWVFMOS-UHFFFAOYSA-N,SXKIDXXTWVFMOS,data_nav_dev,CHEMBL3987038,
O=c1ccc2c(C(O)CNCCCCO)ccc(O)c2[nH]1,0,LAXUZKBMSNSUBP-UHFFFAOYSA-N,LAXUZKBMSNSUBP,CUPID,CUPID,
CC1=CC(=CC(=C1OC2=C(C=C(C=N2)C3=C(C=C(C=C3)C(=O)NS(=O)(=O)C)OC)C#N)Cl)Cl,1,ULKCBFMHTCGKKY-UHFFFAOYSA-N,ULKCBFMHTCGKKY,PubChem,122422325,6331
C1=CC(=CC(=C1)F)C2=CC(=C(C=C2)C3=NC=CC4=C3C=CC(=C4)S(=O)(=O)NC5=NC=NC=C5)OCC#N,0,GXTAEXIZUHLKGP-UHFFFAOYSA-N,GXTAEXIZUHLKGP,PubChem,121333859,6331
C1CC1C2=CC(=C(C=C2CN3CC(C3)OC4=CC(=CC(=C4)Cl)Cl)F)C(=O)N,1,RINFWXVZBUREQN-UHFFFAOYSA-N,RINFWXVZBUREQN,PubChem,118120594,6331
C1=CC=C(C=C1)C(C2=CC=CC=C2)C(=O)NC3=CC=C(C=C3)S(=O)(=O)NC4=NC=CS4,1,URSQNPPONHUJDL-UHFFFAOYSA-N,URSQNPPONHUJDL,PubChem,998021,30108836
CC1=C(C=CC(=C1F)S(=O)(=O)NC2=CSC=N2)N(C)[C@H]3CCN(C3)CC4=CC=CC=C4,0,GUBDMIDNRVTGRF-SFHVURJKSA-N,GUBDMIDNRVTGRF,PubChem,132141547,6331
CCC1=NOC(=N1)CN2C(=O)N3C=C(C=CC3=N2)C4=CC=C(C=C4)OC(F)(F)F,1,SOPXTTHIOLOJNS-UHFFFAOYSA-N,SOPXTTHIOLOJNS,PubChem,58044314,27038498
C1CN(CCC1N2C3=CC=CC=C3OC2=O)CC(COC4=CC=CC=C4C(=O)C5=CC=CC=C5)O,1,AJVUWOJCUJMYCS-UHFFFAOYSA-N,AJVUWOJCUJMYCS,PubChem,122196014,26358159
CNCCN(C)C1=C(C=CC(=C1)F)NC2=CC(=C(C=C2Cl)S(=O)(=O)NC3=NC=C(S3)Cl)F,1,FGBNQHKWTHSAAI-UHFFFAOYSA-N,FGBNQHKWTHSAAI,PubChem,129136318,6331
Nc1nc2c(s1)CC(CNC(=O)C1CCCN1)CC2,0,LLEHSPCMDVAZAD-UHFFFAOYSA-N,LLEHSPCMDVAZAD,CUPID,CUPID,
COC1=CC(=C(C=C1)CN2CCC[C@H](C2)OC3=CC(=C(C=C3C4CC4)C(=O)NS(=O)(=O)C)F)Cl,1,AWGKELNBCIVSRF-GOSISDBHSA-N,AWGKELNBCIVSRF,PubChem,118111184,6331
O=C(c1ccc(CC2CCC(C(O)c3ccccc3)N2)cc1)N1CCN(Cc2ncn(CC(F)F)n2)CC1,0,YLRSLIWLHGPCOC-UHFFFAOYSA-N,YLRSLIWLHGPCOC,CUPID,CUPID,
CS(=O)(=O)NC(=O)C1=C(C=C(C(=C1)C2CC2)O[C@@H]3CCCN(C3)CC4=CC5=C(C=C4)OCCO5)F,1,PTRVPTYBMFZYMG-GOSISDBHSA-N,PTRVPTYBMFZYMG,PubChem,118110476,6331
CS(=O)(=O)NC(=O)C1=C(C=C(C(=C1)C2CC2)O[C@@H]3CCCN(C3)CC4CCC5(CCC5)CC4)F,1,YTJUXLJKPMJRBK-HXUWFJFHSA-N,YTJUXLJKPMJRBK,PubChem,118120609,6331
Nc1cncc(Nc2ccc(Oc3ccc(Cl)cc3)cc2)c1,0,VJJMIHLDIPOSDI-UHFFFAOYSA-N,VJJMIHLDIPOSDI,CUPID,CUPID,
C1CN(CCN1[C@H](C2=CC=C(C=C2)C#N)C(=O)NC3=CN=C(C=C3)OCC(F)(F)F)C(=O)C4=CC(=CC(=C4)F)F,1,RVSALGOKOXAXER-XMMPIXPASA-N,RVSALGOKOXAXER,PubChem,145990677,30108793
CC1=CC(=C(C=C1)NC2=C(N=NC3=CC(=C(C=C32)C4CCN(CC4)C(C)C)OC)C(=O)N)F,1,GUYOKNBONQDXMG-UHFFFAOYSA-N,GUYOKNBONQDXMG,PubChem,25001553,23842474
C1=CC(=CC=C1NC2=NC=CC(=N2)N)OC3=CC=C(C=C3)F,1,CSMDEJLWCPVNEJ-UHFFFAOYSA-N,CSMDEJLWCPVNEJ,PubChem,70683165,22306122
CN([C@H]1CCN(C1)CC2=CC=CC=C2)C3=CC(=C(C=C3C(F)F)S(=O)(=O)NC4=CSC=N4)F,0,MATZRPGXCBCNKE-INIZCTEOSA-N,MATZRPGXCBCNKE,PubChem,132141706,6331
CN(C)CCC=C1C2=CC=CC=C2CCC3=CC=CC=C31,1,KRMDCWKBEZIMAB-UHFFFAOYSA-N,KRMDCWKBEZIMAB,PubChem,2160,22770500
COc1ncc(-c2ccccc2C(F)(F)CNC(=O)c2ccc(COCC(F)(F)F)nc2)cn1,0,KJQXTRHJBCJGRD-UHFFFAOYSA-N,KJQXTRHJBCJGRD,CUPID,CUPID,
COc1cc(-c2cccc(F)c2)ccc1-c1ncnc2cc(S(=O)(=O)Nc3nncs3)ccc12,0,HZGFCDOOPLGPOD-UHFFFAOYSA-N,HZGFCDOOPLGPOD,CUPID,CUPID,
COCCCC1=C(C=CC(=C1)C(F)(F)F)[C@H]2CCOC3=C2C=CC(=C3)S(=O)(=O)NC4=NC(=CC=C4)F,1,PBLNAYCOLCUWSE-HXUWFJFHSA-N,PBLNAYCOLCUWSE,PubChem,126650228,6331
CS(=O)(=O)c1ccc2c(c1)CCC1(CCN(C(=O)N[C@H]3C[C@@H]3c3ccccc3)CC1)O2,1,LNOMZGGJGBXFOZ-RTWAWAEBSA-N,LNOMZGGJGBXFOZ,data_nav_dev,44593664,44593664
O=c1[nH]c2ccc(-c3cc(Cl)ccc3Oc3cc(F)c(S(=O)(=O)Nc4ncns4)cc3F)cc2[nH]1,1,VQFICXZTKHSHRX-UHFFFAOYSA-N,VQFICXZTKHSHRX,data_nav_dev,71557026,71557026
NC1CCC(CCOc2cc(F)c(S(=O)(=O)Nc3ncns3)cc2F)(c2ccc(Cl)cc2)CC1,0,USIAWHSRJOGWQW-UHFFFAOYSA-N,USIAWHSRJOGWQW,CUPID,CUPID,
O=C(O)CCC1(c2ccccc2)CCCN(C(=O)Nc2ccc(Cl)cc2)C1,1,WODRVGVVTPASNM-UHFFFAOYSA-N,WODRVGVVTPASNM,data_nav_dev,CHEMBL1079256,
C1CN(CCC12C3=CC=CN3C4=C(N2)C=C(C=C4)OC(F)(F)F)C(=O)C5=CC=C(C=C5)C#N,1,XURUWTMQUSVZTG-UHFFFAOYSA-N,XURUWTMQUSVZTG,PubChem,67523614,25113934
CN([C@H]1CCN(C1)CC2=CC(=CC=C2)C(F)F)C3=C(C=C(C=C3)S(=O)(=O)NC4=NC=CS4)Cl,1,ZTRURHABBFJPPY-KRWDZBQOSA-N,ZTRURHABBFJPPY,PubChem,132141534,6331
CN1C2=C(C=CC(=C2)C3=C(C(=CC=C3)F)OCC(F)F)C(=N1)N,0,DHVZAVCXNZMPDH-UHFFFAOYSA-N,DHVZAVCXNZMPDH,PubChem,122574480,6331
CS(=O)(=O)CCC1=C(C=CC(=C1)C(F)(F)F)[C@H]2CCOC3=C2C=CC(=C3)S(=O)(=O)NC4=NC=C(C=N4)F,0,ZXPASGNZMRNAJN-LJQANCHMSA-N,ZXPASGNZMRNAJN,PubChem,126668701,6331
Cc1cccc(C)c1-c1noc(C)c1CC(=O)NCc1cccc(OCCOCC(F)(F)F)n1,0,JUYDFOZPLNPPHM-UHFFFAOYSA-N,JUYDFOZPLNPPHM,CUPID,CUPID,
CC1=NN(C(=O)C2=C1C=CC=C2F)C3=NC=C(C=C3)C(=O)N[C@@H]4CCCC5=C4C=CC(=C5)CN6CCCCC6,0,XRQFCDBUTIVNTI-HHHXNRCGSA-N,XRQFCDBUTIVNTI,PubChem,54772237,21902230
C1=CC=NC(=C1)C2=C(C=CC=C2NC(=O)C3=CC=CC(=C3)C4=C(C=CC=N4)C(F)(F)F)C(F)(F)F,1,NSUPANGHWGJPCM-UHFFFAOYSA-N,NSUPANGHWGJPCM,PubChem,137636231,28684121
CC1=CC(=C(C=C1C2=CC(=C(N=C2)OC3=CC(=C(C=C3Cl)Cl)Cl)Cl)F)C(=O)NS(=O)(=O)C,1,DDFXGXCKPYWBGD-UHFFFAOYSA-N,DDFXGXCKPYWBGD,PubChem,122422512,6331
CS(=O)(=O)NC(=O)C1=C(C=C(C(=C1)C2CC2)OCC3CN(C3)CC4=CC(=C(C=C4)C(F)(F)F)F)F,1,SOMCQNIHPYFNEM-UHFFFAOYSA-N,SOMCQNIHPYFNEM,PubChem,118120523,6331
CC1(CCN(CC1)C(C2=CC=CC=C2)C3=CC=CC=C3)COC4=CC(=C(C=C4C5CC5)C(=O)NS(=O)(=O)C)F,1,YYBNTCMQMFIHRU-UHFFFAOYSA-N,YYBNTCMQMFIHRU,PubChem,118120470,6331
COc1ncc(C(F)(F)F)cc1N1CCOc2cc(S(=O)(=O)Nc3nccs3)ccc21,1,OWRSUSYZFMGANM-UHFFFAOYSA-N,OWRSUSYZFMGANM,data_nav_dev,89761694,89761694
O=C1c2cc(-c3ccc(OC(F)(F)F)cc3)ccc2OCCN1Cc1ccncc1,1,FBEIUXNFGUMCND-UHFFFAOYSA-N,FBEIUXNFGUMCND,data_nav_dev,CHEMBL3934887,
CCN1C=C(C2=C(C1=O)C=C(S2)C(=NC3CCS(=O)(=O)CC3)N)C4=CC(=CC=C4)C(F)(F)F,0,WRUWGLUCNBMGPS-UHFFFAOYSA-N,WRUWGLUCNBMGPS,PubChem,91668541,25856009
C[C@@H]1CC[C@H](CN1[C@@H](C)C2=CC(=CC(=C2)Cl)Cl)COC3=CC(=C(C=C3C4CC4)C(=O)NS(=O)(=O)C)F,1,QFOGEZLLIKAJNO-IXDOHACOSA-N,QFOGEZLLIKAJNO,PubChem,118110813,6331
CSc1c(C#N)c(=O)c2ccc(F)cc2n1-c1c(Cl)cccc1Cl,0,AWQZXHDLUBADMM-UHFFFAOYSA-N,AWQZXHDLUBADMM,CUPID,CUPID,
C1CC1C2=CC(=C(C=C2CN3CCC(CC3)OC4=C(C(=CC(=C4)C(F)(F)F)Cl)F)F)C(=O)NS(=O)(=O)C5CC5,1,ISSVVVAHHBUBCQ-UHFFFAOYSA-N,ISSVVVAHHBUBCQ,PubChem,118353841,6331
O=C(c1ccccc1)c1ccccc1OCC(O)CN1CCN(c2cccc3[nH]c(=O)oc23)CC1,0,VMATVFNOMSFWNE-UHFFFAOYSA-N,VMATVFNOMSFWNE,CUPID,CUPID,
CS(=O)(=O)NC(=O)C1=C(C=C(C(=C1)C2CC2)OCC3CCN(CC3)C(=O)C4=C(C=C(C=C4)Cl)Cl)F,1,DBJOHZQZKJHYGD-UHFFFAOYSA-N,DBJOHZQZKJHYGD,PubChem,118111463,6331
CC1=C(C(=C(C=C1)F)CCNC(=O)C2=CN=C(C=C2)COCC(F)(F)F)C3=CN=C(C=N3)OC,1,ZBFHVTYUERGXHJ-UHFFFAOYSA-N,ZBFHVTYUERGXHJ,PubChem,71454678,22939696
CC1=C(C(=CC=C1)C)CN2CC[C@@H](C2)N(C)C3=CC(=C(C=C3Cl)S(=O)(=O)NC4=CSC=N4)F,1,IVRZNRGAQNJENU-KRWDZBQOSA-N,IVRZNRGAQNJENU,PubChem,132141637,6331
CC1(CN[C@H]([C@@H](O1)OC2=CC(=C(C=C2F)S(=O)(=O)NC3=NC=NS3)F)C4=CC(=CC(=C4)Cl)Cl)C,1,NASMQJIAKMAEMO-ZWKOTPCHSA-N,NASMQJIAKMAEMO,PubChem,145964520,29439904
COC1=C(C=C(C(=C1)C2=CC(=C(C=C2)F)Cl)C#N)C3=NC=CC4=C3C=CC(=C4)S(=O)(=O)NC5=NN=CS5,0,PPQMLNXGGJZXFY-UHFFFAOYSA-N,PPQMLNXGGJZXFY,PubChem,117741754,6331
O=S(=O)(Nc1nccs1)c1ccc2c(c1)OCCN2c1cccc2c1OC(F)(F)O2,1,IZEWSUQPXCARLQ-UHFFFAOYSA-N,IZEWSUQPXCARLQ,data_nav_dev,89761723,89761723
COc1cc(-c2cccc(F)c2)c(Cl)cc1-c1nccc2cc(S(=O)(=O)Nc3ccncn3)ccc12,0,CUAWFKPONCJPMJ-UHFFFAOYSA-N,CUAWFKPONCJPMJ,CUPID,CUPID,
CCOC1=NC=C(C=C1)C2=C(C=CC(=C2)C(F)(F)F)[C@H]3CCOC4=C3C=CC(=C4)S(=O)(=O)NC5=NC=C(C=N5)F,0,ZHWUHLKMMPLACE-OAQYLSRUSA-N,ZHWUHLKMMPLACE,PubChem,126668702,6331
C1CC1C2=CC(=C(C=C2CN3CCC(CC3)S(=O)(=O)C4=CC(=CC(=C4)Cl)Cl)F)C(=O)N,1,KZQSBKYCKGZOLA-UHFFFAOYSA-N,KZQSBKYCKGZOLA,PubChem,118120698,6331
CC(C)(C)OC(=O)N1CC(C1)N2C(C3=CC=CC=C3C2=O)C(=O)NCC4=CC=C(C=C4)OC(F)(F)F,1,VIZAVJRLNLXOKV-UHFFFAOYSA-N,VIZAVJRLNLXOKV,PubChem,44540374,22770500
CC(C)COC1=C(C=C(C=N1)C2=C(C=C(C=C2)C3=NNC(=N3)S(=O)(=O)N4CCC4)OC)Cl,1,KHGMUIWVIUCUBB-UHFFFAOYSA-N,KHGMUIWVIUCUBB,PubChem,145962677,29709252
CC(C)COc1ncc(-c2ccc(C(=O)NS(C)(=O)=O)cc2)cc1Cl,0,NDCGLCOJCCYECT-UHFFFAOYSA-N,NDCGLCOJCCYECT,CUPID,CUPID,
CCOc1cc2ncc(C(N)=O)c(Nc3cccc(Cl)c3Cl)c2cc1C1CCN(C)CC1,0,GLWBJILVHXSPHS-UHFFFAOYSA-N,GLWBJILVHXSPHS,CUPID,CUPID,
CNC1CCN(C1)C2=C(C=CC(=C2)OC)NC3=CC(=C(C=C3Cl)S(=O)(=O)NC4=CSC=N4)F,0,HLXXLWYRTBFKGP-UHFFFAOYSA-N,HLXXLWYRTBFKGP,PubChem,129136197,6331
NC(=O)c1cc(C(F)(F)F)ccc1-c1cccc2cc(S(=O)(=O)Nc3ncns3)ccc12,0,HFFASXVMPOVFDT-UHFFFAOYSA-N,HFFASXVMPOVFDT,CUPID,CUPID,
O=C(NC1CCOC1=O)c1ccc2cc(Oc3ccc(C(F)(F)F)cn3)ccc2n1,0,BHHALVLOZQTWNJ-UHFFFAOYSA-N,BHHALVLOZQTWNJ,CUPID,CUPID,
CC[C@H](C[C@@H]([C@H](CN1CC(=O)N(CC1(C)C)C2=CC=CC=C2Cl)N)O)C(=O)NC3C4CC5CC3CC(C5)(C4)O.C(=C/C(=O)O)\C(=O)O,0,KLVCBVLNAFDACD-VGBQBAOCSA-N,KLVCBVLNAFDACD,PubChem,73347390,23598247
CC(C)COc1ncc(-c2cn(C)c3cc(C(=O)NS(=O)(=O)C(C)C)ccc23)cc1Cl,0,CDECPWNJKUHBSH-UHFFFAOYSA-N,CDECPWNJKUHBSH,CUPID,CUPID,
O=C1c2cc(-c3ccc(C4CC4)s3)ccc2OCCN1Cc1ccccn1,1,MHJPFFVIKSCMDS-UHFFFAOYSA-N,MHJPFFVIKSCMDS,data_nav_dev,CHEMBL3938931,
Cc1onc(-c2c(F)cccc2Cl)c1NC(=O)OCc1c(F)cccc1Cl,0,XNCIYKIAVOBLBC-UHFFFAOYSA-N,XNCIYKIAVOBLBC,CUPID,CUPID,
C1=CC=C(C=C1)CCCCN=C(N)NC(=O)C2=CC=C(C=C2)Cl,1,OMWCMLUPDMDENE-UHFFFAOYSA-N,OMWCMLUPDMDENE,PubChem,22149356,11720863
O=S(=O)(Nc1cscn1)c1ccc2c(c1)OCCN2c1ccc(C(F)(F)F)cc1Cl,1,AJOXHXYQBXGWPM-UHFFFAOYSA-N,AJOXHXYQBXGWPM,data_nav_dev,CHEMBL3961261,
COc1ncccc1-c1cccc2c1CCN(S(=O)(=O)Nc1ncns1)C2,1,GEZQWAHRDCWJML-UHFFFAOYSA-N,GEZQWAHRDCWJML,data_nav_dev,CHEMBL3683233,
Cn1ccnc1CN1CCOc2ccc(-c3ccc(OC(F)(F)F)cc3)cc2C1=O,1,FOORLPBGPRHTSK-UHFFFAOYSA-N,FOORLPBGPRHTSK,data_nav_dev,CHEMBL3927328,
COc1ccc2c(c1)NC1(CCN(C(=O)c3ccc(C#N)cc3)CC1)c1cccn1-2,0,TZRZFGDEZLWZQT-UHFFFAOYSA-N,TZRZFGDEZLWZQT,CUPID,CUPID,
CC(C)NC1=NC2=C(C(=C(C=C2N1C3CCN(CC3)C4=CC=C(C=C4)C(C)(C)C#N)Cl)Cl)C(=O)N(C)C,0,VQMVPKAEWRRWNJ-UHFFFAOYSA-N,VQMVPKAEWRRWNJ,PubChem,71528734,24900661
COC[C@H](C1=CC(=CC(=C1)Cl)Cl)N2CCC(CC2)COC3=CC(=C(C=C3C4CC4)C(=O)NS(=O)(=O)C5CC5)F,1,SDFWLGIHLRLHLP-AREMUKBSSA-N,SDFWLGIHLRLHLP,PubChem,118110890,6331
CN([C@H]1CCN(C1)CC2=CC=CC=C2)C3=C(C(=C(C=C3)S(=O)(=O)NC4=CSC=N4)F)Cl,0,DCYXJUFCSMSKRD-INIZCTEOSA-N,DCYXJUFCSMSKRD,PubChem,132141373,6331
CS(=O)(=O)NC(=O)C1=C(C=C(C(=C1)C2CC2)OCC3CCN(CC3)CC4=CC(=CC(=C4)F)C(F)(F)F)F,1,LKWRNZBTPSCWJT-UHFFFAOYSA-N,LKWRNZBTPSCWJT,PubChem,118111131,6331
C[C@@H](C1=CC(=CC=C1)F)N2CCC(CC2)(C)COC3=CC(=C(C=C3C4CC4)C(=O)NS(=O)(=O)C)F,1,XTZUOCSNLORVFV-KRWDZBQOSA-N,XTZUOCSNLORVFV,PubChem,118110622,6331
CN1C(=O)C2=C(C=CC(=C2)S(=O)(=O)NC3=NN=CS3)C(=N1)C4=C(C=C(C(=C4)Cl)C5=CC(=CC=C5)F)OC,0,XNWIJOLSIAVFBB-UHFFFAOYSA-N,XNWIJOLSIAVFBB,PubChem,139208263,6331
CC(C)CNS(=O)(=O)C1=C(C=C(C(=C1)F)OC[C@@H]2CNCC[C@H]2C3=CC=C(C=C3)Cl)F,1,QHQZPTNDCRWOPP-WMZOPIPTSA-N,QHQZPTNDCRWOPP,PubChem,89556083,6331
CS(=O)(=O)NC(=O)C1=C(C=C(C(=C1)C2CC2)OCC3CCN(CC3)CC4=CC(=C(C(=C4)Cl)F)F)F,1,DEPFAGJWKYGVPX-UHFFFAOYSA-N,DEPFAGJWKYGVPX,PubChem,118120568,6331
C[C@H](C1=C(C=C(C=C1)F)Cl)N2C[C@@H](CC(C2)(C)C)OC3=CC(=C(C=C3C4CC4)C(=O)NS(=O)(=O)C)F,1,LIFZJXOUFVMMPM-CRAIPNDOSA-N,LIFZJXOUFVMMPM,PubChem,118120615,6331
Cc1ccc(S(=O)(=O)Nc2cc(C(=O)NCc3ccc(C)nc3)ccc2C)cc1,0,ZKRBQBKMMRYJKN-UHFFFAOYSA-N,ZKRBQBKMMRYJKN,CUPID,CUPID,
COc1cc(-c2cc(C)cc(F)c2)ccc1-c1nccc2cc(S(=O)(=O)Nc3ccncn3)ccc12,0,NCSHKODKRSAKCS-UHFFFAOYSA-N,NCSHKODKRSAKCS,CUPID,CUPID,
COC1=CC2=C(C=C1)N3C=CC=C3C4(N2)CCN(CC4)C(=O)C5=CC=CC=C5Br,1,DYAKEYAYGSFEFE-UHFFFAOYSA-N,DYAKEYAYGSFEFE,PubChem,53025889,25113934
COc1cc(-c2cc(F)cc(Cl)c2)c(F)cc1-n1c(=O)ccc2cc(S(=O)(=O)Nc3ccon3)ccc21,0,HXQNEKJQBGXFAG-UHFFFAOYSA-N,HXQNEKJQBGXFAG,CUPID,CUPID,
COc1cc(-c2ccc(C(F)(F)F)cc2)c(F)cc1-c1nccc2cc(S(=O)(=O)Nc3ccon3)ccc12,1,LXRNRWHJNMXTLP-UHFFFAOYSA-N,LXRNRWHJNMXTLP,data_nav_dev,137655604,137655604
O=C1c2cc(-c3ccc(OC(F)(F)F)cc3)ccc2OCCN1Cc1ccccc1,1,FKGJWGGGYYXADU-UHFFFAOYSA-N,FKGJWGGGYYXADU,data_nav_dev,CHEMBL3919177,
COC1=CC2=C(C=C1)N3C=CC=C3C4(N2)CCN(CC4)CC5=CC=C(C=C5)C#N,1,QUVOXAQMOWHLAL-UHFFFAOYSA-N,QUVOXAQMOWHLAL,PubChem,49869459,25113934
Fc1ccc(Nc2[nH]nc3cc(OC(F)(F)F)cnc23)cc1F,0,QGIXOJCLJSPCPO-UHFFFAOYSA-N,QGIXOJCLJSPCPO,CUPID,CUPID,
O=S(=O)(Nc1ncns1)c1cc(F)c(Oc2ccc(Cl)cc2-c2cccc3nccn23)cc1F,1,WHUHEVZDIFFUGK-UHFFFAOYSA-N,WHUHEVZDIFFUGK,data_nav_dev,89544489,89544489
CCS(=O)(=O)NC(=O)C1=C(C=C(C(=C1)C2CC2)OCC3CCN(CC3)[C@H](COC)C4=CC(=CC(=C4)Cl)Cl)F,1,GQIRJGCLEQYBML-RUZDIDTESA-N,GQIRJGCLEQYBML,PubChem,118111292,6331
CS(=O)(=O)NC(=O)C1=C(C=C(C(=C1)C2CC2)OCC3CCN(CC3)CC4=CC=CC=C4C(F)(F)F)F,1,BVOXFWHQWQANHR-UHFFFAOYSA-N,BVOXFWHQWQANHR,PubChem,118110527,6331
CN([C@H]1CCN(C1)[C@@H]2CCC3=CC=CC=C23)C4=CC(=C(C=C4Cl)S(=O)(=O)NC5=CSC=N5)F,0,LHOQAADZGRIBMK-OXJNMPFZSA-N,LHOQAADZGRIBMK,PubChem,132141753,6331
O=S(=O)(Nc1ncns1)N1CCc2c(cccc2-c2ccc(C(F)(F)F)cc2F)C1,1,OOEYOHKNFCDVAN-UHFFFAOYSA-N,OOEYOHKNFCDVAN,data_nav_dev,CHEMBL3683197,
CC(C)(C)C1=CC=C(C=C1)CSC2=NC(=CC(=O)N2C)N,1,AJMIFZLEDTUBTN-UHFFFAOYSA-N,AJMIFZLEDTUBTN,PubChem,56951318,22209205
CN([C@H]1CCN(C1)CC2=CC(=CC=C2)C(=O)OC)C3=CC(=C(C=C3Cl)S(=O)(=O)NC4=CSC=N4)F,0,HZHAYZZOMIEPOS-KRWDZBQOSA-N,HZHAYZZOMIEPOS,PubChem,132142645,6331
CCOc1cc(C(=O)Nc2cc(C(F)(F)F)ccn2)ccc1-c1nc(C23CCC(C(=O)O)(CC2)CC3)n2ccnc(N)c12,0,LQQCSYOAQDXWAD-UHFFFAOYSA-N,LQQCSYOAQDXWAD,CUPID,CUPID,
Cc1cnc(NS(=O)(=O)c2ccc3c(c2)OCCN3c2ccc(C(F)(F)F)cc2Cl)s1,1,QAXMZLLPTWVHQQ-UHFFFAOYSA-N,QAXMZLLPTWVHQQ,data_nav_dev,71711238,71711238
O=S(=O)(Nc1ncns1)c1ccc2c(-c3ccc(C(F)(F)F)cc3Cl)cccc2c1,0,ITXZDBZSOFLFKZ-UHFFFAOYSA-N,ITXZDBZSOFLFKZ,CUPID,CUPID,
C1COC2=C([C@H]1C3=C(C=C(C=C3)C(F)(F)F)C4=CC=C(C=C4)F)C=CC(=C2)S(=O)(=O)NC5=NC=CS5,1,NIUMYXYWSPDBFW-HXUWFJFHSA-N,NIUMYXYWSPDBFW,PubChem,156012655,32368909
CC(C)COC1=C(C=C(C=N1)C2=C(C=C(C=C2F)C(=O)NS(=O)(=O)C)F)Cl,1,OHLMDPKLAJGXPT-UHFFFAOYSA-N,OHLMDPKLAJGXPT,PubChem,155534372,27441383
Cn1cc(-c2ccc(C(F)(F)F)cc2)c2ccc(C(=O)NS(C)(=O)=O)cc21,0,PSQBMBOKYBJOLZ-UHFFFAOYSA-N,PSQBMBOKYBJOLZ,CUPID,CUPID,
CCN1CCN2C(=O)c3cc(-c4ccc(C(F)(F)F)cc4)ccc3OC[C@H]2C1,1,OYVZRYYHAIWUND-QGZVFWFLSA-N,OYVZRYYHAIWUND,data_nav_dev,CHEMBL3944681,
C1C[C@H](CN(C1)CC2=CC(=CC=C2)Cl)OC3=CC(=C(C=C3C4CC4)C(=O)NS(=O)(=O)C5CC5)F,1,ALEKFWIWCIMWKG-LJQANCHMSA-N,ALEKFWIWCIMWKG,PubChem,118110591,6331
O=C1CC2(CCN(C(=O)N[C@H]3C[C@@H]3c3ccccc3)CC2)Oc2ccccc21,1,SWEAYHBSAXRXDZ-MOPGFXCFSA-N,SWEAYHBSAXRXDZ,data_nav_dev,44593665,44593665
COC1=C(C=C(C(=C1)C2=CC(=CC=C2)F)Cl)C3C4CCC(CC4C(=O)NN3)S(=O)(=O)NC5=NN=CS5,0,CBHFDWVSFKIBAG-UHFFFAOYSA-N,CBHFDWVSFKIBAG,PubChem,139208258,6331
O=C(Nc1ccc(Cl)cc1)N1CCCC(CCC2=NNNN2)(c2ccccc2)C1,1,DAHUROVPPIYTLI-UHFFFAOYSA-N,DAHUROVPPIYTLI,data_nav_dev,CHEMBL1079244,
O=C(O)c1ccc(N2CC3(CCN(Cc4cc(Cl)c(-c5ccc(F)cc5F)c(C5CC5)c4)CC3)OC2=O)cc1,1,UWHFPKPNAAYPQP-UHFFFAOYSA-N,UWHFPKPNAAYPQP,data_nav_dev,89583208,89583208
CN([C@H]1CCN(C1)CC2=C(C(=CC=C2)Cl)F)C3=CC(=C(C=C3Cl)S(=O)(=O)NC4=CSC=N4)F,1,IDQPLGVWRVONLP-AWEZNQCLSA-N,IDQPLGVWRVONLP,PubChem,132141578,6331
O=S(=O)(Nc1ncns1)c1ccc2c(c1)OCCN2c1ccc(C(F)(F)F)cc1C1=CCOCC1,1,RJICYSPMHMARFC-UHFFFAOYSA-N,RJICYSPMHMARFC,data_nav_dev,CHEMBL3928707,
CNC(=O)CCC1(c2ccccc2)CCCN(C(=O)Nc2ccc(Cl)cc2)C1,1,ANRFQNJNXPRQGM-UHFFFAOYSA-N,ANRFQNJNXPRQGM,data_nav_dev,CHEMBL1079246,
CC1=CC(=C(C=C1N(C)[C@H]2CCN(C2)CC3CCCCC3)F)S(=O)(=O)NC4=CSC=N4,0,SLSDNMVCDKTOOM-SFHVURJKSA-N,SLSDNMVCDKTOOM,PubChem,132142386,6331
C1CN(CCC1OC2=C(C=C(C=C2)S(=O)(=O)NC3=NC=CS3)Cl)CC4=CC5=CC=CC=C5C=C4,1,RHHCUNAHUPZQLM-UHFFFAOYSA-N,RHHCUNAHUPZQLM,PubChem,132141586,6331
CC(C1=CC(=CC(=C1)F)F)N2CC(C2)COC3=CC(=C(C=C3C4CC4)C(=O)NS(=O)(=O)C)F,1,DIGIUYFKECTVQH-UHFFFAOYSA-N,DIGIUYFKECTVQH,PubChem,118110990,6331
O=S(=O)(Nc1nccs1)c1ccc2c(c1)OCCN2c1ccc(C(F)(F)F)cc1Cl,1,HLQMKUVXRCXCMB-UHFFFAOYSA-N,HLQMKUVXRCXCMB,data_nav_dev,CHEMBL3974650,
CC1=CC(=CC=C1)C2=CC(=C(C=C2C#N)C3=NC=CC4=C3C=CC(=C4)S(=O)(=O)NC5=NOC=C5)OC,0,BYCJAIKNBJPPAW-UHFFFAOYSA-N,BYCJAIKNBJPPAW,PubChem,121333932,6331
CC1=CC=CC=C1N2C(=C(C=N2)C(=O)NC3=C(C=C(C=C3)Cl)F)N,0,NOIVKFYZKCOCBF-UHFFFAOYSA-N,NOIVKFYZKCOCBF,PubChem,139268647,6331
c1ccc([C@]2(CCNCc3cccs3)CCOC3(CCCC3)C2)nc1,1,PJLIHYXPEOMIMJ-HXUWFJFHSA-N,PJLIHYXPEOMIMJ,data_nav_dev,CHEMBL2443278,
CC1(CN(C1)CC2=CC(=CC(=C2)Cl)Cl)COC3=CC(=C(C=C3C4CC4)C(=O)NS(=O)(=O)C)F,1,LRXJCQGUTGFUKQ-UHFFFAOYSA-N,LRXJCQGUTGFUKQ,PubChem,118111058,6331
CC1=CC(=C(C=C1N(C)[C@H]2CCN(C2)CC3=NC(=CS3)C(F)(F)F)F)S(=O)(=O)NC4=CSC=N4,1,QIHUVPFPZWJAQZ-ZDUSSCGKSA-N,QIHUVPFPZWJAQZ,PubChem,132141837,6331
CC1=CC(=C(C=C1C2=CC(=C(C=C2)F)F)OC)C3=NC=CC4=C3C=CC(=C4)S(=O)(=O)NC5=NN=CS5,0,IYAMIEXGXBPUAK-UHFFFAOYSA-N,IYAMIEXGXBPUAK,PubChem,121333891,6331
C1COC2=C([C@H]1C3=C(C=C(C=C3)C(F)(F)F)C4=CC=C(C=C4)F)C=CC(=C2)S(=O)(=O)NC5=NC=NC=C5,0,UPYYMOMYWRLGRJ-OAQYLSRUSA-N,UPYYMOMYWRLGRJ,PubChem,126668956,32368909
CN(C)CCCN1C2=CC=CC=C2CCC3=CC=CC=C31,1,BCGWQEUPMDMJNV-UHFFFAOYSA-N,BCGWQEUPMDMJNV,PubChem,3696,21300721
NC(Cn1c(=O)cnc2ccc(F)cc21)C1CCC(NCc2ncc3c(n2)NC(=O)CO3)CC1,0,PIVJTBXDGKAQQI-UHFFFAOYSA-N,PIVJTBXDGKAQQI,CUPID,CUPID,
CC(C)OC1=C(C=C(C=N1)CN2CCC(CC2)COC3=CC(=C(C=C3C4CC4)C(=O)NS(=O)(=O)C)F)Cl,1,HRRHRSSCWYTCBS-UHFFFAOYSA-N,HRRHRSSCWYTCBS,PubChem,118111309,6331
O=C(NS(=O)(=O)N1CC(F)(F)C1)c1cc(C2CC2)c(OCC23CC4CC(CC(C4)C2)C3)cc1F,1,ODMZUCMOJODESH-UHFFFAOYSA-N,ODMZUCMOJODESH,data_nav_dev,CHEMBL3657943,
O=S(=O)(Nc1ncns1)c1ccc2c(-c3ccc(F)cc3Cl)cccc2c1,0,VPOHBVFVOWJLFM-UHFFFAOYSA-N,VPOHBVFVOWJLFM,CUPID,CUPID,
CC1=CC(=C(C=C1N(C)[C@H]2CCN(C2)CC3=CC=CC=C3)F)S(=O)(=O)NC4=NOC=C4,0,AFJZZDVCXWWOAF-SFHVURJKSA-N,AFJZZDVCXWWOAF,PubChem,132141485,6331
CC1=C(C=C(C=C1NC(=O)C2=C(C=C(C=C2)C3CC3)F)F)C4=C(C(=NC=N4)N)OCCN(C)C(=O)C=C,0,CUABMPOJOBCXJI-UHFFFAOYSA-N,CUABMPOJOBCXJI,PubChem,118107483,32083858
Cn1cc(-c2ccc(C#N)c(F)c2)c2ccc(S(=O)(=O)Nc3ncns3)cc21,1,QHMRQJVBWJZOFR-UHFFFAOYSA-N,QHMRQJVBWJZOFR,data_nav_dev,71259517,71259517
O=S(=O)(Nc1ncns1)c1cc(F)c(Oc2ccc(Cl)cc2-c2ccc3nc[nH]c3c2)cc1F,1,DBAHAVPSLKLLAA-UHFFFAOYSA-N,DBAHAVPSLKLLAA,data_nav_dev,71558920,71558920
C1COC2=C([C@@H]1C3=C(C=C(C=C3)C(F)(F)F)N4CCOCC4=O)C=CC(=C2)S(=O)(=O)NC5=NC=CC=N5,0,KHXAJHPTLCWIML-KRWDZBQOSA-N,KHXAJHPTLCWIML,PubChem,126668998,6331
O=C(O)CC1CCC2(CC1)CCN(c1cc(OC(F)(F)F)ccc1Cl)CC2,0,WUJVPELCYCESAP-UHFFFAOYSA-N,WUJVPELCYCESAP,data_nav_dev,73777063,73777063
Cc1c(Cl)cccc1N1CCOc2cc(S(=O)(=O)Nc3nccs3)ccc21,1,NWPMOHMWNSDRJH-UHFFFAOYSA-N,NWPMOHMWNSDRJH,data_nav_dev,CHEMBL3928200,
O=S(=O)(Nc1cscn1)c1cc(Cl)c(OCC2NCCC=C2c2ccc(F)cc2)cc1F,1,HBSNNSVWXZBHJG-UHFFFAOYSA-N,HBSNNSVWXZBHJG,data_nav_dev,137657693,137657693
Nc1nc(-c2ccc(NC(=O)c3cc4ccccc4[nH]3)cc2)c[nH]1,0,AMZJPIMZYQQIIH-UHFFFAOYSA-N,AMZJPIMZYQQIIH,CUPID,CUPID,
COc1cc(-c2cn(C)c3cc(S(=O)(=O)Nc4ncns4)ccc23)c(F)cn1,1,UVTSXNPIYUUCLV-UHFFFAOYSA-N,UVTSXNPIYUUCLV,data_nav_dev,CHEMBL3704446,
Cc1csc(NS(=O)(=O)c2cc(Cl)c(NCC34CCCN3CCC4)cc2F)n1,0,VXAMYAIYGLBSKL-UHFFFAOYSA-N,VXAMYAIYGLBSKL,CUPID,CUPID,
COCCOC1=C(C=CC(=C1)C(F)(F)F)[C@H]2CCOC3=C2C=CC(=C3)S(=O)(=O)NC4=NC=C(C=N4)F,0,GWXNOXVKYSVFGI-QGZVFWFLSA-N,GWXNOXVKYSVFGI,PubChem,126650130,6331
CC1=NC(=CC=C1)CN2CC[C@@H](C2)N(C)C3=CC(=C(C(=C3Cl)F)S(=O)(=O)NC4=CSC=N4)F,0,CHUDGNRDARIVIH-HNNXBMFYSA-N,CHUDGNRDARIVIH,PubChem,132141633,6331
Cc1ncc(-c2ccccc2CCNC(=O)c2ccc(COCC(F)(F)F)nc2)cn1,0,CYAJYYTXFRNRLB-UHFFFAOYSA-N,CYAJYYTXFRNRLB,CUPID,CUPID,
COc1cc(C(F)(F)F)ccc1-c1cccc2cc(S(=O)(=O)Nc3ncns3)ccc12,0,VILWNHSACYQVKK-UHFFFAOYSA-N,VILWNHSACYQVKK,CUPID,CUPID,
CC(C1=CC=CC=C1)N2CCC(CC2)OC3=CC(=C(C=C3Cl)S(=O)(=O)NC4=NC=CS4)F,0,XDWFVVWYNQKLJR-UHFFFAOYSA-N,XDWFVVWYNQKLJR,PubChem,132141596,6331
C1CN(CCC1OC2=C(C=C(C=C2)S(=O)(=O)NC3=NC=CS3)Cl)CC4=CN=CC=C4,0,PBEKHHZQCOJCLH-UHFFFAOYSA-N,PBEKHHZQCOJCLH,PubChem,132141326,6331
Nc1n[nH]c2ccc(-c3cc(Cl)ccc3Oc3cc(F)c(S(=O)(=O)Nc4ncns4)cc3F)cc12,1,PMJIZLCFLFWKRY-UHFFFAOYSA-N,PMJIZLCFLFWKRY,data_nav_dev,71557177,71557177
O=C1OCCN1c1cc(C(F)(F)F)ccc1[C@H]1CCOc2cc(S(=O)(=O)Nc3nccs3)ccc21,1,KNSWBONJFZDWNS-OAHLLOKOSA-N,KNSWBONJFZDWNS,data_nav_dev,CHEMBL4641628,
CC1=CC(=CC=C1)OC2=CC(=C(C=C2)C3=NC=CC4=C3C=CC(=C4)S(=O)(=O)NC5=NC=NC=C5)OC,0,RSPAVXSLSDGFMR-UHFFFAOYSA-N,RSPAVXSLSDGFMR,PubChem,121333877,6331
CS(=O)(=O)NC(=O)C1=C(C=C(C(=C1)C2CC2)OCC3CN(C3)[C@H](C4=CC=CC=C4)C5=CC=CC(=C5)C#N)F,1,QZPUVBFHUUQSFZ-MUUNZHRXSA-N,QZPUVBFHUUQSFZ,PubChem,118110911,6331
COc1ccccc1-c1ccc(-c2nccc3cc(S(=O)(=O)Nc4ccncn4)ccc23)c(OC)c1,0,RIDIPPZJRHTVBE-UHFFFAOYSA-N,RIDIPPZJRHTVBE,CUPID,CUPID,
C1C[C@H]2CC(C[C@@H]1N2CC3=CC(=C(C=C3C4CC4)C(=O)N)F)OC5=NC=C(C(=C5)C(F)(F)F)Cl,1,DJSYVSUYNVQSCR-XYPWUTKMSA-N,DJSYVSUYNVQSCR,PubChem,118359658,6331
COc1ccc(N2CCOc3cc(S(=O)(=O)Nc4nccs4)ccc32)c(C#N)c1,1,ILVLPMIPQMWUBR-UHFFFAOYSA-N,ILVLPMIPQMWUBR,data_nav_dev,89762026,89762026
CC1=CC(=NC=C1)CN2CC[C@@H](C2)N(C)C3=CC(=C(C=C3Cl)S(=O)(=O)NC4=CSC=N4)F,0,IPLWZCIMJXRMAM-INIZCTEOSA-N,IPLWZCIMJXRMAM,PubChem,132141526,6331
CN1C=C(C2=CC(=C(C=C21)C(=O)NS(=O)(=O)C3CC3)F)C4=CC=C(C=C4)C(F)F,1,ZDFIRHIJKVNVDY-UHFFFAOYSA-N,ZDFIRHIJKVNVDY,PubChem,132020526,30576602
O=C1c2cc(-c3ccc(Oc4ccc(F)cc4)cc3)ccc2OCCN1Cc1ncccn1,1,LVYNDEJJELKVGT-UHFFFAOYSA-N,LVYNDEJJELKVGT,data_nav_dev,CHEMBL3962694,
C1CN(CCN1[C@H](C2=CC=CC=C2)C(=O)NCC3=CC=CC=C3)C(=O)C4=CC(=CC(=C4)C#N)OC(F)(F)F,1,NXOLRSKOGVZGJE-RUZDIDTESA-N,NXOLRSKOGVZGJE,PubChem,145992366,30108793
C[C@H](C1=CC=CC=C1)N2CC[C@@H](C2)N(C)C3=C(C=C(C=C3)S(=O)(=O)NC4=CSC=N4)Cl,1,QKIPEOQCVFJQTI-AEFFLSMTSA-N,QKIPEOQCVFJQTI,PubChem,132141376,6331
C1CN(CCN1[C@H](C2=CC=CC=C2)C(=O)NCC3=CC=CC=C3)C(=O)C4=CC(=CC(=C4)C#N)F,1,IAQGUWPCVZBXRG-RUZDIDTESA-N,IAQGUWPCVZBXRG,PubChem,145994131,30108793
COc1cc(-c2c(F)cccc2F)ccc1-c1nccc2cc(S(=O)(=O)Nc3ccncn3)ccc12,0,KIFAYLIPHQRPFM-UHFFFAOYSA-N,KIFAYLIPHQRPFM,CUPID,CUPID,
CS(=O)(=O)NC(=O)C1=C(C=C(C(=C1)C2CC2)OCC3CCN(CC3)CC4=CC(=CC(=C4)Cl)C#N)F,1,VVUANPAJCVJXQN-UHFFFAOYSA-N,VVUANPAJCVJXQN,PubChem,118120272,6331
COc1cc2nnc(C(N)=O)c(Nc3ccc(C)cc3F)c2cc1N1CCOCC1,0,PQACKXRGXFUJNA-UHFFFAOYSA-N,PQACKXRGXFUJNA,CUPID,CUPID,
O=C(NCc1ccc(OC(F)(F)F)cc1)c1c2ccccc2c(O)n1CCc1ncc(F)cn1,0,AGQBOOOPRJWZOQ-UHFFFAOYSA-N,AGQBOOOPRJWZOQ,CUPID,CUPID,
CN([C@H]1CCN(C1)CC2=CN(N=C2)CC3=CC=CC=C3)C4=CC(=C(C=C4Cl)S(=O)(=O)N(C5=CSC=N5)C(=O)[O-])F,1,HJBODNYSHANSGV-FQEVSTJZSA-M,HJBODNYSHANSGV,PubChem,145866031,6331
CN1Cc2ccccc2C(c2ccc(F)cc2F)N=C1CCc1ccc(NS(C)(=O)=O)cc1,0,DZEIWSBKZLSWGF-UHFFFAOYSA-N,DZEIWSBKZLSWGF,CUPID,CUPID,
CCOC1=CC(=C(C=C1)CN2CCC[C@H](C2)OC3=CC(=C(C=C3C4CC4)C(=O)NS(=O)(=O)C)F)OCC,1,UIBQRFPOJVQWAL-OAQYLSRUSA-N,UIBQRFPOJVQWAL,PubChem,118111317,6331
C1CN(CCC1N2CC3=CC=CC=C3C2=O)CC(COCC4=CC=C(C=C4)C(F)(F)F)O,1,VSBWCQACGPVKBT-UHFFFAOYSA-N,VSBWCQACGPVKBT,PubChem,122194672,26358159
CS(=O)(=O)NC(=O)C1=C(C=C(C(=C1)C2CC2)O[C@@H]3CCCN(C3)CC4=CC=CC=C4C5=CC=CC=C5)F,1,MFYFOYKTBPOPEW-HSZRJFAPSA-N,MFYFOYKTBPOPEW,PubChem,118111372,6331
COc1ccc(-c2ccc(-c3nccc4cc(S(=O)(=O)Nc5ccncn5)ccc34)c(OC)c2)cc1,0,NZEXZVQCBRICOH-UHFFFAOYSA-N,NZEXZVQCBRICOH,CUPID,CUPID,
COc1cc(-c2cc(F)cc(Cl)c2)ccc1-c1nccc2cc(S(=O)(=O)Nc3ccncn3)ccc12,0,DYBHNIDJCYVFIO-UHFFFAOYSA-N,DYBHNIDJCYVFIO,CUPID,CUPID,
CS(=O)(=O)NC(=O)C1=C(C=C(C(=C1)C2CC2)OCC3CCN(CC3)CC4=C(C=C(C=C4)C5CC5)Cl)F,1,BRVBRZABHLGTRI-UHFFFAOYSA-N,BRVBRZABHLGTRI,PubChem,118120249,6331
C[C@H](C1=CC=CC=C1)N2CCC(CC2)N(C)C3=CC(=C(C=C3Cl)S(=O)(=O)NC4=CSC=N4)F,0,JYADRIHNWKOINM-MRXNPFEDSA-N,JYADRIHNWKOINM,PubChem,132142139,6331
COCCC1=C(C=CC(=C1)C(F)(F)F)[C@H]2CCOC3=C2C=CC(=C3)S(=O)(=O)NC4=NC(=CC=C4)F,1,GXKDGBSIVFDTAM-LJQANCHMSA-N,GXKDGBSIVFDTAM,PubChem,126650308,6331
COc1ccc(Cl)c(-c2ccc(NC(=O)c3ccnn3C)nc2N)c1,0,ZRJGMDIPCQOGNI-UHFFFAOYSA-N,ZRJGMDIPCQOGNI,CUPID,CUPID,
CC1=C(C(=CC=C1)CN2CC[C@@H](C2)N(C)C3=CC(=C(C=C3Cl)S(=O)(=O)NC4=CSC=N4)F)F,1,CLZBPBUBFIGQIV-INIZCTEOSA-N,CLZBPBUBFIGQIV,PubChem,132141662,6331
COC[C@@H](C1=CC(=CC=C1)Cl)N2CCC(CC2)COC3=CC(=C(C=C3C4CC4)C(=O)NS(=O)(=O)C)F,1,BJUGCVMDGAASCX-DEOSSOPVSA-N,BJUGCVMDGAASCX,PubChem,118111021,6331
CC(C)(C)C1=CC=C(C=C1)CSC2=NC(=CC(=O)N2)N,1,ASEDNWCJVUADNB-UHFFFAOYSA-N,ASEDNWCJVUADNB,PubChem,135426471,22209205
C1CN(CCC12C3=CC=CN3C4=C(N2)C=CC(=C4)Cl)C(=O)C5=CC=C(C=C5)C#N,1,AIEVKOCLFIDVGB-UHFFFAOYSA-N,AIEVKOCLFIDVGB,PubChem,53058119,25113934
Cc1cccc(NC(=O)c2ccc(-c3ccc(OC(F)(F)F)cc3)o2)c1,1,CNFVTGOGEPWRJO-UHFFFAOYSA-N,CNFVTGOGEPWRJO,data_nav_dev,CHEMBL250443,
Cc1cc(C(F)(F)F)ccc1-c1ccc2c(c1)C(=O)N(Cc1ncccn1)CCO2,1,UQUNQAUOWGGDML-UHFFFAOYSA-N,UQUNQAUOWGGDML,data_nav_dev,CHEMBL3953517,
COCCC1=C(C=CC(=C1)C(F)(F)F)[C@H]2CCOC3=C2C=CC(=C3)S(=O)(=O)NC4=NN=CC=C4,0,LZWSSJMVWAAHSG-LJQANCHMSA-N,LZWSSJMVWAAHSG,PubChem,126668920,6331
CCC1=C(C(=NO1)C2=C(C=CC=C2Cl)Cl)NC(=O)OCC3=C(C=CC=C3Cl)F,1,ROTJCNMAIOYHGG-UHFFFAOYSA-N,ROTJCNMAIOYHGG,PubChem,25138309,21641215
C1C[C@H](CN(C1)CC2=C(C=C(C=C2)Cl)Cl)OC3=CC(=C(C=C3C4CC4)C(=O)NS(=O)(=O)C5CC5)F,1,HNPCJOYVJHWLPF-GOSISDBHSA-N,HNPCJOYVJHWLPF,PubChem,118120372,6331
C1COC2=C([C@H]1C3=C(C=C(C=C3)C(F)(F)F)CCCCF)C=CC(=C2)S(=O)(=O)NC4=NC(=CC=C4)F,1,IAIPNCLMOFPGLW-HXUWFJFHSA-N,IAIPNCLMOFPGLW,PubChem,126668492,6331
O=S(=O)(Nc1nccs1)c1cc(Cl)c(NCC23CCCN2CC(F)(F)C3)cc1F,0,YBWCZNQRUSMBRC-UHFFFAOYSA-N,YBWCZNQRUSMBRC,CUPID,CUPID,
CNc1nc(C)nc(N2CCC(C(=O)NCc3ccc(Br)cc3OC(F)(F)F)CC2)n1,1,PVTFEAGMCGMRRS-UHFFFAOYSA-N,PVTFEAGMCGMRRS,data_nav_dev,CHEMBL2392692,
CCS(=O)(=O)NC(=O)C1=C(C=C(C(=C1)C2CC2)OCC3CCN(CC3)[C@H](C)C4=C(C=C(C=C4)F)Cl)F,1,CYBOBMVXTOTJEC-MRXNPFEDSA-N,CYBOBMVXTOTJEC,PubChem,118111468,6331
COc1cc(C#N)ccc1S(=O)(=O)Nc1ccc2c(c1)cc(C)c(=O)n2C,0,UEMQPCYDWCSVCU-UHFFFAOYSA-N,UEMQPCYDWCSVCU,data_nav_dev,CHEMBL3752151,
CC1(CN(C1)C2=CC(=NC=C2C(F)(F)F)Cl)COC3=CC(=C(C=C3C4CC4)C(=O)NS(=O)(=O)C5CC5)F,1,PLZANXMHAHDQEY-UHFFFAOYSA-N,PLZANXMHAHDQEY,PubChem,118120559,6331
COC1=CC2=C(C=C1)N3C=CC=C3C4(N2)CCN(CC4)C(=O)C5=CC(=C(C=C5)OC)Cl,1,TZVKLOBAQHLBCP-UHFFFAOYSA-N,TZVKLOBAQHLBCP,PubChem,118710327,25113934
O=S(=O)(Nc1ncns1)c1ccc2c(-c3ccc(Cl)cc3-c3ccncc3)cccc2c1,0,RLFNGRGSDXFYJJ-UHFFFAOYSA-N,RLFNGRGSDXFYJJ,CUPID,CUPID,
Cc1nc2c(s1)CCC2C(=O)Nc1ccc(CC2CCC(C(O)c3cccnc3)N2)cc1,0,OCDCTMROVJZCQS-UHFFFAOYSA-N,OCDCTMROVJZCQS,CUPID,CUPID,
C1CN(CCC1N2CC3=CC=CC=C3C2=O)CC(COC4=CC=C(C=C4)C(F)(F)F)O,1,IBIBCFGIOQIBHV-UHFFFAOYSA-N,IBIBCFGIOQIBHV,PubChem,122194670,26358159
C1CC1C2=CC(=C(C=C2OCC34CC5CC(C3)CC(C5)C4)F)C(=O)NS(=O)(=O)C6CC6,1,VENWKQHIOIEAII-UHFFFAOYSA-N,VENWKQHIOIEAII,PubChem,72546154,33682420
C1=CC=C(C=C1)N=NC2=CC=C(C=C2)C(=O)O,0,CSPTZWQFHBVOLO-UHFFFAOYSA-N,CSPTZWQFHBVOLO,PubChem,15276,34662118
O=C1c2cc(-c3ccc(C(F)(F)F)cn3)ccc2OCCN1Cc1ccccn1,1,HQECCRFKFLIQLP-UHFFFAOYSA-N,HQECCRFKFLIQLP,data_nav_dev,CHEMBL3981395,
O=S(=O)(Nc1cscn1)c1cc(Cl)c(NCC23CCCN2CCC3)cc1F,0,YAJKJILBISXSFM-UHFFFAOYSA-N,YAJKJILBISXSFM,CUPID,CUPID,
C1=C(C=C2C(=C1C(F)(F)F)N=C(N2)CN)C(F)(F)F,0,MGNFRIYTBJSMRL-UHFFFAOYSA-N,MGNFRIYTBJSMRL,PubChem,60194670,6331
CC1=C(C=C(C=C1)C2=CC(=C(C=C2C#N)C3=NC=CC4=C3C=CC(=C4)S(=O)(=O)NC5=NN=CS5)OC)F,0,QPUCUXKVSSMCRS-UHFFFAOYSA-N,QPUCUXKVSSMCRS,PubChem,117741642,6331
COC1=NC=C(C=N1)C2=C3C[C@@H](COC3=CC=C2)NC(=O)C4=CN=C(C=C4)OCCC(F)(F)F,1,NLLYXEPGGVAVHY-INIZCTEOSA-N,NLLYXEPGGVAVHY,PubChem,66813671,22832315
C1CC(=O)N(C1)C2=C(C=CC(=C2)C(F)(F)F)[C@H]3CCOC4=C3C=CC(=C4)S(=O)(=O)NC5=NC=CC=N5,0,ICJNPCYWBCSZKG-QGZVFWFLSA-N,ICJNPCYWBCSZKG,PubChem,126650171,6331
CC1=CC(=C(C=C1N(C)[C@H]2CCN(C2)CC3=NC4=CC=CC=C4S3)F)S(=O)(=O)NC5=CSC=N5,1,FHFUJRVNNSNZCQ-INIZCTEOSA-N,FHFUJRVNNSNZCQ,PubChem,132142382,6331
COc1cc(-c2ccc(F)cc2F)ccc1-c1nccc2cc(S(=O)(=O)Nc3ccncn3)ccc12,0,JBBLGLCAVJZSDM-UHFFFAOYSA-N,JBBLGLCAVJZSDM,CUPID,CUPID,
C1=CC(=CC=C1C2=CN3C=NN=C3C=C2)OC(F)(F)F,1,WZVPHJFWDKUPJJ-UHFFFAOYSA-N,WZVPHJFWDKUPJJ,PubChem,66849415,27080178
CC1(CCN(CC1)CC2=CC(=CC=C2)C(F)F)OC3=C(C=C(C=C3)S(=O)(=O)NC4=NC=CS4)Cl,1,WYNJHHOEZVWEAC-UHFFFAOYSA-N,WYNJHHOEZVWEAC,PubChem,132141451,6331
N#Cc1cc(S(=O)(=O)Nc2ccc(F)cn2)ccc1Oc1ccc(CO)c(Cl)c1,0,LSWMNYFPGSRIIB-UHFFFAOYSA-N,LSWMNYFPGSRIIB,CUPID,CUPID,
COC1=C(C=C(C(=C1)C2=CC(=CC=C2)F)Cl)C3=C(N=NC4=C3C=CC(=C4)S(=O)(=O)NC5=NOC=C5)N,1,QBWNJYLTWMVCJV-UHFFFAOYSA-N,QBWNJYLTWMVCJV,PubChem,117753922,28287723
CCCO[C@@H](CN[C@@H]1COc2ccccc2SC1)CSc1ccccc1OC,1,XTGYNIBAARSQAR-MSOLQXFVSA-N,XTGYNIBAARSQAR,data_nav_dev,CHEMBL488296,
C[C@H]1CN(CC1NC2=C(C=C(C=C2)S(=O)(=O)NC3=NC=CS3)Cl)CC4=CC=CC=C4,1,TXCKAMAKLHVARQ-OOJLDXBWSA-N,TXCKAMAKLHVARQ,PubChem,138737455,6331
CC1=CC(=CC(=C1)OC2=CC(=C(C=C2)C3=NC=CC4=C3C=CC(=C4)S(=O)(=O)NC5=NC=NC=C5)OC)C,0,HFKNOARGTZZOIM-UHFFFAOYSA-N,HFKNOARGTZZOIM,PubChem,139208251,6331
O=S(=O)(Nc1ncns1)N1CCc2c(cccc2-c2ccc(C(F)(F)F)cc2N2CCOCC2)C1,1,YZNPWMPXSONUQZ-UHFFFAOYSA-N,YZNPWMPXSONUQZ,data_nav_dev,CHEMBL3683220,
O=C1c2cc(CCc3ccc(C(F)(F)F)cc3)ccc2OCCN1Cc1ncccc1F,1,CDBMNECKPYFVCD-UHFFFAOYSA-N,CDBMNECKPYFVCD,data_nav_dev,CHEMBL3946293,
O=C(O)c1ccc(-n2nc(-c3ccccc3O)nc2-c2ccccc2O)cc1,0,BOFQWVMAQOTZIW-UHFFFAOYSA-N,BOFQWVMAQOTZIW,CUPID,CUPID,
COc1cc(C2CC2)ccc1-c1cccc2c1CCN(S(=O)(=O)Nc1ncns1)C2,1,VBSMEKFDFDLZEP-UHFFFAOYSA-N,VBSMEKFDFDLZEP,data_nav_dev,71737221,71737221
Cc1cc(C)cc(C(=O)N2CCC3(CC2)Nc2ccccc2-n2cccc23)c1,0,RSOSLJOUUQFJTO-UHFFFAOYSA-N,RSOSLJOUUQFJTO,CUPID,CUPID,
COc1cc(C(F)(F)F)ccc1-c1cccc2c1CCN(S(=O)(=O)Nc1ncns1)C2,1,RYAFSSVULPFKPR-UHFFFAOYSA-N,RYAFSSVULPFKPR,data_nav_dev,71736902,71736902
O=C(N[C@H]1C[C@@H]1c1ccccc1)N1CCC2(CCc3ccccc3O2)CC1,1,WCYAHHRDZBUIGB-UXHICEINSA-N,WCYAHHRDZBUIGB,data_nav_dev,44583352,44583352
C1COCCC1CNC2=CC(=C(C=C2Cl)S(=O)(=O)NC3=NC=CS3)F,1,CXCZBWCPIJUCFH-UHFFFAOYSA-N,CXCZBWCPIJUCFH,PubChem,134477213,28818462
C1CN(CCC1OC2=NC=NC3=C2C=CN3CC4=CC=CC=C4)CC5=CC=CC=N5,1,RFZHHXIXCJHZNR-UHFFFAOYSA-N,RFZHHXIXCJHZNR,PubChem,57328466,22318156
C1CC1C2=CC(=C(C=C2OCC3CCN(CC3)S(=O)(=O)C4=CC(=C(C=C4)F)Cl)F)C(=O)NS(=O)(=O)C5CC5,1,GIYHIVFXKAMIDY-UHFFFAOYSA-N,GIYHIVFXKAMIDY,PubChem,118120533,6331
CC(=O)O[C@@H]1[C@@H](SC2=CC=CC=C2N(C1=O)CCN(C)C)C3=CC=C(C=C3)OC,1,HSUGRBWQSSZJOP-RTWAWAEBSA-N,HSUGRBWQSSZJOP,PubChem,39186,21300721
O=S(=O)(Nc1nncs1)c1ccc2c(c1)OCCN2c1ccc(C(F)(F)F)cc1Cl,1,CIYPGEZJBSEFKR-UHFFFAOYSA-N,CIYPGEZJBSEFKR,data_nav_dev,CHEMBL3937046,
C1C[C@H](CN(C1)CC2=CC=CC=C2Cl)OC3=CC(=C(C=C3C4CC4)C(=O)NS(=O)(=O)N5CCC5)F,1,SYLRTQMBMABBLJ-LJQANCHMSA-N,SYLRTQMBMABBLJ,PubChem,118120460,6331
CNC1CCN(C1)C2=C(C=CC(=C2)F)NC3=CC(=C(C=C3Cl)S(=O)(=O)NC4=CN=CN=C4)F,0,ITHFHWWRUUOUDP-UHFFFAOYSA-N,ITHFHWWRUUOUDP,PubChem,129136210,6331
COc1cc(-c2ccc(C)c(F)c2)ccc1-c1nccc2cc(S(=O)(=O)Nc3ccncn3)ccc12,0,REKZETGHOLPIDB-UHFFFAOYSA-N,REKZETGHOLPIDB,CUPID,CUPID,
Nc1[nH]ncc1-c1cc(C(F)(F)F)ccc1Oc1cc(F)c(S(=O)(=O)Nc2nncs2)cc1Cl,0,LRAAZMNBUIISTO-UHFFFAOYSA-N,LRAAZMNBUIISTO,CUPID,CUPID,
COC1=C(C=C(C(=C1)Cl)C2=CC(=CC=C2)F)C3=NC=CC4=C3C=CC(=C4)S(=O)(=O)NC5=NN=CS5,0,WWRBGPHTULAVMA-UHFFFAOYSA-N,WWRBGPHTULAVMA,PubChem,117740212,6331
CS(=O)(=O)NC(=O)c1ccc(OCC23CC4CC(CC(C4)C2)C3)c(C2CC2)c1,1,YFFAMHITDBOYET-UHFFFAOYSA-N,YFFAMHITDBOYET,data_nav_dev,72545919,72545919
CS(=O)(=O)NC(=O)C1=C(C=C(C(=C1)C2CC2)O[C@@H]3CCCN(C3)CC4=C(C=C(C=C4)F)C(F)(F)F)F,1,LFXKLQBAVUIAES-QGZVFWFLSA-N,LFXKLQBAVUIAES,PubChem,118120436,6331
COc1ccccc1OCC(O)CN1CCC(N2Cc3ccccc3C2=O)CC1,0,WWJPTIQVZZTQLJ-UHFFFAOYSA-N,WWJPTIQVZZTQLJ,CUPID,CUPID,
O=S(=O)(Nc1nccs1)c1ccc2c(c1)OCCN2c1cccc2cccnc12,1,FHZKYXNABGEJIH-UHFFFAOYSA-N,FHZKYXNABGEJIH,data_nav_dev,CHEMBL3974688,
CN([C@H]1CCN(C1)CC2=NC(=CC=C2)C(F)F)C3=CC(=C(C=C3Cl)S(=O)(=O)NC4=CSC=N4)F,0,STRHWFHTELGFDG-AWEZNQCLSA-N,STRHWFHTELGFDG,PubChem,132141297,6331
CS(=O)(=O)NC(=O)C1=C(C=C(C(=C1)C2CC2)OCC3CCN(CC3)S(=O)(=O)C4=CC=CC=C4C(F)(F)F)F,1,UOEUNSIONXILJG-UHFFFAOYSA-N,UOEUNSIONXILJG,PubChem,118120248,6331
CS(=O)(=O)NC(=O)C1=C(C=C(C(=C1)C2CC2)OCC3CN(C3)C(C4=CC=CC=C4)C5=CC(=C(C=C5)Cl)Cl)F,1,AZHGECCHCQEMBR-UHFFFAOYSA-N,AZHGECCHCQEMBR,PubChem,118111081,6331
CC1=C(C=C(C=C1)CN2CCC(CC2)OC3=C(C=C(C=C3)S(=O)(=O)NC4=NC=CS4)Cl)C,0,DATVXEKQFCNEDD-UHFFFAOYSA-N,DATVXEKQFCNEDD,PubChem,132142069,6331
O=C(O)CCCCC1(c2ccccc2)CCCN(C(=O)Nc2ccc(Cl)cc2)C1,1,CXIKGNQQHDCIPP-UHFFFAOYSA-N,CXIKGNQQHDCIPP,data_nav_dev,46882919,46882919
Cc1ccc2cnccc2c1N1CCOc2cc(S(=O)(=O)Nc3nccs3)ccc21,1,LHEOWNKLIIFUNR-UHFFFAOYSA-N,LHEOWNKLIIFUNR,data_nav_dev,CHEMBL3935962,
O=C(NS(=O)(=O)C1CC1)c1cc(Cl)c(OCC23CC4CC(CC(C4)C2)C3)cc1F,1,ISNMDOLXNFQPJG-UHFFFAOYSA-N,ISNMDOLXNFQPJG,data_nav_dev,86702900,86702900
CC1=CC(=C(C=C1OCC2CCN(CC2)[C@@H](C)C3=CC(=CC(=C3)Cl)Cl)F)C(=O)NS(=O)(=O)C,1,IRFMFQQIANLALO-HNNXBMFYSA-N,IRFMFQQIANLALO,PubChem,118110697,6331
CN([C@H]1CCN(C1)CC2=C(C=CC(=C2)Cl)F)C3=C(C=C(C=C3)S(=O)(=O)NC4=CSC=N4)Cl,1,XINHDDMQPYHSAU-INIZCTEOSA-N,XINHDDMQPYHSAU,PubChem,132142315,6331
COC1=CC=C(C=C1)C(=O)N2CCC3(CC2)C4=CC=CN4C5=C(N3)C=C(C=C5)OC,1,HLFHSIACIXFZGW-UHFFFAOYSA-N,HLFHSIACIXFZGW,PubChem,53025906,25113934
C1COC2=C([C@H]1C3=C(C=C(C=C3)C(F)(F)F)C4=CN=C(C=C4)F)C=CC(=C2)S(=O)(=O)NC5=NC=CS5,1,DKYUUKRMMHLYCZ-GOSISDBHSA-N,DKYUUKRMMHLYCZ,PubChem,156009730,32368909
C1COC2=C([C@H]1C3=C(C=C(C=C3)C(F)(F)F)C4=CC=C(C=C4)C(=O)O)C=CC(=C2)S(=O)(=O)NC5=NC=CC=N5,0,AHFURKVOKPMWMM-OAQYLSRUSA-N,AHFURKVOKPMWMM,PubChem,126650277,6331
C[C@H]1CN(CCO1)C2=NC(=O)NC(=C2)N(CCO)CC3=CC=CC4=CC=CC=C43,0,KXFCSDGILURUCG-INIZCTEOSA-N,KXFCSDGILURUCG,PubChem,70675846,23010262
CCC1CN(c2ccc(C(F)(F)F)cc2C#N)c2ccc(S(=O)(=O)Nc3nccs3)cc2O1,1,PENOKWBKAHLQSK-UHFFFAOYSA-N,PENOKWBKAHLQSK,data_nav_dev,CHEMBL3909869,
O=C(NS(=O)(=O)C1CC1)c1cc(Cl)c(OCCC2(F)CCN(Cc3cc(Cl)cc(Cl)c3)CC2)cc1F,0,VOOKXELDQCVPST-UHFFFAOYSA-N,VOOKXELDQCVPST,CUPID,CUPID,
C1CN(CCC1OC2=C(C=C(C=C2)S(=O)(=O)NC3=NC=CS3)Cl)CC4=CC=CC=C4C(F)(F)F,1,PYNLUUJXGWJRTM-UHFFFAOYSA-N,PYNLUUJXGWJRTM,PubChem,132141716,6331
CN1C2=C(C=CC(=C2)C3=CC=CC=C3OCC(F)(F)F)C(=N1)N,0,QJVJMKKSESPJFR-UHFFFAOYSA-N,QJVJMKKSESPJFR,PubChem,122574394,6331
O=C(O)CCCC1(c2ccccc2)CCCN(C(=O)Nc2ccc(Cl)cc2)C1,1,YTDWKPSJWUXUKF-UHFFFAOYSA-N,YTDWKPSJWUXUKF,data_nav_dev,CHEMBL1078565,
O=C(NCc1ccc(OCCC(F)(F)F)nc1)c1c2ccccc2c(O)n1CCc1ccccn1,0,CPIADEOMAOHNIX-UHFFFAOYSA-N,CPIADEOMAOHNIX,CUPID,CUPID,
CC(C)COc1ncc(-c2ccc(C(=O)NS(C)(=O)=O)cc2C#N)cc1Cl,0,UPXPCCBYWYCTMT-UHFFFAOYSA-N,UPXPCCBYWYCTMT,CUPID,CUPID,
Cc1ccc(C(=O)N=C(N)NCCOc2ccccc2)cc1,0,YSXGWSPKNKLEGI-UHFFFAOYSA-N,YSXGWSPKNKLEGI,CUPID,CUPID,
CN1CCN(C(=O)COc2ccc3cc(Oc4ccccn4)ccc3n2)CC1,0,CARGOCFGMJOVLC-UHFFFAOYSA-N,CARGOCFGMJOVLC,CUPID,CUPID,
COc1cc(Cl)ccc1-c1ncnc2cc(S(=O)(=O)Nc3ncns3)ccc12,0,AFWKFAHNWARIHO-UHFFFAOYSA-N,AFWKFAHNWARIHO,CUPID,CUPID,
CCN([C@H]1CCN(C1)CC2=CC=CC=C2)C3=CC(=C(C=C3C)S(=O)(=O)NC4=CSC=N4)F,1,QRMIRKQEEYSFLS-IBGZPJMESA-N,QRMIRKQEEYSFLS,PubChem,132142196,6331
CC12CCCCC1CC(N1CCCC(N)C1)C2Oc1ccc(C#N)cc1,0,BMHNWVVGDYARHP-UHFFFAOYSA-N,BMHNWVVGDYARHP,CUPID,CUPID,
CCCCN=C(N)NC(=O)C1=CC=C(C=C1)C,1,ALSYKIYWLYFZIK-UHFFFAOYSA-N,ALSYKIYWLYFZIK,PubChem,10955473,11720863
CC1(CN(C2=C1C(=NC=N2)OC3CCN(CC3)CC4=CSC=N4)CC5=CC=CC=C5)C,1,PZSZWWKYXIGFLI-UHFFFAOYSA-N,PZSZWWKYXIGFLI,PubChem,70683181,22318156
O=C1c2cc(CCc3ccc(C(F)(F)F)cc3)ccc2OCCN1Cc1ccccc1,1,ROAINBNNBRCGBU-UHFFFAOYSA-N,ROAINBNNBRCGBU,data_nav_dev,CHEMBL3908372,
CCS(=O)(=O)NC(=O)C1=C(C=C(C(=C1)C)C2=CC(=C(N=C2)OC3=C(C=C(C=C3C)Cl)Cl)Cl)F,1,ZPIQASHVONPDEW-UHFFFAOYSA-N,ZPIQASHVONPDEW,PubChem,122422345,6331
O=C1c2cc(-c3ccc(OC(F)(F)F)cc3)ccc2OCCN1Cc1nnc(C2CC2)o1,1,IJTWMTMEHFHYAG-UHFFFAOYSA-N,IJTWMTMEHFHYAG,data_nav_dev,CHEMBL3914630,
C1CN(C(=O)CN1)CC2=NC3=C(N2)C=C(C(=C3)C(F)(F)F)C(F)(F)F,0,KCIDKNHRWKMHLY-UHFFFAOYSA-N,KCIDKNHRWKMHLY,PubChem,90256527,6331
CC1=C(C(=NO1)C2=C(C=CC=C2Cl)Cl)NC(=O)NCC3=C(C=CC=C3Cl)F,1,SOTPTWMXUTVXIV-UHFFFAOYSA-N,SOTPTWMXUTVXIV,PubChem,25204600,21641215
O=C(c1ccccc1)c1ccccc1OCC(O)CN1CCC(n2c(O)cc3ccccc32)CC1,0,HELHOSXCNSNUIM-UHFFFAOYSA-N,HELHOSXCNSNUIM,CUPID,CUPID,
CN(C)C1=CC=C(C=C1)NC2=NC(=NC3=C2CC(CC3)N)C4=CC=NC=C4,0,CKXSRLUXTFDZCF-UHFFFAOYSA-N,CKXSRLUXTFDZCF,PubChem,135150944,33079544
C1COC2=C(N1C3=C(C=C(C=C3)C(F)(F)F)C#N)C=CC(=C2)S(=O)(=O)NC4=NC=CS4,1,BWLXHOXMMNBFPO-UHFFFAOYSA-N,BWLXHOXMMNBFPO,PubChem,89761281,28629594
CS(=O)(=O)NC(=O)c1cc(F)c(COc2ccc(Cl)c(Cl)c2)cc1F,0,RQIRAWYTRPXHHW-UHFFFAOYSA-N,RQIRAWYTRPXHHW,CUPID,CUPID,
O=C(O)c1ccc(-c2noc(C3CCN(C(=O)NC4CC4c4ccccc4)CC3)n2)cc1,1,ACXQPBJHXILGLA-UHFFFAOYSA-N,ACXQPBJHXILGLA,data_nav_dev,45268206,45268206
Nc1nc2c(s1)CC(NC(=O)c1ccc[nH]1)CC2,0,ZKLOSMHXLGELFE-UHFFFAOYSA-N,ZKLOSMHXLGELFE,CUPID,CUPID,
C1CC1C2=CC(=C(C=C2CN3CCC(CC3)SC4=CC(=CC(=C4)Cl)Cl)F)C(=O)N,1,XXYUPEAYWNMJAB-UHFFFAOYSA-N,XXYUPEAYWNMJAB,PubChem,118120790,6331
CN([C@H]1CCN(C1)CC2=CC=CC=C2OC)C3=CC(=C(C=C3Cl)S(=O)(=O)NC4=CSC=N4)F,0,PZUYBZPEGAJTNT-INIZCTEOSA-N,PZUYBZPEGAJTNT,PubChem,132141574,6331
C1[C@@H](COC2=CC=CC(=C21)C3=CN=CC=C3)NC(=O)C4=CC=C(C=C4)OC(F)(F)F,1,YAXBXTNYPVATMS-INIZCTEOSA-N,YAXBXTNYPVATMS,PubChem,25113809,22832315
N#Cc1cncc(N2CCOc3cc(S(=O)(=O)Nc4nccs4)ccc32)c1,1,XMHOASOCNUSOPA-UHFFFAOYSA-N,XMHOASOCNUSOPA,data_nav_dev,CHEMBL3958250,
C1COC2=C([C@H]1C3=C(C=C(C=C3)C(F)(F)F)CCC(F)F)C=CC(=C2)S(=O)(=O)NC4=NC=C(C=N4)F,0,MKQRHAFEUGJYBU-GOSISDBHSA-N,MKQRHAFEUGJYBU,PubChem,126668993,6331
C[C@@H](C1=CC(=CC(=C1)Cl)Cl)N2CCC(CC2)(COC3=CC(=C(C=C3C4CC4)C(=O)NS(=O)(=O)C)F)C#N,1,MUSMJSIOKVJKDY-INIZCTEOSA-N,MUSMJSIOKVJKDY,PubChem,118120204,6331
C[C@@H]1CN(c2ccc(C(F)(F)F)cc2C#N)c2ccc(S(=O)(=O)Nc3nccs3)cc2O1,1,KTYPXYDRNKHYHU-GFCCVEGCSA-N,KTYPXYDRNKHYHU,data_nav_dev,89761476,89761476
C1CC(CCC1C#N)N2C(C3=CC=CC=C3C2=O)C(=O)NCC4=CC=C(C=C4)OC(F)(F)F,1,LBDXGWAJBUSGFW-UHFFFAOYSA-N,LBDXGWAJBUSGFW,PubChem,44543891,22770500
CS(=O)(=O)NC1=NN=C2N1C=C(C(=C2)COC3=CC(=CC(=C3)Cl)Cl)C4CC4,1,DPIPLAYFRAXNRK-UHFFFAOYSA-N,DPIPLAYFRAXNRK,PubChem,117608566,29737846
COC1=C(C=C(C(=C1)C2=CC(=CC=C2)C(F)(F)F)C#N)C3=NC=NC4=C3C=CC(=C4)S(=O)(=O)NC5=NN=CS5,0,OUNZWEVCBKZIFY-UHFFFAOYSA-N,OUNZWEVCBKZIFY,PubChem,117741650,6331
C1CN(CCC1OC2=CC(=C(C=C2Cl)S(=O)(=O)NC3=CSC=N3)F)CC4=CC=CC=C4,0,YDTGVUJVMUOJJX-UHFFFAOYSA-N,YDTGVUJVMUOJJX,PubChem,132141616,6331
O=S(=O)(Nc1ncns1)c1ccc2c(-c3ccc(C(F)(F)F)cc3-c3ccncc3)nccc2c1,0,INWWBXFEFPNCFR-UHFFFAOYSA-N,INWWBXFEFPNCFR,CUPID,CUPID,
COc1ccc(-c2cccc(F)c2)cc1-c1nccc2cc(S(=O)(=O)Nc3nncs3)ccc12,0,XLGUNCFXZLFAGJ-UHFFFAOYSA-N,XLGUNCFXZLFAGJ,CUPID,CUPID,
COc1ccc(F)cc1N1CCOc2cc(S(=O)(=O)Nc3nccs3)ccc21,1,HOQGUPIDKRMGMW-UHFFFAOYSA-N,HOQGUPIDKRMGMW,data_nav_dev,CHEMBL3895556,
CC1=CC=C(C=C1)C(=O)NC(=NCCC2=CNC3=C2C(=CC=C3)OC)N,1,XEAYYEPMPLLWAA-UHFFFAOYSA-N,XEAYYEPMPLLWAA,PubChem,44337462,11720863
CS(=O)(=O)NC(=O)C1=C(C=C(C(=C1)C2CC2)OCC3CCN(CC3)C4=CC(=CC=C4)Cl)F,1,MNTIFTYMXHJTKW-UHFFFAOYSA-N,MNTIFTYMXHJTKW,PubChem,118120244,6331
CC1=CC(=C(C=C1)CN2CC[C@@H](C2)N(C)C3=CC(=C(C=C3Cl)S(=O)(=O)NC4=CSC=N4)F)F,1,RDTBQHQBCOIDTI-INIZCTEOSA-N,RDTBQHQBCOIDTI,PubChem,132141537,6331
CN([C@H]1CCN(C1)CC2=CC=CC=C2)C3=CC(=C(C=C3F)S(=O)(=O)NC4=CSC=N4)F,0,ZFHZHCJFMMZFFD-INIZCTEOSA-N,ZFHZHCJFMMZFFD,PubChem,132141347,6331
CS(=O)(=O)NC(=O)C1=C(C=C(C(=C1)C2CC2)OCC3CCN(CC3)CC4=C(C(=CC(=C4)C(F)(F)F)Cl)F)F,1,UHTDRCGXSYGMRR-UHFFFAOYSA-N,UHTDRCGXSYGMRR,PubChem,118120481,6331
C1=CC=C2C(=C1)C(N(C2=O)CCC3=CC=CC=N3)C(=O)NCC4=CC=C(C=C4)Br,1,BKVFCMNILFLKCW-UHFFFAOYSA-N,BKVFCMNILFLKCW,PubChem,44543784,22770500
Cc1onc(-c2ccccc2)c1CN1CCOc2cc(S(=O)(=O)Nc3nccs3)ccc21,1,CGGWBRMCTQGFMF-UHFFFAOYSA-N,CGGWBRMCTQGFMF,data_nav_dev,89761861,89761861
CC1=C(C=CC(=C1F)S(=O)(=O)NC2=CSC=N2)N(C)[C@H]3CCN(C3)CC4=C(C=CC(=C4)F)F,1,FWBORLQLOZGSJI-KRWDZBQOSA-N,FWBORLQLOZGSJI,PubChem,132141317,6331
Cc1onc(-c2c(Cl)cncc2Cl)c1NC(=O)NCc1ccc(OC(C)C)nc1,0,LNGDCWJHLCMDDN-UHFFFAOYSA-N,LNGDCWJHLCMDDN,CUPID,CUPID,
N#Cc1ccc(N2CCOc3cc(S(=O)(=O)Nc4nccs4)ccc32)cc1OC(F)(F)F,1,RAKSTPPLYSELJA-UHFFFAOYSA-N,RAKSTPPLYSELJA,data_nav_dev,89761869,89761869
O=C(Cc1ccccn1)N1CCOc2ccc(-c3ccc(C(F)(F)F)cc3)cc2C1,1,MAJFETQCMFQVHW-UHFFFAOYSA-N,MAJFETQCMFQVHW,data_nav_dev,CHEMBL3915755,
Cn1nccc1[C@H]1CCC[C@@H]1Oc1cc(F)c(S(=O)(=O)Nc2ncns2)cc1F,0,CERACPGISLLMDW-YGRLFVJLSA-N,CERACPGISLLMDW,data_nav_dev,CHEMBL4632675,
COC1=C(C=C(C=C1)CN2CCC(CC2)COC3=CC(=C(C=C3C4CC4)C(=O)NS(=O)(=O)C)F)F,1,LNSGKRRBOFFWLA-UHFFFAOYSA-N,LNSGKRRBOFFWLA,PubChem,118111028,6331
CCOc1cc2ncc(C(N)=O)c(Nc3ccc(F)cc3F)c2cc1N1CCC(O)CC1,0,HGMSNMCROLQLSN-UHFFFAOYSA-N,HGMSNMCROLQLSN,CUPID,CUPID,
COc1cc(-c2cc(F)ccc2F)ccc1-c1nccc2cc(S(=O)(=O)Nc3ccncn3)ccc12,0,OUCUPBQBDDESQW-UHFFFAOYSA-N,OUCUPBQBDDESQW,CUPID,CUPID,
COCCOC1=C(C=CC(=C1)C(F)(F)F)[C@H]2CCOC3=C2C=CC(=C3)S(=O)(=O)NC4=NC=CC=N4,1,YTIWSJAMJDAURV-QGZVFWFLSA-N,YTIWSJAMJDAURV,PubChem,126668611,6331
C1COC2=C([C@H]1C3=C(C=C(C=C3)C(F)(F)F)C4=CC=C(C=C4)C(=O)O)C=CC(=C2)S(=O)(=O)NC5=NC(=CC=C5)F,0,FPZBPRHCYCZSPK-OAQYLSRUSA-N,FPZBPRHCYCZSPK,PubChem,126649841,6331
C1=CC=C(C(=C1)CCNC(=O)C2=CN=C(C=C2)OCCC(F)(F)F)C3=CN=C(C=N3)OC(F)F,1,SJCKKJUEVXMIOE-UHFFFAOYSA-N,SJCKKJUEVXMIOE,PubChem,71456401,22939696
O=S(=O)(Nc1ccon1)c1ccc2c(c1)OCCN2c1ccc(C(F)(F)F)cc1Cl,1,NCXDTLQDEJVDKO-UHFFFAOYSA-N,NCXDTLQDEJVDKO,data_nav_dev,CHEMBL3889642,
COc1cc(-c2cn(C)c3cc(C(=O)NS(=O)(=O)C4CC4)ccc23)cnc1OCC(C)C,0,CUXAPKNXWSOMEJ-UHFFFAOYSA-N,CUXAPKNXWSOMEJ,CUPID,CUPID,
C1COC2=C([C@H]1C3=C(C=C(C=C3)C(F)(F)F)N4CCNCC4)C=CC(=C2)S(=O)(=O)NC5=NC=CS5,1,ZRUOUOQFNMKUDU-QGZVFWFLSA-N,ZRUOUOQFNMKUDU,PubChem,156022164,32368909
O=S(=O)(Nc1cccnn1)c1ccc2c(c1)OCCN2c1ccc(C(F)(F)F)cc1C1=CCNCC1,1,MDUMLNKWTWMUSR-UHFFFAOYSA-N,MDUMLNKWTWMUSR,data_nav_dev,CHEMBL3940662,
CC1=CN(C2=C1C=C(C=C2)C(=O)NS(=O)(=O)C3CC3)C4CCCC=C4,1,JHTBXYQIHWCGPI-UHFFFAOYSA-N,JHTBXYQIHWCGPI,PubChem,155530714,30638874
CC(C)(C)OC(=O)n1cc(-c2ccc(NC(=O)c3cc4ccccc4[nH]3)cc2)nc1N,0,VPJWOZNUFWSDSM-UHFFFAOYSA-N,VPJWOZNUFWSDSM,CUPID,CUPID,
CN1C(=CC(=N1)C2=CC=CC=C2)CN3CCC[C@H](C3)OC4=CC(=C(C=C4C5CC5)C(=O)NS(=O)(=O)C)F,1,GKGODLQTZJTYQH-OAQYLSRUSA-N,GKGODLQTZJTYQH,PubChem,118120241,6331
N#Cc1ccc(C(C(=O)NCC(F)(F)C2CC2)N2CCN(C(=O)c3cc(F)ccc3Cl)CC2)cc1,0,SQVMZLKQHMCEPN-UHFFFAOYSA-N,SQVMZLKQHMCEPN,CUPID,CUPID,
CC(C)COc1ncc(-c2cc(F)c(C(=O)NS(C)(=O)=O)cc2F)cc1Cl,0,ZVQRMIXAIICOKV-UHFFFAOYSA-N,ZVQRMIXAIICOKV,CUPID,CUPID,
COC[C@H](C1=CC(=CC(=C1)Cl)Cl)N2CCC[C@H](C2)OC3=CC(=C(C=C3C4CC4)C(=O)NS(=O)(=O)C)F,1,QMOLJXRAMAPQPQ-AUSIDOKSSA-N,QMOLJXRAMAPQPQ,PubChem,118111186,6331
C1=CC(=CC(=C1)C(=O)NC2=CC=CC(=C2C3=CN=CC=C3)C(F)(F)F)C4=C(C=CC=N4)Cl,1,FOVUYWGGUYNFBG-UHFFFAOYSA-N,FOVUYWGGUYNFBG,PubChem,137649269,28684121
O=C1c2cc(-c3ccc(OC(F)(F)F)cc3)ccc2OCCN1Cc1nccc(N2CCOCC2)n1,1,OVVPZCLOCPASTJ-UHFFFAOYSA-N,OVVPZCLOCPASTJ,data_nav_dev,CHEMBL3973542,
CC(N)C1CCN(c2c(F)cc3cc(C(=O)O)c(=O)n4c3c2OCC4C)C1,0,PJKALEQFHVDDFX-UHFFFAOYSA-N,PJKALEQFHVDDFX,CUPID,CUPID,
CC1=CC=C(C=C1)C(=O)NC(=NC2=CC=C(C=C2)OC(C)C)N,1,ADQMCDSJZCPRNK-UHFFFAOYSA-N,ADQMCDSJZCPRNK,PubChem,135568535,11720863
C1CC(=NOCC2=CC=CC=C2)CCC1CNC3=CC(=C(C=C3Cl)S(=O)(=O)NC4=NC=CS4)F,1,KLPYGTAZYKQPSL-UHFFFAOYSA-N,KLPYGTAZYKQPSL,PubChem,137636062,28818462
CC1=NC(=CS1)C2=C(C=CC(=C2)C(F)(F)F)[C@@H]3CCOC4=C3C=CC(=C4)S(=O)(=O)NC5=NC=CC=N5,0,WXVMQJKBDXCFTC-SFHVURJKSA-N,WXVMQJKBDXCFTC,PubChem,126650292,6331
CN([C@H]1CCN(C1)CC2=CC(=CC=C2)Cl)C3=CC(=C(C=C3Cl)S(=O)(=O)NC4=CSC=N4)F,1,KCCRUOWFWBICPA-INIZCTEOSA-N,KCCRUOWFWBICPA,PubChem,132141602,6331
CS(=O)(=O)NC(=O)C1=C(C=C(C(=C1)C2CC2)O[C@@H]3CCCN(C3)S(=O)(=O)C)F,0,GFSPJRAHRDOOIJ-GFCCVEGCSA-N,GFSPJRAHRDOOIJ,PubChem,118120628,6331
C1CN(C[C@@H]([C@H]1OC2=CC(=C(C=C2F)S(=O)(=O)NC3=NC(=CC=C3)F)F)C4=CC=CC(=C4)C#N)CC(F)(F)F,1,VGEWWSXXSJBTNU-XLIONFOSSA-N,VGEWWSXXSJBTNU,PubChem,164622131,34044121
CS(=O)(=O)NC(=O)C1=C(C=C(C(=C1)C2CC2)OCC3CCN(CC3)S(=O)(=O)C4=CC(=C(C(=C4)F)F)F)F,1,DRNSHRBRTNNNRM-UHFFFAOYSA-N,DRNSHRBRTNNNRM,PubChem,118111074,6331
COC[C@@H](C1=CC(=C(C=C1)Cl)Cl)N2CCC(CC2)COC3=CC(=C(C=C3C4CC4)C(=O)NS(=O)(=O)C)F,1,MCBCKBHAGLJKPH-DEOSSOPVSA-N,MCBCKBHAGLJKPH,PubChem,118110868,6331
COC1=C(C=C(C(=C1)C2=C(N=CC(=C2)F)OC)C#N)C3=NC=CC4=C3C=CC(=C4)S(=O)(=O)NC5=NN=CS5,0,LFYUMTMUXPSZEZ-UHFFFAOYSA-N,LFYUMTMUXPSZEZ,PubChem,117741721,6331
CC(C)COc1ncc(-c2cn(C)c3cc(C(=O)NS(=O)(=O)C4CC4)ccc23)cc1Cl,0,OSNZUISQROCPPF-UHFFFAOYSA-N,OSNZUISQROCPPF,CUPID,CUPID,
CS(=O)(=O)NC(=O)C1=C(C=C(C(=C1)C2CC2)CN3CCC(CC3)OCC4=C(C=C(C=C4)F)Cl)F,1,XMVKPHXYJPWNBI-UHFFFAOYSA-N,XMVKPHXYJPWNBI,PubChem,118120308,6331
Cn1cnnc1C1CCN(C(=O)NC2CC2c2ccccc2)CC1,1,PMWSGFIJYUECNG-UHFFFAOYSA-N,PMWSGFIJYUECNG,data_nav_dev,45270771,45270771
O=C(NS(=O)(=O)C1CC1)c1cc(C2CC2)c(OCC23CC4CC(C2)C(F)(F)C(C4)C3)cc1F,1,ADMLHCZRKYFTCM-UHFFFAOYSA-N,ADMLHCZRKYFTCM,data_nav_dev,CHEMBL3662090,
CC1=CC(=C(C=C1N(C)[C@H]2CCN(C2)CC3=NC(=CS3)C4CC4)F)S(=O)(=O)NC5=CSC=N5,0,SGZUNQFVPNVHIO-INIZCTEOSA-N,SGZUNQFVPNVHIO,PubChem,132141823,6331
CC1=C(C=C(C=C1)C2=CC(=C(C=C2C#N)C3=NC=CC4=C3C=CC(=C4)S(=O)(=O)NC5=NC=NC=C5)OC)Cl,0,OYUBATUAAXYATB-UHFFFAOYSA-N,OYUBATUAAXYATB,PubChem,121333936,6331
Nc1nc(-c2cccc(NC(=O)c3ccc[nH]3)c2)c[nH]1,0,VOYCRXHSXQQVLX-UHFFFAOYSA-N,VOYCRXHSXQQVLX,CUPID,CUPID,
N#Cc1ccccc1N1CCOc2cc(S(=O)(=O)Nc3nccs3)ccc21,1,VYQQWWDZSIBMCE-UHFFFAOYSA-N,VYQQWWDZSIBMCE,data_nav_dev,71711627,71711627
COC1=C(C=CC(=C1)C2=CC(=CC=C2)F)C3=NC=CC4=CC(=C(C=C43)F)S(=O)(=O)NC5=NC=NS5,0,ZXYPFRGZKVWVAC-UHFFFAOYSA-N,ZXYPFRGZKVWVAC,PubChem,117740435,6331
CS(=O)(=O)N1CCC(CC1)COC2=CC(=C(C=C2C3CC3)C(=O)NS(=O)(=O)C4CC4)F,1,CYLFEGJWICDQRU-UHFFFAOYSA-N,CYLFEGJWICDQRU,PubChem,118111073,6331
O=S(=O)(Nc1ncns1)c1ccc2c(-c3ccc(C(F)(F)F)c(Cl)c3)nccc2c1,0,PMBCGKYITRCKIW-UHFFFAOYSA-N,PMBCGKYITRCKIW,CUPID,CUPID,
CS(=O)(=O)NC(=O)C1=C(C=C(C(=C1)C2CC2)OCC3CCN(CC3)CC4=CC=CC=C4Cl)F,1,CQMGOVSDXNMSHT-UHFFFAOYSA-N,CQMGOVSDXNMSHT,PubChem,118120739,6331
C1COCCN1C2=CC=CC=C2NC(=O)COC3=CC=CC4=C3N=CC=C4,1,ZJRDHGFMVANNGO-UHFFFAOYSA-N,ZJRDHGFMVANNGO,PubChem,4879545,28684121
COc1ccc(S(=O)(=O)Nc2c(C)cc(C)cc2C)cc1,0,FQUAFMNPXPXOJE-UHFFFAOYSA-N,FQUAFMNPXPXOJE,CUPID,CUPID,
CC(C)c1ccc(-c2ccc3c(c2)C(=O)N(Cc2ncccn2)CCO3)cc1,1,MWEJLPTXKSYOJU-UHFFFAOYSA-N,MWEJLPTXKSYOJU,data_nav_dev,CHEMBL3898406,
COc1cc(-c2cccc(C)c2)c(F)cc1-c1nccc2cc(S(=O)(=O)Nc3ccon3)ccc12,1,OQXSFNORAJVFBM-UHFFFAOYSA-N,OQXSFNORAJVFBM,data_nav_dev,137640087,137640087
O=C1c2cc(-c3ccc(OC(F)(F)F)cc3)ncc2OCCN1Cc1ncccn1,1,ZCGANHWFHSPIIK-UHFFFAOYSA-N,ZCGANHWFHSPIIK,data_nav_dev,CHEMBL3983230,
C[C@@H](C1=CC(=CC(=C1)Cl)Cl)N2CCC(CC2)COC3=C(C=C(C(=C3)F)C(=O)NS(=O)(=O)C4CC4)Cl,1,GCVLCXXOZKDWKX-AWEZNQCLSA-N,GCVLCXXOZKDWKX,PubChem,118110497,6331
C[C@H]1CN(CC[C@@H]1OC2=C(C=C(C=C2)S(=O)(=O)NC3=NC=CS3)Cl)CC4=CC=CC=C4F,1,OSDHPDPYMSJEJW-YWZLYKJASA-N,OSDHPDPYMSJEJW,PubChem,132142413,6331
CC1(CN(C1)C2=NC=C(C(=C2)Cl)C(F)(F)F)COC3=CC(=C(C=C3C4CC4)C(=O)NS(=O)(=O)C5CC5)F,1,MQBAFWXBAHSNIS-UHFFFAOYSA-N,MQBAFWXBAHSNIS,PubChem,118120495,6331
COc1ccc(CCNC(=O)c2ccc(OCCC(F)(F)F)nc2)c(-c2cnc(OC)nc2)c1,0,XRYVLNSTGGEKSW-UHFFFAOYSA-N,XRYVLNSTGGEKSW,CUPID,CUPID,
C1C[C@H](CN(C1)CC2=CC=C(C=C2)F)OC3=CC(=C(C=C3C4CC4)C(=O)NS(=O)(=O)C5CC5)F,1,NNGCXOGDAAQZSL-LJQANCHMSA-N,NNGCXOGDAAQZSL,PubChem,118120377,6331
CC(C)OC1=C(C=C(C=N1)OC2=CC(=C(C=C2C3CC3)C(=O)NS(=O)(=O)N4CCC4)F)Cl,1,FTFVFAHJHJQWBC-UHFFFAOYSA-N,FTFVFAHJHJQWBC,PubChem,90021555,25060923
CC(C)CC(N)Cc1nc(-c2ccc(Cl)cc2)c[nH]1,0,KWHWTZDVUUPSGW-UHFFFAOYSA-N,KWHWTZDVUUPSGW,CUPID,CUPID,
O=C(NCc1ccc(OC(F)(F)F)cc1)C1c2c(O)cccc2C(=O)N1CCc1ccccn1,0,VIYGRMYFKBEEHI-UHFFFAOYSA-N,VIYGRMYFKBEEHI,data_nav_dev,CHEMBL2164038,
C1CCC2(C1)C1CN(CC3CC3)CC2CN(CC2CC2)C1,0,CTIRHWCPXYGDGF-UHFFFAOYSA-N,CTIRHWCPXYGDGF,data_nav_dev,65825,65825
CCOC(=O)N1CCC(=CC#Cc2cccc(C)n2)C1,0,NDVDBJIRXMBDOD-UHFFFAOYSA-N,NDVDBJIRXMBDOD,CUPID,CUPID,
CC(C)c1ccc(N2CCOc3cc(S(=O)(=O)Nc4nccs4)ccc32)c(C#N)c1,1,LEZRONYAEVJQQI-UHFFFAOYSA-N,LEZRONYAEVJQQI,data_nav_dev,CHEMBL3941069,
COCCCCC1=C(C=CC(=C1)C(F)(F)F)[C@H]2CCOC3=C2C=CC(=C3)S(=O)(=O)NC4=NN=CC=C4,1,BVLFAYMJNSRBJB-OAQYLSRUSA-N,BVLFAYMJNSRBJB,PubChem,126668710,6331
Cn1nccc1C1NCCOC1Oc1cc(F)c(S(=O)(=O)Nc2ncns2)cc1F,0,GMXOBFHPACKZIZ-UHFFFAOYSA-N,GMXOBFHPACKZIZ,CUPID,CUPID,
CS(=O)(=O)NC(=O)C1=C(C=C(C(=C1)C2CC2)O[C@@H]3CCCN(C3)C4=CC(=CC(=C4)Cl)Cl)F,1,HNJMXVPATONNKF-QGZVFWFLSA-N,HNJMXVPATONNKF,PubChem,118353678,6331
COC1=C(C=C(C(=C1)C2=CC(=CC=C2)C(F)(F)F)C#N)C3=NC=NC4=C3C=CC(=C4)S(=O)(=O)NC5=NOC=C5,0,WZBLYJZPVWNESM-UHFFFAOYSA-N,WZBLYJZPVWNESM,PubChem,117740366,6331
O=C(NCc1ccc(F)c(C(F)(F)F)c1)C1c2ccccc2C(=O)N1CCc1ncc(F)cn1,0,MDNRLFQBJXDLAO-UHFFFAOYSA-N,MDNRLFQBJXDLAO,data_nav_dev,60201256,60201256
COC1=C(C=CC(=C1)C(F)(F)F)[C@H]2CCOC3=C2C=CC(=C3)S(=O)(=O)NC4=NC=CC=N4,0,ZDBHLAUOABZOIM-OAHLLOKOSA-N,ZDBHLAUOABZOIM,PubChem,126668640,6331
CC1=CC=C(C=C1)CN2CCC(CC2)COC3=CC(=C(C=C3C4CC4)C(=O)NS(=O)(=O)C)F,1,CLTRXBXANMXUKB-UHFFFAOYSA-N,CLTRXBXANMXUKB,PubChem,118110664,6331
CC1=CC=C(C=C1)CN2CCC[C@H](C2)OC3=CC(=C(C=C3C4CC4)C(=O)NS(=O)(=O)N5CCC5)F,1,GRJSGWBWPRGODG-OAQYLSRUSA-N,GRJSGWBWPRGODG,PubChem,118120324,6331
C1=CC=C2C(=C1)C(N(C2=O)CCC3=CC=CC=N3)C(=O)NCC4=CC=C(C=C4)CC(F)(F)F,1,HPSXNGYRKXICLD-UHFFFAOYSA-N,HPSXNGYRKXICLD,PubChem,44543889,22770500
COc1ccc(C2NCCOC2Oc2cc(F)c(S(=O)(=O)Nc3ncns3)cc2F)cc1,0,KQGHIFONBGUSMR-UHFFFAOYSA-N,KQGHIFONBGUSMR,CUPID,CUPID,
CNC1CCN(C1)C2=CC=CC=C2NC3=CC(=C(C=C3)S(=O)(=O)NC4=CSC=N4)F,0,SKJKCRCCBVXTNB-UHFFFAOYSA-N,SKJKCRCCBVXTNB,PubChem,135325206,6331
COC(=O)C1=C(C=C(C(=C1)C2CC2)OCC3CCN(CC3)CC4=C(C(=CC(=C4)Cl)Cl)C#N)F,1,WJRHMCNOLMTJKY-UHFFFAOYSA-N,WJRHMCNOLMTJKY,PubChem,118120757,6331
Cn1nccc1-c1cc(C(F)(F)F)ccc1-c1cn(C)c2cc(S(=O)(=O)Nc3nncs3)ccc12,1,JSVFRINVOKDWFP-UHFFFAOYSA-N,JSVFRINVOKDWFP,data_nav_dev,71259436,71259436
COc1cc(C(F)(F)F)ccc1-c1nccc2cc(S(=O)(=O)Nc3ccncn3)ccc12,0,VKSDOTFVEIWXEL-UHFFFAOYSA-N,VKSDOTFVEIWXEL,CUPID,CUPID,
C1C[C@H](CN(C1)C2=CC(=CC(=C2)Cl)Cl)OC3=CC(=C(C=C3C4CC4)C(=O)NS(=O)(=O)C5CC5)F,1,XXTHLPZHBJNZIC-GOSISDBHSA-N,XXTHLPZHBJNZIC,PubChem,118110728,6331
C1COC2=C([C@H]1C3=C(C=C(C=C3)C(F)(F)F)CCC(F)F)C=CC(=C2)S(=O)(=O)NC4=NC(=CC=C4)F,1,YHYALLLZPAPXDW-GOSISDBHSA-N,YHYALLLZPAPXDW,PubChem,135196614,6331
NC(CC(=O)N1CCn2c(nnc2C(F)(F)F)C1)Cc1cc(F)c(F)cc1F,0,MFFMDFFZMYYVKS-UHFFFAOYSA-N,MFFMDFFZMYYVKS,CUPID,CUPID,
O=S(=O)(Nc1cccnn1)c1cc(F)c(OC2CCN(CC(F)(F)F)CC2c2ccccc2)cc1F,0,CGNZSYVWNCZOBH-UHFFFAOYSA-N,CGNZSYVWNCZOBH,CUPID,CUPID,
CC1(CCN(CC1)CC2=NC(=CC=C2)OC)COC3=CC(=C(C=C3C4CC4)C(=O)NS(=O)(=O)C)F,1,BCBGJDDANSCJBL-UHFFFAOYSA-N,BCBGJDDANSCJBL,PubChem,118120747,6331
Cn1cc(-c2cccc3c2CCNC3)c2ccc(S(=O)(=O)Nc3ncns3)cc21,1,KWGPACHQZNIKFQ-UHFFFAOYSA-N,KWGPACHQZNIKFQ,data_nav_dev,71259207,71259207
C1=CC(=C(C=C1Cl)C2=C(NN=C2)N)OC3=CC(=C(C=C3Cl)S(=O)(=O)NC4=CSC=N4)F,1,ZYSCOUXLBXGGIM-UHFFFAOYSA-N,ZYSCOUXLBXGGIM,PubChem,46840946,28465103
COC1=C(C=C(C(=C1)C2=CC(=CC(=C2)Cl)F)C#N)C3=NC=CC4=C3C=CC(=C4)S(=O)(=O)NC5=NOC=C5,0,PLKGLKVXUIWEBF-UHFFFAOYSA-N,PLKGLKVXUIWEBF,PubChem,121333955,6331
Cc1ccc(N2CCOc3cc(S(=O)(=O)Nc4nccs4)ccc32)cc1C#N,1,QYOWGSRYYUWDGK-UHFFFAOYSA-N,QYOWGSRYYUWDGK,data_nav_dev,89761988,89761988
COc1ccnc(CN2CCOc3cnc(-c4ccc(OC(F)(F)F)cc4)cc3C2=O)n1,1,YVPWHTVHQASGEU-UHFFFAOYSA-N,YVPWHTVHQASGEU,data_nav_dev,CHEMBL3939557,
O=C(Nc1cccnn1)N1CCC(=Cc2cccc(Oc3ccc(C(F)(F)F)cn3)c2)CC1,1,BATCTBJIJJEPHM-UHFFFAOYSA-N,BATCTBJIJJEPHM,data_nav_dev,CHEMBL1651534,
CC(C)(C)CCN1CC[C@@H](C1)N(C)C2=CC(=C(C=C2Cl)S(=O)(=O)NC3=CSC=N3)F,0,BMNWDZOAQMVATD-AWEZNQCLSA-N,BMNWDZOAQMVATD,PubChem,132142454,6331
CC1(CCN(CC1)C(=O)C2=C(C=CC(=C2)Cl)Cl)COC3=CC(=C(C=C3C4CC4)C(=O)NS(=O)(=O)C)F,1,ACAUVVYTUYRYKS-UHFFFAOYSA-N,ACAUVVYTUYRYKS,PubChem,118120348,6331
Nc1nc2c(s1)CC(NCc1ccc[nH]1)CC2,0,FSDSCIFVFZAKMK-UHFFFAOYSA-N,FSDSCIFVFZAKMK,CUPID,CUPID,
O=C1c2cc(Nc3ccc(C(F)(F)F)cc3)ccc2OCCN1Cc1ccccn1,1,MSJHOYHACHYZIY-UHFFFAOYSA-N,MSJHOYHACHYZIY,data_nav_dev,CHEMBL3915931,
O=C1c2cc(-c3ccc(OC(F)(F)F)cc3)ccc2OCCN1Cc1ccn(C(F)F)n1,1,LDLRWLMBBRLKRP-UHFFFAOYSA-N,LDLRWLMBBRLKRP,data_nav_dev,CHEMBL3978383,
C1CN(CCN1CC2=CC=CC=C2)[C@H](C3=CC=CC=C3)C(=O)NCC4=CC=CC=C4,1,NJKBBVDDLCQVAF-RUZDIDTESA-N,NJKBBVDDLCQVAF,PubChem,145991617,30108793
O=S(=O)(Nc1ncc(Cl)s1)c1cc(Cl)c(NCC23CCCN2CCC3)cc1F,0,XKBRSTVJHZNPSS-UHFFFAOYSA-N,XKBRSTVJHZNPSS,CUPID,CUPID,
O=C(NS(=O)(=O)NCCCO)c1cc(C2CC2)c(OCC23CC4CC(CC(C4)C2)C3)cc1F,1,GHTDSDKXPCEXRT-UHFFFAOYSA-N,GHTDSDKXPCEXRT,data_nav_dev,86702910,86702910
CNC1CCN(C1)C2=C(C=CC=C2F)NC3=CC(=C(C=C3Cl)S(=O)(=O)NC4=CSC=N4)F,0,NFZKVBULSWBRPB-UHFFFAOYSA-N,NFZKVBULSWBRPB,PubChem,135325226,6331
CC1=CC(=C(C=C1N(C)[C@H]2CCN(C2)C3CC4=CC=CC=C4C3)F)S(=O)(=O)NC5=CSC=N5,1,IUGYBBOXHMNSHT-IBGZPJMESA-N,IUGYBBOXHMNSHT,PubChem,132142580,6331
CC(C)(C)OC(=O)n1cc(-c2ccc(NC(=O)c3ccco3)cc2)nc1N,0,UISKLKRCGRFVKZ-UHFFFAOYSA-N,UISKLKRCGRFVKZ,CUPID,CUPID,
C[C@@H](CN[C@@H]1COC2=CC=CC=C2SC1)CSC3=CC=CC=C3OC,1,HZQHAAFWVRDHMZ-JKSUJKDBSA-N,HZQHAAFWVRDHMZ,PubChem,11566989,18529044
CN(C)C(=O)C(CCN1CCC(CC1)(C2=CC=C(C=C2)Cl)O)(C3=CC=CC=C3)C4=CC=CC=C4,1,RDOIQAHITMMDAJ-UHFFFAOYSA-N,RDOIQAHITMMDAJ,PubChem,3955,29274816
CN(C)C(=O)[C@@H](c1ccc(-c2ccn3nccc3n2)cc1)[C@H](N)C(=O)N1CCC(F)(F)C1.O=C(O)C(F)(F)F,0,VSPBUXMHBOITMH-HLRBRJAUSA-N,VSPBUXMHBOITMH,data_nav_dev,11541314,11541314
COC1=NC=C(C=N1)C2=C3C[C@@H](COC3=CC=C2)NC(=O)C4=CN=C(C=C4)COCC(F)(F)F,1,VOINGHQJWLVWMC-KRWDZBQOSA-N,VOINGHQJWLVWMC,PubChem,66814110,22832315
CN1C=C(C2=C1C=C(C=C2)C(=O)NS(=O)(=O)C)C3=C(C=C(C=C3)C(F)(F)F)Cl,1,LAMJMZUYCZYKNH-UHFFFAOYSA-N,LAMJMZUYCZYKNH,PubChem,132020480,30576602
COc1ccc2cc(OCC3(C(=O)O)CN(C(=O)c4ccc(F)cc4)C3)ccc2c1,1,LWJGMYMNSNVCEM-UHFFFAOYSA-N,LWJGMYMNSNVCEM,data_nav_dev,CHEMBL3286797,
C1C[C@H]2CC(C[C@@H]1N2CC3=CC=CC=C3)OC4=CC(=C(C=C4Cl)S(=O)(=O)NC5=NC=CS5)F,0,MAOSIJKQYCHPEL-JWTNVVGKSA-N,MAOSIJKQYCHPEL,PubChem,132141779,6331
C1CN(C[C@@H]([C@H]1OC2=CC(=C(C=C2F)S(=O)(=O)NC3=CSC=N3)F)C4=CC=CC=C4)CC(F)(F)F,1,FLIFHUOESNOIJZ-QAPCUYQASA-N,FLIFHUOESNOIJZ,PubChem,164624598,34044121
CC1=C(C(=NO1)C2=C(C=CC=C2Cl)Cl)CC(=O)NCC3=CN=C(C=C3)OC(C)C,1,OTVBTSKBMHVGBT-UHFFFAOYSA-N,OTVBTSKBMHVGBT,PubChem,56680137,21641215
CCN=C1NC2C(OC(CO)C(O)C2F)S1,0,ICJGJSLPQBWFGV-UHFFFAOYSA-N,ICJGJSLPQBWFGV,CUPID,CUPID,
C1COC2=C([C@H]1C3=C(C=C(C=C3)C(F)(F)F)Cl)C=CC(=C2)S(=O)(=O)NC4=NC=CC=N4,0,AFGMVVJGADQCCY-CQSZACIVSA-N,AFGMVVJGADQCCY,PubChem,135193617,6331
O=S(=O)(Nc1ncns1)c1cc(F)c(NCC23CCCN2CCC3)cc1F,0,BRJWQEKEJOMSRV-UHFFFAOYSA-N,BRJWQEKEJOMSRV,CUPID,CUPID,
NC1CCC(CCOc2cc(F)c(S(=O)(=O)Nc3ncns3)cc2F)(c2ccccc2)CC1,0,RUFOCWIZLKLQEG-UHFFFAOYSA-N,RUFOCWIZLKLQEG,CUPID,CUPID,
Cc1cccc(N/C(=N/C#N)c2ccc(-c3ccc(Cl)cc3)o2)c1,1,XQWLRVUWANJCSB-UHFFFAOYSA-N,XQWLRVUWANJCSB,data_nav_dev,CHEMBL255023,
CC(=O)N1CCC[C@H](C1)OC2=CC(=C(C=C2C3CC3)C(=O)NS(=O)(=O)C4CC4)F,1,SSMSGLCAROKQDF-CQSZACIVSA-N,SSMSGLCAROKQDF,PubChem,118120277,6331
Cc1onc(-c2c(Cl)cccc2Cl)c1NC(=O)NCc1ccc(-n2cccn2)cc1,0,ZIBODPJERIUPEU-UHFFFAOYSA-N,ZIBODPJERIUPEU,CUPID,CUPID,
COc1cnccc1N1CCOc2cc(S(=O)(=O)Nc3nccs3)ccc21,1,DYFABLQXRYQFMC-UHFFFAOYSA-N,DYFABLQXRYQFMC,data_nav_dev,CHEMBL3939862,
O=S(=O)(Nc1ncns1)c1cc(F)c(Oc2ccc(Cl)cc2-c2ccc3nccnc3c2)cc1F,1,OXIKMOBJZKGNHO-UHFFFAOYSA-N,OXIKMOBJZKGNHO,data_nav_dev,CHEMBL3805347,
CC(C)COc1ncc(-c2cn(C)c3cc(C(=O)NS(C)(=O)=O)ccc23)cc1Cl,0,MXRDODCDBFHGBL-UHFFFAOYSA-N,MXRDODCDBFHGBL,CUPID,CUPID,
CCN1C[C@@]2([C@@H](C[C@@H]([C@@]34[C@@H]2[C@H]([C@@H](C31)[C@@]5([C@@H]6[C@H]4C[C@@]([C@@H]6OC(=O)C7=CC=CC=C7)([C@H]([C@@H]5O)OC)O)OC(=O)C)OC)OC)O)COC,1,XFSBVAOIAHNAPC-XTHSEXKGSA-N,XFSBVAOIAHNAPC,PubChem,245005,2433183
COc1cc(C(F)(F)F)ccc1-c1nc(C)nc2cc(S(=O)(=O)Nc3nccs3)ccc12,0,UVIQDKQYCQZUFY-UHFFFAOYSA-N,UVIQDKQYCQZUFY,CUPID,CUPID,
CS(=O)(=O)NC(=O)C1=C(C=C(C(=C1)C2CC2)OCC3CCN(CC3)S(=O)(=O)C4=CC5=CC=CC=C5C=C4)F,1,YJHJXTTXJRZIOQ-UHFFFAOYSA-N,YJHJXTTXJRZIOQ,PubChem,118110528,6331
CC1=CC(=C(C=C1N(C)[C@H]2CCN(C2)CC3=NSC(=C3)C)F)S(=O)(=O)NC4=CSC=N4,0,DOXRQJSFLMDUIJ-INIZCTEOSA-N,DOXRQJSFLMDUIJ,PubChem,132141609,6331
CC1=NN(C(=O)C2=C1C=CC=C2Cl)C3=NC=C(C=C3)C(=O)N[C@@H]4CCCC5=C4C=CC(=C5)CN6CCCCC6,0,MZSXUPHOLCLGAB-HHHXNRCGSA-N,MZSXUPHOLCLGAB,PubChem,56594769,21902230
C1CN(CCC1C(=O)NC2=CC=CC=C2)CC(COC3=CC=CC=C3C(=O)C4=CC=CC=C4)O,1,DFHYYUOTBAUYHX-UHFFFAOYSA-N,DFHYYUOTBAUYHX,PubChem,122196018,26358159
CN1C(=CC=N1)C2=C(C=CC(=C2)C(F)(F)F)[C@H]3CCOC4=C3C=CC(=C4)S(=O)(=O)NC5=NC=C(C=N5)F,0,DIIOLIAWCJDCHQ-GOSISDBHSA-N,DIIOLIAWCJDCHQ,PubChem,126668464,32368909
C1COC2=C([C@H]1C3=C(C=C(C=C3)C(F)(F)F)CCCF)C=CC(=C2)S(=O)(=O)NC4=NN=CC=C4,1,OQQAUHCFXSZBHV-LJQANCHMSA-N,OQQAUHCFXSZBHV,PubChem,126668977,6331
O=S1(=O)CCN(c2cc(C(F)(F)F)ccc2[C@H]2CCOc3cc(S(=O)(=O)Nc4nccs4)ccc32)CC1,1,QXYZNVSDYSPBKU-QGZVFWFLSA-N,QXYZNVSDYSPBKU,data_nav_dev,CHEMBL4642855,
COc1cc(-c2cccc(Cl)c2)c(F)cc1-n1c(=O)ccc2cc(S(=O)(=O)Nc3ccon3)ccc21,0,VJTCEXLHCAFONE-UHFFFAOYSA-N,VJTCEXLHCAFONE,CUPID,CUPID,
COC1=NC(=C(C=C1C2=NC=CC3=C2C=CC(=C3)S(=O)(=O)NC4=NN=CS4)Cl)N5CCC(CC5)(F)F,0,ASXJSFXVTYDBGI-UHFFFAOYSA-N,ASXJSFXVTYDBGI,PubChem,139208272,6331
Cc1cncc(CN2CCN(c3cccc4c3cnn4-c3ccccc3F)C2=O)n1,0,WSFXDIIZYMRFBH-UHFFFAOYSA-N,WSFXDIIZYMRFBH,CUPID,CUPID,
O=C1c2cc(-c3ccc(OC(F)(F)F)cc3)ncc2OCCN1Cc1ncccc1F,1,RGQDWQPNVJCOBZ-UHFFFAOYSA-N,RGQDWQPNVJCOBZ,data_nav_dev,CHEMBL3919077,
C1CN(CCC1OC2=NC=NC3=C2C=CN3CC4=C(C(=CC=C4)F)F)CC5=CSC=N5,1,NGNSDMCZYBVHJY-UHFFFAOYSA-N,NGNSDMCZYBVHJY,PubChem,70695782,22318156
CS(=O)(=O)NC(=O)C1=C(C=C(C(=C1)C2CC2)OCC3(CN(C3)CC4=CC=CC=C4)F)F,1,ALXYLFDRNLWAJQ-UHFFFAOYSA-N,ALXYLFDRNLWAJQ,PubChem,118120472,6331
CN([C@H]1CCN(C1)CCC2=CC=CC=C2)C3=CC(=C(C=C3Cl)S(=O)(=O)N(C4=CSC=N4)C(=O)[O-])F,0,JFTWPFPOGAVWRD-KRWDZBQOSA-M,JFTWPFPOGAVWRD,PubChem,145866037,6331
Cc1nnc(C(=O)NC(C)(C)c2nc(C(=O)NCc3ccc(F)cc3)c(O)c(=O)n2C)o1,0,CZFFBEXEKNGXKS-UHFFFAOYSA-N,CZFFBEXEKNGXKS,CUPID,CUPID,
NC1=NC23C(N1)C(Cn1c(O)ccc1O)N=C(N)N2CC(NC(=O)c1cccc2c1CCC2)C3(O)O,0,JJUYVMOTHPLBLS-UHFFFAOYSA-N,JJUYVMOTHPLBLS,CUPID,CUPID,
O=C1c2cc(-c3cccc(OC(F)(F)F)c3)ccc2OCCN1Cc1ncccn1,1,MQMMMRWKTIJAPB-UHFFFAOYSA-N,MQMMMRWKTIJAPB,data_nav_dev,CHEMBL4800014,
COc1cc(C(F)(F)F)ccc1-c1cccc2cc(S(=O)(=O)Nc3cscn3)ccc12,0,AQLNQNFYWXYQCH-UHFFFAOYSA-N,AQLNQNFYWXYQCH,CUPID,CUPID,
C[C@@H](C1=CC(=C(C=C1)Cl)Cl)N2CCC(CC2)(C)COC3=CC(=C(C=C3C4CC4)C(=O)NS(=O)(=O)C)F,1,DVPUCKCSNKRQIM-INIZCTEOSA-N,DVPUCKCSNKRQIM,PubChem,118111306,6331
CS(=O)(=O)NC(=O)C1=C(C=C(C(=C1)C2CC2)OCC3CCN(CC3)CC4=C(C=C(C=C4)F)Cl)F,1,FNXPIKCUIQCFFD-UHFFFAOYSA-N,FNXPIKCUIQCFFD,PubChem,118111283,6331
O=S(=O)(Nc1nccs1)c1ccc2c(c1)OCCN2c1cccc(Cl)c1,1,VXPGKMTWGKODIB-UHFFFAOYSA-N,VXPGKMTWGKODIB,data_nav_dev,71712185,71712185
C1=CC(=CC=C1C2=CN3C(=NN=C3C(F)F)C=C2)OC(F)(F)F,1,OZZHJNXIYBSROR-UHFFFAOYSA-N,OZZHJNXIYBSROR,PubChem,66849729,27080178
CC1(CN(C1)C2=NC=C(C(=C2)C(F)(F)F)Cl)COC3=CC(=C(C=C3C4CC4)C(=O)N)F,1,IMNAMBYRWSGKHX-UHFFFAOYSA-N,IMNAMBYRWSGKHX,PubChem,118120573,6331
C1CN(C[C@@H]([C@H]1OC2=CC(=C(C=C2F)S(=O)(=O)NC3=NC(=CC=C3)F)F)C4=CC=CC=C4)CC(F)(F)F,1,WSTNZILNGXCYBM-APWZRJJASA-N,WSTNZILNGXCYBM,PubChem,164616011,34044121
CN([C@H]1CCN(C1)CC2=NC(=CC=C2)C(F)(F)F)C3=CC(=C(C=C3Cl)S(=O)(=O)NC4=CSC=N4)F,0,JMHGXOHDGTTXAT-AWEZNQCLSA-N,JMHGXOHDGTTXAT,PubChem,132141356,6331
CC1=CC(=C(C=C1N(C)[C@H]2CCN(C2)CC3=NN4C=CC=CC4=C3)F)S(=O)(=O)NC5=CSC=N5,0,JPBDKQCYDKIOLW-IBGZPJMESA-N,JPBDKQCYDKIOLW,PubChem,132141382,6331
C1CN(C1)S(=O)(=O)NC(=O)C2=C(C=C(C(=C2)C3CC3)OCC4CCN(CC4)C5=CC=CC=C5)F,1,KYELVWPATFRSJQ-UHFFFAOYSA-N,KYELVWPATFRSJQ,PubChem,118111323,6331
NC(CC(=O)O)Cn1nnc(-c2ccc(Oc3ncc(Cl)cc3F)cc2)n1,0,ZEGMEJVULDALSH-UHFFFAOYSA-N,ZEGMEJVULDALSH,CUPID,CUPID,
Cn1cc(-c2ccc(Br)cc2C(F)(F)F)c2ccc(S(=O)(=O)Nc3ncns3)cc21,1,VYZUCTQKKZZUIO-UHFFFAOYSA-N,VYZUCTQKKZZUIO,data_nav_dev,CHEMBL3704434,
CN(C1CCN(C1)CC2=CC=CC=C2)C3=CC(=C(C(=C3Cl)F)S(=O)(=O)NC4=CSC=N4)F,0,KDBCNDYXFRQBOP-UHFFFAOYSA-N,KDBCNDYXFRQBOP,PubChem,132141364,6331
COc1ccc(-c2cn(C)c3cc(S(=O)(=O)Nc4ncns4)ccc23)c(Cl)c1,1,IREQBUJZOZCNNO-UHFFFAOYSA-N,IREQBUJZOZCNNO,data_nav_dev,CHEMBL3704432,
C1COC2=C([C@H]1C3=C(C=C(C=C3)C(F)(F)F)OC4CCOCC4)C=CC(=C2)S(=O)(=O)NC5=NC(=CC=C5)F,1,KUENJSFWXXEVII-IBGZPJMESA-N,KUENJSFWXXEVII,PubChem,126668984,6331
O=C(NCc1ccc(F)c(OC(F)(F)F)c1)C1c2ccccc2C(=O)N1CCc1ncc(F)cn1,0,FRIPQARTFVEBSI-UHFFFAOYSA-N,FRIPQARTFVEBSI,data_nav_dev,CHEMBL2164043,
O=C(Cn1ncccc1=O)Nc1ccc(CC2CCC(C(O)c3ccccc3)N2)cc1,0,URLFNGRPGJRFPI-UHFFFAOYSA-N,URLFNGRPGJRFPI,CUPID,CUPID,
C[C@H](C1=CC=CC=C1)N2CCC(CC2)OC3=CC(=C(C=C3Cl)S(=O)(=O)NC4=CSC=N4)F,0,PNFLMUWDTCSMFS-OAHLLOKOSA-N,PNFLMUWDTCSMFS,PubChem,132141524,6331
C1C[C@H]2CC(C[C@@H]1N2CC3=CC(=C(C=C3C4CC4)C(=O)N)F)OC5=CC(=CC(=C5)Cl)OC(F)(F)F,1,QZNDZQCKQVDMLB-JJTKIYQPSA-N,QZNDZQCKQVDMLB,PubChem,118359659,6331
COc1cc(C(F)F)c(F)cc1-c1ncnc2cc(S(=O)(=O)Nc3nccs3)ccc12,0,NIUYDRUKRUUDFV-UHFFFAOYSA-N,NIUYDRUKRUUDFV,CUPID,CUPID,
Cn1nccc1[C@H]1CCC[C@@H]1Oc1cc(F)c(S(=O)(=O)Nc2ccncn2)c(F)c1,0,GNEIAVSENMALRU-DYVFJYSZSA-N,GNEIAVSENMALRU,data_nav_dev,CHEMBL4645788,
CC1=CC=C(C=C1)C(=O)NC(=NC2=CC=CC=C2C(C)C)N,1,HAZYNDYPJCTQNO-UHFFFAOYSA-N,HAZYNDYPJCTQNO,PubChem,135568488,11720863
O=C(NCc1ccc(OC(F)(F)F)c(Cl)c1)c1ccc(S(=O)(=O)Nc2nccs2)c(F)c1,0,ZUXRUQOEFBOTGF-UHFFFAOYSA-N,ZUXRUQOEFBOTGF,CUPID,CUPID,
COC1=CC=C(C=C1)OC2=CC(=C(C=C2)C3=NC=CC4=C3C=CC(=C4)S(=O)(=O)NC5=NC=NC=C5)OC,0,JHDZDSDCHLIYFX-UHFFFAOYSA-N,JHDZDSDCHLIYFX,PubChem,139208252,6331
COc1cc(-c2ccc(C)cc2)ccc1-c1nccc2cc(S(=O)(=O)Nc3ccncn3)ccc12,0,LYDSTMUBDYWHQP-UHFFFAOYSA-N,LYDSTMUBDYWHQP,CUPID,CUPID,
COc1ccccc1-c1ccnc2cc(S(=O)(=O)Nc3ncns3)ccc12,0,YFMVUUMVGDFCMU-UHFFFAOYSA-N,YFMVUUMVGDFCMU,CUPID,CUPID,
CN1C(=CC=N1)C2=C(C=CC(=C2)C(F)(F)F)[C@@H]3CCOC4=C3C=CC(=C4)S(=O)(=O)NC5=NC=NC=C5,0,KZNUTZGUODBXOA-SFHVURJKSA-N,KZNUTZGUODBXOA,PubChem,126650163,6331
COc1cc2nnc(C(N)=O)c(Nc3ccc(C)cc3F)c2cc1N1CCCN(CCO)CC1,0,RBQJNNSLKGYFSD-UHFFFAOYSA-N,RBQJNNSLKGYFSD,CUPID,CUPID,
COCCCCC(=NOCCN)c1ccc(C(F)(F)F)cc1,0,CJOFXWAVKWHTFT-UHFFFAOYSA-N,CJOFXWAVKWHTFT,CUPID,CUPID,
CS(=O)(=O)NC(=O)c1ccc2c(Oc3ccc(Cl)c(C(F)(F)F)c3)nccc2c1,0,TWPBQQCOMOTZRM-UHFFFAOYSA-N,TWPBQQCOMOTZRM,CUPID,CUPID,
CC1=CC(=CC=C1)C2=CC(=C(C=C2C#N)C3=NC=CC4=C3C=CC(=C4)S(=O)(=O)NC5=NC=NC=C5)OC,0,ANLPXWNACNFQHD-UHFFFAOYSA-N,ANLPXWNACNFQHD,PubChem,121333928,6331
C1CCN(CC1)CCCNCCCCC2=CC=C(C=C2)F,1,QJFRFNMLVHWXGJ-UHFFFAOYSA-N,QJFRFNMLVHWXGJ,PubChem,71521280,29673714
CS(=O)(=O)NC(=O)C1=C(C=C(C(=C1)C2CC2)OCC3CN(C3)S(=O)(=O)C4=CC(=CC(=C4)Cl)Cl)F,1,DVMZFJSESKQDFK-UHFFFAOYSA-N,DVMZFJSESKQDFK,PubChem,118111351,6331
COc1cncc(-c2cc(C(F)(F)F)ccc2-c2cccc3c2CCN(S(=O)(=O)Nc2ncns2)C3)c1,1,BCQVFSKMBDJDOF-UHFFFAOYSA-N,BCQVFSKMBDJDOF,data_nav_dev,CHEMBL3683209,
CS(=O)(=O)NC(=O)C1=CC(=C(C=C1F)OCC23CC4CC(C2)CC(C4)C3)Cl,1,BPBGIOCKNVNDRU-UHFFFAOYSA-N,BPBGIOCKNVNDRU,PubChem,72545669,25060923
Cc1nc2n(c(=O)c1CCN1CCC(c3noc4cc(F)ccc34)CC1)CCCC2,0,RAPZEAPATHNIPO-UHFFFAOYSA-N,RAPZEAPATHNIPO,CUPID,CUPID,
CS(=O)(=O)NC(=O)C1=C(C=C(C(=C1)C2CC2)OCC3CCN(CC3)CC4=C(C=C(C=C4)Cl)C(F)(F)F)F,1,YLOGZZPFMFZBLY-UHFFFAOYSA-N,YLOGZZPFMFZBLY,PubChem,118120480,6331
COc1cc(-c2cccc(C(F)(F)F)c2)ccc1-n1c(=O)ccc2cc(S(=O)(=O)Nc3ncccn3)ccc21,0,HSOCYPPAQYZHMJ-UHFFFAOYSA-N,HSOCYPPAQYZHMJ,CUPID,CUPID,
CC(CC1=CC=CC=C1)NCCC(C2=CC=CC=C2)C3=CC=CC=C3,1,IFFPICMESYHZPQ-UHFFFAOYSA-N,IFFPICMESYHZPQ,PubChem,9801,21300721
Cc1noc(-c2cccc(CN3CCN(C(=O)c4ccc(CC5CCC(C(O)c6ccccc6)N5)cc4)CC3)n2)n1,0,XIBYXZUPGGMCHX-UHFFFAOYSA-N,XIBYXZUPGGMCHX,CUPID,CUPID,
CN([C@H]1CCN(C1)CC2=CC(=CC=C2)F)C3=CC(=C(C=C3Cl)S(=O)(=O)NC4=CSC=N4)F,0,SHZMIHNXYGWYLK-INIZCTEOSA-N,SHZMIHNXYGWYLK,PubChem,132141321,6331
N#Cc1ccccc1N1CCOc2cc(S(=O)(=O)Nc3ncns3)ccc21,1,OWAOZVCTSHPEAF-UHFFFAOYSA-N,OWAOZVCTSHPEAF,data_nav_dev,CHEMBL3974790,
O=C(NCc1ccc(OC(F)(F)F)cc1)C1c2cccc(F)c2C(=O)N1CCc1ccccn1,0,KQCXJCSQTNKAHQ-UHFFFAOYSA-N,KQCXJCSQTNKAHQ,data_nav_dev,44545402,44545402
O=C1c2cc(-c3ccc(OC(F)(F)F)cc3)ccc2OCCN1CCO,1,LFIICAHPWXLHID-UHFFFAOYSA-N,LFIICAHPWXLHID,data_nav_dev,CHEMBL3966223,
COc1cc(F)c(-c2ccc(C(=O)O)cc2C)cc1-c1ccc(F)cc1C1CCC2C(c3cc(C(F)(F)F)cc(C(F)(F)F)c3)OC(=O)N12,0,HJEBGPNPTGXZIA-UHFFFAOYSA-N,HJEBGPNPTGXZIA,CUPID,CUPID,
CS(=O)(=O)NC(=O)C1=C(C=C(C(=C1)C2CC2)O[C@@H]3CCCN(C3)CC4=CC=CC=C4Cl)F,1,CQNVLAXMXPBKFU-QGZVFWFLSA-N,CQNVLAXMXPBKFU,PubChem,118120221,6331
N=C(N)NC(=O)c1nc(Cl)c(N2CCCCCC2)nc1N,0,RQQJJXVETXFINY-UHFFFAOYSA-N,RQQJJXVETXFINY,CUPID,CUPID,
O=S(=O)(Nc1nccs1)c1ccc2c(c1)OCCN2c1ccc(OC(F)(F)C(F)F)cc1,1,OPZAQYSOXZKYOS-UHFFFAOYSA-N,OPZAQYSOXZKYOS,data_nav_dev,89762067,89762067
C[C@H](C1=C(C=C(C=C1)F)Cl)N2C[C@H]3C[C@@H]2[C@@H](C3)OC4=CC(=C(C=C4C5CC5)C(=O)NS(=O)(=O)C)F,1,XONVETJGMAXMDQ-QGZTUMFUSA-N,XONVETJGMAXMDQ,PubChem,118353639,6331
CC1=CC(=C(N=C1)OC)C2=CC(=C(C=C2)C3=NC=CC4=C3C=CC(=C4)S(=O)(=O)NC5=NN=CS5)OC,0,BOGVLEMDHVPVOS-UHFFFAOYSA-N,BOGVLEMDHVPVOS,PubChem,117741725,6331
COc1cc(-c2cc(F)cc(F)c2)c(F)cc1-c1nccc2cc(S(=O)(=O)Nc3ccon3)ccc12,1,ULNDGUSZRMBHDJ-UHFFFAOYSA-N,ULNDGUSZRMBHDJ,data_nav_dev,CHEMBL4098941,
C1COC2=C([C@H]1C3=C(C=C(C=C3)C(F)(F)F)Cl)C=CC(=C2)S(=O)(=O)NC4=NC=NC=C4,0,AJYBXZPQHGRLGE-CQSZACIVSA-N,AJYBXZPQHGRLGE,PubChem,135193616,6331
CS(=O)(=O)NC(=O)C1=C(C=C(C(=C1)C2CC2)O[C@@H]3CCCN(C3)CC4(CCCC4)C(F)(F)F)F,1,VKBNOHOCPXCCEY-MRXNPFEDSA-N,VKBNOHOCPXCCEY,PubChem,118110786,6331
CC1=CC=C(C=C1)C(=O)NC(=NCCCCC2=CC=CC=C2)N,1,ZMCQZPKNRTZLPM-UHFFFAOYSA-N,ZMCQZPKNRTZLPM,PubChem,9819588,11720863
C[C@@H]1CC[C@H](CN1CC2=C(C=C(C=C2)F)Cl)OC3=CC(=C(C=C3C4CC4)C(=O)NS(=O)(=O)C5CC5)F,1,PPNSUOZZLIDACH-DNVCBOLYSA-N,PPNSUOZZLIDACH,PubChem,118120341,6331
COC1=C(C=C(C(=C1)C2=CC(=CC=C2)F)Cl)C3=C4C=CC(=CC4=CN=N3)S(=O)(=O)NC5=NN=CS5,0,RVPDHFIOSCHZCH-UHFFFAOYSA-N,RVPDHFIOSCHZCH,PubChem,117741730,6331
CC1=C(C=CC(=C1)C2=CC(=C(C=C2C#N)C3=NC=CC4=C3C=CC(=C4)S(=O)(=O)NC5=NC=NC=C5)OC)Cl,0,JRPSJVCGCVDTJP-UHFFFAOYSA-N,JRPSJVCGCVDTJP,PubChem,121333921,6331
CCN=C1NC2C(OC(C)C(O)C2O)S1,0,NVPHCPSHUAUQSI-UHFFFAOYSA-N,NVPHCPSHUAUQSI,CUPID,CUPID,
Cn1cc(Nc2nccc(-c3ccc4c(c3)CN(C3COC3)CCC4NC(=O)c3cn(C(C)(C)C)nn3)n2)cn1,0,JSAQBOQCZJHWMA-UHFFFAOYSA-N,JSAQBOQCZJHWMA,CUPID,CUPID,
CN(C)C1=C(C=C(C=C1)C(=O)N2CCC3(CC2)C4=CC=CN4C5=C(N3)C=C(C=C5)OC)OC,1,JXHPNJOQWHIFAF-UHFFFAOYSA-N,JXHPNJOQWHIFAF,PubChem,118710328,25113934
O=C1c2cc(-c3ccc(OC(F)(F)F)cc3)ccc2OCCN1CCNS(=O)(=O)c1ccccc1,1,PJIHRAREOBZKAL-UHFFFAOYSA-N,PJIHRAREOBZKAL,data_nav_dev,CHEMBL3915645,
O=C(NCc1ccc(OC(F)(F)F)cc1)c1c2cccc(F)c2c(O)n1CCc1ccccn1,0,XNOCLPXSXPEQFI-UHFFFAOYSA-N,XNOCLPXSXPEQFI,CUPID,CUPID,
CC1=NC(=CS1)C2=C(C=CC(=C2)C(F)(F)F)[C@@H]3CCOC4=C3C=CC(=C4)S(=O)(=O)NC5=NC(=CC=C5)F,0,HMJJEOSQGWYJHJ-SFHVURJKSA-N,HMJJEOSQGWYJHJ,PubChem,126650161,6331
CC1=C(C=CC(=C1)C2=CC(=C(C=C2C#N)C3=NC=CC4=C3C=CC(=C4)S(=O)(=O)NC5=NN=CS5)OC)Cl,0,FZVQKXMQUUPKJI-UHFFFAOYSA-N,FZVQKXMQUUPKJI,PubChem,117741918,6331
C1CN(CCC1OC2=NC=NC3=C2C=CN3CC4=CC=CC=C4)CC5=NC=C(C=C5)F,1,APNKIFBEFRZJNR-UHFFFAOYSA-N,APNKIFBEFRZJNR,PubChem,70691584,22318156
Cc1cc(N2CCOc3cc(S(=O)(=O)Nc4nccs4)ccc32)c(C)cn1,1,IMWNVQRPUSZOQA-UHFFFAOYSA-N,IMWNVQRPUSZOQA,data_nav_dev,89761843,89761843
COc1cc(Nc2cnc(C#N)c(O[C@H](C)CN(C)C)n2)ncc1-c1cnn(C)c1,1,IENLGMOXAQMNEH-CYBMUJFWSA-N,IENLGMOXAQMNEH,data_nav_dev,CHEMBL2203843,
C[C@@H]1COc2ccc(-c3ccc(C(F)(F)F)cc3)cc2C(=O)N1,1,UXHDPTLMEQPKQZ-SNVBAGLBSA-N,UXHDPTLMEQPKQZ,data_nav_dev,CHEMBL3927588,
O=C1c2cc(-c3ccc(C(F)F)cc3)ccc2OCCN1Cc1ccccn1,1,NVWORUADRUFFIU-UHFFFAOYSA-N,NVWORUADRUFFIU,data_nav_dev,CHEMBL3984822,
CC1=CC(=C(C=C1N(C)[C@H]2CCN(C2)CC3=C(OC(=N3)C)C)F)S(=O)(=O)NC4=CSC=N4,0,GZTOIWCEHLVEFC-INIZCTEOSA-N,GZTOIWCEHLVEFC,PubChem,132141332,6331
Cn1nccc1C1CCCCC1Oc1cc(F)c(S(=O)(=O)Nc2ccncn2)cc1Cl,0,OJKONCJPCULNOW-UHFFFAOYSA-N,OJKONCJPCULNOW,CUPID,CUPID,
COc1cc(C(F)(F)F)ccc1N1C(=O)COc2cc(S(=O)(=O)Nc3nccs3)ccc21,0,SPAUCAPQMLVTCM-UHFFFAOYSA-N,SPAUCAPQMLVTCM,CUPID,CUPID,
C1=CC=C(C=C1)CCCCN=C(N)NC(=O)C2=C(C=CC(=C2)Cl)Cl,1,KFSUDIJCOCIUMS-UHFFFAOYSA-N,KFSUDIJCOCIUMS,PubChem,22149278,11720863
CS(=O)(=O)NC(=O)C1=C(C=C(C(=C1)C2CC2)OCC3CCN(CC3)S(=O)(=O)C4=CC=CC(=C4)C(F)(F)F)F,1,HFUQIJGZENHTPZ-UHFFFAOYSA-N,HFUQIJGZENHTPZ,PubChem,118111041,6331
CCS(=O)(=O)NC(=O)C1=C(C=C(C(=C1)C2CC2)OCC3CCN(CC3)CC4=C(C=C(C=C4)Cl)Cl)F,1,MTNCDKKFVRLAMN-UHFFFAOYSA-N,MTNCDKKFVRLAMN,PubChem,118111048,6331
C[C@@H](C1=CC(=CC(=C1)F)C(F)(F)F)N2CCC(CC2)(C)COC3=CC(=C(C=C3C4CC4)C(=O)NS(=O)(=O)C)F,1,FKPOFESGNHGZMW-INIZCTEOSA-N,FKPOFESGNHGZMW,PubChem,118111482,6331
CC1(c2cc(F)cc(F)c2)CNC2(CCCC2)C(=O)N1CC(=O)Nc1cnc2c(c1)CC1(C2)C(=O)Nc2ncccc21,0,IDKKNSOZWQOAAS-UHFFFAOYSA-N,IDKKNSOZWQOAAS,CUPID,CUPID,
NCC(Oc1noc2ccc(-c3ccccc3Cl)nc12)c1ccccc1,0,XWGVTWYENODUFY-UHFFFAOYSA-N,XWGVTWYENODUFY,CUPID,CUPID,
O=C1CCc2c(cccc2C2CCN(CC(O)COc3ccccc3C(=O)c3ccccc3)CC2)N1,0,DTYXVZRWCMJUOM-UHFFFAOYSA-N,DTYXVZRWCMJUOM,CUPID,CUPID,
COc1cc(C(F)(F)F)ccc1COCC(O)CN1CCC(C(=O)Nc2ccccc2)CC1,0,IDTATHNFNARTJV-UHFFFAOYSA-N,IDTATHNFNARTJV,CUPID,CUPID,
Cc1cnc(-c2cccc3c2C[C@H](NC(=O)c2ccc(OCC(F)(F)F)nc2)CO3)cn1,1,XNLIHMAFOZJPBG-HNNXBMFYSA-N,XNLIHMAFOZJPBG,data_nav_dev,CHEMBL2069426,
Cc1cccc(SC[C@@H](C)CN[C@@H]2COc3ccccc3SC2)c1CO,1,WHWWEGVJYSAYKJ-DOTOQJQBSA-N,WHWWEGVJYSAYKJ,data_nav_dev,CHEMBL551637,
O=C1c2cc(Oc3ccc(OC(F)(F)F)cc3)ccc2OCCN1Cc1ncccn1,1,GEYVAZQDSRSNSZ-UHFFFAOYSA-N,GEYVAZQDSRSNSZ,data_nav_dev,CHEMBL3961566,
CC1=NC(=CC=C1)NS(=O)(=O)C2=CC3=C(C=C2)[C@@H](CCO3)C4=C(C=C(C=C4)C(F)(F)F)C5=CC=NN5C,0,IXIKHSYBZKMIIR-FQEVSTJZSA-N,IXIKHSYBZKMIIR,PubChem,126650622,6331
O=S(=O)(Nc1nccs1)c1ccc2c(c1)OCCN2c1ccc2ncccc2c1,1,KXOKFISPPHXYNG-UHFFFAOYSA-N,KXOKFISPPHXYNG,data_nav_dev,CHEMBL3926715,
COc1cc(-c2cc(F)cc(F)c2)ccc1-c1nccc2cc(S(=O)(=O)Nc3cc(C)ncn3)ccc12,0,YFOIZINSBOTVOO-UHFFFAOYSA-N,YFOIZINSBOTVOO,CUPID,CUPID,
O=S(=O)(Nc1ncns1)c1cc(F)c(OC[C@@H]2CNCC[C@H]2c2ccc(Cl)cc2)cc1F,1,OCGIYHGXHMLCPX-ZFWWWQNUSA-N,OCGIYHGXHMLCPX,data_nav_dev,CHEMBL3325524,
CN1CC(=O)N2C(Cc3c([nH]c4ccccc34)C2c2ccc3c(c2)OCO3)C1=O,0,WOXKDUGGOYFFRN-UHFFFAOYSA-N,WOXKDUGGOYFFRN,CUPID,CUPID,
CN([C@H]1CCN(C1)CC2=CC(=CC=C2)C(F)F)C3=C(C=C(C=C3)S(=O)(=O)NC4=NC=NS4)Cl,0,AXCVPKDBHJWUJZ-INIZCTEOSA-N,AXCVPKDBHJWUJZ,PubChem,132141654,6331
COc1cc(C(=O)NS(C)(=O)=O)ccc1-c1cnc(Oc2cc(Cl)cc(Cl)c2)c(C(F)F)c1,0,WIBVLJJJUJRQFE-UHFFFAOYSA-N,WIBVLJJJUJRQFE,CUPID,CUPID,
Cn1nccc1-c1cc(Cl)ccc1Oc1cc(F)c(S(=O)(=O)Nc2ccc(F)cn2)cc1Cl,1,PUINHTIQEGQFLQ-UHFFFAOYSA-N,PUINHTIQEGQFLQ,data_nav_dev,CHEMBL2324388,
CC1=CC=C(C=C1)OC2=CC=C(C=C2)NC3=NC=CC(=N3)N,1,QRJDTECPLGOOBM-UHFFFAOYSA-N,QRJDTECPLGOOBM,PubChem,70691558,22306122
O=C1NC(=O)C(c2ccccc2)(c2ccccc2)N1,0,CXOFVDLJLONNDW-UHFFFAOYSA-N,CXOFVDLJLONNDW,CUPID,CUPID,
C1=CC=C(C=C1)CCCCN=C(N)NC(=O)C2=CC=CC3=CC=CC=C32,1,ASCNNIHLNNCTAT-UHFFFAOYSA-N,ASCNNIHLNNCTAT,PubChem,22149297,11720863
CC1=CC(=C(C=C1)F)CN2CC[C@@H](C2)N(C)C3=C(C=C(C=C3)S(=O)(=O)NC4=NC=NS4)Cl,0,YWJZFYAAFWTKAY-INIZCTEOSA-N,YWJZFYAAFWTKAY,PubChem,132142543,6331
N#Cc1ccc(C(F)(F)F)cc1N1CCOc2cc(S(=O)(=O)Nc3nccs3)ccc21,1,PNCBVNNBMBPCRL-UHFFFAOYSA-N,PNCBVNNBMBPCRL,data_nav_dev,CHEMBL3914297,
CC1=CC(=C(C=C1N(C)[C@H]2CCN(C2)CC3=CC=CC=N3)F)S(=O)(=O)NC4=CSC=N4,0,XUHTVHWLFKLPKA-KRWDZBQOSA-N,XUHTVHWLFKLPKA,PubChem,132141330,6331
O=S(=O)(Nc1nncs1)c1cc(Cl)c(Oc2ccc(C(F)(F)F)cc2-c2ccnnc2)cc1F,0,ZAGGUCLXSCVDCK-UHFFFAOYSA-N,ZAGGUCLXSCVDCK,CUPID,CUPID,
O=S(=O)(Nc1ncns1)c1cc(F)c(Oc2ccc(Cl)cc2-c2cnc3n2CCNC3)cc1F,1,PWMPNOYSUCPJPO-UHFFFAOYSA-N,PWMPNOYSUCPJPO,data_nav_dev,CHEMBL3805199,
CC1=CC(=C(C=C1)CN2CCC[C@H](C2)OC3=CC(=C(C=C3C4CC4)C(=O)NS(=O)(=O)C)F)Cl,1,XZGCZUMRJHFZPF-GOSISDBHSA-N,XZGCZUMRJHFZPF,PubChem,118110693,6331
CS(=O)(=O)NC(=O)C1=C(C=C(C(=C1)C2CC2)OCC3CCN(CC3)S(=O)(=O)C4=CC=C(C=C4)OC(F)(F)F)F,1,DCSIWUFDXHSLND-UHFFFAOYSA-N,DCSIWUFDXHSLND,PubChem,118110845,6331
CC(C)C1=NC(=CS1)CN2CCC(CC2)COC3=CC(=C(C=C3C4CC4)C(=O)NS(=O)(=O)C5CC5)F,1,OEHODXUDKGXIAC-UHFFFAOYSA-N,OEHODXUDKGXIAC,PubChem,118110992,6331
Cc1cccc(C)c1-c1noc(C)c1CC(=O)NCc1ccc(OCC(F)(F)F)nc1,0,BBXYEZZECJBDRM-UHFFFAOYSA-N,BBXYEZZECJBDRM,CUPID,CUPID,
COc1cc2nnc(C(N)=O)c(Nc3ccc(C)cc3F)c2cc1N1CCN(CCO)CC1,0,CPDGCAFPSYOTGO-UHFFFAOYSA-N,CPDGCAFPSYOTGO,CUPID,CUPID,
Cc1ccc(-c2ccc3c(c2)C(=O)N(Cc2ncccn2)CCO3)cc1,1,UVVUYHHKCRNCFN-UHFFFAOYSA-N,UVVUYHHKCRNCFN,data_nav_dev,CHEMBL3894676,
O=C1c2cc(Nc3ccc(OC(F)(F)F)cc3)ccc2OCCN1Cc1ncccn1,1,MOEVTMQWPUSSSP-UHFFFAOYSA-N,MOEVTMQWPUSSSP,data_nav_dev,CHEMBL3966601,
CC1=C(C=CC(=C1)C(F)(F)F)NC(=O)C2=C(N(N=C2C)C3=CC=CC=C3OCCOC)N,0,OYTLXSSEPRTNLC-UHFFFAOYSA-N,OYTLXSSEPRTNLC,PubChem,139268653,6331
O=C(NS(=O)(=O)N1CCC1)c1cc(C2CC2)c(OCC2(C(F)(F)F)CCCC2)cc1F,1,OFMOIJVBLHFGHB-UHFFFAOYSA-N,OFMOIJVBLHFGHB,data_nav_dev,CHEMBL3662081,
CCn1cnc2c(-c3ccc(F)c(-c4cc5c(cc4OC)C(=O)N(C)C5)c3)cnnc21,0,XPSAGIQSESMIJK-UHFFFAOYSA-N,XPSAGIQSESMIJK,CUPID,CUPID,
CS(=O)(=O)NC(=O)c1cc(C2CC2)c(OCC23CC4CC(C2)C(F)(F)C(C4)C3)cc1F,1,MSLIEPIIAJYDTK-UHFFFAOYSA-N,MSLIEPIIAJYDTK,data_nav_dev,86702862,86702862
C1CN(C[C@@H]([C@H]1OC2=CC(=C(C=C2F)S(=O)(=O)NC3=NC(=CC=C3)F)F)C4=CC(=CC=C4)F)CC(F)(F)F,1,STLXKHSOJIDINK-APWZRJJASA-N,STLXKHSOJIDINK,PubChem,164613433,34044121
C1CN(C[C@@H]([C@H]1OC2=CC(=C(C=C2F)S(=O)(=O)NC3=CSC=N3)F)C4=CC(=C(C=C4)F)F)CC(F)(F)F,1,JQISSJVXDOBBLE-ACJLOTCBSA-N,JQISSJVXDOBBLE,PubChem,164618689,34044121
C1CN(C1)S(=O)(=O)NC(=O)C2=C(C=C(C(=C2)C3CC3)OCC45CC6CC(C4)CC(C6)C5)F,1,PTCBNPULJWGSML-UHFFFAOYSA-N,PTCBNPULJWGSML,PubChem,91809347,31012583
O=C1c2cc(-c3ccc(OC(F)(F)F)cc3)ccc2OCCN1CC1CC1,1,QVTMCSWKUREICY-UHFFFAOYSA-N,QVTMCSWKUREICY,data_nav_dev,CHEMBL3970449,
N#CCOc1cc(F)ccc1-c1nccc2cc(S(=O)(=O)Nc3nccs3)ccc12,0,BQNDYQNBMYXSKB-UHFFFAOYSA-N,BQNDYQNBMYXSKB,CUPID,CUPID,
O=C(CCCCCc1ccccc1)N[C@H]1CC[C@H](O)CC1,1,SUKXKLNDBLNTSW-QAQDUYKDSA-N,SUKXKLNDBLNTSW,data_nav_dev,154665740,154665740
C1=CC(=CC=C1C2=CC3=C(C=NN3C=C2)C(F)(F)F)OC(F)(F)F,1,YOUNPEUJZBBMQQ-UHFFFAOYSA-N,YOUNPEUJZBBMQQ,PubChem,127044564,27080178
O=C1c2ccccc2CN1C1CCN(CC(O)COc2ccccc2)CC1,0,WNTURYBMEBLEJN-UHFFFAOYSA-N,WNTURYBMEBLEJN,CUPID,CUPID,
CN1CCN(CC1)C2=C3C[C@@H](COC3=CC=C2)NC(=O)C4=CN=C(C=C4)OCC(F)(F)F,1,JLXLGAWMGQDXPH-INIZCTEOSA-N,JLXLGAWMGQDXPH,PubChem,70690866,22832315
O=S(=O)(Nc1nccs1)c1ccc2c(c1)OCCN2c1ccc(OCC(F)(F)F)cc1,1,XSXHNIKTAFIIGN-UHFFFAOYSA-N,XSXHNIKTAFIIGN,data_nav_dev,CHEMBL3902642,
CN1CC(n2nccc2-c2cc(Cl)ccc2Oc2cc(F)c(S(=O)(=O)Nc3ncns3)cc2F)C1,0,QESPTBXFDDSHIF-UHFFFAOYSA-N,QESPTBXFDDSHIF,CUPID,CUPID,
Cc1ccc(C(=O)N=C(N)Nc2ccc(C(C)C)cc2)cc1,0,WDPXCMSDLIQGSR-UHFFFAOYSA-N,WDPXCMSDLIQGSR,CUPID,CUPID,
C1CN(C[C@@H]([C@H]1OC2=CC(=C(C=C2F)S(=O)(=O)NC3=NC=CC=N3)F)C4=CC=CC=C4)CC(F)(F)F,1,AMRQZLOSBIGVDN-APWZRJJASA-N,AMRQZLOSBIGVDN,PubChem,164628034,34044121
C1CC(=O)N(C1)C2=C(C=CC(=C2)C(F)(F)F)[C@H]3CCOC4=C3C=CC(=C4)S(=O)(=O)NC5=NC=NC=C5,0,JPYVZXFOYVAHFH-QGZVFWFLSA-N,JPYVZXFOYVAHFH,PubChem,126668481,6331
N#CCOc1ccccc1-c1nccc2cc(S(=O)(=O)N(OC(=O)C(F)(F)F)c3nccs3)ccc12,0,OPVNJVVBYQITKX-UHFFFAOYSA-N,OPVNJVVBYQITKX,CUPID,CUPID,
CCC1=CC=CC=C1N2C(=C(C=N2)C(=O)NC3=NC=C(C=C3)OCC(F)(F)F)N,0,JXHFMOOTGGCGJK-UHFFFAOYSA-N,JXHFMOOTGGCGJK,PubChem,122640631,6331
C1CC1C2=CC(=C(C=C2CN3CCC(CC3)OC4=NC=C(C(=C4)C(F)(F)F)Cl)F)C(=O)NS(=O)(=O)C5CC5,1,PVIZPXRVVGLZKE-UHFFFAOYSA-N,PVIZPXRVVGLZKE,PubChem,118353807,6331
O=C(NCCc1ccccc1-c1ccc(CO)nc1)c1ccc(OCCC(F)(F)F)nc1,0,RIGAZWYFGSIWSB-UHFFFAOYSA-N,RIGAZWYFGSIWSB,CUPID,CUPID,
COC1=C(C=C(C(=C1)C2=CC(=C(C=C2)Cl)F)C#N)C3=NC=CC4=C3C=CC(=C4)S(=O)(=O)NC5=NN=CS5,0,NECFPOCUEOYHFV-UHFFFAOYSA-N,NECFPOCUEOYHFV,PubChem,117741700,6331
Cc1cc(C#N)cc(C)c1Oc1nc(Nc2ccc(C#N)cc2)nc(N)c1Br,0,PYGWGZALEOIKDF-UHFFFAOYSA-N,PYGWGZALEOIKDF,CUPID,CUPID,
CC1=CC(=NC=C1)CN2CCC(CC2)OC3=C(C=C(C=C3)S(=O)(=O)NC4=NC=CS4)Cl,0,JBCJELXDFGGXNJ-UHFFFAOYSA-N,JBCJELXDFGGXNJ,PubChem,132141552,6331
C1CC(=O)N(C1)C2=C(C=CC(=C2)C(F)(F)F)[C@H]3CCOC4=C3C=CC(=C4)S(=O)(=O)NC5=NC=C(C=N5)F,0,PWYSWMICOSUSSD-QGZVFWFLSA-N,PWYSWMICOSUSSD,PubChem,126668605,6331
C[C@@H](CN[C@@H]1COc2ccccc2SC1)CSc1cccc(C(N)=O)c1O,1,NWSCHPALYJPOKR-UONOGXRCSA-N,NWSCHPALYJPOKR,data_nav_dev,CHEMBL562237,
CC1CCC(c2nc(-c3ccc(C(=O)Nc4cc(C(F)(F)F)ccn4)cc3F)c3c(N)nccn23)CN1C(=O)C1CC1,0,JUSWPUDQOKINJO-UHFFFAOYSA-N,JUSWPUDQOKINJO,CUPID,CUPID,
O=S(=O)(Nc1ncc(F)cn1)c1cc(F)c(OC[C@@H]2CNCC[C@H]2c2ccc(Cl)cc2)cc1F,1,JLXFCNWPMMNUMM-YOEHRIQHSA-N,JLXFCNWPMMNUMM,data_nav_dev,CHEMBL3325550,
CC1=CC(=C(C=C1C2=C(N=CC(=C2)F)OC)OC)C3=NC=NC4=C3C=CC(=C4)S(=O)(=O)NC5=NOC=C5,0,RVDALPTZPBHGHE-UHFFFAOYSA-N,RVDALPTZPBHGHE,PubChem,117740448,6331
COc1cccnc1CN1CCOc2cnc(-c3ccc(OC(F)(F)F)cc3)cc2C1=O,1,JWEWRWYEBRZSIN-UHFFFAOYSA-N,JWEWRWYEBRZSIN,data_nav_dev,CHEMBL3970355,
CN([C@H]1CCN(C1)C2(CCC2)C3=CC=CC=C3F)C4=CC(=C(C=C4Cl)S(=O)(=O)NC5=CSC=N5)F,1,OSSAYRRCHMPHGP-INIZCTEOSA-N,OSSAYRRCHMPHGP,PubChem,132141761,6331
O=C(NC1CC1c1ccccc1)N1CCC(c2nc(-c3cccnc3)no2)CC1,1,VJCACPMAAVZCPB-UHFFFAOYSA-N,VJCACPMAAVZCPB,data_nav_dev,CHEMBL564757,
O=S(=O)(Nc1ccncn1)c1ccc2c(c1)OCC[C@@H]2c1ccc(C(F)(F)F)cc1-c1ccc(F)cn1,1,KQXZGKZWSZDWBD-LJQANCHMSA-N,KQXZGKZWSZDWBD,data_nav_dev,126668927,126668927
C1CC1C2=CC(=C(C=C2OCC3CCN(CC3)CC4=NC(=CC(=C4)C(F)(F)F)C5CC5)F)C(=O)NS(=O)(=O)C6CC6,1,DQSHMENCHXKIOD-UHFFFAOYSA-N,DQSHMENCHXKIOD,PubChem,118120580,6331
CC1=CC(=CC=C1)CN2CC[C@@H](C2)N(C)C3=C(C=C(C=C3)S(=O)(=O)NC4=NC=NS4)Cl,0,NKZGMZNRCSCYRF-KRWDZBQOSA-N,NKZGMZNRCSCYRF,PubChem,132141856,6331
Cc1cc2c(cc1CN(C)C)CCN(C(=O)c1cc3cc(Cl)ccc3n1C)C2,0,CKRWGBKIBACFNV-UHFFFAOYSA-N,CKRWGBKIBACFNV,CUPID,CUPID,
COc1cc(-c2cccc(F)c2)c(Cl)cc1-n1c(=O)ccc2cc(S(=O)(=O)Nc3cccnn3)ccc21,0,HKIDFORJSUPOOU-UHFFFAOYSA-N,HKIDFORJSUPOOU,CUPID,CUPID,
C[C@H](C1=CC(=CC(=C1)Cl)Cl)N2[C@@H]3CC[C@H]2CC(C3)COC4=CC(=C(C=C4C5CC5)C(=O)NS(=O)(=O)C)F,1,MVEPDUKIVTZGJC-RZHVVMAZSA-N,MVEPDUKIVTZGJC,PubChem,118120409,6331
C1CN(C[C@@H]([C@H]1OC2=C(C(=C(C=C2F)S(=O)(=O)NC3=NC(=CC=C3)F)F)F)C4=CC(=C(C=C4)F)F)CC(F)(F)F,1,UTGXEGKPWGOXLL-DYVFJYSZSA-N,UTGXEGKPWGOXLL,PubChem,164624963,34044121
COC1=CC=C(C=C1)C(=O)NC(=NCCCCC2=CC=CC=C2)N,1,DAXAEGQNFHDYBP-UHFFFAOYSA-N,DAXAEGQNFHDYBP,PubChem,9799052,11720863
C1CC1C2=CC(=C(C=C2CN3CCC(CC3)OC4=CC=CC(=C4)C(F)(F)F)F)C(=O)NS(=O)(=O)C5CC5,1,NEJAAYPTOTXWEN-UHFFFAOYSA-N,NEJAAYPTOTXWEN,PubChem,126726997,6331
Cn1cc(-c2cccc(C(F)(F)F)c2)c2ccc(S(=O)(=O)Nc3ncns3)cc21,1,CXNGEEDJNMVYAE-UHFFFAOYSA-N,CXNGEEDJNMVYAE,data_nav_dev,CHEMBL3704439,
CCC(=O)CCCCCC(NC(=O)C1CN(C)C1)c1ncc(-c2cc3ccccc3nc2OC)o1,0,YOCBGMVQRJHNRU-UHFFFAOYSA-N,YOCBGMVQRJHNRU,CUPID,CUPID,
C1CC1C2=CC(=C(C=C2OCC3CCN(CC3)C(=O)C4=CC(=CC(=C4)Cl)Cl)F)C(=O)NS(=O)(=O)C5CC5,1,UAQLRELQQBERST-UHFFFAOYSA-N,UAQLRELQQBERST,PubChem,118110854,6331
COc1cc(-c2cccc(F)c2)ccc1-c1nccc2cc(S(=O)(=O)Nc3ncns3)ccc12,0,KDJRGNSJNQEYRI-UHFFFAOYSA-N,KDJRGNSJNQEYRI,CUPID,CUPID,
Cn1nccc1-c1cc(Cl)ccc1Oc1ccc(S(=O)(=O)Nc2ncns2)cc1C#N,0,FVGGAZKZIUTNLQ-UHFFFAOYSA-N,FVGGAZKZIUTNLQ,CUPID,CUPID,
C1CC1C2=CC(=C(C=C2CN3CCC(CC3)OC4=C(C=C(C=C4)Cl)Cl)F)C(=O)N,1,QWGWIALEIALNJD-UHFFFAOYSA-N,QWGWIALEIALNJD,PubChem,118120718,6331
CS(=O)(=O)NC(=O)C1=C(C=C(C(=C1)C2CC2)OCC3CN(C3)[C@H](C4=CC=CC=C4)C5=CC=C(C=C5)F)F,1,NQDCRCJMPKRFBR-HHHXNRCGSA-N,NQDCRCJMPKRFBR,PubChem,118110745,6331
COC1=CC(=CC(=C1OC)OC)C(=O)NC(=NCCCCC2=CC=CC=C2)N,1,HIIDJDRWZXTWHJ-UHFFFAOYSA-N,HIIDJDRWZXTWHJ,PubChem,22149198,11720863
C1C[C@H]([C@@H](C(=C1)C2=CC=C(C=C2)F)CNC3=CC(=C(C=C3Cl)S(=O)(=O)NC4=CSC=N4)F)N.Cl,1,BBOCDUNYRYILGP-LJLRIERRSA-N,BBOCDUNYRYILGP,PubChem,145965486,29037948
Cc1cc(N2CCOc3cc(S(=O)(=O)Nc4nccs4)ccc32)ccc1C#N,1,CUJLQDZKFKZKNS-UHFFFAOYSA-N,CUJLQDZKFKZKNS,data_nav_dev,89761667,89761667
C1CC2(CCN(CC2)C(=O)CCC3=CC=CC=C3)OC4=C1C=C(C=C4)F,1,DZCNPAGZPPBTBP-UHFFFAOYSA-N,DZCNPAGZPPBTBP,PubChem,44583356,19481932
NS(=O)(=O)c1nccc(-c2ccc(CO)cc2)c1-c1nn[nH]n1,0,ZLLPEJMJTQBWDI-UHFFFAOYSA-N,ZLLPEJMJTQBWDI,CUPID,CUPID,
C1CN(C1)S(=O)(=O)NC(=O)C2=C(C=C(C(=C2)C3CC3)CN4CCC(CC4)OCC5=C(C=C(C=C5)F)Cl)F,1,IALDFFGUQKSUOJ-UHFFFAOYSA-N,IALDFFGUQKSUOJ,PubChem,118120198,6331
COc1cc2nnc(C(N)=O)c(Nc3ccc(C)cc3F)c2cc1N1CCN(C(=O)C(C)O)CC1,0,ZPBNIQBBVBKMAX-UHFFFAOYSA-N,ZPBNIQBBVBKMAX,CUPID,CUPID,
N#Cc1ccc(N2CCOc3cc(S(=O)(=O)Nc4nccs4)ccc32)c(Cl)c1,1,CQFNODKXXIFVHK-UHFFFAOYSA-N,CQFNODKXXIFVHK,data_nav_dev,89761954,89761954
CC1=CC(=C(C=C1)CN2CCC[C@H](C2)OC3=CC(=C(C=C3C4CC4)C(=O)NS(=O)(=O)C)F)C,1,JDOPSZPOSAPHFB-HXUWFJFHSA-N,JDOPSZPOSAPHFB,PubChem,118110958,6331
CS(=O)(=O)NC(=O)C1=C(C=C(C(=C1)C2CC2)OCC3CCN(CC3)C(C4=CC(=C(C=C4)F)Cl)C(F)(F)F)F,1,ABSISAIFUWQGDW-UHFFFAOYSA-N,ABSISAIFUWQGDW,PubChem,118120270,6331
O=S(=O)(Nc1ncns1)c1ccc2c(-c3ccc(C(F)(F)F)cc3)cccc2c1,0,LNGXCGKHFHJNQI-UHFFFAOYSA-N,LNGXCGKHFHJNQI,CUPID,CUPID,
CN([C@H]1CCN(C1)CC2=CC=CC=C2OC(F)F)C3=CC(=C(C=C3Cl)S(=O)(=O)NC4=CSC=N4)F,1,OOECHDQQDUJOCE-HNNXBMFYSA-N,OOECHDQQDUJOCE,PubChem,132141411,6331
Cn1cc(-c2ccc(C(F)(F)F)cc2C2=CCNCC2)c2ccc(S(=O)(=O)Nc3cscn3)cc21,1,AEPILOKWECVEFA-UHFFFAOYSA-N,AEPILOKWECVEFA,data_nav_dev,71259702,71259702
C1CC1C2=CC(=C(C=C2OCC3CCN(CC3)C(C4=CC=C(C=C4)Cl)C5=CC=C(C=C5)Cl)F)C(=O)NS(=O)(=O)C6CC6,1,YLTIDMONXBEYJP-UHFFFAOYSA-N,YLTIDMONXBEYJP,PubChem,118120264,6331
COC1=CC2=C(C=C1)N3C=CC=C3C4(N2)CCN(CC4)C(=O)C5=CC(=C(C=C5)C#N)OC,1,NPVSPCROJQFODK-UHFFFAOYSA-N,NPVSPCROJQFODK,PubChem,118710325,25113934
CN1C=C(C2=C1C=C(C=C2)C(=O)NS(=O)(=O)C3CC3)C4CCC4,1,LPSDMXDLKVIDRB-UHFFFAOYSA-N,LPSDMXDLKVIDRB,PubChem,155516574,30638874
O=C1c2cc(-c3ccc(OC(F)(F)F)cc3)c(F)cc2OCCN1Cc1ccccc1,1,SQDBFHXLDPVMOT-UHFFFAOYSA-N,SQDBFHXLDPVMOT,data_nav_dev,CHEMBL3947270,
CC1=CC(=NN1)C2=CC=C(C=C2)C(=O)[C@@H]3CCCC[C@H]3C(=O)NC4=CN(N=C4C)C,0,ICJANEWBKSXXPZ-RTBURBONSA-N,ICJANEWBKSXXPZ,PubChem,155545031,30929436
C1CC1C2=CC=C(C=C2)OC3=CC=C(C=C3)NC4=NC=CC(=N4)N,1,GIQYVHZISTVSOH-UHFFFAOYSA-N,GIQYVHZISTVSOH,PubChem,70695764,22306122
CS(=O)(=O)NC(=O)c1cc(C2CC2)c(OCC23CC4(F)CC(F)(CC(F)(C4)C2)C3)cc1F,1,BGZNJEGXERCGGC-UHFFFAOYSA-N,BGZNJEGXERCGGC,data_nav_dev,CHEMBL3657979,
O=C1c2cc(-c3ccc(C(F)(F)F)cc3)ccc2OCCN1Cc1cn2ccccc2n1,1,LHJGGACWZLWEPD-UHFFFAOYSA-N,LHJGGACWZLWEPD,data_nav_dev,CHEMBL3979410,
O=C(NCc1ccc(F)c(C(F)(F)F)c1)c1c2ccccc2c(O)n1CCc1ncc(F)cn1,0,WTUVBFYSWOJCKJ-UHFFFAOYSA-N,WTUVBFYSWOJCKJ,CUPID,CUPID,
COc1ncc(-c2cccc(C#N)c2CCNC(=O)c2ccc(OCCC(F)(F)F)nc2)cn1,0,NMFZBEFJDXWDLZ-UHFFFAOYSA-N,NMFZBEFJDXWDLZ,CUPID,CUPID,
CC1=C(C=CC=C1F)N2C(=C(C(=N2)C)C(=O)NC3=NC=C(C=C3)Cl)N,0,RZGDNQIOOQDAAD-UHFFFAOYSA-N,RZGDNQIOOQDAAD,PubChem,122640612,6331
Cc1cc(-c2ccc(C(=O)C3CCCCC3C(=O)Nc3cnn4c3C(=O)NCC4)cc2)[nH]n1,0,ROTWSDMXHVGAHZ-UHFFFAOYSA-N,ROTWSDMXHVGAHZ,CUPID,CUPID,
CC1=CC=CC=C1CN2C=CC3=C2N=CN=C3OC4CCN(CC4)CC5=CSC=N5,1,GQJOVRAJLZZUTH-UHFFFAOYSA-N,GQJOVRAJLZZUTH,PubChem,70695780,22318156
O=S(=O)(Nc1ncns1)c1ccc2c(-c3ccc(Cl)cc3Cl)cccc2c1,0,OWTLMVCLXORRMU-UHFFFAOYSA-N,OWTLMVCLXORRMU,CUPID,CUPID,
CC1(CN(C1)C(C2=CC=CC=C2)C3=CC=CC=C3)COC4=CC(=C(C=C4C5CC5)C(=O)NS(=O)(=O)N6CCC6)F,1,PMHATIGSOAJRQC-UHFFFAOYSA-N,PMHATIGSOAJRQC,PubChem,118120560,6331
O=S(=O)(Nc1ncns1)c1ccc2c(-c3ccc(OC(F)(F)F)cc3Cl)cccc2c1,0,DNAKQKSMBCBZJZ-UHFFFAOYSA-N,DNAKQKSMBCBZJZ,CUPID,CUPID,
O=C(NC1CC1c1ccccc1)N1CCC(n2ccnn2)CC1,1,DIBROLGRIJOMRQ-UHFFFAOYSA-N,DIBROLGRIJOMRQ,data_nav_dev,45269087,45269087
O=C(Nc1ccc(Cl)cc1)N1CCCC(CCCO)(c2ccccc2)C1,1,YVZSCJHEMPRIEE-UHFFFAOYSA-N,YVZSCJHEMPRIEE,data_nav_dev,46882950,46882950
CC1=NC(=CC=C1)CN2CCC(CC2)OC3=NC=NC4=C3C=CN4CC5=CC=CC=C5,1,WOOZKYJTHJWUFV-UHFFFAOYSA-N,WOOZKYJTHJWUFV,PubChem,70695784,22318156
CN([C@H]1CCN(C1)CC2=C(C(=CC=C2)F)F)C3=CC(=C(C=C3Cl)S(=O)(=O)NC4=CSC=N4)F,0,HESWTPVDKFBBCO-AWEZNQCLSA-N,HESWTPVDKFBBCO,PubChem,132141610,6331
CN([C@H]1CCN(C1)CC2=CC(=CC=C2)Cl)C3=C(C=C(C=C3)S(=O)(=O)NC4=NC=CS4)Cl,1,WCURWKBDZLIGDL-KRWDZBQOSA-N,WCURWKBDZLIGDL,PubChem,132141452,6331
COc1ccc(N2CCOc3cc(S(=O)(=O)Nc4nccs4)ccc32)cc1C#N,1,MKPZIIPTMFMOCV-UHFFFAOYSA-N,MKPZIIPTMFMOCV,data_nav_dev,89762086,89762086
CS(=O)(=O)NC(=O)C1=C(C=C(C(=C1)C2CC2)OCC3CCN(CC3)CC4=NC(=CC(=C4)C(F)(F)F)C5CC5)F,1,KMXYAYHLGANJIA-UHFFFAOYSA-N,KMXYAYHLGANJIA,PubChem,118120682,6331
C1CC1C2=CC(=C(C=C2CN3CCN(CC3)CC4=CC(=CC(=C4)Cl)Cl)F)C(=O)NS(=O)(=O)C5CC5,1,HZBBEXBGQAELMU-UHFFFAOYSA-N,HZBBEXBGQAELMU,PubChem,118110668,6331
COc1cc(-c2ccc(F)c(Cl)c2)ccc1-c1nccc2cc(S(=O)(=O)Nc3ccncn3)ccc12,0,OFTWATZYEKIRCP-UHFFFAOYSA-N,OFTWATZYEKIRCP,CUPID,CUPID,
CCn1ccc(CN2CCOc3ccc(-c4ccc(OC(F)(F)F)cc4)cc3C2=O)n1,1,KGMGPDTWDPLCBF-UHFFFAOYSA-N,KGMGPDTWDPLCBF,data_nav_dev,CHEMBL3899304,
O=S(=O)(Nc1ncns1)N1CCc2c(cccc2-c2ccc(C(F)(F)F)cc2-c2cccnc2)C1,1,YYUNKAYCHCSHMW-UHFFFAOYSA-N,YYUNKAYCHCSHMW,data_nav_dev,CHEMBL3683211,
COc1cc(-c2cc(F)cc(F)c2)c(C)cc1-n1c(=O)ccc2cc(S(=O)(=O)Nc3ccon3)ccc21,0,ORNDBCORCUTKLC-UHFFFAOYSA-N,ORNDBCORCUTKLC,CUPID,CUPID,
CN([C@H]1CCN(C1)C2(CC2)C3=CC=CC=C3)C4=CC(=C(C=C4Cl)S(=O)(=O)NC5=CSC=N5)F,1,BLSMPPXXTCCKRU-KRWDZBQOSA-N,BLSMPPXXTCCKRU,PubChem,132141520,6331
CS(=O)(=O)NC(=O)C1=C(C=C(C(=C1)C2CC2)OCC3CN(C3)[C@@H](C4=CC=CC=C4)C5=CC=NC=C5)F,1,WVDCPYJACILIGO-SANMLTNESA-N,WVDCPYJACILIGO,PubChem,118111090,6331
C1CN(C[C@@H](C1(F)F)OC2=NC3=CC=CC=C3C=C2)C(=O)C4=C5C=CNC5=NC=C4,1,LWHCPVBTBFAYDP-SFHVURJKSA-N,LWHCPVBTBFAYDP,PubChem,90286316,27818110
CC(C)(C1CCC(CC1)NC(=O)C2=CN=C3C(=C2)C=CC(=N3)C4CC4)O,0,VEKOTFOGNGVLSE-UHFFFAOYSA-N,VEKOTFOGNGVLSE,PubChem,137362953,33059303
Nc1cc(-c2cc(C(F)(F)F)ccc2N2CCOc3cc(S(=O)(=O)Nc4ncns4)ccc32)ccn1,1,OEIJXNGSQJJFRS-UHFFFAOYSA-N,OEIJXNGSQJJFRS,data_nav_dev,CHEMBL3959065,
O=S(=O)(Nc1nccs1)c1ccc2c(c1)OCCN2c1ccc(C(F)(F)F)cc1CO,1,RBBCZOXFOZGGIY-UHFFFAOYSA-N,RBBCZOXFOZGGIY,data_nav_dev,89761909,89761909
CC1=C(C=CC=C1F)CN2CC[C@@H](C2)N(C)C3=CC(=C(C=C3Cl)S(=O)(=O)NC4=CSC=N4)F,1,YANIPGMLUWWQDS-INIZCTEOSA-N,YANIPGMLUWWQDS,PubChem,132141351,6331
C1=CC(=CC=C1C(F)(F)F)OC2=CC=C(C=C2)NC3=NC(=CN=C3)N,1,PMMALHFQLZXMOO-UHFFFAOYSA-N,PMMALHFQLZXMOO,PubChem,70683168,22306122
CC(C1=CC=C(C=C1)OC(F)(F)F)N2CCC(CC2)COC3=CC(=C(C=C3C4CC4)C(=O)NS(=O)(=O)C)F,1,BSHIKYSNYVZEIY-UHFFFAOYSA-N,BSHIKYSNYVZEIY,PubChem,118110876,6331
COC1=C(C=C(C(=C1)C2=CC=C(C=C2)F)C#N)C3=NC=CC4=C3C=CC(=C4)S(=O)(=O)NC5=NC=NC=C5,0,JDHHGVGCNNSJNM-UHFFFAOYSA-N,JDHHGVGCNNSJNM,PubChem,121333881,6331
Nc1nccn2c(C3CCCC(C(=O)O)C3)nc(-c3ccc(C(=O)Nc4cc(C(F)(F)F)ccn4)cc3)c12,0,RXTBDWMAPHSRCE-UHFFFAOYSA-N,RXTBDWMAPHSRCE,CUPID,CUPID,
COc1cc(F)ccc1-c1cccc2c1CCN(S(=O)(=O)Nc1ncns1)C2,1,OYFIFHNENWDIAQ-UHFFFAOYSA-N,OYFIFHNENWDIAQ,data_nav_dev,71736434,71736434
CN(C)C(=O)C=C1CCC2(C)C(C1)CC(N1CCCC(N)C1)C2Oc1ccc(C#N)cc1,0,SGBPAAQZMAQDKI-UHFFFAOYSA-N,SGBPAAQZMAQDKI,CUPID,CUPID,
N#CCc1cccc(N2CCOc3cc(S(=O)(=O)Nc4nccs4)ccc32)c1,1,RABYWLVSNQJGCA-UHFFFAOYSA-N,RABYWLVSNQJGCA,data_nav_dev,71711980,71711980
C1CN(CCC1OC2=C(C=C(C=C2)S(=O)(=O)NC3=CSC=N3)Cl)CC4=CC(=CC=C4)C(F)F,1,NREYBKLHHCGYOQ-UHFFFAOYSA-N,NREYBKLHHCGYOQ,PubChem,132141665,6331
O=C1CC2(CCN(C(=O)N[C@H]3C[C@@H]3c3ccccc3)CC2)Oc2ccc(-c3ccncc3)cc21,1,IQOLDUIYVMZEKG-VWNXMTODSA-N,IQOLDUIYVMZEKG,data_nav_dev,CHEMBL495992,
CC(C)N(C(C)C)C(=O)CN1CCC(CC1)COC2=CC(=C(C=C2C3CC3)C(=O)NS(=O)(=O)C)F,1,XOJUAHDKEQMOKU-UHFFFAOYSA-N,XOJUAHDKEQMOKU,PubChem,118111378,6331
CS(=O)(=O)NC(=O)C1=C(C=C(C(=C1)C2CC2)CN3CCC(CC3)OC4=CC=C(C=C4)Cl)F,1,POXSORMQCJJQCT-UHFFFAOYSA-N,POXSORMQCJJQCT,PubChem,126715188,6331
COC1CN(S(=O)(=O)NC(=O)c2cc(C3CC3)c(OCC34CC5CC(CC(C5)C3)C4)cc2F)C1,1,JDJPOKWOABXJKL-UHFFFAOYSA-N,JDJPOKWOABXJKL,data_nav_dev,90016435,90016435
N#Cc1cc(S(=O)(=O)Nc2ncns2)ccc1Oc1ccc(C(F)(F)F)cc1-c1cccnn1,0,ARJLZIQJKVTPEU-UHFFFAOYSA-N,ARJLZIQJKVTPEU,CUPID,CUPID,
CNCCN(C)C1=C(C=CC(=C1)C#N)NC2=CC(=C(C=C2Cl)S(=O)(=O)NC3=CSC=N3)F,0,VHJYOUXQMBDZEU-UHFFFAOYSA-N,VHJYOUXQMBDZEU,PubChem,135325209,6331
COc1cc(C)ccc1-c1nccc2cc(S(=O)(=O)Nc3nccs3)ccc12,0,GZLSICDQKNTTPR-UHFFFAOYSA-N,GZLSICDQKNTTPR,CUPID,CUPID,
CC(CC#N)n1c(O)c2ccccc2c1C(=O)NCc1ccc(OC(F)(F)F)cc1,0,IGSWMIWSJGLRRV-UHFFFAOYSA-N,IGSWMIWSJGLRRV,CUPID,CUPID,
C1=CC=C2C(=C1)C(N(C2=O)CCC3=CC=CC=N3)C(=O)NCC4=CC=C(C=C4)OCC(F)(F)F,1,PZIKWOQKFKXXSK-UHFFFAOYSA-N,PZIKWOQKFKXXSK,PubChem,44544546,22770500
C1CC2(CCCC2(C1)O)CNC3=CC(=C(C=C3Cl)S(=O)(=O)NC4=NC=CS4)F,1,KZHFNEOWHYEARP-UHFFFAOYSA-N,KZHFNEOWHYEARP,PubChem,137638117,28818462
O=S(=O)(Nc1ccccn1)c1ccc2c(c1)OCCN2c1ccc(C(F)(F)F)cc1Br,1,QSQYNDMXCIJFJF-UHFFFAOYSA-N,QSQYNDMXCIJFJF,data_nav_dev,CHEMBL3950672,
CS(=O)(=O)NC(=O)C1=C(C=C(C(=C1)C2CC2)OCC3CCN(CC3)CC4=CC(=C(C=C4)F)C#N)F,1,GSRRQWTVOYSKLG-UHFFFAOYSA-N,GSRRQWTVOYSKLG,PubChem,118120202,6331
Cn1ccc(NS(=O)(=O)c2ccc3c(c2)OCCN3c2ccc(C(F)(F)F)cc2Cl)n1,1,LPKQBMDZULLYLI-UHFFFAOYSA-N,LPKQBMDZULLYLI,data_nav_dev,CHEMBL3912273,
C1CN(C1)S(=O)(=O)NC(=O)C2=C(C=C(C(=C2)C3CC3)OCC4CCN(CC4)CC5=CC(=CC(=C5)Cl)Cl)F,1,CWAAFDMFNOVWLT-UHFFFAOYSA-N,CWAAFDMFNOVWLT,PubChem,118110848,6331
O=S(=O)(Nc1ncco1)c1ccc2c(c1)OCCN2c1ccc(C(F)(F)F)cc1Cl,1,MXEDIFZVZFUFHL-UHFFFAOYSA-N,MXEDIFZVZFUFHL,data_nav_dev,71711241,71711241
O=C1c2cc(-c3ccc(C(F)(F)F)cc3Cl)ccc2OCCN1Cc1ncccn1,1,CUVRBHYXQXVWDC-UHFFFAOYSA-N,CUVRBHYXQXVWDC,data_nav_dev,CHEMBL3961656,
COC1=C(C=CC(=C1)C(F)(F)F)[C@@H]2CCOC3=C2C=CC(=C3)S(=O)(=O)NC4=NC(=CC=C4)F,0,ICLYOZNQAJSYKV-HNNXBMFYSA-N,ICLYOZNQAJSYKV,PubChem,126650169,6331
C1[C@@H](COC2=CC=CC(=C21)C3=CN=C(C=C3)CO)NC(=O)C4=CN=C(C=C4)OCCOCC(F)(F)F,1,KEOOQQCPBYZSRM-IBGZPJMESA-N,KEOOQQCPBYZSRM,PubChem,66813870,22832315
COC1=C(C=C(C(=C1)C2=CC(=CC=C2)F)Cl)C3=C4C=CC(=CC4=CN=N3)S(=O)(=O)NC5=NC=CC=N5,0,SIYUTMCGYADTBT-UHFFFAOYSA-N,SIYUTMCGYADTBT,PubChem,121333963,6331
C1COC2=C([C@@H]1C3=C(C=C(C=C3)C(F)(F)F)C4=NC=CS4)C=CC(=C2)S(=O)(=O)NC5=NC=C(C=N5)F,0,VZXRKGUEJHGCBI-KRWDZBQOSA-N,VZXRKGUEJHGCBI,PubChem,126650494,6331
C1C[C@H]2CC(C[C@@H]1N2CC3=CC(=C(C=C3)F)Cl)OC4=C(C=C(C=C4)S(=O)(=O)NC5=CSC=N5)Cl,1,WHSALMSCNUITHY-SJPCQFCGSA-N,WHSALMSCNUITHY,PubChem,132141977,6331
C1CN(CCC1OC2=C(C=C(C=C2)S(=O)(=O)NC3=CSC=N3)Cl)C4(CC4)C5=CC=CC=C5,1,BHWRMNLKRPRNIO-UHFFFAOYSA-N,BHWRMNLKRPRNIO,PubChem,132141813,6331
CC1=CC=C(C=C1)C(=O)NC(=NCCC2=CC=CC=C2)N,1,ZVURELUSYUBEQF-UHFFFAOYSA-N,ZVURELUSYUBEQF,PubChem,22149251,11720863
O=C1c2cc(C#Cc3ccc(C(F)(F)F)cc3)ccc2OCCN1Cc1ncccn1,1,WAJCGPLOCDVBLZ-UHFFFAOYSA-N,WAJCGPLOCDVBLZ,data_nav_dev,CHEMBL3917742,
CC1=C(C=C(C=C1)CN2CCC[C@H](C2)OC3=CC(=C(C=C3C4CC4)C(=O)NS(=O)(=O)C)F)Cl,1,IDJPUZREEMOMJC-GOSISDBHSA-N,IDJPUZREEMOMJC,PubChem,118111262,6331
COc1ccc(F)cc1-c1cccc2c1CCN(S(=O)(=O)Nc1ncns1)C2,1,VMGOSJJAEZKXPV-UHFFFAOYSA-N,VMGOSJJAEZKXPV,data_nav_dev,71736433,71736433
CCCC1=C(C=CC(=C1)C(F)(F)F)[C@@H]2CCOC3=C2C=CC(=C3)S(=O)(=O)NC4=NC=C(C=N4)F,0,AQGAIBOWTPYGQG-IBGZPJMESA-N,AQGAIBOWTPYGQG,PubChem,126650241,6331
CC1=C(C=CC(=N1)C2=C(C=CC(=C2)C(F)(F)F)[C@H]3CCOC4=C3C=CC(=C4)S(=O)(=O)NC5=NN=CC=C5)F,1,KWFCGDOVLXQZOW-LJQANCHMSA-N,KWFCGDOVLXQZOW,PubChem,135193627,6331
C1CCOC(C1)CCNC2=CC(=C(C=C2Cl)S(=O)(=O)NC3=NC=CS3)F,1,TZCYDPFBDCOKRC-UHFFFAOYSA-N,TZCYDPFBDCOKRC,PubChem,137632608,28818462
C[C@@H](CN[C@@H]1COc2ccccc2SC1)CSc1cccc2ncoc12,1,FYZBYSDIUUVVLP-LSDHHAIUSA-N,FYZBYSDIUUVVLP,data_nav_dev,CHEMBL563959,
C1CC1CNC(=O)[C@@H](C2=CC=CC=C2)N3CCN(CC3)C(=O)C4=CC(=CC(=C4)F)F,1,PDZFTSNLQQQGTI-OAQYLSRUSA-N,PDZFTSNLQQQGTI,PubChem,145990751,30108793
COc1cc(C(=O)NS(C)(=O)=O)ccc1-c1cnc(OC2CCC2)c(Cl)c1,0,FZYCZJOQFWMVCT-UHFFFAOYSA-N,FZYCZJOQFWMVCT,CUPID,CUPID,
COc1cc(C(F)F)c(OC)cc1-c1nccc2cc(S(=O)(=O)Nc3nccs3)ccc12,0,ZYLRVYMEXRNTRQ-UHFFFAOYSA-N,ZYLRVYMEXRNTRQ,CUPID,CUPID,
CCOC1=CC=C(C=C1)C(=O)NC(=NCCCCC2=CC=CC=C2)N,1,DNCHCTMVAWUDIV-UHFFFAOYSA-N,DNCHCTMVAWUDIV,PubChem,22149294,11720863
O=C1c2cc(-c3ccc(C(F)(F)F)cc3)ccc2OCCN1Cc1ncccn1,1,XOFKKGMAEWHODX-UHFFFAOYSA-N,XOFKKGMAEWHODX,data_nav_dev,CHEMBL3905650,
O=C(c1ccc(CC2CCC(C(O)c3ccccc3)N2)cc1)N1CCN(Cc2ncn(CC(F)(F)F)n2)CC1,0,XHKFAGUYZWCZRZ-UHFFFAOYSA-N,XHKFAGUYZWCZRZ,CUPID,CUPID,
CC1=CC(=C(N=C1)OC)CC[C@@](CC(=O)O)(C(=O)O)O,0,FGYMJXFSHBLHLW-CYBMUJFWSA-N,FGYMJXFSHBLHLW,PubChem,124203831,26734723
O=C(NCc1cccc(OC(F)(F)F)c1)C1c2ccccc2C(=O)N1CCc1ncc(F)cn1,0,FLMWTINNGMAPSE-UHFFFAOYSA-N,FLMWTINNGMAPSE,data_nav_dev,CHEMBL2164042,
N#Cc1cccc(CN2CCOc3ccc(-c4ccc(OC(F)(F)F)cc4)cc3C2=O)n1,1,JXNDSKLORQDUHC-UHFFFAOYSA-N,JXNDSKLORQDUHC,data_nav_dev,CHEMBL3957408,
CCN=C1NC2C(OC(CO)C(O)C2O)S1,0,PPAIMZHKIXDJRN-UHFFFAOYSA-N,PPAIMZHKIXDJRN,CUPID,CUPID,
COc1cc(-c2cccc(F)c2)ccc1N1CCOc2cc(S(=O)(=O)Nc3nccs3)ccc21,1,UOMBPTKGGPSRLC-UHFFFAOYSA-N,UOMBPTKGGPSRLC,data_nav_dev,89761721,89761721
CS(=O)(=O)NC(=O)C1=C(C=C(C(=C1)C2CC2)OCC3CCN(CC3)CC4=NC(=NO4)C5=CC=CC=C5Cl)F,1,VUSBGJHOMNTZQY-UHFFFAOYSA-N,VUSBGJHOMNTZQY,PubChem,118120549,6331
O=C(O)CCCOc1ccc(-c2cc(OC(F)(F)F)ccc2Cl)cc1,0,FGXVJHYCASUBMZ-UHFFFAOYSA-N,FGXVJHYCASUBMZ,CUPID,CUPID,
C[Si](C)(C)C1=CC=C(C=C1)C2=CN3C(=NN=C3C(F)(F)F)C=C2,1,ACRMMCGSOUYBCS-UHFFFAOYSA-N,ACRMMCGSOUYBCS,PubChem,66849520,27080178
C1CN(C(=O)CN1)CC2=NC3=C(C=C(C=C3N2)C(F)(F)F)C(F)(F)F,0,CHKKRJIGZFYYMI-UHFFFAOYSA-N,CHKKRJIGZFYYMI,PubChem,60194709,6331
CC1=C(C(=C(C=C1N(C)[C@H]2CCN(C2)CC3=NC(=CC=C3)C(F)(F)F)F)S(=O)(=O)NC4=CSC=N4)F,0,SXKMQBMMBOPKEZ-HNNXBMFYSA-N,SXKMQBMMBOPKEZ,PubChem,132141737,6331
O=C(CN1CCN(c2cccc3c2cnn3-c2ccccc2F)C1=O)N1CCCC(F)C1,0,XCKOJHQDQVQSMM-UHFFFAOYSA-N,XCKOJHQDQVQSMM,CUPID,CUPID,
CC1=NN(C2=CC(=C(C=C12)C(=O)NS(=O)(=O)C3CC3)F)[C@@H]4CCN(C4)[C@H](C)C5=CC(=CC(=C5)Cl)Cl,1,KQQXPTRMUYKUIC-RDTXWAMCSA-N,KQQXPTRMUYKUIC,PubChem,129177689,36092147
C1COC2=C([C@H]1C3=C(C=C(C=C3)C(F)(F)F)N4C=CN=N4)C=CC(=C2)S(=O)(=O)NC5=NC=CC=N5,0,XFHRXWSIIZECGV-MRXNPFEDSA-N,XFHRXWSIIZECGV,PubChem,135196579,32368909
CN([C@H]1CCN(C1)CC2=CC(=CC=C2)Cl)C3=C(C=C(C=C3)S(=O)(=O)NC4=NC=NS4)Cl,0,UBZNAHUOLXAHAV-INIZCTEOSA-N,UBZNAHUOLXAHAV,PubChem,132141517,6331
COc1cc(-c2cccc(F)c2)c(Cl)cc1-c1nccc2cc(S(=O)(=O)Nc3nncs3)ccc12,0,DHYZBFQCLKLPTG-UHFFFAOYSA-N,DHYZBFQCLKLPTG,CUPID,CUPID,
CN([C@H]1CCN(C1)CC2=CC=C(C=C2)F)C3=CC(=C(C=C3Cl)S(=O)(=O)NC4=CSC=N4)F,0,CCTRUTPPSZQGLF-INIZCTEOSA-N,CCTRUTPPSZQGLF,PubChem,132141650,6331
CC1=CC(=CC=C1)C2=CC(=C(C=C2C#N)C3=NC=CC4=C3C=CC(=C4)S(=O)(=O)NC5=NN=CS5)OC,0,LTNLFNRJPOFLFI-UHFFFAOYSA-N,LTNLFNRJPOFLFI,PubChem,117740565,6331
C1[C@@H](COC2=CC=CC(=C21)C3=CN=CN=C3)NC(=O)C4=CN=C(C=C4)OCCC(F)(F)F,1,IAMSGDHGEMFJQC-INIZCTEOSA-N,IAMSGDHGEMFJQC,PubChem,66813839,22832315
O=C(NS(=O)(=O)N1CCC1)c1cc(C2CC2)c(OCC2CCCCC2)cc1F,1,WDDGGSNPHYNGMF-UHFFFAOYSA-N,WDDGGSNPHYNGMF,data_nav_dev,CHEMBL3662238,
C1CN(CCC1OC2=C(C=C(C=C2)S(=O)(=O)NC3=NC=CS3)Cl)CC4=CC(=CC=C4)C(F)F,1,NZDSIPOBKQVWOJ-UHFFFAOYSA-N,NZDSIPOBKQVWOJ,PubChem,132141876,6331
O=C(Cn1ccccc1=O)Nc1ccc(CC2CCC(C(O)c3ccccc3)N2)cc1,0,HSUZTUCBYOJAHK-UHFFFAOYSA-N,HSUZTUCBYOJAHK,CUPID,CUPID,
CC1=CC(=C(C=C1N(C)[C@H]2CCN(C2)CC3=CC=C(C=C3)O)F)S(=O)(=O)NC4=CSC=N4,0,MYBZEGQXAHHUNE-KRWDZBQOSA-N,MYBZEGQXAHHUNE,PubChem,132142146,6331
C1=CC(=CC(=C1)C(=O)NC2=CC=CC(=C2C3=CN=CC=C3)C(F)(F)F)C4=C(C=CC=N4)C(F)F,1,CPDHKBLNQMOYCI-UHFFFAOYSA-N,CPDHKBLNQMOYCI,PubChem,137647899,28684121
CN([C@H]1CCN(C1)CC2=C(C=CC(=C2)F)F)C3=CC(=C(C=C3Cl)S(=O)(=O)NC4=CSC=N4)F,1,HRMDNDZYDZKELN-HNNXBMFYSA-N,HRMDNDZYDZKELN,PubChem,132141632,6331
C1C[C@H](CN(C1)CC2=CC=CC=C2Cl)OC3=CC(=C(C=C3C4CC4)C(=O)NS(=O)(=O)C5CC5)F,1,DTMHNTVXRZQHAW-GOSISDBHSA-N,DTMHNTVXRZQHAW,PubChem,118111295,6331
C1CN(C[C@@H]([C@H]1OC2=CC(=C(C=C2F)S(=O)(=O)NC3=CC=CC=N3)F)C4=CC=CC=C4)CC(F)(F)F,1,ROORXZLBXUUPAD-XLIONFOSSA-N,ROORXZLBXUUPAD,PubChem,164610611,34044121
C1COC2=C([C@H]1C3=C(C=C(C=C3)C(F)(F)F)N4C=CN=N4)C=CC(=C2)S(=O)(=O)NC5=NC(=CC=C5)F,0,JKJIATXPNOQKCJ-MRXNPFEDSA-N,JKJIATXPNOQKCJ,PubChem,126668798,32368909
C1CN(CCC1OC2=C(C=C(C=C2)S(=O)(=O)NC3=NC=CS3)Cl)CC4=CC=NC=C4,0,TUQNYASNJXDDEO-UHFFFAOYSA-N,TUQNYASNJXDDEO,PubChem,132141701,6331
O=S(=O)(Nc1nccs1)c1ccc2c(c1)OCCN2Cc1ccccc1,1,BSLPKPPAMRXZEA-UHFFFAOYSA-N,BSLPKPPAMRXZEA,data_nav_dev,CHEMBL3957302,
C1CN(C1)S(=O)(=O)NC(=O)C2=C(C=C(C(=C2)C3CC3)OCC4CCN(CC4)CC5=C(C(=CC(=C5)C(F)(F)F)Cl)Cl)F,1,LYKAMKOHKSYEMV-UHFFFAOYSA-N,LYKAMKOHKSYEMV,PubChem,126727005,6331
COc1ccc(-c2cn(C)c3cc(S(=O)(=O)Nc4ncns4)ccc23)c2ccccc12,1,XOUCTLNHPHHKIJ-UHFFFAOYSA-N,XOUCTLNHPHHKIJ,data_nav_dev,CHEMBL3704431,
COC1=C(C=C(C(=C1)C2=CC(=CC=C2)F)Cl)C3=C4C=CC(=CC4=CC(=O)N3)S(=O)(=O)NC5=NOC=C5,1,IJKKZVFOENDHPB-UHFFFAOYSA-N,IJKKZVFOENDHPB,PubChem,117753939,28287723
Cc1nnc(C(C)C)n1C1CC2CCC(C1)N2CCC(NC(=O)C1CCC(F)(F)CC1)c1ccccc1,0,GSNHKUDZZFZSJB-UHFFFAOYSA-N,GSNHKUDZZFZSJB,CUPID,CUPID,
C1C[C@H](CN(C1)C2=CC=CC=C2)OC3=CC(=C(C=C3C4CC4)C(=O)NS(=O)(=O)N5CCC5)F,1,YZGUSBWJEKGSQJ-LJQANCHMSA-N,YZGUSBWJEKGSQJ,PubChem,118353685,6331
CN(C)Cc1ccc2c(c1)CCN(C(=O)c1cc3cc(Br)ncc3n1C)C2,0,AURQGFNAFLUKPW-UHFFFAOYSA-N,AURQGFNAFLUKPW,CUPID,CUPID,
N#CCOc1ccccc1-c1ncc(F)c2cc(S(=O)(=O)Nc3nccs3)ccc12,0,DWRHYMPADNTUIM-UHFFFAOYSA-N,DWRHYMPADNTUIM,CUPID,CUPID,
CS(=O)(=O)NC(=O)C1=C(C=C(C(=C1)C2CC2)O[C@@H]3CCCN(C3)C(=O)C4=CC(=CC(=C4)Cl)Cl)F,1,UBWJRAHZIADSAQ-QGZVFWFLSA-N,UBWJRAHZIADSAQ,PubChem,118111086,6331
O=C(NCc1ccc(OCCC(F)(F)F)nc1)C1c2ccccc2C(=O)N1CCc1ccccn1,0,CLTDPAFURBFXKB-UHFFFAOYSA-N,CLTDPAFURBFXKB,data_nav_dev,44552634,44552634
O=C1c2cc(-c3ccc(OC(F)(F)F)cc3)ccc2OCCN1Cc1cnccn1,1,ICVZEUVJOGZYPR-UHFFFAOYSA-N,ICVZEUVJOGZYPR,data_nav_dev,CHEMBL3964467,
CCOc1cc(CN2CCC3(CC2)CC(=O)N(c2ccc(C(=O)O)cc2)C3)cc(OCC)c1-c1ccc(F)cc1.O=C(O)C(F)(F)F,0,VFUWYNPQDXMVOJ-UHFFFAOYSA-N,VFUWYNPQDXMVOJ,data_nav_dev,CHEMBL4282052,
CCOC(=O)C(C)(C)c1ccc2c(c1)c([C@H](C)CO)c(-c1cc(C)cc(C)c1)n2C(=O)OC(C)(C)C,1,TYGGJSPSDQOABJ-HXUWFJFHSA-N,TYGGJSPSDQOABJ,data_nav_dev,CHEMBL1643713,
O=C1c2cc(-c3ccc(C(F)(F)F)cc3)ccc2OCCN1Cc1ncccc1F,1,LTDJJHZEFKYWMI-UHFFFAOYSA-N,LTDJJHZEFKYWMI,data_nav_dev,CHEMBL3916615,
CC(=O)NC1=CC=CC(=C1)NC2=NC(=NC=N2)N3CCC4=CC=CC=C4C3,1,ZNZCGEXKQOUCKF-UHFFFAOYSA-N,ZNZCGEXKQOUCKF,PubChem,53362973,21634377
C1CN(CCC1OC2=NC=NC3=C2C=CN3CC4=CC=CC=C4F)CC5=CC=CC=N5,1,ZECJEHQTOHGKFP-UHFFFAOYSA-N,ZECJEHQTOHGKFP,PubChem,70693673,22318156
COC1=C(C=C(C(=C1)C2=CC(=CC=C2)F)Cl)C3=NC=NC4=C3C=CC(=C4)S(=O)(=O)NC5=NC=CC=N5,0,YDNVJZVACAEERU-UHFFFAOYSA-N,YDNVJZVACAEERU,PubChem,117740100,6331
Cc1cccc(SC[C@@H](C)CN[C@@H]2COc3ccccc3SC2)c1N,1,PFCIYLXAJNOREM-GOEBONIOSA-N,PFCIYLXAJNOREM,data_nav_dev,CHEMBL561222,
COC1=C(C=C(C(=C1)C2=CC(=CC=C2)C(F)(F)F)C#N)C3=NC=CC4=C3C=CC(=C4)S(=O)(=O)NC5=NC=NC=C5,0,WXSIYDPCXFVGJY-UHFFFAOYSA-N,WXSIYDPCXFVGJY,PubChem,121333986,6331
O=C1c2cc(-c3ccc(C(F)(F)F)cc3)ccc2OC[C@H]2CN(Cc3ncccn3)CCN12,1,ORHUDOXFCOSXAH-LJQANCHMSA-N,ORHUDOXFCOSXAH,data_nav_dev,CHEMBL3916245,
C1CCN(CC1)CCN2C3=C(C=CC2=O)C=C(C=C3)OC4=CC=C(C=C4)C#N,1,KEFLKWVDEZWQCI-UHFFFAOYSA-N,KEFLKWVDEZWQCI,PubChem,168284360,35436748
Nc1nc(-c2cccc(NC(=O)c3c[nH]c4ccccc34)c2)c[nH]1,0,UMABJCANGQVNJU-UHFFFAOYSA-N,UMABJCANGQVNJU,CUPID,CUPID,
COc1cc(C(=O)NS(C)(=O)=O)ccc1-c1cnc(OCc2ccc(Cl)cc2)c(Cl)c1,0,YYCJVCBYOBWYIO-UHFFFAOYSA-N,YYCJVCBYOBWYIO,CUPID,CUPID,
CS(=O)(=O)NC(=O)C1=C(C=C(C(=C1)C2CC2)OCC3CCN(CC3)CC4=CC(=C(C=C4F)F)Cl)F,1,BIXXYIOUCBCLPI-UHFFFAOYSA-N,BIXXYIOUCBCLPI,PubChem,118120551,6331
CC(C)COc1ccc(-c2cn(C)c3cc(C(=O)NS(C)(=O)=O)c(F)cc23)cn1,0,PLCCMQZNQDPYTG-UHFFFAOYSA-N,PLCCMQZNQDPYTG,CUPID,CUPID,
O=S(=O)(Nc1nccs1)c1ccc2c(c1)OCCN2c1cccc(Cl)c1Cl,1,JDTAXQKHOVGSGN-UHFFFAOYSA-N,JDTAXQKHOVGSGN,data_nav_dev,CHEMBL3922776,
O=S(=O)(Nc1nccs1)c1ccc2c(c1)OCCN2c1ccc(-n2cccn2)cc1,1,UFJSOAKHZXFDCG-UHFFFAOYSA-N,UFJSOAKHZXFDCG,data_nav_dev,71711697,71711697
O=S(=O)(Nc1ncns1)c1cc(F)c(OCC2CCCCC2c2ccc(Cl)cc2)cc1F,0,GTYPKNOGSILUOP-UHFFFAOYSA-N,GTYPKNOGSILUOP,CUPID,CUPID,
CC(C)(CC1=NC2=C(C=C(C=C2N1)C(F)(F)F)C(F)(F)F)N,1,UHVWSFWWOSHLLP-UHFFFAOYSA-N,UHVWSFWWOSHLLP,PubChem,60194705,6331
O=C(c1ccc(CC2CCC(C(O)c3ccccc3)N2)cc1)N1CCN(Cc2nnn(CC3CC3)n2)CC1,0,FGGZSKMAUOZIQL-UHFFFAOYSA-N,FGGZSKMAUOZIQL,CUPID,CUPID,
C1CC12CN(C[C@H]2NC3=CC(=C(C=C3Cl)S(=O)(=O)NC4=CSC=N4)F)CC5=CC=CC=C5,0,LMOGPJUZSPUOKM-HXUWFJFHSA-N,LMOGPJUZSPUOKM,PubChem,132141540,6331
C1COC2=C([C@H]1C3=C(C=C(C=C3)C(F)(F)F)C4=CC=C(C=C4)F)C=CC(=C2)S(=O)(=O)NC5=NC=C(C=N5)F,0,OGARPJHHANLODP-OAQYLSRUSA-N,OGARPJHHANLODP,PubChem,126668893,32368909
CCO[C@@H](CN[C@@H]1COc2ccccc2SC1)CSc1ccccc1OC,1,PSWSCRYCDNMXAA-SJORKVTESA-N,PSWSCRYCDNMXAA,data_nav_dev,CHEMBL519718,
Cn1cc(C(=O)N2CCOc3ccc(-c4ccc(OC(F)(F)F)cc4)cc3C2)cn1,1,GAWJPDBFCNUFJB-UHFFFAOYSA-N,GAWJPDBFCNUFJB,data_nav_dev,CHEMBL3908817,
O=C(NCc1ccc(F)c(OC(F)(F)F)c1)c1c2ccccc2c(O)n1CCc1ncc(F)cn1,0,BWBHAVPBWPADEN-UHFFFAOYSA-N,BWBHAVPBWPADEN,CUPID,CUPID,
CC(C)(C)OC(=O)N(C)CCN(C)C1=C(C=CC(=C1)F)NC2=CC(=C(C=C2Cl)S(=O)(=O)N(C3=CSC=N3)C(=O)OC(C)(C)C)F,0,BTPJQSHHLLFUFW-UHFFFAOYSA-N,BTPJQSHHLLFUFW,PubChem,137551241,6331
NC1=NC23C(N1)C(Cn1c(O)ccc1O)N=C(N)N2CC(NC(=O)c1cc(C(F)(F)F)ccc1C(F)(F)F)C3(O)O,0,TUPHRSSQSCREKD-UHFFFAOYSA-N,TUPHRSSQSCREKD,CUPID,CUPID,
O=S(=O)(Nc1ccc(C(F)(F)F)nc1)c1ccccc1C(F)(F)F,0,PTFOPJRHJXMKQL-UHFFFAOYSA-N,PTFOPJRHJXMKQL,CUPID,CUPID,
COC1=CC2=NN=C(N2C=C1C3=CC=C(C=C3)OC(F)(F)F)C(F)(F)F,1,YJBZPBPCVQAIFA-UHFFFAOYSA-N,YJBZPBPCVQAIFA,PubChem,87178553,27080178
CC1=C(C(=C(C=C1)OC2=C(C=C(C=N2)C3=CC(=C(C=C3C)C(=O)NS(=O)(=O)C)F)Cl)F)F,1,HTJQKWHIKAXIGB-UHFFFAOYSA-N,HTJQKWHIKAXIGB,PubChem,122422516,6331
CS(=O)(=O)NC(=O)C1=C(C=C(C(=C1)C2CC2)CN3CCC(CC3)OC4=CC=C(C=C4)F)F,1,YJSYMUWBUYTSQJ-UHFFFAOYSA-N,YJSYMUWBUYTSQJ,PubChem,126726998,6331
Cn1cc(-c2ccc(C(F)(F)F)c(Cl)c2)c2ccc(S(=O)(=O)Nc3ncns3)cc21,1,LUSHMDSHIUJETJ-UHFFFAOYSA-N,LUSHMDSHIUJETJ,data_nav_dev,CHEMBL3704416,
O=C1c2nc(-c3ccc(OC(F)(F)F)cc3)ccc2OCCN1Cc1ccccc1,1,YSXIPTIFYUTDBA-UHFFFAOYSA-N,YSXIPTIFYUTDBA,data_nav_dev,CHEMBL3958818,
CCS(=O)(=O)NC(=O)C1=C(C=C(C(=C1)C2CC2)OCC3(CN(C3)[C@@H](C)C4=CC(=CC(=C4)Cl)Cl)C)F,1,YEEDVFRTJANVAV-HNNXBMFYSA-N,YEEDVFRTJANVAV,PubChem,118111218,6331
CC(C)(C)OC(=O)N1CCCC1C(=O)NCC1CCc2nc(N)sc2C1,0,QKXWPQGVSJQBDG-UHFFFAOYSA-N,QKXWPQGVSJQBDG,CUPID,CUPID,
C1=CC=NC(=C1)CCN2C(C3=C(C2=O)C(=CC=C3)O)C(=O)NCC4=CC=C(C=C4)OC(F)(F)F,1,NEGUYMSGZYTTPG-UHFFFAOYSA-N,NEGUYMSGZYTTPG,PubChem,44543780,22770500
CC1=CC(=NC=C1)NS(=O)(=O)C2=CC3=C(C=C2)[C@H](CCO3)C4=C(C=C(C=C4)C(F)(F)F)C5=CC=NN5C,1,XHYJMQXWBLFKRD-HXUWFJFHSA-N,XHYJMQXWBLFKRD,PubChem,135196619,6331
O=C1c2cc(-c3ccc(F)c(F)c3F)ccc2OCCN1Cc1ncccn1,1,BAXXLVKEPYMMRG-UHFFFAOYSA-N,BAXXLVKEPYMMRG,data_nav_dev,CHEMBL3971769,
CC1=CC(=C(C=C1N(C)[C@H]2CCN(C2)CC3=CC=CC=C3C(F)F)F)S(=O)(=O)NC4=CSC=N4,1,RRXDTOFGLLOCKT-KRWDZBQOSA-N,RRXDTOFGLLOCKT,PubChem,132141299,6331
CN1CCN(CC1)C2=C(C=CC(=C2)C(F)(F)F)[C@H]3CCOC4=C3C=CC(=C4)S(=O)(=O)NC5=NC=CS5,1,XOKHNIWKPBYBRC-GOSISDBHSA-N,XOKHNIWKPBYBRC,PubChem,156010936,32368909
CN([C@H]1CCN(C1)CC2=CC=CC=C2)C3=CC(=C(C(=C3)F)S(=O)(=O)NC4=CSC=N4)F,1,ZMJGMDUEPPFODC-INIZCTEOSA-N,ZMJGMDUEPPFODC,PubChem,132141302,6331
CC1=NN(N=C1C(=O)N[C@H]2CC3=C(C=CC=C3OC2)N4CCN(CC4)C)C5=CC=CC=C5,1,WHEVXUDXFKTGQS-SFHVURJKSA-N,WHEVXUDXFKTGQS,PubChem,25056788,22832315
O=C(NCc1ccc(OC(F)(F)F)cc1)c1c2ccccc2c(O)n1CCc1cnccn1,0,PYWUXGHTCPTTMH-UHFFFAOYSA-N,PYWUXGHTCPTTMH,CUPID,CUPID,
C1CC1C2=CC(=C(C=C2CN3CCO[C@@H](C3)CC4=CC(=CC(=C4)Cl)Cl)F)C(=O)NS(=O)(=O)C5CC5,1,YJDICZSISKZEKO-HXUWFJFHSA-N,YJDICZSISKZEKO,PubChem,118120582,6331
C1CN(C[C@@H](C1(F)F)OC2=NC3=CC=CC=C3C=C2)C(=O)C4=CC=CC=C4N5N=CC=N5,1,VCYRJXZNOOUBSE-FQEVSTJZSA-N,VCYRJXZNOOUBSE,PubChem,77107594,27818110
O=C(NC1CCOC1)c1ccc2cc(Oc3ccc(C(F)(F)F)cn3)ccc2n1,0,VATOXHDFJPTCPW-UHFFFAOYSA-N,VATOXHDFJPTCPW,CUPID,CUPID,
CC1(CN(C1)C2=NC(=C(C=C2)Cl)C(F)(F)F)COC3=CC(=C(C=C3C4CC4)C(=O)NS(=O)(=O)C5CC5)F,1,HDCONQSFHGFUFZ-UHFFFAOYSA-N,HDCONQSFHGFUFZ,PubChem,118120525,6331
CS(=O)(=O)NC(=O)c1ccc(OCC23CC4CC(CC(C4)C2)C3)c(Br)c1,1,RXLSFOOVMZRZMK-UHFFFAOYSA-N,RXLSFOOVMZRZMK,data_nav_dev,CHEMBL3657852,
CC1=CN=C(O1)CN2C(=O)N3C=C(C=CC3=N2)C4=CC=C(C=C4)OC(F)(F)F,1,XODNHLRRHIVGBX-UHFFFAOYSA-N,XODNHLRRHIVGBX,PubChem,56596030,27038498
COCCS(=O)(=O)NC(=O)c1cc(C2CC2)c(OCC2CCCCC2)cc1F,1,DSSSTXWTCIBGSG-UHFFFAOYSA-N,DSSSTXWTCIBGSG,data_nav_dev,86703491,86703491
CC1=CC(=C(C=C1C2=CC(=CC(=C2)F)F)OC)C3=NC=CC4=C3C=CC(=C4)S(=O)(=O)NC5=NN=CS5,0,RNDXYPWBIQXPBG-UHFFFAOYSA-N,RNDXYPWBIQXPBG,PubChem,117741713,6331
O=S(=O)(Nc1ncns1)c1ccc2c(-c3ccc(Cl)cc3C3=CCNCC3)cccc2c1,0,OCYJVPZHZLJYEH-UHFFFAOYSA-N,OCYJVPZHZLJYEH,CUPID,CUPID,
COCCn1nc(C)c(C(=O)NC2COc3cccc(-c4cccnc4)c3C2)n1,0,OWCJHLUHPFYWOT-UHFFFAOYSA-N,OWCJHLUHPFYWOT,CUPID,CUPID,
O=C1c2cc(C#Cc3ccc(OC(F)(F)F)cc3)ccc2OCCN1Cc1ncccn1,1,LEDQINOBZJEOFA-UHFFFAOYSA-N,LEDQINOBZJEOFA,data_nav_dev,CHEMBL3939339,
CC(C)C1(C(=O)O)CCC(C)(c2nc(-c3ccc(C(=O)Nc4cc(C(F)(F)F)ccn4)cc3)c3c(N)nccn23)C1,0,DDAGGHIDQSHQBU-UHFFFAOYSA-N,DDAGGHIDQSHQBU,CUPID,CUPID,
C1COCCN1C(=O)COC2=NN(C3=C2C=C(C=C3)F)C4=CC=CC=C4F,1,FFXBKKBNWGBOAE-UHFFFAOYSA-N,FFXBKKBNWGBOAE,PubChem,127047643,27015369
O=C1c2cc(-c3ccc(OC(F)(F)F)cc3)ncc2OCCN1CC1CC1,1,OKBSJGZYYFEAFA-UHFFFAOYSA-N,OKBSJGZYYFEAFA,data_nav_dev,CHEMBL3950172,
CC(=O)N1CCC2=C([C@@H]1C3=C(C=C(C=C3)C(F)(F)F)OC)C=CC(=C2)S(=O)(=O)NC4=NC=NS4,0,SQDYFPZWEIBVTH-LJQANCHMSA-N,SQDYFPZWEIBVTH,PubChem,139208274,6331
CS(=O)(=O)NC(=O)C1=C(C=C(C(=C1)C2CC2)OCC3CCN(CC3)CC4=CC(=CC(=C4)Cl)Cl)F,1,YKHDDBRKQAIROO-UHFFFAOYSA-N,YKHDDBRKQAIROO,PubChem,118111314,6331
CS(=O)(=O)NC(=O)C1=C(C=C(C(=C1)C2CC2)OCC3CN(C3)CC4=CC(=CC(=C4)Cl)F)F,1,PJRNTHCAMSGWBR-UHFFFAOYSA-N,PJRNTHCAMSGWBR,PubChem,118120522,6331
CN1C(=CC=N1)C2=C(C=CC(=C2)C(F)(F)F)[C@H]3CCOC4=C3C=CC(=C4)S(=O)(=O)NC5=NC=CS5,1,MIIOBHGQUATGFU-QGZVFWFLSA-N,MIIOBHGQUATGFU,PubChem,156022265,32368909
C1C[C@H](CN(C1)CC2=CC=C(C=C2)F)OC3=CC(=C(C=C3C4CC4)C(=O)NS(=O)(=O)N5CCC5)F,1,MUJLGABHXJOLHL-HXUWFJFHSA-N,MUJLGABHXJOLHL,PubChem,118120391,6331
C1CC1C2=CC(=C(C=C2CN3CCC(CC3)OC4=NC=C(C=C4)C(F)(F)F)F)C(=O)NS(=O)(=O)C5CC5,1,NZLJRXFUYNPRME-UHFFFAOYSA-N,NZLJRXFUYNPRME,PubChem,118120307,6331
O=S(=O)(Nc1ccno1)c1ccc2c(c1)OCCN2c1ccc(C(F)(F)F)cc1Cl,1,SBMQVYXMPPEASW-UHFFFAOYSA-N,SBMQVYXMPPEASW,data_nav_dev,89761371,89761371
COc1cc(C(F)(F)F)ccc1-c1nccc2cc(S(=O)(=O)Nc3nccs3)ccc12,0,VVHCOTIASQDDTB-UHFFFAOYSA-N,VVHCOTIASQDDTB,CUPID,CUPID,
COc1cc(Cl)ccc1N1C[C@@H](C)Oc2cc(S(=O)(=O)Nc3nccs3)ccc21,1,MLHVNNQJJGKNCL-GFCCVEGCSA-N,MLHVNNQJJGKNCL,data_nav_dev,CHEMBL4106723,
Cn1cc(C2C3CC4CC2CN(C4)C3)c2ccc(C(=O)NS(=O)(=O)C3CC3)cc21,0,WDRXHDZPFLDCKI-UHFFFAOYSA-N,WDRXHDZPFLDCKI,CUPID,CUPID,
C1COC2=C([C@H]1C3=C(C=C(C=C3)C(F)(F)F)C4=NC=C(C=C4)F)C=CC(=C2)S(=O)(=O)NC5=NC=CS5,1,LIJVHEHWJNGQJH-GOSISDBHSA-N,LIJVHEHWJNGQJH,PubChem,156017266,32368909
CC1=C(C=CC(=C1)OC)CN2CCC[C@H](C2)OC3=CC(=C(C=C3C4CC4)C(=O)NS(=O)(=O)C)F,1,DHSOPLGHCCWMQK-HXUWFJFHSA-N,DHSOPLGHCCWMQK,PubChem,118110530,6331
O=c1n(Cc2nnc(C3CC3)o2)nc2ccc(-c3ccc(Oc4ccc(F)cc4)cc3)cn12,0,ZOVVXDVDXFAXEL-UHFFFAOYSA-N,ZOVVXDVDXFAXEL,CUPID,CUPID,
O=C(N[C@H]1C[C@@H]1c1ccccc1)N1CCC2(CCc3ncccc3O2)CC1,1,NZZBOICLIUBLLK-MJGOQNOKSA-N,NZZBOICLIUBLLK,data_nav_dev,CHEMBL522211,
Cn1nc(-c2ccc(C(F)(F)F)cc2)c2cc(F)c(C(=O)NS(C)(=O)=O)cc21,0,OBZZQHAJJICIHN-UHFFFAOYSA-N,OBZZQHAJJICIHN,CUPID,CUPID,
COC1=CC=C(C=C1)C2=CN3C(=NN=C3C(F)(F)F)C=C2,1,KSNARODGSPJGFQ-UHFFFAOYSA-N,KSNARODGSPJGFQ,PubChem,66849358,27080178
COc1cc(C(F)(F)F)ccc1-c1ncnc2c1CCN(S(=O)(=O)Nc1ncc(F)s1)C2,1,XEOCNZBBZFBCME-UHFFFAOYSA-N,XEOCNZBBZFBCME,data_nav_dev,71737372,71737372
CS(=O)(=O)NC(=O)C1=C(C=C(C(=C1)C2CC2)OCC3CCN(CC3)CC4=CC(=C(N=C4)OCC(F)(F)F)Cl)F,1,JHGLIXIBUKUTCQ-UHFFFAOYSA-N,JHGLIXIBUKUTCQ,PubChem,118111159,6331
O=C(NCc1ccc(OC(F)(F)F)cc1)c1c2ccccc2c(O)n1C1CCC(F)(F)CC1,0,FWJXTLZHIIKSJH-UHFFFAOYSA-N,FWJXTLZHIIKSJH,CUPID,CUPID,
C1CN(C1)S(=O)(=O)NC(=O)C2=C(C=C(C(=C2)C3CC3)OCC4CC5CCC(C4)N5CC6=CC=CC=C6Cl)F,1,PVIGPMARFARWPP-UHFFFAOYSA-N,PVIGPMARFARWPP,PubChem,118120205,6331
Cn1cc(-c2cccc3c2CNCC3)c2ccc(S(=O)(=O)Nc3ncns3)cc21,1,WLHJAUMZXRWNNH-UHFFFAOYSA-N,WLHJAUMZXRWNNH,data_nav_dev,CHEMBL3704444,
COc1cc(Cl)cc(-c2cc(OC)c(-n3c(=O)ccc4cc(S(=O)(=O)Nc5ncccn5)ccc43)cc2F)c1,1,GEFFGWUNCUEWSA-UHFFFAOYSA-N,GEFFGWUNCUEWSA,data_nav_dev,124221876,124221876
COc1cc(-c2cccc(F)c2)c(Cl)cc1-c1ncnc2cc(S(=O)(=O)Nc3nncs3)ccc12,0,BZVMLHXPEHBRBB-UHFFFAOYSA-N,BZVMLHXPEHBRBB,CUPID,CUPID,
COC1=C(C=C(C(=C1)C2=CC(=CC=C2)F)Cl)C3=NC=NC4=C3C=CC(=C4)S(=O)(=O)NC5=NC=NS5,1,NAAYBGMVDQIEPA-UHFFFAOYSA-N,NAAYBGMVDQIEPA,PubChem,86687768,25060923
C1CC1C2=CC(=C(C=C2CN3CCC(CC3)OC4=C(C=C(C=N4)C(F)(F)F)Cl)F)C(=O)NS(=O)(=O)C5CC5,1,LMRLMSNXUMMQMU-UHFFFAOYSA-N,LMRLMSNXUMMQMU,PubChem,118354305,6331
N#CCCn1c(O)c2ccccc2c1C(=O)NCc1ccc(OC(F)(F)F)cc1,0,TVSOTWFSLCJFGO-UHFFFAOYSA-N,TVSOTWFSLCJFGO,CUPID,CUPID,
C1CN(C[C@@H]([C@H]1OC2=CC(=C(C=C2F)S(=O)(=O)NC3=NC(=CC=C3)F)F)C4=CC=CC=C4F)CC(F)(F)F,1,OEDUWACNIWKZMU-BEFAXECRSA-N,OEDUWACNIWKZMU,PubChem,164627440,34044121
CN([C@@H]1CN(CC12CC2)CC3=CC=CC=C3)C4=CC(=C(C=C4Cl)S(=O)(=O)NC5=CSC=N5)F,1,LHZHIYDDDPRCSX-OAQYLSRUSA-N,LHZHIYDDDPRCSX,PubChem,132141306,6331
CC1=NSC(=N1)NS(=O)(=O)C2=CC3=C(C=C2)C(=NC=C3)C4=C(C=C(C=C4)C5=CC(=CC(=C5)F)F)OC,0,UWJWGSHNIWEYPK-UHFFFAOYSA-N,UWJWGSHNIWEYPK,PubChem,139208229,6331
O=S(=O)(Nc1nccs1)c1ccc2c(c1)OCCN2c1ccc2scnc2c1,1,QKZPBSODXLSUQW-UHFFFAOYSA-N,QKZPBSODXLSUQW,data_nav_dev,71711424,71711424
CN1C(C)(C)CC(Nc2cc(F)c(S(=O)(=O)Nc3nccs3)cc2Cl)CC1(C)C,0,KOZQVDNHYNYMCA-UHFFFAOYSA-N,KOZQVDNHYNYMCA,CUPID,CUPID,
Cn1cnc(CN2CCOc3ccc(-c4ccc(OC(F)(F)F)cc4)cc3C2=O)c1,1,NIRADNOWPOTTLE-UHFFFAOYSA-N,NIRADNOWPOTTLE,data_nav_dev,CHEMBL3922990,
CC(C)COC1=C(C=C(C=N1)C2=C(C=C(C(=C2)F)C3=NNC(=N3)S(=O)(=O)C4CCC4)OC)Cl,1,YQXKZWDOFHUTAF-UHFFFAOYSA-N,YQXKZWDOFHUTAF,PubChem,145961383,29709252
CC1=CC(=C(C=C1OC2CCN(CC2)CC3=CC=CC=C3)F)S(=O)(=O)NC4=CSC=N4,0,DDYGFIZOVGOREM-UHFFFAOYSA-N,DDYGFIZOVGOREM,PubChem,132141641,6331
O=C1c2cc(-c3ccc(OCC(F)(F)F)c(F)c3)ccc2OCCN1Cc1ncccn1,1,SCZHYOUGTOLWFK-UHFFFAOYSA-N,SCZHYOUGTOLWFK,data_nav_dev,CHEMBL3917135,
CN(C)c1cccc(-c2cn(C)c3cc(S(=O)(=O)Nc4ncns4)ccc23)c1,1,YFTWJMJJNTUAPW-UHFFFAOYSA-N,YFTWJMJJNTUAPW,data_nav_dev,CHEMBL3704438,
COc1ccc(Cl)cc1-c1n[nH]c(=O)c2cc(S(=O)(=O)Nc3nccs3)ccc12,0,QAOSOUGORUMZQA-UHFFFAOYSA-N,QAOSOUGORUMZQA,CUPID,CUPID,
CC1=C(C(=C(C=C1N(C)[C@H]2CCN(C2)CC3=CC(=CC=C3)F)F)S(=O)(=O)NC4=CSC=N4)F,0,MCZUVSMKLIOVFW-KRWDZBQOSA-N,MCZUVSMKLIOVFW,PubChem,132142058,6331
Cc1nc(Cn2nc3ccc(-c4ccc(Oc5ccc(Cl)cc5)cc4)cn3c2=O)no1,1,SQZWPCQKGINHDT-UHFFFAOYSA-N,SQZWPCQKGINHDT,data_nav_dev,CHEMBL2147141,
CN1CCN(CC1)C2=C3C[C@@H](COC3=CC=C2)NC(=O)C4=CN=C(C=C4)OCCC(F)(F)F,1,NPIKEZWFBYZTMG-KRWDZBQOSA-N,NPIKEZWFBYZTMG,PubChem,70695045,22832315
CC1(CN(C1)C2=NC=C(C=C2)C(F)(F)F)COC3=CC(=C(C=C3C4CC4)C(=O)NS(=O)(=O)C5CC5)F,1,ZXDFQZPUFRGUHP-UHFFFAOYSA-N,ZXDFQZPUFRGUHP,PubChem,118120561,6331
COC1=C(C=C(C(=C1)C2=CC(=CC(=C2)F)F)C#N)C3=NC=NC4=C3C=CC(=C4)S(=O)(=O)NC5=NN=CS5,0,SQKMOAUEUAMDAI-UHFFFAOYSA-N,SQKMOAUEUAMDAI,PubChem,117741697,6331
CS(=O)(=O)c1ccc2c(c1)C(=O)CC1(CCN(C(=O)N[C@H]3C[C@@H]3c3ccccc3)CC1)O2,1,WHHQPBQWWSSETM-QUCCMNQESA-N,WHHQPBQWWSSETM,data_nav_dev,44583351,44583351
CC(C1=CC(=CC(=C1)Cl)Cl)N2CCN(CC2)CC3=CC(=C(C=C3C4CC4)C(=O)N)F,1,UHSPKNDHOJXKCW-UHFFFAOYSA-N,UHSPKNDHOJXKCW,PubChem,118120709,6331
O=S(=O)(Nc1nccs1)c1ccc2c(c1)OCCN2c1cccc2scnc12,1,AAPROJRWTYDYSB-UHFFFAOYSA-N,AAPROJRWTYDYSB,data_nav_dev,CHEMBL3958044,
O=C(NS(=O)(=O)N1CC(O)C1)c1cc(C2CC2)c(OCC23CC4CC(CC(C4)C2)C3)cc1F,1,MRGAEPZPKCBOGL-UHFFFAOYSA-N,MRGAEPZPKCBOGL,data_nav_dev,CHEMBL3657838,
CC1=C(C=C(C=C1)C(=O)NC2(CC2)C3=NC=CC=N3)C4=C(C5=C(C=C4)OC(=C5C(=O)NC)C6=CC=C(C=C6)F)F,0,LZAUGCMVNLZVJV-UHFFFAOYSA-N,LZAUGCMVNLZVJV,PubChem,59275404,28430437
CCc1ccc(S(=O)(=O)N[C@@H]2c3cc(NC(=O)c4cccc(OC)c4)ccc3C[C@H]2O)cc1,1,KCRNOVULDSNKBZ-DNQXCXABSA-N,KCRNOVULDSNKBZ,data_nav_dev,CHEMBL288131,
O=S(=O)(Nc1ncns1)N1CCc2c(cccc2-c2ccc(C(F)(F)F)cc2C2=CCOCC2)C1,1,GYSVWDCKZQZVGQ-UHFFFAOYSA-N,GYSVWDCKZQZVGQ,data_nav_dev,71736099,71736099
Cc1cccc(C)c1-c1noc(C)c1NC(=O)NCc1c(F)cccc1Cl,0,ONUTZNXIOKRNNW-UHFFFAOYSA-N,ONUTZNXIOKRNNW,CUPID,CUPID,
CS(=O)(=O)NC(=O)C1=C(C=C(C(=C1)C2CC2)OCC3CCN(CC3)CC4=CC(=C(C=C4)C(F)(F)F)Cl)F,1,AUMPIEINVCBDOI-UHFFFAOYSA-N,AUMPIEINVCBDOI,PubChem,118110940,6331
O=C(NC1CCc2ccccc2CC1)N1CCC(c2nc(-c3ccccn3)no2)CC1,1,HRXSTBZYYQOBSY-UHFFFAOYSA-N,HRXSTBZYYQOBSY,data_nav_dev,CHEMBL562926,
CC(C)[C@H]1C2=C(CC[C@@]1(CCN(C)CCCC3=NC4=CC=CC=C4N3)OC(=O)COC)C=C(C=C2)F,1,HBNPJJILLOYFJU-VMPREFPWSA-N,HBNPJJILLOYFJU,PubChem,60663,29116786
CS(=O)(=O)NC(=O)C1=C(C=C(C(=C1)C2CC2)OCC3CCN(CC3)S(=O)(=O)C4=CC=C(C=C4)C(F)(F)F)F,1,LYDHOAKYXXOMFC-UHFFFAOYSA-N,LYDHOAKYXXOMFC,PubChem,118110956,6331
C1CC1C2=CC(=C(C=C2OCC3CCN(CC3)CCC(F)(F)F)F)C(=O)NS(=O)(=O)C4CC4,1,BJFUNBLRTFMCMH-UHFFFAOYSA-N,BJFUNBLRTFMCMH,PubChem,118111059,6331
COC[C@H](C1=CC(=C(C=C1)F)C(F)(F)F)N2CCC(CC2)COC3=CC(=C(C=C3C4CC4)C(=O)NS(=O)(=O)C)F,1,ZVROQFJWLWNYPQ-XMMPIXPASA-N,ZVROQFJWLWNYPQ,PubChem,118110882,6331
COC1=C(C=C(C(=C1)C2=CC(=CC(=C2)F)F)C#N)C3=NC=NC4=C3C=CC(=C4)S(=O)(=O)NC5=NOC=C5,0,BYPNUXJZELXQEE-UHFFFAOYSA-N,BYPNUXJZELXQEE,PubChem,117740111,6331
COC1=NC=C(C=N1)C2=C3C[C@@H](COC3=CC=C2)NC(=O)C4=CN=C(C=C4)OCC(F)(F)F,1,BEZZRZYETXKPJS-HNNXBMFYSA-N,BEZZRZYETXKPJS,PubChem,66813914,22832315
C1CC1C2=CC(=C(N=C2)OC3CCN(CC3)CC4=CC(=C(C=C4C5CC5)C(=O)NS(=O)(=O)C6CC6)F)Cl,1,IVNAEBIOSDTKSX-UHFFFAOYSA-N,IVNAEBIOSDTKSX,PubChem,118120254,6331
C=CC1=C(C(=C(C=C1O[C@H]2CCN(C2)CC3=CC=CC=C3)F)S(=O)(=O)NC4=CSC=N4)F,0,FMZVRXSWFXCISR-INIZCTEOSA-N,FMZVRXSWFXCISR,PubChem,132142313,6331
CS(=O)(=O)NC(=O)C1=CC(=C(C=C1F)O[C@@H]2CC(CN(C2)CC3=C(C=C(C=C3)F)Cl)(F)F)Cl,1,CWYLILBSXDSYQN-CYBMUJFWSA-N,CWYLILBSXDSYQN,PubChem,118120563,6331
C1COC2=C([C@@H]1C3=C(C=C(C=C3)C(F)(F)F)C4=NC=C(C=C4)F)C=CC(=C2)S(=O)(=O)NC5=NN=CC=C5,0,DAVNSKGDQYFIMM-IBGZPJMESA-N,DAVNSKGDQYFIMM,PubChem,126650537,6331
N#Cc1cc(C(F)(F)F)ccc1N1CCOc2cc(S(=O)(=O)Nc3cscn3)ccc21,1,BUFOXSJYCUEBSN-UHFFFAOYSA-N,BUFOXSJYCUEBSN,data_nav_dev,CHEMBL3952857,
O=C(NCCN1CCOc2ccc(-c3ccc(OC(F)(F)F)cc3)cc2C1=O)c1ncccn1,1,RPXNJCVSRBNJHA-UHFFFAOYSA-N,RPXNJCVSRBNJHA,data_nav_dev,CHEMBL3951246,
Cc1ccc2nc(N3CCC(NC4CCOCC4)CC3)c(-c3nc(C)no3)cc2c1,1,JHRCZIKHMOJCKF-UHFFFAOYSA-N,JHRCZIKHMOJCKF,data_nav_dev,CHEMBL4440935,
COc1cccnc1CC1COc2ccc(-c3ccc(OC(F)(F)F)cc3)cc2C(=O)N1,1,GPKBBEYQIOUQTL-UHFFFAOYSA-N,GPKBBEYQIOUQTL,data_nav_dev,CHEMBL3894313,
O=C1c2cc(-c3ccc(C(F)(F)F)s3)ccc2OCCN1Cc1ncccn1,1,SEZRTIZCSSXZLK-UHFFFAOYSA-N,SEZRTIZCSSXZLK,data_nav_dev,CHEMBL3955715,
C1CN(CCC1N2C3=CC=CC=C3NC2=O)CCCC(C4=CC=C(C=C4)F)C5=CC=C(C=C5)F,1,YVUQSNJEYSNKRX-UHFFFAOYSA-N,YVUQSNJEYSNKRX,PubChem,16362,21300721
O=C1c2cc(-c3ccc(OC4CC4)cc3)ccc2OCCN1Cc1ncccn1,1,MCTNBRWAIBGPHT-UHFFFAOYSA-N,MCTNBRWAIBGPHT,data_nav_dev,CHEMBL3928173,
C[C@H](C1=C(C=CC(=C1)Cl)F)N2CCC(CC2)OC3=C(C=C(C=C3)S(=O)(=O)NC4=CSC=N4)Cl,1,XNMIMMFMQQTEOA-CQSZACIVSA-N,XNMIMMFMQQTEOA,PubChem,132142758,6331
CNCCN(C)C1=C(C=CC(=C1)C(F)(F)F)NC2=CC(=C(C=C2Cl)S(=O)(=O)NC3=CSC=N3)F,1,DCWUXXOCLXFRRQ-UHFFFAOYSA-N,DCWUXXOCLXFRRQ,PubChem,129136306,6331
C1CC1C2=CC(=C(C=C2OCC3CCN(CC3)S(=O)(=O)C4=CC=C(C=C4)C(F)(F)F)F)C(=O)NS(=O)(=O)C5CC5,1,RCAXTKUIFXSBJK-UHFFFAOYSA-N,RCAXTKUIFXSBJK,PubChem,118120412,6331
COC1=C(C=C(C(=C1)C2=CC(=C(C=C2)F)Cl)C#N)C3=NC=CC4=C3C=CC(=C4)S(=O)(=O)NC5=NOC=C5,0,GLRLMOXXXJWFOP-UHFFFAOYSA-N,GLRLMOXXXJWFOP,PubChem,121333918,6331
CS(=O)(=O)NC(=O)C1=C(C=C(C(=C1)C2CC2)OCC3CN(C3)C(C4=CC=CC=C4)C5=CC(=CC=C5)F)F,1,IFDPBGSKIYDBHV-UHFFFAOYSA-N,IFDPBGSKIYDBHV,PubChem,118110767,6331
C1C[C@@H]([C@H](OC1)C2=CC=CC=C2)CNC3=CC(=C(C=C3Cl)S(=O)(=O)NC4=NC=CS4)F,1,ILRYYTDUGVPGAN-FOIQADDNSA-N,ILRYYTDUGVPGAN,PubChem,137661956,28818462
O=C1c2cc(/C=C/c3ccc(C(F)(F)F)cc3)ccc2OCCN1Cc1ccccc1,1,BLUNPTAYXGVJEO-VOTSOKGWSA-N,BLUNPTAYXGVJEO,data_nav_dev,CHEMBL3911122,
C1=CC=C(C(=C1)N2C3=C(C=C(C=C3)F)C(=N2)OCCN4C=CN=C4)F,1,QLEMAKXGMGBFET-UHFFFAOYSA-N,QLEMAKXGMGBFET,PubChem,127046799,27015369
COc1cnc(N2CCOc3cc(S(=O)(=O)Nc4nccs4)ccc32)c(OC)c1,1,CVOCTPVLHFXKLG-UHFFFAOYSA-N,CVOCTPVLHFXKLG,data_nav_dev,CHEMBL3972706,
C1COC[C@H]1OC2=C(C=CC(=C2)C(F)(F)F)[C@@H]3CCOC4=C3C=CC(=C4)S(=O)(=O)NC5=NC=CC=N5,0,XVLOCTFRMKGBMW-FUHWJXTLSA-N,XVLOCTFRMKGBMW,PubChem,126650096,6331
C1C[C@H]2CC(C[C@@H]1N2CC3=C(C(=CC(=C3)C(F)(F)F)Cl)F)COC4=CC(=C(C=C4C5CC5)C(=O)NS(=O)(=O)C6CC6)F,1,WXFLUTLJETXITM-DFVIVQSZSA-N,WXFLUTLJETXITM,PubChem,118120200,6331
CS(=O)(=O)NC(=O)C1=C(C=C(C(=C1)C2CC2)OCC3CN(C3)[C@H](C4=CC=CC=C4)C5=CN=CC=C5)F,1,UKJAFWJAHPMAKD-AREMUKBSSA-N,UKJAFWJAHPMAKD,PubChem,118111392,6331
CCC1=C(C(=CC=C1)CC)NC(=O)NC(=NCC)N,1,VHGRQUGTHVVVTE-UHFFFAOYSA-N,VHGRQUGTHVVVTE,PubChem,13023375,35044775
C[C@@]12C[C@@H]3CN=C(N[C@@]3([C@@](O1)(C[C@@H]2O)O)C)N,0,GSHLUMHAOZPLEX-GAOFYXTMSA-N,GSHLUMHAOZPLEX,PubChem,162677246,32896120
CN([C@H]1CCN(C1)CC2=C(C=CC=C2F)F)C3=C(C=C(C=C3)S(=O)(=O)NC4=NC=NS4)Cl,0,KERYXTVEUYGQCE-ZDUSSCGKSA-N,KERYXTVEUYGQCE,PubChem,132141620,6331
O=C(NS(=O)(=O)N1CC(F)C1)c1cc(C2CC2)c(OCC23CC4CC(CC(C4)C2)C3)cc1F,1,UTICZDOENGIDOA-UHFFFAOYSA-N,UTICZDOENGIDOA,data_nav_dev,90015886,90015886
COc1ncc(-c2cccnc2CCNC(=O)c2ccc(OCCC(F)(F)F)nc2)cn1,0,KXPIWOKFJNDYEG-UHFFFAOYSA-N,KXPIWOKFJNDYEG,CUPID,CUPID,
C1C[C@H]2CC(C[C@@H]1N2CC3=CC(=C(C=C3C4CC4)C(=O)N)F)OC5=CC(=CC(=C5)Cl)Cl,1,PJPZLNSZJCAXGK-UFRUDQCGSA-N,PJPZLNSZJCAXGK,PubChem,118120754,6331
Cc1ccc(C(C)C)c(N2CCOc3cc(S(=O)(=O)Nc4nccs4)ccc32)c1,1,BWIJRPIRWUTHTB-UHFFFAOYSA-N,BWIJRPIRWUTHTB,data_nav_dev,CHEMBL3913628,
C1COCCN1C2=C(C=CC=C2NC(=O)C3=CC=CC(=C3)C4=CC=CC=N4)C(F)(F)F,1,AFULOBBVYHAEMW-UHFFFAOYSA-N,AFULOBBVYHAEMW,PubChem,137649075,28684121
CC1=CC(=CC(=C1)Cl)C2=CC(=C(C=C2C#N)C3=NC=CC4=C3C=CC(=C4)S(=O)(=O)NC5=NN=CS5)OC,0,XQOPHCPZFWSIBR-UHFFFAOYSA-N,XQOPHCPZFWSIBR,PubChem,117741853,6331
N#Cc1ccc(C(C(=O)NCC2CC2)N2CC3CCC(C2)N3C(=O)c2cc(F)cc(F)c2)cc1,0,PKVNQSWFNLYRTM-UHFFFAOYSA-N,PKVNQSWFNLYRTM,CUPID,CUPID,
CC1=C(C=CC=C1NC(=O)C)NC2=NC(=NC=N2)N3CCC(CC3)OC4=CC=C(C=C4)OC(F)(F)F,1,JFTTWRHSUYMBCX-UHFFFAOYSA-N,JFTTWRHSUYMBCX,PubChem,53362559,21634377
CC1=CC=C(O1)CN2CC[C@@H](C2)N(C)C3=CC(=C(C=C3C)S(=O)(=O)NC4=CSC=N4)F,0,KNEJGFDKABZVQJ-INIZCTEOSA-N,KNEJGFDKABZVQJ,PubChem,132141404,6331
[N-]=[N+]=Nc1ccc(N2CCOc3cc(S(=O)(=O)Nc4nccs4)ccc32)c(Br)c1,1,KSKVPCKKKJJWTF-UHFFFAOYSA-N,KSKVPCKKKJJWTF,data_nav_dev,89761417,89761417
C1CN(CCC12C3=CC=CN3C4=C(N2)C=C(C=C4)C(F)(F)F)C(=O)C5=CC=C(C=C5)C#N,1,IFZNYDPKBDZQOV-UHFFFAOYSA-N,IFZNYDPKBDZQOV,PubChem,70814308,25113934
COc1cc(-c2ccc(F)c(F)c2)c(F)cc1-c1nccc2cc(S(=O)(=O)Nc3nncs3)ccc12,0,CNGCTKFREVFEEY-UHFFFAOYSA-N,CNGCTKFREVFEEY,CUPID,CUPID,
C1C[C@H]2CC(C[C@@H]1N2CC3=C(C=CC(=C3)C(F)(F)F)Cl)COC4=CC(=C(C=C4C5CC5)C(=O)NS(=O)(=O)C6CC6)F,1,HDQYQOWHBKXUCR-QKUVIELKSA-N,HDQYQOWHBKXUCR,PubChem,118120263,6331
CC1(CCN(C1)CC2=CC=CC=C2)N(C)C3=C(C=C(C=C3)S(=O)(=O)NC4=NC=CS4)Cl,0,OFKCOGYFJSZGET-UHFFFAOYSA-N,OFKCOGYFJSZGET,PubChem,132141909,6331
C1=CC(=CC=C1C2=NC3=C(C=NN3C=C2)C(F)(F)F)OC(F)(F)F,1,UHIZWTGIFVJXTR-UHFFFAOYSA-N,UHIZWTGIFVJXTR,PubChem,127045496,27080178
Cn1cc(-c2ccc(C(F)(F)F)cc2C2=CCNCC2)c2ccc(S(=O)(=O)Nc3ncns3)cc21,1,OIKCTIPDHMRZCY-UHFFFAOYSA-N,OIKCTIPDHMRZCY,data_nav_dev,71259363,71259363
C1CN(C[C@@H]1NC2=C(C=C(C=C2)S(=O)(=O)NC3=NC=CS3)Cl)CC4=CC=CC=C4,0,SJLWHSFIDHSHQA-MRXNPFEDSA-N,SJLWHSFIDHSHQA,PubChem,132141742,6331
CS(=O)(=O)NC(=O)C1=C(C=C(C(=C1)C2CC2)OCC3CCN(CC3)S(=O)(=O)C4COC4)F,1,QMWUMWURLGNKHD-UHFFFAOYSA-N,QMWUMWURLGNKHD,PubChem,118111175,6331
CS(=O)(=O)NC(=O)C1=C(C=C(C(=C1)C2CC2)O[C@@H]3CCCN(C3)C4=NC=C(C=C4)C(F)(F)F)F,1,OAHIMSPLYGQQRM-OAHLLOKOSA-N,OAHIMSPLYGQQRM,PubChem,118111268,6331
COc1cc(OCC(C)C)ccc1-c1nccc2cc(S(=O)(=O)Nc3ccncn3)ccc12,0,IININTSZAMXOMH-UHFFFAOYSA-N,IININTSZAMXOMH,CUPID,CUPID,
C1C(CC12COC2)NC3=CC(=C(C=C3Cl)S(=O)(=O)NC4=NC=CS4)F,1,WJAUGBYKEAKDEA-UHFFFAOYSA-N,WJAUGBYKEAKDEA,PubChem,137644816,28818462
Cn1cc(-c2ccc(C(F)F)cc2)c2ccc(C(=O)NS(=O)(=O)C3CC3)cc21,0,IRYIUGRBRQKYQO-UHFFFAOYSA-N,IRYIUGRBRQKYQO,CUPID,CUPID,
COc1ccc(N2CCOc3cc(S(=O)(=O)Nc4ncns4)ccc32)cc1,1,VEZJEWXCMWVSCZ-UHFFFAOYSA-N,VEZJEWXCMWVSCZ,data_nav_dev,71712117,71712117
O=S(=O)(Nc1cc(Cl)ncn1)c1ccc2c(c1)OCCN2c1ccc(C(F)(F)F)cc1Cl,1,KONKYTZJYGLHBT-UHFFFAOYSA-N,KONKYTZJYGLHBT,data_nav_dev,CHEMBL3896276,
C1=CC=C2C(=C1)C(N(C2=O)CCC3=NC=C(C=C3)F)C(=O)NCC4=CC=C(C=C4)OC(F)(F)F,1,BTTKDIOGEICZEV-UHFFFAOYSA-N,BTTKDIOGEICZEV,PubChem,60201085,22770500
CN([C@H]1CCN(C1)CC2=CC(=CC=C2)C(F)F)C3=CC(=C(C=C3Cl)S(=O)(=O)NC4=CSC=N4)F,1,AFTCRFPZFHGUPA-INIZCTEOSA-N,AFTCRFPZFHGUPA,PubChem,132141866,6331
CCOC(=O)c1cccc(CN2CCOc3ccc(-c4ccc(OC(F)(F)F)cc4)cc3C2=O)c1,1,PQCYIMBRJIUHBN-UHFFFAOYSA-N,PQCYIMBRJIUHBN,data_nav_dev,CHEMBL3915960,
COC1=C(C=CC(=C1)C2=CC(=CC(=C2)F)F)C3=NC=CC4=C3C=CC(=C4)S(=O)(=O)NC5=NSN=C5,0,HXZNGNARIZVEDE-UHFFFAOYSA-N,HXZNGNARIZVEDE,PubChem,139208228,6331
O=S(=O)(Nc1ncns1)N1CCc2c(cccc2-c2ccc(Cl)cc2F)C1,1,RXYLBOFIYXBJMZ-UHFFFAOYSA-N,RXYLBOFIYXBJMZ,data_nav_dev,71735937,71735937
C1CN(C[C@H]([C@H]1OC2=CC(=C(C=C2Cl)S(=O)(=O)NC3=CSC=N3)F)F)CC4=CC(=CC=C4)C(F)F,1,GCNQJLKUJJVUDY-MSOLQXFVSA-N,GCNQJLKUJJVUDY,PubChem,132142215,6331
C1CN(C[C@@H]1NC2=C(C=C(C=C2)S(=O)(=O)NC3=NC=CS3)Cl)CC4=CC(=CC=C4)Cl,1,HZPTZJQNSFSZKU-MRXNPFEDSA-N,HZPTZJQNSFSZKU,PubChem,132141501,6331
O=S(=O)(Nc1ccc(F)cn1)c1cc(F)c(OC[C@@H]2CNCC[C@H]2c2ccc(Cl)cc2)cc1F,1,VIKCAELOKQWDBV-YJBOKZPZSA-N,VIKCAELOKQWDBV,data_nav_dev,CHEMBL3325546,
C1CC1C2=CC(=C(C=C2CN3C[C@@H]4C[C@H]3CN4S(=O)(=O)C5=CC(=CC(=C5)Cl)Cl)F)C(=O)N,1,FCTRCSDOQULOAY-IRXDYDNUSA-N,FCTRCSDOQULOAY,PubChem,118120404,6331
CN1C(=CC=N1)C2=C(C=CC(=C2)Cl)[C@H]3CCOC4=C3C=CC(=C4)S(=O)(=O)NC5=NC(=CC=C5)F,0,SNSMIFMHMXCPQI-GOSISDBHSA-N,SNSMIFMHMXCPQI,PubChem,126668467,6331
CCCCN(CCCC)C(=O)CN1C[C@H](c2cc(OC)c3c(c2)OCO3)[C@@H](C(=O)O)[C@@H]1CC(C)(C)CCC,1,OAEWNSKRLBVVBV-QSEAXJEQSA-N,OAEWNSKRLBVVBV,data_nav_dev,CHEMBL111612,
O=S(=O)(Nc1ncns1)c1ccc2c(c1)OCCN2c1cccc2ncccc12,1,ZHRHGJXIFPIJLH-UHFFFAOYSA-N,ZHRHGJXIFPIJLH,data_nav_dev,71712047,71712047
COc1cc2nnc(C(N)=O)c(Nc3ccc(C)cc3F)c2cc1N1CCN(S(C)(=O)=O)CC1,0,ZXYGWQHDDCMWDI-UHFFFAOYSA-N,ZXYGWQHDDCMWDI,CUPID,CUPID,
O=S(=O)(Nc1nncs1)c1cc(F)c(OC2CCN(CC(F)(F)F)CC2c2ccccc2)cc1F,0,MOXSIEYQTDPKRO-UHFFFAOYSA-N,MOXSIEYQTDPKRO,CUPID,CUPID,
CS(=O)(=O)NC(=O)C1=C(C=C(C(=C1)C2CC2)O[C@@H]3CCCN(C3)CC4=CC(=CC=C4)OC(F)(F)F)F,1,ZHTUHCKSYHDWAK-GOSISDBHSA-N,ZHTUHCKSYHDWAK,PubChem,118111220,6331
O=C1c2cc(-c3ccc(C(F)(F)F)cc3F)ccc2OCCN1Cc1ncccc1F,1,CHDCRQAUZJEGAJ-UHFFFAOYSA-N,CHDCRQAUZJEGAJ,data_nav_dev,CHEMBL3983055,
CC1=C(C=CC(=C1)S(=O)(=O)NC2=CSC=N2)N(C)[C@H]3CCN(C3)CC4=CC=CC=C4,0,MEZWQXBTCCBWEV-IBGZPJMESA-N,MEZWQXBTCCBWEV,PubChem,132141466,6331
C1CC2(CCC1CNC3=CC(=C(C=C3Cl)S(=O)(=O)NC4=NC=CS4)F)OCCO2,1,AHSYZDMXZZIITC-UHFFFAOYSA-N,AHSYZDMXZZIITC,PubChem,137652684,28818462
C1COC(CO1)CNC2=CC(=C(C=C2Cl)S(=O)(=O)NC3=NC=CS3)F,1,FBZQUICLUFAFPQ-UHFFFAOYSA-N,FBZQUICLUFAFPQ,PubChem,134477051,28818462
COc1cc(-c2cn(C)c3cc(C(=O)NS(C)(=O)=O)ccc23)cnc1OCC(C)C,0,VDONYMWVAWWVER-UHFFFAOYSA-N,VDONYMWVAWWVER,CUPID,CUPID,
O=S(=O)(Nc1nccs1)c1ccc2c(c1)OCCN2c1ccc(Cl)c(Cl)c1,1,ZACMRIYLOCZVHJ-UHFFFAOYSA-N,ZACMRIYLOCZVHJ,data_nav_dev,71711766,71711766
C1CC1CS(=O)(=O)C2=NC(=NN2)C3=C(C=C(C(=C3)F)C4=CC(=C(N=C4)OC5=C(C=C(C=C5)F)Cl)Cl)F,1,WQDSTRSXRJYKJI-UHFFFAOYSA-N,WQDSTRSXRJYKJI,PubChem,145960602,29709252
CC1([C@H]2CC[C@@H]([C@@H]1C2)COC3=C(C=C(C(=C3)F)C(=O)NS(=O)(=O)C)Cl)C,1,PFDGMDBCUUBXKJ-MDZLAQPJSA-N,PFDGMDBCUUBXKJ,PubChem,86702830,6331
COC1=C(C=C(C(=C1)C2=CC=C(C=C2)C(F)(F)F)C#N)C3=NC=CC4=C3C=CC(=C4)S(=O)(=O)NC5=NN=CS5,0,KYLHYLMIJWPGDF-UHFFFAOYSA-N,KYLHYLMIJWPGDF,PubChem,117740592,6331
CC1=C(C(=NO1)C2=C(C=CC=C2Cl)Cl)NC(=O)OCC3=CN=C(C=C3)OC(C)C,1,KHTOJAKOSMDONB-UHFFFAOYSA-N,KHTOJAKOSMDONB,PubChem,25204472,21641215
COC1=C(C=C(C(=C1)C2=CC(=CC=C2)F)C#N)C3=NC=CC4=C3C=CC(=C4)S(=O)(=O)NC5=NC=NC=C5,0,KHQUZJHRFAPRBS-UHFFFAOYSA-N,KHQUZJHRFAPRBS,PubChem,121333880,6331
N#Cc1ccc(Cn2ccc(NC(=O)Cc3ccc(C4(C(F)(F)F)CC4)cc3)n2)nc1,1,LSYANGLAZUZYFX-UHFFFAOYSA-N,LSYANGLAZUZYFX,data_nav_dev,CHEMBL4217292,
C[C@@]12CC3=CNC(=N[C@@]3([C@@](O1)(C[C@@H]2O)O)C)N,0,MJEJONUTPCTFCS-ASXGKARISA-N,MJEJONUTPCTFCS,PubChem,162669146,32896120
CC1=C(C(=CC=C1)CN2CC[C@@H](C2)N(C)C3=CC(=C(C=C3C)S(=O)(=O)NC4=CSC=N4)F)F,0,SFYUPMFOEIBHEO-SFHVURJKSA-N,SFYUPMFOEIBHEO,PubChem,132141365,6331
C1CCC(CC1)CN2CCC[C@H](C2)OC3=CC(=C(C=C3C4CC4)C(=O)NS(=O)(=O)N5CCC5)F,1,XLJRFBSIYCBWRX-HXUWFJFHSA-N,XLJRFBSIYCBWRX,PubChem,118120220,6331
O=C(NCc1ccc(OC(F)(F)F)cc1)C1c2cccc(O)c2C(=O)N1CCc1ncc(F)cn1,1,LPQIVQULTGLWTO-UHFFFAOYSA-N,LPQIVQULTGLWTO,data_nav_dev,60201257,60201257
Cn1cc(-c2ccccc2)c2ccc(C(=O)NS(C)(=O)=O)cc21,0,YTBSWKZXZGXSBM-UHFFFAOYSA-N,YTBSWKZXZGXSBM,CUPID,CUPID,
C1COC2=C([C@H]1C3=C(C=C(C=C3)C(F)(F)F)N4CCOCC4)C=CC(=C2)S(=O)(=O)NC5=NC=NC=C5,1,KQJDXTLVXINOPH-GOSISDBHSA-N,KQJDXTLVXINOPH,PubChem,135193620,32368909
CN(c1ccc(OC(F)(F)F)cc1)c1ccc2c(c1)C(=O)N(Cc1ncccn1)CCO2,1,HOUMFTGYZNTBEQ-UHFFFAOYSA-N,HOUMFTGYZNTBEQ,data_nav_dev,CHEMBL3932876,
COc1nc(-c2cccc(F)c2)c(Cl)cc1-c1nccc2cc(S(=O)(=O)Nc3nncs3)ccc12,0,LHDUXFYCCLJXTC-UHFFFAOYSA-N,LHDUXFYCCLJXTC,CUPID,CUPID,
C[C@H](C1=CC(=CC(=C1)Cl)Cl)N2CC(C2)(C)COC3=CC(=C(C=C3C4CC4)C(=O)NS(=O)(=O)C)F,1,VBKZDPSLLFEXQC-CQSZACIVSA-N,VBKZDPSLLFEXQC,PubChem,118111374,6331
Cc1cc(-c2ccc(C(=O)C3CCCCC3C(=O)Nc3cnn(C)c3S(N)(=O)=O)cc2)[nH]n1,0,IVYACETTWFJKQK-UHFFFAOYSA-N,IVYACETTWFJKQK,CUPID,CUPID,
CCc1ccc(-c2cn(C)c3cc(C(=O)NS(C)(=O)=O)ccc23)cc1,0,WFHMYKDPZFLJNW-UHFFFAOYSA-N,WFHMYKDPZFLJNW,CUPID,CUPID,
COc1cc(OC)nc(CN2CCOc3ccc(-c4ccc(OC(F)(F)F)cc4)cc3C2=O)n1,1,DQWRYVSFYIEJNJ-UHFFFAOYSA-N,DQWRYVSFYIEJNJ,data_nav_dev,CHEMBL3906173,
C1C[C@H](CN(C1)C2=CC=CC=C2)OC3=CC(=C(C=C3C4CC4)C(=O)NS(=O)(=O)C5CC5)F,1,FFZKPELTKHHAGW-GOSISDBHSA-N,FFZKPELTKHHAGW,PubChem,118110877,6331
C[C@H](C1=NC(=C(C=C1)Cl)C2CC2)N3CCC[C@H](C3)OC4=CC(=C(C=C4C5CC5)C(=O)NS(=O)(=O)C)F,1,CIXVIWMKNATLIZ-CRAIPNDOSA-N,CIXVIWMKNATLIZ,PubChem,118120626,6331
C1CCC(CC1)CN2CCC(CC2)OC3=C(C=C(C=C3)S(=O)(=O)NC4=NC=CS4)Cl,0,ONLCGHOIAPAMBN-UHFFFAOYSA-N,ONLCGHOIAPAMBN,PubChem,132141786,6331
CC(C)COc1ccc(-c2nn(C)c3cc(C(=O)NS(C)(=O)=O)ccc23)cn1,0,NRMRBIFNVWTRMX-UHFFFAOYSA-N,NRMRBIFNVWTRMX,CUPID,CUPID,
CN([C@H]1CCN(C1)CC2=CC(=CC=C2)OC(F)F)C3=CC(=C(C=C3Cl)S(=O)(=O)NC4=CSC=N4)F,1,RTOZKVQGOAVZPC-HNNXBMFYSA-N,RTOZKVQGOAVZPC,PubChem,132141455,6331
CC1=C(C=C(C=C1)OC2=C(C=C(C=N2)C3=CC(=C(C=C3OC)C(=O)NS(=O)(=O)C)F)Cl)F,1,FILZCOCMQPWRNL-UHFFFAOYSA-N,FILZCOCMQPWRNL,PubChem,122422479,6331
CSc1ccc([C@H]2N=C(OCc3ccc(NS(C)(=O)=O)cc3)N(C)Cc3ccccc32)cc1.Cl,0,DINDRDOFKXNRRM-GJFSDDNBSA-N,DINDRDOFKXNRRM,data_nav_dev,CHEMBL2093896,
C[C@H](C1=C(C=C(C=C1)Cl)Cl)N2CCC(CC2)(C)COC3=CC(=C(C=C3C4CC4)C(=O)NS(=O)(=O)C)F,1,GRFFUKNFLUHFHE-MRXNPFEDSA-N,GRFFUKNFLUHFHE,PubChem,118111477,6331
CCC[C@@H](CN[C@@H]1COc2ccccc2SC1)CSc1ccccc1OC,1,LXJJADVJFPDNAQ-ZWKOTPCHSA-N,LXJJADVJFPDNAQ,data_nav_dev,CHEMBL452552,
C1COC2=C([C@H]1C3=C(C=C(C=C3)C(F)(F)F)N4C=CC=N4)C=CC(=C2)S(=O)(=O)NC5=NC(=CC=C5)F,0,SEIKHGDFAOHDHG-QGZVFWFLSA-N,SEIKHGDFAOHDHG,PubChem,135193614,6331
COc1c(N2CC3CCCNC3C2)c(F)cc2c(=O)c(C(=O)O)cn(C3CC3)c12,0,FABPRXSRWADJSP-UHFFFAOYSA-N,FABPRXSRWADJSP,CUPID,CUPID,
CC1=CC=CC=C1C2=CC(=C(C=C2C#N)C3=NC=CC4=C3C=CC(=C4)S(=O)(=O)NC5=NC=NC=C5)OC,0,CQEUFUBYLDHLKM-UHFFFAOYSA-N,CQEUFUBYLDHLKM,PubChem,121333977,6331
C1COC2=C([C@H]1C3=C(C=C(C=C3)C(F)(F)F)N4CCOC4=O)C=CC(=C2)S(=O)(=O)NC5=NC=C(C=N5)F,0,QSLFPVFAVRXBEQ-MRXNPFEDSA-N,QSLFPVFAVRXBEQ,PubChem,126668928,6331
CN(C)CCCN1C2=CC=CC=C2SC3=C1C=C(C=C3)Cl,1,ZPEIMTDSQAKGNT-UHFFFAOYSA-N,ZPEIMTDSQAKGNT,PubChem,2726,21300721
C1=CC=C2C(=C1)C(N(C2=O)CC3=NC=C(C=C3)C(F)(F)F)C(=O)NCC4=CC=C(C=C4)OC(F)(F)F,1,HBLGPSSIZOQBCW-UHFFFAOYSA-N,HBLGPSSIZOQBCW,PubChem,44544950,22770500
C1CC1C2=CC(=C(C=C2CN3CCC(CC3)OCC4=C(C=C(C=C4)F)Cl)F)C(=O)NS(=O)(=O)C5CC5,1,JBECBHNSFAXSII-UHFFFAOYSA-N,JBECBHNSFAXSII,PubChem,118120309,6331
C1=CC(=CC(=C1)F)C2=CC(=C(C=C2)C3=NC=CC4=C3C=CC(=C4)S(=O)(=O)NC5=NOC=C5)OCC#N,0,GXHPWECGZIIXCT-UHFFFAOYSA-N,GXHPWECGZIIXCT,PubChem,121333867,6331
COc1ccc(OC)c(N2CCOc3cc(S(=O)(=O)Nc4nccs4)ccc32)c1,1,WTALDRGXRVYDCW-UHFFFAOYSA-N,WTALDRGXRVYDCW,data_nav_dev,89761430,89761430
CN1C2=C(C=C(C=C2)C(=O)N3CCC4(CC3)C5=CC=CN5C6=C(N4)C=C(C=C6)OC)C=N1,1,KKTWWKRTTJOZAV-UHFFFAOYSA-N,KKTWWKRTTJOZAV,PubChem,118714784,25288187
CC1=CC(=C(C=C1N(C)[C@H]2CCN(C2)CC3=NC=C(S3)Cl)F)S(=O)(=O)NC4=CSC=N4,0,DNVKGIJYPXUCCW-ZDUSSCGKSA-N,DNVKGIJYPXUCCW,PubChem,132141398,6331
CC(C)(Cc1ccccn1)n1c(O)c2ccccc2c1C(=O)NCc1ccc(OC(F)(F)F)cc1,0,OMGDMAXBDCLUTG-UHFFFAOYSA-N,OMGDMAXBDCLUTG,CUPID,CUPID,
O=S(=O)(Nc1nccs1)c1ccc2c(c1)OCCN2c1ccc(C(F)(F)F)cc1-c1cncnc1,1,BDPIGJCLXMOTDZ-UHFFFAOYSA-N,BDPIGJCLXMOTDZ,data_nav_dev,89761620,89761620
COC1=C(C=C(C(=C1)C2=CC(=CC=C2)C(F)(F)F)C#N)C3=NC=CC4=C3C=CC(=C4)S(=O)(=O)NC5=NOC=N5,0,VUYSESGETSOLEL-UHFFFAOYSA-N,VUYSESGETSOLEL,PubChem,117741732,6331
Cc1ccnc(NC(=O)c2ccc(-c3ccc(Cl)cc3)o2)c1,1,NDSSZZIINCIIEA-UHFFFAOYSA-N,NDSSZZIINCIIEA,data_nav_dev,CHEMBL250048,
OCCOCCN1CCN(C2=Nc3ccccc3Sc3ccccc32)CC1,0,URKOMYMAXPYINW-UHFFFAOYSA-N,URKOMYMAXPYINW,CUPID,CUPID,
Cn1nccc1[C@H]1CCC[C@@H]1Oc1cc(F)c(S(=O)(=O)Nc2ccncn2)cc1Cl,0,IQETYCXHLGJUJR-WBMJQRKESA-N,IQETYCXHLGJUJR,data_nav_dev,89963023,89963023
CN(C)C1=C(C=CC(=C1)C(=O)N2CCC3(CC2)C4=CC=CN4C5=C(N3)C=C(C=C5)OC)OC,1,CSGMIVCOTWOCPC-UHFFFAOYSA-N,CSGMIVCOTWOCPC,PubChem,49831248,25113934
Cn1cc(C2CCN(C(=O)NC3CC3c3ccccc3)CC2)nn1,1,RQDRWTLKQRNDSG-UHFFFAOYSA-N,RQDRWTLKQRNDSG,data_nav_dev,CHEMBL562869,
O=C(NS(=O)(=O)N1CC[C@H](O)C1)c1cc(C2CC2)c(OCC23CC4CC(CC(C4)C2)C3)cc1F,1,IMUKSSQOUCDNFP-JWDGYQHVSA-N,IMUKSSQOUCDNFP,data_nav_dev,72546153,72546153
O=S(=O)(Nc1ncns1)c1ccc2c(c1)OCCN2c1ccccc1,1,ZETMOAGOQXDKOL-UHFFFAOYSA-N,ZETMOAGOQXDKOL,data_nav_dev,CHEMBL3931583,
COC1=C(C=CC(=C1)C2=CC(=CC(=C2)F)F)C3=NC=CC4=C3C=CC(=C4)S(=O)(=O)NC5=NC=C(C=N5)F,0,DANYLPHYCRQBGY-UHFFFAOYSA-N,DANYLPHYCRQBGY,PubChem,117740322,6331
C1C[C@H](CN(C1)C2=CC(=CC(=C2)Cl)Cl)OC3=CC(=C(C=C3C4CC4)C(=O)NS(=O)(=O)N5CCC5)F,1,IYBJMZJVXZATTH-LJQANCHMSA-N,IYBJMZJVXZATTH,PubChem,118353800,6331
[N-]=[N+]=Nc1ccc(N2CCOc3cc(S(=O)(=O)Nc4nccs4)ccc32)c(C2=CCNCC2)c1,1,YSNZMBYZTBLRKF-UHFFFAOYSA-N,YSNZMBYZTBLRKF,data_nav_dev,71711624,71711624
COc1cc(-c2ccc(F)c(C)c2)ccc1-c1nccc2cc(S(=O)(=O)Nc3ccncn3)ccc12,0,KBNACCSNBNOEOR-UHFFFAOYSA-N,KBNACCSNBNOEOR,CUPID,CUPID,
N#Cc1cc(-c2ccc(F)cc2)ccc1N1CCOc2cc(S(=O)(=O)Nc3nccs3)ccc21,1,DPGGLWZLGNNQIP-UHFFFAOYSA-N,DPGGLWZLGNNQIP,data_nav_dev,89762630,89762630
C[C@@H]1C[C@@]2(CCN1C(=O)C3=CC(=C(C=C3)OC)N(C)C)C4=CC=CN4C5=C(N2)C=C(C=C5)OC,1,RQBDEZKHPSZTQC-CLYVBNDRSA-N,RQBDEZKHPSZTQC,PubChem,118714775,25288187
C[C@@H](C1=CC(=CC(=C1)Cl)C(F)(F)F)N2CCC(CC2)(COC3=CC(=C(C=C3C4CC4)C(=O)NS(=O)(=O)C5CC5)F)F,1,MIOCMUVIXNAOHK-INIZCTEOSA-N,MIOCMUVIXNAOHK,PubChem,126726991,6331
CC1(CCC1)NC(=O)CN2CC(C2)CC3=NC4=C(C=C(C=C4N3)C(F)(F)F)C(F)(F)F,0,BJFBDFMAZKAYPR-UHFFFAOYSA-N,BJFBDFMAZKAYPR,PubChem,60194253,6331
O=S(=O)(Nc1ccncn1)c1ccc2c(c1)OCCN2c1ncc(C(F)(F)F)cc1Cl,1,QZKFAPZUVJIKCJ-UHFFFAOYSA-N,QZKFAPZUVJIKCJ,data_nav_dev,CHEMBL3934231,
N#Cc1cc(F)cc(C(=O)N2CCN(C(C(=O)NCC(F)(F)C3CC3)c3ccccc3)CC2)c1,0,FTWNOJFZUPAFDT-UHFFFAOYSA-N,FTWNOJFZUPAFDT,CUPID,CUPID,
CN(C)Cc1ccc2c(c1)CCN(C(=O)c1cc3cc(Cl)ccc3n1C)C2,0,IJLVCMAAMCBQNU-UHFFFAOYSA-N,IJLVCMAAMCBQNU,CUPID,CUPID,
CS(=O)(=O)NC(=O)C1=C(C=C(C(=C1)C2CC2)CN3CCC(CC3)OC4=C(C(=CC(=C4)C(F)(F)F)Cl)F)F,1,GGYHNXFOKNSWSJ-UHFFFAOYSA-N,GGYHNXFOKNSWSJ,PubChem,118353781,6331
O=S(=O)(Nc1nccs1)c1ccc2c(c1)OCCN2c1cncc(Cl)c1,1,VXQQFMOPVFWSMR-UHFFFAOYSA-N,VXQQFMOPVFWSMR,data_nav_dev,CHEMBL3929996,
CC1=C(C(=NO1)C2=C(C=CC=C2Cl)Cl)NC(=O)OCC3=C(C=CC=C3Cl)F,1,CDLLYPQXLGNEQR-UHFFFAOYSA-N,CDLLYPQXLGNEQR,PubChem,2804997,21641215
Cn1cc(C2CCCNC2)c2ccc(C(=O)NS(=O)(=O)C3CC3)cc21,0,HIHSGWZEQXFDMD-UHFFFAOYSA-N,HIHSGWZEQXFDMD,CUPID,CUPID,
C1=CC(=CC=C1NC2=NC=CC(=N2)N)OC3=CC=C(C=C3)OC(F)(F)F,1,VFBZQFVDFIBXGZ-UHFFFAOYSA-N,VFBZQFVDFIBXGZ,PubChem,70691560,22306122
C1CN(CCC1OC2=C(C=C(C=C2)S(=O)(=O)NC3=NC=CS3)Cl)CC4=CC=CC=C4F,1,CRZPYSXBOZZYGI-UHFFFAOYSA-N,CRZPYSXBOZZYGI,PubChem,132141529,6331
N#CCOc1cc(C(F)(F)F)ccc1-c1nccc2cc(S(=O)(=O)Nc3nccs3)ccc12,0,HZKPWICPJWRVGF-UHFFFAOYSA-N,HZKPWICPJWRVGF,CUPID,CUPID,
CC1(CN(C1)C(C2=CC=CC=C2)C3=CC(=CC(=C3)Cl)Cl)COC4=CC(=C(C=C4C5CC5)C(=O)NS(=O)(=O)C6CC6)F,1,IPZMXZLTFKXKRB-UHFFFAOYSA-N,IPZMXZLTFKXKRB,PubChem,118111205,6331
CN1C2=C(C=CC(=C2)C3=C(C(=CC=C3)OC)OCC(F)F)C(=N1)N,0,QKHLTDMSXWVDIC-UHFFFAOYSA-N,QKHLTDMSXWVDIC,PubChem,135313035,6331
C1CN(CCC1OC2=NC=NC3=C2C=CN3CC4=CC=CC=C4)CC5=NC(=CC=C5)F,1,BMIXXIGEPMPTIS-UHFFFAOYSA-N,BMIXXIGEPMPTIS,PubChem,70685269,22318156
CC(C)CC(=O)CN1CCN(c2cccc3c2cnn3-c2ccccc2F)C1=O,0,XTPMCCMBFJVEOA-UHFFFAOYSA-N,XTPMCCMBFJVEOA,CUPID,CUPID,
COC1=C(C=C(C=C1)C2=CC=C(C=C2)C(F)(F)F)C3=NC=CC4=C3C=CC(=C4)S(=O)(=O)NC5=NC=NC=C5,0,GTPVRCDJGMUVPJ-UHFFFAOYSA-N,GTPVRCDJGMUVPJ,PubChem,121333929,6331
CS(=O)(=O)C1=CC=C(C=C1)[C@H](C2=CC=CC=C2)N3CC(C3)COC4=CC(=C(C=C4C5CC5)C(=O)NS(=O)(=O)C)F,1,SDOGULGNBMMVTH-NDEPHWFRSA-N,SDOGULGNBMMVTH,PubChem,118111243,6331
CC1=CC(=C(C=C1N(C)[C@H]2CCN(C2)CC3=CC=CC=C3)F)S(=O)(=O)NC4=CSN=C4,1,LGYWUIZBYUKVPS-IBGZPJMESA-N,LGYWUIZBYUKVPS,PubChem,132141712,6331
CN([C@H]1CCN(C1)CC2=CC(=CC=C2)C(F)F)C3=CC(=C(C(=C3)F)S(=O)(=O)NC4=CSC=N4)F,1,RILHRNHDSBTCFP-INIZCTEOSA-N,RILHRNHDSBTCFP,PubChem,132142343,6331
COC1=CC2=C(C=C1)N3C=CC=C3C4(N2)CCN(CC4)C(=O)C5=CC=CC(=C5)C#N,1,MZAQJHDDZQLINS-UHFFFAOYSA-N,MZAQJHDDZQLINS,PubChem,118710321,25113934
C[C@@H]1CN(CCN1C2=NC=C(C=N2)OCC3=C(C=NC=C3)C#N)C4=NOC(=N4)C(C)C,0,UNGZTVLHLKAKQE-OAHLLOKOSA-N,UNGZTVLHLKAKQE,PubChem,51030711,22545772
CC1=CC(=CC(=C1)CN2CC[C@H](C2)OC3=C(C=C(C=C3)S(=O)(=O)NC4=NC=NS4)Cl)C,0,CQLXOWOUFGKMQJ-QGZVFWFLSA-N,CQLXOWOUFGKMQJ,PubChem,145866028,6331
C[C@H]1CN(CC[C@]12C3=CC=CN3C4=C(N2)C=C(C=C4)OC)C(=O)C5=CC(=C(C=C5)OC)N(C)C,1,RUKSBVHNOBYDMK-XRHLQHRESA-N,RUKSBVHNOBYDMK,PubChem,118714776,25288187
C1COCC1NC2=CC(=C(C=C2Cl)S(=O)(=O)NC3=NC=CS3)F,1,RUYBNJLLFWMLFN-UHFFFAOYSA-N,RUYBNJLLFWMLFN,PubChem,137661762,28818462
C1CN(CCC1OC2=NC=NC3=C2C(=CN3CC4=CC=CC=C4)F)CC5=CSC=N5,1,JAUQXVXTUFWMRU-UHFFFAOYSA-N,JAUQXVXTUFWMRU,PubChem,70685259,22318156
Nc1nc2c(s1)CC(NC(=O)c1ccco1)CC2,0,BQXCSESDVDALSV-UHFFFAOYSA-N,BQXCSESDVDALSV,CUPID,CUPID,
CC(C)(C)OC(=O)N1CC=C(c2cc(C(F)(F)F)ccc2N2CCOc3cc(S(=O)(=O)Nc4ncns4)ccc32)CC1,1,ASWGBGOZLVLEKP-UHFFFAOYSA-N,ASWGBGOZLVLEKP,data_nav_dev,CHEMBL3946087,
CC(C)[C@H]1COc2ccc(-c3ccc(C(F)(F)F)cc3)cc2C(=O)N1,1,ZRKXTKWJNKPHLO-MRXNPFEDSA-N,ZRKXTKWJNKPHLO,data_nav_dev,CHEMBL3948040,
COc1cc2nnc(C(N)=O)c(Nc3ccc(C)cc3F)c2cc1N1CCCN(C)CC1,0,XIGZAONAJMZWKN-UHFFFAOYSA-N,XIGZAONAJMZWKN,CUPID,CUPID,
CC1=CC(=C(C=C1O[C@H]2CCN(C2)CC3=CC=CC=C3)F)S(=O)(=O)NC4=CSC=N4,1,PGBBMWSJJAMUPD-KRWDZBQOSA-N,PGBBMWSJJAMUPD,PubChem,132142001,6331
COc1cc(-c2cccc(F)c2)ccc1-c1nccc2cc(S(=O)(=O)Nc3ccncn3)ccc12,0,DHCYDVCVVGUYEN-UHFFFAOYSA-N,DHCYDVCVVGUYEN,CUPID,CUPID,
CN1C2=C(C=CC(=C2)C3=C(C(=CC=C3)OC)OCC(F)(F)F)C(=N1)N,0,SDZMJHYSMNKQSA-UHFFFAOYSA-N,SDZMJHYSMNKQSA,PubChem,122574415,6331
COCC1(CCN(CC1)CC2=CC(=C(C=C2C3CC3)C(=O)NS(=O)(=O)C)F)C4=CC=C(C=C4)F,1,KNMVQHVUCGKQDT-UHFFFAOYSA-N,KNMVQHVUCGKQDT,PubChem,118110545,6331
CC1=COC(=N1)CN2C(=O)N3C=C(C=CC3=N2)C4=CC=C(C=C4)OC(F)(F)F,1,WKKLMCJUZVSRLP-UHFFFAOYSA-N,WKKLMCJUZVSRLP,PubChem,58044318,27038498
COc1ccc(-c2cccc3c2CCN(S(=O)(=O)Nc2ncns2)C3)c(OC)c1,1,UUQWTXGNMVMFDZ-UHFFFAOYSA-N,UUQWTXGNMVMFDZ,data_nav_dev,71736430,71736430
COc1c(C)cccc1SC[C@@H](C)CN[C@@H]1COc2ccccc2SC1,1,YKVYHKZWVGBQKI-DOTOQJQBSA-N,YKVYHKZWVGBQKI,data_nav_dev,CHEMBL561436,
C[C@H](C1=C(C=C(C=C1)F)Cl)N2CCC[C@H](C2)OC3=CC(=C(C=C3C4CC4)C(=O)NS(=O)(=O)C)F,1,MARFCZKCASKJQG-RHSMWYFYSA-N,MARFCZKCASKJQG,PubChem,118120276,6331
CC(C1=CC=CC=C1)N2CCC(CC2)OC3=C(C=C(C=C3)S(=O)(=O)NC4=NC=CS4)Cl,1,SUOIGKUVNXIDQA-UHFFFAOYSA-N,SUOIGKUVNXIDQA,PubChem,132141350,6331
COC1=C(C=CC(=N1)OCC2CCC(CC2)(F)F)C3=NC=CC4=C3C=CC(=C4)S(=O)(=O)NC5=NC=NC=C5,0,NZKYHJUPGNJTPY-UHFFFAOYSA-N,NZKYHJUPGNJTPY,PubChem,121333961,6331
CC(=O)N[C@H](COC)C(=O)NCC1=CC=C(C=C1)OC2=CC(=CC=C2)OC(F)(F)F,1,ONVRHNBKAGPMCS-GOSISDBHSA-N,ONVRHNBKAGPMCS,PubChem,122181166,25922183
COc1cc(C(F)(F)F)ccc1-c1ncnc2c1CCN(S(=O)(=O)Nc1nccs1)C2,1,SSHUJNUARSWDGM-UHFFFAOYSA-N,SSHUJNUARSWDGM,data_nav_dev,CHEMBL3683248,
C[C@@H](C1=CC=C(C=C1)F)N2CCC[C@H](C2)OC3=CC(=C(C=C3C4CC4)C(=O)NS(=O)(=O)C)F,1,YSAHUUYUAWFVKI-HNAYVOBHSA-N,YSAHUUYUAWFVKI,PubChem,118110741,6331
CC(C)COc1ncc(-c2ccc(C(=O)NS(C)(=O)=O)cc2C2=CCOC2)cc1Cl,0,PGJCCDDVYSTICD-UHFFFAOYSA-N,PGJCCDDVYSTICD,CUPID,CUPID,
CNC1CCN(C1)C2=C(C=CC(=C2)F)NC3=CC=C(C=C3)S(=O)(=O)NC4=CSC=N4,0,LLWQTVQNAIHQFD-UHFFFAOYSA-N,LLWQTVQNAIHQFD,PubChem,129136235,6331
O=C1c2cc(-c3cccc(Oc4ccccc4)c3)ccc2OCCN1Cc1ncccn1,1,XJEIZUSJYVOBBN-UHFFFAOYSA-N,XJEIZUSJYVOBBN,data_nav_dev,CHEMBL3925249,
CNCCN(C)C1=CC=CC=C1NC2=CC(=C(C=C2Cl)S(=O)(=O)NC3=CSC=N3)F,0,XTFYQLJKBAXFAQ-UHFFFAOYSA-N,XTFYQLJKBAXFAQ,PubChem,129135856,6331
CN(C)CCOC(c1ccccc1)c1ccccc1,0,ZZVUWRFHKOJYTH-UHFFFAOYSA-N,ZZVUWRFHKOJYTH,CUPID,CUPID,
O=C(CCc1ccccc1)c1cc(F)ccc1OCC(O)CN1CCN(C(c2ccccc2)c2ccccc2)CC1,1,KTGYQSLCEGJTLM-UHFFFAOYSA-N,KTGYQSLCEGJTLM,data_nav_dev,56643481,56643481
O=C(NCc1cccc(Br)c1)C1c2ccccc2C(=O)N1CCc1ccccn1,0,RERHIKRBDUEBLN-UHFFFAOYSA-N,RERHIKRBDUEBLN,data_nav_dev,CHEMBL2164385,
Nc1[nH]ncc1-c1cc(C(F)(F)F)ccc1Oc1cc(F)c(S(=O)(=O)Nc2cscn2)cc1Cl,0,QCDLGAPJZJODRJ-UHFFFAOYSA-N,QCDLGAPJZJODRJ,CUPID,CUPID,
COc1ccccc1C1NCCOC1Oc1cc(F)c(S(=O)(=O)Nc2ncns2)cc1F,0,SBDKQPIIGWPUDN-UHFFFAOYSA-N,SBDKQPIIGWPUDN,CUPID,CUPID,
CC1=C(C(=CC=C1)CN2CC[C@@H](C2)N(C)C3=C(C=C(C=C3)S(=O)(=O)NC4=NC=NS4)Cl)F,0,HBXUSNVBUUQDFU-INIZCTEOSA-N,HBXUSNVBUUQDFU,PubChem,132141993,6331
CS(=O)(=O)NC(=O)C1=C(C=C(C(=C1)C2CC2)OCC3CCN(CC3)S(=O)(=O)C4=CC(=CC(=C4)Cl)Cl)F,1,CQIIOJNTQPOVRG-UHFFFAOYSA-N,CQIIOJNTQPOVRG,PubChem,118110928,6331
COc1ccc(C#N)c(N2CCOc3cc(S(=O)(=O)Nc4nccs4)ccc32)c1,1,LLTKLHAFFHWEJG-UHFFFAOYSA-N,LLTKLHAFFHWEJG,data_nav_dev,89762612,89762612
Cn1cc(-c2ccc(C(F)F)cc2)c2cc(F)c(C(=O)NS(C)(=O)=O)cc21,0,XLKUKOXKOULLDW-UHFFFAOYSA-N,XLKUKOXKOULLDW,CUPID,CUPID,
CS(=O)(=O)NC(=O)C1=C(C=C(C(=C1)C2CC2)OCC3CCN(CC3)CC4=CC(=CC=C4)F)F,1,ZLWJSZSVEMPEKG-UHFFFAOYSA-N,ZLWJSZSVEMPEKG,PubChem,118120325,6331
COc1ccccc1N1CCOc2cc(S(=O)(=O)Nc3nccs3)ccc21,0,RYLUHGPGZUQBML-UHFFFAOYSA-N,RYLUHGPGZUQBML,CUPID,CUPID,
Cn1cc(C2(C)CCCCO2)c2ccc(C(=O)NS(=O)(=O)C3CC3)cc21,0,FHHDFBLOEQYULL-UHFFFAOYSA-N,FHHDFBLOEQYULL,CUPID,CUPID,
CN([C@H]1CCN(C1)[C@H]2CCC3=CC=CC=C23)C4=C(C(=C(C=C4)S(=O)(=O)NC5=CSC=N5)F)Cl,0,DPHDXIHKQSBLIQ-WMZOPIPTSA-N,DPHDXIHKQSBLIQ,PubChem,132141386,6331
COC1=C(C=C(C(=C1)C2=CC(=CC=C2)F)Cl)C3=C4C=CC(=CC4=NC=C3)S(=O)(=O)NC5=NOC=C5,0,SVNZHJWESUPBBS-UHFFFAOYSA-N,SVNZHJWESUPBBS,PubChem,139208270,6331
CCOc1ccc(-c2ccc3nnc(C(F)(F)F)n3c2)cc1,1,GEIQBHFYPFHOIO-UHFFFAOYSA-N,GEIQBHFYPFHOIO,data_nav_dev,CHEMBL3809942,
CC1=CC(=CC(=C1OC2=C(C=C(C=N2)C3=CC(=C(C=C3C)C(=O)NS(=O)(=O)C4CC4)F)Cl)Cl)Cl,1,DTWJNQKJWMKSFE-UHFFFAOYSA-N,DTWJNQKJWMKSFE,PubChem,117994045,6331
C1CC(CC(=O)C1)CNC2=CC(=C(C=C2Cl)S(=O)(=O)NC3=NC=CS3)F,1,FJTKXDBMWYADJX-UHFFFAOYSA-N,FJTKXDBMWYADJX,PubChem,137657424,28818462
C1CC(CC2(C1)OCCO2)CNC3=CC(=C(C=C3Cl)S(=O)(=O)NC4=NC=CS4)F,1,KMTIXSIYMVUSCD-UHFFFAOYSA-N,KMTIXSIYMVUSCD,PubChem,137640762,28818462
COc1cc(C(F)(F)F)ccc1-c1ccnc2cc(S(=O)(=O)Nc3nccs3)c(F)cc12,1,QGDXUKSKFRFPBU-UHFFFAOYSA-N,QGDXUKSKFRFPBU,data_nav_dev,CHEMBL3687594,
COc1cc(C(F)F)c(F)cc1-c1ncnc2cc(S(=O)(=O)Nc3cscn3)ccc12,0,JCDYSABFIIBLPS-UHFFFAOYSA-N,JCDYSABFIIBLPS,CUPID,CUPID,
CS(=O)(=O)NC(=O)C1=C(C=C(C(=C1)C2CC2)O[C@@H]3CCCN(C3)CC4=CN=NC=C4)F,1,FSCNZFRAXZAKQV-MRXNPFEDSA-N,FSCNZFRAXZAKQV,PubChem,118120211,6331
C1CN(C[C@@H]([C@H]1OC2=CC(=C(C=C2F)S(=O)(=O)NC3=NC=NS3)F)C4=CC=CC=C4)CC(F)(F)F,1,WNZPTMMXFUGYBN-PBHICJAKSA-N,WNZPTMMXFUGYBN,PubChem,164619698,34044121
Cn1cc(-c2cccc3ccccc23)c2ccc(S(=O)(=O)Nc3ncns3)cc21,1,HDIGSTSACBKTDQ-UHFFFAOYSA-N,HDIGSTSACBKTDQ,data_nav_dev,71259285,71259285
CC(C)(C1=CC=CC=C1)N2CCC(CC2)OC3=C(C=C(C=C3)S(=O)(=O)NC4=NC=CS4)Cl,1,FYMPRGRKRUUHDJ-UHFFFAOYSA-N,FYMPRGRKRUUHDJ,PubChem,132141776,6331
CS(=O)(=O)NC(=O)C1=C(C=C(C(=C1)C2CC2)OCC3CCN(CC3)S(=O)(=O)C4=CC(=C(C=C4)Br)F)F,1,KNWMNXSIMFAJLJ-UHFFFAOYSA-N,KNWMNXSIMFAJLJ,PubChem,118120290,6331
CC(=O)N[C@@H]1C[C@H](NC(C)(C)C)CC[C@@H]1N1CC[C@H](Nc2ncnc3ccc(OC(F)(F)F)cc23)C1=O,0,QRKQGOWSACQLGK-QAJUQPOASA-N,QRKQGOWSACQLGK,data_nav_dev,CHEMBL4746510,
CNC1CCN(C1)C2=C(C=CC(=C2)F)NC3=CC(=C(C=C3Cl)S(=O)(=O)NC4=NC=C(C=N4)F)F,0,XTCYORQTKBDHLC-UHFFFAOYSA-N,XTCYORQTKBDHLC,PubChem,135325407,6331
CC(C)(C)OC(=O)N1CC=C(c2cc(C(F)(F)F)ccc2-c2cccc3c2CCN(S(=O)(=O)Nc2ccncn2)C3)CC1,1,LPYVYKODQLEZSQ-UHFFFAOYSA-N,LPYVYKODQLEZSQ,data_nav_dev,CHEMBL3683225,
Cn1nccc1-c1cc(C(F)(F)F)ccc1-c1cccc2cc(S(=O)(=O)Nc3ncns3)ccc12,1,NEGWWOJFNIDTET-UHFFFAOYSA-N,NEGWWOJFNIDTET,data_nav_dev,CHEMBL3677849,
COc1ccc(CCN(C)CCCC(C#N)(c2ccc(OC)c(OC)c2)C(C)C)cc1OC,0,SGTNSNPWRIOYBX-UHFFFAOYSA-N,SGTNSNPWRIOYBX,CUPID,CUPID,
CC1(CCN(CC1)C2(COC2)C3=CC(=CC(=C3)Cl)Cl)COC4=CC(=C(C=C4C5CC5)C(=O)NS(=O)(=O)C)F,1,XFGAFLXHZAYTAU-UHFFFAOYSA-N,XFGAFLXHZAYTAU,PubChem,118110792,6331
CC1=CC(=C(C=C1N(C)[C@H]2CCN(C2)CC3=CSC=N3)F)S(=O)(=O)NC4=CSC=N4,0,VPMFTZHGMWVYLA-HNNXBMFYSA-N,VPMFTZHGMWVYLA,PubChem,132141860,6331
CCCCCCCC(C1=CC(=CC=C1)Cl)(C(=O)N)O,1,YAKWOONSXDDYMF-UHFFFAOYSA-N,YAKWOONSXDDYMF,PubChem,10039502,22364743
C[C@@H](C1=C(C=C(C=C1)Cl)Cl)N2CCC(CC2)COC3=CC(=C(C=C3C4CC4)C(=O)NS(=O)(=O)C)F,1,BVXDDXBPDJMLDH-HNNXBMFYSA-N,BVXDDXBPDJMLDH,PubChem,118111065,6331
COc1ccccc1SCC(CN[C@@H]1COc2ccccc2SC1)=C(C)C,1,LXPMALJDQSTLKJ-GOSISDBHSA-N,LXPMALJDQSTLKJ,data_nav_dev,CHEMBL511022,
CN([C@H]1CCN(C1)CC2=CC=CC=C2)C3=CC(=C(C=C3Cl)S(=O)(=O)NC4=NC=CS4)F,0,PZGPSEBKLBZHQB-INIZCTEOSA-N,PZGPSEBKLBZHQB,PubChem,132141741,6331
CN1Cc2ccccc2[C@@H](c2ccc(F)cc2F)N=C1CCc1ccc(NS(C)(=O)=O)cc1.Cl,0,DECIONKKGDACND-UQIIZPHYSA-N,DECIONKKGDACND,data_nav_dev,70697529,70697529
C1C[C@H](CN(C1)C2=CC=C(C=C2)F)OC3=CC(=C(C=C3C4CC4)C(=O)NS(=O)(=O)N5CCC5)F,1,AQYFBWIZWFPYGF-LJQANCHMSA-N,AQYFBWIZWFPYGF,PubChem,118111337,6331
CC1(CCN(CC1)CC2=C(C=CC(=C2)Cl)C(F)(F)F)COC3=CC(=C(C=C3C4CC4)C(=O)NS(=O)(=O)C)F,1,LXLJQUXLUKXWCO-UHFFFAOYSA-N,LXLJQUXLUKXWCO,PubChem,118110869,6331
Cc1ccc(-c2cn(C)c3cc(C(=O)NS(C)(=O)=O)ccc23)cc1,0,TYUUKNZVFJAZHS-UHFFFAOYSA-N,TYUUKNZVFJAZHS,CUPID,CUPID,
CC(C)CN(CC(O)C(Cc1ccccc1)NC(=O)OC1COC2OCCC12)S(=O)(=O)c1ccc(N)cc1,0,CJBJHOAVZSMMDJ-UHFFFAOYSA-N,CJBJHOAVZSMMDJ,CUPID,CUPID,
CC1=C(C=C(C=C1)OCC2=CC=CC=C2)C3=NC=CC4=C3C=CC(=C4)S(=O)(=O)NC5=NC=NC=C5,0,RIZURSCFYLNTKD-UHFFFAOYSA-N,RIZURSCFYLNTKD,PubChem,139208243,6331
C1CN(C1)S(=O)(=O)NC(=O)C2=C(C=C(C(=C2)C3CC3)CN4CCO[C@@H](C4)CC5=CC(=CC(=C5)Cl)Cl)F,1,PCWUHIYHTMODIL-OAQYLSRUSA-N,PCWUHIYHTMODIL,PubChem,118111094,6331
CN(C)S(=O)(=O)NC(=O)C1=CC(=C(C=C1F)OCC23CC4CC(C2)CC(C4)C3)Cl,1,ZGBCYVXZLVHZHE-UHFFFAOYSA-N,ZGBCYVXZLVHZHE,PubChem,86702835,6331
O=S(=O)(Nc1ccncn1)c1cc(F)c(OC[C@@H]2CNCC[C@H]2c2ccc(Cl)cc2)cc1F,1,HGVRIBHCYYWMFY-RDJZCZTQSA-N,HGVRIBHCYYWMFY,data_nav_dev,89556129,89556129
O=S(=O)(Nc1nccs1)c1ccc2c(c1)OCCN2c1ccc(F)c(F)c1,1,BXXYRVZNPHWQAC-UHFFFAOYSA-N,BXXYRVZNPHWQAC,data_nav_dev,71711423,71711423
CS(=O)(=O)NC(=O)C1=C(C=C(C(=C1)C2CC2)CN3CCC(CC3)OC4=NC=C(C=C4)C(F)(F)F)F,1,ISZSRLNGUGMFAI-UHFFFAOYSA-N,ISZSRLNGUGMFAI,PubChem,118110512,6331
Cc1noc(Cn2nc3ccc(-c4ccc(Oc5ccc(Cl)cc5)cc4)cn3c2=O)n1,0,WWFCNKUCFKPXRI-UHFFFAOYSA-N,WWFCNKUCFKPXRI,CUPID,CUPID,
Cn1nccc1-c1cc(C(F)(F)F)ccc1N1CCOc2cc(S(=O)(=O)Nc3nccs3)ccc21,1,GMQZYXDZQDEKIQ-UHFFFAOYSA-N,GMQZYXDZQDEKIQ,data_nav_dev,71712116,71712116
C([C@@]1([C@H]2[C@@H]3[C@H](N=C(N[C@@]34[C@@H]([C@@H]1O[C@]([C@H]4O)(O2)O)O)N)O)O)O,1,CFMYXEVWODSLAX-QOZOJKKESA-N,CFMYXEVWODSLAX,PubChem,11174599,18529044
COCCOc1cc2ncc(C(N)=O)c(Nc3ccc(C)cc3F)c2cc1N1CCN(C)CC1,0,HJBIOYGBCCKLGS-UHFFFAOYSA-N,HJBIOYGBCCKLGS,CUPID,CUPID,
O=C(NCc1cccc(OC(F)(F)F)c1)c1c2ccccc2c(O)n1CCc1ncc(F)cn1,0,UPZSIIGQGQUSFG-UHFFFAOYSA-N,UPZSIIGQGQUSFG,CUPID,CUPID,
CC(CC#N)N1C(=O)c2ccccc2C1C(=O)NCc1ccc(OC(F)(F)F)cc1,0,FDVHTMPORAQXDN-UHFFFAOYSA-N,FDVHTMPORAQXDN,data_nav_dev,44544123,44544123
CN([C@H]1CCN(C1)CC2=CC=CC=C2O)C3=CC(=C(C=C3Cl)S(=O)(=O)NC4=CSC=N4)F,0,OMESNTXOELFXRP-HNNXBMFYSA-N,OMESNTXOELFXRP,PubChem,132141821,6331
CS(=O)(=O)NC(=O)C1=C(C=C(C(=C1)C2CC2)O[C@@H]3CCCN(C3)CC4=C(C=CC(=C4)F)C(F)(F)F)F,1,BSUOGRFZEVVVBR-QGZVFWFLSA-N,BSUOGRFZEVVVBR,PubChem,118120340,6331
Cn1cc(-c2ccc(C(F)(F)F)cc2)c2cc(F)c(C(=O)NS(C)(=O)=O)cc21,0,BNBBUQXDNHCURU-UHFFFAOYSA-N,BNBBUQXDNHCURU,CUPID,CUPID,
CN([C@H]1CCN(C1)CC2=CC=CC=C2)C3=CC(=C(C=C3Cl)S(=O)(=O)NC4=NC(=CC=C4)F)F,0,ZXGZMVXBTYIWOH-KRWDZBQOSA-N,ZXGZMVXBTYIWOH,PubChem,132141448,6331
CC(C)(C)OC(=O)N1CC=C(c2cc(C(F)(F)F)ccc2-c2cccc3c2CCN(S(=O)(=O)Nc2ncns2)C3)CC1,1,SDNRGNTWXJZKMN-UHFFFAOYSA-N,SDNRGNTWXJZKMN,data_nav_dev,71737520,71737520
O=C(CN1CCN(c2cccc3c2cnn3-c2ccccc2F)C1=O)NC1CC1,0,RTLVFTLHWCSMKT-UHFFFAOYSA-N,RTLVFTLHWCSMKT,CUPID,CUPID,
O=C1c2cc(-c3cccc(C(F)(F)F)c3)ccc2OCCN1Cc1ncccn1,1,FLHUODDHEZABET-UHFFFAOYSA-N,FLHUODDHEZABET,data_nav_dev,CHEMBL3921430,
C[C@@]12CC3=CNC(=N[C@@]3([C@@](O1)(CC2=O)O)C)N,0,OZWUYPOJCSKXDU-DCAQKATOSA-N,OZWUYPOJCSKXDU,PubChem,162659531,32896120
CC1=C(C=CC(=N1)C2=C(C=CC(=C2)C(F)(F)F)[C@H]3CCOC4=C3C=CC(=C4)S(=O)(=O)NC5=NC(=CC=C5)F)F,1,KNTLFNAVSIIHSC-LJQANCHMSA-N,KNTLFNAVSIIHSC,PubChem,135193628,6331
CC(C)COc1ccc(-c2nn(C)c3cc(C(=O)NS(=O)(=O)C4CC4)c(F)cc23)cn1,0,FJKQUKONXVRWFW-UHFFFAOYSA-N,FJKQUKONXVRWFW,CUPID,CUPID,
CC(O)C1C(=O)N2C(C(=O)O)=C(SC3CNC(CNS(N)(=O)=O)C3)C(C)C12,0,AVAACINZEOAHHE-UHFFFAOYSA-N,AVAACINZEOAHHE,CUPID,CUPID,
N#Cc1cccc(C2NCCOC2Oc2cc(F)c(S(=O)(=O)Nc3ncns3)cc2F)c1,0,RAYLQRKSBHRPOJ-UHFFFAOYSA-N,RAYLQRKSBHRPOJ,CUPID,CUPID,
C[C@@H](CN[C@@H]1COc2ccccc2SC1)CSc1cccc2cc[nH]c12,1,OPCHDGGCCSUGAR-DOTOQJQBSA-N,OPCHDGGCCSUGAR,data_nav_dev,CHEMBL550347,
CS(=O)(=O)NC(=O)C1=C(C=C(C(=C1)C2CC2)OCC3CCN(CC3)CC4=C(C=CC=N4)C(F)(F)F)F,1,DWIFDJBIHHABLE-UHFFFAOYSA-N,DWIFDJBIHHABLE,PubChem,118110673,6331
CS(=O)(=O)NC(=O)C1=C(C=C(C(=C1)C2CC2)OCC3CN(C3)CC4=CC(=CC=C4)F)F,1,QPNAPFUMFSECRV-UHFFFAOYSA-N,QPNAPFUMFSECRV,PubChem,118120491,6331
CC1(CCC2(CC1)CC2)COC3=CC(=C(C=C3C4CC4)C(=O)NS(=O)(=O)C5CC5)F,1,GFDXIUXAFNREKM-UHFFFAOYSA-N,GFDXIUXAFNREKM,PubChem,90026208,31012583
C[C@@H](C1=CC(=CC(=C1)Cl)C(F)(F)F)N2CCC(CC2)(COC3=CC(=C(C=C3C4CC4)C(=O)NS(=O)(=O)C)F)F,1,NKTZXFNMBBYCSZ-HNNXBMFYSA-N,NKTZXFNMBBYCSZ,PubChem,126726990,6331
C1CN(CCC1OC2=C(C=C(C=C2)S(=O)(=O)NC3=NC=CS3)Cl)CC4=CC(=CC=C4)Cl,1,QRUFHJMITBIGEQ-UHFFFAOYSA-N,QRUFHJMITBIGEQ,PubChem,132141865,6331
Nc1cc(-c2cc(C(F)(F)F)ccc2-c2cccc3c2CCN(S(=O)(=O)Nc2ncns2)C3)ccn1,1,UXDKRIMJVOAFTM-UHFFFAOYSA-N,UXDKRIMJVOAFTM,data_nav_dev,71736098,71736098
C1[C@H]2[C@H](CON2C(=O)[C@H]3[C@H]4[C@]5(C([C@@]1(CN5C(=N3)N)OS(=O)(=O)O)(O)O)N=C(N4COC(=O)NO)N)CO,1,BJJIKPMJNDTIHW-FGWFJEOOSA-N,BJJIKPMJNDTIHW,PubChem,21589240,25927480
CC(C)(C)C1CC=C(c2ccc3c(c2)C(=O)N(Cc2ncccn2)CCO3)CC1,1,GKCGYWBQEMHUJS-UHFFFAOYSA-N,GKCGYWBQEMHUJS,data_nav_dev,CHEMBL3931140,
C1COC2=C([C@H]1C3=C(C=C(C=C3)C(F)(F)F)CCC(F)F)C=CC(=C2)S(=O)(=O)NC4=NC=CC=N4,1,FYUHLCNXSLHELL-GOSISDBHSA-N,FYUHLCNXSLHELL,PubChem,126668831,6331
O=S(=O)(Nc1nccs1)c1ccc2c(c1)OCCN2c1ccc(F)cc1F,1,KHIZJQPJSVHSAW-UHFFFAOYSA-N,KHIZJQPJSVHSAW,data_nav_dev,CHEMBL3920490,
O=C1CN(c2cn[nH]c(=O)c2Cl)CCN1Cc1ccccc1C(F)(F)F,0,MITRKIWBJVJRAM-UHFFFAOYSA-N,MITRKIWBJVJRAM,CUPID,CUPID,
CC1=NC(=CO1)C2=C(C=CC(=C2)C(F)(F)F)[C@H]3CCOC4=C3C=CC(=C4)S(=O)(=O)NC5=NC=CS5,1,KQWOBWMNPNSGDQ-QGZVFWFLSA-N,KQWOBWMNPNSGDQ,PubChem,156013278,32368909
Cn1nccc1-c1cn(C)c2cc(S(=O)(=O)Nc3ncns3)ccc12,1,HDKYZDGIFIKTBX-UHFFFAOYSA-N,HDKYZDGIFIKTBX,data_nav_dev,CHEMBL3704443,
Cn1cc(-c2cnc(OCC(F)F)c(Cl)c2)c2ccc(C(=O)NS(C)(=O)=O)cc21,0,FTACJEKNWHOBSG-UHFFFAOYSA-N,FTACJEKNWHOBSG,CUPID,CUPID,
COc1ccc2c(c1)[C@@H]1C[C@]1(C(=O)N1C3CC1CN(C)C3)Cn1c-2c(C2CCCCC2)c2ccc(C(=O)NS(=O)(=O)N(C)C)cc21,0,SSVBJRBZPBDWRB-FTOUIILSSA-N,SSVBJRBZPBDWRB,data_nav_dev,CHEMBL3126834,
O=S(=O)(Nc1nccs1)c1ccc2c(c1)OCCN2c1ccc(Cl)cc1F,1,ZNOHVDRCBUMAQG-UHFFFAOYSA-N,ZNOHVDRCBUMAQG,data_nav_dev,89761978,89761978
Cn1nc(C(F)(F)F)cc1C1NCCOC1Oc1cc(F)c(S(=O)(=O)Nc2ncns2)cc1F,0,QYJWFGJRWVGCOV-UHFFFAOYSA-N,QYJWFGJRWVGCOV,CUPID,CUPID,
Cc1c(N2CCC(C3(N)CC3)C2)c(F)cc2cc(C(=O)O)c(=O)n(C3CC3)c12,0,WJCZHUWTEKABIV-UHFFFAOYSA-N,WJCZHUWTEKABIV,CUPID,CUPID,
CN(CC1=CC=CC=C1)C(=O)[C@@H](C2=CC=CC=C2)N3CCN(CC3)C(=O)C4=CC(=CC(=C4)F)F,1,ONXKSGKZNCJRSD-RUZDIDTESA-N,ONXKSGKZNCJRSD,PubChem,145981121,30108793
CC1=NC(=NC=C1)NS(=O)(=O)C2=CC3=C(C=C2)[C@@H](CCO3)C4=C(C=C(C=C4)C(F)(F)F)C5=CC=NN5C,0,GXVCUPOLRWSMEK-IBGZPJMESA-N,GXVCUPOLRWSMEK,PubChem,126650586,6331
Cc1ccc(N2CCOc3cc(S(=O)(=O)Nc4nccs4)ccc32)cc1Cl,1,LMJONODLNWDZEG-UHFFFAOYSA-N,LMJONODLNWDZEG,data_nav_dev,CHEMBL3957373,
CC1=C(C=CC(=C1F)S(=O)(=O)NC2=CSC=N2)OC3CCN(CC3)CC4=CC=CC=C4,0,KKHSAWVAVUSVFB-UHFFFAOYSA-N,KKHSAWVAVUSVFB,PubChem,132141296,6331
C1CN(C[C@@H]1NC2=C(C=C(C=C2)S(=O)(=O)NC3=NC=CS3)Cl)CC4=CC=CC=C4F,1,OJVOTCPGNIMSNG-OAHLLOKOSA-N,OJVOTCPGNIMSNG,PubChem,132142047,6331
COC1=C(C=C(C(=C1)C2=CC(=CC=C2)F)Cl)C3=NC=CC4=C3C=CC(=C4)S(=O)(=O)NC5=NC=NS5,1,BXXHSWZOLFWSPZ-UHFFFAOYSA-N,BXXHSWZOLFWSPZ,PubChem,86687602,28287723
Cc1onc(-c2c(Cl)cccc2Cl)c1N(C)C(=O)OCc1ccc(OC(C)C)nc1,0,IATGTRYXSNHQJG-UHFFFAOYSA-N,IATGTRYXSNHQJG,CUPID,CUPID,
Cc1ccc(Cl)cc1N1CCOc2cc(S(=O)(=O)Nc3nccs3)ccc21,1,BXNORRGHXDHNQQ-UHFFFAOYSA-N,BXNORRGHXDHNQQ,data_nav_dev,89761917,89761917
CCN[C@@H]1CCC=C(c2ccc(F)cc2)[C@H]1COc1cc(F)c(S(=O)(=O)Nc2cscn2)cc1Cl.Cl,1,ARRVBLHOZYTNSM-IUFJOMBNSA-N,ARRVBLHOZYTNSM,data_nav_dev,CHEMBL4203948,
C1C[C@H](CN(C1)CC2=C(C=C(C=C2)F)C(F)(F)F)OC3=CC(=C(C=C3C4CC4)C(=O)NS(=O)(=O)N5CCC5)F,1,APWVMDFOGYCNKB-LJQANCHMSA-N,APWVMDFOGYCNKB,PubChem,118120437,6331
COC1=NC=C(C=N1)C2=C(C(=CC=C2)Cl)CCNC(=O)C3=CN=C(C=C3)OCCC(F)(F)F,1,MKVIWRSKGWYSJK-UHFFFAOYSA-N,MKVIWRSKGWYSJK,PubChem,71454670,22939696
CN([C@H]1CCN(C1)CC2=C(C=CC(=N2)C(F)F)F)C3=CC(=C(C=C3Cl)S(=O)(=O)NC4=CSC=N4)F,0,FVEJKXNAWWCHPA-LBPRGKRZSA-N,FVEJKXNAWWCHPA,PubChem,132141818,6331
Cn1cc(-c2cc3ccccc3o2)c2ccc(S(=O)(=O)Nc3ncns3)cc21,1,NBCPHYCWWCIAEM-UHFFFAOYSA-N,NBCPHYCWWCIAEM,data_nav_dev,71259533,71259533
N#Cc1cc(C(F)(F)F)ccc1N1CCOc2cc(S(=O)(=O)Nc3ncco3)ccc21,1,YPYJOKUOZJDCBF-UHFFFAOYSA-N,YPYJOKUOZJDCBF,data_nav_dev,71711765,71711765
Cc1sc(NS(=O)(=O)c2ccc3c(-c4ccc(C(F)(F)F)cc4-c4ccnn4C)cn(C)c3c2)nc1C(F)(F)F,1,RZIJZEQYJDMDRR-UHFFFAOYSA-N,RZIJZEQYJDMDRR,data_nav_dev,71607928,71607928
COc1ccc(-c2cccc(F)c2)cc1-c1n[nH]c(=O)c2cc(S(=O)(=O)Nc3ccncn3)ccc12,0,IYCGIOVRQXMKDM-UHFFFAOYSA-N,IYCGIOVRQXMKDM,CUPID,CUPID,
O=C(c1ccc2cc(Oc3ccc(C(F)(F)F)cn3)ccc2n1)N1CCNCC1,0,PSKAASYIVOPYMH-UHFFFAOYSA-N,PSKAASYIVOPYMH,CUPID,CUPID,
Cc1cn(C)c2cc(C(=O)NS(=O)(=O)C3CC3)ccc12,0,LSQBAAMKFJZQMX-UHFFFAOYSA-N,LSQBAAMKFJZQMX,CUPID,CUPID,
C[C@H](C1=CC(=CC(=C1)Cl)Cl)N2CCC(CC2)(C)COC3=CC(=C(C=C3C4CC4)C(=O)NS(=O)(=O)C)F,1,LJDHLZQUJUBCSY-MRXNPFEDSA-N,LJDHLZQUJUBCSY,PubChem,118110624,6331
CC1=C(C=CC(=C1)S(=O)(=O)NC2=CSC=N2)N(C)[C@H]3CCN(C3)CC4=C(C=CC(=C4)F)F,1,UWGGQDPGEXYSGG-SFHVURJKSA-N,UWGGQDPGEXYSGG,PubChem,132141991,6331
C1CN(CCC1OC2=C(C=C(C=C2)S(=O)(=O)NC3=NC=NS3)Cl)CC4=CC=CC=C4,0,SPRXTXNRDOVOJH-UHFFFAOYSA-N,SPRXTXNRDOVOJH,PubChem,145866030,6331
CC[C@@H](CN[C@@H]1COc2ccccc2SC1)CSc1ccccc1OC,1,YKMHUVRYCCGBDD-DLBZAZTESA-N,YKMHUVRYCCGBDD,data_nav_dev,CHEMBL509130,
CN1C=C(C=N1)CN2CCC(CC2)OC3=NC=NC4=C3C=CN4CC5=CC=CC=C5,1,AWBDRWCQXNBJQB-UHFFFAOYSA-N,AWBDRWCQXNBJQB,PubChem,70695783,22318156
C1C[C@H](CN(C1)C2=NC=C(C=C2)F)OC3=CC(=C(C=C3C4CC4)C(=O)NS(=O)(=O)C5CC5)F,1,IIVBVDRQTJDISD-MRXNPFEDSA-N,IIVBVDRQTJDISD,PubChem,118110963,6331
C1COC2=C([C@H]1C3=C(C=C(C=C3)C(F)(F)F)CCCF)C=CC(=C2)S(=O)(=O)NC4=NC(=CC=C4)F,1,DNUXZPDEAPDELX-LJQANCHMSA-N,DNUXZPDEAPDELX,PubChem,126668844,6331
CC(C)(C)OC(=O)n1cc(-c2cccc(NC(=O)C3CCCN3)c2)nc1N,0,PDHUICBUQPZDFK-UHFFFAOYSA-N,PDHUICBUQPZDFK,CUPID,CUPID,
Cc1cnn(CN2CCOc3ccc(-c4ccc(OC(F)(F)F)cc4)cc3C2=O)c1,1,YYWFFPNURUFEFT-UHFFFAOYSA-N,YYWFFPNURUFEFT,data_nav_dev,CHEMBL3946458,
CNC1CCN(C1)C2=CC=CC=C2NC3=C(C=C(C=C3)S(=O)(=O)NC4=CSC=N4)Cl,0,RFFZHBFJKYKHIB-UHFFFAOYSA-N,RFFZHBFJKYKHIB,PubChem,129136149,6331
CC1=CC(=C(C=C1N(C)[C@H]2CCN(C2)CC(C)(C)C)F)S(=O)(=O)NC3=CSC=N3,0,DDTBAVFOGFAFLC-HNNXBMFYSA-N,DDTBAVFOGFAFLC,PubChem,132141681,6331
CC1=C(C=C(C=C1)C2=CC(=C(C=C2C#N)C3=NC=CC4=C3C=CC(=C4)S(=O)(=O)NC5=NN=CS5)OC)Cl,0,PUWPDBVUKXUMCV-UHFFFAOYSA-N,PUWPDBVUKXUMCV,PubChem,117741759,6331
CC1=CC(=C(C=C1N(C)[C@H]2CCN(C2)CC3=CSC(=N3)C4=CC=CC=C4)F)S(=O)(=O)NC5=CSC=N5,1,PKBLNJQHGWHMLE-FQEVSTJZSA-N,PKBLNJQHGWHMLE,PubChem,132141409,6331
CN1CC(n2nccc2-c2cc(Cl)ccc2Oc2cc(F)c(S(=O)(=O)Nc3cscn3)cc2F)C1,0,YOMNBFDPZACIQP-UHFFFAOYSA-N,YOMNBFDPZACIQP,CUPID,CUPID,
C1C2CN(C(=O)C2CN1CC3=CC=CC=C3)C4=CC=CC5=C4C=NN5C6=CC=CC=C6F,1,MNFGXJGJVQMIQT-UHFFFAOYSA-N,MNFGXJGJVQMIQT,PubChem,127047252,27015369
O=S(=O)(Nc1nccs1)c1ccc2c(c1)OCCN2c1ccc(C(F)(F)F)cc1C(O)CO,1,KBOLMQHKSVRFIL-UHFFFAOYSA-N,KBOLMQHKSVRFIL,data_nav_dev,CHEMBL3932071,
N#Cc1cc(S(=O)(=O)Nc2ncns2)ccc1Oc1ccc(Cl)cc1-c1cc[nH]n1,0,HWZRSTGNKARGTN-UHFFFAOYSA-N,HWZRSTGNKARGTN,CUPID,CUPID,
CS(=O)(=O)C1CN(C1)C(=O)C2=NC3=C(C=C2)C=C(C=C3)OC4=NC=C(C=C4)C(F)(F)F,1,XYCSIKBESLTOLI-UHFFFAOYSA-N,XYCSIKBESLTOLI,PubChem,118274033,35436748
Cn1nccc1[C@H]1CCC[C@@H]1Oc1cc(F)c(S(=O)(=O)Nc2nccs2)cc1F,0,PGAPJRVJNZPHAS-ABAIWWIYSA-N,PGAPJRVJNZPHAS,data_nav_dev,71660879,71660879
C[C@@H]1[C@H](OC(=O)N1)C2=CC(=C(C=C2)OC)C3=C(C=C(C=C3)C(F)(F)F)[C@@H]4CC[C@@H]5N4C(=O)O[C@@H]5C6=CC(=CC(=C6)C(F)(F)F)C(F)(F)F,1,ZJOAKCGQYZEHJL-AKZCCGJFSA-N,ZJOAKCGQYZEHJL,PubChem,164621865,34375108
Cc1onc(-c2c(Cl)cccc2Cl)c1NC(=O)OCc1cccc(N(C)C)c1,0,JNWBTZFJGMCWBE-UHFFFAOYSA-N,JNWBTZFJGMCWBE,CUPID,CUPID,
C1CN(CCC1OC2=NC=NC3=C2C=CN3CC4=CC(=CC=C4)C(F)(F)F)CC5=CSC=N5,1,SSECJOYWYAMJRN-UHFFFAOYSA-N,SSECJOYWYAMJRN,PubChem,70685266,22318156
CC1(CN(CCC1OC2=C(C=C(C=C2)S(=O)(=O)NC3=NC=NS3)Cl)CC4=CC=CC=C4)C,1,DYNWHHIETWSCCN-UHFFFAOYSA-N,DYNWHHIETWSCCN,PubChem,132142218,6331
CS(=O)(=O)NC(=O)C1=C(C=C(C(=C1)C2CC2)OCC3CCN(CC3)CC4=CC=CC=C4C#N)F,1,JDFYXRGPQVYVDR-UHFFFAOYSA-N,JDFYXRGPQVYVDR,PubChem,118120459,6331
COC1=C(C=C(C=C1)CN2CCC[C@H](C2)OC3=CC(=C(C=C3C4CC4)C(=O)NS(=O)(=O)C5CC5)F)F,1,SDJQJNMYRSLYAF-GOSISDBHSA-N,SDJQJNMYRSLYAF,PubChem,118120483,6331
COC1=CC=CC2=C1C(=O)N(C2C(=O)NCC3=CC=C(C=C3)OC(F)(F)F)CCC4=CC=CC=N4,1,DNOVKLUWPXHIRA-UHFFFAOYSA-N,DNOVKLUWPXHIRA,PubChem,44544548,22770500
O=C(NS(=O)(=O)C1CC1)c1cc(C2CC2)c(OCC23CC4(F)CC(F)(CC(F)(C4)C2)C3)cc1F,1,IFRGFTQIIMWCJG-UHFFFAOYSA-N,IFRGFTQIIMWCJG,data_nav_dev,86703575,86703575
CCOC(=O)C1=C(C)NC(C)=C(C(=O)OC)C1c1cccc([N+](=O)[O-])c1,0,PVHUJELLJLJGLN-UHFFFAOYSA-N,PVHUJELLJLJGLN,data_nav_dev,4507,4507
C1CS(=O)(=O)CCC1CCNC2=CC(=C(C=C2Cl)S(=O)(=O)NC3=NC=CS3)F,1,IRQCHFVTFWRVCS-UHFFFAOYSA-N,IRQCHFVTFWRVCS,PubChem,134477081,28818462
C1=CC=C(C=C1)OC2=CC=C(C=C2)NC3=NC(=CN=C3)N,1,VUMYRGFVDHGXHW-UHFFFAOYSA-N,VUMYRGFVDHGXHW,PubChem,70687393,22306122
CS(=O)(=O)NC(=O)C1=C(C=C(C(=C1)C2CC2)OCC3(CCN(CC3)CC4=NC(=CC(=C4)C(F)(F)F)C5CC5)F)F,1,NEBJWACWBBVCSH-UHFFFAOYSA-N,NEBJWACWBBVCSH,PubChem,118120672,6331
C1COC2=C([C@H]1C3=C(C=C(C=C3)C(F)(F)F)CCF)C=CC(=C2)S(=O)(=O)NC4=NC=C(C=N4)F,0,WPUZEWKZGLYYPY-GOSISDBHSA-N,WPUZEWKZGLYYPY,PubChem,126650514,6331
CN([C@H]1CCN(C1)CC2=NC=C3N2C=CC=C3)C4=CC(=C(C=C4Cl)S(=O)(=O)NC5=CSC=N5)F,0,BPFRUDPKDVUBOF-INIZCTEOSA-N,BPFRUDPKDVUBOF,PubChem,132141587,6331
COc1cc(C(F)(F)F)ccc1-c1cccc2cc(S(=O)(=O)Nc3nccs3)ccc12,0,CAPRTAJDHXVYKQ-UHFFFAOYSA-N,CAPRTAJDHXVYKQ,CUPID,CUPID,
CC1=NC=C(C=C1)C2=C(C=CC(=C2)C(F)(F)F)[C@H]3CCOC4=C3C=CC(=C4)S(=O)(=O)NC5=NC=NC=C5,1,OVCBYEXPONMHTH-OAQYLSRUSA-N,OVCBYEXPONMHTH,PubChem,126668725,32368909
COC1=CC=C(C=C1)C2CCNC[C@H]2COC3=CC(=C(C=C3F)S(=O)(=O)NC4=NC=NS4)F,0,AIZOGXUDMVUJRT-LBAUFKAWSA-N,AIZOGXUDMVUJRT,PubChem,117625351,6331
CCOc1ccccc1SC[C@@H](C)CN[C@@H]1COc2ccccc2SC1,1,XMRMVJRDBVKZMT-DLBZAZTESA-N,XMRMVJRDBVKZMT,data_nav_dev,CHEMBL551434,
C1CN(CCC1NC2=C(C=C(C=C2)S(=O)(=O)NC3=NC=NS3)Cl)CC4=CC=CC=C4,0,CUVFBZYYXBHMTR-UHFFFAOYSA-N,CUVFBZYYXBHMTR,PubChem,132141516,6331
CC(C)c1nnc2ccc(-c3ccc(OC(F)(F)F)cc3)cn12,1,NMTXLNOIVBBWCK-UHFFFAOYSA-N,NMTXLNOIVBBWCK,data_nav_dev,CHEMBL3809523,
O=C1CCN(C2CCCCC2OCCc2cccc3ccccc23)C1,0,OCJAMRRVVABJIC-UHFFFAOYSA-N,OCJAMRRVVABJIC,CUPID,CUPID,
COC1=C(C=CC(=C1)C2=CC(=NC=C2F)OC)C3=NC=CC4=C3C=CC(=C4)S(=O)(=O)NC5=NN=CS5,0,ORKPQANWMVKDTG-UHFFFAOYSA-N,ORKPQANWMVKDTG,PubChem,139208253,6331
COC1=CC=C(C=C1)CN2CCC(CC2)OC3=C(C=C(C=C3)S(=O)(=O)NC4=NC=CS4)Cl,1,IZTKFNCMUKMYOP-UHFFFAOYSA-N,IZTKFNCMUKMYOP,PubChem,132141443,6331
Cl.Nc1ncc(-c2cccc(NC(=O)c3cc4ccccc4[nH]3)c2)[nH]1,0,CZXUSOHRCNLWLL-UHFFFAOYSA-N,CZXUSOHRCNLWLL,data_nav_dev,76310406,76310406
CC1CC1C(=O)N1CCN(c2cnc(C#N)c(-c3cnn(C)c3)n2)CC1C,0,GXEXIUKEWXZCEF-UHFFFAOYSA-N,GXEXIUKEWXZCEF,CUPID,CUPID,
CNC(=O)c1c(-c2ccc(F)cc2)oc2cc(N(C)S(C)(=O)=O)c(-c3ccc4c(n3)-c3cc5c(F)cccc5n3CN4)cc12,0,MGKCTMFWUSMCJX-UHFFFAOYSA-N,MGKCTMFWUSMCJX,CUPID,CUPID,
CC1=CC(=C(C=C1N(C)[C@H]2CCN(C2)CCC3=CC=CC=C3)F)S(=O)(=O)NC4=CSC=N4,0,NEGPUMQIHNEADR-IBGZPJMESA-N,NEGPUMQIHNEADR,PubChem,132141489,6331
O=C(O)c1ccc(N2CC3(CCN(Cc4cc(C(F)(F)F)ccc4C4CC4)CC3)OC2=O)cc1,1,UNCDRASKFWAOIZ-UHFFFAOYSA-N,UNCDRASKFWAOIZ,data_nav_dev,CHEMBL4289325,
C1=CC=C2C(=C1)C(N(C2=O)CCC3=CC=NC=C3)C(=O)NCC4=CC=C(C=C4)OC(F)(F)F,1,QMUDOESFACZEJE-UHFFFAOYSA-N,QMUDOESFACZEJE,PubChem,44544644,22770500
COc1ccccc1SC[C@@H](O)CN[C@@H]1COc2ccccc2SC1,1,IMHOUWDBJOYBHV-CABCVRRESA-N,IMHOUWDBJOYBHV,data_nav_dev,CHEMBL529444,
CS(=O)(=O)NC(=O)C1=C(C=C(C(=C1)C2CC2)O[C@@H]3CCCN(C3)CC4=C(C=C(C=C4)Cl)Cl)F,1,WSQUXPNAMUUMAF-QGZVFWFLSA-N,WSQUXPNAMUUMAF,PubChem,118110681,6331
C1CN(CCC1OC2=C(C=C(C=C2)S(=O)(=O)NC3=NC=CS3)Cl)CC4=CC(=CC=C4)OC(F)F,1,LHZNKMNSVJQVOZ-UHFFFAOYSA-N,LHZNKMNSVJQVOZ,PubChem,132141477,6331
CCS(=O)(=O)NC(=O)C1=C(C=C(C(=C1)C2CC2)OCC3(CN(C3)C4=C(C=C(C=N4)Cl)F)C)F,1,UEAJGQLXORPSEA-UHFFFAOYSA-N,UEAJGQLXORPSEA,PubChem,118120558,6331
C1CC2C(CC1O2)NC3=CC(=C(C=C3Cl)S(=O)(=O)NC4=NC=CS4)F,1,PJIHSPMTVBOMNJ-UHFFFAOYSA-N,PJIHSPMTVBOMNJ,PubChem,137639838,28818462
C1COC2=C([C@@H]1C3=C(C=C(C=C3)C(F)(F)F)OC4CCOCC4)C=CC(=C2)S(=O)(=O)NC5=NC=NC=C5,0,OHGHHEXJEPXFPE-LJQANCHMSA-N,OHGHHEXJEPXFPE,PubChem,126649962,6331
C1C(CN1CC2=CC=CC=C2)NC3=C(C=C(C=C3)S(=O)(=O)NC4=NC=CS4)Cl,1,JHPLOBSDWWMMDZ-UHFFFAOYSA-N,JHPLOBSDWWMMDZ,PubChem,132142103,6331
CN(C1=NC=NS1)S(=O)(=O)C2=C(C=C(C(=C2)F)OC[C@@H]3CNCCC3C4=CC=C(C=C4)Cl)F,0,RNYFDCRWQGEXOU-LBAUFKAWSA-N,RNYFDCRWQGEXOU,PubChem,117625315,6331
CC1=NC(=CC=C1)CN2CCC(C2)N(C)C3=CC(=C(C(=C3C)F)S(=O)(=O)NC4=CSC=N4)F,0,LMDKRPWLOLFNQF-UHFFFAOYSA-N,LMDKRPWLOLFNQF,PubChem,132142172,6331
CC(C)COC1=C(C=C(C=N1)C2=C(C=C(C=C2)C3=NNC(=N3)S(=O)(=O)C4CCC4)OC)Cl,1,IPLBYUOAYWBSGB-UHFFFAOYSA-N,IPLBYUOAYWBSGB,PubChem,145961545,29709252
CC1(CN(CCC1OC2=NC=C(C(=C2)C(F)(F)F)Cl)CC3=CC(=C(C=C3C4CC4)C(=O)N)F)C,1,GWODAUIHUKCBIF-UHFFFAOYSA-N,GWODAUIHUKCBIF,PubChem,118120807,6331
C1=CC(=CC=C1C2=CN3C(=NC=C3C(F)(F)F)C=C2)OC(F)(F)F,1,WIBWEQRTGVQDDM-UHFFFAOYSA-N,WIBWEQRTGVQDDM,PubChem,127044897,27080178
O=C1c2cc(-c3ccc(C(F)(F)F)cc3)ccc2OC[C@@H]2CN(CC(F)F)CCN12,1,LWAKEUDCOBUSSR-INIZCTEOSA-N,LWAKEUDCOBUSSR,data_nav_dev,CHEMBL3942018,
Cc1c(C(O)CN2CCN(CC(O)c3ccc4c(c3C)COC4=O)CC2)ccc2c1COC2=O,0,OCKGFTQIICXDQW-UHFFFAOYSA-N,OCKGFTQIICXDQW,CUPID,CUPID,
CS(=O)(=O)NC(=O)C1=C(C=C(C(=C1)C2CC2)CN3CCC(CC3)OC4=C(C=C(C=C4)Cl)Cl)F,1,VNOPOPIIFVODKR-UHFFFAOYSA-N,VNOPOPIIFVODKR,PubChem,118110822,6331
O=C1c2cc(-c3ccc(OCC4CCC4)cc3)ccc2OCCN1Cc1ncccn1,1,NOSGHHSOTXLUOC-UHFFFAOYSA-N,NOSGHHSOTXLUOC,data_nav_dev,CHEMBL3891558,
Cc1ccc(C(=O)N=C(N)NCCc2cccs2)cc1,0,QBQQLAJXKVUTGB-UHFFFAOYSA-N,QBQQLAJXKVUTGB,CUPID,CUPID,
COc1cc(-c2cc(F)cc(F)c2)ccc1-c1nccc2cc(S(=O)(=O)Nc3ccncn3)ccc12,0,RAWFYRWWQUILIR-UHFFFAOYSA-N,RAWFYRWWQUILIR,CUPID,CUPID,
CN([C@H]1CCN(C1)CC2=C(C=CC=N2)OC)C3=CC(=C(C=C3Cl)S(=O)(=O)N(C4=CSC=N4)C(=O)[O-])F,0,ILRCEAPXIZMEIY-AWEZNQCLSA-M,ILRCEAPXIZMEIY,PubChem,145866035,6331
CC1=CC(=C(C=C1C2=CC(=C(N=C2)O[C@H](C)C3CCC3)Cl)F)C(=O)NS(=O)(=O)C,1,BYMWVQBETPGHAA-GFCCVEGCSA-N,BYMWVQBETPGHAA,PubChem,122422364,6331
CC1=C(C=CC(=C1)NC2=NC=CC(=N2)N)OC3=CC=C(C=C3)Cl,1,UBFIQTSBRZABKM-UHFFFAOYSA-N,UBFIQTSBRZABKM,PubChem,70683164,22306122
Nc1nc(-c2ccc(NC(=O)c3ccc[nH]3)cc2)c[nH]1,0,HSXGMWXGRMZIDA-UHFFFAOYSA-N,HSXGMWXGRMZIDA,CUPID,CUPID,
CC1(CCN(CC1)CC2=CC(=C(C=C2C3CC3)C(=O)NS(=O)(=O)C4CC4)F)OC5=NC=C(C(=C5)C(F)(F)F)Cl,1,LNFPXDBTSWLDMB-UHFFFAOYSA-N,LNFPXDBTSWLDMB,PubChem,118120214,6331
O=C1c2cc(-c3ccc(OC(F)(F)F)cc3)ccc2OCCN1Cc1c(F)cccc1F,1,DIVBQMRSYCCWDL-UHFFFAOYSA-N,DIVBQMRSYCCWDL,data_nav_dev,CHEMBL3946163,
COc1cc(C#N)ccc1N1CCOc2cc(S(=O)(=O)Nc3nccs3)ccc21,0,BCCZTFIOURKUIO-UHFFFAOYSA-N,BCCZTFIOURKUIO,CUPID,CUPID,
CC1CN(c2nc(C(F)(F)F)no2)CCN1c1ncc(OCc2ccc(CS(C)(=O)=O)cc2F)cn1,0,HXNOCBIFNWVJLT-UHFFFAOYSA-N,HXNOCBIFNWVJLT,CUPID,CUPID,
CCCCN1CCCCC1C(=O)NC2=C(C=CC=C2C)C,1,LEBVLXFERQHONN-UHFFFAOYSA-N,LEBVLXFERQHONN,PubChem,2474,25692452
COc1cc(-c2ccc(F)cc2)ccc1-c1nccc2cc(S(=O)(=O)Nc3ccncn3)ccc12,0,ZOPYEQQAUGPEJP-UHFFFAOYSA-N,ZOPYEQQAUGPEJP,CUPID,CUPID,
C1=CC(=CC=C1C#N)OC2=CC=C(C=C2)NC3=NC=CC(=N3)N,1,RIZAVMPJLRUDKF-UHFFFAOYSA-N,RIZAVMPJLRUDKF,PubChem,70691559,22306122
CS(=O)(=O)NC(=O)C1=C(C=C(C(=C1)C2CC2)OCC3CCN(CC3)CC(F)(F)F)F,1,ZCTNXCRQHFOAGS-UHFFFAOYSA-N,ZCTNXCRQHFOAGS,PubChem,118111259,6331
Cl.O=C(CCc1ccccc1)c1cc(F)ccc1OCC(O)CN1CCN(C(c2ccccc2)c2ccccc2)CC1,1,IGVPKUYUKHLLJD-UHFFFAOYSA-N,IGVPKUYUKHLLJD,data_nav_dev,CHEMBL1915364,
Nc1nc2c(s1)CC(CNC(=O)c1ccc[nH]1)CC2,0,IBNFUXFWCOVOHE-UHFFFAOYSA-N,IBNFUXFWCOVOHE,CUPID,CUPID,
C[C@@H]1C(CCN1CC2=CC=CC=C2)N(C)C3=CC(=C(C=C3Cl)S(=O)(=O)NC4=CSC=N4)F,1,NTWUMXFPSJIFGL-NYRJJRHWSA-N,NTWUMXFPSJIFGL,PubChem,132154719,6331
O=S(=O)(Nc1nccs1)c1ccc2c(c1)OCCN2c1ccc(C(F)(F)F)cn1,1,VMBAILDOFKOQNV-UHFFFAOYSA-N,VMBAILDOFKOQNV,data_nav_dev,CHEMBL3939863,
CC(C)(C)C1=CC=C(C=C1)C2=CC=C(O2)C(=O)N3CCN(CC3)C4CCCCC4,1,HJTNQQWICWEECK-UHFFFAOYSA-N,HJTNQQWICWEECK,PubChem,24857856,18501613
CN(C)C(=O)[C@@H](c1ccc(-c2ccc3ncnn3c2)cc1)[C@H](N)C(=O)N1CCC(F)(F)C1.O=C(O)C(F)(F)F,0,MLKTVWCOIHPLFI-HLRBRJAUSA-N,MLKTVWCOIHPLFI,data_nav_dev,CHEMBL209064,
CC(C)(C1=CC=CC=C1)N2CC[C@@H](C2)N(C)C3=C(C=C(C=C3)S(=O)(=O)NC4=CSC=N4)Cl,1,BJHKESOKFRPALP-SFHVURJKSA-N,BJHKESOKFRPALP,PubChem,132141551,6331
CC1=CC(=CC(=C1)F)C2=CC(=C(C=C2C#N)C3=NC=CC4=C3C=CC(=C4)S(=O)(=O)NC5=NN=CS5)OC,0,KDFOPKKVGHKECV-UHFFFAOYSA-N,KDFOPKKVGHKECV,PubChem,121333949,6331
COc1ccccc1-c1ncc(F)c2cc(S(=O)(=O)Nc3ncns3)ccc12,0,AHBCOCUKPIGCNM-UHFFFAOYSA-N,AHBCOCUKPIGCNM,CUPID,CUPID,
COc1ccccc1-c1c(C#N)cnc2cc(S(=O)(=O)Nc3nccs3)ccc12,0,AJMSKIHDFBXAAG-UHFFFAOYSA-N,AJMSKIHDFBXAAG,CUPID,CUPID,
CS(=O)(=O)NC(=O)C1=C(C=C(C(=C1)C2CC2)OCC3CN(C3)C(C4=CC=CC=C4)C5=CC=CC=C5)F,1,KSBYUWHBUZLDDL-UHFFFAOYSA-N,KSBYUWHBUZLDDL,PubChem,86703777,33682420
CC1=CC(=C(C=C1C2=CC(=C(N=C2)OC3=C(C=C(C=C3)Cl)Cl)Cl)F)C(=O)NS(=O)(=O)C,1,VZSJSXNJEYTOAN-UHFFFAOYSA-N,VZSJSXNJEYTOAN,PubChem,122422400,6331
O=S(=O)(Nc1nccs1)c1ccc2c(c1)OCCN2c1ccc(C(F)(F)F)c(Cl)c1,1,PGQPVUNTRHYZJA-UHFFFAOYSA-N,PGQPVUNTRHYZJA,data_nav_dev,CHEMBL3900718,
C1=CC=C(C=C1)CCCCN=C(N)NC(=O)C2=C(C(=CC=C2)Cl)Cl,1,QJPNEKGCTCGWHZ-UHFFFAOYSA-N,QJPNEKGCTCGWHZ,PubChem,22149373,11720863
COc1cc(C(F)(F)F)ccc1-c1nccc2cc(S(=O)(=O)Nc3nc(Cl)cs3)ccc12,0,RSLJEAASBNEAMV-UHFFFAOYSA-N,RSLJEAASBNEAMV,CUPID,CUPID,
O=S(=O)(Nc1ncccn1)c1cc(F)c(OC[C@@H]2CNCC[C@H]2c2ccc(Cl)cc2)cc1F,1,GUJMFDUXYXYBIE-RDJZCZTQSA-N,GUJMFDUXYXYBIE,data_nav_dev,CHEMBL3325549,
COc1cc(C(F)(F)F)ccc1-c1cccc2cc(S(=O)(=O)Nc3ncccn3)ccc12,0,XFRLPIMGOMZXNS-UHFFFAOYSA-N,XFRLPIMGOMZXNS,CUPID,CUPID,
C[C@@H](CN[C@@H]1COc2ccccc2SC1)CSc1cccc2c1OCO2,1,OWSJTLPCXYDYNN-LSDHHAIUSA-N,OWSJTLPCXYDYNN,data_nav_dev,CHEMBL549946,
CC(C)(C)OC(=O)n1cc(-c2cccc(NC(=O)c3cc[nH]c3)c2)nc1N.Cl,0,MKBSAQMAGICRME-UHFFFAOYSA-N,MKBSAQMAGICRME,data_nav_dev,CHEMBL3113248,
C1=CC=C2C(=C1)C(N(C2=O)CCC3=CC=CC=N3)C(=O)NCC4=CC=C(C=C4)C(F)(F)F,1,TTZMPKHSTNMDRT-UHFFFAOYSA-N,TTZMPKHSTNMDRT,PubChem,44544349,22770500
Cl.Nc1nc(-c2ccc(NC(=O)c3ccc[nH]3)cc2)c[nH]1,0,ZKBXJZNYYAYGCQ-UHFFFAOYSA-N,ZKBXJZNYYAYGCQ,data_nav_dev,CHEMBL3113246,
Cc1cc(Cl)ccc1-c1ccnc2cc(S(=O)(=O)Nc3ncns3)ccc12,0,VVURYSCHDHPNSP-UHFFFAOYSA-N,VVURYSCHDHPNSP,CUPID,CUPID,
CC1(C(=O)NCc2ccc(OC(F)(F)F)cc2)c2ccccc2C(=O)N1CCc1ccccn1,0,LLSVHDOQSGNTLD-UHFFFAOYSA-N,LLSVHDOQSGNTLD,CUPID,CUPID,
Cn1nccc1-c1cc(C(F)(F)F)ccc1-c1c[nH]c2nc(S(=O)(=O)Nc3ncns3)ccc12,1,GEYNDDQMIPWMAY-UHFFFAOYSA-N,GEYNDDQMIPWMAY,data_nav_dev,71259444,71259444
CCN(CC)CCNC(=O)c1c(C)[nH]c(/C=C2\C(=O)Nc3ccc(F)cc32)c1C,0,WINHZLLDWRZWRT-ATVHPVEESA-N,WINHZLLDWRZWRT,data_nav_dev,CHEMBL535,
C[C@@H](C1=CC=CC=C1)N2CC[C@@H](C2)NC3=CC(=C(C=C3Cl)S(=O)(=O)NC4=NC(=CC=C4)F)F,0,IHPFZSMRZJEGLZ-RDJZCZTQSA-N,IHPFZSMRZJEGLZ,PubChem,132154590,6331
C[C@H](C1=CC(=CN2C1=NC(=CC2=O)N3CCOCC3)C(=O)N(C)CCO)OC4=CC=CC=C4,0,IEYLWEAQUDHMKS-QGZVFWFLSA-N,IEYLWEAQUDHMKS,PubChem,118709092,25042253
O=S(=O)(Nc1ncns1)c1ccc2c(c1)OCCN2c1ccc(C(F)(F)F)cc1-c1ccncc1,1,QOBHARXOODMEIE-UHFFFAOYSA-N,QOBHARXOODMEIE,data_nav_dev,CHEMBL3952945,
COc1cc(C#N)ccc1N1C[C@H](C)Oc2cc(S(=O)(=O)Nc3nccs3)ccc21,1,TYWNGSSFIGWHOV-ZDUSSCGKSA-N,TYWNGSSFIGWHOV,data_nav_dev,CHEMBL3903688,
C1CN(CCC1(C2=CC=C(C=C2)Cl)O)CCCC(=O)C3=CC=C(C=C3)F,1,LNEPOXFFQSENCJ-UHFFFAOYSA-N,LNEPOXFFQSENCJ,PubChem,3559,21300721
O=S(=O)(Nc1ncns1)c1ccc2c(-c3ccc(C(F)(F)F)cc3Br)nccc2c1,0,ALNIHGVACDPBGX-UHFFFAOYSA-N,ALNIHGVACDPBGX,CUPID,CUPID,
CN1CCN(c2cc(C(F)(F)F)ccc2-c2cccc3c2CCN(S(=O)(=O)Nc2ncc(F)s2)C3)CC1,1,JMHSSFSYBUYYML-UHFFFAOYSA-N,JMHSSFSYBUYYML,data_nav_dev,71736899,71736899
COc1cccc(OC)c1-c1cccc2c1CCN(S(=O)(=O)Nc1ncns1)C2,1,ILPSOBRQTOEPKG-UHFFFAOYSA-N,ILPSOBRQTOEPKG,data_nav_dev,CHEMBL3683217,
CC1=CC(=CC(=C1OCCCC(=O)O)C)C2=C(C=CC(=C2)OC(F)(F)F)Cl,1,KRJOUGOTSWPYDG-UHFFFAOYSA-N,KRJOUGOTSWPYDG,PubChem,134132142,27815121
COC1=CC2=C(C=C1)N3C=CC=C3C4(N2)CCN(CC4)C(=O)C5=CC6=C(C=CC=N6)C=C5,1,PAVJTIZKZGBFDO-UHFFFAOYSA-N,PAVJTIZKZGBFDO,PubChem,118714783,25288187
CN1C2=C(C=CC(=C2)C3=C(C=CC(=C3)OC)OCC(C(F)(F)F)(F)F)C(=N1)N,0,AUKWCRZJIAHTPH-UHFFFAOYSA-N,AUKWCRZJIAHTPH,PubChem,122574413,6331
N#Cc1cc(F)ccc1N1CCOc2cc(S(=O)(=O)Nc3nccs3)ccc21,1,JYFDZTDIQZAZRQ-UHFFFAOYSA-N,JYFDZTDIQZAZRQ,data_nav_dev,89761222,89761222
COc1cc(-c2ccc(F)c(F)c2)ccc1-c1nccc2cc(S(=O)(=O)Nc3ccncn3)ccc12,0,DBDWEPROWRWNLV-UHFFFAOYSA-N,DBDWEPROWRWNLV,CUPID,CUPID,
COc1cc2nnc(C(N)=O)c(Nc3ccc(C)cc3F)c2cc1N1CCC(OC)CC1,0,OQRBJCSMJMYEHI-UHFFFAOYSA-N,OQRBJCSMJMYEHI,CUPID,CUPID,
CS(=O)(=O)NC(=O)C1=C(C=C(C(=C1)C2CC2)OCC3CCN(CC3)CC4=C(C=C(C=C4)Br)C(F)(F)F)F,1,NMBFEULXPSSJAD-UHFFFAOYSA-N,NMBFEULXPSSJAD,PubChem,118120546,6331
C[C@H](C1=CC=CC=C1)N2CCC(CC2)OC3=C(C(=C(C=C3)S(=O)(=O)NC4=CSC=N4)F)F,0,HCVUSUGAWPIPEI-OAHLLOKOSA-N,HCVUSUGAWPIPEI,PubChem,132141702,6331
CS(=O)(=O)NC(=O)c1ccc2c(-c3ccc(C(F)(F)F)c(Cl)c3)nccc2c1,0,CONXPSOEIRZIBT-UHFFFAOYSA-N,CONXPSOEIRZIBT,CUPID,CUPID,
CC1=NN(C(=C1C(=O)NC2=NC=C(C=C2)C(F)(F)F)N)C3=CC=CC=C3F,0,DLCCFCROKVWBFD-UHFFFAOYSA-N,DLCCFCROKVWBFD,PubChem,122640511,6331
Cc1ccc(N2CCOc3cc(S(=O)(=O)Nc4nccs4)ccc32)c(C)n1,1,XYUXKLIBMZUWSB-UHFFFAOYSA-N,XYUXKLIBMZUWSB,data_nav_dev,CHEMBL3905774,
CS(=O)(=O)NC(=O)C1=C(C=C(C(=C1)C2CC2)O[C@@H]3CCCN(C3)CC4=CC(=CC(=C4)Cl)Cl)F,1,DJWPADYZPFIDJN-GOSISDBHSA-N,DJWPADYZPFIDJN,PubChem,118120445,6331
C1C[C@H]2CC(C[C@@H]1N2CC3=CC(=C(C=C3C4CC4)C(=O)NS(=O)(=O)C5CC5)F)OC6=C(C(=CC(=C6)C(F)(F)F)Cl)F,1,KBORWIADDXKECA-DFNIBXOVSA-N,KBORWIADDXKECA,PubChem,118353632,6331
COc1ccccc1SC[C@H](CN[C@@H]1COc2ccccc2SC1)C(C)C,1,IPJBQLCNFFDPDU-ZWKOTPCHSA-N,IPJBQLCNFFDPDU,data_nav_dev,CHEMBL509634,
CC1=C2C(N(C(=O)C2=CC=C1)CCC3=CC=CC=N3)C(=O)NCC4=CC=C(C=C4)OC(F)(F)F,1,NARGIHUYNYFIGB-UHFFFAOYSA-N,NARGIHUYNYFIGB,PubChem,44545169,22770500
CC(C)OC1=CC=CC(=C1)CN2CC[C@@H](C2)N(C)C3=CC(=C(C=C3Cl)S(=O)(=O)NC4=CSC=N4)F,1,NZJVRPUXGKRILH-SFHVURJKSA-N,NZJVRPUXGKRILH,PubChem,132141397,6331
C1CN(CCC12C3=CC=CN3C4=C(N2)C=CC(=C4)F)C(=O)C5=CC=C(C=C5)C#N,1,FEXHXWRNUZRBAW-UHFFFAOYSA-N,FEXHXWRNUZRBAW,PubChem,70814333,25113934
C1C[C@H](CN(C1)CC2=C(C=C(C=C2)F)Cl)OC3=CC(=C(C=C3C4CC4)C(=O)NS(=O)(=O)C5CC5)F,1,AOWBBEBBSXNAJF-GOSISDBHSA-N,AOWBBEBBSXNAJF,PubChem,118120210,6331
CC1(CCC(CC1)(F)F)COC2=CC(=C(C=C2C3CC3)C(=O)NS(=O)(=O)C4CC4)F,1,XUCXIMYTIQZZHZ-UHFFFAOYSA-N,XUCXIMYTIQZZHZ,PubChem,86703474,30499663
Cc1nsc(NS(=O)(=O)c2cc(F)c(O[C@H]3CCC[C@@H]3c3ccnn3C)cc2F)n1,0,WGLIKNZYPIHIIX-ABAIWWIYSA-N,WGLIKNZYPIHIIX,data_nav_dev,156017162,156017162
N#CCOc1cc(Cl)ccc1-c1nccc2cc(S(=O)(=O)N(OC(=O)C(F)(F)F)c3nccs3)ccc12,0,NZMFICPMOIISOG-UHFFFAOYSA-N,NZMFICPMOIISOG,CUPID,CUPID,
COc1cc(-c2cccc(F)c2)c(F)cc1-c1nccc2cc(S(=O)(=O)Nc3nncs3)ccc12,0,ZSDUFJDDLYNXDL-UHFFFAOYSA-N,ZSDUFJDDLYNXDL,CUPID,CUPID,
C[C@@H](C1=CC(=CC(=C1)Cl)C(F)(F)F)N2CCC(CC2)COC3=CC(=C(C=C3C4CC4)C(=O)NS(=O)(=O)C)F,1,DDOIQOFHDMJGBP-HNNXBMFYSA-N,DDOIQOFHDMJGBP,PubChem,118110780,6331
CC(=O)N[C@@H]1C[C@H](NC(C)(C)C)CC[C@@H]1N1CC[C@H](Nc2ncnc3ccc(C(F)(F)F)cc23)C1=O,0,QAPTWHXHEYAIKG-RCOXNQKVSA-N,QAPTWHXHEYAIKG,data_nav_dev,CHEMBL4781426,
C1CC1C2=CC(=C(C=C2OCCC3CCN(CC3)CC4=CC(=CC(=C4)Cl)Cl)F)C(=O)NS(=O)(=O)C5CC5,1,WEKXUMJLGXGLNE-UHFFFAOYSA-N,WEKXUMJLGXGLNE,PubChem,118120660,6331
Cc1onc(-c2c(Cl)cccc2Cl)c1N(C)C(=O)OCc1c(F)cccc1Cl,0,WYDJTQKFXIRJPP-UHFFFAOYSA-N,WYDJTQKFXIRJPP,CUPID,CUPID,
CCCCCCCSC1=NC(=CC(=O)N1)N,1,HSQQNLBVOVGTFS-UHFFFAOYSA-N,HSQQNLBVOVGTFS,PubChem,135412290,22209205
CCN1CC(n2nccc2-c2cc(Cl)ccc2Oc2ccc(S(=O)(=O)Nc3cscn3)cc2C#N)C1,0,OGBDDOBYHJYBFF-UHFFFAOYSA-N,OGBDDOBYHJYBFF,CUPID,CUPID,
COC[C@@H](C1=C(C=C(C=C1)Cl)Cl)N2CCC(CC2)COC3=CC(=C(C=C3C4CC4)C(=O)NS(=O)(=O)C)F,1,YGLOZPVIZVIBDT-DEOSSOPVSA-N,YGLOZPVIZVIBDT,PubChem,118110916,6331
Cc1ccc(N2CCN(CC(O)COc3ccccc3C(=O)CCc3ccccc3)CC2)cc1,1,ZJYHULVNOMALBG-UHFFFAOYSA-N,ZJYHULVNOMALBG,data_nav_dev,CHEMBL1963594,
CN([C@H]1CCN(C1)CCOCC2=CC=CC=C2)C3=CC(=C(C=C3Cl)S(=O)(=O)NC4=CSC=N4)F,1,UUADQRJTNJHHOI-SFHVURJKSA-N,UUADQRJTNJHHOI,PubChem,132141907,6331
CCN=C1NC2C(OC(CO)C(F)C2O)S1,0,PMUWLFAMOSIEGD-UHFFFAOYSA-N,PMUWLFAMOSIEGD,CUPID,CUPID,
CC1=CC(=C(C=C1N(C)[C@H]2CCN(C2)CC3=CC(=CC=C3)F)F)S(=O)(=O)NC4=CSC=N4,0,AYYLGCHNORVESF-SFHVURJKSA-N,AYYLGCHNORVESF,PubChem,132141340,6331
CS(=O)(=O)NC(=O)C1=C(C=C(C(=C1)C2CC2)OCC3CCN(CC3)CC4=CC(=CC(=C4)Cl)F)F,1,AOTZMAHOBVGVQU-UHFFFAOYSA-N,AOTZMAHOBVGVQU,PubChem,118110929,6331
C1CN(CCC1OC2=C(C=C(C=C2)S(=O)(=O)NC3=NC=CS3)Cl)CC4=CC=CC=C4,0,UKUPYICVGZMJLH-UHFFFAOYSA-N,UKUPYICVGZMJLH,PubChem,132141785,6331
C1CC1C2=CC(=C(C=C2OCC3CCN(CC3)C4=CC=CC=C4)F)C(=O)NS(=O)(=O)C5CC5,1,BSGXIJLWDIVEFC-UHFFFAOYSA-N,BSGXIJLWDIVEFC,PubChem,118110486,6331
COCCS(=O)(=O)NC(=O)C1=C(C=C(C(=C1)C2CC2)OCC3CN(C3)C(C4=CC=CC=C4)C5=CC=CC=C5)F,1,BOAXLTASVFSFKZ-UHFFFAOYSA-N,BOAXLTASVFSFKZ,PubChem,118120319,6331
O=C(NC1CC1c1ccccc1)N1CCC(n2cccn2)CC1,1,PGDZKICIZRFRTP-UHFFFAOYSA-N,PGDZKICIZRFRTP,data_nav_dev,CHEMBL559101,
O=C(NCc1ccc(OC(F)(F)F)cc1)c1c2ccccc2c(O)n1CC1CC(F)(F)C1,0,AWUFGQOBRFJAER-UHFFFAOYSA-N,AWUFGQOBRFJAER,CUPID,CUPID,
O=S(=O)(Nc1nccs1)c1ccc2c(c1)OCCN2c1cccc(OC(F)F)c1,1,YMQJEMQDDDAVNP-UHFFFAOYSA-N,YMQJEMQDDDAVNP,data_nav_dev,CHEMBL3900187,
CC1=C(C(=CC=C1)C2=CN=C(N=C2)OC)CCNC(=O)C3=CN=C(C=C3)OCCC(F)(F)F,1,KMGNGWXHHXJMEM-UHFFFAOYSA-N,KMGNGWXHHXJMEM,PubChem,71451078,22939696
O=C(Nc1ccc(C(F)(F)F)cc1)N1CCC(c2nc(-c3ccccn3)no2)CC1,1,FOJGGWIJRFOXIF-UHFFFAOYSA-N,FOJGGWIJRFOXIF,data_nav_dev,44236320,44236320
C1COC2=C([C@H]1C3=C(C=C(C=C3)C(F)(F)F)N4C=CN=N4)C=CC(=C2)S(=O)(=O)NC5=NN=CC=C5,0,JTUSVQGNZSJTJQ-MRXNPFEDSA-N,JTUSVQGNZSJTJQ,PubChem,126668472,6331
O=C1c2cc(-c3ccc(OC(F)(F)F)cc3)ccc2OCCN1Cc1nccn1Cc1ccccc1,1,ZVEQUAWXTHOYCG-UHFFFAOYSA-N,ZVEQUAWXTHOYCG,data_nav_dev,CHEMBL3930048,
COc1cnc(-c2ccccc2C(F)(F)CNC(=O)c2ccc(COCC(F)(F)F)nc2)cn1,0,VAKSCAGQAFHWEJ-UHFFFAOYSA-N,VAKSCAGQAFHWEJ,CUPID,CUPID,
CC1=NC(=CC=C1)CCN2C(C3=CC=CC=C3C2=O)C(=O)NCC4=CC=C(C=C4)OC(F)(F)F,1,FNGXQPVWYXMHOW-UHFFFAOYSA-N,FNGXQPVWYXMHOW,PubChem,44545289,22770500
CCOc1cc2ncc(C(N)=O)c(Nc3ccc(C)cc3F)c2cc1N1CCN(C)CC1,0,BBUGAAUSTUTTDJ-UHFFFAOYSA-N,BBUGAAUSTUTTDJ,CUPID,CUPID,
CN(C)C1=C(C=C(C=C1)C(=O)N2CCC3(CC2)C4=CC=CN4C5=C(N3)C=C(C=C5)OC)Cl,1,RHNQUMXARXOPCS-UHFFFAOYSA-N,RHNQUMXARXOPCS,PubChem,118710326,25113934
CS(=O)(=O)NC(=O)C1=C(C=C(C(=C1)C2CC2)OCC3CCN(CC3)S(=O)(=O)C)F,0,BRXRGLWCMFHUEG-UHFFFAOYSA-N,BRXRGLWCMFHUEG,PubChem,118120186,6331
O=C1c2cc(-c3ccc(OC(F)(F)F)cc3)cc(F)c2OCCN1Cc1ccccc1,1,CNPQUOSYEPHJQV-UHFFFAOYSA-N,CNPQUOSYEPHJQV,data_nav_dev,CHEMBL3893431,
CC1=CC(=C(C=C1)F)CN2CC[C@@H](C2)N(C)C3=CC(=C(C=C3Cl)S(=O)(=O)NC4=CSC=N4)F,1,QOSKDPPDQQRPMV-INIZCTEOSA-N,QOSKDPPDQQRPMV,PubChem,132141492,6331
C1CNC[C@H](C1C2=CC=C(C=C2)Cl)COC3=C(C=C(C=C3)S(=O)(=O)NC4=NC=NS4)C#N,0,VCBUTPHQBHZMSO-UCFFOFKASA-N,VCBUTPHQBHZMSO,PubChem,117625300,6331
Cn1nccc1-c1ccccc1Oc1ccc(S(=O)(=O)Nc2nccs2)cc1C#N,0,MKSKJVIBSRUWSZ-UHFFFAOYSA-N,MKSKJVIBSRUWSZ,CUPID,CUPID,
COC1=CC2=C(C=C1)N3C=CC=C3C4(N2)CCN(CC4)C(=O)C5=CC(=CC=C5)Cl,1,YPHWAPBSPXUFOR-UHFFFAOYSA-N,YPHWAPBSPXUFOR,PubChem,53025891,25113934
O=C(c1ccccc1)c1ccccc1OCC(O)CN1CCC(N2Cc3ccccc3C2=O)CC1,0,RYNOMDCROVJNRQ-UHFFFAOYSA-N,RYNOMDCROVJNRQ,CUPID,CUPID,
Cc1nc(-c2cc(C(F)(F)F)ccc2[C@H]2CCOc3cc(S(=O)(=O)Nc4ccncn4)ccc32)co1,1,QGMBWOGCDHGIBF-GOSISDBHSA-N,QGMBWOGCDHGIBF,data_nav_dev,CHEMBL4647620,
COC1=CC=CC=C1N2C(=C(C=N2)C(=O)N3CCC4=C3C=CC(=C4)Cl)N,0,PZCYZBNSJLDDEM-UHFFFAOYSA-N,PZCYZBNSJLDDEM,PubChem,139268650,6331
CS(=O)(=O)NC(=O)C1=C(C=C(C(=C1)C2CC2)OCCC3CCN(CC3)CC4=CC(=CC(=C4)Cl)Cl)F,1,KRRQPHNWSHNADQ-UHFFFAOYSA-N,KRRQPHNWSHNADQ,PubChem,118110709,6331
CC1=C(C=C(C=C1)NC(=O)C2C3=CC=CC=C3C(=O)N2CCC4=CC=CC=N4)C,1,OMNRGNMKVRPIKA-UHFFFAOYSA-N,OMNRGNMKVRPIKA,PubChem,60200914,22770500
Cc1cccc(C)c1-c1noc(C)c1NC(=O)NCc1ccc(-n2cccn2)cc1,0,BQCUXYRACVYLPD-UHFFFAOYSA-N,BQCUXYRACVYLPD,CUPID,CUPID,
Cn1cc(C(C)(C)C)c2ccc(C(=O)NS(=O)(=O)C3CC3)cc21,0,OJJCHVDMCYESRG-UHFFFAOYSA-N,OJJCHVDMCYESRG,CUPID,CUPID,
C1CNC[C@H](C1C2=CC=C(C=C2)F)COC3=CC(=C(C=C3F)S(=O)(=O)N4C=CC=N4)F,1,RXEGZIXPUZCKFO-MYJWUSKBSA-N,RXEGZIXPUZCKFO,PubChem,117625354,6331
CCCC1=C(C=CC(=C1)C(F)(F)F)[C@@H]2CCOC3=C2C=CC(=C3)S(=O)(=O)NC4=NC=CC=N4,0,DBQLBLRTVZRTHU-IBGZPJMESA-N,DBQLBLRTVZRTHU,PubChem,126650255,6331
NC1CCC(CCNc2cc(F)c(S(=O)(=O)Nc3nccs3)cc2Cl)(c2ccccc2)CC1,0,ANLVMSBBWJNZSY-UHFFFAOYSA-N,ANLVMSBBWJNZSY,CUPID,CUPID,
CN([C@H]1CCN(C1)CC2=C(C(=CC=C2)Cl)F)C3=C(C=C(C=C3)S(=O)(=O)NC4=NC=NS4)Cl,1,KUQDSRILSXRRIC-AWEZNQCLSA-N,KUQDSRILSXRRIC,PubChem,132142459,6331
O=C(c1cccnn1)N1CCOc2ccc(-c3ccc(OC(F)(F)F)cc3)cc2C1,1,OAXHGJMRCNXHQD-UHFFFAOYSA-N,OAXHGJMRCNXHQD,data_nav_dev,CHEMBL3905935,
O=S(=O)(Nc1ncns1)c1ccc2c(-c3ccccc3)cccc2c1,0,XRVYFGWUWWIMHE-UHFFFAOYSA-N,XRVYFGWUWWIMHE,CUPID,CUPID,
CN1C=C(C2=C1C=C(C=C2)C(=O)NS(=O)(=O)C3CC3)C4C5CC6CC(C5)CC4C6,1,UARIXUNDPOKGDV-UHFFFAOYSA-N,UARIXUNDPOKGDV,PubChem,155519060,30638874
CC1=CC(=C(C=C1N(C)[C@H]2CCN(C2)CC3=NN(C=C3)CC(F)(F)F)F)S(=O)(=O)NC4=CSC=N4,0,WZUZFHXWPYKMFC-INIZCTEOSA-N,WZUZFHXWPYKMFC,PubChem,132141420,6331
CC1=CC=C(C=C1)CN2CC[C@@H](C2)N(C)C3=CC(=C(C=C3Cl)S(=O)(=O)NC4=CSC=N4)F,0,DHTLOPUCXDTVQU-KRWDZBQOSA-N,DHTLOPUCXDTVQU,PubChem,132142145,6331
CC(C(N)=O)C(N)c1nc2cc(C(C)(C)C)ccc2[nH]1,0,APWZIFIAVVFPNT-UHFFFAOYSA-N,APWZIFIAVVFPNT,CUPID,CUPID,
C1C[C@@H](CN(C1)CC2=CC(=C(C=C2C3CC3)C(=O)NS(=O)(=O)C4CC4)F)OC5=CC(=CC(=C5)Cl)Cl,1,QQSAJPXJGRDAMG-IBGZPJMESA-N,QQSAJPXJGRDAMG,PubChem,118111105,6331
O=S(=O)(Nc1ncns1)c1ccc2c(-c3ccc(C(F)(F)F)cc3-c3ccncc3)cccc2c1,0,SMOITNGFALEXMK-UHFFFAOYSA-N,SMOITNGFALEXMK,CUPID,CUPID,
O=C(NS(=O)(=O)C1CC1)c1cc(C2CC2)c(OCC2(C(F)(F)F)CCCCC2)cc1F,1,GAUCTMQMNSDYNT-UHFFFAOYSA-N,GAUCTMQMNSDYNT,data_nav_dev,CHEMBL3662229,
C1CNCC(C1C2=CC=C(C=C2)F)(COC3=CC(=C(C=C3F)S(=O)(=O)NC4=NC=NS4)F)F,0,YKHBPEAAJKQFPN-UHFFFAOYSA-N,YKHBPEAAJKQFPN,PubChem,71558274,25176194
CN([C@H]1CCN(C1)CC2=CNC3=CC=CC=C32)C4=CC(=C(C=C4Cl)S(=O)(=O)NC5=CSC=N5)F,1,DDESVDCJHQKNDE-INIZCTEOSA-N,DDESVDCJHQKNDE,PubChem,132141481,6331
COc1cc(N=C(N)NC(=O)c2ccc(C)cc2)cc(OC)c1OC,0,OERUPTYNADMLHW-UHFFFAOYSA-N,OERUPTYNADMLHW,CUPID,CUPID,
COc1cc(C(=O)NS(C)(=O)=O)c(F)cc1-c1cnc(OC2CCC2)c(Cl)c1,0,DGHAHFNJROJTII-UHFFFAOYSA-N,DGHAHFNJROJTII,CUPID,CUPID,
O=S(=O)(Nc1ccc(F)cn1)c1cc(F)c(OC2CCN(CC(F)(F)F)CC2c2ccccc2)cc1F,0,KGOQWFJQQVVJDQ-UHFFFAOYSA-N,KGOQWFJQQVVJDQ,CUPID,CUPID,
CS(=O)(=O)CCNCc1ccc(-c2ccc3ncnc(Nc4ccc(OCc5cccc(F)c5)c(Cl)c4)c3c2)o1,0,BCFGMOOMADDAQU-UHFFFAOYSA-N,BCFGMOOMADDAQU,CUPID,CUPID,
CC1=CC(=C(C=C1N(C)[C@H]2CCN(C2)CC3=CSC(=N3)C(C)C)F)S(=O)(=O)NC4=CSC=N4,1,GBKDTLKHDUBZAG-KRWDZBQOSA-N,GBKDTLKHDUBZAG,PubChem,132142101,6331
Cn1cc(CN2CCOc3ccc(-c4ccc(OC(F)(F)F)cc4)cc3C2=O)cn1,1,RYIWHFYBSKNGBK-UHFFFAOYSA-N,RYIWHFYBSKNGBK,data_nav_dev,CHEMBL3969044,
C1CCOC(C1)CNC2=CC(=C(C=C2Cl)S(=O)(=O)NC3=NC=CS3)F,1,NHSFBZYDYMUCPM-UHFFFAOYSA-N,NHSFBZYDYMUCPM,PubChem,134477264,28818462
CS(=O)(=O)NC(=O)C1=C(C=C(C(=C1)C2CC2)OCC3CCN(CC3)CC4=C(C(=CC(=C4)Cl)Cl)C#N)F,1,MYERANCLHZKYQM-UHFFFAOYSA-N,MYERANCLHZKYQM,PubChem,118120203,6331
O=S(=O)(Nc1ncns1)N1CCc2c(cccc2-c2ccc(C(F)(F)F)cc2Br)C1,1,PLHSQQYMUHVCKT-UHFFFAOYSA-N,PLHSQQYMUHVCKT,data_nav_dev,CHEMBL3683196,
C1C[C@H](CN(C1)CC2=C(C=C(C=C2)F)Cl)COC3=CC(=C(C=C3C4CC4)C(=O)NS(=O)(=O)N5CCC5)F,1,HBNLKZBNOCBHIO-QGZVFWFLSA-N,HBNLKZBNOCBHIO,PubChem,118120466,6331
C1=CC2=C(N(N=C2C=C1)CCN3C=CN=C3)C4=NC(=NO4)CNC(=O)C5=CC(=CC=C5)OC(F)(F)F,1,IWCGRJRLSWGIIP-UHFFFAOYSA-N,IWCGRJRLSWGIIP,PubChem,53239561,24601592
CCS(=O)(=O)NC(=O)C1=C(C=C(C(=C1)C2CC2)OC[C@@H]3CC[C@H](N(C3)[C@@H](C)C4=CC(=CC(=C4)Cl)Cl)C)F,1,NSVXLSVOTLNFBX-FGTMMUONSA-N,NSVXLSVOTLNFBX,PubChem,118120389,6331
CN1CCN(CC1)C2=C3C[C@@H](COC3=CC=C2)NC(=O)C4=CC=C(C=C4)OC(F)(F)F,1,FAKWTGCDJRCHLT-INIZCTEOSA-N,FAKWTGCDJRCHLT,PubChem,69213151,22832315
CS(=O)(=O)NC(=O)C1=C(C=C(C(=C1)C2CC2)OCC3CCN(CC3)CC4(CC4)C(F)(F)F)F,1,ACDMWBKWEBBWEI-UHFFFAOYSA-N,ACDMWBKWEBBWEI,PubChem,118110872,6331
C1=CC(=CC=C1C2=CC3=CC=NN3C=C2)OC(F)(F)F,1,FHOXJMONASWIJU-UHFFFAOYSA-N,FHOXJMONASWIJU,PubChem,127044563,27080178
Cc1cccc(C)c1-c1noc(C)c1N(C)C(=O)NCc1ccc(OC2CCOCC2)nc1,0,FGGFYAJILPGIFX-UHFFFAOYSA-N,FGGFYAJILPGIFX,CUPID,CUPID,
COC1=C(C=C(C(=C1)Cl)C2=CC(=CC=C2)F)C3=NC=CC4=C3C=CC(=C4)S(=O)(=O)NC5=NC=CC=N5,0,NULXMMSBEITEQN-UHFFFAOYSA-N,NULXMMSBEITEQN,PubChem,117740361,6331
CC(C)OC1=NC=C(C=C1)C2=C(C=CC(=C2)C(F)(F)F)[C@H]3CCOC4=C3C=CC(=C4)S(=O)(=O)NC5=NC=C(C=N5)F,0,ZNHHESIFEOBFSE-JOCHJYFZSA-N,ZNHHESIFEOBFSE,PubChem,126668968,6331
CS(=O)(=O)NC(=O)C1=C(C=C(C(=C1)C2CC2)OCC3CCN(CC3)CC4(CCCC4)C(F)(F)F)F,1,JCGRPZMJTUDYEM-UHFFFAOYSA-N,JCGRPZMJTUDYEM,PubChem,118111201,6331
O=S(=O)(Nc1ncns1)N1CCc2c(cccc2-c2ccc(C(F)(F)F)cc2-c2ccncc2)C1,1,OSFGOCXQCSHRKH-UHFFFAOYSA-N,OSFGOCXQCSHRKH,data_nav_dev,CHEMBL3683195,
CC(C)(O)CC(=O)N1CC2CN(c3cccc4c3cnn4-c3ccccc3F)C(=O)C2C1,0,RLXGMHWKXRLKHB-UHFFFAOYSA-N,RLXGMHWKXRLKHB,CUPID,CUPID,
CCN=C1NC2CC(O)C(CO)OC2S1,0,WYAROEYZBMXNIZ-UHFFFAOYSA-N,WYAROEYZBMXNIZ,CUPID,CUPID,
CC1=C(C=CC=C1NC(=O)C)NC2=NC(=NC=N2)N3CCC(CC3)OCC4=CC=C(C=C4)C(F)(F)F,1,UNKLXLHKQLTRFB-UHFFFAOYSA-N,UNKLXLHKQLTRFB,PubChem,53362500,21634377
O=C(c1ccc2cc(Oc3ccc(C(F)(F)F)cn3)ccc2n1)N1CCN(CC(F)(F)F)CC1,0,KJVYQCIXUQIREB-UHFFFAOYSA-N,KJVYQCIXUQIREB,CUPID,CUPID,
COC1=C(C=CC(=C1)OC2=C(C=CC(=C2)F)F)C3=NC=CC4=C3C=CC(=C4)S(=O)(=O)NC5=NN=CS5,0,AVFPQPNBWHJXTF-UHFFFAOYSA-N,AVFPQPNBWHJXTF,PubChem,117741716,6331
CC1(CCCN(C1)C(=O)NC2=CC=C(C=C2)C3=CC=CC=C3)C4=CC=CC=C4,1,SHOBDCUSXYTMQM-UHFFFAOYSA-N,SHOBDCUSXYTMQM,PubChem,46883474,19682899
C[C@H](C1=CC(=CC(=C1)Cl)Cl)N2CCC[C@@H](C2)COC3=CC(=C(C=C3C4CC4)C(=O)NS(=O)(=O)C)F,1,MDLDNPVKBYFOTI-CVEARBPZSA-N,MDLDNPVKBYFOTI,PubChem,118110799,6331
COC1=C(C=CC(=C1)C2=C(N=CC(=C2)F)OC)C3=NC=CC4=C3C=CC(=C4)S(=O)(=O)NC5=NOC=C5,0,DUIAMYXPFVZUTD-UHFFFAOYSA-N,DUIAMYXPFVZUTD,PubChem,117740709,6331
COCCC1=C(C=CC(=C1)C(F)(F)F)[C@H]2CCOC3=C2C=CC(=C3)S(=O)(=O)NC4=NC=CC=N4,0,PZCAZXJUBFLLGH-LJQANCHMSA-N,PZCAZXJUBFLLGH,PubChem,126668624,6331
CC(C1=CC=C(C=C1)OCC(F)(F)F)NC(=O)C2C3=CC=CC=C3C(=O)N2CCC4=CC=CC=N4,1,RJNKNDSSHJFMOQ-UHFFFAOYSA-N,RJNKNDSSHJFMOQ,PubChem,44544444,22770500
Cn1nccc1-c1cc(Cl)ccc1-c1cn(C)c2cc(S(=O)(=O)Nc3ncns3)ccc12,1,VNGPUXDFCYCCNK-UHFFFAOYSA-N,VNGPUXDFCYCCNK,data_nav_dev,CHEMBL2409207,
NCC(Oc1noc2ncc(-c3ccccc3Cl)cc12)c1ccccc1,0,VGOVVJRVKIMXAH-UHFFFAOYSA-N,VGOVVJRVKIMXAH,CUPID,CUPID,
CNCCN(C)C1=C(C=CC(=C1)C#N)NC2=CC(=C(C=C2Cl)S(=O)(=O)NC3=NC=C(C=C3)F)F,0,KQWPOHFBDVJMEJ-UHFFFAOYSA-N,KQWPOHFBDVJMEJ,PubChem,129136099,6331
CC1(c2ccccc2)CCCN(C(=O)Nc2ccncc2)C1,1,GHVKHDJQMCSVLZ-UHFFFAOYSA-N,GHVKHDJQMCSVLZ,data_nav_dev,CHEMBL1079362,
C1=CC(=CC=C1C2=CN3C(=CN=C3C(F)(F)F)C=C2)OC(F)(F)F,1,VXUJOFHIKATQFY-UHFFFAOYSA-N,VXUJOFHIKATQFY,PubChem,58118918,27080178
CCN=C1NC2C(O)CC(CO)OC2S1,0,XIBRBQOZJDMOOG-UHFFFAOYSA-N,XIBRBQOZJDMOOG,CUPID,CUPID,
CCCN1CCCC[C@H]1C(=O)NC2=C(C=CC=C2C)C,1,ZKMNUMMKYBVTFN-HNNXBMFYSA-N,ZKMNUMMKYBVTFN,PubChem,175805,25692452
CN([C@H]1CCN(C1)CC2=CC=CC=C2)C3=CC(=C(C=C3Br)S(=O)(=O)NC4=CSC=N4)F,0,WWVPJQZQMFPHCX-INIZCTEOSA-N,WWVPJQZQMFPHCX,PubChem,132141782,6331
O=C(NC1CCC1)c1ccc2cc(Oc3ccc(C(F)(F)F)cn3)ccc2n1,0,RLPYPXUVYDPRBB-UHFFFAOYSA-N,RLPYPXUVYDPRBB,CUPID,CUPID,
O=C1c2cc(-c3ccc(OC(F)(F)F)cc3)ccc2OCCN1Cc1ccc2c(c1)OCCO2,1,PAMPRKCCZNLXMM-UHFFFAOYSA-N,PAMPRKCCZNLXMM,data_nav_dev,CHEMBL3899176,
C1CN(CCC1NC(=O)C2=CC=CC=C2)CC(COC3=CC=C(C=C3)C(F)(F)F)O,1,LSHATFQUHCHGOI-UHFFFAOYSA-N,LSHATFQUHCHGOI,PubChem,122194675,26358159
CN([C@H]1CCN(C1)CC2=NC(=CC=C2)N3CCC3)C4=CC(=C(C=C4Cl)S(=O)(=O)NC5=CSC=N5)F,1,NQVBEWCKXHTCLT-KRWDZBQOSA-N,NQVBEWCKXHTCLT,PubChem,132141558,6331
CS(=O)(=O)NC(=O)C1=C(C=C(C(=C1)C2CC2)OCC3CCN(CC3)C(CF)C4=CC(=CC(=C4)Cl)Cl)F,1,RHLSSDADJRDXLU-UHFFFAOYSA-N,RHLSSDADJRDXLU,PubChem,118110751,6331
C[C@@H](C1=CC=CC=C1)N2CCC(CC2)OC3=C(C=C(C=C3)S(=O)(=O)NC4=NC=NC=C4)Cl,0,BWPFFXQBLODION-KRWDZBQOSA-N,BWPFFXQBLODION,PubChem,132142209,6331
C1=CC=NC(=C1)C2=C(C=CC=C2NC(=O)C3=CC=CC(=C3)C4=C(C=CC=N4)C(F)F)C(F)(F)F,1,LEGRQHYTNOZRDA-UHFFFAOYSA-N,LEGRQHYTNOZRDA,PubChem,137647771,28684121
O=C1c2cc(-c3ccc(Cl)cc3F)ccc2OCCN1Cc1ncccn1,1,OCVVFDMUQQGOCU-UHFFFAOYSA-N,OCVVFDMUQQGOCU,data_nav_dev,CHEMBL3980038,
C1COC2=C([C@H]1C3=C(C=C(C=C3)C(F)(F)F)N4CCS(=O)(=O)CC4)C=CC(=C2)S(=O)(=O)NC5=NN=CC=C5,0,FACWJEDWJKKZLU-GOSISDBHSA-N,FACWJEDWJKKZLU,PubChem,126668738,6331
COc1cccc(SC[C@@H](C)CN[C@@H]2COc3ccccc3SC2)c1O,1,CFGOROLVNZALOQ-LSDHHAIUSA-N,CFGOROLVNZALOQ,data_nav_dev,CHEMBL551698,
COc1ccc(N2CCOc3cc(S(=O)(=O)Nc4nccs4)ccc32)c(OC)c1,1,RTYLJDUZJLKAPJ-UHFFFAOYSA-N,RTYLJDUZJLKAPJ,data_nav_dev,CHEMBL3921824,
COc1cc(C(=O)NS(C)(=O)=O)c(F)cc1-c1cnc(OCC2(C)CC2)c(Cl)c1,0,BQKXHBXBKVZFPO-UHFFFAOYSA-N,BQKXHBXBKVZFPO,CUPID,CUPID,
O=C(c1cnccn1)N1CCOc2ccc(-c3ccc(OC(F)(F)F)cc3)cc2C1,1,LRPXFCIACYZBAP-UHFFFAOYSA-N,LRPXFCIACYZBAP,data_nav_dev,CHEMBL3969863,
Cn1cc(C2CCNCC2)c2ccc(C(=O)NS(=O)(=O)C3CC3)cc21,0,JDKCHSZISYSFFH-UHFFFAOYSA-N,JDKCHSZISYSFFH,CUPID,CUPID,
Cn1nccc1-c1cc(Cl)ccc1-c1c[nH]c2cc(S(=O)(=O)Nc3ncns3)ccc12,1,BDYASZPNXBPNKB-UHFFFAOYSA-N,BDYASZPNXBPNKB,data_nav_dev,CHEMBL3704399,
O=C(NC[C@@H](Cc1ccccc1)N1CCC(O)(C(F)(F)F)CC1)C1(c2ccc(Cl)cc2)CCCC1,1,PAEBEJVPSADOMC-HSZRJFAPSA-N,PAEBEJVPSADOMC,data_nav_dev,121304827,121304827
O=C1c2cc(-c3ccc(OC(F)(F)F)cc3)ccc2OCCN1CCn1cccn1,1,JESDSBCOTISVEB-UHFFFAOYSA-N,JESDSBCOTISVEB,data_nav_dev,CHEMBL3901768,
O=C(Nc1cnc(Cl)nc1)c1ccc(F)c(F)c1,0,IIBSHMFXVWTQSJ-UHFFFAOYSA-N,IIBSHMFXVWTQSJ,CUPID,CUPID,
COc1cc(F)ccc1-c1ncnc2cc(S(=O)(=O)Nc3nccs3)ccc12,0,IXZSJZOSZPPMOT-UHFFFAOYSA-N,IXZSJZOSZPPMOT,CUPID,CUPID,
C[C@H](C1=CC=C(C=C1)OC(F)(F)F)N2CCC(CC2)(C)COC3=CC(=C(C=C3C4CC4)C(=O)NS(=O)(=O)C)F,1,GMQMLOXLGZOQFR-QGZVFWFLSA-N,GMQMLOXLGZOQFR,PubChem,118111119,6331
CS(=O)(=O)NC(=O)C1=CC(=C(C=C1F)OCC2CN(C2)C(C3=CC=CC=C3)C4=CC=CC=C4)Cl,1,YUDSOPSBYJDZMS-UHFFFAOYSA-N,YUDSOPSBYJDZMS,PubChem,86703776,6331
O=S(=O)(Nc1ncc(F)s1)N1CCc2c(cccc2-c2ccc(C(F)(F)F)cc2C2=CCNCC2)C1,1,JDTSMWBMEDXGCW-UHFFFAOYSA-N,JDTSMWBMEDXGCW,data_nav_dev,71736589,71736589
CC1=CC(=C(C=C1N(C)[C@H]2CCN(C2)CC3=C(C=CC=N3)OC(C)C)F)S(=O)(=O)NC4=CSC=N4,0,DCTAUZVFGDHILI-SFHVURJKSA-N,DCTAUZVFGDHILI,PubChem,132142502,6331
CCCCC1=NC2=C(O1)C=CC(=C2)C(=O)N3CCC4(CC3)C5=CC=CN5C6=C(N4)C=C(C=C6)OC,1,OMHJTLHCDDLJNN-UHFFFAOYSA-N,OMHJTLHCDDLJNN,PubChem,90700276,25288187
CC1=C(C=CC=C1F)N2C(=C(C=N2)C(=O)N3CCC4=C3C=CC(=C4)Cl)N,0,SBYWYJFOTFVRCK-UHFFFAOYSA-N,SBYWYJFOTFVRCK,PubChem,122640466,6331
CS(=O)(=O)NC(=O)C1=C(C=C(C(=C1)C2CC2)O[C@@H]3CCCN(C3)CC4=C(C(=CC(=C4)C(F)(F)F)Cl)F)F,1,IZFIUFGSCXTJMM-MRXNPFEDSA-N,IZFIUFGSCXTJMM,PubChem,118120596,6331
Cn1cc(-c2ccc(C(F)(F)F)cc2-c2ccncc2)c2ccc(S(=O)(=O)Nc3ncns3)cc21,1,NOFWVCGRUPOVAV-UHFFFAOYSA-N,NOFWVCGRUPOVAV,data_nav_dev,71259375,71259375
C1CC1CS(=O)(=O)NC(=O)C2=C(C=C(C(=C2)C3CC3)OCC4CN(C4)C(C5=CC=CC=C5)C6=CC=CC=C6)F,1,QMMKZCBSRMHBGN-UHFFFAOYSA-N,QMMKZCBSRMHBGN,PubChem,118120306,6331
COC1=C(C=C(C(=C1)C2=CC(=CC=C2)C(F)(F)F)F)C3=NC=CC4=C3C=CC(=C4)S(=O)(=O)NC5=NOC=C5,0,HNKNKWOBIYGMKR-UHFFFAOYSA-N,HNKNKWOBIYGMKR,CUPID,121333973,6331
CC1=CC(=C(C=C1C)C2=CC(=C(C=C2C#N)C3=NC=CC4=C3C=CC(=C4)S(=O)(=O)NC5=NC=NC=C5)OC)C,0,UUUIYGBJQNGORK-UHFFFAOYSA-N,UUUIYGBJQNGORK,PubChem,121333956,6331
C1CC(COC1)NC2=CC(=C(C=C2Cl)S(=O)(=O)NC3=NC=CS3)F,1,ZKWDXPWWNHFPCB-UHFFFAOYSA-N,ZKWDXPWWNHFPCB,PubChem,137662114,28818462
CN([C@H]1CCN(C1)CC2=CC=CC=C2)C3=CC(=C(C=C3C4CC4)S(=O)(=O)NC5=CSC=N5)F,0,YYZGEPVDEIZZBG-IBGZPJMESA-N,YYZGEPVDEIZZBG,PubChem,132142085,6331
N#Cc1ccc(N2CCOc3cc(S(=O)(=O)Nc4nccs4)ccc32)cc1,1,FKXZJNGFUIIZEB-UHFFFAOYSA-N,FKXZJNGFUIIZEB,data_nav_dev,CHEMBL3939449,
COc1cnc(-c2cccc3c2CC(NC(=O)c2ccc(OCC(F)(F)F)nc2)CO3)cn1,0,XIEZGHCOLVZNLM-UHFFFAOYSA-N,XIEZGHCOLVZNLM,CUPID,CUPID,
CN([C@H]1CCN(C1)CCCC2=CC=CC=C2)C3=CC(=C(C=C3Cl)S(=O)(=O)NC4=CSC=N4)F,1,SQPBPXFPQWHESU-SFHVURJKSA-N,SQPBPXFPQWHESU,PubChem,132141646,6331
COc1ncc(-c2cc(C)cnc2CCNC(=O)c2ccc(COCC(F)(F)F)nc2)cn1,0,ZBFFVKAVOLWHAN-UHFFFAOYSA-N,ZBFFVKAVOLWHAN,CUPID,CUPID,
CC(C)(C)OC(=O)n1cc(-c2ccc(NC(=O)c3ccc[nH]3)cc2)nc1N,0,XXEGFBYTULJGTG-UHFFFAOYSA-N,XXEGFBYTULJGTG,CUPID,CUPID,
C1CCN(C1)CC2(CC2)CNC3=CC(=C(C=C3Cl)S(=O)(=O)NC4=NC=CS4)F,1,XQNPGEXHLFHSFB-UHFFFAOYSA-N,XQNPGEXHLFHSFB,PubChem,134477177,28234467
O=S(=O)(Nc1nccs1)c1ccc2c(-c3ccc(C(F)(F)F)cc3Cl)nccc2c1,0,LQLSAATTXQTGOX-UHFFFAOYSA-N,LQLSAATTXQTGOX,CUPID,CUPID,
O=C1c2cc(-c3ccc(OC(F)(F)F)cc3)ccc2OCCN1Cc1ccccn1,1,JSXVJQKBNRXYDB-UHFFFAOYSA-N,JSXVJQKBNRXYDB,data_nav_dev,CHEMBL3932141,
CCS(=O)(=O)NC(=O)C1=C(C=C(C(=C1)C2CC2)OCC3CCN(CC3)[C@@H](C)C4=C(C=C(C=C4)Cl)Cl)F,1,JOYIGLXPDBYYRY-INIZCTEOSA-N,JOYIGLXPDBYYRY,PubChem,118111234,6331
CN1CC[C@@H]([C@H](C1)COC2=CC(=C(C=C2F)S(=O)(=O)NC3=NC=NS3)F)C4=CC=C(C=C4)Cl,0,LDZNFFGWKHAEMM-GDBMZVCRSA-N,LDZNFFGWKHAEMM,PubChem,71557789,25176194
CC1=CC(=CC(=C1OC2=C(C=C(C=N2)C3=CC(=C(C=C3C)C(=O)NS(=O)(=O)C)F)Cl)C)Cl,1,BLESOVCAUDKXKJ-UHFFFAOYSA-N,BLESOVCAUDKXKJ,PubChem,122422452,6331
C1CN(CCC1C2=C3C(=CC=C2)NC(=O)CO3)CC(COC4=CC=CC=C4C(=O)C5=CC=CC=C5)O,1,QVTFMRCALHRROQ-UHFFFAOYSA-N,QVTFMRCALHRROQ,PubChem,122196009,26358159
CCOC1=C(C=C2C(=C1)N=CC(=C2NC3=C(C(=CC=C3)Cl)Cl)C(=O)N)N4CCN(CC4)C,1,KOGCUICFFHZSOM-UHFFFAOYSA-N,KOGCUICFFHZSOM,PubChem,24759558,23842474
Cn1nccc1-c1cc(C(F)(F)F)ccc1-c1cccc2c1CCN(S(=O)(=O)Nc1nccs1)C2,1,NORLXSKHKCEGDU-UHFFFAOYSA-N,NORLXSKHKCEGDU,data_nav_dev,89815597,89815597
COC1=C(C=C(C(=C1)C2=CC=C(C=C2)F)C#N)C3=NC=CC4=C3C=CC(=C4)S(=O)(=O)NC5=NN=CS5,0,NDIZXXANWDBFSP-UHFFFAOYSA-N,NDIZXXANWDBFSP,PubChem,117741692,6331
[C-]#[N+]c1cc(C(F)(F)F)ccc1-c1cccc2cc(S(=O)(=O)Nc3ncns3)ccc12,0,DLDIQVPOESVMAI-UHFFFAOYSA-N,DLDIQVPOESVMAI,CUPID,CUPID,
Cn1nccc1-c1cc(C(F)(F)F)ccc1-c1cn(C)c2cc(S(=O)(=O)Nc3ccncn3)ccc12,1,QXSKCQSXBLWLMF-UHFFFAOYSA-N,QXSKCQSXBLWLMF,data_nav_dev,CHEMBL3704407,
COC1=C(C=CC(=C1)C2=CC(=CC=C2)C(F)(F)F)C3=NC=CC4=C3C=CC(=C4)S(=O)(=O)NC5=NOC=C5,0,IAJAWXPAFQZEHK-UHFFFAOYSA-N,IAJAWXPAFQZEHK,PubChem,117753929,6331
C1CC2(CCCN2C1)CNC3=CC(=C(C=C3Cl)S(=O)(=O)NC4=NC=C(S4)F)F,1,CSOHOVNDSVOKJI-UHFFFAOYSA-N,CSOHOVNDSVOKJI,PubChem,118109356,28389149
COc1cc(Cl)c(Cl)cc1-c1nccc2cc(S(=O)(=O)Nc3nccs3)ccc12,0,BJNLXQLLONDCHA-UHFFFAOYSA-N,BJNLXQLLONDCHA,CUPID,CUPID,
C1CC1C2=CC(=C(C=C2OCC3CCN(CC3)S(=O)(=O)C4=CC=C(C=C4)OC(F)(F)F)F)C(=O)NS(=O)(=O)C5CC5,1,VDOLFGHRDHGMCS-UHFFFAOYSA-N,VDOLFGHRDHGMCS,PubChem,118120456,6331
COC1=C(C=CC(=C1)C2=C(N=CC(=C2)F)OC)C3=C4C=CC(=CC4=NC=C3)S(=O)(=O)NC5=NN=CS5,0,YTURADOIXXSNOU-UHFFFAOYSA-N,YTURADOIXXSNOU,PubChem,139208260,6331
C1COC2=C([C@H]1C3=C(C=C(C=C3)C(F)(F)F)C4=CN=C(C=C4)F)C=CC(=C2)S(=O)(=O)NC5=NC=C(C=N5)F,0,ZRPPQZMKRPMVNX-LJQANCHMSA-N,ZRPPQZMKRPMVNX,PubChem,135196618,32368909
C1=CC(=CC(=C1)C(F)(F)F)C2=CC(=C(C=C2)C3=NC=CC4=C3C=CC(=C4)S(=O)(=O)NC5=NOC=C5)CO,0,KGUGBHRQVOSCDJ-UHFFFAOYSA-N,KGUGBHRQVOSCDJ,PubChem,121333908,6331
C1CC1C2=CC(=C(C=C2OCC3CCN(CC3)S(=O)(=O)C4CCOCC4)F)C(=O)NS(=O)(=O)C5CC5,1,KMUOUXHADDVWRU-UHFFFAOYSA-N,KMUOUXHADDVWRU,PubChem,118120413,6331
O=C(c1ccccc1)N1CCOc2ccc(-c3ccc(OC(F)(F)F)cc3)cc2C1,1,ZVLQQFIHOJBWBD-UHFFFAOYSA-N,ZVLQQFIHOJBWBD,data_nav_dev,CHEMBL3978585,
CS(=O)(=O)NC(=O)C1=C(C=C(C(=C1)C2CC2)OC[C@@H]3CCCN(C3)CC4=CC(=CC(=C4)Cl)Cl)F,1,CBIUHBBBOUSNQK-OAHLLOKOSA-N,CBIUHBBBOUSNQK,PubChem,118111379,6331
CS(=O)(=O)NC(=O)C1=C(C=C(C(=C1)C2CC2)OCC3CN(C3)[C@H](C4=CC=CC=C4)C5=CC=C(C=C5)OC(F)(F)F)F,1,FQIILMZKICAGTI-HHHXNRCGSA-N,FQIILMZKICAGTI,PubChem,118110838,6331
C1CC1C2=CC(=C(C=C2OCC3CCN(CC3)S(=O)(=O)C4=CC(=C(C(=C4)F)F)F)F)C(=O)NS(=O)(=O)C5CC5,1,OXLXEJBCNSQASQ-UHFFFAOYSA-N,OXLXEJBCNSQASQ,PubChem,118120683,6331
CC1=C(C=CC(=C1)C2=CC(=C(C=C2C#N)C3=NC=CC4=C3C=CC(=C4)S(=O)(=O)NC5=NC=NC=C5)OC)F,0,HVQNKXBNKDXNOG-UHFFFAOYSA-N,HVQNKXBNKDXNOG,PubChem,121333897,6331
O=S(=O)(Nc1cncc(C(F)(F)F)c1)c1ccccc1C(F)(F)F,0,SNONARCBEJVSFG-UHFFFAOYSA-N,SNONARCBEJVSFG,CUPID,CUPID,
C1CN(CCC1OC2=C(C=C(C=C2)S(=O)(=O)NC3=NC(=CC=C3)F)Cl)CC4=CC=CC=C4,0,SLDHDWBYHPDXLV-UHFFFAOYSA-N,SLDHDWBYHPDXLV,PubChem,132141974,6331
COc1cc(C(F)(F)F)ccc1-c1cccc2c1CN(S(=O)(=O)Nc1ncns1)CC2,1,OBDBXEXADWBFBG-UHFFFAOYSA-N,OBDBXEXADWBFBG,data_nav_dev,CHEMBL3683238,
Cc1cccc(C(=O)N2CCOc3ccc(-c4ccc(OC(F)(F)F)cc4)cc3C2)n1,1,IGCNDQFDPNIHBE-UHFFFAOYSA-N,IGCNDQFDPNIHBE,data_nav_dev,CHEMBL3930330,
O=C1c2cc(CCc3ccc(C(F)(F)F)cc3)ccc2OCCN1Cc1ccccn1,1,FCZUTLDIHOXXHU-UHFFFAOYSA-N,FCZUTLDIHOXXHU,data_nav_dev,CHEMBL3914962,
COC1=C(C=CC(=C1)C2=CC(=CC(=C2)F)F)C3=NC=CC4=C3C=CC(=C4)S(=O)(=O)NC5=NC=CC=N5,0,ZIKDQRJJUIMSAX-UHFFFAOYSA-N,ZIKDQRJJUIMSAX,PubChem,121333876,6331
N#Cc1ccc(OC2C3C4CC(CC4=O)C3CC2N2CCCC(N)C2)cc1,0,IRQSLZMCJNUIOZ-UHFFFAOYSA-N,IRQSLZMCJNUIOZ,CUPID,CUPID,
COc1cc(-c2cccc(C(F)(F)F)c2)c(Cl)cc1-n1c(=O)ccc2cc(S(=O)(=O)Nc3ccon3)ccc21,0,RBMIPBOQLVUBKL-UHFFFAOYSA-N,RBMIPBOQLVUBKL,CUPID,CUPID,
O=S(=O)(Nc1nccs1)c1cc(Cl)c(NCC23CCCCN2CCCC3)cc1F,0,RJCFHJAHXZNRRQ-UHFFFAOYSA-N,RJCFHJAHXZNRRQ,CUPID,CUPID,
O=C(NS(=O)(=O)N1CCC1)c1cc(C2CC2)c(OCC23CCCCC2C3)cc1F,1,KDOYGXBJAYKYQW-UHFFFAOYSA-N,KDOYGXBJAYKYQW,data_nav_dev,86703669,86703669
C1CN(CCC12C3=CC=CN3C4=C(N2)C=CC(=C4)Br)C(=O)C5=CC=C(C=C5)C#N,1,OPJWBGURYRRFOL-UHFFFAOYSA-N,OPJWBGURYRRFOL,PubChem,70814244,25113934
CC1=C(C=C(C=C1)OC2=CC(=C(C=C2)C3=NC=CC4=C3C=CC(=C4)S(=O)(=O)NC5=NC=NC=C5)OC)F,0,UMEXAYHTRCODNK-UHFFFAOYSA-N,UMEXAYHTRCODNK,PubChem,121333970,6331
O=C(NC1CC1c1ccccc1)N1CCC(c2nc(-c3cnccn3)no2)CC1,1,RUMNCJSUPKAMTM-UHFFFAOYSA-N,RUMNCJSUPKAMTM,data_nav_dev,CHEMBL557032,
CS(=O)(=O)NC(=O)C1=C(C=C(C(=C1)C2CC2)OCC3CCN(CC3)[C@H](C4=CC(=CC(=C4)Cl)Cl)C(F)F)F,1,NDHYFBZFYCXQJV-HSZRJFAPSA-N,NDHYFBZFYCXQJV,PubChem,118110970,6331
Cc1nsc(NS(=O)(=O)c2ccc3c(c2)OCCN3c2ccc(C(F)(F)F)cc2Cl)n1,1,FLEKOYVKGHAPNA-UHFFFAOYSA-N,FLEKOYVKGHAPNA,data_nav_dev,CHEMBL3960217,
Cc1cc(=O)c2c(F)cncc2n1-c1c(Cl)cc(C#N)cc1Cl,0,MLKRCEWWRVAFRU-UHFFFAOYSA-N,MLKRCEWWRVAFRU,CUPID,CUPID,
CS(=O)(=O)NC(=O)C1=C(C=C(C(=C1)C2CC2)OCC3CCN(CC3)C(=O)C4=CC(=C(C=C4)Cl)Cl)F,1,AKHTUBXJXVMYPP-UHFFFAOYSA-N,AKHTUBXJXVMYPP,PubChem,118110769,6331
CN([C@H]1CCN(C1)CC2=CC=C(C=C2)Cl)C3=CC(=C(C=C3Cl)S(=O)(=O)NC4=CSC=N4)F,1,FWSYYXGCYCAYFJ-INIZCTEOSA-N,FWSYYXGCYCAYFJ,PubChem,132141673,6331
CN1CCCc2cc(NC(=O)c3ccc(-c4ccc(Cl)cc4)o3)ccc21,1,JQDQZOXTHDIVIV-UHFFFAOYSA-N,JQDQZOXTHDIVIV,data_nav_dev,CHEMBL250877,
CN([C@H]1CCN(C1)CC2=NC(=CC=C2)OC)C3=CC(=C(C=C3Cl)S(=O)(=O)NC4=CSC=N4)F,0,SYIMLQDKCUQRPH-HNNXBMFYSA-N,SYIMLQDKCUQRPH,PubChem,132141412,6331
O=C(NCc1ccc(OC(F)(F)F)cc1)C1c2ccccc2C(=O)N1CCc1ncccn1,1,MRGFDPDQMSJIJC-UHFFFAOYSA-N,MRGFDPDQMSJIJC,data_nav_dev,44544853,44544853
C1=C(C=C2C(=C1C(F)(F)F)N=C(N2)CCCN)C(F)(F)F,1,MEPTTXLFPKJMDP-UHFFFAOYSA-N,MEPTTXLFPKJMDP,PubChem,60194129,6331
CC1=CC=C(C=C1)C(=O)NC(=NCCC2=CNC3=C2C=C(C=C3)OC)N,1,MWVDXILYDYYTKX-UHFFFAOYSA-N,MWVDXILYDYYTKX,PubChem,44337110,11720863
CC(C)(N)c1nc(-c2ccc(OC(F)(F)F)cc2)c[nH]1,0,AGORGFNWYAUYSU-UHFFFAOYSA-N,AGORGFNWYAUYSU,CUPID,CUPID,
COC1=C(C=C(C(=C1)C2=C(N=CC(=C2)F)OC)C#N)C3=NC=NC4=C3C=CC(=C4)S(=O)(=O)NC5=NOC=C5,0,IQRUWIGHLQHSOR-UHFFFAOYSA-N,IQRUWIGHLQHSOR,PubChem,117740682,6331
CN1CC=C(c2cc(C(F)(F)F)ccc2-c2cccc3c2CCN(S(=O)(=O)Nc2ncc(F)s2)C3)CC1,1,JIHSVBWAKKLMNO-UHFFFAOYSA-N,JIHSVBWAKKLMNO,data_nav_dev,CHEMBL3683251,
O=C(NC1CC1c1ccccc1)N1CCC(c2nc(-c3ncccn3)no2)CC1,1,DIYUAKHOKKCOEE-UHFFFAOYSA-N,DIYUAKHOKKCOEE,data_nav_dev,CHEMBL551517,
C[C@H]1CCCN([C@H]1C)C(=O)C2=C(SC(=N2)NC3=C(C=C(C=C3)Cl)F)C,1,ODUIXUGXPFKQLG-QWRGUYRKSA-N,ODUIXUGXPFKQLG,PubChem,71818575,23886683
COc1cc(-c2ccc(F)c(F)c2)ccc1-c1ncnc2cc(S(=O)(=O)Nc3nncs3)ccc12,0,ULPYDMZVHNOVOF-UHFFFAOYSA-N,ULPYDMZVHNOVOF,CUPID,CUPID,
C1[C@]2(C3=CC=CC=C3N(C2=O)CC4=CC=C(O4)C(F)(F)F)C5=CC6=C(C=C5O1)OCO6,1,NEBUOXBYNAHKFV-NRFANRHFSA-N,NEBUOXBYNAHKFV,PubChem,49836093,31012583
O=S(=O)(Nc1nncs1)c1cc(F)c(OC[C@@H]2CNCC[C@H]2c2ccc(Cl)cc2)cc1F,1,OGCZSSQTZGUXFG-ZFWWWQNUSA-N,OGCZSSQTZGUXFG,data_nav_dev,89556028,89556028
CCS(=O)(=O)NC(=O)C1=C(C=C(C(=C1)C2CC2)OCC3CCN(CC3)[C@](C)(COC)C4=CC(=CC(=C4)Cl)Cl)F,1,VCFCDMFIOHFMNG-MUUNZHRXSA-N,VCFCDMFIOHFMNG,PubChem,118110825,6331
C[C@@H]1CNCCN1C2=C(C=CC(=C2)Cl)NC3=CC(=C(C=C3Cl)S(=O)(=O)NC4=CSC=N4)F,1,VOSSNSIEJUUTNA-GFCCVEGCSA-N,VOSSNSIEJUUTNA,PubChem,135325205,6331
Cn1cc(-c2cccc(C#N)c2)c2ccc(S(=O)(=O)Nc3ncns3)cc21,1,NWRHDFNHLJGYFM-UHFFFAOYSA-N,NWRHDFNHLJGYFM,data_nav_dev,71259691,71259691
O=S(=O)(Nc1ncns1)c1ccc2c(-c3ccc(C(F)(F)F)cc3F)cccc2c1,0,GUGIHZAOMVETRH-UHFFFAOYSA-N,GUGIHZAOMVETRH,CUPID,CUPID,
C1COC2=CC(=C(C=C2N1C3=C(C=C(C=C3)C(F)(F)F)C#N)Cl)S(=O)(=O)NC4=NC=CS4,1,SHCCRGIIPVJFHB-UHFFFAOYSA-N,SHCCRGIIPVJFHB,PubChem,71711363,28629594
COc1ccc(C(F)(F)F)cc1N1CCOc2cc(S(=O)(=O)Nc3nccs3)ccc21,1,MYSWDWTYUYBQPI-UHFFFAOYSA-N,MYSWDWTYUYBQPI,data_nav_dev,CHEMBL3927096,
CS(=O)(=O)NC(=O)C1=C(C=C(C(=C1)C2CC2)OCC3CCN(CC3)C(=O)C4=CC=CC=C4)F,1,TYRQBUPPLCBEGC-UHFFFAOYSA-N,TYRQBUPPLCBEGC,PubChem,118120732,6331
CC1(CN(C1)C2=C(C=C(C=N2)Cl)F)COC3=CC(=C(C=C3C4CC4)C(=O)NS(=O)(=O)C5CC5)F,1,PBBRTUUYKGXANR-UHFFFAOYSA-N,PBBRTUUYKGXANR,PubChem,118120569,6331
COC1=C(C=CC(=C1)C(F)(F)F)OCC(CN2CCC(CC2)N3CC4=CC=CC=C4C3=O)O,1,YALYZRWQAGAROS-UHFFFAOYSA-N,YALYZRWQAGAROS,PubChem,122194671,26358159
C[C@H](C1=CC=CC=C1)N2CCC(CC2)OC3=C(C(=C(C=C3)S(=O)(=O)NC4=CSC=N4)F)Cl,0,JGMCBLKQTRXOCD-OAHLLOKOSA-N,JGMCBLKQTRXOCD,PubChem,132141649,6331
O=C(CN1CCN(c2cccc3c2cnn3-c2ccccc2F)C1=O)N1CCC(F)C1,0,VVMSTQZOIKYVBV-UHFFFAOYSA-N,VVMSTQZOIKYVBV,CUPID,CUPID,
C1CN(C[C@@H]([C@H]1OC2=CC(=C(C=C2F)S(=O)(=O)NC3=NC(=CC=C3)F)F)C4=C(C=C(C=C4)F)F)CC(F)(F)F,1,VBLCBSQHABJKEB-BEFAXECRSA-N,VBLCBSQHABJKEB,PubChem,164613723,34044121
CN([C@H]1CCN(C1)CC2=CC=CN2)C3=CC(=C(C=C3Cl)S(=O)(=O)NC4=CSC=N4)F,0,KNGYMSOCAAKEER-AWEZNQCLSA-N,KNGYMSOCAAKEER,PubChem,132141867,6331
COc1cc(-c2ccc(F)c(C)c2)c(F)cc1-n1c(=O)ccc2cc(S(=O)(=O)Nc3ccon3)c(F)cc21,1,TVPPCCLUHPATAW-UHFFFAOYSA-N,TVPPCCLUHPATAW,data_nav_dev,124221928,124221928
N#Cc1cc(S(=O)(=O)Nc2ncns2)ccc1Oc1ccc(C(F)(F)F)cc1-c1ccnnc1,0,XURGDBWYPRLMBT-UHFFFAOYSA-N,XURGDBWYPRLMBT,CUPID,CUPID,
COC1=C(C=C(C(=C1)C2=CC(=CC=C2)Cl)C#N)C3=NC=CC4=C3C=CC(=C4)S(=O)(=O)NC5=NOC=C5,0,DAFKHVUMDWRMNW-UHFFFAOYSA-N,DAFKHVUMDWRMNW,PubChem,121333966,6331
Cc1noc(C2CCN(C(=O)NC3CC3c3ccccc3)CC2)n1,1,QTDLNCWVZXZPRJ-UHFFFAOYSA-N,QTDLNCWVZXZPRJ,data_nav_dev,CHEMBL564547,
CCN([C@H]1CCN(C1)CC2=CC=CC=C2)C3=CC(=C(C=C3Cl)S(=O)(=O)NC4=CSC=N4)F,0,HQKYPRIQMLDJBN-KRWDZBQOSA-N,HQKYPRIQMLDJBN,PubChem,132141449,6331
Cc1ccc(N2CCOc3cc(S(=O)(=O)Nc4nccs4)ccc32)cc1F,1,RKXMDDHVNYARCB-UHFFFAOYSA-N,RKXMDDHVNYARCB,data_nav_dev,89761478,89761478
C[C@H](C1=CC=C(C=C1)F)N2CCC[C@H](C2)OC3=CC(=C(C=C3C4CC4)C(=O)NS(=O)(=O)C5CC5)F,1,FLRIBHCWDYEBHH-OXQOHEQNSA-N,FLRIBHCWDYEBHH,PubChem,118120633,6331
C1CC1C2=CC(=C(C=C2CN3CCC(CC3)OC4=C(C=C(C=C4)Cl)Cl)F)C(=O)NS(=O)(=O)C5CC5,1,KUMPJXNTDAOIIF-UHFFFAOYSA-N,KUMPJXNTDAOIIF,PubChem,118111300,6331
CC1CC=C(c2ccc3c(c2)C(=O)N(Cc2ncccn2)CCO3)CC1,1,DHKRYOBGCPJNTB-UHFFFAOYSA-N,DHKRYOBGCPJNTB,data_nav_dev,CHEMBL3970769,
O=S(=O)(Nc1ncns1)c1ccc2c(-c3ccccc3Cl)cccc2c1,0,ABSMIWMYWIPYHY-UHFFFAOYSA-N,ABSMIWMYWIPYHY,CUPID,CUPID,
CC1=CC(=C(C=C1N(C)[C@H]2CCN(C2)CC3=COC(=N3)C(C)C)F)S(=O)(=O)NC4=CSC=N4,0,GSEUTKWLGVPXMR-KRWDZBQOSA-N,GSEUTKWLGVPXMR,PubChem,132142487,6331
CC1=C(C(=C(C=C1O[C@H]2CCN(C2)CC3=CC=CC=C3)F)S(=O)(=O)NC4=CSC=N4)F,0,MIKRXKNNZKPCCK-INIZCTEOSA-N,MIKRXKNNZKPCCK,PubChem,132142044,6331
O=C(c1ccc2cc(Oc3ccc(C(F)(F)F)cn3)ccc2n1)N1CC(F)(F)C1,0,SJPWYPFQPIGEAJ-UHFFFAOYSA-N,SJPWYPFQPIGEAJ,CUPID,CUPID,
CS(=O)(=O)NC(=O)C1=C(C=C(C(=C1)C2CC2)O[C@@H]3CCCN(C3)CC4=CC(=C(C=C4)Cl)Cl)F,1,SOYDVTHEUGZZEM-MRXNPFEDSA-N,SOYDVTHEUGZZEM,PubChem,118110874,6331
C1CCN(C1)S(=O)(=O)NC(=O)C2=C(C=C(C(=C2)C3CC3)OCC45CC6CC(C4)CC(C6)C5)F,1,OZPDALRKJRELDR-UHFFFAOYSA-N,OZPDALRKJRELDR,PubChem,90016242,33682420
COC[C@H](C1=CC(=CC(=C1)Cl)Cl)N2CCC(CC2)COC3=CC(=C(C=C3C4CC4)C(=O)NS(=O)(=O)N5CCC5)F,1,KBNXSZUPQRGYNY-AREMUKBSSA-N,KBNXSZUPQRGYNY,PubChem,118110856,6331
CC1(CNCCC1OC2=C(C=C(C=C2)S(=O)(=O)NC3=NC=NS3)Cl)C,0,OKVAXQPHQUEGIR-UHFFFAOYSA-N,OKVAXQPHQUEGIR,PubChem,132142444,6331
C1COC2=C(N1C3=C(C=C(C=C3)C(F)(F)F)C#N)C(=CC(=C2)S(=O)(=O)NC4=NC=CS4)F,1,UZISDSQSQIPNGM-UHFFFAOYSA-N,UZISDSQSQIPNGM,PubChem,89761608,28629594
COc1cccc2c1C(C(=O)NCc1ccc(OC(F)(F)F)cc1)N(CCc1ccccn1)C2=O,0,XMLGSGMGTMYMQE-UHFFFAOYSA-N,XMLGSGMGTMYMQE,data_nav_dev,CHEMBL2164037,
COc1cc(-c2cc(C)cc(Cl)c2)ccc1-c1nccc2cc(S(=O)(=O)Nc3ccncn3)ccc12,0,RDSKWQBHFSAFPT-UHFFFAOYSA-N,RDSKWQBHFSAFPT,CUPID,CUPID,
Cc1cccc(NC(=N)c2ccc(-c3ccc(Cl)cc3)o2)c1.Cl,1,WDPSPPSKXLCVMX-UHFFFAOYSA-N,WDPSPPSKXLCVMX,data_nav_dev,CHEMBL539863,
COc1ccc2c(c1)NC1(CCN(C(=O)Nc3ccc(C#N)cc3)CC1)c1cccn1-2,0,IRNOMRBUIIXRDZ-UHFFFAOYSA-N,IRNOMRBUIIXRDZ,CUPID,CUPID,
O=C(NCc1ccc(OC(F)F)nc1)c1c2ccccc2c(O)n1CCc1ccccn1,0,CVNVWESNQUHXEP-UHFFFAOYSA-N,CVNVWESNQUHXEP,CUPID,CUPID,
Cn1cc(-c2cc(Br)cc(C(F)(F)F)c2)c2ccc(S(=O)(=O)Nc3ncns3)cc21,1,OYFWEYSSICIJSQ-UHFFFAOYSA-N,OYFWEYSSICIJSQ,data_nav_dev,71259421,71259421
C1CN(CCC1NC(=O)C2=CC=CC=C2)CC(COC3=CC=CC=C3C(=O)C4=CC=CC=C4)O,1,LRUQDGQDQUKJEI-UHFFFAOYSA-N,LRUQDGQDQUKJEI,PubChem,122196017,26358159
CC(C)(C1CCC(CC1)NC(=O)C2=CN=C3C=C(C=CC3=C2)OC(F)F)O,0,YRWMWDLEUYLURJ-UHFFFAOYSA-N,YRWMWDLEUYLURJ,PubChem,129247606,30858025
COC1=C(C=C(C=C1)F)C2=CC(=C(C=C2C#N)C3=NC=CC4=C3C=CC(=C4)S(=O)(=O)NC5=NC=NC=C5)OC,0,WMBAPJPNOVBGAZ-UHFFFAOYSA-N,WMBAPJPNOVBGAZ,PubChem,139208245,6331
CS(=O)(=O)NC(=O)C1=C(C=C(C(=C1)C2CC2)OCC3CCN(CC3)C(C4=CC=C(C=C4)Cl)C5=CC=C(C=C5)Cl)F,1,JHTVWHDWWCEEAL-UHFFFAOYSA-N,JHTVWHDWWCEEAL,PubChem,118120300,6331
Nc1nc(-c2cccc(NC(=O)c3ccc[nH]3)c2)cn1C(=O)c1ccc[nH]1,0,KKFPIWJQAGAMKH-UHFFFAOYSA-N,KKFPIWJQAGAMKH,CUPID,CUPID,
CS(=O)(=O)NC(=O)C1=C(C=C(C(=C1)C2CC2)OCC3CCN(CC3)C(C4=CC(=CC=C4)Cl)C5=CC(=CC=C5)Cl)F,1,AMNOVZQLFQDFAJ-UHFFFAOYSA-N,AMNOVZQLFQDFAJ,PubChem,118120330,6331
O=C1c2cc(-c3ccc(OC(F)(F)F)cc3)ccc2OCCN1Cc1ncc(-c2ccc(C(F)(F)F)nc2)cn1,1,FCQLMABIEHJLCD-UHFFFAOYSA-N,FCQLMABIEHJLCD,data_nav_dev,CHEMBL3968278,
Cc1cc(S(=O)(=O)Nc2ccncn2)c(F)cc1O[C@H]1CCCC[C@@H]1c1ccnn1C,0,SYVURMUJRIEXKO-QAPCUYQASA-N,SYVURMUJRIEXKO,data_nav_dev,89963585,89963585
COc1ccc2ncc(=O)n(CCN3CCC(NCc4ccc5c(n4)NC(=O)CO5)CC3)c2c1,0,VQECILSOQQFMKP-UHFFFAOYSA-N,VQECILSOQQFMKP,CUPID,CUPID,
C1CC1C2=CC(=C(C=C2CN3C4CCC3CC(C4)OC5=CC(=CC(=C5)Cl)Cl)F)C(=O)NS(=O)(=O)C6CC6,1,FCGCWVRBOOKMTK-UHFFFAOYSA-N,FCGCWVRBOOKMTK,PubChem,118359733,6331
CC1=CC(=CC=C1)CN2CC[C@H](C2)NC3=C(C=C(C=C3)S(=O)(=O)NC4=NC=CS4)Cl,1,CKFUPVGLXCXQKS-QGZVFWFLSA-N,CKFUPVGLXCXQKS,PubChem,132141895,6331
CCCNCC(COC1=CC=CC=C1C(=O)CCC2=CC=CC=C2)O,1,JWHAUXFOSRPERK-UHFFFAOYSA-N,JWHAUXFOSRPERK,PubChem,4932,21955244
O=C(CCc1ccccc1)c1ccccc1OCC(O)CN1CCC(c2ccccc2)CC1,1,ZHUPKALTWVLYNU-UHFFFAOYSA-N,ZHUPKALTWVLYNU,data_nav_dev,CHEMBL1963280,
CS(=O)(=O)NC(=O)C1=C(C=C(C(=C1)C2CC2)OCC3CCN(CC3)CC4=C(C(=CC(=C4)Cl)Cl)F)F,1,JEQSMTYUSZSZKB-UHFFFAOYSA-N,JEQSMTYUSZSZKB,PubChem,118111375,6331
CCN=C(N)NC(=O)Nc1c(CC)cc(C(=O)NCc2ccccc2)cc1CC,0,DABSOWXLJGXEPU-UHFFFAOYSA-N,DABSOWXLJGXEPU,CUPID,CUPID,
C[C@H]1CC[C@H](CN1CC2=C(C=C(C=C2)F)Cl)OC3=CC(=C(C=C3C4CC4)C(=O)NS(=O)(=O)N5CCC5)F,1,KRXDZKXQDVLVEO-OXJNMPFZSA-N,KRXDZKXQDVLVEO,PubChem,118120271,6331
CN(CCOc1ccc(NS(C)(=O)=O)cc1)CCc1ccc(NS(C)(=O)=O)cc1,0,IXTMWRCNAAVVAI-UHFFFAOYSA-N,IXTMWRCNAAVVAI,CUPID,CUPID,
COC1=C(C=CC(=C1)C(=O)NS(=O)(=O)C)C2=CC(=C(N=C2)OC3=CC(=CC(=C3)Cl)Cl)C(F)(F)F,1,IHQWVSWBLFWHGH-UHFFFAOYSA-N,IHQWVSWBLFWHGH,PubChem,117993976,27441383
CS(=O)(=O)NC(=O)C1=C(C=C(C(=C1)C2CC2)OCC3(CCN(CC3)CC4=C(C=CC(=C4)Cl)C(F)(F)F)F)F,1,KQVZYWXQAVPSNP-UHFFFAOYSA-N,KQVZYWXQAVPSNP,PubChem,118120542,6331
O=C(NS(=O)(=O)N1CCC1)c1cc(C2CC2)c(OCC2(C(F)(F)F)CCCCC2)cc1F,1,CVHPNFWHLXBWPR-UHFFFAOYSA-N,CVHPNFWHLXBWPR,data_nav_dev,90016371,90016371
COc1cc(F)ccc1-c1cn(C)c2cc(S(=O)(=O)Nc3ncns3)ccc12,1,CEKBSYAAPZUBEG-UHFFFAOYSA-N,CEKBSYAAPZUBEG,data_nav_dev,CHEMBL3704420,
CC1=C(C=CC=C1F)N2C(=C(C=N2)C(=O)NC3=NC=C(C=C3)OC(F)(F)F)N,0,XDPLDVHDEHHRMD-UHFFFAOYSA-N,XDPLDVHDEHHRMD,PubChem,139268649,6331
CC1(CN2Cc3nc(-c4ccc(F)cc4)sc3C2)Cn2cc([N+](=O)[O-])nc2O1,0,QBSDZSVXFHUEOG-UHFFFAOYSA-N,QBSDZSVXFHUEOG,CUPID,CUPID,
COc1cc(C(F)(F)F)ccc1-c1cccc2cc(S(=O)(=O)Nc3ccncn3)ccc12,0,NYXYUZXPPILSFD-UHFFFAOYSA-N,NYXYUZXPPILSFD,CUPID,CUPID,
CN([C@H]1CCN(C1)CC2=CC=CC=C2Cl)C3=CC(=C(C=C3Cl)S(=O)(=O)NC4=CSC=N4)F,1,RAOPNLNVMWUTID-HNNXBMFYSA-N,RAOPNLNVMWUTID,PubChem,132141563,6331
Cc1cc(N2CCOc3cc(S(=O)(=O)Nc4nccs4)ccc32)ccc1Cl,1,PGGUEZNUFKWSQN-UHFFFAOYSA-N,PGGUEZNUFKWSQN,data_nav_dev,CHEMBL3943628,
O=S(=O)(Nc1cccnn1)c1ccc2c(c1)OCCN2c1ccc(C(F)(F)F)cc1Cl,1,IUITZXMSHOHBST-UHFFFAOYSA-N,IUITZXMSHOHBST,data_nav_dev,71712120,71712120
COC1=C(C=C(C(=C1)C2=CC(=CC(=C2)F)F)C#N)C3=NC=CC4=C3C=CC(=C4)S(=O)(=O)NC5=NC=NC=C5,0,QDQVBWYOZMTMSG-UHFFFAOYSA-N,QDQVBWYOZMTMSG,PubChem,117741679,6331
COc1cc(-c2cc(F)cnc2OC)ccc1-n1c(=O)ccc2cc(S(=O)(=O)Nc3ccon3)ccc21,1,BTLMGPIWTWZTDZ-UHFFFAOYSA-N,BTLMGPIWTWZTDZ,data_nav_dev,124221812,124221812
CN([C@H]1CCN(C1)CC2=CC=CC3=C2N=CC=C3)C4=CC(=C(C=C4Cl)S(=O)(=O)N(C5=CSC=N5)C(=O)[O-])F,0,UGNDRFRCFGFSTP-SFHVURJKSA-M,UGNDRFRCFGFSTP,PubChem,145866033,6331
CC1CC(CC(O1)C)CNC2=CC(=C(C=C2Cl)S(=O)(=O)NC3=NC=CS3)F,1,YJQYKCOMUJMJND-UHFFFAOYSA-N,YJQYKCOMUJMJND,PubChem,137645197,28818462
C1CS(=O)(=O)CCC1NC2=CC(=C(C=C2Cl)S(=O)(=O)NC3=NC=CS3)F,1,MHBUODPLSLVOII-UHFFFAOYSA-N,MHBUODPLSLVOII,PubChem,137638256,28818462
C1=CC(=CC=C1C2=CN3C(=NN=C3C(F)(F)F)C=C2)S(F)(F)(F)(F)F,1,OKOGSMXJOCMRCG-UHFFFAOYSA-N,OKOGSMXJOCMRCG,PubChem,87206909,27080178
O=C1c2cc(-c3ccc(C(F)(F)F)cc3)ccc2OC[C@H]2CN(CC(F)(F)F)CCN12,1,CAMAPZNNZUSOQP-MRXNPFEDSA-N,CAMAPZNNZUSOQP,data_nav_dev,CHEMBL3945394,
O=S(=O)(Nc1nccs1)c1ccc2c(c1)OCCN2c1ccc(Cl)cc1,1,KPWMKCJBZCJCIA-UHFFFAOYSA-N,KPWMKCJBZCJCIA,data_nav_dev,71712049,71712049
Cn1nccc1[C@H]1CCCC[C@@H]1Oc1cc(F)c(S(=O)(=O)Nc2cscn2)cc1F,0,JHSOBKSPKNURCU-WBMJQRKESA-N,JHSOBKSPKNURCU,data_nav_dev,CHEMBL4635030,
CS(=O)(=O)NC(=O)C1=C(C=C(C(=C1)C2CC2)CN3[C@@H]4CC[C@H]3CC(C4)OC5=C(C(=CC(=C5)C(F)(F)F)Cl)F)F,1,ZWWGYDJPSRVEGI-JWTNVVGKSA-N,ZWWGYDJPSRVEGI,PubChem,118354057,6331
CC1(C)CN2CCCC2(CNc2cc(F)c(S(=O)(=O)Nc3nccs3)cc2Cl)C1,0,XBIMZDZZPNFVOV-UHFFFAOYSA-N,XBIMZDZZPNFVOV,CUPID,CUPID,
C1C[C@H](CN(C1)C2=CC=CC=N2)OC3=CC(=C(C=C3C4CC4)C(=O)NS(=O)(=O)C5CC5)F,1,MWDXQRJBADDXCQ-MRXNPFEDSA-N,MWDXQRJBADDXCQ,PubChem,118110808,6331
C1CN(C[C@@H]([C@H]1OC2=C(C=C(C=C2F)S(=O)(=O)NC3=NC(=CC=C3)F)F)C4=CC(=C(C=C4)F)F)CC(F)(F)F,1,ALYSSPGOUMAGSF-QRWLVFNGSA-N,ALYSSPGOUMAGSF,PubChem,164612949,34044121
CC(C)COCC(CN(CC1=CC=CC=C1)C2=CC=CC=C2)N3CCCC3,1,UIEATEWHFDRYRU-UHFFFAOYSA-N,UIEATEWHFDRYRU,PubChem,2351,21300721
Cn1nccc1-c1cc(Cl)ccc1Oc1cc(F)c(S(=O)(=O)Nc2nncs2)cc1Cl,0,ZPWWVFANUGXHSA-UHFFFAOYSA-N,ZPWWVFANUGXHSA,CUPID,CUPID,
C[C@H]1COc2ccc(-c3ccc(C(F)(F)F)cc3)cc2C(=O)N1Cc1ncccn1,1,FHFWXDQOBWUWEW-AWEZNQCLSA-N,FHFWXDQOBWUWEW,data_nav_dev,CHEMBL3895361,
O=C(NCc1ccc(OC(F)F)nc1)C1c2ccccc2C(=O)N1CCc1ccccn1,0,OUYULONQGHHEEU-UHFFFAOYSA-N,OUYULONQGHHEEU,data_nav_dev,CHEMBL2164394,
CN(C)C1=C(C=CC(=C1)C(=O)N2CCC3(CC2)C4=CC=CN4C5=C(N3)C=C(C=C5)OCCOC)OC,1,RIIFJYCHZCTTGN-UHFFFAOYSA-N,RIIFJYCHZCTTGN,PubChem,118714773,25288187
C1CN(CCC1C2=NC3=CC=CC=C3O2)C(=O)NC4CC4C5=CC=CC=C5,1,SJIHFYQHTFWHTM-UHFFFAOYSA-N,SJIHFYQHTFWHTM,PubChem,45269950,19645482
C1CC2(CCCN2C1)CNC3=CC(=C(C=C3Cl)S(=O)(=O)NC4=NC=CS4)F,1,XFWKBJBSEOZBRA-UHFFFAOYSA-N,XFWKBJBSEOZBRA,PubChem,118112300,28818462
CC(C)COc1ccc(-c2cn(C)c3cc(C(=O)NS(C)(=O)=O)ccc23)cn1,0,AWNWTZBXJHEXGS-UHFFFAOYSA-N,AWNWTZBXJHEXGS,CUPID,CUPID,
CS(=O)(=O)NC(=O)C1=C(C=C(C(=C1)C2CC2)OCC3C[C@H]4CC[C@@H](C3)N4CC5=C(C=CC(=C5)C(F)(F)F)Cl)F,1,CAOWMPQVHUJGPS-DFVIVQSZSA-N,CAOWMPQVHUJGPS,PubChem,118120253,6331
CCCCS(=O)(=O)NC(=O)C1=C(C=C(C(=C1)C2CC2)OCC3CN(C3)C(C4=CC=CC=C4)C5=CC=CC=C5)F,1,WNMVVEMAMGPLOA-UHFFFAOYSA-N,WNMVVEMAMGPLOA,PubChem,118120229,6331
CNC1CCN(C1)C2=CC=CC=C2NC3=CC(=C(C=C3Cl)S(=O)(=O)NC4=CSC=N4)F,0,SGUPKIRVVDCQRR-UHFFFAOYSA-N,SGUPKIRVVDCQRR,PubChem,135325244,6331
C[C@H]1C[C@@H](CN1CC2=CC=CC=C2)N(C)C3=CC(=C(C=C3Cl)S(=O)(=O)NC4=CSC=N4)F,0,XLOVSKWXNKMTQF-RDJZCZTQSA-N,XLOVSKWXNKMTQF,PubChem,132142375,6331
O=C(Nc1ccc(CC2CCC(C(O)c3cccnc3)N2)cc1)C1CCc2scnc21,0,OYURTPRHVJSKRC-UHFFFAOYSA-N,OYURTPRHVJSKRC,CUPID,CUPID,
COc1ncc(-c2nc(C(=O)N=C(N)N)c(N)nc2N2CCCCCC2)cn1,0,WREBDSFOSWCPIS-UHFFFAOYSA-N,WREBDSFOSWCPIS,CUPID,CUPID,
Cc1sc(-c2ccccc2Cl)cc1C(=O)NC(CN)c1ccccc1,0,GEDDMFGBKRREEU-UHFFFAOYSA-N,GEDDMFGBKRREEU,CUPID,CUPID,
CC(C)NC1=C(C=C(C=C1)F)CN2CCC(CC2)COC3=CC(=C(C=C3C4CC4)C(=O)NS(=O)(=O)C5CC5)F,1,GNHOWCLPSIXZMF-UHFFFAOYSA-N,GNHOWCLPSIXZMF,PubChem,118111160,6331
Nc1nc2c(s1)CC(NC(=O)c1cc(Br)c(Br)[nH]1)CC2,0,JLONQDUHUFTMRG-UHFFFAOYSA-N,JLONQDUHUFTMRG,CUPID,CUPID,
COC1=CC2=C(C=C1)N3C=CC=C3C4(N2)CCN(CC4)C(=O)C5=CC(=CC=C5)OC,1,GYSNJAGOGHTHSY-UHFFFAOYSA-N,GYSNJAGOGHTHSY,PubChem,53058099,25113934
O=C(O)CCC1(c2ccccc2C(F)(F)F)CCCN(C(=O)Nc2ccc(Cl)cc2)C1,1,WAFKWVRPHCVAGK-UHFFFAOYSA-N,WAFKWVRPHCVAGK,data_nav_dev,46882987,46882987
Cc1cc(F)cnc1N1CCOc2cc(S(=O)(=O)Nc3nccs3)ccc21,1,RMUPSBAQLQQJFP-UHFFFAOYSA-N,RMUPSBAQLQQJFP,data_nav_dev,CHEMBL3912701,
C=C(CN[C@@H]1COc2ccccc2SC1)CSc1ccccc1OC,1,ZZIPAYICOGWEMP-MRXNPFEDSA-N,ZZIPAYICOGWEMP,data_nav_dev,CHEMBL452551,
CNCCN(C)C1=C(C=CC(=C1)F)NC2=CC(=C(C=C2Cl)S(=O)(=O)NC3=NC=C(S3)F)F,1,HEXPDRQBIPKTEH-UHFFFAOYSA-N,HEXPDRQBIPKTEH,PubChem,129136261,6331
O=C1c2cc(-c3ccc(OC(F)(F)F)cc3)ccc2OCCN1Cc1ccc(F)cc1,1,NNUCIHIPQQFGAY-UHFFFAOYSA-N,NNUCIHIPQQFGAY,data_nav_dev,CHEMBL3964703,
Cc1ccc(C(=O)N=C(N)NCCSCc2ccccc2)cc1,0,RPAFOXJHTMXQJS-UHFFFAOYSA-N,RPAFOXJHTMXQJS,CUPID,CUPID,
C1COC2=C([C@H]1C3=C(C=C(C=C3)C(F)(F)F)Cl)C=CC(=C2)S(=O)(=O)NC4=NN=CC=C4,0,XPWFDBXZHAWCJB-CQSZACIVSA-N,XPWFDBXZHAWCJB,PubChem,135193618,6331
CC1=C(C(=C(C=C1O[C@]2(CCN(C2)CC3=CC=CC=C3)C)F)S(=O)(=O)NC4=CSC=N4)F,0,JCKIBUPFELLVKJ-QFIPXVFZSA-N,JCKIBUPFELLVKJ,PubChem,132141470,6331
COC[C@@H](C1=CC(=CC(=C1)Cl)Cl)N2CCC(CC2)COC3=CC(=C(C=C3C4CC4)C(=O)NS(=O)(=O)C)F,1,YLPZZUYEMQKXPL-DEOSSOPVSA-N,YLPZZUYEMQKXPL,PubChem,118111359,6331
CC(C)(C)OC(=O)n1cc(-c2cccc(NC(=O)c3ccc[nH]3)c2)nc1N,0,STJOHENLXLTDDZ-UHFFFAOYSA-N,STJOHENLXLTDDZ,CUPID,CUPID,
CC1(CCN(CC1)CC2=CC(=C(C=C2)Cl)Cl)COC3=CC(=C(C=C3C4CC4)C(=O)NS(=O)(=O)C)F,1,GULOFVVKGUTUDX-UHFFFAOYSA-N,GULOFVVKGUTUDX,PubChem,118111165,6331
O=S(=O)(Nc1ncns1)N1CCc2c(cccc2-c2ccc(C(F)(F)F)cc2Cl)C1,1,LMYWSDWHAYBWMD-UHFFFAOYSA-N,LMYWSDWHAYBWMD,data_nav_dev,71735936,71735936
O=S(=O)(Nc1ncns1)c1ccc2c(-c3ccc(C(F)(F)F)cc3C3=CCNCC3)cccc2c1,0,VOCMMRLTVLKRRW-UHFFFAOYSA-N,VOCMMRLTVLKRRW,CUPID,CUPID,
C1CN(C[C@@H]([C@H]1OC2=CC(=C(C=C2F)S(=O)(=O)NC3=C(C=CC=N3)F)F)C4=CC=CC=C4)CC(F)(F)F,1,HWDWPCNSQZWWSQ-UZLBHIALSA-N,HWDWPCNSQZWWSQ,PubChem,164624490,34044121
COC1=C(C=CC(=C1)OC(F)(F)F)CN2CCC[C@H](C2)OC3=CC(=C(C=C3C4CC4)C(=O)NS(=O)(=O)C)F,1,ODAPXOCHGLBICV-GOSISDBHSA-N,ODAPXOCHGLBICV,PubChem,118120494,6331
O=C(c1ncccn1)N1CCOc2ccc(-c3ccc(OC(F)(F)F)cc3)cc2C1,1,ZDXUJLYBXZCNJB-UHFFFAOYSA-N,ZDXUJLYBXZCNJB,data_nav_dev,CHEMBL3915432,
O=S(=O)(Nc1ccc(F)cn1)c1ccc2c(c1)OCCN2c1ccc(C(F)(F)F)cc1Cl,1,JHEMIMBKLMGNNQ-UHFFFAOYSA-N,JHEMIMBKLMGNNQ,data_nav_dev,71711302,71711302
O=C1c2cc(-c3ccc(OC(F)(F)F)cc3)ccc2OCCN1Cc1cccnc1,1,GRFNAYSEHFLPRL-UHFFFAOYSA-N,GRFNAYSEHFLPRL,data_nav_dev,CHEMBL3975434,
CC[C@H](C1=CC(=CC(=C1)Cl)Cl)N2CCC(CC2)COC3=CC(=C(C=C3C4CC4)C(=O)NS(=O)(=O)C)F,1,CYZIUYSSULFUGZ-XMMPIXPASA-N,CYZIUYSSULFUGZ,PubChem,118110519,6331
C[C@@H](CN[C@@H]1COc2ccccc2SC1)CSc1cccc2cn[nH]c12,1,YQVJOXPYZLHMEZ-GOEBONIOSA-N,YQVJOXPYZLHMEZ,data_nav_dev,CHEMBL561422,
Cc1c(O)cccc1C(=O)NC(CSc1ccccc1)C(O)CN1CC2CCCCC2CC1C(=O)NC(C)(C)C,0,QAGYKUNXZHXKMR-UHFFFAOYSA-N,QAGYKUNXZHXKMR,CUPID,CUPID,
C1COC2=C([C@@H]1C3=C(C=C(C=C3)C(F)(F)F)C4=CC=C(C=C4)C(=O)O)C=CC(=C2)S(=O)(=O)NC5=NC=C(C=N5)F,0,FWYQJVLUZGVXTP-NRFANRHFSA-N,FWYQJVLUZGVXTP,PubChem,126649836,6331
C1CN(CCC1OC2=NC=NC3=C2C(=CN3CC4=CC=CC=C4)Cl)CC5=CSC=N5,1,KIUVANHMCMVTAT-UHFFFAOYSA-N,KIUVANHMCMVTAT,PubChem,70691577,22318156
Cn1cc(-c2ccccc2OC(F)(F)F)c2ccc(S(=O)(=O)Nc3ncns3)cc21,1,AWBYAYUKLRKMTA-UHFFFAOYSA-N,AWBYAYUKLRKMTA,data_nav_dev,CHEMBL3704448,
CC1=CC(=C(C=C1N(C)[C@H]2CCN(C2)CC3=CSC(=N3)C)F)S(=O)(=O)NC4=CSC=N4,0,GQMCCWCTLXZEJF-INIZCTEOSA-N,GQMCCWCTLXZEJF,PubChem,132142176,6331
CC1=CC(=CC=C1)SC2=C(C=C(C=N2)C3=C(C=C(C=C3)C(=O)NS(=O)(=O)C)OC)Cl,1,QVFAODGDCYHYFO-UHFFFAOYSA-N,QVFAODGDCYHYFO,PubChem,155545889,27441383
Fc1ccc(C(CCCNCCCc2ccccc2)c2ccc(F)cc2)cc1,1,SCECRBMEJZCHLC-UHFFFAOYSA-N,SCECRBMEJZCHLC,data_nav_dev,CHEMBL3098429,
Cn1nccc1[C@H]1CCC[C@@H]1Oc1ccc(S(=O)(=O)Nc2ccncn2)c(F)c1F,0,WMJRYBDMGFCCAB-OCCSQVGLSA-N,WMJRYBDMGFCCAB,data_nav_dev,89963414,89963414
COc1cnc(-c2cccc3c2CC(NC(=O)c2ccc(COCC(F)(F)F)nc2)CO3)cn1,0,LRHQXIQLHVPUNA-UHFFFAOYSA-N,LRHQXIQLHVPUNA,CUPID,CUPID,
CS(=O)(=O)NC(=O)C1=C(C=C(C(=C1)C2CC2)OC3CC4(C3)CN(C4)CC5=C(C=C(C=C5)F)Cl)F,1,SKVJCDZJSGKPJJ-UHFFFAOYSA-N,SKVJCDZJSGKPJJ,PubChem,118120327,6331
CC1(C2=C(N=CN=C2OC3CCN(CC3)CC4=CSC=N4)N(C1=O)CC5=CC=CC=C5)C,1,WTQGKPCUKPVRSK-UHFFFAOYSA-N,WTQGKPCUKPVRSK,PubChem,70683182,22318156
O=C(NCc1ccc(OC(F)(F)F)cc1)c1c2ccccc2c(O)n1C1CC(F)(F)C1,0,PNIGSBWZJHJCTH-UHFFFAOYSA-N,PNIGSBWZJHJCTH,CUPID,CUPID,
C1=CC(=CC(=C1)C(=O)NC2=CC=CC(=C2C3=CN=CC=C3)C(F)(F)F)C4=C(C=CC=N4)N,1,VGQPJPRUFUESGZ-UHFFFAOYSA-N,VGQPJPRUFUESGZ,PubChem,137638418,28684121
COC1=CC2=C(C=C1)N3C=CC=C3C4(N2)CCN(CC4)C(=O)C5=C6C=CC=NC6=CC=C5,1,RWVKDRBREBZCMS-UHFFFAOYSA-N,RWVKDRBREBZCMS,PubChem,49869306,25288187
CC(C)OC1=C(C=C(C=N1)OC2=C(C=C(C=C2)C(=O)NS(=O)(=O)N3CCC3)C4=C(N=CC=C4)OC)Cl,0,QSXHNPWOITXYHF-UHFFFAOYSA-N,QSXHNPWOITXYHF,PubChem,90021890,6331
C1CN(CCC12C3=CC=CN3C4=C(N2)C=C(C=C4)Cl)C(=O)C5=CC=C(C=C5)C#N,1,GVMZTZRNFWLQBF-UHFFFAOYSA-N,GVMZTZRNFWLQBF,PubChem,70814238,25113934
N=C(N)NC(=O)c1nc(-c2cc3ccccc3o2)c(N)nc1N,0,ZKLNPUKNSARQMG-UHFFFAOYSA-N,ZKLNPUKNSARQMG,CUPID,CUPID,
CC(C)OC1=CC(=C(C=C1)[C@@H]2CCOC3=C2C=CC(=C3)S(=O)(=O)NC4=NC(=CC=C4)F)C5=CC=NN5C,0,MVODFMJSENBIDD-NRFANRHFSA-N,MVODFMJSENBIDD,PubChem,126650275,6331
C1=CC(=CC(=C1)F)C2=CC(=C(C=C2)C3=NC=CC4=C3C=CC(=C4)S(=O)(=O)NC5=NN=CS5)OCC#N,0,RKYWMBWLRQIBBZ-UHFFFAOYSA-N,RKYWMBWLRQIBBZ,PubChem,117741639,6331
Cc1ncc(-c2ccccc2CCNC(=O)c2ccc(OCCOCC(F)(F)F)nc2)cn1,0,CBBHGGGYBJMVTI-UHFFFAOYSA-N,CBBHGGGYBJMVTI,CUPID,CUPID,
C1=CC(=C(C=C1CNC(=O)C2=CC(=C(C=C2)S(=O)(=O)NC3=NC=NS3)F)Cl)OC(F)(F)F,1,FXTBLDWXLZMPPV-UHFFFAOYSA-N,FXTBLDWXLZMPPV,PubChem,145988110,30108836
Cc1nnc2n1-c1ccc(-c3cncc(C(C)(O)C(F)(F)F)c3)cc1CC2,0,YTLROJLEAFXNIK-UHFFFAOYSA-N,YTLROJLEAFXNIK,CUPID,CUPID,
COc1cc(C(F)(F)F)ccc1-c1ccnc2cc(S(=O)(=O)Nc3nccs3)c(C)cc12,1,WVJKDMPACGWVKV-UHFFFAOYSA-N,WVJKDMPACGWVKV,data_nav_dev,89613842,89613842
CS(=O)(=O)CCC1=C(C=CC(=C1)C(F)(F)F)[C@H]2CCOC3=C2C=CC(=C3)S(=O)(=O)NC4=NC(=CC=C4)F,0,XLIBREIDNGEPCQ-LJQANCHMSA-N,XLIBREIDNGEPCQ,PubChem,126668962,6331
CC1=CC(=C(C=C1N(C)[C@H]2CCN(C2)CC3=CSC(=N3)C(F)(F)F)F)S(=O)(=O)NC4=CSC=N4,0,WKSWFYVKUUHFGO-AWEZNQCLSA-N,WKSWFYVKUUHFGO,PubChem,132141509,6331
CN1C(=CC=N1)C2=C(C=CC(=C2)C(F)(F)F)[C@@H]3CCOC4=C3C=CC(=C4)S(=O)(=O)NC5=NC=CC=N5,0,LARCZEQUTRFGKA-SFHVURJKSA-N,LARCZEQUTRFGKA,PubChem,126649832,6331
O=S(=O)(Nc1ccccn1)c1ccc2c(c1)OCCN2c1ccc(C(F)(F)F)cc1C1=CCNCC1,1,NSYUCGKTZVAHSF-UHFFFAOYSA-N,NSYUCGKTZVAHSF,data_nav_dev,71711487,71711487
CC1=C2N=C(C=CN2N=C1)C3=CC=C(C=C3)OC(F)(F)F,1,KBVZVELFNIGUIP-UHFFFAOYSA-N,KBVZVELFNIGUIP,PubChem,127044562,27080178
CS(=O)(=O)NC(=O)C1=C(C=C(C(=C1)C2CC2)OCC3CN(C3)S(=O)(=O)C4=CC=CC=C4)F,1,SPEKXWKFVSKSOS-UHFFFAOYSA-N,SPEKXWKFVSKSOS,PubChem,90015925,6331
CS(=O)(=O)NC(=O)C1=C(C=C(C(=C1)C2CC2)OC[C@H]3CCN(C(=O)C3)CC4=CC(=CC(=C4)Cl)Cl)F,1,NAIRHXRVYCYGKY-AWEZNQCLSA-N,NAIRHXRVYCYGKY,PubChem,118110989,6331
CS(=O)(=O)NC(=O)C1=C(C=C(C(=C1)C2CC2)OCC3CCN(CC3)CC4=CC(=C(C=C4)F)F)F,1,QHXFMTSLGGZKIV-UHFFFAOYSA-N,QHXFMTSLGGZKIV,PubChem,118110687,6331
C1CN(C1)S(=O)(=O)NC(=O)C2=C(C=C(C(=C2)C3CC3)OCC4CCN(CC4)C5(COC5)C6=CC(=CC(=C6)Cl)Cl)F,1,LJEUGFYRCXTTLV-UHFFFAOYSA-N,LJEUGFYRCXTTLV,PubChem,118111343,6331
C[C@H]1CC(CCN1CC2=CC=CC=C2)OC3=C(C=C(C=C3)S(=O)(=O)NC4=NC=CS4)Cl,0,BCIHYODVCMRXPP-ATNAJCNCSA-N,BCIHYODVCMRXPP,PubChem,145866024,6331
CC1(CN(C1)CC2=CC=CC=C2)NC3=C(C=C(C=C3)S(=O)(=O)NC4=CSC=N4)Cl,0,LVRAESFSBBUYBO-UHFFFAOYSA-N,LVRAESFSBBUYBO,PubChem,132141675,6331
CC(C)([C@@H](C1=CC(=CC(=C1)Cl)Cl)N2CCC(CC2)COC3=CC(=C(C=C3C4CC4)C(=O)NS(=O)(=O)C)F)OC,1,CZPZFJNHIHVBHS-AREMUKBSSA-N,CZPZFJNHIHVBHS,PubChem,118110880,6331
O=S(=O)(Nc1ncns1)N1CCc2c(cccc2-c2ccc(C(F)(F)F)cc2C2=CCNC2)C1,1,RVMZDBMSBRLFAR-UHFFFAOYSA-N,RVMZDBMSBRLFAR,data_nav_dev,71736590,71736590
O=C(c1ccc2cc(Oc3ccc(C(F)F)cn3)ccc2n1)N1CCNCC1,0,XJNLQAUECWCBNY-UHFFFAOYSA-N,XJNLQAUECWCBNY,CUPID,CUPID,
O=C(NCc1ccc(OC(F)(F)F)cc1)c1c2ccccc2c(O)n1C1CCOCC1,0,PUJRKTXCTGFOFF-UHFFFAOYSA-N,PUJRKTXCTGFOFF,CUPID,CUPID,
CNC(=O)N(c1ccc(S(=O)(=O)Nc2ncccn2)cn1)c1cc(F)c(-c2ccc(F)c(OC(F)(F)F)c2)cc1OC,0,GOQUVLJOFUKMGN-UHFFFAOYSA-N,GOQUVLJOFUKMGN,CUPID,CUPID,
C1CN(C[C@@H]1NC2=C(C=C(C=C2)S(=O)(=O)NC3=NC=NS3)Cl)CC4=CC=CC=C4,0,RGZJDZOTNRSBIE-OAHLLOKOSA-N,RGZJDZOTNRSBIE,PubChem,132142373,6331
CNC1CCN(C1)C2=CC=CC=C2NC3=CC=C(C=C3)S(=O)(=O)NC4=CSC=N4,0,XCCQJDJHSDAIGE-UHFFFAOYSA-N,XCCQJDJHSDAIGE,PubChem,129135237,6331
C1CN(CCC1OC2=C(C=C(C=C2)S(=O)(=O)NC3=NC=CS3)Cl)CC4=CC(=CC=C4)F,1,KJFWOFYFPLOWJB-UHFFFAOYSA-N,KJFWOFYFPLOWJB,PubChem,132142602,6331
COC1=C(C=CC(=C1)C2=C(N=CC(=C2)F)OC)C3=NC=CC4=C3C=CC(=C4)S(=O)(=O)NC5=NN=CS5,0,OEKKEIOEYGMNMD-UHFFFAOYSA-N,OEKKEIOEYGMNMD,PubChem,117741618,6331
N#Cc1cc(S(=O)(=O)Nc2ncns2)ccc1Oc1ccc(C(F)(F)F)cc1-c1ccncn1,0,KQHRBDBWQHZROV-UHFFFAOYSA-N,KQHRBDBWQHZROV,CUPID,CUPID,
C1C[C@H](CN(C1)C2=C(C=C(C=C2)F)Cl)OC3=CC(=C(C=C3C4CC4)C(=O)NS(=O)(=O)C5CC5)F,1,FWVBLBZZAVRPAG-MRXNPFEDSA-N,FWVBLBZZAVRPAG,PubChem,132274447,6331
COC1=CC2=C(C=C1)N3C=CC=C3C4(N2)CCN(CC4)CC5=CC=CC=C5,1,ODIAQAJCRITKNJ-UHFFFAOYSA-N,ODIAQAJCRITKNJ,PubChem,21558498,25113934
Cn1nccc1-c1cc(Cl)ccc1Oc1cc(F)c(S(=O)(=O)Nc2ccncn2)cc1Cl,1,JUCACKLNHTWUCA-UHFFFAOYSA-N,JUCACKLNHTWUCA,data_nav_dev,46841501,46841501
CC(C)COc1ncc(-c2ccc(-c3n[nH]c(S(=O)(=O)C4CCC4)n3)cc2F)cc1Cl,0,GMTNOKLYWUIFIK-UHFFFAOYSA-N,GMTNOKLYWUIFIK,CUPID,CUPID,
Cc1ncc(-c2ccccc2CCNC(=O)c2ccc(CNCCC(F)(F)F)nc2)cn1,0,VLDFXEZOZNXAOY-UHFFFAOYSA-N,VLDFXEZOZNXAOY,CUPID,CUPID,
CN(C)C1=C(C=CC(=C1)C(=O)N2CCC3(CC2)C4=CC=CN4C5=C(N3)C=C(C=C5)OC(F)(F)F)OC,1,NISDATURCATRJI-UHFFFAOYSA-N,NISDATURCATRJI,PubChem,118714771,25288187
O=C(c1ccc(CC2CCC(C(O)c3ccccc3)N2)cc1)N1CCN(Cc2ccccn2)CC1,0,LNFRMPJWRZFBPR-UHFFFAOYSA-N,LNFRMPJWRZFBPR,CUPID,CUPID,
C1CN(CCN1[C@H](C2=CC=CC=C2)C(=O)NC3=CC=C(C=C3)C(F)(F)F)C(=O)C4=CC(=CC(=C4)F)F,1,LLSHGZAEPXGDRS-HSZRJFAPSA-N,LLSHGZAEPXGDRS,PubChem,145990658,30108793
CC1=C(C=CC=C1NC(=O)C)NC2=NC(=NC=N2)N3CCC(CC3)OC4=CC=C(C=C4)C(F)(F)F,1,SSYPIIPRUWAYCB-UHFFFAOYSA-N,SSYPIIPRUWAYCB,PubChem,53362558,21634377
COc1cc(-c2cc(F)cc(Cl)c2)c(Cl)cc1-n1c(=O)ccc2cc(S(=O)(=O)Nc3ccon3)ccc21,0,YELHFBJXTQMHMA-UHFFFAOYSA-N,YELHFBJXTQMHMA,CUPID,CUPID,
CC1=C(C=C(C=C1)OC2=CC(=C(C=C2)C3=NC=CC4=C3C=CC(=C4)S(=O)(=O)NC5=NN=CS5)OC)F,0,UJZIHTYGZXIYLH-UHFFFAOYSA-N,UJZIHTYGZXIYLH,PubChem,117741719,6331
C1CN(CCC1C2=NC(=NO2)C3=NC4=CC=CC=C4C=C3)C(=O)NC5CC5C6=CC=CC=C6,1,YZQWPJWDFKAQSN-UHFFFAOYSA-N,YZQWPJWDFKAQSN,PubChem,45271618,19645482
COc1ccc(-c2cn(C)c3cc(S(=O)(=O)Nc4ncns4)ccc23)c(OC)c1,1,PZIWPZZPMPIYGD-UHFFFAOYSA-N,PZIWPZZPMPIYGD,data_nav_dev,71259574,71259574
N#Cc1ccc(-c2[nH]nc3cc(OC(F)(F)F)ccc23)cc1,0,RIUFXWHYQAUEAO-UHFFFAOYSA-N,RIUFXWHYQAUEAO,CUPID,CUPID,
Cc1onc(-c2ccccc2Cl)c1N(C)C(=O)NCc1ccc(OC2CCOCC2)nc1,0,UIKFNFVOGNVNOT-UHFFFAOYSA-N,UIKFNFVOGNVNOT,CUPID,CUPID,
N#Cc1ccc(C(C(=O)NCC2CC2)N2CC3CCC(C2)N3C(=O)c2cc(F)ccc2F)cc1,0,VBMRMFFQPCIXEU-UHFFFAOYSA-N,VBMRMFFQPCIXEU,CUPID,CUPID,
CCOC1=NC=C(C=C1)C2=C(C=CC(=C2)C(F)(F)F)[C@H]3CCOC4=C3C=CC(=C4)S(=O)(=O)NC5=NC=CC=N5,1,HCTZADLXNTVPRR-OAQYLSRUSA-N,HCTZADLXNTVPRR,PubChem,126650633,6331
C1CN(CCC1OC2=C(C=C(C=C2)S(=O)(=O)NC3=NC=CS3)Cl)CC4=CC=CC=C4Cl,1,VCSJVKNUWGTVAS-UHFFFAOYSA-N,VCSJVKNUWGTVAS,PubChem,132141494,6331
CC1=CC(=CC(=C1OC2=C(C=C(C=N2)C3=C(C=C(C=C3)C(=O)NS(=O)(=O)C)OC(F)F)Cl)Cl)Cl,1,UZMSDLFEGBEWHD-UHFFFAOYSA-N,UZMSDLFEGBEWHD,PubChem,122422361,6331
CC1=C(C(=C(C=C1OC2CCN(CC2)[C@H](C)C3=CC=CC=C3)F)S(=O)(=O)NC4=CSC=N4)F,0,JHYAUINCWJPVDP-MRXNPFEDSA-N,JHYAUINCWJPVDP,PubChem,132142160,6331
COc1ccc(-c2cccc(C(F)(F)F)c2)cc1-c1nccc2cc(S(=O)(=O)Nc3nncs3)ccc12,0,NKGHZLKJWHZFKH-UHFFFAOYSA-N,NKGHZLKJWHZFKH,CUPID,CUPID,
CS(=O)(=O)NC(=O)C1=C(C=C(C(=C1)C2CC2)CN3CCC(CC3)OC4=CC=C(C=C4)C(F)(F)F)F,1,SXZDHXGTGQEXNA-UHFFFAOYSA-N,SXZDHXGTGQEXNA,PubChem,118110948,6331
CC1=NC=C(C=N1)C2=C3C[C@@H](COC3=CC=C2)NC(=O)C4=CN=C(C=C4)OCC(F)(F)F,1,WHKCHEYISYPOKV-INIZCTEOSA-N,WHKCHEYISYPOKV,PubChem,66813927,22832315
C1=CC=C2C(=C1)C(N(C2=O)CC(C3=CC=CC=N3)(F)F)C(=O)NCC4=CC=C(C=C4)OC(F)(F)F,1,WYPRLYFVLKDLJA-UHFFFAOYSA-N,WYPRLYFVLKDLJA,PubChem,44545053,22770500
C1C[C@H](CN(C1)CC2=C(C=C(C=C2)F)F)OC3=CC(=C(C=C3C4CC4)C(=O)NS(=O)(=O)N5CCC5)F,1,DIIOKPBCJWGAPC-LJQANCHMSA-N,DIIOKPBCJWGAPC,PubChem,118120182,6331
O=S(=O)(Nc1nccs1)c1ccc2c(c1)OCCN2c1ccccc1C1CCOCC1,1,NLIZQKLZXHHDPX-UHFFFAOYSA-N,NLIZQKLZXHHDPX,data_nav_dev,CHEMBL3946933,
CCOc1cc2ncc(C(N)=O)c(Nc3ccc(F)cc3F)c2cc1N1CCCN(C)CC1,0,CEGMRCDIICJVRP-UHFFFAOYSA-N,CEGMRCDIICJVRP,CUPID,CUPID,
CC1=NC(=CS1)CN2CCC(CC2)OC3=NC=NC4=C3C=CN4CC5=CC=CC=C5,1,PFHPPXLJMQLSRQ-UHFFFAOYSA-N,PFHPPXLJMQLSRQ,PubChem,70693672,22318156
C1COC2=C([C@H]1C3=C(C=C(C=C3)C(F)(F)F)C4=CC=C(C=C4)C(=O)O)C=CC(=C2)S(=O)(=O)NC5=NN=CC=C5,0,CJNQIQIEVFLUSP-OAQYLSRUSA-N,CJNQIQIEVFLUSP,PubChem,126650160,6331
COc1cccc(C2NCCOC2Oc2cc(F)c(S(=O)(=O)Nc3ncns3)cc2F)c1,0,CYLMLRCAQHLIPV-UHFFFAOYSA-N,CYLMLRCAQHLIPV,CUPID,CUPID,
C1C[C@@H](COC1)CNC2=CC(=C(C=C2Cl)S(=O)(=O)NC3=NC=CS3)F,1,CUKXCYUCHNHBBC-SNVBAGLBSA-N,CUKXCYUCHNHBBC,PubChem,137638993,28818462
CC1(CN(C1)C(C2=CC=CC=C2)C3=CC=CC=C3)COC4=CC(=C(C=C4C5CC5)C(=O)NS(=O)(=O)C6CC6)F,1,IKGSSFBIKHWXLY-UHFFFAOYSA-N,IKGSSFBIKHWXLY,PubChem,118120490,6331
CC(C)COC1=C(C=C(C=N1)C2=CN(C3=CC(=C(C=C32)F)C(=O)NS(=O)(=O)C4CC4)C)Cl,1,RUOURBQWRICTBV-UHFFFAOYSA-N,RUOURBQWRICTBV,PubChem,132020582,30576602
C1CN(CC(C1OC2=CC(=C(C=C2F)S(=O)(=O)NC3=NC(=CC=C3)F)F)C4=CC(=C(C=C4)F)F)CC(F)(F)F,1,ZBLYTMOPDJSMFJ-UHFFFAOYSA-N,ZBLYTMOPDJSMFJ,PubChem,164617270,34044121
CNCCN(C)C1=C(C=CC(=C1)C(F)(F)F)NC2=CC(=C(C=C2Cl)S(=O)(=O)NC3=NC=C(C=N3)F)F,0,RNXHCRHGSUCZPZ-UHFFFAOYSA-N,RNXHCRHGSUCZPZ,PubChem,129135908,6331
C1CC([C@@H](C[C@@H]1O)COC2=CC(=C(C=C2F)S(=O)(=O)NC3=NC=NS3)F)C4=CC=C(C=C4)Cl,0,XKUSDXSGJPVRMR-GVJPCGBOSA-N,XKUSDXSGJPVRMR,PubChem,117625383,6331
COc1cc(C#N)ccc1-c1cccc2cc(S(=O)(=O)Nc3ncns3)ccc12,0,KRCCOGVLSKLLMP-UHFFFAOYSA-N,KRCCOGVLSKLLMP,CUPID,CUPID,
O=C1c2cccc3c2C(CCC3)CN1C1CN2CCC1CC2,0,CPZBLNMUGSZIPR-UHFFFAOYSA-N,CPZBLNMUGSZIPR,CUPID,CUPID,
CS(=O)(=O)NC(=O)C1=C(C=C(C(=C1)C2CC2)O[C@@H]3CCCN(C3)CC4=CC=C(C=C4)C5=CC=CC=C5)F,1,ZJQJBMYDTSMDTO-XMMPIXPASA-N,ZJQJBMYDTSMDTO,PubChem,118110620,6331
Cc1ccnc(CN2CCOc3ccc(-c4ccc(OC(F)(F)F)cc4)cc3C2=O)n1,1,MJAJMUHRADIXLN-UHFFFAOYSA-N,MJAJMUHRADIXLN,data_nav_dev,CHEMBL3957196,
CC(C)COc1ccc(-c2ccc3c(c2)C(=O)N(Cc2ncccn2)CCO3)cc1,1,DKYMPJAAEUKBHU-UHFFFAOYSA-N,DKYMPJAAEUKBHU,data_nav_dev,CHEMBL3953846,
Cn1nccc1-c1cc(Cl)ccc1Oc1ccc(S(=O)(=O)Nc2nncs2)cc1C#N,0,LDRZWGWBOYORGD-UHFFFAOYSA-N,LDRZWGWBOYORGD,CUPID,CUPID,
CC1=CC(=C(C=C1N(C)[C@H]2CCN(C2)CC3=CC=C(O3)C(F)(F)F)F)S(=O)(=O)NC4=CSC=N4,1,DNIZSMWPXKBXDJ-AWEZNQCLSA-N,DNIZSMWPXKBXDJ,PubChem,132141840,6331
O=C(Nc1ccc(OCC(F)(F)F)nc1)C(c1ccccc1)N1CCN(C(=O)c2cc(F)cnc2Cl)CC1,0,UWXYMPUFJVJRED-UHFFFAOYSA-N,UWXYMPUFJVJRED,CUPID,CUPID,
CC(=O)N1CCCC(CNc2cc(F)c(S(=O)(=O)Nc3nccs3)cc2Cl)C1,0,FDLMAPIOZIFPBT-UHFFFAOYSA-N,FDLMAPIOZIFPBT,CUPID,CUPID,
CC[C@H](C[C@@H]([C@H](CN1CC(=O)N(CC1(C)C)C2=CC=CC=C2Cl)N)O)C(=O)NC3C4CC5CC3CC(C5)(C4)O.C(=C/C(=O)O)\C(=O)O.O,0,ZYLQXNXWMWAYGD-ZVEMBJARSA-N,ZYLQXNXWMWAYGD,PubChem,71453056,24900544
COCCS(=O)(=O)NC(=O)c1cnc(OCC23CC4CC(CC(C4)C2)C3)c(C2CC2)c1,0,CZEOXEPOGLVDMI-UHFFFAOYSA-N,CZEOXEPOGLVDMI,CUPID,CUPID,
N#Cc1ccc(C2NCCOC2Oc2cc(F)c(S(=O)(=O)Nc3ncns3)cc2F)cc1,0,PXSHEVDNNWAFCU-UHFFFAOYSA-N,PXSHEVDNNWAFCU,CUPID,CUPID,
Cn1nccc1-c1cc(C(F)(F)F)ccc1N1CCOc2cc(S(=O)(=O)Nc3ncns3)ccc21,1,ZRWPQWBCQJFRQE-UHFFFAOYSA-N,ZRWPQWBCQJFRQE,data_nav_dev,CHEMBL3919513,
O=C1c2cc(-c3ccc(OC(F)(F)F)cc3)ccc2OCCN1Cc1ncccc1F,1,XTYWABHARIBXBU-UHFFFAOYSA-N,XTYWABHARIBXBU,data_nav_dev,CHEMBL3953995,
CC(C1=C(C=CC(=C1)C2CC2)F)N3CCC(CC3)OC4=C(C=C(C=C4)S(=O)(=O)NC5=CSC=N5)Cl,1,GFAIDZXXZFXDLU-UHFFFAOYSA-N,GFAIDZXXZFXDLU,PubChem,132141431,6331
CN([C@H]1CCN(C1)CC2=CC(=CC(=C2)F)F)C3=C(C=C(C=C3)S(=O)(=O)N(C4=NC=NS4)C(=O)[O-])Cl,0,HBJSOWZRLXQYTL-INIZCTEOSA-M,HBJSOWZRLXQYTL,PubChem,145866043,6331
O=C1c2cc(C#Cc3ccccc3)ccc2OCCN1Cc1ncccn1,1,KGFBMFHXLIAQGJ-UHFFFAOYSA-N,KGFBMFHXLIAQGJ,data_nav_dev,CHEMBL3952791,
COc1cc(C(=O)NS(C)(=O)=O)c(F)cc1-c1cnc(Oc2cc(F)ccc2F)c(Cl)c1,0,PPKNTGHPZNLOFG-UHFFFAOYSA-N,PPKNTGHPZNLOFG,data_nav_dev,CHEMBL4469805,
CS(=O)(=O)CCC1=C(C=CC(=C1)C(F)(F)F)[C@@H]2CCOC3=C2C=CC(=C3)S(=O)(=O)NC4=NC=NC=C4,0,VPNOHWUFHXNMLM-IBGZPJMESA-N,VPNOHWUFHXNMLM,PubChem,126650425,6331
O=C(NC1CCc2ccccc2C1)N1CCC(c2nc(-c3ccccn3)no2)CC1,1,BYFSZZCFOSXKJG-UHFFFAOYSA-N,BYFSZZCFOSXKJG,data_nav_dev,44236322,44236322
COC1=C(C=CC(=C1)C2=CC(=CC(=C2)F)F)C3=NC=CC4=C3C=CC(=C4)S(=O)(=O)NC5=NOC=C5,0,BXJGQEMBKDBWKL-UHFFFAOYSA-N,BXJGQEMBKDBWKL,PubChem,121333863,6331
COC1=CC2=C(C=C1)N3C=CC=C3C4(N2)CCN(CC4)C(=O)OCC5=CC=CC=C5,1,MZPRXOBVFQASBN-UHFFFAOYSA-N,MZPRXOBVFQASBN,PubChem,70814180,25113934
C1CN(CCC1OC2=NC=NC3=C2C=CN3CC4=CC=CC=C4C(F)(F)F)CC5=CSC=N5,1,UMLBPTKZCLVUIO-UHFFFAOYSA-N,UMLBPTKZCLVUIO,PubChem,70681063,22318156
COc1cc(C(F)F)c(Cl)cc1-c1ncnc2cc(S(=O)(=O)Nc3nccs3)ccc12,1,QVPSPVFPJRSFHP-UHFFFAOYSA-N,QVPSPVFPJRSFHP,data_nav_dev,89613553,89613553
CC1=CC(=CC=C1)CN2CCC(CC2)OC3=C(C=C(C=C3)S(=O)(=O)NC4=NC=CS4)Cl,1,AAGNVJFDRQHTPH-UHFFFAOYSA-N,AAGNVJFDRQHTPH,PubChem,132141505,6331
CS(=O)(=O)NC(=O)C1=C(C=C(C(=C1)C2CC2)OCC3CCN(CC3)C(=O)C4=CC(=CC(=C4)Cl)Cl)F,1,SREGSGWKZFYIDY-UHFFFAOYSA-N,SREGSGWKZFYIDY,PubChem,118110946,6331
O=S(=O)(Nc1ncns1)N1CCc2c(cccc2-c2cccc3[nH]ncc23)C1,1,ZGGIJMCPNRQCOM-UHFFFAOYSA-N,ZGGIJMCPNRQCOM,data_nav_dev,CHEMBL3683234,
COC1=CC2=C(C=C1)N3C=CC=C3C4(N2)CCN(CC4)C(=O)C5=CC=C(C=C5)Cl,1,QWIKRSBEQWYICN-UHFFFAOYSA-N,QWIKRSBEQWYICN,PubChem,53058100,25113934
CCCCC1=C(C2=CC=CC=C2O1)C(=O)C3=CC(=C(C(=C3)I)OCCN(CC)CC)I,1,IYIKLHRQXLHMJQ-UHFFFAOYSA-N,IYIKLHRQXLHMJQ,PubChem,2157,21300721
Cc1nn(-c2ccccc2)nc1C(=O)NC1COc2cccc(-c3ccncc3)c2C1,0,YQIDSLFXPFOWIF-UHFFFAOYSA-N,YQIDSLFXPFOWIF,CUPID,CUPID,
C1COC(C(N1)C2=CC(=CC(=C2)Cl)Cl)OC3=CC(=C(C=C3F)S(=O)(=O)NC4=NC=NS4)F,1,NIIIYJIOHFNWRI-UHFFFAOYSA-N,NIIIYJIOHFNWRI,PubChem,145977501,29439904
C1CN(C1)S(=O)(=O)NC(=O)C2=C(C=C(C(=C2)C3CC3)O[C@@H]4CCN(C4)CC5=CC=CC=C5)F,1,IILXZRYSENLMEG-LJQANCHMSA-N,IILXZRYSENLMEG,PubChem,118120520,6331
COc1ccncc1N1CCOc2cc(S(=O)(=O)Nc3nccs3)ccc21,1,IJASFADUIAWVTI-UHFFFAOYSA-N,IJASFADUIAWVTI,data_nav_dev,CHEMBL3963974,
CC(C)(C)C[C@@H](CNC1=CC(=C(C=C1Cl)S(=O)(=O)NC2=NC=C(S2)F)F)NC.Cl,1,LUPTXVASMFPNNE-PPHPATTJSA-N,LUPTXVASMFPNNE,PubChem,162650616,34141090
CC1=C(C(=NO1)C2=C(C=CC=C2Cl)Cl)NC(=O)OCC3=CC=CC=C3Cl,1,HUDOROMBACNRCG-UHFFFAOYSA-N,HUDOROMBACNRCG,PubChem,25204469,21641215
CS(=O)(=O)NC(=O)C1=C(C=C(C(=C1)C2CC2)OCC3CCN(CC3)CC4=CC(=CC(=C4)Cl)OC(F)(F)F)F,1,HPKDBJLYPHESDH-UHFFFAOYSA-N,HPKDBJLYPHESDH,PubChem,118110933,6331
CNC1=NOC2=C1C=C(C=C2)C3=C(C=CC(=C3)Cl)OC4=CC(=C(C=C4F)S(=O)(=O)NC5=NC=NS5)F,1,TZPJMFCRZHDJLH-UHFFFAOYSA-N,TZPJMFCRZHDJLH,PubChem,71558917,26985315
CC(C)COc1ccc(-c2nn(C)c3cc(C(=O)NS(C)(=O)=O)c(F)cc23)cn1,0,QRIOFRCLJAONBX-UHFFFAOYSA-N,QRIOFRCLJAONBX,CUPID,CUPID,
COC1=C(C=C(C(=C1)C2=CC(=CC=C2)F)Cl)C3=C4C=CC(=CC4=CN=N3)S(=O)(=O)NC5=NOC=C5,0,UEWUTQCAHMNCPZ-UHFFFAOYSA-N,UEWUTQCAHMNCPZ,PubChem,117741640,6331
Cc1ncc(-c2nc3c(-c4ccc5c(c4)C4(CCCN4C(=O)C4CC4)C(=O)N5C)ncnc3n2C)cn1,0,MHEWWXGARXQJFP-UHFFFAOYSA-N,MHEWWXGARXQJFP,CUPID,CUPID,
Cn1nc(-c2ccc(C(F)(F)F)cc2)c2ccc(C(=O)NS(C)(=O)=O)cc21,0,ADEVOKHVTSQTBX-UHFFFAOYSA-N,ADEVOKHVTSQTBX,CUPID,CUPID,
C[C@@H](C(N)=O)[C@H](N)c1cn2cc(C(C)(C)C)ccc2n1,1,MHVVQGCDRSPVRZ-RNCFNFMXSA-N,MHVVQGCDRSPVRZ,data_nav_dev,CHEMBL4452291,
C1CN(CCC1N2CC3=CC=CC=C3C2=O)CC(COC4=CC=CC(=C4)C(=O)C5=CC=CC=C5)O,1,MFAWWJPOJNZHOM-UHFFFAOYSA-N,MFAWWJPOJNZHOM,PubChem,122196019,26358159
O=S(=O)(Nc1nccs1)c1ccc2c(c1)OCCN2c1ccc2nccnc2c1,1,UAPQRAFEOQMNLO-UHFFFAOYSA-N,UAPQRAFEOQMNLO,data_nav_dev,89762101,89762101
CC(C)COC1=C(C=C(C=N1)C2=CC(=C(C=C2F)C3=NNC(=N3)S(=O)(=O)C4CCC4)F)Cl,1,RBIUYLHWIPLFAR-UHFFFAOYSA-N,RBIUYLHWIPLFAR,PubChem,145963617,29709252
C1CN(CCC1OC2=C(C=C(C=C2)S(=O)(=O)NC3=NC=CS3)Cl)CC4=CC=C(C=C4)C(F)(F)F,0,XFFSSCGBNZPGSZ-UHFFFAOYSA-N,XFFSSCGBNZPGSZ,PubChem,132141575,6331
C1CC1C2=CC(=C(C=C2OCC3CCN(CC3)S(=O)(=O)C4=C(C=C(C=C4)C(F)(F)F)Cl)F)C(=O)NS(=O)(=O)C5CC5,1,PNUVCZLZKVPMSF-UHFFFAOYSA-N,PNUVCZLZKVPMSF,PubChem,118120469,6331
CN(C)C1=C(C=CC(=C1)C(=O)N2CCCC3(CC2)C4=CC=CN4C5=C(N3)C=C(C=C5)OC)OC,1,SKOODDVGXMMZRD-UHFFFAOYSA-N,SKOODDVGXMMZRD,PubChem,118714778,25288187
O=S(=O)(Nc1ncns1)c1ccc2c(c1)OCCN2c1cccc(OC(F)(F)F)c1,1,RXNZKMCVXFBVOX-UHFFFAOYSA-N,RXNZKMCVXFBVOX,data_nav_dev,89761913,89761913
CCNC1=N[C@H]2[C@H](O[C@H](C(F)F)[C@@H](O)[C@@H]2O)S1,0,UDQTXCHQKHIQMH-KYGLGHNPSA-N,UDQTXCHQKHIQMH,data_nav_dev,CHEMBL4111094,
CC1=CC(=CC(=C1)Cl)C2=CC(=C(C=C2C#N)C3=NC=CC4=C3C=CC(=C4)S(=O)(=O)NC5=NOC=C5)OC,0,VPRHZTJRGZNVQR-UHFFFAOYSA-N,VPRHZTJRGZNVQR,PubChem,121333926,6331
CC1=CC(=C(C=C1C2=CC(=C(N=C2)O[C@H](C)C3=CC(=C(C=C3F)F)F)Cl)F)C(=O)NS(=O)(=O)C,1,RQXGTUUOCDNUFL-LLVKDONJSA-N,RQXGTUUOCDNUFL,PubChem,117993909,6331
C1CN(CCN1[C@H](C2=CC=CC=C2)C(=O)NCC3=CC=CC=C3)C(=O)C4=CC(=CC(=C4)F)F,1,GVZKTEGYBIZGFB-XMMPIXPASA-N,GVZKTEGYBIZGFB,PubChem,100657083,30108793
CCCCCCCC/C=C\CCCCCCCC(=O)N[C@H](CCCCN)C(=O)O.Cl,0,BKGLCXGRZULZOA-WXDVXZIVSA-N,BKGLCXGRZULZOA,PubChem,155547990,30714733
O=c1sc2cc(S(=O)(=O)Nc3ncns3)ccc2n1Cc1ccccc1,0,GTHCYFOABKSWFV-UHFFFAOYSA-N,GTHCYFOABKSWFV,CUPID,CUPID,
C1CN(C1)S(=O)(=O)NC(=O)C2=C(C=C(C(=C2)C3CC3)CN4CCO[C@@H](C4)CC5=C(C=C(C=C5)F)Cl)F,1,PIWYVIVUOSLKSX-HXUWFJFHSA-N,PIWYVIVUOSLKSX,PubChem,118110641,6331
CC1=CC(=C(C=C1N(C)[C@H]2CCN(C2)CC3=NN(C(=C3)C)C)F)S(=O)(=O)NC4=CSC=N4,0,FMDPANUXNUXTEH-KRWDZBQOSA-N,FMDPANUXNUXTEH,PubChem,132141627,6331
O=C(NCc1cccc(Br)c1)c1c2ccccc2c(O)n1CCc1ccccn1,0,FGYPGPBUMXQMHH-UHFFFAOYSA-N,FGYPGPBUMXQMHH,CUPID,CUPID,
CC1=C(N2CCC3(CCN(CC(O)c4ccc5c(c4C)COC5=O)CC3)C2=O)COC1=O,0,KDAIMYGCILCZSH-UHFFFAOYSA-N,KDAIMYGCILCZSH,CUPID,CUPID,
O=C(c1ccc(CC2CCC(C(O)c3ccccc3)N2)cc1)N1CCN(Cc2nnn(CC(F)F)n2)CC1,0,YDJMKEIHCDSIFC-UHFFFAOYSA-N,YDJMKEIHCDSIFC,CUPID,CUPID,
O=S(=O)(Nc1ncns1)N1CCc2c(cccc2-c2ccc(Cl)cc2Cl)C1,1,MXXHOLJNGWPXGB-UHFFFAOYSA-N,MXXHOLJNGWPXGB,data_nav_dev,CHEMBL3683201,
O=S(=O)(Nc1nccs1)c1ccc2c(c1)OCCN2c1ccc(C(F)(F)F)cc1-c1ccncc1,1,PPMOJHYERWGAEB-UHFFFAOYSA-N,PPMOJHYERWGAEB,data_nav_dev,CHEMBL3909534,
C1=CC=C(C(=C1)N2C3=C(C=C(C=C3)F)C(=N2)OCCN4C=CNC4=O)F,1,SNNPFJPSCXRCFL-UHFFFAOYSA-N,SNNPFJPSCXRCFL,PubChem,127047646,27015369
O=S(=O)(Nc1ncns1)N1CCc2c(cccc2-c2cncc3ccccc23)C1,1,FCRCEFKHUVZZBD-UHFFFAOYSA-N,FCRCEFKHUVZZBD,data_nav_dev,CHEMBL3683214,
Cc1ccc(Nc2nc(C(=O)N3CCCC(C)C3C)cs2)cc1,0,YKFSMOUFOXUQLG-UHFFFAOYSA-N,YKFSMOUFOXUQLG,CUPID,CUPID,
N#Cc1cc(Cl)ccc1N1CCOc2cc(S(=O)(=O)Nc3nccs3)ccc21,1,ZTNRHRCXRKZNAI-UHFFFAOYSA-N,ZTNRHRCXRKZNAI,data_nav_dev,CHEMBL3909713,
C1CN(C1)S(=O)(=O)NC(=O)C2=C(C=C(C(=C2)C3CC3)OCC4CC5CCC(C4)N5CC6=CC=CC=C6)F,1,WKIFVUCUDDSARC-UHFFFAOYSA-N,WKIFVUCUDDSARC,PubChem,118120217,6331
C[C@@]1(C[C@@H]2CN=C(N[C@@]2(C(=O)C[C@@H]1O)C)N)O,0,OZUWOESNMIIGKF-GUHGHRINSA-N,OZUWOESNMIIGKF,PubChem,162652596,32896120
CC1=CC(=C(C=C1)N2N=C(C(=N2)C(=O)N[C@H]3CC4=C(C=CC=C4OC3)N5CCN(CC5)C)C)C,1,OSYIFZXDCWRTND-FQEVSTJZSA-N,OSYIFZXDCWRTND,PubChem,25056787,22832315
CCS(=O)(=O)NC(=O)C1=C(C=C(C(=C1)C2CC2)OCCC3CCN(CC3)CC4=CC(=CC(=C4)Cl)Cl)F,1,VONKMVXDHIRYQE-UHFFFAOYSA-N,VONKMVXDHIRYQE,PubChem,118120579,6331
N#Cc1cc(S(=O)(=O)Nc2ncns2)ccc1Oc1ccc(Cl)cc1-c1cn[nH]c1N,1,DQMMXAIHRCDFHS-UHFFFAOYSA-N,DQMMXAIHRCDFHS,data_nav_dev,CHEMBL2325038,
C1CC1C2=CC(=C(C=C2OCC3CCN(CC3)S(=O)(=O)C4=CC(=CC(=C4)Cl)Cl)F)C(=O)NS(=O)(=O)C5CC5,1,HSLPMVWAEHCEIS-UHFFFAOYSA-N,HSLPMVWAEHCEIS,PubChem,118110605,6331
Cc1cc(OC(F)(F)F)ccc1N1CCOc2cc(S(=O)(=O)Nc3nccs3)ccc21,1,TWIGTYPIVYUKQQ-UHFFFAOYSA-N,TWIGTYPIVYUKQQ,data_nav_dev,71711767,71711767
Cc1cccc(-c2cn(C)c3cc(C(=O)NS(C)(=O)=O)ccc23)c1,0,AZGUAMOGUBTAQX-UHFFFAOYSA-N,AZGUAMOGUBTAQX,CUPID,CUPID,
C1C[C@H](CN(C1)C2=CC=C(C=C2)F)OC3=CC(=C(C=C3C4CC4)C(=O)NS(=O)(=O)C5CC5)F,1,OVLHZFKQLRODNK-GOSISDBHSA-N,OVLHZFKQLRODNK,PubChem,118120537,6331
Cn1cc(-c2ccc(C(F)(F)F)cc2-c2cn[nH]c2)c2ccc(S(=O)(=O)Nc3ncns3)cc21,1,NVBFTRZZWVPMOO-UHFFFAOYSA-N,NVBFTRZZWVPMOO,data_nav_dev,CHEMBL3341979,
CN([C@H]1CCN(C1)CC2=CC=CC=C2Cl)C3=C(C=C(C=C3)S(=O)(=O)NC4=NC=NS4)Cl,1,DRJRAWAJRFOKTR-HNNXBMFYSA-N,DRJRAWAJRFOKTR,PubChem,132141533,6331
C1C(CN1CC2=CC=CC=C2)OC3=C(C=C(C=C3)S(=O)(=O)NC4=NC=CS4)Cl,0,XBCBOCLSBWFNRH-UHFFFAOYSA-N,XBCBOCLSBWFNRH,PubChem,132141323,6331
CC1=NN(C(=C1C(=O)NC2=C(C=C(C=C2)C(F)(F)F)F)N)C3=CC=CC=C3OCCOC,0,MWONWWBMOSDFPN-UHFFFAOYSA-N,MWONWWBMOSDFPN,PubChem,139268648,6331
C1CC(=O)N(C1)C2=C(C=CC(=C2)C(F)(F)F)[C@H]3CCOC4=C3C=CC(=C4)S(=O)(=O)NC5=NN=CC=C5,0,ZCECKNOHKSNTTC-QGZVFWFLSA-N,ZCECKNOHKSNTTC,PubChem,126668607,6331
C1=CC(=C(N=C1)OCC(F)(F)F)CNC(=O)C2=CN=CC(=C2)C3=CC=C(C=C3)Cl,1,ZSKFKDOCPJGONT-UHFFFAOYSA-N,ZSKFKDOCPJGONT,PubChem,16040329,20855211
CCS(=O)(=O)NC(=O)C1=C(C=C(C(=C1)C2CC2)OCC3(CN(C3)C(C4=CC=CC=C4)C5=CC=CC=C5)C)F,1,ABFJGJYHHOCPJV-UHFFFAOYSA-N,ABFJGJYHHOCPJV,PubChem,118120414,6331
COCCCC1=C(C=CC(=C1)C(F)(F)F)[C@H]2CCOC3=C2C=CC(=C3)S(=O)(=O)NC4=NN=CC=C4,1,QWGWNIRQQZLDCR-HXUWFJFHSA-N,QWGWNIRQQZLDCR,PubChem,126668822,6331
C1=CC2=C(C=C1C(F)(F)F)NN=C2NC3=CN=C(C=C3)Cl,1,GNYBHKXPQGYGCV-UHFFFAOYSA-N,GNYBHKXPQGYGCV,PubChem,9883254,28626530
O=C(O)CCC1(c2cccc(C(F)(F)F)c2)CCCN(C(=O)Nc2ccc(Cl)cc2)C1,1,BGFWYEFBAHLCNL-UHFFFAOYSA-N,BGFWYEFBAHLCNL,data_nav_dev,46882988,46882988
C1CC2CN(CC1N2C(=O)C3=C(C=CC(=C3)F)Cl)[C@H](C4=CC=CC=C4)C(=O)NCC5=CC=CC=C5,1,BQHBHGGMKILLQO-QGPIEZSZSA-N,BQHBHGGMKILLQO,PubChem,145987554,30108793
COC1=C(C=CC(=C1)C(=O)NS(=O)(=O)C)C2=CC(=C(N=C2)OC3=CC(=CC(=C3)Cl)Cl)Cl,1,MNRWYZJQBAAMKH-UHFFFAOYSA-N,MNRWYZJQBAAMKH,PubChem,117993886,6331
Cn1nccc1[C@H]1CCCC[C@@H]1Oc1cc(F)c(S(=O)(=O)Nc2ccncn2)cc1F,0,CEHAIZRVGILZFK-DYVFJYSZSA-N,CEHAIZRVGILZFK,data_nav_dev,71711783,71711783
COc1nc(-c2cccc(F)c2)ccc1-c1nccc2cc(S(=O)(=O)Nc3ccncn3)ccc12,0,AUVQJEKTYHBVGO-UHFFFAOYSA-N,AUVQJEKTYHBVGO,CUPID,CUPID,
O=S(=O)(Nc1ncns1)c1ccc2c(c1)OCCN2c1ccc(C(F)(F)F)cc1Cl,1,QNGMWIGUDUIKOI-UHFFFAOYSA-N,QNGMWIGUDUIKOI,data_nav_dev,CHEMBL3341981,
CCOc1cc2ncc(C(N)=O)c(Nc3ccc(F)cc3F)c2cc1N1CCN(C)C(=O)C1,0,HHAAZROPDZNJCJ-UHFFFAOYSA-N,HHAAZROPDZNJCJ,CUPID,CUPID,
O=C(NS(=O)(=O)N1CCC1)c1cc(C2CC2)c(OCC2C3CC4CC(C3)CC2C4)cc1F,1,UNPJOXGIHJVJQC-UHFFFAOYSA-N,UNPJOXGIHJVJQC,data_nav_dev,CHEMBL3657972,
FC(F)(F)c1c(Cl)ccc(-n2ccnn2)c1Cl,0,XVFXHCLMGYJAQI-UHFFFAOYSA-N,XVFXHCLMGYJAQI,CUPID,CUPID,
CC1=CC(=C(C=C1N(C)[C@H]2CCN(C2)CCC(C)(C)C)F)S(=O)(=O)NC3=CSC=N3,0,UQYRQBBVHQEDPS-INIZCTEOSA-N,UQYRQBBVHQEDPS,PubChem,132141474,6331
CC(C)(C)OC(=O)N1C2=CC=CC=C2C3=C1[C@@H]4CNC(=O)[C@H](C3)N4C(=O)CC5CCC(CC5)(F)F,1,OQRHZPSWCKDTME-PMACEKPBSA-N,OQRHZPSWCKDTME,PubChem,155516067,31596080
C1COC2=C([C@H]1C3=C(C=C(C=C3)C(F)(F)F)CCF)C=CC(=C2)S(=O)(=O)NC4=NC=NC=C4,0,ZOIWLLUKZWWVRB-GOSISDBHSA-N,ZOIWLLUKZWWVRB,PubChem,126668714,6331
COc1cc(Cl)c(C#N)cc1-c1nccc2cc(S(=O)(=O)Nc3nncs3)ccc12,0,DUMMTDWYPVIFOZ-UHFFFAOYSA-N,DUMMTDWYPVIFOZ,CUPID,CUPID,
O=C1c2cc(-c3ccc(OC(F)(F)F)cc3)ccc2OCCN1Cc1ccccc1Cl,1,JHLDKYQYXSWDMI-UHFFFAOYSA-N,JHLDKYQYXSWDMI,data_nav_dev,CHEMBL3930403,
O=S(=O)(Nc1ncns1)c1cc(F)c(OC[C@@H]2CN(CCF)CC[C@H]2c2ccc(Cl)cc2)cc1F,1,LXZJEDQMTJCHFZ-RDJZCZTQSA-N,LXZJEDQMTJCHFZ,data_nav_dev,CHEMBL3325538,
Cc1nn(CC(C)C)nc1C(=O)NC1COc2cccc(-c3cccnc3)c2C1,0,UJPPVXOKSRLWCP-UHFFFAOYSA-N,UJPPVXOKSRLWCP,CUPID,CUPID,
CN1C=C(C2=CC(=C(C=C21)C(=O)NS(=O)(=O)C3CC3)F)C4=CC=C(C=C4)C(F)(F)F,1,QUKXWNWVUDCALS-UHFFFAOYSA-N,QUKXWNWVUDCALS,PubChem,132051677,30576602
COc1cc(Cl)ccc1N1CCOc2cc(S(=O)(=O)Nc3nccs3)ccc21,1,UFNHEMMGOKSYOD-UHFFFAOYSA-N,UFNHEMMGOKSYOD,data_nav_dev,CHEMBL3977812,
O=S(=O)(Nc1ncns1)N1CCc2c(cccc2-c2ccc(C(F)(F)F)cc2-c2cncnc2)C1,1,CSWYUBWEAKUYRC-UHFFFAOYSA-N,CSWYUBWEAKUYRC,data_nav_dev,CHEMBL3683212,
CS(=O)(=O)c1ccc2c(c1)CCC1(CCCN(C(=O)N[C@H]3C[C@@H]3c3ccccc3)CC1)O2,1,JXGJTODYQBRZDL-RTIVMORXSA-N,JXGJTODYQBRZDL,data_nav_dev,CHEMBL482637,
CC1(C(=O)O)CCCC(C)(c2nc(-c3ccc(C(=O)Nc4cc(C(F)(F)F)ccn4)cc3)c3c(N)nccn23)C1,0,TUABCARNQAPXIP-UHFFFAOYSA-N,TUABCARNQAPXIP,CUPID,CUPID,
CC1=C(C(=C(N1)C(=O)NC2=NC3=C(C=C(C=C3S2)C(=O)O)N4CCOCC4)Cl)Cl,0,XMRMYIYEEWALOZ-UHFFFAOYSA-N,XMRMYIYEEWALOZ,PubChem,167530343,36877255
Cn1cc(-c2ccccc2)c2ccc(S(=O)(=O)Nc3ncns3)cc21,1,GDKHSAWBQQKHMF-UHFFFAOYSA-N,GDKHSAWBQQKHMF,data_nav_dev,CHEMBL3704427,
O=S(=O)(Nc1cncs1)c1ccc2c(c1)OCCN2c1ccc(C(F)(F)F)cc1C1=CCNCC1,1,AFDQTHBFWDABQO-UHFFFAOYSA-N,AFDQTHBFWDABQO,data_nav_dev,CHEMBL3901597,
COc1cc(-c2ccc(F)c(C#N)c2)ccc1-c1nccc2cc(S(=O)(=O)Nc3ccncn3)ccc12,0,NVRNQLVEOCKBRR-UHFFFAOYSA-N,NVRNQLVEOCKBRR,CUPID,CUPID,
O=S(=O)(Nc1ncns1)N1CCc2c(cccc2-c2cccc3ccccc23)C1,1,CUMLPSALSFWUDE-UHFFFAOYSA-N,CUMLPSALSFWUDE,data_nav_dev,CHEMBL3683213,
O=S(=O)(Nc1nccs1)c1ccc2c(c1)OCCN2c1ccc(C(F)(F)F)cc1C1=CCNCC1,1,NNRINZJFYZBPGO-UHFFFAOYSA-N,NNRINZJFYZBPGO,data_nav_dev,71711173,71711173
CC#Cc1cncc(-c2cn(C)c3cc(S(=O)(=O)Nc4ncns4)ccc23)c1,1,WMYHFLJZNYAPJW-UHFFFAOYSA-N,WMYHFLJZNYAPJW,data_nav_dev,CHEMBL3704409,
C[C@@H](C1=C(C=C(C=C1)F)Cl)N2CCC(CC2)COC3=CC(=C(C=C3C4CC4)C(=O)NS(=O)(=O)C)F,1,TWTAHZZUGXMXLY-HNNXBMFYSA-N,TWTAHZZUGXMXLY,PubChem,118111370,6331
C1COC2=C([C@H]1C3=C(C=C(C=C3)C(F)(F)F)C4=CN=C(C=C4)F)C=CC(=C2)S(=O)(=O)NC5=NC=NC=C5,0,KUVZDRVPKZSTDF-LJQANCHMSA-N,KUVZDRVPKZSTDF,PubChem,126668889,32368909
CCOc1ccc(-c2ccc3c(c2)C(=O)N(Cc2ncccn2)CCO3)cc1,1,YUZOVUBVSIHVRZ-UHFFFAOYSA-N,YUZOVUBVSIHVRZ,data_nav_dev,CHEMBL3912762,
CC(C)(C)OC(=O)N1CC=C(c2cccc3c2CCN(S(=O)(=O)Nc2ncns2)C3)CC1,1,ARXYLVKKDMSLPD-UHFFFAOYSA-N,ARXYLVKKDMSLPD,data_nav_dev,71737516,71737516
CC(C1=CC(=CC(=C1)Cl)Cl)N2CCC(CC2)COC3=CC(=C(C=C3C4CC4)C(=O)NS(=O)(=O)C5CC5)F,1,PRCIGHMFXRYAIG-UHFFFAOYSA-N,PRCIGHMFXRYAIG,PubChem,118110907,6331
Cc1nc2c(=O)n(C3CC3)c3c(Cl)c(N4CCC(C(C)N)C4)c(F)cc3c2o1,0,LOCSNCVSEDLFDP-UHFFFAOYSA-N,LOCSNCVSEDLFDP,CUPID,CUPID,
C1COC2=C([C@@H]1C3=C(C=C(C=C3)C(F)(F)F)N4C=CN=N4)C=CC(=C2)S(=O)(=O)NC5=NC=C(C=N5)F,0,RWNBPEMDAHCYQR-INIZCTEOSA-N,RWNBPEMDAHCYQR,PubChem,126650433,6331
CCN1CC(n2nccc2-c2cc(Cl)ccc2Oc2cc(F)c(S(=O)(=O)Nc3cscn3)cc2F)C1,1,FUEMKENJKYZACX-UHFFFAOYSA-N,FUEMKENJKYZACX,data_nav_dev,CHEMBL2325020,
N#Cc1ccc(OC2C3CCC(=O)C3CC2N2CCCC(N)C2)cc1,0,QSAZIXCMYAOKGL-UHFFFAOYSA-N,QSAZIXCMYAOKGL,CUPID,CUPID,
C1CC1C2=CC(=C(C=C2OCC3CCN(CC3)S(=O)(=O)C4=CC=CC=C4C(F)(F)F)F)C(=O)NS(=O)(=O)C5CC5,1,OVHKFCHMFRAKJC-UHFFFAOYSA-N,OVHKFCHMFRAKJC,PubChem,118120304,6331
CC(C)N(C(C)C)C(=O)CN1CCC[C@H](C1)OC2=CC(=C(C=C2C3CC3)C(=O)NS(=O)(=O)C)F,1,NTYRJIXPMBRQDF-GOSISDBHSA-N,NTYRJIXPMBRQDF,PubChem,118110824,6331
Cn1nccc1Nc1ccc2c(c1)C(=O)CC1(CCN(C(=O)N[C@H]3C[C@@H]3c3ccccc3)CC1)O2,1,RHJMBQWXWMOCDA-IRLDBZIGSA-N,RHJMBQWXWMOCDA,data_nav_dev,44583350,44583350
C1CN(C[C@@H]([C@H]1OC2=CC(=C(C=C2F)S(=O)(=O)NC3=NC(=CC=C3)F)F)C4=CC=C(C=C4)F)CC(F)(F)F,1,AUEWXTDRFSZXFQ-APWZRJJASA-N,AUEWXTDRFSZXFQ,PubChem,164619251,34044121
COc1cc(-c2cccc(F)c2)ccc1-c1ncnc2cc(S(=O)(=O)Nc3ccncn3)ccc12,0,UCTIWUWTSINRLP-UHFFFAOYSA-N,UCTIWUWTSINRLP,CUPID,CUPID,
C1CN(CCC1OC2=C(C=C(C=C2)S(=O)(=O)NC3=NC=CS3)Cl)CC4=CC=C(C=C4)F,0,ITTCXQMEAWPWET-UHFFFAOYSA-N,ITTCXQMEAWPWET,PubChem,132141854,6331
COc1cc(C(F)(F)F)ccc1-n1c(=O)ccc2cc(S(=O)(=O)Nc3nccs3)ccc21,0,RPJTYRXEXCJTKB-UHFFFAOYSA-N,RPJTYRXEXCJTKB,CUPID,CUPID,
CCC1=CC(=C(C=C1N(C)[C@H]2CCN(C2)CC3=CC=CC=C3)F)S(=O)(=O)NC4=CSC=N4,1,DPHHVGVRPZESDJ-IBGZPJMESA-N,DPHHVGVRPZESDJ,PubChem,132141657,6331
CS(=O)(=O)NC(=O)C1=C(C=C(C(=C1)C2CC2)OCC3CCN(CC3)C(C4=CC=CC=C4)C5=CC=CC=C5)F,1,XVGMRZRHSRQQFG-UHFFFAOYSA-N,XVGMRZRHSRQQFG,PubChem,72549135,33682420
C1CN(CCC1OC2=CC(=C(C(=C2Cl)F)S(=O)(=O)NC3=CSC=N3)F)CC4=CC=CC=C4,0,FSULQKCLZSDQAU-UHFFFAOYSA-N,FSULQKCLZSDQAU,PubChem,132141403,6331
C1CC1C2=CC(=C(C=C2OCC3CN(C3)C4=NC=C(C(=C4)C(F)(F)F)Cl)F)C(=O)NS(=O)(=O)C5CC5,1,ZEOCEVMDPZIHPM-UHFFFAOYSA-N,ZEOCEVMDPZIHPM,PubChem,118120667,6331
COCC1(CCN(CC1)CC2=CC(=C(C=C2C3CC3)C(=O)NS(=O)(=O)C4CC4)F)C5=CC=C(C=C5)F,1,LUCHGIRYGAUYIW-UHFFFAOYSA-N,LUCHGIRYGAUYIW,PubChem,118353669,6331
O=S(=O)(Nc1ccncn1)c1ccc2c(c1)OCCN2c1ccc(C(F)(F)F)cc1Br,1,VVHADYQIYMCRPU-UHFFFAOYSA-N,VVHADYQIYMCRPU,data_nav_dev,89761474,89761474
CC1=CC(=C(C=C1N(C)[C@H]2CCN(C2)CC3=CSC(=N3)C4CC4)F)S(=O)(=O)NC5=CSC=N5,0,WRTJMOLVYYCZSD-KRWDZBQOSA-N,WRTJMOLVYYCZSD,PubChem,132141643,6331
CS(=O)(=O)NC(=O)C1=C(C=C(C(=C1)C2CC2)OCC3CCN(CC3)CC4=CC(=CC=C4)Cl)F,1,KUEJLJXMCCPJMA-UHFFFAOYSA-N,KUEJLJXMCCPJMA,PubChem,118120213,6331
O=C(NCc1noc(-c2nn(CCn3ccnc3)c3ccccc23)n1)c1ccccc1,0,PYIJFQHNPPKBFX-UHFFFAOYSA-N,PYIJFQHNPPKBFX,CUPID,CUPID,
CC1=CC=C(C=C1)CN2CCC(CC2)OC3=C(C=C(C=C3)S(=O)(=O)NC4=NC=CS4)Cl,0,CQPQOVNBBSOMDR-UHFFFAOYSA-N,CQPQOVNBBSOMDR,PubChem,132141581,6331
CS(=O)(=O)NC(=O)C1=C(C=C(C(=C1)C2CC2)OCC3CCN(CC3)C(C4=CC(=CC(=C4)Cl)Cl)C(F)(F)F)F,1,XLXIPEOIRIBHSV-UHFFFAOYSA-N,XLXIPEOIRIBHSV,PubChem,118111303,6331
C1CC1C2=CC(=C(C=C2OCC3CCN(CC3)C(=O)C4=CC(=C(C=C4)Cl)Cl)F)C(=O)NS(=O)(=O)C5CC5,1,RUJWRSKJYRGFJT-UHFFFAOYSA-N,RUJWRSKJYRGFJT,PubChem,118110634,6331
COC[C@@H](C1=CC=CC=C1)N2CCC(CC2)COC3=CC(=C(C=C3C4CC4)C(=O)NS(=O)(=O)C)F,1,PWIGOAGIFOIPHV-DEOSSOPVSA-N,PWIGOAGIFOIPHV,PubChem,118110522,6331
CN(C)S(=O)(=O)NC(=O)c1ccc2c(-c3ccc(C(F)(F)F)cc3)cn(C)c2c1,0,XVAAFMXQOXPESU-UHFFFAOYSA-N,XVAAFMXQOXPESU,CUPID,CUPID,
Cn1cc(C2=CCN(C(=O)OC(C)(C)C)CC2)c2ccc(C(=O)NS(=O)(=O)C3CC3)cc21,0,QPKHWNRGHCPSOD-UHFFFAOYSA-N,QPKHWNRGHCPSOD,CUPID,CUPID,
CC1(C(=O)O)CCC(C)(c2nc(-c3ccc(C(=O)Nc4cc(C(F)(F)F)ccn4)cc3)c3c(N)nccn23)CC1,0,KTQAEYIAPRUAEC-UHFFFAOYSA-N,KTQAEYIAPRUAEC,CUPID,CUPID,
Nc1nc(-c2ccc(NC(=O)C3CCCN3)cc2)c[nH]1,0,URZADAGEOXVIMR-UHFFFAOYSA-N,URZADAGEOXVIMR,CUPID,CUPID,
CC1=CC(=CC(=C1)F)OC2=CC(=C(C=C2)C3=NC=CC4=C3C=CC(=C4)S(=O)(=O)NC5=NC=NC=C5)OC,0,BQGFJPXNWNOJDD-UHFFFAOYSA-N,BQGFJPXNWNOJDD,PubChem,121333969,6331
COc1nc(-c2ccc(C(F)(F)F)cc2OC)c2ccc(S(=O)(=O)Nc3nccs3)cc2n1,0,CYRSIDVMHHGDIU-UHFFFAOYSA-N,CYRSIDVMHHGDIU,CUPID,CUPID,
O=C(O)CCC1(c2ccccn2)CCCN(C(=O)Nc2ccc(Cl)cc2)C1,1,IXTGDXLZCDARRX-UHFFFAOYSA-N,IXTGDXLZCDARRX,data_nav_dev,CHEMBL1077963,
C1CC2=CC=CC=C2CCC1NC(=O)N3CCC4(CC3)CC(=O)C5=CC=CC=C5O4,1,FZSIIVFTLMHKAP-UHFFFAOYSA-N,FZSIIVFTLMHKAP,PubChem,44583237,19481932
O=C1c2cc(-c3ccc(OC(F)(F)F)cc3)ccc2OCCN1CCN1CCCC1,1,GQJLHXDZELXXBH-UHFFFAOYSA-N,GQJLHXDZELXXBH,data_nav_dev,CHEMBL3894742,
C1CC2=CC=CC=C2N(C3=C1C=CC(=C3)Cl)CCCNS(=O)(=O)C4=CC=C(C=C4)OC(F)(F)F,0,QYOJMNDDVVEPFN-UHFFFAOYSA-N,QYOJMNDDVVEPFN,PubChem,71263344,26372073
O=S(=O)(Nc1ncns1)c1ccc2c(c1)OCCN2c1ccc(C(F)(F)F)cc1-c1cncnc1,1,SIMFEAOIHXDPFG-UHFFFAOYSA-N,SIMFEAOIHXDPFG,data_nav_dev,CHEMBL3937730,
CC1=NC=C(C=C1)C2=C(C=CC(=C2)C(F)(F)F)[C@H]3CCOC4=C3C=CC(=C4)S(=O)(=O)NC5=NN=CC=C5,1,NWFSPMULTCJVGD-OAQYLSRUSA-N,NWFSPMULTCJVGD,PubChem,126668727,6331
C1=CC=C2C(=C1)C(N(C2=O)CCC3=CC=CC=N3)C(=O)NCC4=CC=C(C=C4)OC(F)(F)F,1,BECROBIDPQYXRW-UHFFFAOYSA-N,BECROBIDPQYXRW,PubChem,44544347,22770500
COc1cc(-c2cc(F)cc(C#N)c2)ccc1-c1nccc2cc(S(=O)(=O)Nc3ccncn3)ccc12,0,OBVZHDKWMKBQLS-UHFFFAOYSA-N,OBVZHDKWMKBQLS,CUPID,CUPID,
NCc1nsc(NS(=O)(=O)c2ccc3c(c2)OCCN3c2ccc(C(F)(F)F)cc2Cl)n1,1,IIAJEEOXJXLMDF-UHFFFAOYSA-N,IIAJEEOXJXLMDF,data_nav_dev,CHEMBL3948091,
O=C(N[C@H]1C[C@@H]1c1ccccc1)N1CCC2(CC1)CC(O)c1ncccc1O2,1,PTFJFPDNCOEVNS-DVKDBIPTSA-N,PTFJFPDNCOEVNS,data_nav_dev,44583289,44583289
Nc1cc(Cl)ccc1-c1cccc2cc(S(=O)(=O)Nc3ncns3)ccc12,0,MCBHAFILNSIHFY-UHFFFAOYSA-N,MCBHAFILNSIHFY,CUPID,CUPID,
COc1ccc(CNC(=O)C2c3ccccc3C(=O)N2CCc2ccccn2)cc1,0,PYZXYYJWHQKGCD-UHFFFAOYSA-N,PYZXYYJWHQKGCD,data_nav_dev,CHEMBL2164388,
COCCS(=O)(=O)NC(=O)c1cc(C2CC2)c(OCC23CC4CC(CC(C4)C2)C3)cc1F,1,AADZPNRBAZVGNN-UHFFFAOYSA-N,AADZPNRBAZVGNN,data_nav_dev,CHEMBL3657840,
CCOc1cccc(N2CCOc3cc(S(=O)(=O)Nc4nccs4)ccc32)c1,1,CFSTZRGKPAIBIX-UHFFFAOYSA-N,CFSTZRGKPAIBIX,data_nav_dev,CHEMBL3909976,
CN(Cc1cccc(F)c1CNc1cc(F)c(S(=O)(=O)Nc2cscn2)c(F)c1)C(C)(C)C,1,VOJFVKGTRNXOTJ-UHFFFAOYSA-N,VOJFVKGTRNXOTJ,data_nav_dev,134585831,134585831
CC(C)(C)OC(=O)N1CCc2c(cccc2-c2cccc3c2CCN(S(=O)(=O)Nc2ncns2)C3)C1,1,GRINVLHXNQJTKP-UHFFFAOYSA-N,GRINVLHXNQJTKP,data_nav_dev,71737370,71737370
CN(C1=CC=C(C=C1)NC2=NC=CC(=N2)N)C3=CC=C(C=C3)Cl,1,WVWFBDNEALDWKB-UHFFFAOYSA-N,WVWFBDNEALDWKB,PubChem,70687392,22306122
CC1=CC(=C(C=C1)F)OC2=CC(=C(C=C2)C3=NC=CC4=C3C=CC(=C4)S(=O)(=O)NC5=NN=CS5)OC,0,MRVHHPWHQATSCV-UHFFFAOYSA-N,MRVHHPWHQATSCV,PubChem,117739913,6331
C1CC1C2=CN3C(=NN=C3NS(=O)(=O)C4CC4)C=C2OCC56CC7CC(C5)CC(C7)C6,1,FPERPEQIXLOVIK-UHFFFAOYSA-N,FPERPEQIXLOVIK,PubChem,91666633,29737846
CC(C)COC1=C(C=C(C=N1)OC2=C(C=C(C(=C2)F)C(=O)NS(=O)(=O)NC)Cl)Cl,1,JUNVHJRBBDXQAH-UHFFFAOYSA-N,JUNVHJRBBDXQAH,PubChem,72949434,6331
Cc1nnc(-c2cccc(CN3CCN(C(=O)c4ccc(CC5CCC(C(O)c6ccccc6)N5)cc4)CC3)n2)o1,0,KXGAQPJJCHWIRY-UHFFFAOYSA-N,KXGAQPJJCHWIRY,CUPID,CUPID,
O=C1c2cc(-c3ccc(C(F)(F)F)s3)ccc2OCCN1Cc1ccccn1,1,IXUHIUNJXWZIJI-UHFFFAOYSA-N,IXUHIUNJXWZIJI,data_nav_dev,CHEMBL3929128,
CN1CCC(c2cn(C)c3cc(C(=O)NS(=O)(=O)C4CC4)ccc23)CC1,0,VCWBXUVWZOTQHS-UHFFFAOYSA-N,VCWBXUVWZOTQHS,CUPID,CUPID,
NC1=NC23C(N1)C(C(=O)O)N=C(N)N2CC(OC(=O)c1ccccc1)C3(O)O,0,GXQODVAZRZCUHG-UHFFFAOYSA-N,GXQODVAZRZCUHG,CUPID,CUPID,
O=c1cc(CO)n(-c2c(Cl)cccc2Cl)c2c(Cl)cnc(OCC(O)CO)c12,0,DDDSGZFENQKDDY-UHFFFAOYSA-N,DDDSGZFENQKDDY,CUPID,CUPID,
COc1ccc2c(c1)NC1(CN(C(=O)c3ccc4ncccc4c3)C1)c1cccn1-2,0,KUUASWDOSDXARW-UHFFFAOYSA-N,KUUASWDOSDXARW,CUPID,CUPID,
C[C@H]1CN(CC[C@H]1OC2=C(C=C(C=C2)S(=O)(=O)NC3=NC=CS3)Cl)CC4=CC=CC(=C4)C,1,OWBNMAYPQVINOE-LAUBAEHRSA-N,OWBNMAYPQVINOE,PubChem,132142006,6331
O=C1c2cc(-c3ccc(Cl)cc3)ccc2OCCN1Cc1ncccn1,1,AYWLPUAFULBTEN-UHFFFAOYSA-N,AYWLPUAFULBTEN,data_nav_dev,CHEMBL3904393,
C1=CC(=CC(=C1)C(=O)NC2=CC=CC(=C2C3=CN=CC=C3)C(F)(F)F)C4=C(C=CC=N4)OC(F)F,1,DGULQSWQLJIZCW-UHFFFAOYSA-N,DGULQSWQLJIZCW,PubChem,137658615,28684121
CC1=CC(=NO1)NS(=O)(=O)C2=C(C=C(C(=C2)Cl)NC3=C(C=C(C=C3)F)N4CCC(C4)NC)F,0,SIQYVZXPHZNJCC-UHFFFAOYSA-N,SIQYVZXPHZNJCC,PubChem,129136224,6331
COc1ccccc1-c1ncnc2cc(S(=O)(=O)Nc3nccs3)ccc12,0,NKOARHYHPFQSDQ-UHFFFAOYSA-N,NKOARHYHPFQSDQ,CUPID,CUPID,
CC(C)COC1=C(C=C(C=N1)C2=C(C=C(C=C2)C(=O)NS(=O)(=O)C)Cl)Cl,1,NNADSLVSDJYYAU-UHFFFAOYSA-N,NNADSLVSDJYYAU,PubChem,155517129,27441383
CC1=CC=C(O1)CN2CC[C@@H](C2)N(C)C3=CC(=C(C=C3Cl)S(=O)(=O)NC4=CSC=N4)F,0,CLPKNZQVQSGSCX-AWEZNQCLSA-N,CLPKNZQVQSGSCX,PubChem,132141515,6331
COC1=C(C=C(C(=C1)C2=CC=C(C=C2)F)C#N)C3=NC=CC4=C3C=CC(=C4)S(=O)(=O)NC5=NOC=C5,0,YJBFRQHZPYQESO-UHFFFAOYSA-N,YJBFRQHZPYQESO,PubChem,121333982,6331
C1CN(CCC1OC2=NC=NC3=C2C=CN3CC4=C(C=CC=C4F)F)CC5=CSC=N5,1,KGXDTVHRHKTTQK-UHFFFAOYSA-N,KGXDTVHRHKTTQK,PubChem,70687418,22318156
O=C1N(Cc2ncco2)CCN1c1cccc2c1cnn2-c1ccccc1F,0,CWIZVJATUFGKBM-UHFFFAOYSA-N,CWIZVJATUFGKBM,CUPID,CUPID,
C1=CC(=CC=C1NC2=NC=CC(=N2)N)OC3=CC=C(C=C3)Cl,1,XXQSOIJXIKSRGX-UHFFFAOYSA-N,XXQSOIJXIKSRGX,PubChem,70695761,22306122
CS(=O)(=O)NC(=O)C1=C(C=C(C(=C1)C2CC2)OCC3CCN(CC3)CC4=C(C=C(C=C4)F)C(F)(F)F)F,1,QWKZXVRTHGUGEI-UHFFFAOYSA-N,QWKZXVRTHGUGEI,PubChem,118120720,6331
O=C(NCc1ccc(OC(F)(F)F)cc1)c1c2ccccc2c(O)n1CCC1CCOCC1,0,FQXQTPOWCHPYQK-UHFFFAOYSA-N,FQXQTPOWCHPYQK,CUPID,CUPID,
C1=CC(=CC=C1NC2=NC(=CN=C2)N)OC3=CC=C(C=C3)Cl,1,CQNLZLUWQRHCES-UHFFFAOYSA-N,CQNLZLUWQRHCES,PubChem,70683161,22306122
C1CC1C2=CC(=C(C=C2CN3CCC(CC3)OC4=CC=C(C=C4)C(F)(F)F)F)C(=O)NS(=O)(=O)C5CC5,1,IACRIKSSEORDLU-UHFFFAOYSA-N,IACRIKSSEORDLU,PubChem,118353628,6331
CCc1ccc(N2CCOc3cc(S(=O)(=O)Nc4nccs4)ccc32)c(C#N)c1,1,UAPJABKCJMAYRE-UHFFFAOYSA-N,UAPJABKCJMAYRE,data_nav_dev,89761728,89761728
C1=CC=C(C(=C1)C2=CC3=C(C=C2)C(=NN3CCCO)N)C(F)(F)F,0,JGQWMHYMYIWQNK-UHFFFAOYSA-N,JGQWMHYMYIWQNK,PubChem,122574360,6331
O=C(c1cc[nH]n1)N1CCOc2ccc(-c3ccc(OC(F)(F)F)cc3)cc2C1,1,MAPGMLCBFKPFQG-UHFFFAOYSA-N,MAPGMLCBFKPFQG,data_nav_dev,CHEMBL3972552,
O=C(c1ccc2cc(Oc3ccc(C(F)(F)F)cn3)ccc2n1)N1CCC(F)C1,0,FWLFRXVPNVBXGR-UHFFFAOYSA-N,FWLFRXVPNVBXGR,CUPID,CUPID,
CC(C)(C)OC(=O)n1cc(-c2cccc(NC(=O)c3cc[nH]c3)c2)nc1N,0,NZKATIUTLYOQFE-UHFFFAOYSA-N,NZKATIUTLYOQFE,CUPID,CUPID,
C1=CC(=CC=C1C(F)(F)F)OC2=CC=C(C=C2)NC3=NC=CC(=N3)N,1,UYHQZAYRYVKPCY-UHFFFAOYSA-N,UYHQZAYRYVKPCY,PubChem,70693648,22306122
Cc1nccn1-c1ccc(-c2cn(CC(=O)Nc3cccc(Cl)c3Cl)nn2)cn1,0,FEYQJDCJMVTWIG-UHFFFAOYSA-N,FEYQJDCJMVTWIG,CUPID,CUPID,
CNC1=NN(C2=C1C=CC(=C2)C3=C(C(=CC=C3)F)OCC(F)F)C,0,ZXNMSXUPBJHUSV-UHFFFAOYSA-N,ZXNMSXUPBJHUSV,PubChem,122574365,6331
O=S(=O)(Nc1ncns1)c1ccc2c(c1)OCCN2c1ccc(C(F)(F)F)cc1-c1cccnc1,1,WMEAXSRRVVRGQA-UHFFFAOYSA-N,WMEAXSRRVVRGQA,data_nav_dev,71711300,71711300
COc1cc(-c2cccc(F)c2)ccc1-c1ncnc2cc(S(=O)(=O)Nc3ncns3)ccc12,0,YPRHFLQJINWLPG-UHFFFAOYSA-N,YPRHFLQJINWLPG,CUPID,CUPID,
Cc1cncn1-c1cc(C(F)(F)F)ccc1-c1cccc2c1CCN(S(=O)(=O)Nc1ncc(F)s1)C2,1,KCAFDAXZAOOGJL-UHFFFAOYSA-N,KCAFDAXZAOOGJL,data_nav_dev,CHEMBL3683255,
C1CC(=O)C[C@H]([C@@H]1C2=CC=C(C=C2)Cl)COC3=CC(=C(C=C3F)S(=O)(=O)NC4=NC=NS4)F,0,DHAFMZGQYJAEFS-BBRMVZONSA-N,DHAFMZGQYJAEFS,PubChem,89545489,6331
O=C(NC1CC(F)C1)c1ccc2cc(Oc3ccc(C(F)(F)F)cn3)ccc2n1,0,IAHWYYIYLGDODQ-UHFFFAOYSA-N,IAHWYYIYLGDODQ,CUPID,CUPID,
COc1cc(C(F)(F)F)ccc1-c1ncc(O)c2cc(S(=O)(=O)Nc3nccs3)ccc12,0,QLLIBQWTKDIWKH-UHFFFAOYSA-N,QLLIBQWTKDIWKH,CUPID,CUPID,
Cc1cc(C#N)ccc1-c1cn(C)c2cc(S(=O)(=O)Nc3ncns3)ccc12,1,MREGFIWMZXOFAZ-UHFFFAOYSA-N,MREGFIWMZXOFAZ,data_nav_dev,CHEMBL3704437,
COC1=C(C=C(C=N1)C2=C3C[C@@H](COC3=CC=C2)NC(=O)C4=CN=C(C=C4)OCC(F)(F)F)F,1,ZTCPMSPMGABOTJ-HNNXBMFYSA-N,ZTCPMSPMGABOTJ,PubChem,66814019,22832315
COc1cc(Cl)c(C#N)cc1-c1nccc2cc(S(=O)(=O)Nc3ncns3)ccc12,0,IUCGVOCXBQCPDU-UHFFFAOYSA-N,IUCGVOCXBQCPDU,CUPID,CUPID,
CC12CCC(F)=CC1CC(N1CCCC(N)C1)C2Oc1ccc(C#N)cc1,0,ILMXOIIWAMIHIX-UHFFFAOYSA-N,ILMXOIIWAMIHIX,CUPID,CUPID,
COC1=CC=CC=C1N2C(=C(C=N2)C(=O)NC3=CC=C(C=C3)Cl)N,0,FDUPGWUBHRSPJG-UHFFFAOYSA-N,FDUPGWUBHRSPJG,PubChem,122640535,6331
Cn1cccc1C(=O)NC1CCc2nc(N)sc2C1,0,JNFQGNNJCPRLFH-UHFFFAOYSA-N,JNFQGNNJCPRLFH,CUPID,CUPID,
C1CN(C1)S(=O)(=O)NC(=O)C2=C(C=C(C(=C2)C3CC3)OCC4CCN(CC4)CCC(F)(F)F)F,1,OKEDOCSVMLVECY-UHFFFAOYSA-N,OKEDOCSVMLVECY,PubChem,118111216,6331
C1[C@@H](COC2=CC=CC(=C21)C3=CN=CC=C3)NC(=O)C4=CN=C(C=C4)OCC(F)(F)F,1,AQNRVBHBIZRPCK-INIZCTEOSA-N,AQNRVBHBIZRPCK,PubChem,66813859,22832315
Cc1cccc(NC(=O)c2ccc(-c3ccc(Cl)cc3)o2)c1,1,DJDFKPIUUFKRNI-UHFFFAOYSA-N,DJDFKPIUUFKRNI,data_nav_dev,CHEMBL429663,
CS(=O)(=O)NC(=O)C1=C(C=C(C(=C1)C2CC2)OCC3CCN(CC3)C4=CC=CC=C4Cl)F,1,YEUQOLDVWRDBED-UHFFFAOYSA-N,YEUQOLDVWRDBED,PubChem,118120243,6331
C1CN(CCC1OC2=CC(=C(C=C2Cl)S(=O)(=O)NC3=NC(=CC=C3)F)F)CC4=CC=CC=C4,1,GWLCCYIMAKEKGN-UHFFFAOYSA-N,GWLCCYIMAKEKGN,PubChem,132141573,6331
O=S(=O)(Nc1ncns1)N1CCc2c(cccc2-c2ccc(C(F)(F)F)cc2C2=CCNCC2)C1,1,RAXMESLBZRICRQ-UHFFFAOYSA-N,RAXMESLBZRICRQ,data_nav_dev,CHEMBL3341982,
C1=CC=C2C(=C1)C(N(C2=O)CCC3=CN=CC=C3)C(=O)NCC4=CC=C(C=C4)OC(F)(F)F,1,XXEPMKVOWBWDQM-UHFFFAOYSA-N,XXEPMKVOWBWDQM,PubChem,44544645,22770500
COC1=C(C=C(C(=C1)C2=CC(=CC=C2)F)C#N)C3=NC=NC4=C3C=CC(=C4)S(=O)(=O)NC5=NOC=C5,0,VVJWBHPXVFFNPF-UHFFFAOYSA-N,VVJWBHPXVFFNPF,PubChem,117740432,6331
COCCOc1cc2ncc(C(N)=O)c(Nc3ccc(C)cc3F)c2cc1N1CCOCC1,0,ZJTOGZMETAQOQK-UHFFFAOYSA-N,ZJTOGZMETAQOQK,CUPID,CUPID,
C1=CC=C(C(=C1)C2=CC3=C(C=C2)C(=NN3)N)OCC(C(F)(F)F)(F)F,1,QBPHORWVQNCJSJ-UHFFFAOYSA-N,QBPHORWVQNCJSJ,PubChem,122574405,6331
O=S(=O)(Nc1nccs1)c1ccc2c(c1)OCCN2c1ncc(Cl)cc1Cl,1,XJJAFLCLPIFLGE-UHFFFAOYSA-N,XJJAFLCLPIFLGE,data_nav_dev,89761990,89761990
C1CN(CCC1N2CC3=CC=CC=C3C2=O)CC(COC4=CC=C(C=C4)C(=O)C5=CC=CC=C5)O,1,XSYRPGQSNLOMKV-UHFFFAOYSA-N,XSYRPGQSNLOMKV,PubChem,122196020,26358159
C1=CC=NC(=C1)CCN2C(C3=C(C2=O)C=CC=C3F)C(=O)NCC4=CC=C(C=C4)OC(F)(F)F,1,GRXUKFHZQDPFAI-UHFFFAOYSA-N,GRXUKFHZQDPFAI,PubChem,44545403,22770500
COC1=C(C=CC(=C1)OC2=CC=C(C=C2)F)C3=NC=CC4=C3C=CC(=C4)S(=O)(=O)NC5=NN=CS5,0,SFYCVKPBUIEKLS-UHFFFAOYSA-N,SFYCVKPBUIEKLS,PubChem,117740871,6331
CC(C)Cc1ccc(-c2cn(C)c3cc(C(=O)NS(C)(=O)=O)ccc23)cc1,0,CZPMXORQGHUMKF-UHFFFAOYSA-N,CZPMXORQGHUMKF,CUPID,CUPID,
C1CC1C2=CC(=C(C=C2OCC3CCN(CC3)C4=NC=C(C(=C4)C(F)(F)F)Cl)F)C(=O)NS(=O)(=O)C5CC5,1,AQQPEEVAXMWVEY-UHFFFAOYSA-N,AQQPEEVAXMWVEY,PubChem,118120528,6331
Cn1nccc1-c1ccccc1N1CCOc2cc(S(=O)(=O)Nc3nccs3)ccc21,1,BUYFCULGRQRAFN-UHFFFAOYSA-N,BUYFCULGRQRAFN,data_nav_dev,CHEMBL3910221,
CS(=O)(=O)NC(=O)C1=C(C=C(C(=C1)C2CC2)OCC3CC4CCC(C3)N4CC5=CC(=CC(=C5)Cl)Cl)F,1,OGXYRLBTADEONS-UHFFFAOYSA-N,OGXYRLBTADEONS,PubChem,118120614,6331
CC(C)N(C)Cc1cccc(F)c1CNc1cc(F)c(S(=O)(=O)Nc2cscn2)c(F)c1,1,ANGUVPSJNSWBFO-UHFFFAOYSA-N,ANGUVPSJNSWBFO,data_nav_dev,CHEMBL4435054,
CC1=C(C(=C(C=C1N(C)C2CCN(C2)CC3=CC=CC=C3)F)S(=O)(=O)NC4=CSC=N4)F,0,HNOCOLAFLBICIU-UHFFFAOYSA-N,HNOCOLAFLBICIU,PubChem,132141699,6331
C1COC[C@H]1OC2=C(C=CC(=C2)C(F)(F)F)[C@H]3CCOC4=C3C=CC(=C4)S(=O)(=O)NC5=NC=NC=C5,0,VZWZWVBDNBJTRA-WMZOPIPTSA-N,VZWZWVBDNBJTRA,PubChem,135196612,6331
C1CC1C2=CC=C(C=C2)OC3=CC=C(C=C3)NC4=NC(=CN=C4)N,1,ABYINJFKAFRKKD-UHFFFAOYSA-N,ABYINJFKAFRKKD,PubChem,70683167,22306122
Cn1nccc1-c1cc(Cl)ccc1Oc1cc(F)c(S(=O)(=O)Nc2ncns2)cc1F,0,ZWQHQPKNAATKSU-UHFFFAOYSA-N,ZWQHQPKNAATKSU,CUPID,CUPID,
COc1ncc(-c2cccnc2C(C)CNC(=O)c2ccc(OCCC(F)(F)F)nc2)cn1,0,PUEMFOUUPWVBNC-UHFFFAOYSA-N,PUEMFOUUPWVBNC,CUPID,CUPID,
CC1=CC=C(C=C1)C(=O)N2CCC3(CC2)C4=CC=CN4C5=C(N3)C=C(C=C5)OC,1,MHLRCMFPPMHTPN-UHFFFAOYSA-N,MHLRCMFPPMHTPN,PubChem,53025902,25113934
COc1cc(-c2cccc(F)c2)ccc1-c1nccc2cc(S(=O)(=O)Nc3nncs3)ccc12,0,YMLPBWVVTMDXTR-UHFFFAOYSA-N,YMLPBWVVTMDXTR,CUPID,CUPID,
Cc1c(C2CN3CCN(C(=O)Cc4ccc(-n5cnnn5)cn4)CC3CO2)ccc(F)c1C#N,0,XHSSYBXTQWHQSD-UHFFFAOYSA-N,XHSSYBXTQWHQSD,CUPID,CUPID,
CN1CCOc2ccc(-c3ccc(OC(F)(F)F)cc3)cc2C1=O,1,KUHUMCDEXJPABV-UHFFFAOYSA-N,KUHUMCDEXJPABV,data_nav_dev,CHEMBL3927651,
CC(C)(Cc1ccccn1)N1C(=O)c2ccccc2C1C(=O)NCc1ccc(OC(F)(F)F)cc1,0,BDBFJHNNRYDUHR-UHFFFAOYSA-N,BDBFJHNNRYDUHR,data_nav_dev,44545168,44545168
COc1ccc(-c2cccc(F)c2)cc1-c1ccnc2cc(S(=O)(=O)Nc3ccncn3)ccc12,0,DEGUTMKKYRYWQY-UHFFFAOYSA-N,DEGUTMKKYRYWQY,CUPID,CUPID,
Cc1[nH]ncc1-c1cc(C(F)(F)F)ccc1Oc1ccc(S(=O)(=O)Nc2ncns2)cc1C#N,0,WQSUNLAAABNZKE-UHFFFAOYSA-N,WQSUNLAAABNZKE,CUPID,CUPID,
Cc1nc(Nc2ncc(C(=O)Nc3c(C)cccc3Cl)s2)cc(N2CCN(CCO)CC2)n1,0,ZBNZXTGUTAYRHI-UHFFFAOYSA-N,ZBNZXTGUTAYRHI,CUPID,CUPID,
CC(C)(CN(C1=CC(=C(C=C1F)F)Cl)C2=CN=C(C(=N2)OC)C(=O)[C@H]3C[C@@H]3C(=O)O)F,0,RVMWIVNHZMXEHS-UWVGGRQHSA-N,RVMWIVNHZMXEHS,PubChem,122670110,31415176
C1CC1C2=CC(=C(C=C2OCC3CCN(CC3)C(=O)C4=C(C=C(C=C4)Cl)Cl)F)C(=O)NS(=O)(=O)C5CC5,1,VVANPMKWUYYCBJ-UHFFFAOYSA-N,VVANPMKWUYYCBJ,PubChem,118110722,6331
CC12CCC(O)CC1CC(N1CCCC(N)C1)C2Oc1ccc(C#N)cc1,0,PFLFNIHOSXRMGE-UHFFFAOYSA-N,PFLFNIHOSXRMGE,CUPID,CUPID,
O=S(=O)(Nc1nccs1)c1cc(Cl)c(NCC2CNC2)cc1F,0,UJNZKASOHZSXKG-UHFFFAOYSA-N,UJNZKASOHZSXKG,CUPID,CUPID,
COc1cc(C(F)(F)F)ccc1-c1nccc2cc(S(=O)(=O)Nc3cscn3)ccc12,0,DSCYPKSVLPGNNB-UHFFFAOYSA-N,DSCYPKSVLPGNNB,CUPID,CUPID,
O=S(=O)(Nc1ncns1)c1cc(F)c(OC2OCCNC2c2ccc3cnccc3c2)cc1F,0,HHJSDZBCZVKEOD-UHFFFAOYSA-N,HHJSDZBCZVKEOD,CUPID,CUPID,
CC1=CC(=C(C=C1N(C)[C@H]2CCN(C2)CC3=C(C(=CC=C3)F)F)F)S(=O)(=O)NC4=CSC=N4,0,RVAUTCOLGIFJMK-INIZCTEOSA-N,RVAUTCOLGIFJMK,PubChem,132141949,6331
C1CC2=CC=CC=C2C1N3CCC(CC3)OC4=C(C=C(C=C4)S(=O)(=O)NC5=NC=CS5)Cl,1,QSMVCOYHMQYDLU-UHFFFAOYSA-N,QSMVCOYHMQYDLU,PubChem,132141651,6331
C1=CC2=C(C=C1SC(F)(F)F)SC(=N2)N,1,PBRVVEXJMLEKMJ-UHFFFAOYSA-N,PBRVVEXJMLEKMJ,PubChem,2735964,6331
CC1=C(C=C(C=C1)CN2CCC[C@H](C2)OC3=CC(=C(C=C3C4CC4)C(=O)NS(=O)(=O)C)F)C,1,AHLYPDZHXOGAAC-HXUWFJFHSA-N,AHLYPDZHXOGAAC,PubChem,118111282,6331
C1=CC(=C(N=C1)[C@H](C2=CC=C(C=C2)C(F)(F)F)NC(=O)C3=CNC(=O)C=C3)F,0,IJTSMWHYNKDXNG-INIZCTEOSA-N,IJTSMWHYNKDXNG,PubChem,71144348,30148953
O=S(=O)(Nc1nccs1)c1ccc2c(c1)OCC[C@@H]2c1ccc(C(F)(F)F)cc1-n1ccnn1,1,QIEWJNWMOMSSDD-OAHLLOKOSA-N,QIEWJNWMOMSSDD,data_nav_dev,CHEMBL4642748,
O=S(=O)(Nc1nccs1)c1ccc2c(c1)OCCN2c1ccc(Cl)cc1CC(O)CO,1,NBZFIESBMJFTOQ-UHFFFAOYSA-N,NBZFIESBMJFTOQ,data_nav_dev,CHEMBL3949355,
CC1COc2c(N3CCC(C4(N)CC4)C3)c(F)cc3cc(C(=O)O)c(=O)n1c23,0,KUJKUYSIFHKKCZ-UHFFFAOYSA-N,KUJKUYSIFHKKCZ,CUPID,CUPID,
O=C(NCc1ccc(OCC(F)(F)F)nc1)C1c2ccccc2C(=O)N1CCc1ccccn1,0,UQCPFMDHAKQEAO-UHFFFAOYSA-N,UQCPFMDHAKQEAO,data_nav_dev,CHEMBL2164395,
O=C1c2cc(-c3ccc(C(F)(F)F)cc3F)ccc2OCCN1Cc1ncccn1,1,CXCPSDAEYIKBKO-UHFFFAOYSA-N,CXCPSDAEYIKBKO,data_nav_dev,CHEMBL3926892,
COc1cc(Oc2cccc(F)c2)ccc1-c1nccc2cc(S(=O)(=O)Nc3ccncn3)ccc12,0,ZRPIOLZRWCXYLY-UHFFFAOYSA-N,ZRPIOLZRWCXYLY,CUPID,CUPID,
CS(=O)(=O)NC(=O)c1cc(C2CC2)c(OCC2CCC(F)(F)CC2)cc1F,1,TXCVJBLHIKCNRG-UHFFFAOYSA-N,TXCVJBLHIKCNRG,data_nav_dev,86702864,86702864
CC1=C(C(=C(C=C1N(C)[C@H]2CCN(C2)CC3=CC=CC=C3F)F)S(=O)(=O)NC4=CSC=N4)F,0,JMRZDHWIINGZKK-INIZCTEOSA-N,JMRZDHWIINGZKK,PubChem,132142036,6331
CS(=O)(=O)NC(=O)C1=C(C=C(C(=C1)C2CC2)OCC3CCN(CC3)C(C4=CC=C(C=C4)F)C5=CC=C(C=C5)F)F,1,SJRMDWHBLAJJOP-UHFFFAOYSA-N,SJRMDWHBLAJJOP,PubChem,118120338,6331
Cc1nocc1C(=O)Nc1ccc(-c2ccccc2OC(F)(F)F)c(N)n1,0,LJBDZHNZGFGQNL-UHFFFAOYSA-N,LJBDZHNZGFGQNL,CUPID,CUPID,
C1CN=C(N1)C2CC2(C3=CC=CC=C3)C4=CC=CC=C4,1,IPOBOOXFSRWSHL-UHFFFAOYSA-N,IPOBOOXFSRWSHL,PubChem,2747,21300721
CN(C)C1=C(C=CC(=C1)C(=O)N2CC3CC4(CC3C2)C5=CC=CN5C6=C(N4)C=C(C=C6)OC)OC,1,BWWRBCAHWUDPJX-UHFFFAOYSA-N,BWWRBCAHWUDPJX,PubChem,118714779,25288187
C1CN(CCC1OC2=NC=NC3=C2C=CN3CC4=CC=CC=C4)CC5=CSC=N5,1,CGGSZBTXQJLOGP-UHFFFAOYSA-N,CGGSZBTXQJLOGP,PubChem,70693667,22318156
C[C@H]1[C@@H](CCCN1CC2=CC(=CC(=C2)Cl)Cl)OC3=CC(=C(C=C3C4CC4)C(=O)NS(=O)(=O)C)F,1,AQCJPKSGNJCPEK-RCDICMHDSA-N,AQCJPKSGNJCPEK,PubChem,118110920,6331
Cn1cncc1[C@](O)(COc1ccc(C#N)cc1-c1ccc(OC(F)(F)F)cc1)c1ccc(C#N)cc1,1,HEUVRFNVTLGKMZ-SANMLTNESA-N,HEUVRFNVTLGKMZ,data_nav_dev,CHEMBL4586794,
C1CN(CCC1OC2=C(C=C(C=C2)S(=O)(=O)NC3=NC=CS3)Cl)CCC4=CC=CC=C4,0,NLTVRFVOARQGKF-UHFFFAOYSA-N,NLTVRFVOARQGKF,PubChem,132141816,6331
Cc1cccnc1CN1CCOc2ccc(-c3ccc(OC(F)(F)F)cc3)cc2C1=O,1,LFAYXZURNRGHNN-UHFFFAOYSA-N,LFAYXZURNRGHNN,data_nav_dev,CHEMBL3986095,
CC1(C)CCOc2c(C(=O)NC3CN4C(N)=NC(Cn5c(O)ccc5O)C5N=C(N)NC54C3(O)O)cccc21,0,ZNSSSTKZLUICOF-UHFFFAOYSA-N,ZNSSSTKZLUICOF,CUPID,CUPID,
CCN=C(N)NC(=O)Nc1c(CC)cc(NS(=O)(=O)c2ccccc2)cc1CC,0,YVPUTGJWZZKXLG-UHFFFAOYSA-N,YVPUTGJWZZKXLG,CUPID,CUPID,
Cn1cc(-c2ccc(C(F)(F)F)cc2)c2ccc(S(=O)(=O)Nc3ncns3)cc21,1,SUBKPLNIZYGWIA-UHFFFAOYSA-N,SUBKPLNIZYGWIA,data_nav_dev,71259392,71259392
CCS(=O)(=O)NC(=O)C1=CC2=C(C=C1)C(=CN2C)C3=CC(=C(N=C3)OCC(C)C)Cl,1,PMZAJXSRPAMGQD-UHFFFAOYSA-N,PMZAJXSRPAMGQD,PubChem,132020491,29541350
C1C[C@H](CN(C1)CC2=CC(=CC=C2)Cl)OC3=CC(=C(C=C3C4CC4)C(=O)NS(=O)(=O)N5CCC5)F,1,GLJJNWDWTRCSQC-HXUWFJFHSA-N,GLJJNWDWTRCSQC,PubChem,118120461,6331
O=C1c2cc(-c3ccc(OC(F)(F)F)cc3)ccc2OCCN1Cc1nccc(C(F)(F)F)n1,1,VJAXCBRFKIGWRW-UHFFFAOYSA-N,VJAXCBRFKIGWRW,data_nav_dev,CHEMBL3918334,
Cn1cc(C2CCN(C(=O)OC(C)(C)C)CC2)c2ccc(C(=O)NS(=O)(=O)C3CC3)cc21,0,PIVDGSIZIIQIJE-UHFFFAOYSA-N,PIVDGSIZIIQIJE,CUPID,CUPID,
CC1=CC(=C(C=C1N(C)[C@@H]2CCN(C2)CC3=CC=CC=C3)F)S(=O)(=O)NC4=CSC=N4,0,UCSHINHOAVARGQ-GOSISDBHSA-N,UCSHINHOAVARGQ,PubChem,132141328,6331
O=C1CC2(CCN(C(=O)N[C@H]3C[C@@H]3c3ccccc3)CC2)Oc2cccnc21,1,OORIVESIQGRNJV-SJORKVTESA-N,OORIVESIQGRNJV,data_nav_dev,44583288,44583288
COc1ccccc1SC[C@@H](F)CN[C@@H]1COc2ccccc2SC1,1,JONWGAYMJDIXGT-LSDHHAIUSA-N,JONWGAYMJDIXGT,data_nav_dev,CHEMBL488309,
C1CN(CCC1OC2=NC=NC3=C2C=CN3CC4=C(C(=CC=C4)Cl)F)CC5=CSC=N5,1,VNNYSEDDLCBJFP-UHFFFAOYSA-N,VNNYSEDDLCBJFP,PubChem,70681064,22318156
C1CC1C2=CC(=C(C=C2OCC3CCN(CC3)CC4=C(C=C(C=C4)Br)Cl)F)C(=O)NS(=O)(=O)C5CC5,1,LHKFTDVGHHDMKX-UHFFFAOYSA-N,LHKFTDVGHHDMKX,PubChem,118120337,6331
CC1=CC(=C(C=C1N(C)[C@H]2CCN(C2)CC3=CC=NN3CC(F)(F)F)F)S(=O)(=O)NC4=CSC=N4,0,YOEAFTQECPSLGP-HNNXBMFYSA-N,YOEAFTQECPSLGP,PubChem,132141457,6331
C1CN(CCC1OC2=NC=NC3=C2C=CN3CC4=CC(=CC=C4)Cl)CC5=CSC=N5,1,WXZNLCQMGILZDR-UHFFFAOYSA-N,WXZNLCQMGILZDR,PubChem,70693669,22318156
Nc1nc2c(s1)CC(NC(=O)C1CCCN1)CC2,0,AQKZGIDASMHCKF-UHFFFAOYSA-N,AQKZGIDASMHCKF,CUPID,CUPID,
O=C1c2cc(-c3ccc(OC(F)(F)F)cc3)ccc2OCCN1Cc1nccc(N2CCCCC2)n1,1,JQQLSIOQPFAGEC-UHFFFAOYSA-N,JQQLSIOQPFAGEC,data_nav_dev,CHEMBL3909942,
O=S(=O)(Nc1nccs1)c1ccc2c(c1)OCCN2c1cccc(OC(F)(F)F)c1,1,FSKVHUQOQAWOFU-UHFFFAOYSA-N,FSKVHUQOQAWOFU,data_nav_dev,89762605,89762605
CNc1ncc(-c2cccc(NC(=O)c3cc4ccccc4[nH]3)c2)[nH]1.Cl,0,JDDNWVONMCPKEO-UHFFFAOYSA-N,JDDNWVONMCPKEO,data_nav_dev,76314065,76314065
C1CN(C[C@H]1NC2=CC(=C(C=C2Cl)S(=O)(=O)NC3=NC=CS3)F)CC4=CC=CC=C4,0,PJBRISXDJULDNF-HNNXBMFYSA-N,PJBRISXDJULDNF,PubChem,132141497,6331
CN([C@H]1CCN(C1)CC2=CC=CC=C2)C3=C(C=C(C=C3)S(=O)(=O)NC4=CSC=N4)Cl,1,WYYRWSBARVOUES-KRWDZBQOSA-N,WYYRWSBARVOUES,PubChem,132141433,6331
O=C(c1ccc2cc(Oc3ccc(C(F)(F)F)cn3)ccc2n1)N1CCC1,0,VLOYGTFAWSHKJJ-UHFFFAOYSA-N,VLOYGTFAWSHKJJ,CUPID,CUPID,
COc1cc(-c2cccc(C(F)(F)F)c2)ccc1-c1nccc2cc(S(=O)(=O)Nc3ccncn3)ccc12,0,OUQPGTNBHJXTTR-UHFFFAOYSA-N,OUQPGTNBHJXTTR,CUPID,CUPID,
COC1=CC=CC(=C1)CN2CCC(CC2)OC3=C(C=C(C=C3)S(=O)(=O)NC4=NC=CS4)Cl,1,HWOQCTUXWXDBJF-UHFFFAOYSA-N,HWOQCTUXWXDBJF,PubChem,132141327,6331
COc1cc(-c2cccc(C(F)(F)F)c2)ccc1-c1ncnc2cc(S(=O)(=O)Nc3ccncn3)ccc12,0,WBJCKWKCKWGVEO-UHFFFAOYSA-N,WBJCKWKCKWGVEO,CUPID,CUPID,
C1=CC=C(C=C1)N=NC2=CC(=NC=C2)Cl,0,QFVFNQVNZCUQHH-UHFFFAOYSA-N,QFVFNQVNZCUQHH,PubChem,163198557,34662118
C1COC2=C([C@H]1C3=C(C=C(C=C3)C(F)(F)F)CCCF)C=CC(=C2)S(=O)(=O)NC4=NC=CC=N4,1,BEBRFALPYNNCLU-LJQANCHMSA-N,BEBRFALPYNNCLU,PubChem,126668490,6331
CNC(=O)C1=NC(=C(C=C1)C2=C(C(=CC(=C2)Cl)Cl)Cl)N,1,HPIUHDCRVYDAEJ-UHFFFAOYSA-N,HPIUHDCRVYDAEJ,PubChem,11659955,26101568
C1C[C@H]2CC(C[C@@H]1N2CC3=CC(=CC=C3)C(F)F)OC4=C(C=C(C=C4)S(=O)(=O)NC5=CSC=N5)Cl,1,PEBHMSBMTFLXHS-DFNIBXOVSA-N,PEBHMSBMTFLXHS,PubChem,132142012,6331
Cc1onc(-c2c(Cl)cccc2Cl)c1CC(=O)NCc1ccc(-n2cccn2)cc1,0,VXMWDJDJGPLVJE-UHFFFAOYSA-N,VXMWDJDJGPLVJE,CUPID,CUPID,
Nc1nc2c(s1)CC(NC(=O)c1cc3ccccc3[nH]1)CC2,0,AIMWCYZEKOOAKG-UHFFFAOYSA-N,AIMWCYZEKOOAKG,CUPID,CUPID,
CC1=NC(=CC=C1)C2=CC(=C(C=C2)C3=CC4=CN=C(N=C4N(C3=O)CC5OCC(CO5)N)NC)Cl,0,ZBCMHWUFWQFPLV-UHFFFAOYSA-N,ZBCMHWUFWQFPLV,PubChem,91664373,27167326
CC1=NC(=NO1)CN2C(=O)N3C=C(C=CC3=N2)C4=CC=C(C=C4)OC(F)(F)F,1,MGKQMRGQRNCSMN-UHFFFAOYSA-N,MGKQMRGQRNCSMN,PubChem,56595933,27038498
CN(C)C(=O)[C@@H](c1ccc(-c2ccn3ncnc3c2)cc1)[C@H](N)C(=O)N1CCC(F)(F)C1.O=C(O)C(F)(F)F,0,RVWHUGYOAUGVAQ-HLRBRJAUSA-N,RVWHUGYOAUGVAQ,data_nav_dev,CHEMBL210829,
C[C@H](C1=CC(=CC(=C1)Cl)C(F)(F)F)N2CCC(CC2)(C)COC3=CC(=C(C=C3C4CC4)C(=O)NS(=O)(=O)C)F,1,UZDFKZMJYSQQHI-MRXNPFEDSA-N,UZDFKZMJYSQQHI,PubChem,118111442,6331
CN([C@H]1CCN(C1)CC2=CC(=CC=C2)C(F)F)C3=C(C=C(C=C3)S(=O)(=O)NC4=CSC=N4)Cl,1,JNDLJVZRHHUFHP-KRWDZBQOSA-N,JNDLJVZRHHUFHP,PubChem,132141530,6331
CN1C(=CC=N1)C2=C(C=CC(=C2)C(F)(F)F)[C@H]3CCOC4=C3C=CC(=C4)S(=O)(=O)NC5=C(C=CC=N5)F,0,LAVQHJYRRLLCFF-GOSISDBHSA-N,LAVQHJYRRLLCFF,PubChem,126668598,6331
CC1=CC(=C(C=C1N(C)[C@H]2CCN(C2)CC3=C(OC(=N3)C)C(F)(F)F)F)S(=O)(=O)NC4=CSC=N4,0,ODMSQVRRGMVXCI-AWEZNQCLSA-N,ODMSQVRRGMVXCI,PubChem,132141792,6331
COc1ccc(CCO[C@H]2CCCC[C@@H]2N2CC[C@H](O)C2)cc1OC.Cl,0,JMHYCBFEEFHTMK-UVJOBNTFSA-N,JMHYCBFEEFHTMK,data_nav_dev,11463300,11463300
CC(C)(C)OC(=O)N1CCC(CC1)COC2=C(C=C(C(=C2)F)C(=O)NS(=O)(=O)C)Cl,1,HDIMCCGWDRZXNB-UHFFFAOYSA-N,HDIMCCGWDRZXNB,PubChem,118120479,6331
CC(C)(C)NC(=O)OC(Cc1ccccc1)C(=O)Nc1cnc2ccccc2c1,0,UUJUYBNVEPPGSK-UHFFFAOYSA-N,UUJUYBNVEPPGSK,CUPID,CUPID,
CC1(C)CC(CN2CCC(F)(CNC(=O)c3cc(Cl)cc(Cl)c3)CC2)CCO1,0,DKNDOKIVCXTFHJ-UHFFFAOYSA-N,DKNDOKIVCXTFHJ,CUPID,CUPID,
CC(C)(C)c1ccc(-c2ccc3c(c2)C(=O)N(Cc2ncccn2)CCO3)cc1,1,WCLBAKUNVKAYNY-UHFFFAOYSA-N,WCLBAKUNVKAYNY,data_nav_dev,CHEMBL3903810,
CCc1ccc(-c2ccc3c(c2)C(=O)N(Cc2ncccn2)CCO3)cc1,1,IDTMKJDCHDUEOX-UHFFFAOYSA-N,IDTMKJDCHDUEOX,data_nav_dev,CHEMBL3942432,
COC1=C(C=C(C(=C1)C2=CC(=C(C=C2)Cl)F)C#N)C3=NC=CC4=C3C=CC(=C4)S(=O)(=O)NC5=NC=NC=C5,0,AWTACTGRUVZLCU-UHFFFAOYSA-N,AWTACTGRUVZLCU,PubChem,121333910,6331
CS(=O)(=O)NC(=O)C1=C(C=C(C(=C1)C2CC2)OCC3CCN(CC3)CC4=CC(=C(C(=C4)Cl)F)Cl)F,1,XDAKREHNKKKEAQ-UHFFFAOYSA-N,XDAKREHNKKKEAQ,PubChem,118110966,6331
O=S(=O)(Nc1nccs1)c1ccc2c(c1)OCCN2c1ccc(Cl)cc1OC(F)F,1,GMVZSLZPAPKUEY-UHFFFAOYSA-N,GMVZSLZPAPKUEY,data_nav_dev,CHEMBL3948159,
C1CC1C2=CC(=C(C=C2OCC3CN(C3)C(C4=CC=CC=C4)C5=CC=CC=C5)F)C(=O)NS(=O)(=O)CCC(F)(F)F,1,DVIIENUECJXHTK-UHFFFAOYSA-N,DVIIENUECJXHTK,PubChem,118120407,6331
Cc1ccccc1SC[C@@H](C)CN[C@@H]1COc2ccccc2SC1,1,PHRSSAZMQCGYNB-DOTOQJQBSA-N,PHRSSAZMQCGYNB,data_nav_dev,CHEMBL539125,
C[C@H]1CC[C@H](CN1CC2=C(C=C(C=C2)F)Cl)OC3=CC(=C(C=C3C4CC4)C(=O)NS(=O)(=O)C)F,1,LJOFBQKPPMGKQF-KBXCAEBGSA-N,LJOFBQKPPMGKQF,PubChem,118120418,6331
NC1=NC23C(N1)C(Cn1c(O)ccc1O)N=C(N)N2CC(NC(=O)c1cccc2c1CCCC2)C3(O)O,0,UZNYYQDFEIQNTR-UHFFFAOYSA-N,UZNYYQDFEIQNTR,CUPID,CUPID,
COc1ccc(CCOC2CCCCC2N2CCC(O)C2)cc1OC,0,VBHQKCBVWWUUKN-UHFFFAOYSA-N,VBHQKCBVWWUUKN,CUPID,CUPID,
O=S(=O)(Nc1ncns1)N1CCc2c(cccc2-c2ccc(C(F)(F)F)cc2-c2cn[nH]c2)C1,1,XYJZIJLBVINFCQ-UHFFFAOYSA-N,XYJZIJLBVINFCQ,data_nav_dev,71736097,71736097
CC1=C(C(=CC=C1)C)C2=NOC(=C2NC(=O)OCC3=C(C=CC=C3Cl)F)C,1,OHNPMEHVPMTGTH-UHFFFAOYSA-N,OHNPMEHVPMTGTH,PubChem,25204604,21641215
CS(=O)(=O)NC(=O)C1=C(C=C(C(=C1)C2CC2)OCC3CCN(CC3)[C@H]4[C@@H](CC5=CC=CC=C45)O)F,1,KQDXIXBPBFBMRH-ILBGXUMGSA-N,KQDXIXBPBFBMRH,PubChem,118111130,6331
CCN=C(N)NC(=O)Nc1c(CC)cc(S(=O)(=O)NCC)cc1CC,0,NEJPXAFQJAEHPM-UHFFFAOYSA-N,NEJPXAFQJAEHPM,CUPID,CUPID,
COc1ccnc(CN2CCOc3ccc(-c4ccc(OC(F)(F)F)cc4)cc3C2=O)n1,1,RWBQGVRNLZAJDM-UHFFFAOYSA-N,RWBQGVRNLZAJDM,data_nav_dev,CHEMBL3953032,
CS(=O)(=O)NC(=O)C1=C(C=C(C(=C1)C2CC2)O[C@@H]3CCCN(C3)CC4=CC(=CC=C4)Cl)F,1,FAEMFDULDPFZGA-GOSISDBHSA-N,FAEMFDULDPFZGA,PubChem,118120371,6331
C1CC2=C(C=CC(=C2)F)OC1C(CNCC(C3CCC4=C(O3)C=CC(=C4)F)O)O,1,KOHIRBRYDXPAMZ-UHFFFAOYSA-N,KOHIRBRYDXPAMZ,PubChem,71301,25087753
C1CCC(CC1)NCC(CN2C3=C(C=C(C=C3)Br)C4=C2C=CC(=C4)Br)O,0,KYRAOOTYQUJTIT-UHFFFAOYSA-N,KYRAOOTYQUJTIT,PubChem,3125888,24900603
O=S(=O)(Nc1nccs1)c1cc(Cl)c(NCCCCNCC2CCCN2)cc1F,0,ANLDPIQLMLMNRA-UHFFFAOYSA-N,ANLDPIQLMLMNRA,CUPID,CUPID,
COc1cc2nnc(C(N)=O)c(Nc3ccc(C)cc3F)c2cc1N1CCS(=O)(=O)CC1,0,KWARCMYNKYVWMI-UHFFFAOYSA-N,KWARCMYNKYVWMI,CUPID,CUPID,
COCCCn1cc(CN(C(=O)C2CNCCC2c2ccn(C)c(=O)c2)C2CC2)c2ccccc21,0,JZXHVNKYCRZJGN-UHFFFAOYSA-N,JZXHVNKYCRZJGN,CUPID,CUPID,
O=S(=O)(Nc1nccs1)c1ccc2c(c1)OCCN2c1ccccc1-c1ccncc1,1,KCVIJHGSYVNGEC-UHFFFAOYSA-N,KCVIJHGSYVNGEC,data_nav_dev,89761959,89761959
Cn1nccc1-c1cc(C(F)(F)F)ccc1-c1cn(C)c2cc(S(=O)(=O)Nc3nc(Br)ns3)ccc12,1,HTBDGJFTGYPMKC-UHFFFAOYSA-N,HTBDGJFTGYPMKC,data_nav_dev,71263830,71263830
CC(C)(CN1C(=O)c2ccccc2C1C(=O)NCc1ccc(OC(F)(F)F)cc1)c1ccccn1,0,UFLHOUABHDPNNS-UHFFFAOYSA-N,UFLHOUABHDPNNS,data_nav_dev,CHEMBL2164362,
CC1=C(C=C(C=C1)OC2=CC(=C(C=C2)C3=NC=CC4=C3C=CC(=C4)S(=O)(=O)NC5=NC=NC=C5)OC)C,0,SDDALUIKRHPZPX-UHFFFAOYSA-N,SDDALUIKRHPZPX,PubChem,121333861,6331
CS(=O)(=O)NC(=O)C1=C(C=C(C(=C1)C2CC2)OCC3CCN(CC3)CC4=CC(=CC(=C4)Cl)C(F)(F)F)F,1,PIOVISPQQWESRU-UHFFFAOYSA-N,PIOVISPQQWESRU,PubChem,118110931,6331
COc1cc(C(F)(F)F)ccc1-c1cccc2c1C(C)CN(S(=O)(=O)Nc1ncns1)C2,1,BQDOZGKXAAMRRI-UHFFFAOYSA-N,BQDOZGKXAAMRRI,data_nav_dev,CHEMBL3683231,
N#Cc1cc(C(F)(F)F)ccc1N1CCOc2cc(S(=O)(=O)Nc3ccno3)ccc21,1,GKJKGUWIBBQFQM-UHFFFAOYSA-N,GKJKGUWIBBQFQM,data_nav_dev,71711365,71711365
O=S(=O)(Nc1nccs1)c1ccc2c(c1)OCCN2c1cc(F)ccc1F,1,WZOSBAVNAOHRMV-UHFFFAOYSA-N,WZOSBAVNAOHRMV,data_nav_dev,71711422,71711422
CS(=O)(=O)NC(=O)C1=C(C=C(C(=C1)C2CC2)OCC3CCN(CC3)CC4=CC(=C(C=C4)Br)Cl)F,1,KTQITWVXYXCIPI-UHFFFAOYSA-N,KTQITWVXYXCIPI,PubChem,118120547,6331
CC1=CC(=C(C=C1OCC2CCN(CC2)[C@@H](C)C3=CC(=CC(=C3)Cl)Cl)F)C(=O)NS(=O)(=O)C4CC4,1,KSGFLCHXWLJABA-INIZCTEOSA-N,KSGFLCHXWLJABA,PubChem,118110978,6331
C1CCNC(C1)CNC(=O)C2=C(C=CC(=C2)OCC(F)(F)F)OCC(F)(F)F,1,DJBNUMBKLMJRSA-UHFFFAOYSA-N,DJBNUMBKLMJRSA,PubChem,3356,17506538
Cn1nc(C(=O)O)cc1COc1cccc(C(NC(=O)OC2CN3CCC2CC3)c2ccccc2)c1,0,MNOKODMLZOKTKP-UHFFFAOYSA-N,MNOKODMLZOKTKP,CUPID,CUPID,
C1C[C@H](CN(C1)CC2=C(C=C(C=C2)Cl)Cl)OC3=CC(=C(C=C3C4CC4)C(=O)NS(=O)(=O)N5CCC5)F,1,BFODPVQMYSYLMH-LJQANCHMSA-N,BFODPVQMYSYLMH,PubChem,118120323,6331
C1CC1C2=CC(=C(C=C2OCC3CCN(CC3)S(=O)(=O)C4=CC(=C(C=C4F)Br)Cl)F)C(=O)NS(=O)(=O)C5CC5,1,HAFVNBSPYFWCPV-UHFFFAOYSA-N,HAFVNBSPYFWCPV,PubChem,118120247,6331
COc1ccc(-c2cn(C)c3cc(S(=O)(=O)Nc4ncns4)ccc23)cc1C(F)(F)F,1,DKCGTIMQKRLCSC-UHFFFAOYSA-N,DKCGTIMQKRLCSC,data_nav_dev,CHEMBL3704440,
O=C1c2cc(-c3ccc(OC(F)(F)F)cc3)ccc2OCCN1Cc1ncc(Cl)cn1,1,CKWBXLJNIGFGHF-UHFFFAOYSA-N,CKWBXLJNIGFGHF,data_nav_dev,CHEMBL3937680,
C1CC2=CC=CC=C2CC1NC(=O)N3CCC4(CC3)CC(=O)C5=CC=CC=C5O4,1,RSJUYPGFGAQOLP-UHFFFAOYSA-N,RSJUYPGFGAQOLP,PubChem,44583357,19481932
C[C@]1(CCN(C1)CC2=CC=CC=C2)OC3=CC(=C(C=C3Cl)S(=O)(=O)NC4=CSC=N4)F,0,IFKUKTFAAYVKAP-OAQYLSRUSA-N,IFKUKTFAAYVKAP,PubChem,132141320,6331
O=C1c2cc(-c3ccc(OC(F)(F)F)cc3)ccc2OCCN1Cc1ccn(C2CCCC2)n1,1,QYRGKTOEMSMRJJ-UHFFFAOYSA-N,QYRGKTOEMSMRJJ,data_nav_dev,CHEMBL3902084,
NC(=O)CN1CCN(c2cccc3c2cnn3-c2ccccc2F)C1=O,0,KKEDIYUEGVYWPE-UHFFFAOYSA-N,KKEDIYUEGVYWPE,CUPID,CUPID,
CC1(CCN(CC1)CC2=CC(=CC=C2)Cl)OC3=C(C=C(C=C3)S(=O)(=O)NC4=NC=CS4)Cl,1,WWYTZQDXLZAJPM-UHFFFAOYSA-N,WWYTZQDXLZAJPM,PubChem,132141393,6331
CCCS(=O)(=O)NC(=O)C1=C(C=C(C(=C1)C)C2=CC(=C(N=C2)OC3CCC3)Cl)F,1,HADZLHPXRBGVFS-UHFFFAOYSA-N,HADZLHPXRBGVFS,PubChem,122422608,6331
CC12CCC(F)(F)CC1CC(N1CCCC(N)C1)C2Oc1ccc(C#N)cc1,0,IAUZMYDKXKABJI-UHFFFAOYSA-N,IAUZMYDKXKABJI,CUPID,CUPID,
CC(C)OC1=C(C=C(C=N1)OC2=CC(=C(C=C2C=C)C(=O)NS(=O)(=O)N3CCC3)F)Cl,1,KQZCEEMSBLXIRM-UHFFFAOYSA-N,KQZCEEMSBLXIRM,PubChem,90021977,6331
CC1(CN(C1)C2=C(C=C(C=N2)C(F)(F)F)Cl)COC3=CC(=C(C=C3C4CC4)C(=O)NS(=O)(=O)C5CC5)F,1,YMFXBFBMVCEBGO-UHFFFAOYSA-N,YMFXBFBMVCEBGO,PubChem,118120216,6331
CCCc1nn(C)c2c(=O)[nH]c(-c3cc(S(=O)(=O)N4CCN(C)CC4)ccc3OCC)nc12,0,BNRNXUUZRGQAQC-UHFFFAOYSA-N,BNRNXUUZRGQAQC,CUPID,CUPID,
CC1=CC(=CC(=C1OC2=C(C=C(C=N2)C3=CC(=C(C=C3C)C(=O)NS(=O)(=O)C)F)Cl)Cl)Cl,1,HFDVKBQEWTZVAF-UHFFFAOYSA-N,HFDVKBQEWTZVAF,PubChem,122422453,6331
C1CC1C2=CC(=C(C=C2CN3CCO[C@@H](C3)CC4=C(C=C(C=C4)F)Cl)F)C(=O)NS(=O)(=O)C5CC5,1,ATFPRZUKXKQMOY-LJQANCHMSA-N,ATFPRZUKXKQMOY,PubChem,118111163,6331
COC1=C(C=CC(=C1)C2=CC(=CC(=C2)F)F)C3=NC=CC4=C3C=CC(=C4)S(=O)(=O)NC5=NOC=N5,0,CXPMKVUSTQCFPB-UHFFFAOYSA-N,CXPMKVUSTQCFPB,PubChem,117740958,6331
CS(=O)(=O)C1=C2[C@@H]([C@@H]([C@@H](C2=C(C=C1)OC3=CC(=CC(=C3)C#N)F)F)F)O,0,LOMMPXLFBTZENJ-ZACQAIPSSA-N,LOMMPXLFBTZENJ,PubChem,117947097,31282155
COC1=C(C=C(C(=C1)C2=CC(=C(C=C2)F)F)C#N)C3=NC=CC4=C3C=CC(=C4)S(=O)(=O)NC5=NC=NC=C5,0,QSYAJPATIYECBQ-UHFFFAOYSA-N,QSYAJPATIYECBQ,PubChem,117740367,6331
CC1=CC(=CC(=C1)CN2CCC[C@H](C2)OC3=CC(=C(C=C3C4CC4)C(=O)NS(=O)(=O)C)F)C,1,BYPCGZJBGJSUGQ-HXUWFJFHSA-N,BYPCGZJBGJSUGQ,PubChem,118110832,6331
O=S(=O)(Nc1ncns1)c1ccc2c(-c3ccc(Cl)cc3)cccc2c1,1,OENDLOFFFZMFBL-UHFFFAOYSA-N,OENDLOFFFZMFBL,data_nav_dev,CHEMBL3682645,
CC12CCC(=O)CC1CC(N1CCCC(N)C1)C2Oc1ccc(C#N)cc1,0,ZHIVJKLMVJUNNQ-UHFFFAOYSA-N,ZHIVJKLMVJUNNQ,CUPID,CUPID,
C1C[C@H](CN(C1)C(C2=CC=CC=C2)C3=CC=CC=C3)OC4=CC(=C(C=C4C5CC5)C(=O)NS(=O)(=O)N6CCC6)F,1,JHDYTMXHAMUQCY-RUZDIDTESA-N,JHDYTMXHAMUQCY,PubChem,118110513,6331
CCN=C(N)NC(=O)Nc1c(CC)cc(C(=O)NC(C)C)cc1CC,0,YNLDPQYFFGLCQF-UHFFFAOYSA-N,YNLDPQYFFGLCQF,CUPID,CUPID,
CS(=O)(=O)NC(=O)c1cc(F)c(Oc2ccc(Cl)c(Cl)c2)cc1F,0,KASGDBJYKOICKB-UHFFFAOYSA-N,KASGDBJYKOICKB,CUPID,CUPID,
CC1=NC(=CS1)C2=C(C=CC(=C2)C(F)(F)F)[C@@H]3CCOC4=C3C=CC(=C4)S(=O)(=O)NC5=NC=NC=C5,0,IZFQZYCRTGYBPH-SFHVURJKSA-N,IZFQZYCRTGYBPH,PubChem,126650485,6331
Cn1nccc1-c1cc(C(F)(F)F)ccc1-c1cn(S(C)(=O)=O)c2cc(S(=O)(=O)Nc3ncns3)ccc12,1,XRXYWZPVAZVGDB-UHFFFAOYSA-N,XRXYWZPVAZVGDB,data_nav_dev,71259882,71259882
Cn1cc(-c2ccc(C(F)(F)F)cc2)c2ccc(C(=O)NS(=O)(=O)c3ccc(F)c(F)c3)cc21,0,LUOQOUFPEYLOBE-UHFFFAOYSA-N,LUOQOUFPEYLOBE,CUPID,CUPID,
CC(C)OC1=CC=CC(=N1)NS(=O)(=O)C2=CC3=C(C=C2)[C@H](CCO3)C4=C(C=C(C=C4)C(F)(F)F)C5=CC=NN5C,0,XAWZVFQFKGBLFT-OAQYLSRUSA-N,XAWZVFQFKGBLFT,PubChem,126668954,6331
O=S(=O)(Nc1ncccn1)c1ccc2c(c1)OCCN2c1ccc(C(F)(F)F)cc1Cl,1,DYVALQXCCQVXRJ-UHFFFAOYSA-N,DYVALQXCCQVXRJ,data_nav_dev,CHEMBL3982207,
NC1=NC23C(N1)C(Cn1c(O)ccc1O)N=C(N)N2CC(OC(=O)c1cc(C(F)(F)F)ccc1C(F)(F)F)C3(O)O,0,AVFGGWLVVCIHPZ-UHFFFAOYSA-N,AVFGGWLVVCIHPZ,CUPID,CUPID,
CC1(CCN(CC1)CC2=C(C=CC(=C2)C(F)(F)F)C(F)(F)F)COC3=CC(=C(C=C3C4CC4)C(=O)NS(=O)(=O)C)F,1,ZWFDZIUIRJDLRG-UHFFFAOYSA-N,ZWFDZIUIRJDLRG,PubChem,118111097,6331
Cc1cn(-c2cc(NC(=O)c3ccc(C)c(Nc4nccc(-c5cccnc5)n4)c3)cc(C(F)(F)F)c2)cn1,0,HHZIURLSWUIHRB-UHFFFAOYSA-N,HHZIURLSWUIHRB,CUPID,CUPID,
COC1=CC=C(C=C1)C2=CC=CC=C2C3CCN(CC3)C[C@H](COC4=CC=C(C=C4)C5=CN6C=CC=CC6=N5)O,1,FFVPXLHERBCGNG-MUUNZHRXSA-N,FFVPXLHERBCGNG,PubChem,162664377,32442850
Cc1c(N2CCC(C(C)N)C2)c(F)cc2cc(C(=O)O)c(=O)n(C3CC3)c12,0,WDEFFRJHKJGSLD-UHFFFAOYSA-N,WDEFFRJHKJGSLD,CUPID,CUPID,
C[C@H](C1=CC=CC=C1)N2CC[C@@H](C2)N(C)C3=CC(=C(C=C3Cl)S(=O)(=O)NC4=NC(=CC=C4)F)F,0,OYELAONRLOYCOX-AEFFLSMTSA-N,OYELAONRLOYCOX,PubChem,132141877,6331
CC1(C)CCOc2c(C(=O)NC3CN4C(N)=NC(Cn5c(O)c[nH]c5=O)C5N=C(N)NC54C3(O)O)cccc21,0,GFGQCZFBFKJVGV-UHFFFAOYSA-N,GFGQCZFBFKJVGV,CUPID,CUPID,
CC(C)(C)C1=CC=C(C=C1)CN2CCC[C@H](C2)OC3=CC(=C(C=C3C4CC4)C(=O)NS(=O)(=O)C)F,1,DHMIQEWWFKEVEE-OAQYLSRUSA-N,DHMIQEWWFKEVEE,PubChem,118110455,6331
C1CN(CCN1)C(=O)C2=CC=C(O2)C3=CC=C(C=C3)Cl,1,FSVUGYFGMKVKHY-UHFFFAOYSA-N,FSVUGYFGMKVKHY,PubChem,24857857,18501613
CN([C@H]1CCN(C1)CC2=CC=CC3=C2C=NC=C3)C4=CC(=C(C=C4Cl)S(=O)(=O)NC5=CSC=N5)F,0,NBQKVGHOLPCTDK-SFHVURJKSA-N,NBQKVGHOLPCTDK,PubChem,132141324,6331
C1C[C@H](CN(C1)CC2=CC(=C(C=C2C3CC3)C(=O)NS(=O)(=O)N4CCC4)F)OC5=CC(=CC(=C5)Cl)Cl,1,UVPFUHLMKQGWHA-HXUWFJFHSA-N,UVPFUHLMKQGWHA,PubChem,118120553,6331
C1CS(=O)(=O)CC1CNC2=CC(=C(C=C2Cl)S(=O)(=O)NC3=NC=CS3)F,1,JYSRNWDCGVBURG-UHFFFAOYSA-N,JYSRNWDCGVBURG,PubChem,137648836,28818462
C1COC2=C([C@@H]1C3=C(C=C(C=C3)C(F)(F)F)N4CCS(=O)(=O)CC4)C=CC(=C2)S(=O)(=O)NC5=NC=CC=N5,0,JWYCILFNRIJQGK-SFHVURJKSA-N,JWYCILFNRIJQGK,PubChem,126669004,6331
CC1=C(C(=C(C=C1N(C)[C@H]2CCN(C2)CC3=CC=CC=C3)F)S(=O)(=O)NC4=NC=NS4)F,0,IPIITJWTXVBIIV-INIZCTEOSA-N,IPIITJWTXVBIIV,PubChem,132141523,6331
O=C(O)CC1(c2ccccc2)CCCN(C(=O)Nc2ccc(Cl)cc2)C1,1,SCQHVECWBAHHHV-UHFFFAOYSA-N,SCQHVECWBAHHHV,data_nav_dev,CHEMBL1077781,
C1[C@@H](COC2=CC=CC(=C21)C3=CC=NC=C3)NC(=O)C4=CN=C(C=C4)OCC(F)(F)F,1,SUVHWQGAOXKZCQ-INIZCTEOSA-N,SUVHWQGAOXKZCQ,PubChem,66813557,22832315
O=C1c2cc(-c3ccc(C4CC4)s3)ccc2OCCN1Cc1ncccn1,1,LUMHREITPSNQQC-UHFFFAOYSA-N,LUMHREITPSNQQC,data_nav_dev,CHEMBL3903304,
CC(CCC(C)(O)C(F)(F)F)C1CCC2C3CC=C4CC(C)(O)CCC4(C)C3CCC12C,0,BVBRUQYHUXKZMQ-UHFFFAOYSA-N,BVBRUQYHUXKZMQ,CUPID,CUPID,
CC1=NC(=CS1)C2=C(C=CC(=C2)C(F)(F)F)[C@@H]3CCOC4=C3C=CC(=C4)S(=O)(=O)NC5=NC=C(C=N5)F,0,KQCMZPNLYGCTKB-SFHVURJKSA-N,KQCMZPNLYGCTKB,PubChem,126650516,6331
CN(C)CCn1ccc(NS(=O)(=O)c2ccc3c(c2)OCCN3c2ccc(C(F)(F)F)cc2Cl)n1,1,JJLSSXDRZXKYRS-UHFFFAOYSA-N,JJLSSXDRZXKYRS,data_nav_dev,89761731,89761731
CS(=O)(=O)NC(=O)C1=C(C=C(C(=C1)C2CC2)OCC3CCN(CC3)S(=O)(=O)C4=CC(=C(C=C4F)Br)Cl)F,1,DWFQZDDXGHQWFE-UHFFFAOYSA-N,DWFQZDDXGHQWFE,PubChem,118120356,6331
C1CC2=C([C@H]1C3=C(C=C(C=C3)C(F)(F)F)N4CCOCC4)C=CC(=C2)S(=O)(=O)NC5=NC=CC=N5,1,OSIXNPCBQPAWLY-FQEVSTJZSA-N,OSIXNPCBQPAWLY,PubChem,156010624,32368909
CC1=CC(=C(C=C1)F)CN2CC[C@](C2)(C)NC3=C(C=C(C=C3)S(=O)(=O)NC4=CSC=N4)Cl,1,FOUHCIMZPGVJLK-QFIPXVFZSA-N,FOUHCIMZPGVJLK,PubChem,132141381,6331
CCS(=O)(=O)NC(=O)C1=C(C=C(C(=C1)C2CC2)OCC3CCN(CC3)CC4=CC(=CC(=C4)Cl)Cl)F,1,YSEGGAVVNUBFOR-UHFFFAOYSA-N,YSEGGAVVNUBFOR,PubChem,118111332,6331
CCOc1cc(C(F)(F)F)ccc1-c1cccc2cc(S(=O)(=O)Nc3ncns3)ccc12,1,CBTDKGZSTNRDNG-UHFFFAOYSA-N,CBTDKGZSTNRDNG,data_nav_dev,71585928,71585928
C1COC2=C([C@H]1C3=C(C=C(C=C3)C(F)(F)F)C4=NC=C(C=C4)F)C=CC(=C2)S(=O)(=O)NC5=NC=C(C=N5)F,0,JWOQCNKFIKAZAI-LJQANCHMSA-N,JWOQCNKFIKAZAI,PubChem,126668525,32368909
O=S(=O)(Nc1nccs1)c1ccc2c(c1)OCC[C@H]2c1ccc(C(F)(F)F)cc1-c1nccs1,1,QOYMDLATDBQPLA-INIZCTEOSA-N,QOYMDLATDBQPLA,data_nav_dev,CHEMBL4636013,
CC1=C(C=CC(=C1)C2=CC(=C(C=C2C#N)C3=NC=CC4=C3C=CC(=C4)S(=O)(=O)NC5=NN=CS5)OC)F,0,BPIKKGIUZOGBNU-UHFFFAOYSA-N,BPIKKGIUZOGBNU,PubChem,117741678,6331
CS(=O)(=O)NC(=O)C1=C(C=C(C(=C1)C2CC2)O[C@@H]3CCCN(C3)CC4(CCC4)C(F)(F)F)F,1,WJLZKECJHILDNE-OAHLLOKOSA-N,WJLZKECJHILDNE,PubChem,118111148,6331
C[C@@H](CN[C@@H]1COc2ccccc2SC1)CSc1cccc2ccoc12,1,WTEMCDLOPAYEOF-DOTOQJQBSA-N,WTEMCDLOPAYEOF,data_nav_dev,CHEMBL562299,
N[C@@H]1CCC=C(c2ccc(F)cc2)[C@H]1COc1cc(F)c(S(=O)(=O)Nc2cscn2)cc1Cl,1,SWRJANJAYCBSIK-VQIMIIECSA-N,SWRJANJAYCBSIK,data_nav_dev,137649716,137649716
O=S(=O)(Nc1ncns1)c1ccc2c(c1)OCCN2c1ccc(C(F)(F)F)cc1Br,1,OZHJKBUBNACKJW-UHFFFAOYSA-N,OZHJKBUBNACKJW,data_nav_dev,CHEMBL3962721,
C1CC1C(CNC(=O)[C@@H](C2=CC=CC=C2)N3CCN(CC3)C(=O)C4=CC(=CC(=C4)F)F)(F)F,1,IYJDANACVOOHGI-OAQYLSRUSA-N,IYJDANACVOOHGI,PubChem,145994027,30108793
CC(C)COC1=C(C=C(C=N1)C2=NN(C3=C2C=CC(=C3)C(=O)NS(=O)(=O)C)C)Cl,1,LAGKKGKWRZUUSJ-UHFFFAOYSA-N,LAGKKGKWRZUUSJ,PubChem,132020571,30576602
CN([C@H]1CCN(C1)CC2=C(C=CC(=C2)Cl)Cl)C3=CC(=C(C=C3Cl)S(=O)(=O)NC4=CSC=N4)F,1,KMNQFCVFMZDVCH-HNNXBMFYSA-N,KMNQFCVFMZDVCH,PubChem,132141579,6331
O=C(NCc1ccc(OC(F)(F)F)cc1)c1c2ccccc2c(O)n1CCC(F)(F)F,0,GTBFIFYDDUIBGK-UHFFFAOYSA-N,GTBFIFYDDUIBGK,CUPID,CUPID,
C1CN(CCN1[C@H](C2=CC=CC=C2)C(=O)NCC3=CN=C(C=C3)C(F)(F)F)C(=O)C4=CC(=CC(=C4)F)F,1,LUBXXVBEWNTQCJ-HSZRJFAPSA-N,LUBXXVBEWNTQCJ,PubChem,145986895,30108793
Cn1nccc1-c1cc(Cl)ccc1-n1cnc2cc(S(=O)(=O)Nc3ncns3)ccc21,1,ZHLLLELDBGEMDV-UHFFFAOYSA-N,ZHLLLELDBGEMDV,data_nav_dev,71259349,71259349
C1COC2=C([C@@H]1C3=C(C=C(C=C3)C(F)(F)F)OC4COC4)C=CC(=C2)S(=O)(=O)NC5=NC=CC=N5,0,MLIKJBLGUCUYGD-QGZVFWFLSA-N,MLIKJBLGUCUYGD,PubChem,126650565,6331
N#Cc1cccc(Cl)c1N1CCOc2cc(S(=O)(=O)Nc3nccs3)ccc21,1,KBRQYSPRGQSWGH-UHFFFAOYSA-N,KBRQYSPRGQSWGH,data_nav_dev,CHEMBL3958187,
CN1CCCC(CNc2cc(F)c(S(=O)(=O)Nc3nccs3)cc2Cl)C1,0,GFZPSOBCNKCNKE-UHFFFAOYSA-N,GFZPSOBCNKCNKE,CUPID,CUPID,
CS(=O)(=O)NC(=O)C1=C(C=C(C(=C1)C2CC2)OCC3(CCN(CC3)CC4=C(C(=CC(=C4)C(F)(F)F)Cl)F)F)F,1,FCTMRPTVPHVTTN-UHFFFAOYSA-N,FCTMRPTVPHVTTN,PubChem,118120526,6331
O=S(=O)(Nc1ncns1)c1ccc2c(-c3ccc(Cl)cc3-c3cn[nH]c3)cccc2c1,0,FIUXOLTZOKZTOV-UHFFFAOYSA-N,FIUXOLTZOKZTOV,CUPID,CUPID,
O=C(NCc1ccc(OC(F)(F)F)cc1)C1c2ccccc2C(=O)N1CC1CC(F)(F)C1,0,AQAVDXGUHCVGJN-UHFFFAOYSA-N,AQAVDXGUHCVGJN,data_nav_dev,44540469,44540469
O=C(c1ccc(C(F)(F)F)nc1)N1CCOc2ccc(-c3ccc(OC(F)(F)F)cc3)cc2C1,1,PPNDIDCXWCSOPN-UHFFFAOYSA-N,PPNDIDCXWCSOPN,data_nav_dev,CHEMBL3941807,
Cc1ccc(C#N)c(N2CCOc3cc(S(=O)(=O)Nc4nccs4)ccc32)n1,1,ZUVMOVNRRCDCAW-UHFFFAOYSA-N,ZUVMOVNRRCDCAW,data_nav_dev,89762065,89762065
CON=C1CCC(CC1)CNC2=CC(=C(C=C2Cl)S(=O)(=O)NC3=NC=CS3)F,1,IIBVIRHVUVVPBQ-UHFFFAOYSA-N,IIBVIRHVUVVPBQ,PubChem,137659806,28818462
C[C@H](C1=CC=CC=C1)N2CCC(CC2)OC3=CC(=C(C(=C3Cl)F)S(=O)(=O)NC4=CSC=N4)F,0,HLVKPTQNYHAKES-CQSZACIVSA-N,HLVKPTQNYHAKES,PubChem,132142182,6331
CN1C=C(C2=C1C=C(C=C2)C(=O)NS(=O)(=O)C3=CC=CS3)C4=CC=C(C=C4)C(F)(F)F,1,NMUJXYWKRSUNQO-UHFFFAOYSA-N,NMUJXYWKRSUNQO,PubChem,132020533,30576602
O=C1c2cc(-c3ccc(C(F)(F)F)c(F)c3)ccc2OCCN1Cc1ncccn1,1,VOTBLROURANVRM-UHFFFAOYSA-N,VOTBLROURANVRM,data_nav_dev,CHEMBL3961636,
CCS(=O)(=O)NC(=O)C1=C(C=C(C(=C1)C2CC2)OCC3CCN(CC3)CC4=CC(=CC(=C4)Cl)OC(F)(F)F)F,1,JHWZVZSMRWIZMO-UHFFFAOYSA-N,JHWZVZSMRWIZMO,PubChem,118111448,6331
Cn1cc(-c2cccc3ncccc23)c2ccc(S(=O)(=O)Nc3ncns3)cc21,1,FVLWULJPDVDJPT-UHFFFAOYSA-N,FVLWULJPDVDJPT,data_nav_dev,CHEMBL3704429,
CNCC[C@H](Oc1cccc2ccccc12)c1cccs1,1,ZEUITGRIYCTCEM-KRWDZBQOSA-N,ZEUITGRIYCTCEM,data_nav_dev,CHEMBL1175,
CS(=O)(=O)NC(=O)C1=C(C=C(C(=C1)C2CC2)CN3CCC(CC3)OC4=CC=CC=C4C(F)(F)F)F,1,OYOLAYVEEXZEHC-UHFFFAOYSA-N,OYOLAYVEEXZEHC,PubChem,118110688,6331
CC1=NC=C(C=C1)C2=C(C=CC(=C2)C(F)(F)F)[C@@H]3CCOC4=C3C=CC(=C4)S(=O)(=O)NC5=NC=CC=N5,0,HVGAFMZYKBKANC-NRFANRHFSA-N,HVGAFMZYKBKANC,PubChem,126649802,6331
Cn1nccc1[C@H]1CCCC[C@@H]1Oc1cc(F)c(S(=O)(=O)Nc2ccncn2)c(F)c1,0,PDNOJYMMZNQRJD-KDOFPFPSSA-N,PDNOJYMMZNQRJD,data_nav_dev,CHEMBL4648397,
C1C[C@H](CN(C1)C(C2=CC=CC=C2)C3=CC=CC=C3)OC4=CC(=C(C=C4C5CC5)C(=O)NS(=O)(=O)C6CC6)F,1,UITFGANVLZHNES-XMMPIXPASA-N,UITFGANVLZHNES,PubChem,118120293,6331
CC1(CCN(C1)CC2=CC=CC=C2)NC3=C(C=C(C=C3)S(=O)(=O)NC4=NC=CS4)Cl,1,DVMCAPAGTTZRQU-UHFFFAOYSA-N,DVMCAPAGTTZRQU,PubChem,132141739,6331
CCN(CC)CC(=O)Nc1c(C)cccc1C,0,NNJVILVZKWQKPM-UHFFFAOYSA-N,NNJVILVZKWQKPM,data_nav_dev,3676,3676
COc1cc(-c2cc(OC)c(-n3c(=O)ccc4cc(S(=O)(=O)Nc5ccon5)ccc43)cc2F)ccc1C,1,XZPLBGXDXAPSEA-UHFFFAOYSA-N,XZPLBGXDXAPSEA,data_nav_dev,124221866,124221866
CS(=O)(=O)NC(=O)C1=C(C=C(C(=C1)C2CC2)CN3CCO[C@@H](C3)CC4=CC(=CC(=C4)Cl)Cl)F,1,BGTDJFUYZQLYLF-LJQANCHMSA-N,BGTDJFUYZQLYLF,PubChem,118111106,6331
N#Cc1ccc(F)c(N2CCOc3cc(S(=O)(=O)Nc4nccs4)ccc32)c1,1,NUTYQRZROGJFNZ-UHFFFAOYSA-N,NUTYQRZROGJFNZ,data_nav_dev,89762033,89762033
Cc1cc(OC(F)(F)F)ccc1-c1ccc2c(c1)C(=O)N(Cc1ncccn1)CCO2,1,VWBUIALZVIPEEM-UHFFFAOYSA-N,VWBUIALZVIPEEM,data_nav_dev,CHEMBL3956309,
CC(C)(C1=CC=CC=C1)N2CC[C@@H](C2)N(C)C3=CC(=C(C=C3Cl)S(=O)(=O)NC4=NC(=CC=C4)F)F,0,MAJGZYVKONIHCS-SFHVURJKSA-N,MAJGZYVKONIHCS,PubChem,132141569,6331
C1CC1C2=CC(=C(C=C2OCC3CCN(CC3)C(=O)C4=CC=CC=C4C(F)(F)F)F)C(=O)NS(=O)(=O)C5CC5,1,YBMICKLLDKUUII-UHFFFAOYSA-N,YBMICKLLDKUUII,PubChem,118110840,6331
COc1cnc2ccc(=O)n(CC(N)C3CCC(NCc4ccc5c(n4)NC(=O)CO5)CC3)c2c1,0,HXCSDXBLCTUKEB-UHFFFAOYSA-N,HXCSDXBLCTUKEB,CUPID,CUPID,
CC1=CC(=C(C=C1)Cl)OC2=C(C=C(C=N2)C3=CC(=C(C=C3F)C4=NNC(=N4)S(=O)(=O)CC5CC5)F)Cl,1,ABVIXXJLCFJLHB-UHFFFAOYSA-N,ABVIXXJLCFJLHB,PubChem,145962752,29709252
C1COC(C(N1)C2=CC(=CC=C2)C(F)(F)F)OC3=CC(=C(C=C3F)S(=O)(=O)NC4=NC=NS4)F,1,LYMPFPNZOWWYPE-UHFFFAOYSA-N,LYMPFPNZOWWYPE,PubChem,145963819,29439904
CCS(=O)(=O)NC(=O)C1=C(C=C(C(=C1)C2CC2)OCC3CCN(CC3)C4(COC4)C5=CC(=CC(=C5)Cl)Cl)F,1,DGXNRBPDKNEQFX-UHFFFAOYSA-N,DGXNRBPDKNEQFX,PubChem,118111403,6331
C1CN(C[C@@H]1NC2=CC(=C(C=C2Cl)S(=O)(=O)NC3=CSC=N3)F)CC4=CC=CC=C4,0,JJUQYLPLPQPCPI-OAHLLOKOSA-N,JJUQYLPLPQPCPI,PubChem,132141965,6331
C1=CC2=C(C=C1C3=C(C=CC(=C3)Cl)OC4=CC(=C(C=C4F)S(=O)(=O)NC5=NC=NS5)F)C(=NO2)N,1,CYBITNCPJFQMIJ-UHFFFAOYSA-N,CYBITNCPJFQMIJ,PubChem,71559365,25060923
O=C(Nc1cccc(C(F)(F)F)c1-c1ccncc1)c1cccc(-c2ncccc2C(F)(F)F)c1,0,KFGKOOFLEPYEQF-UHFFFAOYSA-N,KFGKOOFLEPYEQF,CUPID,CUPID,
C1=CC(=CC=C1C2=CN3C(=NNC3=O)C=C2)OC(F)(F)F,1,WCKSPUOMUKLNAH-UHFFFAOYSA-N,WCKSPUOMUKLNAH,PubChem,58044589,27038498
CS(=O)(=O)NC(=O)C1=C(C=C(C(=C1)C2CC2)O[C@@H]3CCCN(C3)CC4=C(C=CC(=C4)Cl)O)F,1,YJZGWYCGKPYCCZ-QGZVFWFLSA-N,YJZGWYCGKPYCCZ,PubChem,118110493,6331
CS(=O)(=O)NC(=O)C1=C(C=C(C(=C1)C2CC2)OCC3C[C@H]4CC[C@@H](C3)N4CC5=C(C(=CC(=C5)C(F)(F)F)Cl)F)F,1,WWPICVXQOKPCAZ-WUUXGELPSA-N,WWPICVXQOKPCAZ,PubChem,118120473,6331
O=C(N[C@@H]1C[C@H]1c1ccccc1)N1CCC(c2nc(-c3ccccn3)no2)CC1,1,IIPPFWIHUHXQNA-PKOBYXMFSA-N,IIPPFWIHUHXQNA,data_nav_dev,CHEMBL562822,
C1COC2=C(N1C3=C(C=C(C=C3)C(F)(F)F)C#N)C=CC(=C2)S(=O)(=O)NC4=NC=NC=C4,1,UIMPCHDIZWNKAO-UHFFFAOYSA-N,UIMPCHDIZWNKAO,PubChem,71711696,28629594
C1CN(C1)S(=O)(=O)NC(=O)C2=CC(=C(C=C2F)OCC3CCN(CC3)CC4=CC(=CC(=C4)Cl)OC(F)(F)F)Cl,1,GZNHRVQDDAHXKN-UHFFFAOYSA-N,GZNHRVQDDAHXKN,PubChem,118120498,6331
C=C[C@H]1CN2CC[C@H]1C[C@@H]2[C@@H](O)c1ccnc2ccc(OC)cc12,1,LOUPRKONTZGTKE-LHHVKLHASA-N,LOUPRKONTZGTKE,data_nav_dev,CHEMBL1294,
CS(=O)(=O)NC(=O)C1=C(C=C(C(=C1)C2CC2)OCC3CCN(CC3)CCC(F)(F)F)F,1,QNQNMXVCAYGWFY-UHFFFAOYSA-N,QNQNMXVCAYGWFY,PubChem,118110818,6331
C[C@H](C1=CC(=C(C=C1)Cl)Cl)N2CCC(CC2)COC3=CC(=C(C=C3C4CC4)C(=O)NS(=O)(=O)C)F,1,DEFPDGLJZGBIGF-OAHLLOKOSA-N,DEFPDGLJZGBIGF,PubChem,118110938,6331
O=S(=O)(Nc1nccs1)c1ccc2c(c1)OCCN2c1ccc(-n2ccnc2)cc1,1,FYGLTHOOOXRKGN-UHFFFAOYSA-N,FYGLTHOOOXRKGN,data_nav_dev,CHEMBL3986073,
O=C(NCc1ccc(OC(F)(F)F)cc1)C1c2ccccc2C(=O)N1CCc1cnccn1,0,HXQGZVNOPUKCCC-UHFFFAOYSA-N,HXQGZVNOPUKCCC,data_nav_dev,44544441,44544441
COC1CCC2(C)C(C1)CC(N1CCCC(N)C1)C2Oc1ccc(C#N)cc1,0,WFURHGQSYMLPGD-UHFFFAOYSA-N,WFURHGQSYMLPGD,CUPID,CUPID,
C1CN(C(CN1)COC2=CC(=C(C=C2F)S(=O)(=O)NC3=NC=NS3)F)C4=CC=C(C=C4)Cl,0,BODLISSZAMYJQE-UHFFFAOYSA-N,BODLISSZAMYJQE,PubChem,71559329,6331
CC1=NC=C(C=N1)C2=CC=CC=C2CCNC(=O)C3=CN=C(C=C3)C(=O)NCCCC(F)(F)F,1,QHVBHCXARAVYMC-UHFFFAOYSA-N,QHVBHCXARAVYMC,PubChem,71456403,22939696
COC1=C(SC=C1)CNCC[C@]2(CCOC3(C2)CCCC3)C4=CC=CC=N4,1,DMNOVGJWPASQDL-OAQYLSRUSA-N,DMNOVGJWPASQDL,PubChem,66553195,24063433
CS(=O)(=O)NC(=O)C1=C(C=C(C(=C1)Cl)C2=CC(=C(N=C2)OC3=C(C=CC(=C3)F)F)Cl)F,1,JTSWUUBVJBSYTO-UHFFFAOYSA-N,JTSWUUBVJBSYTO,PubChem,122422415,6331
COC1=C(C=CC(=C1)C2=CC(=CC(=C2)F)F)C3=NC=CC4=C3C=CC(=C4)S(=O)(=O)NC5=NC=CO5,0,OJEMXXFUHSSITC-UHFFFAOYSA-N,OJEMXXFUHSSITC,PubChem,139208235,6331
CC(C)c1cccc(SC[C@@H](C)CN[C@@H]2COc3ccccc3SC2)c1O,1,OJQVUMLXIXJDQX-DLBZAZTESA-N,OJQVUMLXIXJDQX,data_nav_dev,CHEMBL563994,
Cc1ccc(Cl)c(N2CCOc3cc(S(=O)(=O)Nc4nccs4)ccc32)c1,1,VKMKKIYMKYLZLL-UHFFFAOYSA-N,VKMKKIYMKYLZLL,data_nav_dev,CHEMBL3944914,
O=S(=O)(Nc1ncns1)c1cc(F)c(OC2OCCNC2c2ccc(F)cc2)cc1F,0,PDVJZLKIJAIUCL-UHFFFAOYSA-N,PDVJZLKIJAIUCL,CUPID,CUPID,
COC1=C(C=C(C(=C1)C2=CC(=CC=C2)F)Cl)C3=NC=NC4=C3C=CC(=C4)S(=O)(=O)NC5=NOC=N5,0,FBENUIXKXFVXMP-UHFFFAOYSA-N,FBENUIXKXFVXMP,PubChem,117741687,6331
C[C@@H](C1=CC(=CC(=C1)Cl)Cl)N2CCC[C@H](C2)OC3=CC(=C(C=C3C4CC4)C(=O)NS(=O)(=O)C)F,1,GEVQKHWJSOLJFV-IFXJQAMLSA-N,GEVQKHWJSOLJFV,PubChem,118120255,6331
C[N+]1([O-])CC=C(c2cc(C(F)(F)F)ccc2-c2cccc3c2CCN(S(=O)(=O)Nc2ncns2)C3)CC1,1,IMUYVWDPLGCJOK-UHFFFAOYSA-N,IMUYVWDPLGCJOK,data_nav_dev,117094748,117094748
CC1=CC(=CC(=C1)CN2CCC(C(C2)(C)C)OC3=C(C=C(C=C3)S(=O)(=O)NC4=NC=NS4)Cl)C,1,YURSSLFZRLGKRQ-UHFFFAOYSA-N,YURSSLFZRLGKRQ,PubChem,132142077,6331
CN(C)C1=CC=C(C=C1)CN2CC[C@@H](C2)N(C)C3=CC(=C(C=C3Cl)S(=O)(=O)NC4=CSC=N4)F,0,JBVWWMTVXGDHCE-SFHVURJKSA-N,JBVWWMTVXGDHCE,PubChem,132141990,6331
CN1C(=O)C2=C(C=CC(=C2)S(=O)(=O)NC3=NOC=C3)C(=N1)C4=C(C=C(C(=C4)F)C5=CC(=CC=C5)C(F)(F)F)OC,0,MLWPHKUZYKBOSD-UHFFFAOYSA-N,MLWPHKUZYKBOSD,PubChem,117741820,6331
COc1cc(-c2ccc(Cl)c(C)c2)c(F)cc1-n1c(=O)ccc2cc(S(=O)(=O)Nc3ncns3)ccc21,1,KVACKUMARUYNDA-UHFFFAOYSA-N,KVACKUMARUYNDA,data_nav_dev,124221998,124221998
CC(C1=CC=C(C=C1)OC(F)(F)F)N2CC(C2)COC3=CC(=C(C=C3C4CC4)C(=O)NS(=O)(=O)C)F,1,ROVKLDKSHHGRMO-UHFFFAOYSA-N,ROVKLDKSHHGRMO,PubChem,118111353,6331
O=C1c2cc(-c3ccc(CC(F)(F)F)cc3)ccc2OCCN1Cc1ccccn1,1,YBOFEDYGEOYOPH-UHFFFAOYSA-N,YBOFEDYGEOYOPH,data_nav_dev,CHEMBL3896621,
C1CN(C[C@@H]1C(C2=CC=CC=C2)(C3=CC=CC=C3)C(=O)N)CCC4=CC5=C(C=C4)OCC5,1,HXGBXQDTNZMWGS-RUZDIDTESA-N,HXGBXQDTNZMWGS,PubChem,444031,25087753
C1CN(C[C@@H]([C@H]1OC2=C(C=C(C=N2)S(=O)(=O)NC3=NC(=CC=C3)F)F)C4=CC(=C(C=C4)F)F)CC(F)(F)F,1,GAVZDBYAMUDVSA-BEFAXECRSA-N,GAVZDBYAMUDVSA,PubChem,164616704,34044121
O=C1COc2cc(S(=O)(=O)Nc3ncns3)ccc2N1Cc1ccccc1,0,ZLQDTAHLXHGBGM-UHFFFAOYSA-N,ZLQDTAHLXHGBGM,CUPID,CUPID,
C[C@@H](C1=CC=CC=C1)N2CCC(CC2)OC3=C(C=C(C=C3)S(=O)(=O)NC4=NC=NS4)Cl,0,GSBXYRRQGOASER-HNNXBMFYSA-N,GSBXYRRQGOASER,PubChem,132142112,6331
O=c1oc2cc(S(=O)(=O)Nc3ncns3)ccc2n1Cc1ccccc1,0,HMJMQGPOPAKICS-UHFFFAOYSA-N,HMJMQGPOPAKICS,CUPID,CUPID,
O=S(=O)(Nc1ncns1)c1ccc2c(-c3ccc(C(F)(F)F)cc3Br)cccc2c1,0,ZWKGJCYIWNRWSD-UHFFFAOYSA-N,ZWKGJCYIWNRWSD,CUPID,CUPID,
COc1cc(-c2cc(F)cc(F)c2)c(C#N)cc1-c1nccc2cc(S(=O)(=O)Nc3nncs3)ccc12,0,DLTMFDULXWYIMY-UHFFFAOYSA-N,DLTMFDULXWYIMY,CUPID,CUPID,
CCc1cccc(-c2cn(C)c3cc(C(=O)NS(C)(=O)=O)ccc23)c1,0,CECBCDWYPSYRMO-UHFFFAOYSA-N,CECBCDWYPSYRMO,CUPID,CUPID,
CC1(C)CCN1Cc1cccc(F)c1CNc1cc(F)c(S(=O)(=O)Nc2cscn2)c(F)c1,1,GFSUVQOECDPIQJ-UHFFFAOYSA-N,GFSUVQOECDPIQJ,data_nav_dev,134585236,134585236
CC1=CC(=C(C=C1N(C)[C@H]2CCN(C2)CC3=NN(C=C3)C)F)S(=O)(=O)NC4=CSC=N4,0,PONOZMJSIGCDEQ-INIZCTEOSA-N,PONOZMJSIGCDEQ,PubChem,132141863,6331
C1=CC(=CC=C1NC2=NC=CC(=C2)N)OC3=CC=C(C=C3)Cl,1,UKTNDHDKOFVMKY-UHFFFAOYSA-N,UKTNDHDKOFVMKY,PubChem,70685239,22306122
COc1cc(-c2ccccc2C)ccc1-c1nccc2cc(S(=O)(=O)Nc3ccncn3)ccc12,0,JCTUIJTXDRGWNK-UHFFFAOYSA-N,JCTUIJTXDRGWNK,CUPID,CUPID,
CNC1CCN(C1)C2=C(C=CC(=C2)Cl)NC3=CC(=C(C=C3Cl)S(=O)(=O)NC4=CSC=N4)F,0,KPYJHBBUGDFBRQ-UHFFFAOYSA-N,KPYJHBBUGDFBRQ,PubChem,135325267,6331
CS(=O)(=O)NC(=O)C1=C(C=C(C(=C1)C2CC2)OCC3CCN(CC3)C(=O)C4=CC(=CC=C4)Cl)F,1,DLJIYRWMNZPEPW-UHFFFAOYSA-N,DLJIYRWMNZPEPW,PubChem,118120787,6331
C1COC[C@H]1OC2=C(C=CC(=C2)C(F)(F)F)[C@@H]3CCOC4=C3C=CC(=C4)S(=O)(=O)NC5=NC(=CC=C5)F,0,JBKHFEPGILUJSA-FUHWJXTLSA-N,JBKHFEPGILUJSA,PubChem,126650109,6331
CN(C)C1=C(C=CC(=C1)C(=O)N2CCC3(CC2)C4=CC=CN4C5=C(N3)C=C(C=C5)C(F)(F)F)OC,1,RGKGDWOKTINAMY-UHFFFAOYSA-N,RGKGDWOKTINAMY,PubChem,90846203,25288187
CS(=O)(=O)NC(=O)C1=C(C=C(C(=C1)C2CC2)OCC3CCN(CC3)CC(C(F)F)(F)F)F,1,BKXDCUIYPNHSRV-UHFFFAOYSA-N,BKXDCUIYPNHSRV,PubChem,118110900,6331
CC1=NC(=CC=C1)CN2CC[C@@H](C2)N(C)C3=CC(=C(C=C3Cl)S(=O)(=O)NC4=CSC=N4)F,0,NTSLOBXTZTWOPH-INIZCTEOSA-N,NTSLOBXTZTWOPH,PubChem,132141707,6331
C1=CC=C(C=C1)CCCCN=C(N)NC(=O)C2=CC=CO2,1,OQXAFBFLDYTRFF-UHFFFAOYSA-N,OQXAFBFLDYTRFF,PubChem,44337552,11720863
Cc1cn(C2CC(O)C(CO)O2)c(=O)[nH]c1=O,0,IQFYYKKMVGJFEH-UHFFFAOYSA-N,IQFYYKKMVGJFEH,CUPID,CUPID,
CN([C@@H]1CCN(C1)CC2=CC=CC=C2)C3=CC(=C(C=C3Cl)S(=O)(=O)NC4=CSC=N4)F,0,OBZZBTQNBCLIJV-MRXNPFEDSA-N,OBZZBTQNBCLIJV,PubChem,132141478,6331
Cn1nccc1-c1cc(C(F)(F)F)ccc1[C@H]1CCc2cc(S(=O)(=O)Nc3ncccn3)ccc21,1,YMIUSSGKICXXJY-IBGZPJMESA-N,YMIUSSGKICXXJY,data_nav_dev,CHEMBL4637997,
CS(=O)(=O)NC(=O)C1=C(C=C(C(=C1)C2CC2)CN3CCC(CC3)OC4=NC=C(C(=C4)C(F)(F)F)Cl)F,1,FWSDTNSZGDXFHU-UHFFFAOYSA-N,FWSDTNSZGDXFHU,PubChem,118353848,6331
CN[C@@H]1CCCN(C1)C2=C(C=CC(=C2)F)NC3=CC(=C(C=C3Cl)S(=O)(=O)NC4=CSC=N4)F,0,GYEUCDRCAZSBHR-CQSZACIVSA-N,GYEUCDRCAZSBHR,PubChem,129136179,6331
CS(=O)(=O)NC(=O)C1=C(C=C(C(=C1)C2CC2)OCC3CCN(CC3)C4=CC=CC(=N4)C(F)(F)F)F,1,YIJPURDBALWVMB-UHFFFAOYSA-N,YIJPURDBALWVMB,PubChem,118120688,6331
CS(=O)(=O)NC(=O)C1=C(C=C(C(=C1)C2CC2)OCC3CCN(CC3)C4=NC=C(C(=C4)C(F)(F)F)Cl)F,1,ZZPCDLASCPKEDD-UHFFFAOYSA-N,ZZPCDLASCPKEDD,PubChem,118120572,6331
C1=CC(=CC(=C1)C(=O)NC2=CC=CC(=C2C3=NN=CC=C3)C(F)(F)F)C4=C(C=CC=N4)C(F)(F)F,1,HZTAEIFNSFFSPA-UHFFFAOYSA-N,HZTAEIFNSFFSPA,PubChem,137648536,28684121
C1=CC(=CC=C1C2=CN3C(=NN=C3C(F)(F)F)C=C2)OCC(F)(F)F,1,VBGPPFADVWRQPN-UHFFFAOYSA-N,VBGPPFADVWRQPN,PubChem,87178657,27080178
CC1=CC(=C(C=C1C2=CC(=C(N=C2)O[C@H](C)C3=C(C=C(C=C3F)F)F)Cl)F)C(=O)NS(=O)(=O)C,0,XMBLAUHZFMKEMN-LLVKDONJSA-N,XMBLAUHZFMKEMN,PubChem,117994063,6331
C1COCC1CCCNC2=CC(=C(C=C2Cl)S(=O)(=O)NC3=NC=CS3)F,1,FNDAXQFHRLFJSB-UHFFFAOYSA-N,FNDAXQFHRLFJSB,PubChem,134477183,28818462
C1[C@@H](COC2=CC=CC(=C21)C3=CN=C(C=C3)CO)NC(=O)C4=CN=C(C=C4)OCC(F)(F)F,1,DXYBEOOKXLMROC-KRWDZBQOSA-N,DXYBEOOKXLMROC,PubChem,66813470,22832315
CC1=CC(=C(C=C1N(C)[C@H]2CCN(C2)CC3=COC(=N3)C)F)S(=O)(=O)NC4=CSC=N4,0,ZJUIZFGNZTZVNS-INIZCTEOSA-N,ZJUIZFGNZTZVNS,PubChem,132141791,6331
CS(=O)(=O)N(C(=O)C1=C(C=C(C(=C1)C2CC2)CN3CCN(CC3)CC4=CC(=CC(=C4)Cl)Cl)F)S,1,GDPWZDAWTMFPPO-UHFFFAOYSA-N,GDPWZDAWTMFPPO,PubChem,132274450,6331
C[C@H]1CN(C2COC2)CCN1c1ccc(Nc2cc(-c3ccnc(N4CCn5c(cc6c5CC(C)(C)C6)C4=O)c3CO)cn(C)c2=O)nc1,1,WNEODWDFDXWOLU-QHCPKHFHSA-N,WNEODWDFDXWOLU,data_nav_dev,CHEMBL4065122,
C1CN(C[C@@H]([C@H]1OC2=CC(=C(C=C2F)S(=O)(=O)NC3=CC=CC(=N3)C(F)(F)F)F)C4=CC=CC=C4)CC(F)(F)F,1,NDVQNDFFVKWFSW-APWZRJJASA-N,NDVQNDFFVKWFSW,PubChem,164609684,34044121
O=S(=O)(Nc1ncns1)c1cc(F)c(OC2OCCNC2c2ccc3c(c2)OCO3)cc1F,0,KLBIRORQDBTLSE-UHFFFAOYSA-N,KLBIRORQDBTLSE,CUPID,CUPID,
COC1=C(C=C(C(=C1)C2=CC(=C(C=C2)Cl)F)C#N)C3=NC=CC4=C3C=CC(=C4)S(=O)(=O)NC5=NOC=C5,0,WJUIRZIEBNAQJO-UHFFFAOYSA-N,WJUIRZIEBNAQJO,PubChem,121333952,6331
Cl.Nc1nc(-c2cccc(NC(=O)c3ccc[nH]3)c2)c[nH]1,0,FELABNZLNKGISO-UHFFFAOYSA-N,FELABNZLNKGISO,data_nav_dev,CHEMBL3113245,
COc1cc(-c2ccc(C)c(Cl)c2)ccc1-c1nccc2cc(S(=O)(=O)Nc3ccncn3)ccc12,0,KVOUXZJANUUUMB-UHFFFAOYSA-N,KVOUXZJANUUUMB,CUPID,CUPID,
CS(=O)(=O)NC(=O)C1=C(C=C(C(=C1)C2CC2)OCC3CCN(CC3)C(=O)C4=CC=CC=C4C(F)(F)F)F,1,UCYKQYFEIWSLGG-UHFFFAOYSA-N,UCYKQYFEIWSLGG,PubChem,118110471,6331
CC1=C(C=CC(=C1)C2=CC(=C(C=C2C#N)C3=NC=CC4=C3C=CC(=C4)S(=O)(=O)NC5=NOC=C5)OC)F,0,VOUCLBNXNQZWMX-UHFFFAOYSA-N,VOUCLBNXNQZWMX,PubChem,121333854,6331
O=S(=O)(Nc1ncns1)c1cc(F)c(OC2OCCNC2c2cccc3nccnc23)cc1F,0,HCMDTQWRWMJMOF-UHFFFAOYSA-N,HCMDTQWRWMJMOF,CUPID,CUPID,
CN([C@H]1CCN(C1)CC2=C(C=CC=C2Cl)F)C3=CC(=C(C=C3Cl)S(=O)(=O)NC4=CSC=N4)F,1,WLGFYDUWRLQYDJ-ZDUSSCGKSA-N,WLGFYDUWRLQYDJ,PubChem,132141960,6331
C1CC1C2=CC(=C(C=C2OCC3CCN(CC3)C(C4=CC=C(C=C4)F)C5=CC=C(C=C5)F)F)C(=O)NS(=O)(=O)C6CC6,1,DPKBSJIWLASXHR-UHFFFAOYSA-N,DPKBSJIWLASXHR,PubChem,118120342,6331
Cc1cncc(-c2cc(C(F)(F)F)ccc2-c2cccc3c2CCN(S(=O)(=O)Nc2ncns2)C3)c1,1,GPYGSEBKBAYKTK-UHFFFAOYSA-N,GPYGSEBKBAYKTK,data_nav_dev,71736255,71736255
C[C@H](C1=CC=CC=C1)N2CCC(CC2)OC3=C(C=C(C=C3)S(=O)(=O)NC4=CSC=N4)Cl,1,SUKSNLCXEAMKRG-MRXNPFEDSA-N,SUKSNLCXEAMKRG,PubChem,132141439,6331
NC1CCC(CCOc2cc(F)c(S(=O)(=O)Nc3ncns3)cc2Cl)(c2ccccc2)CC1,0,MTQBZRRUVZFECS-UHFFFAOYSA-N,MTQBZRRUVZFECS,CUPID,CUPID,
CN1CC=C(c2cc(C(F)(F)F)ccc2N2CCOc3cc(S(=O)(=O)Nc4nccs4)ccc32)CC1,1,VAWHXLPBDJNIOI-UHFFFAOYSA-N,VAWHXLPBDJNIOI,data_nav_dev,89761891,89761891
O=C(NS(=O)(=O)C1CC1)c1cc(Cl)c(OCCC2CCC3(CCN(Cc4ccccc4)CC3)C2)cc1F,0,JQZLSWRMJAINEG-UHFFFAOYSA-N,JQZLSWRMJAINEG,CUPID,CUPID,
O=S(=O)(Nc1cnccn1)N1CCc2c(cccc2-c2ccc(C(F)(F)F)cc2C2=CCNCC2)C1,1,ZWZMMLBRDDMXDG-UHFFFAOYSA-N,ZWZMMLBRDDMXDG,data_nav_dev,71737223,71737223
COC1=C(C=C(C(=C1)C2=CC(=CC=C2)C(F)(F)F)C#N)C3=NC=CC4=C3C=CC(=C4)S(=O)(=O)NC5=NOC=C5,0,QNLZXVNVBXFIOQ-UHFFFAOYSA-N,QNLZXVNVBXFIOQ,PubChem,117753901,6331
C1=CC=C(C=C1)CCCCN=C(N)NC(=O)C2=C(C=CC=C2Cl)Cl,1,JWJQGUNULCBYAL-UHFFFAOYSA-N,JWJQGUNULCBYAL,PubChem,22149360,11720863
CS(=O)(=O)NC(=O)C1=C(C=C(C(=C1)C2CC2)OCC3CCN(CC3)CC4=C(C=C(C=C4)Cl)Cl)F,1,AFMUVNRIPITERN-UHFFFAOYSA-N,AFMUVNRIPITERN,PubChem,118110576,6331
CC(C)COC1=C(C=C(C=N1)OC2=C(C=C(C(=C2)F)C(=O)NS(=O)(=O)N(C)C)Cl)Cl,1,FPPKSWZDWMUMIR-UHFFFAOYSA-N,FPPKSWZDWMUMIR,PubChem,72949435,6331
CC1=CC=CC=C1C2=CC(=C(C=C2C#N)C3=NC=CC4=C3C=CC(=C4)S(=O)(=O)NC5=NOC=C5)OC,0,YFDBQJDZOZFJNM-UHFFFAOYSA-N,YFDBQJDZOZFJNM,PubChem,121333905,6331
C[C@H](C1=C(C=CC(=C1)C(F)F)F)N2CCC(CC2)OC3=C(C=C(C=C3)S(=O)(=O)NC4=CSC=N4)Cl,1,WXVIUAYQALFTDT-CQSZACIVSA-N,WXVIUAYQALFTDT,PubChem,132141583,6331
CS(=O)(=O)NC(=O)C1=C(C=C(C(=C1)C2CC2)O[C@@H]3CCCN(C3)CC4=CC=CC5=C4CNC5)F,1,ZWFPVSCXMHPQDA-LJQANCHMSA-N,ZWFPVSCXMHPQDA,PubChem,118111054,6331
C1COC2=C([C@H]1C3=C(C=C(C=C3)C(F)(F)F)N4CCOCC4)C=CC(=C2)S(=O)(=O)NC5=NC(=CC=C5)F,1,XYPYULMUTWWOKW-GOSISDBHSA-N,XYPYULMUTWWOKW,PubChem,135193621,6331
