Smiles,Prediction Class,Actual_class,label,InChIKey,InChIKey_14,Source,Compound_ID,PMID
Cn1c(=O)cc(NC2CCN(Cc3ccc4c(c3)OCO4)CC2)c2cc(C(F)(F)F)ccc21,Blocker,Blocker,1,XVQNYWIRQXSTPH-UHFFFAOYSA-N,XVQNYWIRQXSTPH,data_herg_dev,,
CN1CCN(c2ccc3nc(-c4ccc(CN5CCC(c6nc(-c7ccccn7)n[nH]6)CC5)cc4)c(-c4ccccc4)nc3n2)CC1,Blocker,Blocker,1,FEGHNCJTPWNNJZ-UHFFFAOYSA-N,FEGHNCJTPWNNJZ,CUPID,44560678,18550373
CNC(=O)c1c(NC(=O)CCS(=O)(=O)c2ccccc2)sc2c1CCN(C(=O)OC)C2,Non-blocker,Non-blocker,0,MJWBSCASIIDWIN-UHFFFAOYSA-N,MJWBSCASIIDWIN,PubChem,18580102,
COC(=O)c1sc(NC(=O)COc2cccc3ccccc23)nc1C,Non-blocker,Blocker,1,YZKRHZKXBMHYCK-UHFFFAOYSA-N,YZKRHZKXBMHYCK,PubChem,1317019,
CC[C@@H](NC(=O)c1ccc(Cl)cc1)[C@H]1[C@@H]2C[C@H](n3cnc4cc(F)cnc43)C[C@@H]21,Blocker,Blocker,1,RWIAEKZOLXVTFR-KWXDATOUSA-N,RWIAEKZOLXVTFR,PubChem,153288852,34292726
FC(F)(F)c1ccccc1-c1cc(C(F)(F)F)c2c(c1)=N/C(=C1\CC3(CCCCC3)ON1)N=2,Non-blocker,Non-blocker,,GZINXHRSQAMEQY-ZZEZOPTASA-N,GZINXHRSQAMEQY,eval_set_herg_60.csv,,
O=C(COc1ccccc1)N1CCN=C1SCc1ccccc1,Non-blocker,Non-blocker,0,KFXISLMFCUAARK-UHFFFAOYSA-N,KFXISLMFCUAARK,PubChem,4127627,
Cc1ccc2c(c1N)C(=O)c1ccccc1C2=O,Blocker,Non-blocker,0,ZLCUIOWQYBYEBG-UHFFFAOYSA-N,ZLCUIOWQYBYEBG,data_herg_dev,CHEMBL1413787,
Cn1c(SCc2c(F)cccc2Cl)nc2ccccc2c1=O,Non-blocker,Non-blocker,0,VPFGHGHPLWGLRM-UHFFFAOYSA-N,VPFGHGHPLWGLRM,PubChem,2172316,
CCOc1cc(C(O)(CCN(C)C)C(c2cc3cc(C#N)ccc3nc2OC)c2cccc3c2OCCO3)cc(OCC)n1,Blocker,Blocker,1,HSMMCCLKJYRQBT-UHFFFAOYSA-N,HSMMCCLKJYRQBT,CUPID,CUPID,
COc1c(C(C)(C)C)cc(CN2CCC(CNCCCCCC(c3ccc(F)cc3)c3ccc(F)cc3)C2)cc1C(C)(C)C,Blocker,Blocker,1,WYNCUEJLIAVRPR-UHFFFAOYSA-N,WYNCUEJLIAVRPR,CUPID,CUPID,
CC(C)c1cc(C(=O)N2Cc3ccc(NC4CCNCC4)cc3C2)c(O)cc1O,Non-blocker,Non-blocker,0,ZSOPJQACGPRLBY-UHFFFAOYSA-N,ZSOPJQACGPRLBY,data_herg_dev,CHEMBL1214748,
Cn1cccc1C(=O)N/N=C/c1c(Cl)cccc1Cl,Non-blocker,Non-blocker,0,HWRBKCKGDSRBJT-LZYBPNLTSA-N,HWRBKCKGDSRBJT,PubChem,9583542,
N#Cc1ccc2cc1Oc1cccc(c1)C(c1cccc(Cl)c1)N1CCC(NCc3cncn3C2)C1=O,Blocker,Blocker,1,MVPXMHNFAQUXRM-UHFFFAOYSA-N,MVPXMHNFAQUXRM,PubChem,CUPID,
O=C(c1c[nH]c2ccc(S(=O)(=O)N3CCOCC3)cc2c1=O)N1CCN(c2ccccn2)CC1,Non-blocker,Non-blocker,0,UFPSCPPSMMIRQP-UHFFFAOYSA-N,UFPSCPPSMMIRQP,PubChem,3237301,
CN(C)Cc1ccc2c(c1)CCC(N(C)C(=O)c1ccc(-c3ccc(Cl)cc3)cn1)C2,Blocker,Blocker,1,JGTFYTXGSPCVDN-UHFFFAOYSA-N,JGTFYTXGSPCVDN,CUPID,CUPID,
CCCCCCCCCCCCCCCC[N+](C)(C)C.[Br-],Non-blocker,Non-blocker,0,LZZYPRNAOMGNLH-UHFFFAOYSA-M,LZZYPRNAOMGNLH,data_herg_dev,,5974
Cn1cc(Cn2cc(-c3ccc(F)c(C(C)(F)F)c3)cn2)cn1,Blocker,Blocker,,DDNUGAKPXYMUKR-UHFFFAOYSA-N,DDNUGAKPXYMUKR,eval_set_herg_70.csv,,
C[C@H](C(=O)O)c1ccc(C(=O)c2ccccc2)s1,Non-blocker,Blocker,,GUHPRPJDBZHYCJ-VIFPVBQESA-N,GUHPRPJDBZHYCJ,eval_set_herg_60.csv,,
Cc1cccc(C)c1OCC(=O)N[C@@H](Cc1ccccc1)[C@@H](O)C[C@H](Cc1ccccc1)NC(=O)[C@H](C(C)C)N1CCCNC1=O,Non-blocker,Blocker,1,KJHKTHWMRKYKJE-SUGCFTRWSA-N,KJHKTHWMRKYKJE,PubChem,92727,
CS(=O)(=O)c1cc(-c2ccccc2)cc(S(=O)(=O)c2cnc(CN)s2)c1,Non-blocker,Blocker,1,HQPYHGXLGJSYMM-UHFFFAOYSA-N,HQPYHGXLGJSYMM,PubChem,130345178,31430136
CC(=O)c1ccc(NC(=O)CN2CCC(NC(=O)C3CCCCC3)CC2)cc1,Non-blocker,Blocker,1,FFSYLZQGKTWBHF-UHFFFAOYSA-N,FFSYLZQGKTWBHF,PubChem,3220807,
Nc1cc(-c2ccncc2)c[nH]c1=O,Blocker,Non-blocker,,RNLQIBCLLYYYFJ-UHFFFAOYSA-N,RNLQIBCLLYYYFJ,eval_set_herg_60.csv,,
CC(C)NC(=O)CN1C(=O)c2ccccc2S1(=O)=O,Non-blocker,Non-blocker,0,APPHDNMUAAJFSP-UHFFFAOYSA-N,APPHDNMUAAJFSP,PubChem,736235,
O=C(O)CCCCCNC(=O)Nc1ccc2c(c1)OCCO2,Non-blocker,Non-blocker,0,ALLDSSCVVDYGHF-UHFFFAOYSA-N,ALLDSSCVVDYGHF,PubChem,4360734,
COc1ccc(C(=O)Nc2ccccc2N2CCOCC2)cc1S(=O)(=O)N1CCCC1,Non-blocker,Non-blocker,0,XZDJEFQSFLROHQ-UHFFFAOYSA-N,XZDJEFQSFLROHQ,PubChem,16249716,
COc1ccc(NC(=O)CS(=O)(=O)c2ccc(F)cc2)cc1,Non-blocker,Non-blocker,0,NXZAHAGLVKJQQO-UHFFFAOYSA-N,NXZAHAGLVKJQQO,PubChem,1486369,
COc1cc2[nH]c3cc(Oc4ccccc4OC(F)(F)F)ccc3c(=O)c2cc1Cl,Blocker,Blocker,1,LQDUEZKLCSMAPC-UHFFFAOYSA-N,LQDUEZKLCSMAPC,data_herg_dev,CHEMBL4646921,
CNCc1cn(S(=O)(=O)c2ccoc2)c(-c2cccnc2F)c1F,Blocker,Blocker,1,ITJOTPRGERCREI-UHFFFAOYSA-N,ITJOTPRGERCREI,data_herg_dev,CHEMBL4066750,
COc1ccc(-c2cccc(C(=O)Nc3ccccc3C)c2)cc1,Non-blocker,Non-blocker,0,SHZTXOSVECDWHU-UHFFFAOYSA-N,SHZTXOSVECDWHU,PubChem,890400,
C[C@H](NC(=O)c1cc(C(F)(F)F)nn1C)c1nc(-c2ccnc(C(F)(F)F)c2)no1,Blocker,Non-blocker,0,SFSLHKNGLMRBTO-ZETCQYMHSA-N,SFSLHKNGLMRBTO,data_herg_dev,CHEMBL4741793,
CC(C)(C)c1cc(-c2nnc(SCc3ccc(Cl)c(Cl)c3)s2)cc(C(C)(C)C)c1O,Non-blocker,Non-blocker,,UYWJSVWWLKLHND-UHFFFAOYSA-N,UYWJSVWWLKLHND,eval_set_herg_60.csv,,
COc1cccc(/C=C2\Sc3ccc(C(=O)NC[C@H]4CCCO4)cc3N(C)C2=O)c1,Non-blocker,Non-blocker,0,YQRDIEKCIIZKEC-UZQMFHLOSA-N,YQRDIEKCIIZKEC,PubChem,24789907,
CCOc1ccc(NC(=O)CSCC(=O)O)cc1,Non-blocker,Non-blocker,0,OKOLGSDYWWHGFR-UHFFFAOYSA-N,OKOLGSDYWWHGFR,PubChem,864359,
CN[C@@H](C)C(=O)N[C@@H]1C(=O)N(Cc2c(OC)ccc3ccccc23)c2ccc(C#N)cc2N(C(C)=O)[C@H]1C,Non-blocker,Non-blocker,0,HIFDPWOYCPYURM-VFUKXHBFSA-N,HIFDPWOYCPYURM,data_herg_dev,,
CCCCNC(=O)c1onc(CSc2ccc(C(C)C)cc2)c1C(=O)O,Non-blocker,Non-blocker,0,UDMKAMNKBRZQJI-UHFFFAOYSA-N,UDMKAMNKBRZQJI,PubChem,11958514,
CC(C)Cc1ccc([C@H](C)C(=O)O)cc1,Non-blocker,Blocker,,HEFNNWSXXWATRW-JTQLQIEISA-N,HEFNNWSXXWATRW,eval_set_herg_60.csv,,
CC(C)(N)c1ncc(-c2ccccc2)[nH]1,Non-blocker,Non-blocker,,PCWRXBYSADPRLU-UHFFFAOYSA-N,PCWRXBYSADPRLU,eval_set_herg_70.csv,,
C=CCn1c(S[C@H](C)C(=O)NCc2ccc3c(c2)OCO3)nc2scc(-c3ccccc3)c2c1=O,Non-blocker,Non-blocker,0,SQHZDLDRIMPJDR-MRXNPFEDSA-N,SQHZDLDRIMPJDR,PubChem,4553929,
Cc1ccc(C(=O)NCc2ccco2)cc1Br,Non-blocker,Non-blocker,0,GIVCCVDSSLCUQW-UHFFFAOYSA-N,GIVCCVDSSLCUQW,PubChem,935017,
N#Cc1cccc(CN(c2cccc3[nH]ccc23)C2CCNCC2)c1,Blocker,Blocker,,DDKSIYXBCQRCLZ-UHFFFAOYSA-N,DDKSIYXBCQRCLZ,eval_set_herg_70.csv,,
COc1c(Nc2ncc(Cl)c(N[C@H]3[C@@H](C(N)=O)[C@@H]4C=C[C@H]3C4)n2)ccc2c1CC[C@@H](N1CCOCC1)CC2,Blocker,Blocker,1,LAJAFFLJAJMYLK-CVOKMOJFSA-N,LAJAFFLJAJMYLK,data_herg_dev,CHEMBL2064666,
CC[C@@H](C)c1ccc(NC(=O)CC(C)=O)cc1,Non-blocker,Non-blocker,0,MENBMIDWRMRXHX-SNVBAGLBSA-N,MENBMIDWRMRXHX,PubChem,2936669,
Cn1c(C2CC2)nc2ccc(-n3ccc(OCc4ccc(Cl)s4)cc3=O)cc21,Blocker,Blocker,1,RPFBZAHRSRZYGF-UHFFFAOYSA-N,RPFBZAHRSRZYGF,data_herg_dev,CHEMBL3792516,
CC(=O)NCCc1ccccc1-c1ccc(C(CN)Cc2ccc(OCCOc3c(Cl)cc(C)cc3Cl)cc2)c(C)c1,Blocker,Blocker,1,QDWSBBOTCRPBCJ-UHFFFAOYSA-N,QDWSBBOTCRPBCJ,CUPID,CUPID,
O=C1c2ccccc2C(=O)N1C/C=C/CN1C(=O)c2ccccc2C1=O,Blocker,Non-blocker,0,QPWMZOCQKSFBNO-AATRIKPKSA-N,QPWMZOCQKSFBNO,PubChem,1551584,
CN1C(=O)c2[nH]c3ccccc3c2CN2CC[C@H]1C2.O=S(=O)(O)O,Blocker,Blocker,1,VECICYCXBVSBDD-PPHPATTJSA-N,VECICYCXBVSBDD,data_herg_dev,CHEMBL4444703,
O=C(O)c1ccccc1-c1ccc(CN2CCC(COC(=O)c3c4n(c5ccccc35)CCCO4)CC2)cc1,Non-blocker,Non-blocker,0,MSRUMHDSLFSWRT-UHFFFAOYSA-N,MSRUMHDSLFSWRT,data_herg_dev,,
CCCCc1ccc(NC(=S)N2CCN(C(=O)c3ccco3)CC2)cc1,Blocker,Non-blocker,0,DTMISLBSBVGBLZ-UHFFFAOYSA-N,DTMISLBSBVGBLZ,PubChem,2192934,
Nc1ccc(-c2ccsc2)cc1N,Non-blocker,Blocker,1,OZEWMDJTNVDPJN-UHFFFAOYSA-N,OZEWMDJTNVDPJN,PubChem,13007806,19138845
COCc1cc(CN(C)C(=O)c2oc3c(F)cccc3c2C)[nH]n1,Blocker,Non-blocker,0,GGRIKSORTXKOCP-UHFFFAOYSA-N,GGRIKSORTXKOCP,PubChem,24818861,
CCN(CCO)CCCOc1ccc2c(Nc3cc(CC(=O)Nc4cccc(F)c4)[nH]n3)ncnc2c1,Non-blocker,Non-blocker,0,QYZOGCMHVIGURT-UHFFFAOYSA-N,QYZOGCMHVIGURT,data_herg_dev,CHEMBL215152,
COCCN1CCCC(Cn2c(-c3ccccc3C)nc3cc(-c4ccc(Cl)cc4)sc3c2=O)C1,Blocker,Blocker,1,AHVNWELDVAWIPM-UHFFFAOYSA-N,AHVNWELDVAWIPM,CUPID,CUPID,
C=CC(=O)N1C[C@@H]2C[C@H]1CN2c1ccc(C(N)=O)c(Oc2ccc(Oc3ccccc3)cc2)n1,Blocker,Blocker,1,FVEYIFISRORTDD-ROUUACIJSA-N,FVEYIFISRORTDD,PubChem,122513214,30122225
Cn1cc(S(=O)(=O)N2CCOCC2)cc1C(=O)O,Non-blocker,Non-blocker,0,LNPJLJXTMBERAA-UHFFFAOYSA-N,LNPJLJXTMBERAA,PubChem,8899740,
CC(=O)c1sc(NC(=O)C=C(C)C)nc1C,Non-blocker,Non-blocker,0,CETPNMCFHWLATP-UHFFFAOYSA-N,CETPNMCFHWLATP,PubChem,733793,
CN(C(=O)Cn1cccc1C1=N[C@H](c2ccccc2)CO1)c1ccccc1,Blocker,Non-blocker,0,MUFANOZNTRPWEK-IBGZPJMESA-N,MUFANOZNTRPWEK,PubChem,6619248,
CCCNC(=O)[C@@H](Cc1ccc(I)cc1)NC(=O)C1CC1,Non-blocker,Non-blocker,0,BBGYOXQNWVBIRA-CQSZACIVSA-N,BBGYOXQNWVBIRA,PubChem,44142902,
COc1cccc(Nc2nc(N)c3ccccc3n2)c1.Cl,Blocker,Blocker,1,XHHRMHSZKAKSDV-UHFFFAOYSA-N,XHHRMHSZKAKSDV,data_herg_dev,CHEMBL529385,
O=C(CC1CCN(Cc2ccn(-c3ccc(C(F)(F)F)cc3)c2)CC1)N1CCN(C(=O)N2CCCC2)CC1,Non-blocker,Non-blocker,0,XPBAUQRKCOGQBD-UHFFFAOYSA-N,XPBAUQRKCOGQBD,data_herg_dev,CHEMBL562905,
CN(C)CC(C)(c1ccc2ccccc2c1)C(O)c1ccccc1,Blocker,Blocker,,WVMRNJPSSWNSQF-UHFFFAOYSA-N,WVMRNJPSSWNSQF,eval_set_herg_60.csv,,
O=C(/C=C/c1ccccc1Cl)c1ccccc(=O)c1O,Blocker,Blocker,1,SQKUATVLPMTXAZ-MDZDMXLPSA-N,SQKUATVLPMTXAZ,PubChem,8219205,
N[C@H]1CN(C(=O)c2cc3ccccc3s2)C[C@H]1C(=O)N1CCCC1,Non-blocker,Non-blocker,,BKWROXBEEWYTNI-KGLIPLIRSA-N,BKWROXBEEWYTNI,eval_set_herg_70.csv,,
O=c1onc2n1-c1cc(Br)ccc1OC2,Non-blocker,Blocker,1,MUDRLQRJCGJJTB-UHFFFAOYSA-N,MUDRLQRJCGJJTB,data_herg_dev,CHEMBL507122,
CC(=O)c1cccc(NC(=S)NCc2ccccc2)c1,Non-blocker,Non-blocker,0,XAPBCZWFZMYGDB-UHFFFAOYSA-N,XAPBCZWFZMYGDB,PubChem,839523,
[H]/N=C(/N)SCCC1(CC)C(=O)NC(=O)NC1=O,Non-blocker,Blocker,1,YFJVJSRNDAPRCF-UHFFFAOYSA-N,YFJVJSRNDAPRCF,PubChem,254020,
Cc1cc(C)cc(OCC(=O)OCc2nnc(-c3ccccc3)o2)c1,Non-blocker,Non-blocker,0,YTVBZLGELODORH-UHFFFAOYSA-N,YTVBZLGELODORH,PubChem,2108229,
CCCCCCC[N+](CC)CCCC(O)c1ccc(NS(C)(=O)=O)cc1,Blocker,Blocker,,YYHFXBYUPBRKGA-UHFFFAOYSA-N,YYHFXBYUPBRKGA,eval_set_herg_70.csv,,
FC(F)(F)c1ccc(-c2cnc([C@H]3Cc4c([nH]c5ccccc45)[C@@H](C4CCOCC4)N3)[nH]2)cc1,Blocker,Blocker,1,PXBQRFJOOPDOGZ-FYYLOGMGSA-N,PXBQRFJOOPDOGZ,PubChem,127030226,26898814
CC(C)N1CCC2(CC1)N[C@@H](C(=O)O)Cc1c2[nH]c2ccccc12,Non-blocker,Non-blocker,0,CWTAWOWBRXFHAJ-MRXNPFEDSA-N,CWTAWOWBRXFHAJ,PubChem,4587425,
O=c1[nH]c2ccccc2cc1-c1cc2cc(OCCN3CCCCC3)ccc2[nH]1,Blocker,Blocker,1,IFNGRZXJQFDVBD-UHFFFAOYSA-N,IFNGRZXJQFDVBD,PubChem,5329375,14698157
O=C(CCCNS(=O)(=O)c1cccs1)N1CCN(c2ccc(F)cc2)CC1,Non-blocker,Non-blocker,0,HWPVFJGEFJJFSR-UHFFFAOYSA-N,HWPVFJGEFJJFSR,PubChem,3238484,
CCOc1ccc(-c2cccc(NS(=O)(=O)c3ccc([N+](=O)[O-])cc3)c2)nn1,Non-blocker,Non-blocker,0,SLHZBNBPEKCGKJ-UHFFFAOYSA-N,SLHZBNBPEKCGKJ,PubChem,7161303,
O=C1CSc2ccc(CNC34CCC(C[C@]5(O)Cn6c(=O)ccc7ncc(F)c5c76)(CC3)OC4)nc2N1,Non-blocker,Non-blocker,0,QGRGRROYOJRBER-WNMGUVTHSA-N,QGRGRROYOJRBER,data_herg_dev,CHEMBL3425798,
O=C(NCc1ccccc1C(F)(F)F)[C@@]12CN(Cc3ccccc3)C[C@@H]1C(c1ccc([N+](=O)[O-])cc1)=NO2,Non-blocker,Non-blocker,0,SZCXUFFUGMPRJU-ZEQKJWHPSA-N,SZCXUFFUGMPRJU,PubChem,11958506,
C[C@@H](c1cncs1)c1c(CCN(C)C)sc2ccccc12,Blocker,Blocker,,KEDAYBZXXNOGOP-LBPRGKRZSA-N,KEDAYBZXXNOGOP,eval_set_herg_70.csv,,
c1ccc(-c2ccccc2CC(c2cccnc2)c2cccnc2)cc1,Non-blocker,Blocker,1,TYYSIBSRZTXCNR-UHFFFAOYSA-N,TYYSIBSRZTXCNR,PubChem,67264691,28131713
O=C(COC(=O)COc1ccc2ccccc2c1)Nc1cc(C(F)(F)F)ccc1N1CCOCC1,Non-blocker,Non-blocker,0,JSSMCSLJEXIZPT-UHFFFAOYSA-N,JSSMCSLJEXIZPT,PubChem,2364707,
C=CC1CN2CCC1C[C@H]2[C@@](C)(O)c1ccnc2ccc(OC)cc12,Non-blocker,Blocker,,DNZPRATYNIWQSM-FYPKQTSISA-N,DNZPRATYNIWQSM,eval_set_herg_70.csv,,
N#Cc1ccc(S(=O)(=O)NCCN2CC3CN(CCCOc4c(F)cc(C#N)cc4F)CC(C2)O3)cc1,Non-blocker,Non-blocker,0,DSRHIOLRVWZQBY-UHFFFAOYSA-N,DSRHIOLRVWZQBY,data_herg_dev,CHEMBL3936218,
C=CCCC(=O)/C=C/C1C(C)=CCCC1(C)C,Non-blocker,Non-blocker,,FXCYGAGBPZQRJE-ZHACJKMWSA-N,FXCYGAGBPZQRJE,eval_set_herg_70.csv,,
O=S(=O)(c1ccc2c(c1)CCNCC2)N1CCC(Cc2ccccc2Cl)C1,Blocker,Blocker,,CRKULVZQVREUJN-UHFFFAOYSA-N,CRKULVZQVREUJN,eval_set_herg_70.csv,,
CCCOc1cc([C@](O)(CCN(C)C)[C@H](c2cccc(C)c2)c2cc3cc(Br)ccc3nc2OC)cc(OC)n1,Blocker,Blocker,1,QMRYMJHDLXNBRO-XLJNKUFUSA-N,QMRYMJHDLXNBRO,data_herg_dev,CHEMBL4643771,
O=C(O)c1ccc2c(c1)nnn2C1CCCCC1,Non-blocker,Non-blocker,0,GLIAIPXYMCWRTG-UHFFFAOYSA-N,GLIAIPXYMCWRTG,PubChem,653819,
Fc1ccc([C@H](c2nnnn2CCc2ccccc2)N2CCCc3ccccc32)cc1,Non-blocker,Non-blocker,0,PHLXQWKNUVFUHP-XMMPIXPASA-N,PHLXQWKNUVFUHP,PubChem,3213453,
CC(=O)N[C@@H]1C[C@H](NC(C)(C)C)CC[C@@H]1N1CC[C@H](Nc2ncnc3ccc(C(F)(F)F)cc23)C1=O,Non-blocker,Non-blocker,0,QAPTWHXHEYAIKG-RCOXNQKVSA-N,QAPTWHXHEYAIKG,data_herg_dev,CHEMBL4781426,
Clc1ccc2nsnc2c1NC1=NCCN1,Blocker,Non-blocker,,XFYDIVBRZNQMJC-UHFFFAOYSA-N,XFYDIVBRZNQMJC,eval_set_herg_60.csv,,
Cc1ncc(-c2nc(Nc3ccc(C(=O)N4CCCN(C)CC4)cc3)ncc2F)n1C(C)C,Non-blocker,Non-blocker,,ZJJZCHNTRMUXMT-UHFFFAOYSA-N,ZJJZCHNTRMUXMT,eval_set_herg_70.csv,,
Cc1cncc(CC2=C(CCN(C)C)Cc3ccccc32)n1,Blocker,Blocker,1,IVVSQFRLZUQKBC-UHFFFAOYSA-N,IVVSQFRLZUQKBC,data_herg_dev,CHEMBL1088882,
CC(CCc1ccc(O)cc1)NCCc1ccc(O)c(O)c1.Cl,Blocker,Blocker,1,BQKADKWNRWCIJL-UHFFFAOYSA-N,BQKADKWNRWCIJL,data_herg_dev,CHEMBL1200418,
Nc1ccc(C(=O)OCCCOC(=O)c2ccc(N)cc2)cc1,Non-blocker,Non-blocker,,YPACMOORZSDQDQ-UHFFFAOYSA-N,YPACMOORZSDQDQ,eval_set_herg_70.csv,,
Cc1ccc(F)c(-c2cc(Nc3ccnc4cnn(C[C@@H](C)O)c34)c(C)cn2)c1,Blocker,Blocker,1,LDZDGXRDBZXTCD-OAHLLOKOSA-N,LDZDGXRDBZXTCD,data_herg_dev,CHEMBL4066402,
Cc1ccc(-c2c(C)c(CN[C@H]3CC[C@@H](F)C3)nn2-c2ncccc2Cl)cn1,Non-blocker,Non-blocker,0,BUSSQQRPMMHCBN-SJORKVTESA-N,BUSSQQRPMMHCBN,data_herg_dev,CHEMBL468308,
CC(C)N1CCC[C@H](Cn2c(CN(C)[C@H]3CCCc4cccnc43)nc3ccccc32)C1,Non-blocker,Blocker,1,QSKQVYGGIODIIN-OFVILXPXSA-N,QSKQVYGGIODIIN,PubChem,15959068,20207537
C[C@]1(CS(=O)(=O)N2CCC(Oc3ccc(OC(F)(F)C(F)F)cc3)CC2)NC(=O)NC1=O,Non-blocker,Non-blocker,0,SBVAXUGOISPYPX-QGZVFWFLSA-N,SBVAXUGOISPYPX,data_herg_dev,CHEMBL2409707,
CC(=O)C1=NN2c3cc(F)ccc3OC[C@H]2[C@@]1(CCCN1CCNCC1)c1ccccc1,Blocker,Blocker,1,MBPICXUBVCOQJO-UKILVPOCSA-N,MBPICXUBVCOQJO,PubChem,11517739,17804233
Cc1cc2c(cc1F)[nH]c(=O)n2C1CCN(C2CCOCC2)CC1,Blocker,Non-blocker,0,XGJTUORNDQJFHC-UHFFFAOYSA-N,XGJTUORNDQJFHC,data_herg_dev,CHEMBL1223753,
C#CCN(C[C@H]1[C@H](OC(=O)NC2CCCC2)[C@H](OC(=O)NC2CCCC2)C[C@@H](C(=O)OC)[C@H]1C(=O)OC)S(=O)(=O)c1ccc(C)cc1,Blocker,Non-blocker,0,VYLDWNSIQQWPJI-JPHCZMGXSA-N,VYLDWNSIQQWPJI,PubChem,46904315,
CCOc1ccc(CCNC(=O)c2cc([N+](=O)[O-])ccc2N2CCOCC2)cc1OCC,Non-blocker,Non-blocker,0,YKEXKMBRCRRYAL-UHFFFAOYSA-N,YKEXKMBRCRRYAL,PubChem,2945950,
COc1nnc(-c2ccc(N3CCCCC3)c(NC(C)=O)c2)c2ccccc12,Non-blocker,Non-blocker,0,LQULJHQENOUPKY-UHFFFAOYSA-N,LQULJHQENOUPKY,PubChem,3155247,
NC[C@H](O)c1ccc(O)c(O)c1.O=C(O)C(O)C(O)C(=O)O.O=C(O)C(O)C(O)C(=O)O,Non-blocker,Non-blocker,0,ACFZEFCGESJKJH-JZGIKJSDSA-N,ACFZEFCGESJKJH,data_herg_dev,,12305037
CCOC(=O)[C@H]1CC[C@@H](N2CC(NC(=O)CNc3nn(S(C)(=O)=O)c4ccc(C(F)(F)F)cc34)C2)CC1,Non-blocker,Non-blocker,0,OKJTXDQDWLLOMB-KDYLLFBJSA-N,OKJTXDQDWLLOMB,data_herg_dev,CHEMBL1834782,
CC(C)Oc1cc2ncc(C(N)=O)c(Nc3ccc(F)cc3F)c2cc1N1CCN(C)CC1,Non-blocker,Non-blocker,0,PYSOYVQMDHQLGQ-UHFFFAOYSA-N,PYSOYVQMDHQLGQ,data_herg_dev,,
CCCCc1cc(OC2CCN(CCCCNS(C)(=O)=O)CC2)c2ncccc2c1,Blocker,Blocker,1,WCNMMPUKVKKLKP-UHFFFAOYSA-N,WCNMMPUKVKKLKP,CUPID,137661121,28958623
CCCCC(CC)CN1C(=O)C2C3C=CC(C3)C2C1=O,Blocker,Non-blocker,0,WLLGXSLBOPFWQV-UHFFFAOYSA-N,WLLGXSLBOPFWQV,data_herg_dev,,8227
O=c1cc(Cn2c(C3CCC3)nc3nccnc32)c2ccc(F)c(F)c2[nH]1,Non-blocker,Non-blocker,0,ISGGXCWQSOCOCW-UHFFFAOYSA-N,ISGGXCWQSOCOCW,data_herg_dev,CHEMBL1801504,
CC[C@@H]1CN(C(=O)NCc2cccc(OC)c2)c2cc(Cl)ccc2O1,Non-blocker,Non-blocker,0,WFSJWOZHEWHPAL-OAHLLOKOSA-N,WFSJWOZHEWHPAL,PubChem,16018023,
CS(=O)(=O)N1CCC(CN(C(=O)Nc2cccc(F)c2)[C@@H]2CC[C@]3(c4cccc(C#N)c4)CC3C2)CC1,Blocker,Blocker,1,QMNSATAKKLFUPO-RLWFRMLUSA-N,QMNSATAKKLFUPO,data_herg_dev,CHEMBL389058,
CSc1ncc(Cl)c(C(=O)Nc2cccc(C)c2)n1,Non-blocker,Non-blocker,0,SWISVVFGINVCBP-UHFFFAOYSA-N,SWISVVFGINVCBP,PubChem,1258492,
CCOC(=O)COc1ccc([N+](=O)[O-])cc1,Non-blocker,Non-blocker,0,DYHFNINPHJQASC-UHFFFAOYSA-N,DYHFNINPHJQASC,PubChem,308938,
Cc1ccc(NS(=O)(=O)c2cc(C(=O)NCc3nc(C)no3)ccc2C)cc1,Non-blocker,Non-blocker,0,DYGYLMFNOXGTLP-UHFFFAOYSA-N,DYGYLMFNOXGTLP,data_herg_dev,CHEMBL4162926,
Cc1nc2ccc(N)cc2s1,Non-blocker,Non-blocker,0,HFUJOSYKJMNSFQ-UHFFFAOYSA-N,HFUJOSYKJMNSFQ,PubChem,762831,
O=C(NCCCN1CCOCC1)Nc1ccc(S(=O)(=O)Nc2ccccc2C(=O)c2ccccc2)cc1,Non-blocker,Blocker,1,VATSPSJJUGTJHM-UHFFFAOYSA-N,VATSPSJJUGTJHM,data_herg_dev,,
COC(=O)C1CCN(c2nc3ccccc3nc2[C@H](C#N)C(=O)OCC(C)C)CC1,Non-blocker,Non-blocker,0,BQGSBXGPNMECGV-INIZCTEOSA-N,BQGSBXGPNMECGV,PubChem,662088,
CNCc1cc(C(=O)N(C)C)ccc1Oc1ccc(Cl)cc1C,Blocker,Blocker,1,PCZHCTVLCPQAAL-UHFFFAOYSA-N,PCZHCTVLCPQAAL,PubChem,44455620,18240382
C[C@@H](NC(=O)c1ccc(F)cc1)c1ccc2c(n1)CCCN2C(=O)OC1CC1,Non-blocker,Non-blocker,0,ZVKVWIFOWYIPEN-CYBMUJFWSA-N,ZVKVWIFOWYIPEN,data_herg_dev,CHEMBL4749009,
COc1ccc(Cl)cc1C(=O)NNC(=O)COC(=O)C[C@@H](NC(C)=O)c1ccccc1,Non-blocker,Non-blocker,0,GNYGNFGWSPLACP-QGZVFWFLSA-N,GNYGNFGWSPLACP,PubChem,24687188,
COc1ccc(C(O)c2cc(-c3ncnc4cc(N5CCOCC5)sc34)c(F)cc2Cl)nn1,Non-blocker,Non-blocker,0,PIPPQGLJMKVPBT-UHFFFAOYSA-N,PIPPQGLJMKVPBT,data_herg_dev,,
COc1ccccc1OCc1nc(-c2ccc([N+](=O)[O-])cc2)no1,Non-blocker,Non-blocker,0,YWVWXHLYVSCGTD-UHFFFAOYSA-N,YWVWXHLYVSCGTD,PubChem,753471,
CCc1c[nH]nc1Cn1cc(-c2ccc(F)c(C(F)F)c2)cn1,Blocker,Blocker,1,TVHCUYDPYVKDHI-UHFFFAOYSA-N,TVHCUYDPYVKDHI,data_herg_dev,,
CCn1c(SCc2nc3ccccc3c(=O)[nH]2)nnc1-c1cccnc1,Non-blocker,Non-blocker,0,BYMPWOGBTBXBHO-UHFFFAOYSA-N,BYMPWOGBTBXBHO,PubChem,135448817,
C[N+]1(C)C2CCC1CC(OC(=O)c1c[nH]c3ccccc13)C2,Non-blocker,Non-blocker,0,KVDHVTQKKLVMJD-UHFFFAOYSA-O,KVDHVTQKKLVMJD,data_herg_dev,,
Cc1ccc(S(=O)(=O)N2[C@@H](c3ccc4c(c3)OCO4)C(C(=O)O)=C[C@H]2CC2CCCC2)cc1,Non-blocker,Non-blocker,0,BBTUOMOLUVKNSD-DVECYGJZSA-N,BBTUOMOLUVKNSD,PubChem,44263580,
CN(C)C[C@H](O)c1ccc(C=Cc2ccc(Cl)cc2)cc1,Blocker,Blocker,1,KBGPTRHFMZERIT-SFHVURJKSA-N,KBGPTRHFMZERIT,PubChem,230761,
COc1ccc(NC(=O)c2cccs2)c([N+](=O)[O-])c1,Non-blocker,Non-blocker,0,GYJDWRGHZAYMSR-UHFFFAOYSA-N,GYJDWRGHZAYMSR,PubChem,574268,
COc1nccnc1C(C(N)=O)c1ccc(F)c(-c2ncnc3cc(N4CCOCC4)ccc23)c1,Non-blocker,Non-blocker,0,WTJREBFFELNABQ-UHFFFAOYSA-N,WTJREBFFELNABQ,data_herg_dev,,
O=C(Nc1ccc([C@H]2CNCCO2)cc1)c1ccn(-c2ccccc2)n1,Blocker,Non-blocker,,HGERVBWCKKJBMC-LJQANCHMSA-N,HGERVBWCKKJBMC,eval_set_herg_70.csv,,
Cc1cc(C)cc(OCc2cncc(-c3cc(C)cc(C)c3)c2N2CCC(N)CC2)c1,Blocker,Blocker,1,ZDQHFPUNJBKNAA-UHFFFAOYSA-N,ZDQHFPUNJBKNAA,PubChem,90070225,34626901
CCOC(=O)c1sc(/N=C/c2ccc(O)cc2O)cc1C,Non-blocker,Non-blocker,0,GSXYVHWRDWQGOJ-LZYBPNLTSA-N,GSXYVHWRDWQGOJ,PubChem,135521632,
COc1cc(C(=O)Nc2ccc(-c3nc4ccccc4[nH]3)cc2)cc(OC)c1OC,Non-blocker,Non-blocker,0,AIDJWZIOMBFHID-UHFFFAOYSA-N,AIDJWZIOMBFHID,data_herg_dev,CHEMBL527234,
CC1CNCCN1S(=O)(=O)c1cccc2cnccc12.Cl.Cl,Non-blocker,Blocker,1,OARGPFMFRLLKPF-UHFFFAOYSA-N,OARGPFMFRLLKPF,data_herg_dev,CHEMBL540848,
C[C@@H](c1ccc(-c2ccc(F)cc2)cc1)[C@H](N)C(=O)N1CC[C@H](F)C1.O=C(O)C(F)(F)F,Blocker,Blocker,1,OIZVBIOZOWQPPG-KHMBKLQOSA-N,OIZVBIOZOWQPPG,data_herg_dev,,49796972
Cc1ccc(S(=O)(=O)N2CCC[C@@H]2c2cccnc2)cc1,Non-blocker,Non-blocker,0,JZWZRZYTVFZHIA-MRXNPFEDSA-N,JZWZRZYTVFZHIA,PubChem,2738278,
N#Cc1cncc(NC(=O)COc2ccc(C(=O)c3cc(Cl)ccc3Br)cc2)c1,Blocker,Blocker,1,IFQYXWBDNUWYJN-UHFFFAOYSA-N,IFQYXWBDNUWYJN,PubChem,162665277,33261899
CCOC(=O)c1c(C)[nH]c(C)c1S(=O)(=O)NCc1ccccc1OCC,Non-blocker,Non-blocker,0,RVGMVTUTNLYDKN-UHFFFAOYSA-N,RVGMVTUTNLYDKN,PubChem,20938492,
Nc1ccc(-c2ccn[nH]2)cc1NC(=O)c1ccc(N2CCC3(CCNC3)CC2)nc1,Non-blocker,Blocker,1,QTGKKPFIZBGFGS-UHFFFAOYSA-N,QTGKKPFIZBGFGS,data_herg_dev,,44589912
CN1C(=O)c2ccccc2Sc2ccc(NC(=O)N3CCOCC3)cc21,Non-blocker,Non-blocker,0,PJLGTVZHUPKIKC-UHFFFAOYSA-N,PJLGTVZHUPKIKC,PubChem,4050102,
COc1ccc(O)c(CN2C[C@H]3CC[C@H](CC3)C2)c1,Non-blocker,Non-blocker,0,VAMWGLGPDWSEBU-BETUJISGSA-N,VAMWGLGPDWSEBU,PubChem,262148,
CCCCCCCCCCn1cc[n+](C)c1.F[B-](F)(F)F,Blocker,Blocker,1,QGUMDWFYJYXDTH-UHFFFAOYSA-N,QGUMDWFYJYXDTH,data_herg_dev,,11461044
Cc1ccc2nnc(Cl)n2n1,Non-blocker,Non-blocker,0,NLSOOCAKGQUMNE-UHFFFAOYSA-N,NLSOOCAKGQUMNE,PubChem,657805,
C=CCN(C(=O)c1csnn1)[C@@H](C(=O)NCc1ccc(F)cc1)c1ccc(F)cc1,Non-blocker,Non-blocker,0,JYMTYVULBABVII-LJQANCHMSA-N,JYMTYVULBABVII,PubChem,3222502,
Cc1cccn2c(=O)c3cc(C(=O)N4CCN(C(=O)c5ccco5)CC4)n(C)c3nc12,Non-blocker,Non-blocker,0,UJBRRGUQDYTTLV-UHFFFAOYSA-N,UJBRRGUQDYTTLV,PubChem,3244378,
COc1cc(C(O)(CCn2ccnc2)C(c2cc3cc(Br)ccc3nc2OC)c2ccnc(OC)c2OC)cc(OC)n1,Non-blocker,Blocker,1,IKSKNYJMDKYTOW-UHFFFAOYSA-N,IKSKNYJMDKYTOW,CUPID,CUPID,
O=C(Nc1cccc(C(F)(F)F)c1)Nc1ccc(Br)cc1-c1nn[nH]n1,Non-blocker,Blocker,1,JXPULDIATMTIIN-UHFFFAOYSA-N,JXPULDIATMTIIN,PubChem,9954236,16825484
O=C(N[C@@H]1C[C@H]2CCN(C2)C1)c1cc2ccoc2cn1,Non-blocker,Non-blocker,0,PTGWFYYEAUFEAS-ZYHUDNBSSA-N,PTGWFYYEAUFEAS,data_herg_dev,CHEMBL403858,
Cc1nc(CSc2nsc(C)c2C#N)cs1,Non-blocker,Non-blocker,0,CQMDYUHWQPQXFN-UHFFFAOYSA-N,CQMDYUHWQPQXFN,PubChem,3599723,
COc1ccc(CC(=O)NC2CCN(Cc3nnnn3C(C)(C)C)CC2)cc1OC,Non-blocker,Non-blocker,0,CGJJZPKRBJGHMN-UHFFFAOYSA-N,CGJJZPKRBJGHMN,PubChem,652756,
COc1cccc(-c2ccc(C#Cc3cccc(C#Cc4ccc(-c5cccc(OC)c5)cc4)[n+]3C)cc2)c1.O=S(=O)([O-])C(F)(F)F,Blocker,Blocker,1,RGZYVLDMDABDBK-UHFFFAOYSA-M,RGZYVLDMDABDBK,data_herg_dev,CHEMBL3590496,
COc1ccc2c(c1)C(=O)N(c1nc(C(=O)Nc3cnccc3N3CCNCC3)cs1)C2,Non-blocker,Blocker,1,KLJVDMAOKMSBQX-UHFFFAOYSA-N,KLJVDMAOKMSBQX,data_herg_dev,CHEMBL2381116,
Nc1n[nH]c(N2CCC(N3Cc4cc(Cl)cc(Cl)c4OCC3Cc3ccc(Cl)cc3)CC2)n1,Blocker,Blocker,1,WPZQNFSRLMGQET-UHFFFAOYSA-N,WPZQNFSRLMGQET,PubChem,CUPID,
CC(C)Oc1ccc(-c2nc(-c3cccc4c3OCCN(C(CO)CO)C4)no2)cc1C#N,Non-blocker,Blocker,1,KNSNIMFBLSWAKH-UHFFFAOYSA-N,KNSNIMFBLSWAKH,CUPID,54756906,21838322
C/C(=N\Nc1ccccc1)c1cccs1,Non-blocker,Non-blocker,0,QWAZWODLXPIHLO-JLHYYAGUSA-N,QWAZWODLXPIHLO,PubChem,5863488,
C[C@@H](C(=O)N[C@]1(c2ccccc2)CC[C@@H](N(C)C)CC1)c1cc(C(F)(F)F)cc(C(F)(F)F)c1,Blocker,Blocker,1,MREQKXYHVPWIQW-FQQGMQMYSA-N,MREQKXYHVPWIQW,PubChem,44294481,12067555
O=C1C[C@@H](C(=O)Nc2cccc3ccccc23)C2(CCCC2)O1,Non-blocker,Blocker,1,FCXIZEWJCLHSPV-HNNXBMFYSA-N,FCXIZEWJCLHSPV,PubChem,3157300,
CC(C)[C@@H](CN1CC[C@@](C)(c2cccc(O)c2)[C@@H](C)C1)NC(=O)[C@H]1Cc2ccc(O)cc2CN1,Blocker,Blocker,1,ZLVXBBHTMQJRSX-VMGNSXQWSA-N,ZLVXBBHTMQJRSX,PubChem,9956146,26342544
COc1cccc(CCc2ccccc2OCC(CN(C)C)OC(=O)CCC(=O)O)c1.Cl,Blocker,Non-blocker,0,POQBIDFFYCYHOB-UHFFFAOYSA-N,POQBIDFFYCYHOB,data_herg_dev,,444005
CCN(CC)C(=O)N1CCSc2ccccc2C1,Non-blocker,Blocker,1,DQVZNNDKHUQOSX-UHFFFAOYSA-N,DQVZNNDKHUQOSX,data_herg_dev,CHEMBL3915771,
COc1cccc(-c2c[nH]c(C3Cc4c([nH]c5ccccc45)C(C4CCOCC4)N3)n2)n1,Blocker,Blocker,1,XKECADRQWWLRNM-UHFFFAOYSA-N,XKECADRQWWLRNM,CUPID,CUPID,
CCc1ccc(S(=O)(=O)N[C@@H]2c3cc(NC(=O)[C@H]4CCCN4Cc4cccc(Cl)c4)ccc3CC[C@H]2O)cc1,Blocker,Blocker,1,BFJDEOSAKWNDTO-MPFGFTFXSA-N,BFJDEOSAKWNDTO,data_herg_dev,CHEMBL524191,
NC(=O)c1cnc(-c2cnc3c(Nc4ccc(C(F)(F)F)cn4)ccnc3n2)c(C(F)(F)F)c1,Blocker,Blocker,1,YPYYPOYQUMYMKR-UHFFFAOYSA-N,YPYYPOYQUMYMKR,PubChem,46911175,20615696
Cc1cc(C)cc(NC(=S)N2CCN(c3ccccn3)CC2)c1,Non-blocker,Non-blocker,0,HJDHFZKZYLTXTK-UHFFFAOYSA-N,HJDHFZKZYLTXTK,PubChem,1490952,
Cc1ccc(C2=NO[C@@](C)(c3nnc(-c4ccc(F)cc4)o3)C2)cc1,Non-blocker,Non-blocker,0,ZCJMVDORRPXWSX-LJQANCHMSA-N,ZCJMVDORRPXWSX,PubChem,16682663,
C[N+]1(C[C@@H](O)COC[C@@H]2COc3ccccc3O2)CCOCC1,Non-blocker,Non-blocker,0,SLJWLCJQRBGNKX-HUUCEWRRSA-N,SLJWLCJQRBGNKX,PubChem,16196113,
N#C/C(=C\c1ccc([N+](=O)[O-])o1)C(=O)Nc1ccc(F)cc1,Blocker,Non-blocker,0,IPONPOKSOBJFDC-VQHVLOKHSA-N,IPONPOKSOBJFDC,PubChem,6027441,
O=C(c1ccc(Cl)c(Cl)c1)C1CCN(CCCc2ccccc2)CC1,Blocker,Blocker,1,PONZTKVCTJEGCO-UHFFFAOYSA-N,PONZTKVCTJEGCO,data_herg_dev,,
O=C([O-])C1=C[N+](C2CC2)=C2C=C(N3CC[N+]CC3)C(F)=CC2C1=O,Non-blocker,Non-blocker,0,UOJOCRCMSDUDPK-UHFFFAOYSA-N,UOJOCRCMSDUDPK,data_herg_dev,,
O=C(c1cccc2c1OC(c1ccc(-c3ccccc3)cc1)CC2)N1CCCC1,Blocker,Blocker,,QVBHCFGSOSHZJU-UHFFFAOYSA-N,QVBHCFGSOSHZJU,eval_set_herg_60.csv,,
O=C(NCc1ccc(F)cc1)C1CCN(S(=O)(=O)c2ccc3c(c2)OCCCO3)CC1,Non-blocker,Non-blocker,0,BJROQKFYPRCGFD-UHFFFAOYSA-N,BJROQKFYPRCGFD,PubChem,2668520,
O=C(Cc1cccc(OCCCC2CCNCC2)c1)Nc1nc(-c2c[nH]c3ncc(F)cc23)cs1,Non-blocker,Non-blocker,0,NCFYJTHIULMJSE-UHFFFAOYSA-N,NCFYJTHIULMJSE,data_herg_dev,CHEMBL4777515,
CCCOc1ccc(CNC(=O)CCC(=O)n2ncc3cc(C)ccc32)cc1,Non-blocker,Non-blocker,0,WNAOQYVQDNZMOB-UHFFFAOYSA-N,WNAOQYVQDNZMOB,PubChem,22510225,
O[C@H](CNCCc1ccc(C(F)(F)F)cc1)COc1cccc2ccccc12,Blocker,Blocker,1,YZGTUSIIFSUYJX-LJQANCHMSA-N,YZGTUSIIFSUYJX,PubChem,3605184,
COCCO/C(O)=C1/C(C)=Nc2ncnn2[C@@H]1c1ccccc1,Non-blocker,Non-blocker,0,BRDUNNLBQPTZRV-JNINTMOKSA-N,BRDUNNLBQPTZRV,PubChem,667365,
COc1ccccc1C(=O)COC(=O)c1cc([N+](=O)[O-])ccc1N1CCOCC1,Non-blocker,Non-blocker,0,VQTPQGHZPAGWSW-UHFFFAOYSA-N,VQTPQGHZPAGWSW,PubChem,24373700,
COc1nc(C#N)cc2c1[C@]1(O)[C@H](O)[C@H](CN(C)C)[C@@H](c3ccccc3)[C@]1(c1ccc(C#N)cc1)O2,Blocker,Blocker,1,FMECOZQKIKZEPQ-ZCUPJGDISA-N,FMECOZQKIKZEPQ,data_herg_dev,CHEMBL4645423,
COc1cc(S(=O)(=O)N2CCCN(C)CC2)ccc1NC(C)=O,Non-blocker,Non-blocker,0,FFSNUKNGCWRONA-UHFFFAOYSA-N,FFSNUKNGCWRONA,PubChem,2561942,
[2H]C1([2H])OC(N)=N[C@]12c1cc(-c3cncnc3)ccc1C[C@]21CC[C@@H](OC)[C@H](CC)C1,Non-blocker,Non-blocker,0,XWPKJWXXVQEOTC-STERQVHBSA-N,XWPKJWXXVQEOTC,data_herg_dev,CHEMBL4097477,
CCCCc1cc(OC2CCN(CCCNS(=O)(=O)CC)CC2)c2ncccc2c1.Cl.Cl,Blocker,Blocker,1,RGOGAVYFXMCDRU-UHFFFAOYSA-N,RGOGAVYFXMCDRU,data_herg_dev,CHEMBL4080166,
O=[N+]([O-])c1cccnc1NCc1cccs1,Non-blocker,Non-blocker,0,FXDAEWOXEHMLTC-UHFFFAOYSA-N,FXDAEWOXEHMLTC,PubChem,2800353,
Cc1sc([C@@H]2CCCN2C(=O)CN(C)C)cc1C(=O)Nc1ncc(Cl)s1.Cl,Blocker,Blocker,1,STYLZUNKYKLKNJ-YDALLXLXSA-N,STYLZUNKYKLKNJ,data_herg_dev,CHEMBL4281494,
O=C(N/N=C/c1cccc(O)c1)c1ccc(COc2ccc3c(c2)CCC3)o1,Non-blocker,Non-blocker,0,YMXPRQQHKZCVOY-YDZHTSKRSA-N,YMXPRQQHKZCVOY,PubChem,6874799,
CC(=O)c1cccc(-c2ccc(C3CN(C)CC3NS(=O)(=O)C(C)C)cc2)c1,Blocker,Blocker,1,XASZFPDUJYFCOJ-UHFFFAOYSA-N,XASZFPDUJYFCOJ,CUPID,CUPID,
COCCNC(=O)/C(C#N)=C/c1ccccc1Br,Non-blocker,Non-blocker,0,AMXAMOVUVIWCME-DHZHZOJOSA-N,AMXAMOVUVIWCME,PubChem,2381260,
COCCCNC(=O)CNC(=S)N(Cc1ccccc1)Cc1cccnc1,Non-blocker,Non-blocker,0,BNAZHRKOFHYOQZ-UHFFFAOYSA-N,BNAZHRKOFHYOQZ,PubChem,16194203,
COC[C@@H]1C[C@H]2[C@@H]3CC[C@H]4N(C)C(=O)C=C[C@]4(C)[C@H]3CC[C@]2(C)[C@H]1O,Non-blocker,Non-blocker,0,NAZBWHWYNHSOLQ-NLMMLZCASA-N,NAZBWHWYNHSOLQ,data_herg_dev,CHEMBL538877,
NC(=O)C12CC3CC(C1)C(NC(=O)C1SCCN1S(=O)(=O)c1ccccc1F)C(C3)C2,Non-blocker,Non-blocker,,WIDBTZLJSHUYHO-UHFFFAOYSA-N,WIDBTZLJSHUYHO,eval_set_herg_70.csv,,
CCCCCCCCn1cc[n+](C)c1.O=S(=O)([O-])C(F)(F)F,Non-blocker,Non-blocker,0,BCVMAYRUJBXMAP-UHFFFAOYSA-M,BCVMAYRUJBXMAP,data_herg_dev,,16212746
Cc1ccc(C)c(NC(=S)/N=C(\O)c2cncc(Br)c2)c1,Blocker,Blocker,1,YKCIHAQWZCDMRG-UHFFFAOYSA-N,YKCIHAQWZCDMRG,PubChem,1016593,
Cc1cc(N[C@H](CCCCNCc2ccc(F)cc2)C(=O)NO)cc(C)c1F,Blocker,Blocker,1,RCTYLDJWEDNGIO-LJQANCHMSA-N,RCTYLDJWEDNGIO,PubChem,24871537,22342144
O=C1CCc2cccc(F)c2N1CCCN1CCC(n2c(=O)[nH]c3ccccc32)CC1,Blocker,Blocker,1,XYOSGJOTBXWFCN-UHFFFAOYSA-N,XYOSGJOTBXWFCN,PubChem,62705505,22677319
Cc1cc2c3c([n+](C)c4cc(CN)ccc4c3c1)-c1ccccc1N2C,Blocker,Non-blocker,,VQAPRZXSTQAINR-UHFFFAOYSA-N,VQAPRZXSTQAINR,eval_set_herg_60.csv,,
Cc1cc(/C=C2\SC(Nc3ccccc3)=NC2=O)c(C)n1-c1ccccc1,Non-blocker,Non-blocker,,QTDBAHFMTAMGMZ-ZHZULCJRSA-N,QTDBAHFMTAMGMZ,eval_set_herg_60.csv,,
N#Cc1ccc(CN2CC3CN(CCNS(=O)(=O)Cc4ccccc4)CC(C2)O3)cc1,Non-blocker,Non-blocker,0,OOPOYODXWVTCHK-UHFFFAOYSA-N,OOPOYODXWVTCHK,data_herg_dev,CHEMBL3937546,
CN1C(=O)/C(=C/c2cccs2)S/C1=N/c1ccc(C(=O)O)cc1,Non-blocker,Non-blocker,0,AWFVWUJHIZWOEF-WBCCSYDZSA-N,AWFVWUJHIZWOEF,PubChem,1804392,
COC(=O)C(C)(C(=O)OC)c1ccccc1[N+](=O)[O-],Non-blocker,Non-blocker,0,UBAZCFQMESGGPA-UHFFFAOYSA-N,UBAZCFQMESGGPA,PubChem,3724075,
CNc1nc(Nc2ccc(-n3cnc(C)n3)c(OC)c2)nc2c1CCC2c1ccc(F)cc1,Blocker,Blocker,1,NDVMOVOEROCRIO-UHFFFAOYSA-N,NDVMOVOEROCRIO,CUPID,CUPID,
CC(C)(C)c1[nH]c2ccccc2c1C1CCCN(Cc2ccc(/C=C/C(=O)NO)cc2)C1,Non-blocker,Non-blocker,0,DERFKFVMRCMNBB-CCEZHUSRSA-N,DERFKFVMRCMNBB,data_herg_dev,CHEMBL1094042,
Cc1cccc(C)c1NC(=O)C[N+]1CC[N+](CCCC(c2ccc(F)cc2)c2ccc(F)cc2)CC1,Blocker,Blocker,,ZIPQKDKLZNUXFM-UHFFFAOYSA-N,ZIPQKDKLZNUXFM,eval_set_herg_70.csv,,
CCc1nn2c(C)cc(C)nc2c1Cc1ccc(C=CCN2CCN(C(C)C)CC2)cc1,Blocker,Blocker,1,CSQZLIGLFJJGNT-UHFFFAOYSA-N,CSQZLIGLFJJGNT,CUPID,CUPID,
Cc1ccc(S(=O)(=O)N2CCOCC2)cc1C(=O)NCc1ccccn1,Non-blocker,Non-blocker,0,ASMXNOABFQVRMO-UHFFFAOYSA-N,ASMXNOABFQVRMO,PubChem,2531180,
CCOC(=O)c1[nH]c(C)c(C(=O)NCCN2CCOCC2)c1C,Non-blocker,Non-blocker,0,KLDYAKQJFYRBBG-UHFFFAOYSA-N,KLDYAKQJFYRBBG,PubChem,5309370,
CC(=O)NC(=O)C1CCC(c2ncc(-c3cccc(Br)c3)[nH]2)CC1,Non-blocker,Blocker,,FCTXLBYUGYESOW-UHFFFAOYSA-N,FCTXLBYUGYESOW,eval_set_herg_60.csv,,
O=C(c1ccc(F)cc1)N1CCN(c2ccc(OC3CCN(C4CCC4)CC3)cc2)C(=O)C1,Non-blocker,Non-blocker,0,DDVMREFOLKDBER-UHFFFAOYSA-N,DDVMREFOLKDBER,data_herg_dev,,
CCCOc1ccc(CN(CCC#N)C(=S)/N=C(\O)c2ccccc2)cc1,Non-blocker,Blocker,1,RKWQBNIOSHLFPE-UHFFFAOYSA-N,RKWQBNIOSHLFPE,PubChem,1910312,
O=C(/C=C/c1ccc(CN(CCc2c[nH]c3ccccc23)CCC(F)(F)F)cc1)NO,Blocker,Non-blocker,0,WWESBPAOEMHYSU-MDZDMXLPSA-N,WWESBPAOEMHYSU,data_herg_dev,CHEMBL1819143,
COc1cc(-c2cn(CC(=O)N(CC(F)(F)F)c3ccc4c(c3)OC(F)(F)O4)nn2)ccc1-n1cnc(C)c1,Blocker,Blocker,1,HGOJJZGHPIDKME-UHFFFAOYSA-N,HGOJJZGHPIDKME,CUPID,70687532,22497762
COc1c(F)cccc1CC(c1ccccc1)N1CCNCC1,Non-blocker,Non-blocker,0,RANMCMHHAKTCAZ-UHFFFAOYSA-N,RANMCMHHAKTCAZ,data_herg_dev,CHEMBL1086273,
CSCC[C@@H](N/C=C1\C(=O)NC(=O)N(c2ccc(Br)cc2)C1=O)C(=O)OC(C)(C)C,Non-blocker,Non-blocker,0,DCHVZOHFSKBYSQ-ATGUSINASA-N,DCHVZOHFSKBYSQ,PubChem,3886084,
CC1(C)Cc2c(c(C(=O)Nc3ccc(F)c(C(F)(F)F)c3)cc3nc(Nc4c(F)cccc4Cl)[nH]c23)O1,Blocker,Blocker,1,RNSBVQNXRDUTET-UHFFFAOYSA-N,RNSBVQNXRDUTET,data_herg_dev,CHEMBL4224969,
Nc1ccc(-c2cccs2)cc1NC(=O)c1ccc(CN2CCC3(CCCN3)CC2)cc1,Blocker,Blocker,1,STMBXLNGRWZRFX-UHFFFAOYSA-N,STMBXLNGRWZRFX,PubChem,25218555,19138845
O=C1NCc2c(-c3ccccc3Cl)nc(N3CCOCC3)nc2N1c1c(Cl)cccc1Cl,Blocker,Blocker,1,ANNQXHXXKQEKSO-UHFFFAOYSA-N,ANNQXHXXKQEKSO,PubChem,23647645,16750629
COc1ccccc1CNS(=O)(=O)CCNC1CCCCC1,Non-blocker,Non-blocker,0,XZFKBVJLTHLVOO-UHFFFAOYSA-N,XZFKBVJLTHLVOO,PubChem,45479975,
CCn1nc(Cc2ccc(-c3ccccc3)cc2)cc1C1CCN(C[C@H]2CN([C@@H](C(=O)O)C(C)(C)C)C[C@@H]2c2cccc(F)c2)CC1,Blocker,Blocker,1,IZOGIEBLWOHFCN-QYGIXFTLSA-N,IZOGIEBLWOHFCN,PubChem,516293,15012999
CCCCCC(=O)N1c2ccccc2NC2=C(C(=O)CC(c3ccc(OC)c(OC)c3)C2)C1c1ccc(C(F)(F)F)cc1,Blocker,Blocker,1,RSEZBMBZLDGGCL-UHFFFAOYSA-N,RSEZBMBZLDGGCL,data_herg_dev,CHEMBL533563,
Cc1cc(Nc2ncc(Cl)c(Nc3ccccc3S(=O)(=O)C(C)C)n2)c(OC(C)C)cc1C1CCN(C)CC1,Blocker,Blocker,1,NBMMGFKSCSDKBQ-UHFFFAOYSA-N,NBMMGFKSCSDKBQ,PubChem,59764524,23742252
NCCc1c[nH]c(=S)n1[C@H]1COc2c(F)cc(F)cc2C1,Blocker,Non-blocker,,CWWWTTYMUOYSQA-LLVKDONJSA-N,CWWWTTYMUOYSQA,eval_set_herg_60.csv,,
COc1ccc(S(=O)(=O)N2c3ccc(Cl)cc3[C@@](O)(c3ccccc3Cl)[C@H]2C(=O)N2CCC[C@@H]2C(N)=O)cc1OC,Blocker,Non-blocker,0,CEBYCSRFKCEUSW-OKEQGEBHSA-N,CEBYCSRFKCEUSW,data_herg_dev,,60196272
O=C(COC(=O)[C@@H]1CCCC[C@H]1C(=O)N1CCc2ccccc21)NCc1ccco1,Non-blocker,Non-blocker,0,HHTLXNWTEWKWRD-RTBURBONSA-N,HHTLXNWTEWKWRD,PubChem,2998769,
O=C(NCC(F)(F)F)c1ccc(S(=O)(=O)N2CCN(C(=O)[C@H]3CCCO3)CC2)cc1,Non-blocker,Non-blocker,0,LCLZROTWKVMKOV-OAHLLOKOSA-N,LCLZROTWKVMKOV,PubChem,16295755,
CNCCCOc1ccc(C)cc1OC,Non-blocker,Non-blocker,0,GZEHHQAEVCUZMA-UHFFFAOYSA-N,GZEHHQAEVCUZMA,PubChem,2949214,
Cn1ccnc1C(=O)N1CCC(c2ccc(C(=O)N=C(N)N)cc2C(F)(F)F)CC1,Blocker,Non-blocker,,ZXZKBUDCPJISJW-UHFFFAOYSA-N,ZXZKBUDCPJISJW,eval_set_herg_70.csv,,
CS(=O)(=O)c1ccc(-c2noc([C@@H](CC3CC3)[C@H](N)C(F)=C3CCCC3)n2)c(Cl)c1,Non-blocker,Blocker,1,XCCSSVMRGIQMGF-LPHOPBHVSA-N,XCCSSVMRGIQMGF,PubChem,49797455,18331795
O=C(Nc1ncc2c(n1)C[C@@H](c1cccc(Cl)c1)CC2=O)c1ccco1,Non-blocker,Non-blocker,0,FNOKSIVFDDZVMD-GFCCVEGCSA-N,FNOKSIVFDDZVMD,PubChem,3654177,
O=C1N(Cc2cccnc2)C[C@@H]2C[C@@H](c3ccc(-c4ccccc4)cc3)N3CCC[C@@]123,Non-blocker,Non-blocker,0,HYNUTHAJTWJGFO-KLJDGLGGSA-N,HYNUTHAJTWJGFO,PubChem,16192511,
CN(CCC(=O)O)C1CCC2(Cc3ccccc3Cc3ccccc32)C1,Non-blocker,Non-blocker,,FBMKUFCHWOIZPI-UHFFFAOYSA-N,FBMKUFCHWOIZPI,eval_set_herg_70.csv,,
NC(=O)c1c(NC(=O)Nc2ccc(Cl)cc2)sc2c1CCN(CCCNC(=O)CCc1c[nH]c3ccccc13)C2,Blocker,Non-blocker,0,JSGCPWMOHCOCSC-UHFFFAOYSA-N,JSGCPWMOHCOCSC,data_herg_dev,CHEMBL4101684,
N#Cc1c(N2CCC(c3ccc(F)cc3)CC2)ccn(CC2CC2)c1=O,Blocker,Blocker,1,QBTUIJGYKAOREZ-UHFFFAOYSA-N,QBTUIJGYKAOREZ,data_herg_dev,CHEMBL3337515,
CNc1cc(Nc2cnc(C#N)c(OC(C)CN(C)C)n2)ncc1C(=O)OC,Blocker,Blocker,1,YKAGGFFRPFADFJ-UHFFFAOYSA-N,YKAGGFFRPFADFJ,CUPID,CUPID,
CCCCCCCCCCn1cc[n+](CCCCCCCCCC)c1C,Blocker,Blocker,1,CCEYVAPCYYFRMO-UHFFFAOYSA-N,CCEYVAPCYYFRMO,PubChem,2775940,
CNC(=O)c1cc2c(-c3nc4c(-n5cc(CN(C)C)cn5)ccnc4[nH]3)cn(C)c2cn1,Non-blocker,Non-blocker,0,FGOLYKAXIFQPDE-UHFFFAOYSA-N,FGOLYKAXIFQPDE,data_herg_dev,CHEMBL4752127,
COc1ccc(C(=O)NNC(=O)[C@H]2CCCO2)cc1,Non-blocker,Non-blocker,0,HEIUUQGMOQAZJK-LLVKDONJSA-N,HEIUUQGMOQAZJK,PubChem,2862017,
O=C(c1cccc(S(=O)(=O)N2CCc3ccccc3C2)c1)N1CCC(OCc2ccccc2)CC1,Non-blocker,Blocker,,HTYGLMAQMBADNY-UHFFFAOYSA-N,HTYGLMAQMBADNY,eval_set_herg_60.csv,,
CC1=C(C(=O)N2CCOCC2)[C@@H](c2cc(C)ccc2C)NC(=S)N1,Non-blocker,Non-blocker,0,BCRJHLLWQLYENG-MRXNPFEDSA-N,BCRJHLLWQLYENG,PubChem,3541552,
Cc1ccc(-c2cc3[nH]cnc(=O)c3c(NCC3CCCNC3)n2)cc1,Blocker,Blocker,1,LHOLZQIYHWNEJC-UHFFFAOYSA-N,LHOLZQIYHWNEJC,PubChem,CUPID,
O=C(NCC(O)CN1CCC(Oc2ccc(Cl)c(Cl)c2)CC1)n1c(=O)[nH]c2ccccc21,Blocker,Blocker,1,CLQMFOOMFPNKNA-UHFFFAOYSA-N,CLQMFOOMFPNKNA,PubChem,CUPID,
CC(C)OCCCNC(=S)Nc1ccc2nc3n(c(=O)c2c1)CCCCC3,Non-blocker,Non-blocker,0,COZNEFMIWQRBKV-UHFFFAOYSA-N,COZNEFMIWQRBKV,PubChem,3272880,
CN1C(=O)NC(=O)[C@]12Cc1ccc(NC(=O)CN3C(=O)C4(CCCC4)O[C@H]3c3cc(F)cc(F)c3)cc1C2,Non-blocker,Non-blocker,,YVAXSEQSDOYCIY-BKMJKUGQSA-N,YVAXSEQSDOYCIY,eval_set_herg_70.csv,,
CN1Cc2cc(N3CCOCC3)ccc2C(c2ccc3sccc3c2)C1,Blocker,Blocker,1,QLQQUDCJVQOCBW-UHFFFAOYSA-N,QLQQUDCJVQOCBW,CUPID,CUPID,
Br.NC(=O)C(c1ccccc1)(c1ccccc1)[C@@H]1CCN(CCc2ccc3c(c2)CCO3)C1,Non-blocker,Non-blocker,0,UQAVIASOPREUIT-VQIWEWKSSA-N,UQAVIASOPREUIT,data_herg_dev,,444030
CC[N+](CC)CC#CCOC(=O)C(O)(c1ccccc1)C1CCCCC1,Blocker,Non-blocker,,DZHBDWWVTHRARH-UHFFFAOYSA-N,DZHBDWWVTHRARH,eval_set_herg_70.csv,,
COc1ccc(N2C(=S)N=C(Nc3ccccc3)C23CCCCC3)cc1,Blocker,Non-blocker,0,JFYCXLMBPJHXDW-UHFFFAOYSA-N,JFYCXLMBPJHXDW,PubChem,1514935,
O=C(NCc1nnc(SCC(=O)N2CCCCCC2)o1)c1ccc(F)cc1,Non-blocker,Non-blocker,0,SZJRKWBVGRSFSZ-UHFFFAOYSA-N,SZJRKWBVGRSFSZ,PubChem,7502296,
COc1ccc(-c2c(C)oc3c(CN4CCN(CCO)CC4)c(O)ccc3c2=O)cc1OC,Blocker,Non-blocker,0,GZOBRNIEFUNYEM-UHFFFAOYSA-N,GZOBRNIEFUNYEM,PubChem,5389869,
O=C(NCc1nc(-c2ccc(Cl)cc2)no1)c1ccc2c(c1)OCO2,Non-blocker,Non-blocker,0,KAKKAWGCRAYIBT-UHFFFAOYSA-N,KAKKAWGCRAYIBT,PubChem,2985385,
CCc1c(C2CCN(CCCSc3ccc(F)cc3)CC2)c2ccc(F)cc2n1-c1ccc(C(=O)O)cc1,Non-blocker,Blocker,1,QXCXDQFFJYBNTP-UHFFFAOYSA-N,QXCXDQFFJYBNTP,PubChem,11952526,25497216
CC[C@@H](C)NC(=O)c1cnc2n(c1=O)CCS2,Non-blocker,Non-blocker,0,ISLIBZLFPUGQMW-SSDOTTSWSA-N,ISLIBZLFPUGQMW,PubChem,4344057,
CN1CC[C@H](c2c(O)cc(O)c3c(=O)cc(-c4ccccc4Cl)oc23)[C@H](O)C1.Cl,Non-blocker,Non-blocker,,LGMSNQNWOCSPIK-LWHGMNCYSA-N,LGMSNQNWOCSPIK,eval_set_herg_70.csv,,
C[C@H](CCc1ccc(OC(=O)N(C)C)c(OC(F)(F)F)c1)N1Cc2cccc(F)c2C1,Blocker,Blocker,1,ZGNPRTXHIWGVPG-CQSZACIVSA-N,ZGNPRTXHIWGVPG,data_herg_dev,,
c1cc(-c2cnn(Cc3cc[nH]n3)c2)cc(C2CC2)c1,Blocker,Blocker,,WTIFREIJFMTPOT-UHFFFAOYSA-N,WTIFREIJFMTPOT,eval_set_herg_70.csv,,
CSc1nn2c(N3CCNCC3)c3c(nc2c1S(=O)(=O)c1ccccc1)CCC3,Blocker,Blocker,,PPPVADQGCXVIIG-UHFFFAOYSA-N,PPPVADQGCXVIIG,eval_set_herg_70.csv,,
O=C1c2ccc(OCc3ccccc3)cc2CCC1CCN1CCC(c2ccccc2)CC1,Blocker,Blocker,,CYZOBDVPCDGVGS-UHFFFAOYSA-N,CYZOBDVPCDGVGS,eval_set_herg_60.csv,,
NC(=O)c1ccc(N[C@@H]2CCCC[C@@H]2N)nc1Nc1cccc2cc[nH]c12,Non-blocker,Non-blocker,0,KPYOXUIJDUDMCZ-LSDHHAIUSA-N,KPYOXUIJDUDMCZ,data_herg_dev,CHEMBL3416022,
S=C1N(c2ccccc2)[C@@H](c2ccccc2)N2CCCN12,Non-blocker,Non-blocker,0,UDEODCYGUXPGKW-INIZCTEOSA-N,UDEODCYGUXPGKW,PubChem,2927919,
Cn1c(NC(=O)c2ccccc2)c(-c2ccccn2)c(=O)c2ccccc21,Non-blocker,Non-blocker,0,LVDSSVVYHUYOJL-UHFFFAOYSA-N,LVDSSVVYHUYOJL,PubChem,1960193,
O=C(NCCc1ccccc1)C(=Cc1ccc(C(=O)O)cc1)C(=O)NCCc1ccccc1,Non-blocker,Non-blocker,0,NMYNTJPCISCZLH-UHFFFAOYSA-N,NMYNTJPCISCZLH,PubChem,2399361,
CN1C[C@H]2CCN(c3ccc(-c4ccc(-n5ncccc5=O)cc4)cc3)[C@H]2C1,Blocker,Blocker,1,GNIRITULTPTAQW-KNQAVFIVSA-N,GNIRITULTPTAQW,PubChem,24743471,28797771
CN(C)c1oc(-c2ccccc2[N+](=O)[O-])nc1C#N,Blocker,Blocker,1,YUAQULQYKXKMIA-UHFFFAOYSA-N,YUAQULQYKXKMIA,PubChem,942148,
Cc1nc2ccccc2n1-c1ccc(C(=O)N(C)[C@@H]2CCN(C3CCCCC3)C2)cc1,Non-blocker,Blocker,1,CBXDCFAKWOJLIL-HSZRJFAPSA-N,CBXDCFAKWOJLIL,PubChem,25067563,21843941
Cc1nc(C2(c3cnn(C)c3)NC(c3nc(-c4ccc(F)cc4)c[nH]3)Cc3c2[nH]c2ccccc32)no1,Blocker,Blocker,1,NTIFDLOQPKMIJK-UHFFFAOYSA-N,NTIFDLOQPKMIJK,PubChem,CUPID,
COc1ccc([C@H]2CN(CCCC3CCNCC3)C[C@@H]2CNC(=O)c2cccc(Cl)c2)cc1,Blocker,Non-blocker,0,XYGRNQZFVPWKIM-JYFHCDHNSA-N,XYGRNQZFVPWKIM,data_herg_dev,CHEMBL1760230,
Cc1nc2ccccc2n1C1C[C@H]2CC[C@H](C1)N2CCC1(c2ccccc2)CCN(C(=O)c2cccc(C(=O)NO)c2)CC1,Non-blocker,Non-blocker,0,UXKNHORJFSOCGQ-LOYHVIPDSA-N,UXKNHORJFSOCGQ,data_herg_dev,,
O=C(NCC(=O)N1CC[C@H](N[C@H]2CC[C@@](O)(c3ccc(-c4cccnc4)cn3)CC2)C1)c1cccc(C(F)(F)F)c1,Non-blocker,Non-blocker,0,JVBQOWJARKQGSK-QEMZJVQQSA-N,JVBQOWJARKQGSK,data_herg_dev,CHEMBL2029418,
Nc1nccn1Cc1cn(-c2cc(F)cc(C(F)F)c2)nn1,Blocker,Blocker,1,XNKTWVPPPLRTKJ-UHFFFAOYSA-N,XNKTWVPPPLRTKJ,data_herg_dev,,
C[C@H]1C[C@H]2CSC(N)=N[C@@]2(c2nc(NC(=O)c3ccc(OC(F)(F)F)cn3)cs2)CO1,Blocker,Non-blocker,0,JGHWELLXLGSIDW-YMNVWFMLSA-N,JGHWELLXLGSIDW,data_herg_dev,,118435414
Oc1cc(-c2cn[nH]c2)ccc1-c1ccc(N2CC[C@@]3(CCCNC3)C2)nn1,Blocker,Blocker,1,RZKZALJPCPTXOQ-OAQYLSRUSA-N,RZKZALJPCPTXOQ,PubChem,136598257,30407821
CCOC(=O)CN1C(=O)[C@@](O)([C@H]2CCc3ccccc3C2=O)c2ccccc21,Blocker,Non-blocker,0,LKISYEQMWLLLCO-JTSKRJEESA-N,LKISYEQMWLLLCO,PubChem,2977643,
CCCCNc1ncc2c(-c3ccc(S(=O)(=O)NC)cc3)nn(C3CCC(O)CC3)c2n1,Blocker,Blocker,,RSZLIDQXPSCSIC-UHFFFAOYSA-N,RSZLIDQXPSCSIC,eval_set_herg_70.csv,,
COc1cc(NC(=S)NCCCn2cncc2C)ccc1OCCC(=O)NC1CCNCC1,Blocker,Blocker,1,ATGZTYZIJLPEPP-UHFFFAOYSA-N,ATGZTYZIJLPEPP,data_herg_dev,CHEMBL4205893,
COc1cc(C=C2C(=O)c3ccccc3C2=O)ccc1O,Non-blocker,Non-blocker,0,NPHKQWBQYOBTKH-UHFFFAOYSA-N,NPHKQWBQYOBTKH,PubChem,698576,
O=C1COc2ccc(CNC34CCC(C[C@]5(O)Cn6c(=O)ccc7nc(Cl)c(F)c5c76)(CC3)OC4)nc2N1,Non-blocker,Non-blocker,0,IUXGIZBYBCQVPB-WNMGUVTHSA-N,IUXGIZBYBCQVPB,data_herg_dev,CHEMBL3402184,
CCCCOC(=O)[C@@H](C)Oc1ccc(Oc2ccc(C#N)cc2F)cc1,Non-blocker,Blocker,1,TYIYMOAHACZAMQ-CQSZACIVSA-N,TYIYMOAHACZAMQ,PubChem,180089,
CS(=O)(=O)Nc1ccc(C(=O)C2CCN(CCc3ccccc3)CC2)cc1,Blocker,Blocker,1,LBGWPPMYVZTKSF-UHFFFAOYSA-N,LBGWPPMYVZTKSF,data_herg_dev,,
CC[N+](CC)CCCN(c1ccccc1)C1Cc2ccccc2C1,Blocker,Blocker,,HKTXZWQCPUSIKH-UHFFFAOYSA-N,HKTXZWQCPUSIKH,eval_set_herg_70.csv,,
CC[N+]1(CC)CCC(=C(c2ccccc2)c2ccccc2)C1C.[Br-],Blocker,Non-blocker,0,UCGJZJXOPSNTGZ-UHFFFAOYSA-M,UCGJZJXOPSNTGZ,data_herg_dev,,20749
CN(C)CCOc1ccccc1Cc1ccccc1.O=C(O)CC(O)(CC(=O)O)C(=O)O,Blocker,Blocker,,ZZYHCCDMBJTROG-UHFFFAOYSA-N,ZZYHCCDMBJTROG,eval_set_herg_70.csv,,
CC(C)[C@H](N)C(=O)OCCOc1cc2ncnc(Nc3ccc4scnc4c3)c2cc1S(=O)(=O)C(C)(C)C,Non-blocker,Blocker,1,QIIRAUKNAXPTDN-QHCPKHFHSA-N,QIIRAUKNAXPTDN,PubChem,73389552,31265286
CC(C)OC(=O)CSc1nnc2c(n1)[nH]c1ccc(F)cc12,Non-blocker,Non-blocker,0,MGTBDLFYXNTYGI-UHFFFAOYSA-N,MGTBDLFYXNTYGI,PubChem,5770401,
C[C@@H]1CCCCN1CC(=O)NCc1ccc2c(c1)OCO2,Non-blocker,Non-blocker,0,JJYZSKBGDRSDGJ-GFCCVEGCSA-N,JJYZSKBGDRSDGJ,PubChem,2999501,
C[N+]1CCCCC1CCN1c2ccccc2Sc2ccc([S+](C)[O-])cc21,Blocker,Blocker,,ZMSOBBRPDJQSNR-UHFFFAOYSA-N,ZMSOBBRPDJQSNR,eval_set_herg_70.csv,,
COc1ccc2ccc(=O)n(CCNC3CCC4C(C3)OC(=O)N4c3ccc4c(n3)NC(=O)CS4)c2n1,Blocker,Blocker,1,NWDCVIJLQIDCBY-UHFFFAOYSA-N,NWDCVIJLQIDCBY,CUPID,CUPID,
C(#Cc1cc(-c2[nH]nc3c2Cc2cc(Cn4ccnc4)ccc2-3)cs1)COc1ccccc1,Blocker,Blocker,1,SKZURSUEKLJOJT-UHFFFAOYSA-N,SKZURSUEKLJOJT,CUPID,16221091,17425296
COc1cccc(/C=C/C(=O)OCC(=O)Nc2ccc(Cl)cn2)c1,Non-blocker,Blocker,1,HKHJDRLUNHFLSB-VMPITWQZSA-N,HKHJDRLUNHFLSB,PubChem,2096398,
N#Cc1ccc(Oc2ccc3nc(C(=O)N4CCNCC4)ccc3c2)cc1,Blocker,Blocker,1,BZEQTXGNCCKNKH-UHFFFAOYSA-N,BZEQTXGNCCKNKH,PubChem,118273418,35436748
CCCc1cc(=O)[nH]c(Nc2ccc(OC)c(Cl)c2)n1,Non-blocker,Non-blocker,0,REMURMHSYHBNEX-UHFFFAOYSA-N,REMURMHSYHBNEX,PubChem,135459611,
COc1ccc(C(=O)CC(=O)C(=O)Nc2ccccc2OC)cc1,Blocker,Blocker,1,NCHXIBWKNWUTPD-UHFFFAOYSA-N,NCHXIBWKNWUTPD,PubChem,22431227,
COc1cc(/C=N/NC(=O)c2cccnc2)ccc1OS(=O)(=O)c1ccc(C)cc1,Non-blocker,Non-blocker,0,RFYHZLAPBIYWOM-YDZHTSKRSA-N,RFYHZLAPBIYWOM,PubChem,6905923,
Cc1nc(N2CCC3(CC2)CO[C@@H](C)[C@H]3N)c(CO)nc1-c1cccc(Cl)c1Cl,Blocker,Blocker,1,IKUYEYLZXGGCRD-ORAYPTAESA-N,IKUYEYLZXGGCRD,PubChem,134183206,37197453
NC(=O)NN=C(C1CC1)C1CC1,Non-blocker,Non-blocker,0,ZSRPYVXTCPWHMR-UHFFFAOYSA-N,ZSRPYVXTCPWHMR,PubChem,228176,
OCc1ccc(OC2CCN(CC3CCNCC3)CC2)cc1Cl,Non-blocker,Non-blocker,0,WZLPRGJPTLKHOG-UHFFFAOYSA-N,WZLPRGJPTLKHOG,data_herg_dev,CHEMBL272241,
Cc1ccccc1N1CCN([C@@H]2CCCN(C(=O)c3cc(C(C)C)[nH]n3)C2)CC1,Non-blocker,Non-blocker,0,ZUUUUCNQPCMSSP-LJQANCHMSA-N,ZUUUUCNQPCMSSP,PubChem,24790365,
Cn1c(=O)c(=O)n(C)c2cc(S(=O)(=O)NCCOc3ccccc3)ccc21,Non-blocker,Non-blocker,0,JRPUFPUYIVGSBQ-UHFFFAOYSA-N,JRPUFPUYIVGSBQ,PubChem,4919706,
CC(C)[C@]1(C)CC(=O)N(Cc2ccnc(N3CC[C@H](c4ccccc4)C3)c2)C(=N)N1,Blocker,Blocker,1,HIOQLVRQFFMPPQ-RDPSFJRHSA-N,HIOQLVRQFFMPPQ,data_herg_dev,CHEMBL3401347,
O=c1c2cccnc2nc(S)n1CCC1=CCCCC1,Non-blocker,Blocker,1,LZSKRVYVQQWHRL-UHFFFAOYSA-N,LZSKRVYVQQWHRL,PubChem,3241468,
CCN1CCN(c2cc3[nH]c(S[C@]4(C)CC[C@@H](c5nc(C)no5)CC4)nc3cc2Cl)CC1,Blocker,Blocker,1,FCVWUDUFOJNPPC-QXONSOMPSA-N,FCVWUDUFOJNPPC,PubChem,44143455,19398200
O=C(Oc1ccc2oc(=O)sc2c1)c1ccccc1F,Non-blocker,Non-blocker,0,PXVLCFQXIMMCOL-UHFFFAOYSA-N,PXVLCFQXIMMCOL,PubChem,705270,
O=C(NCCc1ccccn1)[C@@H]1Cc2ccccc2CN1S(=O)(=O)c1ccc2ccccc2c1,Non-blocker,Non-blocker,,FJWYRXZZNJNXER-SANMLTNESA-N,FJWYRXZZNJNXER,eval_set_herg_60.csv,,
CCOCCCNS(=O)(=O)c1ccc(NC(=O)Cc2c(F)cccc2Cl)cc1,Non-blocker,Non-blocker,0,QBNISVODXBGGSZ-UHFFFAOYSA-N,QBNISVODXBGGSZ,PubChem,2229490,
O=S1(=O)CCCN1CCNc1nonc1/C(=N/O)Nc1ccc(F)c(Br)c1,Non-blocker,Non-blocker,0,OTANMLXYJSHLHY-UHFFFAOYSA-N,OTANMLXYJSHLHY,data_herg_dev,CHEMBL4451860,
COC(=O)N(NC(=O)c1c(CC2CCNCC2)c(-c2ccccc2)nc2ccccc12)c1ccccc1,Blocker,Blocker,1,PBTLGBUWEUHXKQ-UHFFFAOYSA-N,PBTLGBUWEUHXKQ,PubChem,44419017,16950617
Cc1nc(N2CCNCC2)sc1C(=O)Nc1cc(-c2cccs2)ccc1N,Non-blocker,Non-blocker,,ZKJCGFWCOOBGQE-UHFFFAOYSA-N,ZKJCGFWCOOBGQE,eval_set_herg_70.csv,,
C/C(=N/O)c1cnc(NC(=O)[C@H](CC2CCCC2)c2ccc(S(C)(=O)=O)c(Cl)c2)cn1,Blocker,Blocker,1,LFQVDCHGADGOPL-NCQSQGRDSA-N,LFQVDCHGADGOPL,data_herg_dev,CHEMBL2337926,
CC(=O)N1CCC(n2nc(C)c(Nc3ncc(Cl)c(-c4cnn5ccccc45)n3)c2C)CC1,Non-blocker,Non-blocker,0,HXLBSRYLXTTYQD-UHFFFAOYSA-N,HXLBSRYLXTTYQD,data_herg_dev,CHEMBL3823914,
Cc1ccc(C(=O)O/N=C/C2=C(Cl)c3ccccc3CC2)cc1,Non-blocker,Non-blocker,0,GFCVKSYILXHGEA-CIAFOILYSA-N,GFCVKSYILXHGEA,PubChem,9668050,
COc1ccc(S(=O)(=O)N2CCCCC2)cc1NC(=O)Cc1c[nH]c2ccccc12,Non-blocker,Non-blocker,0,HGSZOZKYRBIVEN-UHFFFAOYSA-N,HGSZOZKYRBIVEN,PubChem,5145557,
CCN(CC(=O)NCc1cccs1)C(=O)c1ccc(NS(=O)(=O)c2ccc(F)cc2)cc1,Non-blocker,Non-blocker,0,JBRKUMMPXOYIOI-UHFFFAOYSA-N,JBRKUMMPXOYIOI,PubChem,24979068,
Clc1ccc(CO[C@@H](Cn2ccnc2)c2ccc(Cl)cc2Cl)c(Cl)c1,Blocker,Blocker,1,BYBLEWFAAKGYCD-SFHVURJKSA-N,BYBLEWFAAKGYCD,PubChem,68553,
COCCn1cc(-c2ccncc2)c2ccncc21,Blocker,Non-blocker,0,OVRGOPVESVCREL-UHFFFAOYSA-N,OVRGOPVESVCREL,data_herg_dev,CHEMBL4091320,
Cc1ccc(NC(=O)c2noc3c2CCc2ccccc2-3)cc1,Non-blocker,Non-blocker,0,VVSWRBLWQYCVKI-UHFFFAOYSA-N,VVSWRBLWQYCVKI,PubChem,6619226,
N#Cc1ccc(CCN2CCN(CCc3ccc(C#N)cc3)CC2)cc1,Blocker,Blocker,1,UMQXZSKUBTWYIX-UHFFFAOYSA-N,UMQXZSKUBTWYIX,PubChem,56971088,24900480
COc1ccc(C)cc1NC(=O)CNc1ccccc1CN(C)C1CCCCC1,Blocker,Non-blocker,0,YTKIIMAVUBQKDV-UHFFFAOYSA-N,YTKIIMAVUBQKDV,PubChem,2532479,
COc1ccc(C23CC2CN(CCCSc2nnc(-c4ocnc4C)n2C)C3)cc1Cl,Blocker,Blocker,1,DHOZKKHZCBDGEK-UHFFFAOYSA-N,DHOZKKHZCBDGEK,CUPID,CUPID,
NC(=O)C1(c2ccc(F)cn2)CC2CCC(C1)N2C(c1ccccc1Cl)c1ccccc1Cl,Blocker,Blocker,1,BZGMTXHQYFWFDV-UHFFFAOYSA-N,BZGMTXHQYFWFDV,data_herg_dev,CHEMBL564020,
Cc1cnc(NC(=O)CN2CCN(c3ccccc3F)CC2)s1,Non-blocker,Non-blocker,0,KKRAAXTUHLXHRU-UHFFFAOYSA-N,KKRAAXTUHLXHRU,PubChem,9549597,
COc1cccc(-c2nn(C)c3sc(C(=O)NCCN4CCN(c5ccccc5F)CC4)cc23)c1,Non-blocker,Non-blocker,0,LCUDPYILJFKBKX-UHFFFAOYSA-N,LCUDPYILJFKBKX,data_herg_dev,CHEMBL586962,
Cc1cc(CN2CCN(c3c(Br)cnc4[nH]c(-c5ccc(N6CCN(C)CC6)cc5)nc34)CC2)no1,Blocker,Blocker,1,GFLQCBTXTRCREJ-UHFFFAOYSA-N,GFLQCBTXTRCREJ,PubChem,25154041,23043539
C[C@H](Oc1cc(-c2cnn(C3CCNCC3)c2)cnc1N)c1c(Cl)ccc(F)c1Cl,Blocker,Blocker,,KTEIFNKAUNYNJU-LBPRGKRZSA-N,KTEIFNKAUNYNJU,eval_set_herg_60.csv,,
CCOCCCNC(=S)NCCCNc1nc2cc3c(cc2cc1C#N)OCO3,Non-blocker,Non-blocker,0,RSOYCKZHDINCSE-UHFFFAOYSA-N,RSOYCKZHDINCSE,PubChem,3221601,
COc1ccc2c(=O)c(O)c(-c3ccc4c(c3)OCO4)oc2c1,Blocker,Non-blocker,0,SEAPXDZUEOJLLG-UHFFFAOYSA-N,SEAPXDZUEOJLLG,data_herg_dev,CHEMBL4450031,
Nc1n(CC(=O)c2cccc([N+](=O)[O-])c2)c2ccccc2[n+]1CCN1CCCCC1,Non-blocker,Non-blocker,0,WUPRQQSXICDUSQ-UHFFFAOYSA-O,WUPRQQSXICDUSQ,PubChem,2881787,
CNC[C@H](c1ccc2ccccc2c1)[C@H](O)c1cncc(OC)c1,Non-blocker,Non-blocker,,ZYQBVZPSYAIUDW-WOJBJXKFSA-N,ZYQBVZPSYAIUDW,eval_set_herg_70.csv,,
COc1ccc(COC(=O)Oc2ccc(CNC(C)=O)cc2OC)c([N+](=O)[O-])c1,Non-blocker,Non-blocker,0,SOQOQIMTJHQSJY-UHFFFAOYSA-N,SOQOQIMTJHQSJY,PubChem,3287045,
CNCC(O)(Cc1sc2c(=O)c(C(=O)NCc3ccc(Cl)cc3)cn(C)c2c1C)c1ccccn1,Blocker,Blocker,,HVNXWVFYQJXVPW-UHFFFAOYSA-N,HVNXWVFYQJXVPW,eval_set_herg_70.csv,,
CCOC(=O)c1ccc(N2C(=O)Cc3ccccc3C2=O)cc1,Non-blocker,Non-blocker,0,WODLXPUSDXNVEF-UHFFFAOYSA-N,WODLXPUSDXNVEF,PubChem,362861,
Cc1oc(-c2cccc(Cl)c2)nc1CN1CCC(C(=O)N2CCN(c3ccccn3)CC2)CC1,Non-blocker,Non-blocker,0,BOAVAHFEIGAIHE-UHFFFAOYSA-N,BOAVAHFEIGAIHE,PubChem,5309347,
C[C@H](CCc1ccccc1)NC(=O)c1ccc(NC(=O)c2cccc(Br)c2)cc1,Non-blocker,Non-blocker,0,QMRYHVCFLOCYFD-QGZVFWFLSA-N,QMRYHVCFLOCYFD,PubChem,2946068,
C=CC(=O)N[C@H]1CCN(c2ccc(C(N)=O)c(Nc3ccc(C(=O)N4CC(C)OC(C)C4)cc3)n2)C1,Blocker,Blocker,1,GZXNPYNLEUZRFM-UHYCVJNDSA-N,GZXNPYNLEUZRFM,data_herg_dev,CHEMBL4285083,
CSc1ccccc1C(=O)N(C1CCCC1)[C@H]1CCNC1,Blocker,Non-blocker,0,RQCXDPJNIVTCJD-AWEZNQCLSA-N,RQCXDPJNIVTCJD,data_herg_dev,CHEMBL549510,
C/C(=N\Nc1cc(-c2ccccc2)nc(-c2ccccc2)n1)c1ccc(O)c(C)c1,Blocker,Non-blocker,0,PAEZYXGJYVZIDT-MTDXEUNCSA-N,PAEZYXGJYVZIDT,PubChem,135458769,
N[C@H]1CN(C(=O)c2ccc3ncsc3c2)C[C@H]1C(=O)N1CCCC1,Non-blocker,Non-blocker,,ZAUSYVOHDJOJCH-OLZOCXBDSA-N,ZAUSYVOHDJOJCH,eval_set_herg_60.csv,,
Cc1nn(-c2ccc(Cl)cc2)c2[nH]c(=O)c(CNCc3ccc4c(c3)OCO4)cc12,Blocker,Non-blocker,0,NTPBUPYNHWVJQR-UHFFFAOYSA-N,NTPBUPYNHWVJQR,PubChem,135418000,
C[C@@H]1C[C@H](O[C@H](C)c2cc(C(F)(F)F)cc(C(F)(F)F)c2)[C@@H](c2ccc(F)cc2)CN(C)C1=O,Blocker,Blocker,1,MIPMPJNHZAYWQS-PUYQSQJYSA-N,MIPMPJNHZAYWQS,PubChem,44412373,16574413
COc1cccc(N2CC[C@@H]3CN(CCCSc4nnc(-c5cnccn5)n4C)C[C@@H]32)c1,Blocker,Blocker,1,RARLPFKZTJRIOM-UTKZUKDTSA-N,RARLPFKZTJRIOM,PubChem,126533877,26951894
C[NH+]1CCc2cc3c(cc2C(=O)Cc2ccc4c(c2C1)OCO4)OCO3,Non-blocker,Non-blocker,,GPTFURBXHJWNHR-UHFFFAOYSA-O,GPTFURBXHJWNHR,eval_set_herg_70.csv,,
C[NH2+]CCC(Oc1ccc(C(F)(F)F)cc1)c1ccccc1,Non-blocker,Blocker,,RTHCYVBBDHJXIQ-UHFFFAOYSA-O,RTHCYVBBDHJXIQ,eval_set_herg_70.csv,,
CS(=O)(=O)c1ccc(-c2noc([C@@H](CC3CC3)[C@H](N)C(=O)N3CC[C@H](F)C3)n2)c(F)c1,Non-blocker,Non-blocker,0,FSNIVKZQDIWUIY-NUTKFTJISA-N,FSNIVKZQDIWUIY,data_herg_dev,,
O=S(=O)(c1ccc(F)cc1)N1CCC(F)(CCc2ccc(F)cc2F)CC1,Blocker,Blocker,1,XCIVCTUFQJGLTK-UHFFFAOYSA-N,XCIVCTUFQJGLTK,data_herg_dev,CHEMBL207064,
Cc1ccc(OCC#Cc2cccc(C#CCOc3ccc(C)cc3)[n+]2C)cc1,Blocker,Blocker,1,NZXMAAMICMQPLK-UHFFFAOYSA-N,NZXMAAMICMQPLK,data_herg_dev,CHEMBL2325202,
C/C(NNC(=O)c1cccc(S(=O)(=O)N2CCOCC2)c1)=C1/C=C(Cl)C=CC1=O,Non-blocker,Blocker,,ZVVCYRYDHNYAPV-GHRIWEEISA-N,ZVVCYRYDHNYAPV,eval_set_herg_60.csv,,
CN(C)CCCn1nc(C2=C(c3cn(-c4ccc5ccccc5c4)c4ccccc34)C(=O)NC2=O)c2ccccc21,Blocker,Blocker,1,XYUYSDBKGVJSKN-UHFFFAOYSA-N,XYUYSDBKGVJSKN,CUPID,10209082,15771419
CCn1nnnc1SCC(=O)Nc1ccc(OC)cc1,Non-blocker,Non-blocker,0,YHIUSUXWMIGYNW-UHFFFAOYSA-N,YHIUSUXWMIGYNW,PubChem,864256,
COc1cc(Nc2nc3n(n2)CCC(=O)N3Cc2ccccc2)ccc1-n1cnc(C)c1,Blocker,Blocker,1,XPLGLLQQEDYFGW-UHFFFAOYSA-N,XPLGLLQQEDYFGW,PubChem,118717946,
CCc1nn2c(C)cc(C)nc2c1Cc1ccc(CCCC2(O)CCN(C(C)C)CC2)cc1,Non-blocker,Blocker,1,LTOUJPZHCMXJQW-UHFFFAOYSA-N,LTOUJPZHCMXJQW,CUPID,145966675,28445047
COc1cccc(CC(=O)N=c2[nH]c3ccccc3[nH]2)c1,Non-blocker,Blocker,1,FOBBCJJJRMLXBO-UHFFFAOYSA-N,FOBBCJJJRMLXBO,PubChem,2081692,
Cc1nc(C)c(-c2nnc(CCCCN3CC4C[C@]4(c4ccc(C(F)(F)F)cc4)C3)n2C)s1,Blocker,Blocker,1,PMKDOWZCFSONRX-LEQGEALCSA-N,PMKDOWZCFSONRX,data_herg_dev,,
COc1cc(-c2cncc(-c3ccc(N4CCNCC4)cc3)c2Cl)cc(OC)c1OC,Blocker,Blocker,1,MHRAFUWHUFJCFB-UHFFFAOYSA-N,MHRAFUWHUFJCFB,CUPID,156016718,32787083
CCOC(=O)CN(C(=O)COC(=O)C1(c2ccccc2)CC1)c1ccc(F)cc1,Non-blocker,Non-blocker,0,SSGXTWBGAJVNHO-UHFFFAOYSA-N,SSGXTWBGAJVNHO,PubChem,24980642,
N#CC(=C\c1ccc(-c2ccccc2[N+](=O)[O-])o1)/C(O)=N/c1nc(-c2cccs2)cs1,Non-blocker,Blocker,1,WJEGUJCOTMRGFR-JLHYYAGUSA-N,WJEGUJCOTMRGFR,PubChem,2328885,
N#CC1=C(N)Oc2ccc3ccccc3c2[C@H]1c1cccnc1,Non-blocker,Blocker,1,QRROZYHGCJIAJU-KRWDZBQOSA-N,QRROZYHGCJIAJU,PubChem,2839492,
C[C@@]1(C2(O)CCCCC2)NCCc2ccccc21,Blocker,Non-blocker,0,VMXYNNOLPQQSFF-OAHLLOKOSA-N,VMXYNNOLPQQSFF,PubChem,3983838,
C[C@]12CCC(=O)C=C1[C@H](O)C[C@@H]1[C@@H]2[C@@H](O)C[C@@]2(C)[C@H]1CC[C@]2(O)C(=O)CO,Non-blocker,Non-blocker,0,GNFTWPCIRXSCQF-UJXAPRPESA-N,GNFTWPCIRXSCQF,PubChem,6852390,
O=C(c1ccc2ncccc2c1)N1CCC(N2CC[C@H](Cc3ccc(Cl)c(Cl)c3)[C@H](CO)C2)CC1,Blocker,Blocker,1,BKSRLDUBSLBPQQ-OFNKIYASSA-N,BKSRLDUBSLBPQQ,data_herg_dev,CHEMBL178447,
CC1(C)CCC(N2CCC3(CC2)C(=O)NCN3c2ccccc2)c2cc(Cl)c(Cl)cc21,Blocker,Non-blocker,0,GAXICRLQZFWIKP-UHFFFAOYSA-N,GAXICRLQZFWIKP,data_herg_dev,CHEMBL393980,
CCCn1c2ccc(C)cc2c2nnc(S)nc21,Blocker,Non-blocker,0,XYQNZKJFVKLKFG-UHFFFAOYSA-N,XYQNZKJFVKLKFG,PubChem,941411,
CN1CCN(Cc2ccc3c(c2)Cc2c-3n[nH]c2-c2csc(C#CCOc3ccccc3)c2)CC1=O,Blocker,Blocker,1,SRMUFZVEAUTYTO-UHFFFAOYSA-N,SRMUFZVEAUTYTO,data_herg_dev,CHEMBL225278,
CCOC(=O)c1cc(-c2ccccc2)nc2ccc(C)cc12,Non-blocker,Non-blocker,,BUDBHJPMAKXMLD-UHFFFAOYSA-N,BUDBHJPMAKXMLD,eval_set_herg_70.csv,,
Cc1ccccc1Cn1cc(C(=O)NCC2CC2)c2ncccc21,Non-blocker,Non-blocker,0,RDCIWHBJIFMTBV-UHFFFAOYSA-N,RDCIWHBJIFMTBV,data_herg_dev,CHEMBL3109798,
CNC(=O)[C@@H](C)Oc1cccc2ncnc(Nc3ccc(OCc4ccccn4)c(Cl)c3)c12,Blocker,Non-blocker,0,QCTACFWJSRSNOJ-OAHLLOKOSA-N,QCTACFWJSRSNOJ,data_herg_dev,CHEMBL403594,
O=C(Nc1ccc(N2CCN(C(=O)c3cccs3)CC2)cc1)c1ccc(F)cc1,Non-blocker,Non-blocker,0,XUNBWMMQWOMGNG-UHFFFAOYSA-N,XUNBWMMQWOMGNG,PubChem,1088840,
Cc1cc(C(N)=O)ccc1O[C@H]1C[C@H]2CC[C@@H](C1)N2Cc1ccccc1,Blocker,Blocker,1,DIBOAEDLUWGCBT-PMOLBWCYSA-N,DIBOAEDLUWGCBT,PubChem,49865971,20719509
Cc1ccc(-c2csc(SCC(=O)c3c(N)n(C4CC4)c(=O)[nH]c3=O)n2)cc1,Non-blocker,Non-blocker,0,PWVSGZXXEQOEJL-UHFFFAOYSA-N,PWVSGZXXEQOEJL,PubChem,9320942,
CC(C)(C)c1ccc(O)c(C(C)(C)C)c1,Non-blocker,Non-blocker,,ICKWICRCANNIBI-UHFFFAOYSA-N,ICKWICRCANNIBI,eval_set_herg_70.csv,,
O=S(=O)(O)C1CCNCC1,Non-blocker,Non-blocker,0,UGBJGGRINDTHIH-UHFFFAOYSA-N,UGBJGGRINDTHIH,data_herg_dev,CHEMBL34155,
Cc1ccc(/N=C/c2c(C)nn(-c3ccccc3)c2O)nc1,Non-blocker,Non-blocker,0,KRERONJAJOUFKN-YBFXNURJSA-N,KRERONJAJOUFKN,PubChem,759053,
CS(=O)(=O)CN(c1ccc(Cl)c(Cl)c1)C1CCNCC1,Blocker,Non-blocker,,KTQCRFSYZAJHFI-UHFFFAOYSA-N,KTQCRFSYZAJHFI,eval_set_herg_70.csv,,
COc1cc2nc(N3CCN(C(=O)[C@H]4CCCO4)CC3)nc(N)c2cc1OC,Non-blocker,Non-blocker,,VCKUSRYTPJJLNI-CQSZACIVSA-N,VCKUSRYTPJJLNI,eval_set_herg_70.csv,,
CC(C)[C@@]1(C)OC(c2cccc(F)c2F)N(CC(=O)Nc2ccc3c(c2)C[C@@]2(C3)C(=O)NC(=O)N2C)C1=O,Non-blocker,Non-blocker,,QAFMFWWLVBBJBU-ISTZZABQSA-N,QAFMFWWLVBBJBU,eval_set_herg_70.csv,,
COc1ccc(N/C(N)=N/CCCOc2ccc(F)cc2)cc1,Blocker,Blocker,1,VAOKFJZCNXIHTK-UHFFFAOYSA-N,VAOKFJZCNXIHTK,CUPID,72950535,28385503
Cc1nccnc1C(O)c1cc(-c2ncnc3cc(N4CCOCC4)ccc23)c(F)cc1F,Non-blocker,Non-blocker,0,KEMOASSFPWYYBE-UHFFFAOYSA-N,KEMOASSFPWYYBE,data_herg_dev,,
CCOC(=O)c1cnc2c(C)cc(C)cc2c1Nc1ccc(OC)c(OC)c1,Non-blocker,Non-blocker,0,MSGARPVVCYTSLR-UHFFFAOYSA-N,MSGARPVVCYTSLR,data_herg_dev,CHEMBL604323,
CC(C)(CO)COC(=O)C(C)(C)CO,Non-blocker,Non-blocker,0,SZCWBURCISJFEZ-UHFFFAOYSA-N,SZCWBURCISJFEZ,PubChem,14218,
Cn1cc(-c2ccnc(N3CCn4c(cc5c4CC(C)(C)C5)C3=O)c2CO)cc(NC(=O)c2cccnc2)c1=O,Blocker,Blocker,1,IFABVSSPEQYGNT-UHFFFAOYSA-N,IFABVSSPEQYGNT,data_herg_dev,CHEMBL4643339,
CN(C)CCN1CCN(c2nc(-c3ccccc3Cl)c3c(n2)N(c2c(Cl)cccc2Cl)C(=O)NC3)CC1,Blocker,Blocker,1,WZAKHOAIQXFVJG-UHFFFAOYSA-N,WZAKHOAIQXFVJG,PubChem,23647641,16750629
O=[N+]([O-])c1ccc(-c2csc(NN=C3CCCC3)n2)cc1,Non-blocker,Non-blocker,0,DVNGUIAUHYPPNY-UHFFFAOYSA-N,DVNGUIAUHYPPNY,PubChem,747648,
O=C(O)c1cn(-c2ccccc2)nc1-c1ccncc1,Non-blocker,Non-blocker,0,AHZAEZDHBZOUCG-UHFFFAOYSA-N,AHZAEZDHBZOUCG,PubChem,976454,
CCn1c(SCC(=O)NCc2ccco2)nnc1-c1cccs1,Non-blocker,Blocker,1,UWGNHWSPIFQVMW-UHFFFAOYSA-N,UWGNHWSPIFQVMW,PubChem,832348,
CCOc1ccc(C(=O)Nc2cc(C)on2)cc1OCC,Non-blocker,Blocker,1,SWEHIJYMMZCQCF-UHFFFAOYSA-N,SWEHIJYMMZCQCF,PubChem,717559,
CC(C)N(CC[C@@](C(N)=O)(c1ccccc1)c1ccccn1)C(C)C,Blocker,Blocker,1,UVTNFZQICZKOEM-OAQYLSRUSA-N,UVTNFZQICZKOEM,PubChem,3114,
Cl.c1cncc(OC[C@H]2CNCCN2c2nc3ncccc3o2)c1,Non-blocker,Non-blocker,0,ZWCUBSOPHPGVRD-UTONKHPSSA-N,ZWCUBSOPHPGVRD,data_herg_dev,CHEMBL3262132,
COc1ccc2ncc(F)c([C@@H](O)CC[C@@H]3CCN(C4CC(c5cc(F)ccc5F)C4)C[C@@H]3C(=O)O)c2c1,Non-blocker,Non-blocker,0,XILBJBALCLVHMC-HYFKYTBRSA-N,XILBJBALCLVHMC,data_herg_dev,CHEMBL4092041,
CC(=O)c1ccc(NC(=O)[C@@H](C)N(C)CC(=O)Nc2ccc(N3CCOCC3)cc2)cc1,Non-blocker,Blocker,1,BRTWMHNNDJEDJL-QGZVFWFLSA-N,BRTWMHNNDJEDJL,PubChem,4968353,
O=C1N=c2ccccc2=[N+]1C1CC[NH+](CCCC(c2ccc(F)cc2)c2ccc(F)cc2)CC1,Blocker,Blocker,,SRXDFTXYNLJBGD-UHFFFAOYSA-O,SRXDFTXYNLJBGD,eval_set_herg_60.csv,,
COc1ccc2[nH]c3cc(Oc4ccc(OC(F)(F)F)cc4)ccc3c(=O)c2c1Cl,Blocker,Blocker,1,WFWAVPVRYGRDEL-UHFFFAOYSA-N,WFWAVPVRYGRDEL,data_herg_dev,CHEMBL4641224,
CCCCN(CCCC)CCCOC(=O)c1ccc(N)cc1,Blocker,Blocker,,HQFWVSGBVLEQGA-UHFFFAOYSA-N,HQFWVSGBVLEQGA,eval_set_herg_70.csv,,
O=C(COC(=O)c1ccc([N+](=O)[O-])o1)Nc1ccc(N2CCOCC2)cc1,Non-blocker,Non-blocker,0,DJBUMMMLRLAOAF-UHFFFAOYSA-N,DJBUMMMLRLAOAF,PubChem,2387258,
COc1cc(/C=C2\C(=O)ON=C2c2ccccc2)cc(Cl)c1O,Blocker,Non-blocker,0,YLHPIBGTWWOHJL-GHXNOFRVSA-N,YLHPIBGTWWOHJL,PubChem,890568,
CCc1nc2cc3c(c(Br)c2o1)CCN(CCCSc1nnc(-c2cccc4nc(C)ccc24)n1C)CC3,Blocker,Blocker,1,VYZFKCYKUBTWCJ-UHFFFAOYSA-N,VYZFKCYKUBTWCJ,CUPID,44454459,18248991
CC(Cc1ccccc1)[N+]CCC(c1ccccc1)c1ccccc1,Blocker,Blocker,,WXPOYNLWAIDRCF-UHFFFAOYSA-N,WXPOYNLWAIDRCF,eval_set_herg_60.csv,,
COc1cc(NC(C)CCCN)c2ncccc2c1,Blocker,Non-blocker,,INDBQLZJXZLFIT-UHFFFAOYSA-N,INDBQLZJXZLFIT,eval_set_herg_60.csv,,
O=C(NCC(O)CN1CCC(Oc2ccc(Cl)c(Cl)c2)CC1)c1c[nH]c(=O)c2cc(S(=O)(=O)NCCO)ccc12,Blocker,Blocker,1,YEGSREZTMOWGTG-UHFFFAOYSA-N,YEGSREZTMOWGTG,PubChem,CUPID,
O=C1COc2ccc(CNC3CCN(CCn4c(=O)ccc5ncc(Oc6cccnc6)cc54)CC3)nc2N1,Non-blocker,Non-blocker,0,QTVDOOXOPFOZSP-UHFFFAOYSA-N,QTVDOOXOPFOZSP,data_herg_dev,CHEMBL3608749,
CC(C)CCCCCCCOP(=O)(Oc1ccccc1)Oc1ccccc1,Non-blocker,Non-blocker,0,RYUJRXVZSJCHDZ-UHFFFAOYSA-N,RYUJRXVZSJCHDZ,data_herg_dev,,34697
CC(=O)NC1CCN(Cc2ccc(OCc3ccc(Cl)cc3)c(Cl)c2)C1,Blocker,Blocker,,BPSNKHBRCPDEOJ-UHFFFAOYSA-N,BPSNKHBRCPDEOJ,eval_set_herg_60.csv,,
COc1ccc(NC(=O)[C@H]2CCC(=O)N2S(=O)(=O)c2ccc(C)cc2)cc1Cl,Non-blocker,Non-blocker,0,ADQDKKFZLYNTFC-MRXNPFEDSA-N,ADQDKKFZLYNTFC,PubChem,2956558,
CN1CCN(CCCN(C(=O)Nc2ccc(F)c(C(F)(F)F)c2)[C@@H]2CC[C@]3(c4ccc(O)nc4)C[C@H]23)CC1,Blocker,Blocker,1,YBFQLGQVVJVKER-WHSBFGAESA-N,YBFQLGQVVJVKER,data_herg_dev,CHEMBL212979,
O=C(CN1C(=O)[C@@H]2CC=CC[C@H]2C1=O)Nc1ccc(OC(F)(F)F)cc1,Non-blocker,Non-blocker,0,UBDREKUPTAWTRJ-CHWSQXEVSA-N,UBDREKUPTAWTRJ,PubChem,3955757,
CCOC(=O)[C@H](CCc1ccccc1)N[C@H]1CCc2ccccc2N(CC(=O)O)C1=O.Cl,Blocker,Non-blocker,0,VPSRQEHTHIMDQM-FKLPMGAJSA-N,VPSRQEHTHIMDQM,data_herg_dev,,5362123
CC(C)CN(C(=O)c1cccc(Cl)c1Cl)[C@H]1CCNC1,Non-blocker,Non-blocker,0,PIKCALBGLDBAKK-NSHDSACASA-N,PIKCALBGLDBAKK,data_herg_dev,CHEMBL1080787,
COc1cc(/C=C/c2ccc3c(Br)cc(Br)c(O)c3n2)ccc1O,Non-blocker,Blocker,1,LJHFHFMKDNYWHI-DUXPYHPUSA-N,LJHFHFMKDNYWHI,PubChem,135460261,
OC(c1ccnnc1)c1cc(-c2ncnc3cc(N4CCOCC4)ccc23)c(F)cc1Cl,Non-blocker,Non-blocker,0,USXKUTZDUWEZBD-UHFFFAOYSA-N,USXKUTZDUWEZBD,data_herg_dev,,
COC(=O)c1ccc(-c2ccn3c(CC4CC4(F)F)nnc3c2)c(F)c1,Non-blocker,Non-blocker,,VMAMSACVMZULQC-UHFFFAOYSA-N,VMAMSACVMZULQC,eval_set_herg_70.csv,,
O[C@H](c1cc(-c2ccccc2)nc2c1ccc1ccccc12)[C@H]1CCCCN1,Blocker,Blocker,1,QEFWYSWSVVMRHO-RCZVLFRGSA-N,QEFWYSWSVVMRHO,PubChem,408460,
Cc1ncoc1-c1nnc(SCCCN2C[C@@H]3C[C@]3(c3cc(C(F)(F)F)ccc3F)C2)n1C,Blocker,Blocker,1,VLGWIPCXNBQWLT-BTYIYWSLSA-N,VLGWIPCXNBQWLT,PubChem,44627353,19891474
COc1ccc2ncc(Cl)c(CCC34CCC(NCc5ccc6c(n5)NC(=O)CO6)(CC3)CO4)c2n1,Blocker,Blocker,1,KORWOFIKLKGGQH-UHFFFAOYSA-N,KORWOFIKLKGGQH,CUPID,CUPID,
CC(=O)c1nn(-c2cccc(Br)c2)cc1C(=O)c1ccc2ccccc2c1,Non-blocker,Non-blocker,0,BVWGUQMSVNDTLJ-UHFFFAOYSA-N,BVWGUQMSVNDTLJ,PubChem,1214648,
Cc1cccc(OCC(=O)NCCN2CCOCC2)c1,Non-blocker,Non-blocker,0,MJABNDVQJWEDOB-UHFFFAOYSA-N,MJABNDVQJWEDOB,PubChem,891626,
CC(C)(C(=O)O)n1cncn1,Non-blocker,Non-blocker,0,XCYWDFDMXREMCT-UHFFFAOYSA-N,XCYWDFDMXREMCT,PubChem,16192989,
Cc1cc(N2CC[C@H](N3CCC[C@@H]3C)C2)ccc1NC(=O)C1CCOCC1,Non-blocker,Non-blocker,0,RIVHKFKXQNJYDP-PXNSSMCTSA-N,RIVHKFKXQNJYDP,data_herg_dev,CHEMBL2441636,
CCOC(=O)c1ccc(NC(=O)CSc2nc(SC)ns2)cc1,Non-blocker,Non-blocker,0,HOKYKAHREVSREA-UHFFFAOYSA-N,HOKYKAHREVSREA,PubChem,2222528,
COc1ccc(-c2nc(C(=O)O)cs2)cc1OC,Non-blocker,Non-blocker,0,PGSGSXVGWCROPO-UHFFFAOYSA-N,PGSGSXVGWCROPO,PubChem,1473790,
CCn1nc(C)c(NC(=O)C[C@]23C[C@H]4C[C@H](C[C@H](C4)C2)C3)c1C,Non-blocker,Non-blocker,0,LJNVAMCVDXOACC-HGYGSNGRSA-N,LJNVAMCVDXOACC,PubChem,4649296,
COc1cccc([C@H](c2cc3cc(Br)ccc3nc2OC)[C@@](O)(CCN(C)C)c2cc(SC)nc(SC)c2)c1F,Blocker,Blocker,1,SKZNZEIOWNHTPI-POURPWNDSA-N,SKZNZEIOWNHTPI,data_herg_dev,CHEMBL4645626,
Cn1c(NC2CCN(CCc3ccc(-c4nc(C(F)(F)F)no4)cc3)CC2)nc2ccccc21,Blocker,Blocker,1,VBXPPXDBYHPTHE-UHFFFAOYSA-N,VBXPPXDBYHPTHE,PubChem,171350060,36507890
CS(=O)(=O)C1CCN(Cc2ccnc(Nc3ncc(C#N)s3)c2)CC1,Blocker,Blocker,,MAUCYALFIUOTRM-UHFFFAOYSA-N,MAUCYALFIUOTRM,eval_set_herg_70.csv,,
CN(C)CCCn1c2ccccc2c2cnccc21,Non-blocker,Blocker,1,KANHIRFMWXUGCA-UHFFFAOYSA-N,KANHIRFMWXUGCA,PubChem,424220,
COc1cc2ccccc2cc1C(=O)NCCCN1CCOCC1,Non-blocker,Non-blocker,0,AMZLCSLPXNQQFZ-UHFFFAOYSA-N,AMZLCSLPXNQQFZ,PubChem,17462757,
Cc1onc(-c2ccccc2Cl)c1C(=O)N(C)c1ccc(Cl)cc1,Non-blocker,Non-blocker,0,IGRCWJPBLWGNPX-UHFFFAOYSA-N,IGRCWJPBLWGNPX,data_herg_dev,CHEMBL575966,
Cc1cc(Cn2cc(-c3ccc(Cl)cc3)cn2)n(C)n1,Blocker,Blocker,1,IBXQVTJYUTXWOZ-UHFFFAOYSA-N,IBXQVTJYUTXWOZ,data_herg_dev,,
Clc1ccc(-n2nnc(-c3cccnc3Cl)n2)cn1,Blocker,Non-blocker,0,BRPMLPWIXTVLLF-UHFFFAOYSA-N,BRPMLPWIXTVLLF,PubChem,16066528,
C[C@@H](Sc1nnc(C2CC2)n1C1CC1)C(=O)c1ccc(Br)cc1,Blocker,Non-blocker,0,OKFPSDCSTMEAFJ-SNVBAGLBSA-N,OKFPSDCSTMEAFJ,PubChem,16316114,
O=C(OC1CC2CC3CC(C1)[N+]2CC3O)c1c[nH]c2ccccc12,Non-blocker,Non-blocker,,NRNXGMAKBYHOCC-UHFFFAOYSA-N,NRNXGMAKBYHOCC,eval_set_herg_70.csv,,
COc1cc(C=C2CCCC(=Cc3ccc(O)c(OC)c3)C2=O)ccc1O,Non-blocker,Non-blocker,0,DHKKONBXGAAFTB-UHFFFAOYSA-N,DHKKONBXGAAFTB,data_herg_dev,,11366
CC(=O)Oc1c(Sc2ccccc2[N+](=O)[O-])c(C)nn1C(C)(C)C,Non-blocker,Non-blocker,0,GAFJIGVVQLCBPY-UHFFFAOYSA-N,GAFJIGVVQLCBPY,PubChem,756445,
C[C@]12CCC(F)=C[C@H]1C[C@@H](N1CCC[C@@H](N)C1)[C@@H]2Oc1ccc(C#N)cc1,Non-blocker,Blocker,1,ILMXOIIWAMIHIX-GPXNVTIDSA-N,ILMXOIIWAMIHIX,PubChem,145963483,29752182
O=C(Nc1ccc(C(=O)O)cc1)/C(=C\c1ccc2c(c1)OCO2)NC(=O)c1ccc(Br)cc1,Non-blocker,Non-blocker,0,PAGUYHOLNMZIHR-YBFXNURJSA-N,PAGUYHOLNMZIHR,PubChem,16189250,
CC1(C)Oc2ccc(Cl)cc2C2OCC3(CCN(CCn4ccnc4C#N)CC3)CC21,Blocker,Blocker,1,GHIMFAQJMRDPEX-UHFFFAOYSA-N,GHIMFAQJMRDPEX,data_herg_dev,,
COc1ccc(CCNS(=O)(=O)c2ccc(Br)cc2)cc1,Non-blocker,Non-blocker,0,PXXXUXRFAPYCDZ-UHFFFAOYSA-N,PXXXUXRFAPYCDZ,PubChem,1092303,
Cc1nccn1Cc1cn(-c2ccc(Cl)cc2Cl)nn1,Blocker,Blocker,,VYRSMGXIQJIWHO-UHFFFAOYSA-N,VYRSMGXIQJIWHO,eval_set_herg_70.csv,,
O=C1CN(c2ncc(-c3nc4ccncc4n3-c3ccc(F)cc3)cn2)CCN1,Blocker,Blocker,1,LWJXASPQFQUOQO-UHFFFAOYSA-N,LWJXASPQFQUOQO,data_herg_dev,,
CCc1c(C)nc(S[C@@H](C(=O)O)c2ccccc2)c(C#N)c1C,Non-blocker,Non-blocker,0,AQQRHQRTRXHWHV-MRXNPFEDSA-N,AQQRHQRTRXHWHV,PubChem,3776307,
Cc1ccc(CNC(=O)c2c(C)cc(=O)oc2C)cc1,Non-blocker,Non-blocker,0,XNYGTHISOVBPCS-UHFFFAOYSA-N,XNYGTHISOVBPCS,PubChem,3388683,
Nc1ccc2c(c1)C(=Cc1cccnc1)c1ccccc1-2,Non-blocker,Non-blocker,0,ZWYUFWNKPCVDMB-UHFFFAOYSA-N,ZWYUFWNKPCVDMB,PubChem,259941,
Nc1nnc(-c2ccc(C3(c4ccc(OCc5ccccn5)cc4)CCCO3)cn2)o1,Non-blocker,Non-blocker,,IPJNVOACZCOOQN-UHFFFAOYSA-N,IPJNVOACZCOOQN,eval_set_herg_60.csv,,
Cc1ccc(OCCOc2cccc(/C=C3/C(=O)NC(=O)N=C3O)c2)cc1,Non-blocker,Non-blocker,0,QCQXOITVFPKAFQ-UHFFFAOYSA-N,QCQXOITVFPKAFQ,PubChem,2293976,
Cc1nc(NC(=O)COC(=O)CCc2ccccc2)c(Cl)cc1Cl,Non-blocker,Non-blocker,0,HFGLAEQFSDFQIQ-UHFFFAOYSA-N,HFGLAEQFSDFQIQ,PubChem,4786926,
COc1ccccc1O[P@](C)(=O)Nc1ccccc1Br,Non-blocker,Blocker,1,ZCLCHGKTKOATKL-FQEVSTJZSA-N,ZCLCHGKTKOATKL,PubChem,1101260,
Br.C=CCN1CCc2c(cc(O)c(O)c2Cl)C(c2ccccc2)C1,Non-blocker,Blocker,1,WLXGFAVTAAQOFH-UHFFFAOYSA-N,WLXGFAVTAAQOFH,data_herg_dev,,9909521
CC1(c2ccccc2)CCN(C[C@@H]2CCc3cccnc3[C@@H](O)C2)CC1,Non-blocker,Non-blocker,0,YKLQISOTHKATHJ-NQIIRXRSSA-N,YKLQISOTHKATHJ,data_herg_dev,CHEMBL518922,
CN/C(=N\C#N)NCCSCc1nc[nH]c1C,Non-blocker,Non-blocker,,AQIXAKUUQRKLND-UHFFFAOYSA-N,AQIXAKUUQRKLND,eval_set_herg_60.csv,,
C[C@@]1(c2cc(CNC3CC3)c(F)cc2F)CCSC(N)=N1,Non-blocker,Non-blocker,0,ORANLJDZFUCKMO-HNNXBMFYSA-N,ORANLJDZFUCKMO,data_herg_dev,,137641491
Cc1ccc([C@@H]2c3c(-c4ccccc4O)n[nH]c3C(=O)N2Cc2ccncc2)cc1,Non-blocker,Blocker,1,XKLGLMOCXWEWRD-HSZRJFAPSA-N,XKLGLMOCXWEWRD,PubChem,666075,
COc1ccccc1C=O,Blocker,Non-blocker,0,PKZJLOCLABXVMC-UHFFFAOYSA-N,PKZJLOCLABXVMC,PubChem,8658,
Cc1onc(-c2ccccc2)c1C(N)=O,Non-blocker,Non-blocker,0,CFEABDMXHARUJU-UHFFFAOYSA-N,CFEABDMXHARUJU,PubChem,644844,
COc1ccc(CN2CCN(C(c3ccc(F)cc3)c3ccc(F)cc3)CC2)c(OC)c1OC.Cl.Cl,Blocker,Blocker,1,LOGVKVSFYBBUAJ-UHFFFAOYSA-N,LOGVKVSFYBBUAJ,data_herg_dev,,122125
Cc1cc(C(F)(F)F)ccc1NC(=O)c1cc2nc(Nc3c(F)cccc3Cl)[nH]c2c2c1OC(C)(C)C2,Blocker,Blocker,1,IGHAUGKWUXJQHG-UHFFFAOYSA-N,IGHAUGKWUXJQHG,data_herg_dev,CHEMBL4227610,
CS(=O)(=O)N(CC(=O)N1CCN(c2ccccc2)CC1)c1cccc(Br)c1,Non-blocker,Non-blocker,0,PUBSPRZXVRZRAA-UHFFFAOYSA-N,PUBSPRZXVRZRAA,PubChem,1000784,
CN(C)C[C@H]1CCc2cc(NC(=O)c3ccc(-c4ccc(F)cc4)cc3)ccc2C1,Blocker,Blocker,,GXAQELJVODWLDD-SFHVURJKSA-N,GXAQELJVODWLDD,eval_set_herg_60.csv,,
CCCS(=O)(=O)N1CCC(C(=O)Oc2ccc(OC)cc2)CC1,Non-blocker,Non-blocker,0,VKAIWJDWCGWKKM-UHFFFAOYSA-N,VKAIWJDWCGWKKM,PubChem,6471706,
Nc1nc2c(s1)CC[C@H]2C(=O)Nc1ccc(C[C@@H]2CC[C@H]([C@H](O)c3ccccc3)N2)cc1,Blocker,Non-blocker,0,OKIOQHRDFOXEBF-DZCCDHAISA-N,OKIOQHRDFOXEBF,data_herg_dev,CHEMBL3128194,
Cn1c(CCCCN2CC3C[C@]3(c3ccc(C(F)(F)F)cc3)C2)nnc1-c1ccsc1,Blocker,Blocker,1,HFZOTTQLIACSJC-AVKWCDSFSA-N,HFZOTTQLIACSJC,data_herg_dev,,
COC(=O)C1=C(C)N(Cc2ccccc2)C(=O)N[C@H]1c1cccs1,Non-blocker,Non-blocker,0,QSCSZGHILKIHDK-INIZCTEOSA-N,QSCSZGHILKIHDK,PubChem,16745569,
F[C@@H](CCN1CCc2ccccc2CC1)Cc1ccccc1,Blocker,Blocker,1,CXVLJOUFQITMLT-FQEVSTJZSA-N,CXVLJOUFQITMLT,PubChem,155563660,31129453
CC(=O)NN1C(=O)c2ccccc2N[C@H]1c1ccccc1F,Non-blocker,Non-blocker,0,NTXSOQIJJIEZKK-OAHLLOKOSA-N,NTXSOQIJJIEZKK,PubChem,3542370,
Cc1cc(C(N)=O)c(-c2cccc(OC(=O)NCCN3CCN(c4ccccc4)CC3)c2)s1,Blocker,Blocker,1,COGCORROFSOJTQ-UHFFFAOYSA-N,COGCORROFSOJTQ,PubChem,155560181,31518969
CN(C)C1=NC[C@H](Cc2ccccc2)N1CCc1ccc(F)cc1,Blocker,Blocker,1,ZDSGZRKTUVWIJV-IBGZPJMESA-N,ZDSGZRKTUVWIJV,PubChem,25102689,
N#Cc1ccc(OCCCN2CC3CN(CCNS(=O)(=O)c4ccccc4OC(F)(F)F)CC(C2)O3)cc1,Non-blocker,Non-blocker,0,PJTLWZUBYZZRDF-UHFFFAOYSA-N,PJTLWZUBYZZRDF,data_herg_dev,CHEMBL3894551,
C(#Cc1ccc2ccccc2n1)c1ccccn1,Non-blocker,Non-blocker,,IRXAEZFKUGBIIX-UHFFFAOYSA-N,IRXAEZFKUGBIIX,eval_set_herg_70.csv,,
CC1CCN(S(=O)(=O)c2ccc3c(c2)c(=O)c(C(=O)NCc2ccccc2Cl)cn3C)CC1,Non-blocker,Non-blocker,0,XYTWPZFCCYLPBD-UHFFFAOYSA-N,XYTWPZFCCYLPBD,PubChem,9551729,
CCCCCCN1CC(=O)C(c2nc3ccccc3[nH]2)=C1N,Blocker,Non-blocker,0,OJMYSGJGVBORFO-UHFFFAOYSA-N,OJMYSGJGVBORFO,PubChem,135415454,
CCCC[Sn](Cl)(CCCC)CCCC,Non-blocker,Blocker,,GCTFWCDSFPMHHS-UHFFFAOYSA-M,GCTFWCDSFPMHHS,eval_set_herg_70.csv,,
C[C@@H]1CCCN(C(=O)COc2ccc3c(c2)OCO3)C1,Non-blocker,Non-blocker,0,BIKOCNNLAKEMDA-LLVKDONJSA-N,BIKOCNNLAKEMDA,PubChem,6457630,
Nc1ccccc1NC(=O)c1ccc2nc(N3CCNCC3)ccc2c1,Non-blocker,Non-blocker,,BSYRUCVRUZESMD-UHFFFAOYSA-N,BSYRUCVRUZESMD,eval_set_herg_70.csv,,
COCC(F)(F)CN1[C@H](c2ccc(NC3CN(CCCF)C3)cn2)c2ccc3[nH]ncc3c2C[C@H]1C,Blocker,Blocker,1,BFXKWHZHXIVGOE-NSYGIPOTSA-N,BFXKWHZHXIVGOE,data_herg_dev,,
Cc1nc2ccccc2c(=O)n1-c1ccc(Cl)cc1[N+](=O)[O-],Non-blocker,Non-blocker,0,HTAWKILCUXVZHX-UHFFFAOYSA-N,HTAWKILCUXVZHX,PubChem,973017,
N=C(N)NC(=O)c1nc(Cl)c(N2CCCCCC2)nc1N,Blocker,Blocker,1,RQQJJXVETXFINY-UHFFFAOYSA-N,RQQJJXVETXFINY,PubChem,1794,33799173
CCC(O)C(CC(C)N(C)C)(c1ccccc1)c1ccccc1,Non-blocker,Non-blocker,,QIRAYNIFEOXSPW-UHFFFAOYSA-N,QIRAYNIFEOXSPW,eval_set_herg_70.csv,,
CC1(C)CN(Cc2ccccc2)c2ncnc(OC3CCN(Cc4cscn4)CC3)c21,Blocker,Non-blocker,0,PZSZWWKYXIGFLI-UHFFFAOYSA-N,PZSZWWKYXIGFLI,data_herg_dev,CHEMBL2012249,
O=C(Cc1ccc(Cl)cc1)NCC(=O)N1CCCCCC1,Non-blocker,Non-blocker,0,WTMYVSNVRDFGMG-UHFFFAOYSA-N,WTMYVSNVRDFGMG,PubChem,2233784,
CC(C)(C)c1cc(O)c(C(C)(C)C)cc1O,Non-blocker,Non-blocker,,JZODKRWQWUWGCD-UHFFFAOYSA-N,JZODKRWQWUWGCD,eval_set_herg_70.csv,,
CC(C)NCC(O)c1ccc(O)c(O)c1,Non-blocker,Non-blocker,,JWZZKOKVBUJMES-UHFFFAOYSA-N,JWZZKOKVBUJMES,eval_set_herg_70.csv,,
CC(C)n1c(N2CCNC[C@H]2C)nc2c([N+](=O)[O-])c(Br)c(Br)cc21,Blocker,Blocker,1,RQEZRSGZDBMWMH-SECBINFHSA-N,RQEZRSGZDBMWMH,PubChem,135144713,
CCOC(=O)c1ccc([C@@]2(c3cnn(C)c3)N[C@@H](c3ncc(-c4ccc(F)cc4)[nH]3)Cc3c2[nH]c2ccccc32)nc1,Blocker,Blocker,1,YGHVDZPXFIJELZ-HVIPQOSHSA-N,YGHVDZPXFIJELZ,PubChem,118710530,25050159
COc1ccccc1S(=O)(=O)Cc1ccc(C(=O)NCc2ccco2)o1,Non-blocker,Non-blocker,0,AQASZZWTNCKHEB-UHFFFAOYSA-N,AQASZZWTNCKHEB,PubChem,20859700,
COc1cc(NC2CN(CCCF)C2)ccc1[C@]1(C)c2ccc3[nH]ncc3c2C[C@@H](C)N1CC(F)F,Blocker,Blocker,1,PSBJWNCYYQWCMX-CRYYWNKWSA-N,PSBJWNCYYQWCMX,data_herg_dev,,
CCN(CC)c1ccc(NC(=O)CSc2n[nH]c(-c3ccco3)n2)cc1,Non-blocker,Non-blocker,0,OHDAACBGTWUDEX-UHFFFAOYSA-N,OHDAACBGTWUDEX,PubChem,3153462,
OC(c1cccnc1)(c1cccnc1)C(c1ccccc1)N1CCOCC1,Non-blocker,Non-blocker,0,WPLZJOHYEBBPRT-UHFFFAOYSA-N,WPLZJOHYEBBPRT,data_herg_dev,CHEMBL1090794,
COc1ccccc1NC(=S)NCc1ccco1,Non-blocker,Non-blocker,0,QWSMHDHCWJOETE-UHFFFAOYSA-N,QWSMHDHCWJOETE,PubChem,694028,
CCCCN(Cc1cncn1Cc1ccc(C#N)cc1)[C@H]1CCN(Cc2ccccc2)C1=O,Blocker,Blocker,1,AAXGNXOJOSOUQQ-SANMLTNESA-N,AAXGNXOJOSOUQQ,PubChem,10993905,11520202
N#Cc1ccc(NC(=O)[C@H](CN2CC(O)C2)Oc2ncnc3c2cnn3-c2ccccc2Cl)nc1,Non-blocker,Blocker,1,FASYULODQUSDTP-IBGZPJMESA-N,FASYULODQUSDTP,PubChem,57504445,
CC(=O)Nc1cccc(C(=O)NCCc2ccco2)c1,Non-blocker,Non-blocker,0,NTQMBUNRISZRGA-UHFFFAOYSA-N,NTQMBUNRISZRGA,PubChem,9506757,
C[C@@H](CNC(=O)c1ccc2c(c1)OCO2)c1ccc([N+](=O)[O-])cc1,Non-blocker,Non-blocker,0,JCHHLBASVILAJH-NSHDSACASA-N,JCHHLBASVILAJH,PubChem,2956497,
CCCCNS(=O)(=O)/C=C/c1ccccc1,Non-blocker,Non-blocker,0,PZDKTCRAXMQZTK-PKNBQFBNSA-N,PZDKTCRAXMQZTK,PubChem,2442127,
Cc1[nH]nc2c1CN(C1=NC(NCc3c(F)cccc3C(F)(F)F)c3cccc(C(N)=O)c3N1)C2,Blocker,Non-blocker,,WOVAFKFUVFDHBB-UHFFFAOYSA-N,WOVAFKFUVFDHBB,eval_set_herg_70.csv,,
C[C@@H](Oc1ccccc1)C(=O)N1CCN(c2ncccn2)CC1,Non-blocker,Non-blocker,0,AHPCBBGBTGBTRT-CQSZACIVSA-N,AHPCBBGBTGBTRT,PubChem,4805359,
CON(C)C(=O)C[C@@H]1C[C@@H](O)CN1C(=O)OC(C)(C)C,Non-blocker,Non-blocker,0,RABYIHVGOJFWCZ-VHSXEESVSA-N,RABYIHVGOJFWCZ,PubChem,44202083,
C[N+]1CCc2cc3c(cc2C(=O)Cc2ccc4c(c2C1)OCO4)OCO3,Non-blocker,Non-blocker,,LXKNIEWKZKBFNW-UHFFFAOYSA-N,LXKNIEWKZKBFNW,eval_set_herg_70.csv,,
CC(C)N1C(=O)[C@H](NC(=O)[C@@H](Cc2ccccc2F)NC(=O)c2ccc(F)cc2C(F)(F)F)CCc2cc(C(F)(F)F)ccc21,Blocker,Blocker,1,KJUAALNWYDOSAA-JWQCQUIFSA-N,KJUAALNWYDOSAA,data_herg_dev,CHEMBL2391782,
CCC(O)c1ccc(Br)cc1NC(=O)c1cccc(Cl)c1,Non-blocker,Non-blocker,0,CUWSCNYUVZAUCL-UHFFFAOYSA-N,CUWSCNYUVZAUCL,data_herg_dev,CHEMBL529919,
CN(C)c1ccc(C(=O)OCC(=O)NC2CCCCCC2)cc1,Non-blocker,Non-blocker,0,VLJKAQPMZUVCPF-UHFFFAOYSA-N,VLJKAQPMZUVCPF,PubChem,2370496,
COc1ccc(-n2c(-c3ccc(C#N)c(F)c3)nc(C(=O)N3CC[C@H](N)C3)c2C)cc1F,Blocker,Blocker,1,QQRGXMPVIUUEKS-INIZCTEOSA-N,QQRGXMPVIUUEKS,data_herg_dev,CHEMBL4454128,
CCS(=O)(=O)c1ccc2oc(Nc3ccc(OC)cc3)nc2c1,Non-blocker,Non-blocker,0,TVXXOZRJLXWSTF-UHFFFAOYSA-N,TVXXOZRJLXWSTF,PubChem,2379388,
CCCCCCCN(CC)CC#CC(c1ccccc1)c1ccccc1,Blocker,Blocker,1,JAQALBAETFFRFN-UHFFFAOYSA-N,JAQALBAETFFRFN,CUPID,72793381,26125327
CC1(C(=O)N2CC(c3nc(-c4ccc(C(=O)Nc5cc(C(F)(F)F)ccn5)cc4)c4c(N)nccn34)C2)COC1,Blocker,Blocker,1,BNDVRMMWXZWPSL-UHFFFAOYSA-N,BNDVRMMWXZWPSL,CUPID,137642666,28720503
CC1(C)C(=O)N(CCN2CCC(C(=O)c3ccc(F)cc3)CC2)c2ccccc21,Blocker,Blocker,1,KDXISMANFPJVJY-UHFFFAOYSA-N,KDXISMANFPJVJY,PubChem,11957576,
CC(=O)c1cccc(NCC(=O)Nc2cccc(S(=O)(=O)N3CCCCC3)c2)c1,Non-blocker,Non-blocker,0,HEBMEKTZXOWLOQ-UHFFFAOYSA-N,HEBMEKTZXOWLOQ,PubChem,7922758,
Cc1nncn1Cc1cn(-c2ccc(Cl)cc2)nn1,Blocker,Blocker,,LMZPNUTXBLCHOF-UHFFFAOYSA-N,LMZPNUTXBLCHOF,eval_set_herg_70.csv,,
Cc1nc2ccncc2n1C1C[C@H]2CC[C@H](C1)N2CC[C@H](NC(=O)[C@H]1CC[S@@+]([O-])CC1)c1ccc(F)cc1,Blocker,Blocker,1,AMUAUQXXGINWBQ-QKMUSQNXSA-N,AMUAUQXXGINWBQ,data_herg_dev,,
O=C(NCCCCN1CCN(c2cccc(Cl)c2)CC1)c1cc2ccccc2cn1,Blocker,Blocker,1,UPKZNVQHJZHSGN-UHFFFAOYSA-N,UPKZNVQHJZHSGN,PubChem,11654739,19072656
CC(C)(c1cc(Cl)c(O)c(Cl)c1)c1cc(Cl)c(O)c(Cl)c1,Non-blocker,Non-blocker,0,KYPYTERUKNKOLP-UHFFFAOYSA-N,KYPYTERUKNKOLP,PubChem,6619,
Cc1ccccc1Nc1nnc(SCC(=O)NC[C@H]2CCCO2)s1,Non-blocker,Non-blocker,0,MHNNSSORWSSZFW-GFCCVEGCSA-N,MHNNSSORWSSZFW,PubChem,5010408,
CC(C)c1ccc(/C=N/n2c(S)nnc2COc2ccccc2)cc1,Non-blocker,Blocker,1,YKFANCKKNZPYDU-UDWIEESQSA-N,YKFANCKKNZPYDU,PubChem,6860015,
CC(C)Oc1cc(C(c2ccc(C(C)(C)O)nc2)c2ccc(=O)[nH]c2)ccc1OC(F)F,Non-blocker,Non-blocker,0,HNNZHBUCQUZFCY-UHFFFAOYSA-N,HNNZHBUCQUZFCY,data_herg_dev,CHEMBL1673438,
CCCC(=O)Nc1n[nH]c2cc(Br)c(-c3ccc(O)cc3)cc12,Blocker,Non-blocker,0,AAMGKMLHLKEYHR-UHFFFAOYSA-N,AAMGKMLHLKEYHR,data_herg_dev,,
Cc1ccc(CCNC(=O)[C@@H]2CCCN(S(=O)(=O)c3cccs3)C2)cc1,Non-blocker,Non-blocker,0,LHHGDVANXLICJB-QGZVFWFLSA-N,LHHGDVANXLICJB,PubChem,4089362,
COc1cc(NC(=O)C2CCN(c3cnccn3)CC2)cc(OC)c1OC,Non-blocker,Non-blocker,0,CYXBFRZQTIROBN-UHFFFAOYSA-N,CYXBFRZQTIROBN,PubChem,23609712,
C[C@H]1CN(Cc2ccc(CC(=O)N3CCC(Nc4cccc(F)c4)CC3)cc2)CCN1,Non-blocker,Non-blocker,0,RZKDEGZIFSJVNA-IBGZPJMESA-N,RZKDEGZIFSJVNA,data_herg_dev,CHEMBL489095,
Cc1cc(C)cc(OCC(=O)N/N=C/c2ccc([N+](=O)[O-])o2)c1,Non-blocker,Non-blocker,0,IXUHULLLDDBVHD-LZYBPNLTSA-N,IXUHULLLDDBVHD,PubChem,6898878,
Fc1ccc(NC(=S)Nc2nccs2)cc1,Non-blocker,Blocker,1,ZFAMDCCGNXBKRF-UHFFFAOYSA-N,ZFAMDCCGNXBKRF,PubChem,773605,
CCc1cc2cc(OC)c(OC)cc2c(Cc2ccccc2)n1,Non-blocker,Non-blocker,0,MYCMTMIGRXJNSO-UHFFFAOYSA-N,MYCMTMIGRXJNSO,data_herg_dev,,70882
Cc1[nH]nc2c1c(=O)n(CCCN)c1cc3c(cc21)CCCC3,Non-blocker,Blocker,,PRWDHDKGFWVGCB-UHFFFAOYSA-N,PRWDHDKGFWVGCB,eval_set_herg_70.csv,,
O=C(NCCCN1CCCC1=O)c1cnc(NCc2cc(Cl)ccc2Cl)nc1NC1CCCC1,Blocker,Blocker,1,VDKBGBCLPKTOGS-UHFFFAOYSA-N,VDKBGBCLPKTOGS,data_herg_dev,CHEMBL2312303,
Cc1ccc(-c2csc3[nH]cnc(=S)c23)cc1,Blocker,Blocker,1,HHXOKTMWDMZDKB-UHFFFAOYSA-N,HHXOKTMWDMZDKB,PubChem,727655,
O=C(NCC(O)CN1CCC(Oc2ccc(Cl)c(Cl)c2)CC1)c1c[nH]c(=O)cc1C(F)(F)F,Blocker,Blocker,1,SKXJKSJHHFLVAP-UHFFFAOYSA-N,SKXJKSJHHFLVAP,PubChem,CUPID,
COc1ccc(CC(=O)O[C@H](C)C(=O)Nc2ccc(Cl)cn2)cc1,Non-blocker,Non-blocker,0,LFNWGVQCIVAMKI-LLVKDONJSA-N,LFNWGVQCIVAMKI,PubChem,4786321,
Cc1ccccc1[C@@H]1CCc2c(C(=O)N3CCC3)cc3c(nc(C)n3C)c2O1,Blocker,Blocker,1,ZSYMQWFFNGCWPV-FQEVSTJZSA-N,ZSYMQWFFNGCWPV,data_herg_dev,CHEMBL1098861,
CC1(c2ccc(S(N)(=O)=O)cc2)NC(=O)N(CC(=O)c2cccc(OC(F)(F)F)c2)C1=O,Non-blocker,Non-blocker,0,IPXQVLVLQYUQFO-UHFFFAOYSA-N,IPXQVLVLQYUQFO,data_herg_dev,CHEMBL4468599,
N#Cc1cccc2c1CCc1ncc(-c3ccccc3)cc1C2,Blocker,Blocker,1,AAESUDNQMFKPOQ-UHFFFAOYSA-N,AAESUDNQMFKPOQ,PubChem,10063163,19648007
COc1ccc(-c2nc(C3CCN(Cc4ccc(-c5nc6cc[nH]c(=O)c6cc5-c5ccccc5)cc4)CC3)n[nH]2)cn1,Blocker,Blocker,1,JLQPVVYLBVGTJX-UHFFFAOYSA-N,JLQPVVYLBVGTJX,CUPID,11672017,18550373
OC(c1ccc(F)c(-c2ncnc3cc(N4CCOCC4)ccc23)c1)c1c(F)cncc1F,Non-blocker,Non-blocker,0,UTPQVJZOHIQDGB-UHFFFAOYSA-N,UTPQVJZOHIQDGB,data_herg_dev,,
Clc1c(OCCNCc2cccs2)ccc2ccccc12,Non-blocker,Blocker,,JCWJSNIUPWLSJT-UHFFFAOYSA-N,JCWJSNIUPWLSJT,eval_set_herg_70.csv,,
COc1cc(CN2CCN(C3CCC3)C[C@H]2CCO)cc(OC)c1,Non-blocker,Non-blocker,0,HZBHAKQOSKJDCA-QGZVFWFLSA-N,HZBHAKQOSKJDCA,PubChem,23723568,
O=C1N(c2cccnc2C(F)(F)F)CC2(CCN(CCc3ccccc3F)CC2)OC12CC2,Blocker,Blocker,1,QNSPFRSAEHVDGL-UHFFFAOYSA-N,QNSPFRSAEHVDGL,data_herg_dev,CHEMBL4461774,
c1ccc([C@]2(CCNCc3scc4c3CCC4)CCO[C@]3(CCOC3)C2)nc1,Non-blocker,Non-blocker,,LTBSXKNJCNNQFE-DHIUTWEWSA-N,LTBSXKNJCNNQFE,eval_set_herg_60.csv,,
COc1cnc(-c2cccc(F)c2C(F)(F)CNC(=O)c2ccc(COCC(F)(F)F)nc2)cn1,Non-blocker,Non-blocker,0,VLTNDUTWQAZZNQ-UHFFFAOYSA-N,VLTNDUTWQAZZNQ,data_herg_dev,CHEMBL2147317,
COc1ccc(CNC(=O)CN(Cc2ccccc2OC)C(=O)c2csnn2)cc1,Non-blocker,Non-blocker,0,ABHCAMMMFYAZAF-UHFFFAOYSA-N,ABHCAMMMFYAZAF,PubChem,3222281,
CN(C)CCc1c[nH]c2ccc(CS(=O)(=O)N3CCCC3)cc12,Non-blocker,Non-blocker,,WKEMJKQOLOHJLZ-UHFFFAOYSA-N,WKEMJKQOLOHJLZ,eval_set_herg_70.csv,,
CS(=O)(=O)Nc1ccc(C(=O)Nc2ccc(S(=O)(=O)/N=c3\[nH]ccs3)cc2)cc1,Non-blocker,Non-blocker,0,SZCFAPDXBAOJLG-UHFFFAOYSA-N,SZCFAPDXBAOJLG,PubChem,2222432,
CC(=O)[O-].[Hg+]c1ccccc1,Non-blocker,Non-blocker,,XEBWQGVWTUSTLN-UHFFFAOYSA-M,XEBWQGVWTUSTLN,eval_set_herg_70.csv,,
CC(C#N)Oc1ccc(C(O)c2cc(-c3ncnc4cc(N5CCOCC5)ccc34)c(F)cc2Cl)nn1,Non-blocker,Non-blocker,0,JEOIEFCSPPXNAG-UHFFFAOYSA-N,JEOIEFCSPPXNAG,data_herg_dev,,
CCCCN(CCCC)CC[C@H](O)c1cc2c(Cl)cc(Cl)cc2c2c1=CC[C@H](C(F)(F)F)C=2,Blocker,Blocker,,LEKUJLQQZVXLAU-GKVSMKOHSA-N,LEKUJLQQZVXLAU,eval_set_herg_60.csv,,
Cn1cnc(C(=O)N(Cc2cccc(Cl)c2)CC2CCC(N)CC2)c1,Blocker,Non-blocker,0,HXWIDCRJZWCBHN-UHFFFAOYSA-N,HXWIDCRJZWCBHN,data_herg_dev,,
CNc1cc(CCN2CCN(CCc3ccc4c(c3)COC4=O)CC2)ccc1C#N,Blocker,Blocker,1,AMKWVRGTVQDBBV-UHFFFAOYSA-N,AMKWVRGTVQDBBV,CUPID,56970863,24900480
CCOc1ccccc1N1CCN(C(=O)C(F)(F)F)CC1,Non-blocker,Non-blocker,0,BYZCRVDIHJSHCJ-UHFFFAOYSA-N,BYZCRVDIHJSHCJ,PubChem,873682,
CC1CCCN1CCc1ccc(-c2ccc(S(=O)(=O)NCC3CC3)cc2)cc1,Blocker,Blocker,1,COTQUFSBYWGOIV-UHFFFAOYSA-N,COTQUFSBYWGOIV,CUPID,CUPID,
C[C@@H](CCc1ccc(Cl)c(Cl)c1)NCc1ccc(C(F)(F)F)cc1,Blocker,Blocker,1,GGJQHRVUXPWESE-LBPRGKRZSA-N,GGJQHRVUXPWESE,PubChem,52516003,34531947
COc1cc2nc(N3CCN(C(=O)[C@H]4COc5ccccc5O4)CC3)nc(N)c2cc1OC,Blocker,Blocker,1,RUZYUOTYCVRMRZ-HXUWFJFHSA-N,RUZYUOTYCVRMRZ,PubChem,6604102,
Cn1cc(-c2ccc3c(c2)[nH]c2c(C(N)=O)cnc(NC(C4CC4)C4CC4)c23)cn1,Blocker,Blocker,1,MFBHTCKAEJJJMP-UHFFFAOYSA-N,MFBHTCKAEJJJMP,PubChem,42635983,21942426
CCN1C[C@]2(COC)CC[C@H](O)C34C1C([C@H](OC)[C@@H]32)[C@@]1(O)[C@@H](O)[C@H](OC)C2C[C@@H]4[C@@H]1[C@H]2O,Non-blocker,Non-blocker,,FPECZWKKKKZPPP-JIHBGUTISA-N,FPECZWKKKKZPPP,eval_set_herg_70.csv,,
CCCCCCCCCc1cccc(CCCCCCCCC)[n+]1C.O=S(=O)([O-])C(F)(F)F,Blocker,Blocker,1,HWLIXBXTJGJDEH-UHFFFAOYSA-M,HWLIXBXTJGJDEH,data_herg_dev,CHEMBL3590465,
CN(c1ccccc1)S(=O)(=O)c1ccc(NC(=O)c2nc(S(C)(=O)=O)ncc2Cl)cc1,Non-blocker,Non-blocker,0,GVDDPQRQWABRJN-UHFFFAOYSA-N,GVDDPQRQWABRJN,PubChem,16012865,
O=C(CN(Cc1ccco1)C(=O)CNS(=O)(=O)c1ccc(F)cc1)NCc1ccc(F)cc1,Non-blocker,Non-blocker,0,QYQYCUZKCJMDEG-UHFFFAOYSA-N,QYQYCUZKCJMDEG,PubChem,649268,
CC1CCN(CCOc2ccc(C#Cc3ccc(-c4ccc(Cl)cc4)cn3)cc2)CC1,Blocker,Blocker,1,UWQLUXHEVKAZSK-UHFFFAOYSA-N,UWQLUXHEVKAZSK,PubChem,59835728,26112443
CC1(C)Cc2c(c(C(=O)Nc3cc(C(F)(F)F)ccc3F)cc3nc(Nc4c(F)cccc4Cl)[nH]c23)O1,Blocker,Blocker,1,DNVUWMRRGUVVRF-UHFFFAOYSA-N,DNVUWMRRGUVVRF,data_herg_dev,CHEMBL4228804,
CCOc1ccc(NC(=O)C2CCN(S(=O)(=O)c3c(C)n[nH]c3C)CC2)cc1,Non-blocker,Non-blocker,0,PWCNTJKUTANGAU-UHFFFAOYSA-N,PWCNTJKUTANGAU,PubChem,3235948,
CC(C)S(=O)(=O)N[C@H]1CN(C)C[C@@H]1c1ccc(-c2cccc(NS(C)(=O)=O)c2)cc1,Non-blocker,Non-blocker,0,RFQLQHFUQMZUSO-RTWAWAEBSA-N,RFQLQHFUQMZUSO,data_herg_dev,CHEMBL1289960,
Cc1onc(-c2ccc(F)cc2)c1COc1ccc2c(n1)CCN(C(=O)N1CCCCC1)C2,Blocker,Blocker,1,VUEKKKDGNCPLAN-UHFFFAOYSA-N,VUEKKKDGNCPLAN,PubChem,146469004,35584373
C[C@@H](Sc1ccccc1)C(=O)NN=C1CCCCCC1,Non-blocker,Non-blocker,0,SCKIWEXVLOLPLV-CYBMUJFWSA-N,SCKIWEXVLOLPLV,PubChem,3110506,
CCOC(=O)C1(CCOc2ccccc2)CCN(Cc2ccc(COC)o2)CC1,Non-blocker,Non-blocker,0,YRFZEPMOJVTLIU-UHFFFAOYSA-N,YRFZEPMOJVTLIU,PubChem,16191323,
Cc1cccc(N2CCN(CCCNC(=O)c3nc(C)n(-c4ccc5c(c4)OCCO5)c3C)CC2)c1C,Blocker,Blocker,1,PXEUWAFHVKNLLD-UHFFFAOYSA-N,PXEUWAFHVKNLLD,PubChem,54579002,21823597
O=C(NO)C(c1ccc(-c2ncc(C(F)(F)F)cn2)cc1)c1ccccc1F,Non-blocker,Non-blocker,0,LMGDHGQJJLEAPQ-UHFFFAOYSA-N,LMGDHGQJJLEAPQ,data_herg_dev,CHEMBL4456445,
Cc1nccn1C[C@@H](O)COc1ccccc1,Non-blocker,Non-blocker,0,RHTXCFRIEYHAHM-GFCCVEGCSA-N,RHTXCFRIEYHAHM,PubChem,3144349,
CN1CCCC(=C(c2cccs2)c2cccs2)C1,Non-blocker,Blocker,1,JWIXXNLOKOAAQT-UHFFFAOYSA-N,JWIXXNLOKOAAQT,PubChem,5484,
CC(CN(C)C)CN1c2ccccc2[S+]([O-])c2ccc(C#N)cc21,Blocker,Blocker,,KCPHNCFJFKSBMD-UHFFFAOYSA-N,KCPHNCFJFKSBMD,eval_set_herg_70.csv,,
COc1ccc(CCN(C)S(=O)(=O)c2ccc(Cl)nc2)cc1OC,Non-blocker,Non-blocker,0,IJPOHLXHXRPTIF-UHFFFAOYSA-N,IJPOHLXHXRPTIF,PubChem,2552185,
Cc1ccc([C@H]2CC(=O)C(/C=N/CCN3CCN(CC(=O)Nc4cc(C)cc(C)c4)CC3)=C(O)C2)cc1,Non-blocker,Non-blocker,0,HXEOSYDNVNQTGW-OQIVHJAPSA-N,HXEOSYDNVNQTGW,PubChem,135426230,
COc1cc(-n2ccnc(NCCc3ccccc3)c2=O)ccc1OCCN1CCCC1,Blocker,Blocker,1,KJCBAAYRHXGRON-UHFFFAOYSA-N,KJCBAAYRHXGRON,CUPID,23658492,19290642
Cc1onc(-c2ccc(F)cc2)c1COc1ccc2c(n1)CCN(C(=O)C1CCOCC1)C2,Blocker,Blocker,1,CTRXOLVKJBOGRK-UHFFFAOYSA-N,CTRXOLVKJBOGRK,PubChem,153553367,35584373
CN(c1ccccc1)S(=O)(=O)c1cccc(C(=O)N2CCN(C(=O)Cc3ccc(F)cc3)CC2)c1,Non-blocker,Blocker,,KDSHDUKPKXKQFE-UHFFFAOYSA-N,KDSHDUKPKXKQFE,eval_set_herg_60.csv,,
CC(=O)N1CC(=O)N(OCc2ccccc2)[C@@H]1c1ccc(Cl)cc1Cl,Non-blocker,Non-blocker,0,YXMJYAHXRMQRTC-GOSISDBHSA-N,YXMJYAHXRMQRTC,PubChem,6617580,
COc1ccc(S(=O)(=O)Nc2ccccc2C(=O)O[C@@H]2CCCN(C)C2)cc1OC,Non-blocker,Non-blocker,0,KCYGLJHIQOKFQT-OAHLLOKOSA-N,KCYGLJHIQOKFQT,PubChem,6603515,
CC(C)Cn1c(SCC(=O)Nc2ccc3[nH]c(=O)[nH]c3c2)nc2ccccc2c1=O,Non-blocker,Non-blocker,0,QXHQWWLKIBPDFM-UHFFFAOYSA-N,QXHQWWLKIBPDFM,PubChem,24687090,
Cc1nc2ccccc2c2c1C(=O)N=C2O,Non-blocker,Non-blocker,0,RDOYVWRCQYHNHO-UHFFFAOYSA-N,RDOYVWRCQYHNHO,PubChem,611339,
CCOc1ccc(N(CC(=O)NCCSCc2ccccc2Cl)S(C)(=O)=O)cc1,Non-blocker,Non-blocker,0,WWOFBQZQNGOCBY-UHFFFAOYSA-N,WWOFBQZQNGOCBY,PubChem,3120093,
CN1CCC(N(Cc2ccccc2)c2ccccc2)CC1,Blocker,Blocker,1,VZSXTYKGYWISGQ-UHFFFAOYSA-N,VZSXTYKGYWISGQ,PubChem,72075,
O=C(CNC(=O)c1cccc(C(F)(F)F)c1)NC1CN([C@H]2CC[C@@](O)(c3nccs3)CC2)C1,Non-blocker,Non-blocker,0,JLFWTJWOIYEEIK-CYWCHRQTSA-N,JLFWTJWOIYEEIK,data_herg_dev,CHEMBL2204259,
O=C(CN1C(=O)CNC1=O)Nc1cccc(C(F)(F)F)c1,Non-blocker,Non-blocker,0,FDHIMVYDZPETKD-UHFFFAOYSA-N,FDHIMVYDZPETKD,PubChem,2215219,
O=C1O[C@]2(CC[C@H](c3nc4cc(OC(F)(F)F)ccc4[nH]3)CC2)CN1c1ccc(F)cc1,Blocker,Blocker,1,LZYDRCATBMQDRA-KIFPSNHUSA-N,LZYDRCATBMQDRA,PubChem,25072880,20951033
Cc1c(CC(=O)O)c2cc(F)ccc2n1S(=O)(=O)c1ccc(S(C)(=O)=O)cc1,Non-blocker,Non-blocker,,HKLGBZGYRPIFOH-UHFFFAOYSA-N,HKLGBZGYRPIFOH,eval_set_herg_60.csv,,
CN1CCN(CCc2ccc3c(c2)Cc2c(-c4csc(C#CCOc5ccccc5)c4)n[nH]c2-3)CC1,Blocker,Blocker,1,XJODRXDUZDKWPQ-UHFFFAOYSA-N,XJODRXDUZDKWPQ,CUPID,16220960,17425296
COCC1=C(C(=O)N2CCC[C@H]2c2cc(C)no2)[C@@H](c2cc3ccccc3n2C)N2NC(C(F)(F)F)=CC2=N1,Blocker,Blocker,,YROQNLPSSUEPTR-UQBPGWFLSA-N,YROQNLPSSUEPTR,eval_set_herg_70.csv,,
O=C(NCCCCN1CCN(c2ccccc2)CC1)c1ccc2ncccc2c1,Blocker,Blocker,1,OURPZJJZFFKVJH-UHFFFAOYSA-N,OURPZJJZFFKVJH,PubChem,24769156,25343529
CCCCCOC(=O)N1CCN(C(=O)[C@H](CCC(=O)O)NC(=O)c2cc(N3CCC(OCCO)CC3)nc(-c3ccccc3)n2)CC1,Blocker,Blocker,1,IWRWBWOLICVAAY-SANMLTNESA-N,IWRWBWOLICVAAY,data_herg_dev,CHEMBL567709,
C=CCn1c(S)nnc1-c1cc(-c2ccc(C)cc2)nc2ccccc12,Non-blocker,Blocker,1,ZXOWZIPIVCJZBG-UHFFFAOYSA-N,ZXOWZIPIVCJZBG,PubChem,998960,
CNc1ccc2c3c(cccc13)C(=O)N(C)C2=O,Non-blocker,Non-blocker,0,NIHBGKWUSHKFSP-UHFFFAOYSA-N,NIHBGKWUSHKFSP,PubChem,3109741,
C=CC(=O)[O-].CCCC[Sn+](CCCC)CCCC,Non-blocker,Blocker,,YSUXTNDMKYYZPR-UHFFFAOYSA-M,YSUXTNDMKYYZPR,eval_set_herg_70.csv,,
COc1ccc(Oc2nc3c(c(=O)n(C)c(=O)n3C)n2C)cc1,Non-blocker,Non-blocker,0,GWBNWRNVIHHFRS-UHFFFAOYSA-N,GWBNWRNVIHHFRS,PubChem,915026,
Cc1nc2cc(F)ccc2n1C1C[C@H]2CC[C@H](C1)N2CC[C@H](NC(=O)c1cc[n+]([O-])cc1)c1ccc(F)cc1,Blocker,Blocker,1,PTVATNLCXFQULH-SLQPCKNISA-N,PTVATNLCXFQULH,data_herg_dev,,
Cc1ccc(N(C)C(=O)c2c(-c3ccccc3Cl)noc2C)cc1Cl,Non-blocker,Non-blocker,0,WRRGABWWSIAMMJ-UHFFFAOYSA-N,WRRGABWWSIAMMJ,data_herg_dev,CHEMBL576138,
O=C(c1ccccc1)c1cc(Cl)ccc1O,Non-blocker,Non-blocker,,OMWSZDODENFLSV-UHFFFAOYSA-N,OMWSZDODENFLSV,eval_set_herg_70.csv,,
O=C(NCc1ccc(OC(F)(F)F)cc1)[C@H]1c2ccccc2C(=O)N1CCc1ccc(F)cn1,Blocker,Blocker,1,BTTKDIOGEICZEV-OAQYLSRUSA-N,BTTKDIOGEICZEV,PubChem,60201085,22770500
COc1ccc(CCNC(=O)CSc2nc3ccsc3c(=O)n2Cc2ccccn2)cc1OC,Non-blocker,Non-blocker,0,RPSVQFIWXDSZAY-UHFFFAOYSA-N,RPSVQFIWXDSZAY,PubChem,4589215,
C[N+]1CCCC1c1cccnc1,Non-blocker,Non-blocker,,WDLCRPUFOKJNEU-UHFFFAOYSA-N,WDLCRPUFOKJNEU,eval_set_herg_60.csv,,
CCCc1ncnn1Cc1cn(-c2ccc(Cl)cc2)nn1,Blocker,Blocker,1,IWNKFQATMQELSV-UHFFFAOYSA-N,IWNKFQATMQELSV,data_herg_dev,,
COc1ccc(CCNCCCNC(=O)c2ccc([N+](=O)[O-])cc2)cc1OC,Non-blocker,Blocker,1,XEAKAKKNLOUHDV-UHFFFAOYSA-N,XEAKAKKNLOUHDV,CUPID,9845214,15324906
Cc1cc([N+](=O)[O-])nn1CC(=O)N/N=C/c1ccccc1F,Non-blocker,Non-blocker,0,DSROOZAFKQTPTF-VIZOYTHASA-N,DSROOZAFKQTPTF,PubChem,6887572,
CC1COc2c(N3CC[C@@H]([C@@H](N)CC#N)C3)c(F)cc3c(=O)c(C(=O)O)cn1c23,Non-blocker,Non-blocker,0,BDAYFZXWTZOMHU-KLLUJYQVSA-N,BDAYFZXWTZOMHU,data_herg_dev,CHEMBL388043,
CC(C)Oc1ncc(-c2nc(-c3ccc4c(c3)CCNCC4)no2)cc1C#N,Blocker,Blocker,1,BVAJDOKRKXCEOR-UHFFFAOYSA-N,BVAJDOKRKXCEOR,CUPID,44129293,21838322
N[C@@H](CC(=O)N1CCC2CCCC21)Cc1cc(F)c(F)cc1F,Non-blocker,Non-blocker,,WEKSHOSOOGSDKA-YZKWQOGNSA-N,WEKSHOSOOGSDKA,eval_set_herg_70.csv,,
N#Cc1ccc(-c2ccc(C[C@@H](C#N)NC(=O)[C@@H]3CNCCCO3)cc2)cc1,Non-blocker,Non-blocker,0,FCRODBUNBQJNPU-SFTDATJTSA-N,FCRODBUNBQJNPU,data_herg_dev,CHEMBL3927609,
Cc1ccc(C)c(NC(=O)/C(C#N)=C/c2ccc(Sc3nncn3C)c([N+](=O)[O-])c2)c1,Non-blocker,Non-blocker,0,SIZIDCYOWXEZNR-CXUHLZMHSA-N,SIZIDCYOWXEZNR,PubChem,2079173,
CC(C)(C)S(=O)(=O)c1ccc2nccc(Nc3[nH]nc4ncc(F)cc34)c2c1,Blocker,Non-blocker,,PMBRUJZGSHBGAZ-UHFFFAOYSA-N,PMBRUJZGSHBGAZ,eval_set_herg_70.csv,,
Cc1c(C(=O)OCC(=O)N(CC(C)C)c2c(N)n(Cc3ccccc3)c(=O)[nH]c2=O)oc2ccccc12,Non-blocker,Non-blocker,0,CRMCDZKRQHJZLX-UHFFFAOYSA-N,CRMCDZKRQHJZLX,PubChem,25162355,
CC(=O)Nc1ccc(S(=O)(=O)Nc2ccccc2C(=O)c2ccc(F)cc2)cc1,Non-blocker,Blocker,1,AQQKEFJPLRCHQX-UHFFFAOYSA-N,AQQKEFJPLRCHQX,data_herg_dev,CHEMBL516783,
COCCCc1cc(CCC(=O)N2CCOCC2)c(Cl)c(CN(C(=O)[C@H]2CNCC[C@@]23OCc2cc(F)c(F)cc23)C2CC2)c1,Blocker,Non-blocker,0,HVSAPLYLNVBLPG-MYVCOICNSA-N,HVSAPLYLNVBLPG,data_herg_dev,CHEMBL1923132,
Cc1c(OCCN(C)CCCF)ncc(F)c1[C@@H]1c2[nH]c3ccc(F)cc3c2C[C@@H](C)N1CCC(=O)O,Non-blocker,Non-blocker,0,IFPIYUWYLHTNBQ-AKJBCIBTSA-N,IFPIYUWYLHTNBQ,data_herg_dev,,
O=C(N[C@H](Cc1ccccc1)C(=O)O)C1CCCCC1,Non-blocker,Non-blocker,0,TYZXWNYMZXLYSH-CQSZACIVSA-N,TYZXWNYMZXLYSH,PubChem,2957649,
CCN(CCC#N)c1ccc(N2C(=O)CCCC2=O)cc1[N+](=O)[O-],Non-blocker,Non-blocker,0,SFSKWXSQQNQQFF-UHFFFAOYSA-N,SFSKWXSQQNQQFF,PubChem,5087365,
Cc1ccc(-n2cc(Cn3ccnc3C3CC3)nn2)cc1F,Blocker,Blocker,1,UZACFXZVMOVAMD-UHFFFAOYSA-N,UZACFXZVMOVAMD,data_herg_dev,,
COc1cc(/C=C/c2nc3cc(C(F)(F)F)ccc3c(=O)[nH]2)ccc1-n1cnc(C)c1,Blocker,Blocker,1,QAEMGFYZPCEQNW-XBXARRHUSA-N,QAEMGFYZPCEQNW,PubChem,136030610,21190851
Cc1cc(-c2c(Cl)cc(Cl)cc2OCCCC(F)(F)F)nc(N)n1,Blocker,Non-blocker,0,GBFWYMWIESHQSG-UHFFFAOYSA-N,GBFWYMWIESHQSG,data_herg_dev,CHEMBL1774835,
Cc1cccc(C)c1NC(=O)C1CCCC[N+]1CC1CC1,Non-blocker,Non-blocker,,FPYCEXHFFXGXBX-UHFFFAOYSA-N,FPYCEXHFFXGXBX,eval_set_herg_60.csv,,
CCCCNC(=O)c1ccccc1C(=O)NC1(C(=O)NCCCC)CCCC1,Blocker,Non-blocker,0,CZMVRLJXPGJEPT-UHFFFAOYSA-N,CZMVRLJXPGJEPT,PubChem,254457,
CCOC[C@H](O)CNc1ccccc1,Non-blocker,Blocker,1,PBBMWKQVDGRHFO-LLVKDONJSA-N,PBBMWKQVDGRHFO,PubChem,3144954,
CCOc1ccccc1NC(=O)C(=O)CC(=O)c1cccc(OC)c1,Blocker,Blocker,1,CDQUMDCAQPZUSI-UHFFFAOYSA-N,CDQUMDCAQPZUSI,PubChem,15993602,
c1ccc(CN2CCC3(CCCc4ccccc43)CC2)cc1,Blocker,Blocker,1,MLDCBJPLHBPJET-UHFFFAOYSA-N,MLDCBJPLHBPJET,PubChem,11957591,
Cc1ccc(-c2csc(NC(=O)c3c(C)noc3C)n2)cc1C,Non-blocker,Non-blocker,0,RRGVRVVSLFWVBC-UHFFFAOYSA-N,RRGVRVVSLFWVBC,PubChem,2649212,
CCN[C@H]1CCC[C@@H](c2c[nH]c3ccc(NC(=N)c4cccs4)cc23)C1.Cl,Non-blocker,Non-blocker,0,MRZYSDFMLQKBFH-LIOBNPLQSA-N,MRZYSDFMLQKBFH,data_herg_dev,CHEMBL2036275,
Cc1cc(Nc2ccc(C)c(C)c2)n2nc(C)nc2n1,Non-blocker,Non-blocker,0,XRJCWTJMHMNQSW-UHFFFAOYSA-N,XRJCWTJMHMNQSW,PubChem,5308127,
Cc1cccc(N2CCN(C(=O)CSCc3c(C)noc3C)CC2)c1C,Non-blocker,Non-blocker,0,UOYXGXJBTVISCR-UHFFFAOYSA-N,UOYXGXJBTVISCR,PubChem,2537506,
Cc1cc(C(=O)COc2ccc([N+](=O)[O-])cc2)c(C)n1C1CC1,Blocker,Non-blocker,0,VROZZQPUKPEVGI-UHFFFAOYSA-N,VROZZQPUKPEVGI,PubChem,2632406,
C[C@H]1CN(C(=O)Nc2cc(-c3cn([C@H]4CC[C@@](C)(O)CC4)c4cnccc34)ccn2)C[C@@H](C)O1,Non-blocker,Non-blocker,0,DVAPZHWLOXXNFN-CNFHUIMDSA-N,DVAPZHWLOXXNFN,data_herg_dev,CHEMBL4640031,
O=C(NCc1ccc(OC(F)(F)F)cc1)[C@H]1c2ccccc2C(=O)N1CCc1ncc(F)cn1,Blocker,Blocker,1,LLBIIUQCQIOLNG-HXUWFJFHSA-N,LLBIIUQCQIOLNG,PubChem,44544851,22770500
C[C@@H](NC(=O)c1ccc(Br)cc1)c1ccc2c(c1)CCCC2,Blocker,Blocker,1,LGRVTQRSFAJKGX-CYBMUJFWSA-N,LGRVTQRSFAJKGX,PubChem,2947526,
O=C(NC(c1ccccc1)c1ccccc1)[C@H]1CCCO1,Non-blocker,Non-blocker,0,FEBNVVLYNYNCCP-MRXNPFEDSA-N,FEBNVVLYNYNCCP,PubChem,3155117,
CS(=O)(=O)Nc1ccc(CCC(=S)NNC(=S)Nc2ccc(Cl)c(Cl)c2)cc1,Non-blocker,Non-blocker,0,VLRINXGIZRAETH-UHFFFAOYSA-N,VLRINXGIZRAETH,data_herg_dev,,
O=C(O)c1cccc(-c2c[nH]c(C3Cc4c([nH]c5ccccc45)C(C4CCOCC4)N3)n2)c1,Blocker,Blocker,1,SIMQECNDFGYXME-UHFFFAOYSA-N,SIMQECNDFGYXME,PubChem,CUPID,
Cc1noc(C2=CC3(CCN(CC4CCCO4)CC3)c3ccccc32)n1,Blocker,Blocker,1,IYFZIDFBNBUVFR-UHFFFAOYSA-N,IYFZIDFBNBUVFR,data_herg_dev,,
Cc1nc(N2CCOCC2)[nH]c(=O)c1C,Non-blocker,Non-blocker,0,DUTJHIKWYPKTQW-UHFFFAOYSA-N,DUTJHIKWYPKTQW,PubChem,135441628,
CCCCNC(=S)N(CCCN(C)C)Cc1cc2cc3c(cc2[nH]c1=O)OCO3,Non-blocker,Non-blocker,0,PJVAUVZDZNJCFM-UHFFFAOYSA-N,PJVAUVZDZNJCFM,PubChem,3176050,
CCCC[C@H](CN(O)C=O)C(=O)N1CC=C[C@H]1C(=O)Nc1ncc(C)s1,Blocker,Blocker,1,IONAYMMNCUOZSW-KGLIPLIRSA-N,IONAYMMNCUOZSW,data_herg_dev,CHEMBL1082644,
O=C(O)C1CCC2(CCN(c3ccc(-c4nc5ccc(C(F)(F)F)cc5[nH]4)cn3)CC2)OC1,Blocker,Non-blocker,0,IJJJIHLGDRRLBO-UHFFFAOYSA-N,IJJJIHLGDRRLBO,data_herg_dev,,56603115
CSc1ccc(/C=N/n2c(S)nnc2Cc2ccc(Br)cc2)cc1,Blocker,Blocker,1,URFUQJAEOWIRHF-YBFXNURJSA-N,URFUQJAEOWIRHF,PubChem,6905436,
CC[Hg]Sc1ccccc1C(=O)[O-].[Na+],Non-blocker,Non-blocker,0,RTKIYNMVFMVABJ-UHFFFAOYSA-L,RTKIYNMVFMVABJ,data_herg_dev,,16684434
COc1ccccc1NC(=O)N1CCC[C@@H]1C(=O)NCCc1ccccc1,Non-blocker,Non-blocker,0,LZDJAACQMRTZMI-GOSISDBHSA-N,LZDJAACQMRTZMI,PubChem,3219723,
CC1=C(c2ccc(OCCCN3CCCC3)cc2)Oc2ccccc2S1,Blocker,Blocker,1,DREYZGCIOLBBDK-UHFFFAOYSA-N,DREYZGCIOLBBDK,CUPID,45268290,19520574
CCC[N+](CCC)(CCC)CCC,Non-blocker,Non-blocker,,OSBSFAARYOCBHB-UHFFFAOYSA-N,OSBSFAARYOCBHB,eval_set_herg_60.csv,,
CN(C)c1cccc(C2CCN(CCNC(=O)C3CCOCC3)CC2)n1,Non-blocker,Blocker,1,CRPFIYXBQORQJX-UHFFFAOYSA-N,CRPFIYXBQORQJX,data_herg_dev,,
CC1(C)C[C@@H](NC(=O)C(C)(C)O)c2cc(-c3ccc(Cl)cc3)c(-c3ccc(Cl)cc3Cl)nc2O1,Blocker,Blocker,1,WLWQLJYOYMGFPD-OAQYLSRUSA-N,WLWQLJYOYMGFPD,PubChem,24992427,20423086
CCCCCCCN(CC)CC#CCOCc1ccc(Cl)cc1,Blocker,Blocker,1,QSZCBTWTEDQPQC-UHFFFAOYSA-N,QSZCBTWTEDQPQC,CUPID,72793447,24224763
COc1ccccc1Oc1coc2c(CN3CCOCC3)c(O)ccc2c1=O,Non-blocker,Non-blocker,0,BOJRLSQUJNZUDN-UHFFFAOYSA-N,BOJRLSQUJNZUDN,PubChem,5939116,
O=C(C(=O)N1CCN(c2ccc(F)cc2)CC1)c1c[nH]c2ccccc12,Non-blocker,Non-blocker,0,REFPPQQWJGNSBN-UHFFFAOYSA-N,REFPPQQWJGNSBN,PubChem,7087091,
Cc1nccn1Cc1cn(-c2cccc(S(C)(=O)=O)c2)nn1,Blocker,Blocker,1,FTODECXLANNKPC-UHFFFAOYSA-N,FTODECXLANNKPC,data_herg_dev,,
OC(c1cc(-c2ncnc3cc(N4CCOCC4)ccc23)ccc1F)c1cccc2nncn12,Non-blocker,Non-blocker,0,GEQVWQSNVNSBLE-UHFFFAOYSA-N,GEQVWQSNVNSBLE,data_herg_dev,,
COc1ccc(CC(=O)Nc2cc3c(cc2[N+](=O)[O-])OC(C)(C)C(O)C3NC2CC2)cc1,Blocker,Non-blocker,0,HWADWMAQVCHLHJ-UHFFFAOYSA-N,HWADWMAQVCHLHJ,data_herg_dev,,
CC(C)(C)c1nnc2sc(SCC(=O)[C@H](C#N)c3nc4ccccc4[nH]3)nn2c1=O,Non-blocker,Non-blocker,0,OTDYBJYVFBJBSF-JTQLQIEISA-N,OTDYBJYVFBJBSF,PubChem,2546625,
COc1ccc([C@]23CC[C@@H](N(CCCN4CCN(C)CC4)C(=O)Nc4ccc(F)c(C(F)(F)F)c4)[C@H]2C3)cn1,Blocker,Blocker,1,FTASEOJYFQDDTN-LSCGWGKXSA-N,FTASEOJYFQDDTN,data_herg_dev,CHEMBL377664,
CC(C)N1C(=O)[C@H](NC(=O)[C@@H](Cc2c(F)cccc2C(F)(F)F)NC(=O)OC(C)(C)C)CCc2ccccc21,Blocker,Blocker,1,GCNBHLMIBIUQQO-FGZHOGPDSA-N,GCNBHLMIBIUQQO,data_herg_dev,CHEMBL247648,
CC(C)N1CCN([C@@H]2CCc3ccc(OCc4noc(-c5ccc(Cl)cc5)n4)cc32)CC1,Blocker,Blocker,1,BEXPSWDCLXOHKK-HSZRJFAPSA-N,BEXPSWDCLXOHKK,PubChem,44438461,17257843
Clc1ccc(-n2c(-c3cnc(N4CCNCC4)o3)nc3ccncc32)cc1,Blocker,Blocker,,FGEUFBBIOSZEBO-UHFFFAOYSA-N,FGEUFBBIOSZEBO,eval_set_herg_70.csv,,
O=C(Nc1ccc(OC(F)(F)F)cc1)c1cccc(CN2CCOCC2)c1,Non-blocker,Blocker,1,MYWULUKAXYAFSH-UHFFFAOYSA-N,MYWULUKAXYAFSH,PubChem,134814272,30137981
NS(=O)(=O)c1cccc(CN(c2cccc3[nH]ccc23)C2CCNCC2)c1,Blocker,Blocker,,NBOMLQZMNMIYJK-UHFFFAOYSA-N,NBOMLQZMNMIYJK,eval_set_herg_70.csv,,
O=C(NCc1ccncc1)C1CCN(S(=O)(=O)c2cc(Cl)ccc2Cl)CC1,Non-blocker,Non-blocker,0,YRAUVDAHAFUMRH-UHFFFAOYSA-N,YRAUVDAHAFUMRH,PubChem,1078708,
Cl.OCCC/C(=C(\c1ccc(O)cc1)c1ccc(C2CCNCC2)cc1)c1ccccc1,Blocker,Non-blocker,0,ASRUDRRSDDQRHE-RXQWRGDBSA-N,ASRUDRRSDDQRHE,data_herg_dev,CHEMBL4743534,
CCCCC(N1CCOCC1)C(O)(c1cccnc1)c1cccnc1,Non-blocker,Non-blocker,0,MHMGSQRAIMZTJJ-UHFFFAOYSA-N,MHMGSQRAIMZTJJ,data_herg_dev,CHEMBL1088803,
O=C(NC1CCCCC1)C(C1CCCCC1)n1c(-c2ccc(Cl)cc2)nc2cc(F)c(F)cc21,Blocker,Blocker,1,YOGIUKKDKOWWHX-UHFFFAOYSA-N,YOGIUKKDKOWWHX,PubChem,CUPID,
COc1cc(-c2cn([C@@H]3CCc4ccccc4N(Cc4ccccc4)C3=O)nn2)ccc1-n1cnc(C)c1,Blocker,Blocker,1,MPGWLSFOOKKDCL-MUUNZHRXSA-N,MPGWLSFOOKKDCL,PubChem,59472698,26212776
CCN1C[C@]2([N+](=O)[O-])CC=C(OC)[C@]([N+](=O)[O-])(C1)C2,Non-blocker,Non-blocker,0,JDKWUZZQGAMSQJ-WDEREUQCSA-N,JDKWUZZQGAMSQJ,PubChem,4368792,
CNC(=O)C(c1ccc(F)c(-c2ncnc3cc(N4CCOCC4)ccc23)c1)c1ncccc1Cl,Non-blocker,Non-blocker,0,UUVNBMVWHDQRNZ-UHFFFAOYSA-N,UUVNBMVWHDQRNZ,data_herg_dev,,
c1ccc(-c2[nH]c3ccccc3c2C2CCC[N+]C2)cc1,Blocker,Blocker,,HRNJHHNQCSRILM-UHFFFAOYSA-N,HRNJHHNQCSRILM,eval_set_herg_70.csv,,
Cc1cc(Nc2ncc(C)c(Nc3ccccc3S(=O)(=O)C(C)C)n2)c(OC(C)C)cc1C1CCN(C)CC1,Blocker,Blocker,1,UARGTPGGYPAFBV-UHFFFAOYSA-N,UARGTPGGYPAFBV,CUPID,25160153,23742252
COc1ccccc1CCN1CCN(CCc2ccccc2OC)CC1,Blocker,Blocker,1,YHJWAFQSMFXGPG-UHFFFAOYSA-N,YHJWAFQSMFXGPG,PubChem,155516670,27524311
Cc1c2cc(-n3ccc(OCc4csc(C(F)(F)F)c4)cc3=O)ccc2nn1C1CC1,Blocker,Blocker,1,FAALBEAEXAFDGY-UHFFFAOYSA-N,FAALBEAEXAFDGY,data_herg_dev,CHEMBL3578244,
Cc1ccc(Nc2c3c(nc4ncnn24)C[C@H](C)CC3)cc1,Non-blocker,Non-blocker,0,IKGHVWYQGAONOF-GFCCVEGCSA-N,IKGHVWYQGAONOF,PubChem,3231382,
O=C1NCc2ccc(OCCCCN3CCN(c4cccc5cc(F)c(F)cc45)CC3)cc21,Blocker,Blocker,1,BPPQBAPLPIUPNT-UHFFFAOYSA-N,BPPQBAPLPIUPNT,PubChem,25069180,20801650
O=C(NC1CCCCC1)NS(=O)(=O)c1ccc(OCCCN2CCCC2)cc1,Non-blocker,Non-blocker,0,IRUWIVOYJKKKRQ-UHFFFAOYSA-N,IRUWIVOYJKKKRQ,data_herg_dev,CHEMBL2024397,
CCc1cc2c(=O)c(-c3cscn3)coc2cc1O,Non-blocker,Non-blocker,0,SKYWLACZIYMUCG-UHFFFAOYSA-N,SKYWLACZIYMUCG,PubChem,5389037,
CC[C@@H](NC(=O)c1cc(C(=O)N2CCC[C@@H]2C(F)(F)F)n2c1COCC2)c1ccc(C(F)(F)F)nc1,Blocker,Blocker,1,OOTYVFPUEZJGJY-DNVCBOLYSA-N,OOTYVFPUEZJGJY,data_herg_dev,CHEMBL4114380,
O=S(=O)(Nc1ncccn1)c1ccc2c(c1)OCC[C@@H]2c1ccc(C(F)(F)F)cc1-c1ccc(F)nc1,Blocker,Blocker,1,PJJRXLNEXFKPRZ-LJQANCHMSA-N,PJJRXLNEXFKPRZ,data_herg_dev,CHEMBL4637917,
CCOc1cc(CN2CC3(CC(N4CCC(C)(C(=O)O)CC4)=NO3)C2)cc(CC)c1-c1ccc(F)cc1,Non-blocker,Non-blocker,0,GEBQVNIDXJDSIY-UHFFFAOYSA-N,GEBQVNIDXJDSIY,data_herg_dev,CHEMBL4060897,
CC(C)N(C)[C@@H]1CC[C@H](N2CC[C@H](NC(=O)c3cccc(C(F)(F)F)c3)C2=O)[C@H](NS(C)(=O)=O)C1,Non-blocker,Blocker,1,KCGHNEUWTNNXMF-WCIQWLHISA-N,KCGHNEUWTNNXMF,data_herg_dev,CHEMBL4463290,
CC(C)(C)NC(=O)Cn1nnc(-c2ccccc2NC(=O)c2cnccn2)n1,Non-blocker,Non-blocker,0,SYSJWYPCBXZOIS-UHFFFAOYSA-N,SYSJWYPCBXZOIS,PubChem,1081043,
COc1cc2nc([C@@H](CNC(=O)c3c(Cl)cc(-n4cnc(C)n4)cc3Cl)c3cccc(F)c3)[nH]c2cc1Cl,Non-blocker,Non-blocker,0,TYWWABBJXVGGPH-KRWDZBQOSA-N,TYWWABBJXVGGPH,data_herg_dev,CHEMBL3627894,
Cc1nc(C)n(Cc2cn(-c3ccccc3)nn2)n1,Blocker,Blocker,1,KTZHEMRJQDFTCV-UHFFFAOYSA-N,KTZHEMRJQDFTCV,data_herg_dev,,
COc1ccc(C2(O)CCC(N3CC(NC(=O)CNC(=O)c4cccc(C(F)(F)F)c4)C3)CC2)cc1,Blocker,Blocker,1,UARNPVFEWLAVGQ-UHFFFAOYSA-N,UARNPVFEWLAVGQ,CUPID,CUPID,
CCn1nc(NS(=O)(=O)c2ccc(NC(C)=O)cc2)c2cc3ccccc3nc21,Non-blocker,Non-blocker,0,NXZLRFPCVOCDCX-UHFFFAOYSA-N,NXZLRFPCVOCDCX,PubChem,4902281,
O[C@@H]1c2ccc(OCc3ccccc3-c3ccccc3)cc2CC[C@H]1CCN1CCC(c2ccccc2)CC1,Blocker,Blocker,,DMAQQUULTGXWQK-ARPOTICCSA-N,DMAQQUULTGXWQK,eval_set_herg_60.csv,,
CCOC(=O)c1cc(-c2ccccc2)n(CC(=O)NC(C)(C)C)c1C,Non-blocker,Non-blocker,0,JSRTXPSEKQNQQD-UHFFFAOYSA-N,JSRTXPSEKQNQQD,PubChem,4117540,
CCCN(c1ccon1)P(=O)(c1ccccc1)c1ccccc1,Non-blocker,Non-blocker,0,JFDYRYFOZRGFBC-UHFFFAOYSA-N,JFDYRYFOZRGFBC,data_herg_dev,CHEMBL2312918,
COc1ccc(N2CCN(CC(O)COc3ccc(C(F)(F)F)cc3)CC2)cc1,Blocker,Blocker,1,QBPXUAYGFJZVGO-UHFFFAOYSA-N,QBPXUAYGFJZVGO,data_herg_dev,,
O=c1nc2n(c3ncccc13)CCC2,Non-blocker,Non-blocker,0,PAQBMXVPXRLAPE-UHFFFAOYSA-N,PAQBMXVPXRLAPE,PubChem,2324372,
COc1ccc(CC(=O)N2CCN(c3ccccc3)CC2)cc1OC,Non-blocker,Non-blocker,0,RKANZFVMJQLDRG-UHFFFAOYSA-N,RKANZFVMJQLDRG,PubChem,783637,
CNC(=O)c1c(-c2ccc(F)cc2)oc2cc(N(C)S(C)(=O)=O)c(-c3ccc4ncn5c6cccc(F)c6cc5c4n3)cc12,Non-blocker,Non-blocker,0,QUQQSAYJYFXNAN-UHFFFAOYSA-N,QUQQSAYJYFXNAN,data_herg_dev,CHEMBL4590062,
O=C1OCc2cc(CCC3CCN(C(=O)Cc4ccc(-n5cnnn5)cc4)CC3)ccc21,Blocker,Blocker,1,VGZWIKVDBMDIPI-UHFFFAOYSA-N,VGZWIKVDBMDIPI,PubChem,89449230,27017115
Nc1ccc(C(=O)N/N=C/c2c[nH]c3ccccc23)cc1,Non-blocker,Non-blocker,0,DNOUEHZWQLCZLP-VXLYETTFSA-N,DNOUEHZWQLCZLP,PubChem,135786406,
Cc1cc(NC2CCc3ccc(Cl)cc3C2)n2nc(C(C)(F)F)nc2n1,Blocker,Blocker,1,MIVYUYYPBSQCPE-UHFFFAOYSA-N,MIVYUYYPBSQCPE,PubChem,CUPID,
O=C(COC(=O)Cn1cnc2ccccc21)Nc1ccc2c(c1)C(=O)c1ccccc1C2=O,Blocker,Non-blocker,0,GTXSEHLWOBGWRN-UHFFFAOYSA-N,GTXSEHLWOBGWRN,PubChem,4013082,
Cc1cccc(NC(=O)C[C@H]2S/C(=N/c3nccs3)N(C)C2=O)c1,Non-blocker,Non-blocker,0,CFZTVNPUPMJBGS-OHEASWGXSA-N,CFZTVNPUPMJBGS,PubChem,5786688,
Cc1ccc(O)c([C@H](CC[N+](C(C)C)C(C)C)c2ccccc2)c1,Non-blocker,Blocker,,WGOANEPMJOTKQS-HXUWFJFHSA-N,WGOANEPMJOTKQS,eval_set_herg_70.csv,,
COCC(C)(C)C(=O)NCCN1CCC(c2cccc(C(F)(F)F)n2)CC1,Blocker,Non-blocker,0,VLVHBCCFLHBDRZ-UHFFFAOYSA-N,VLVHBCCFLHBDRZ,data_herg_dev,,
COc1ccc(NC(=O)[C@H]2CCCCN2S(=O)(=O)c2ccc(F)cc2)c(OC)c1,Non-blocker,Non-blocker,0,JQXWYJCUDRTLMO-GOSISDBHSA-N,JQXWYJCUDRTLMO,PubChem,3242199,
CC(C(=O)NS(=O)(=O)c1ccccc1Cl)c1ccc(OS(=O)(=O)C(F)(F)F)cc1,Blocker,Blocker,,BKRDIDRNJIXOCB-UHFFFAOYSA-N,BKRDIDRNJIXOCB,eval_set_herg_70.csv,,
COc1ccc(CCNC(=O)Cn2cnc3c(nnn3Cc3ccccc3F)c2=O)cc1OC,Non-blocker,Non-blocker,0,RZWSFOOIESDEIA-UHFFFAOYSA-N,RZWSFOOIESDEIA,PubChem,3242547,
COc1ccc(OC)c(C(=O)c2ccc(C(=O)N3CCN(Cc4csc(C)n4)CC3)cc2)c1,Non-blocker,Non-blocker,0,NJTYAYAQWFZYLS-UHFFFAOYSA-N,NJTYAYAQWFZYLS,PubChem,2945389,
CC(C)N1CCCC(CN2CCN(C(=O)Nc3ccc(Cl)c(Cl)c3)CC2)C1,Blocker,Blocker,1,MRWPMHPRTUDIMC-UHFFFAOYSA-N,MRWPMHPRTUDIMC,CUPID,CUPID,
O=S(=O)(c1ccc(F)cc1)n1ccc(-c2cccc(OCc3c(F)cccc3Cl)c2)n1,Blocker,Non-blocker,0,LLHKKDPTQAADSD-UHFFFAOYSA-N,LLHKKDPTQAADSD,PubChem,1477577,
CCCCCCC(C(C)O)n1cnc2c(N)ncnc21,Blocker,Non-blocker,,IOSAAWHGJUZBOG-UHFFFAOYSA-N,IOSAAWHGJUZBOG,eval_set_herg_60.csv,,
O=C(NCc1ccccc1)[C@@H]1CCC[C@H]1C(O)CCc1cccc(OC(F)(F)F)c1,Blocker,Blocker,1,MUMKGUWBPCCLCG-OSBQEZSISA-N,MUMKGUWBPCCLCG,data_herg_dev,CHEMBL203440,
NC(=O)CNCCC(c1ccccc1)c1ccccc1,Blocker,Non-blocker,0,BYGXICRJQZKUPA-UHFFFAOYSA-N,BYGXICRJQZKUPA,data_herg_dev,CHEMBL1255662,
CC(C)[C@]1(C(=O)N2C[C@@H]3C[C@H]2CN3C(=O)C(C)(C)C)CC[C@@H](NC2CCOCC2)C1,Blocker,Blocker,1,LHECWLXLHXBQRA-XUJKJYMVSA-N,LHECWLXLHXBQRA,data_herg_dev,CHEMBL1684688,
O=C(CN1CCN(C(=O)c2c(F)cccc2F)CC1)Nc1ccccc1C(F)(F)F,Non-blocker,Non-blocker,0,IVRJGAOKISUBAZ-UHFFFAOYSA-N,IVRJGAOKISUBAZ,PubChem,5077264,
CNC(=S)Nc1sc2c(c1C(=O)OC)CCC2,Blocker,Blocker,1,RLOYILWRARHJMJ-UHFFFAOYSA-N,RLOYILWRARHJMJ,PubChem,3594117,
CC(C)[N+](CCC(C(N)=O)(c1ccccc1)c1ccccn1)C(C)C,Non-blocker,Non-blocker,,STPBPBCNILSKEC-UHFFFAOYSA-N,STPBPBCNILSKEC,eval_set_herg_70.csv,,
Cc1ccc2c(N3CCN(CCc4cccc(NS(C)(=O)=O)c4)CC3)cccc2n1,Blocker,Blocker,1,XKHJTHWUWGJDOX-UHFFFAOYSA-N,XKHJTHWUWGJDOX,PubChem,49850870,21053897
COc1ccccc1C[C@@H](C(=O)O)N1CCC(CN2CCC(Oc3ccc(Cl)c(Cl)c3)CC2)CC1,Non-blocker,Blocker,1,VOPUEJLKUSXAOZ-VWLOTQADSA-N,VOPUEJLKUSXAOZ,PubChem,71072104,23021991
C=CC(=O)Nc1cccc(Nc2ncnc(N)c2-c2ccc(Oc3ccccc3)cc2)c1,Blocker,Blocker,1,LTEDLCRFOMFLOT-UHFFFAOYSA-N,LTEDLCRFOMFLOT,PubChem,71474167,31368705
Cc1cc(C#N)nc(C)c1C(=O)N1CCC(C)(N2CCC(N3C(=O)N(C4CCOCC4)C[C@H]3c3ccccc3)CC2)CC1,Non-blocker,Blocker,1,CAWUSVSAJWVLIE-PMERELPUSA-N,CAWUSVSAJWVLIE,PubChem,46890344,20457517
O=C(C[C@@]12C[C@@H]3C[C@@H](C[C@@](Br)(C3)C1)C2)OCCN1CCCCC1,Non-blocker,Non-blocker,0,BDNLUVYZRWCVLO-YOQCTACHSA-N,BDNLUVYZRWCVLO,PubChem,4005216,
COc1ccc2c(c1)c(/C=N/NS(=O)(=O)c1ccc(C)cc1)cn2CC(=O)Nc1ccc(Cl)cc1,Non-blocker,Non-blocker,0,ICMBSJAYAJYXCA-MZJWZYIUSA-N,ICMBSJAYAJYXCA,data_herg_dev,CHEMBL2440387,
CC(C)Oc1ccc(C(=O)Nc2cccc(S(=O)(=O)N3CCCC3)c2)cc1,Non-blocker,Blocker,1,DGRZUJGNHACFSI-UHFFFAOYSA-N,DGRZUJGNHACFSI,PubChem,4875100,
O=C1CCC(C(O)CC2c3c(F)cccc3-c3cncn32)CC1,Non-blocker,Non-blocker,0,OYGJBQURZPTNSK-UHFFFAOYSA-N,OYGJBQURZPTNSK,data_herg_dev,CHEMBL4543526,
COc1ccc(C(=O)Nc2cc(S(=O)(=O)N3CCCC3)ccc2Cl)cc1,Non-blocker,Non-blocker,0,SZPKIIYGOGNMQZ-UHFFFAOYSA-N,SZPKIIYGOGNMQZ,PubChem,4424712,
Cc1ccccc1C(=O)/N=c1\c(C#N)cc2c(=O)n3cccc(C)c3nc2n1Cc1ccco1,Non-blocker,Non-blocker,0,WMMHVAPAZLFBOI-BYNJWEBRSA-N,WMMHVAPAZLFBOI,PubChem,1991742,
O=C1CCCN1C1CCN(Cc2ccc(Oc3nc4ccccc4s3)cc2)CC1,Blocker,Non-blocker,0,UBVVZACYWWPTID-UHFFFAOYSA-N,UBVVZACYWWPTID,data_herg_dev,CHEMBL480130,
CNC[C@H](c1ccc(Cl)c(Cl)c1)[C@@H](O)c1ccccc1-c1cccs1,Blocker,Non-blocker,,DTANZUXBNYHQGY-UZLBHIALSA-N,DTANZUXBNYHQGY,eval_set_herg_70.csv,,
CCN(CC)CCOC(=O)[C@@H](c1ccccc1)C1CCCCC1,Blocker,Blocker,1,AGJBLWCLQCKRJP-IBGZPJMESA-N,AGJBLWCLQCKRJP,PubChem,92806,
CN1CCOCC1c1nc(C(=O)NCc2ccc(F)cc2)c(O)c(=O)n1C,Non-blocker,Non-blocker,,MMPZNODECHHWIW-UHFFFAOYSA-N,MMPZNODECHHWIW,eval_set_herg_60.csv,,
Cc1nc2ccc(Cl)cc2c(=O)n1-c1ccc(OC2CCN(C3CCC3)CC2)cc1,Blocker,Blocker,1,KNNGVEADJXGLTI-UHFFFAOYSA-N,KNNGVEADJXGLTI,PubChem,25139757,18841880
c1sc2[n+](c1CS/C(=N\C1CCCCC1)NC1CCCCC1)CCN2,Non-blocker,Blocker,1,ZEZPDHKACVMMCD-UHFFFAOYSA-O,ZEZPDHKACVMMCD,PubChem,11176403,19053768
O=C(C[n+]1ccc2ccccc2c1)c1ccc2ccc3ccccc3c2c1,Non-blocker,Blocker,1,PEORSWMJIRSOSN-UHFFFAOYSA-N,PEORSWMJIRSOSN,PubChem,411668,
O=S(=O)(c1cncc2ccccc12)N1CCC[C@H]1CCN1CCN(c2nsc3ccccc23)CC1,Blocker,Blocker,1,VKVJQSCYLIOFEN-NRFANRHFSA-N,VKVJQSCYLIOFEN,PubChem,145984299,29407591
Cc1c(Cl)ccc2c1N1[C@H](CNC[C@H]1C)C2,Non-blocker,Blocker,1,SZWVUASESVZMCY-KCJUWKMLSA-N,SZWVUASESVZMCY,PubChem,9899500,16361098
Cc1c(-c2ccc3[nH]ncc3c2)ccc2c3oc(CN)nc3c(=O)n(C3CC3)c12,Non-blocker,Blocker,1,JEPHRUBKXWKGFQ-UHFFFAOYSA-N,JEPHRUBKXWKGFQ,PubChem,162647347,34095844
C/C(=N\NS(=O)(=O)c1cccc([N+](=O)[O-])c1)c1cc2ccccc2o1,Non-blocker,Non-blocker,0,JADXIQMDAAPRIP-GZTJUZNOSA-N,JADXIQMDAAPRIP,PubChem,9620482,
CS(=O)(=O)c1ccc([C@@H](CC2CCCC2)C(=O)Nc2cnc(/C(N)=N\O)cn2)cc1Cl,Blocker,Blocker,1,NESMGVQBWDEZAO-CQSZACIVSA-N,NESMGVQBWDEZAO,data_herg_dev,CHEMBL2337925,
CCN1C(=O)/C(=C2\SC(C)=C(C)N2CC)SC1=S,Non-blocker,Non-blocker,0,MVYAHKHKRGDCQD-PKNBQFBNSA-N,MVYAHKHKRGDCQD,PubChem,1896271,
COC1=CC(=O)C[C@@H](C)[C@]12Oc1c(Cl)c(OC)cc(OC)c1C2=O,Non-blocker,Non-blocker,0,DDUHZTYCFQRHIY-RBHXEPJQSA-N,DDUHZTYCFQRHIY,data_herg_dev,CHEMBL562,
Cc1ccc(Cn2c(C3CNCCO3)nc3ccccc32)cc1C,Blocker,Blocker,1,LXOHJARDVFSOPS-UHFFFAOYSA-N,LXOHJARDVFSOPS,PubChem,CUPID,
CCOc1cc2[nH]cc(C(N)=O)/c(=N\c3cccc(Cl)c3Cl)c2cc1N1CCCN(C(C)C)CC1,Blocker,Blocker,1,FEDGBRFVHIFPHZ-UHFFFAOYSA-N,FEDGBRFVHIFPHZ,PubChem,44571225,19114305
C[C@]12C(=O)OC(=O)[C@H]1[C@H]1C=C[C@@H]2C1,Non-blocker,Non-blocker,0,LTVUCOSIZFEASK-MPXCPUAZSA-N,LTVUCOSIZFEASK,PubChem,6602188,
C[N+](C)(C)c1ncnc2c1ncn2[C@H]1CCCCO1,Non-blocker,Blocker,1,CSZQANOPEOXSKZ-SNVBAGLBSA-N,CSZQANOPEOXSKZ,PubChem,413926,
C[C@H]1C[C@H]2CSC(N)=N[C@@]2(c2ncccc2F)CO1,Non-blocker,Non-blocker,,KMVBXMWOGDYHIS-RVBZMBCESA-N,KMVBXMWOGDYHIS,eval_set_herg_70.csv,,
O=C(Nc1nccs1)c1ccc(Cl)c([N+](=O)[O-])c1,Non-blocker,Non-blocker,0,WGONSXNFGGQFQC-UHFFFAOYSA-N,WGONSXNFGGQFQC,PubChem,749218,
N#C[C@H]1CN(C(=O)C[C@H](N)Cc2cc(F)c(F)cc2F)C[C@H]1F,Non-blocker,Non-blocker,,FHHBELSNHIJFTN-IMSIIYSGSA-N,FHHBELSNHIJFTN,eval_set_herg_70.csv,,
CC1CCC(C)N1CC1(O)CCN(c2nc(Oc3cccc(F)c3)cc(C(F)(F)F)n2)CC1,Blocker,Blocker,1,YUGLAKINIYKKIY-UHFFFAOYSA-N,YUGLAKINIYKKIY,data_herg_dev,,
COCCCOc1cc(C(=O)N(C[C@@H]2CNC[C@H]2Cc2ccccc2)C(C)C)ccc1OC,Non-blocker,Non-blocker,0,PHCCFIGNVNPMML-RPWUZVMVSA-N,PHCCFIGNVNPMML,data_herg_dev,CHEMBL2322611,
COc1cc(OC2CNC2)ccc1Nc1ncc(Cl)c(-c2cnc3ccccn23)n1,Blocker,Blocker,1,VUOFCNLYVCPXKQ-UHFFFAOYSA-N,VUOFCNLYVCPXKQ,CUPID,45381546,21764307
C[C@@H]1CCCC[C@@]12NC(=O)N(CC(=O)NCc1ccccc1Cl)C2=O,Non-blocker,Non-blocker,0,GNJQTAQYUMHNGE-KZULUSFZSA-N,GNJQTAQYUMHNGE,PubChem,4673479,
C(=N/n1cnnc1)\c1cn(Cc2ccccc2)c2ccccc12,Non-blocker,Non-blocker,0,BLLNHWPEWLAAOP-UFFVCSGVSA-N,BLLNHWPEWLAAOP,PubChem,6858802,
CN[C@@H](C)[C@H]1[C@H](O)CC2(C)[C@@H]3CC[C@H]4C(C)(C)[C@@H](NC)CCC45CC35CC[C@]12C,Non-blocker,Non-blocker,,GMNAPBAUIVITMI-BDKDDEIASA-N,GMNAPBAUIVITMI,eval_set_herg_60.csv,,
NCC(Cc1ccccc1F)c1ccc2ccccc2c1,Blocker,Blocker,,VIVXWRRXKKDPKC-UHFFFAOYSA-N,VIVXWRRXKKDPKC,eval_set_herg_70.csv,,
O=[N+]([O-])c1ccc2nc(N3CCCC3)sc2c1,Non-blocker,Non-blocker,0,FKAKUGJMKRLVJR-UHFFFAOYSA-N,FKAKUGJMKRLVJR,PubChem,693993,
CCCCOCCOC(=O)COc1nc(Cl)c(Cl)cc1Cl,Blocker,Non-blocker,,IVDRCZNHVGQBHZ-UHFFFAOYSA-N,IVDRCZNHVGQBHZ,eval_set_herg_70.csv,,
C=CCOCC1CCC(N2CC(NC(=O)CNc3nn(C)c4ccc(C(F)(F)F)cc34)C2)CC1,Blocker,Blocker,1,XSTSZTTUPFLRLY-UHFFFAOYSA-N,XSTSZTTUPFLRLY,CUPID,CUPID,
CCCCN(CCc1ccc(Cl)c(Cl)c1)CC(O)COc1ccc(NS(C)(=O)=O)cc1,Blocker,Blocker,1,NHYMWKHINJIWJL-UHFFFAOYSA-N,NHYMWKHINJIWJL,CUPID,CUPID,
COc1ccccc1CCNC(=O)c1nc(-c2cccs2)no1,Non-blocker,Non-blocker,0,HYTDFXCEQBRDMT-UHFFFAOYSA-N,HYTDFXCEQBRDMT,PubChem,1506857,
Cc1nn(-c2ccccc2)c(O)c1/N=N/c1cccc(C(=O)O)c1,Non-blocker,Non-blocker,0,REVBNJNKIVPYJF-VHEBQXMUSA-N,REVBNJNKIVPYJF,PubChem,682543,
Cc1ccc(CN(C)C(=O)CN2C(=O)N[C@@]3(CCCc4ccccc43)C2=O)c(C)c1,Non-blocker,Non-blocker,0,ZKRADNUFIUDZCC-XMMPIXPASA-N,ZKRADNUFIUDZCC,PubChem,16315499,
Oc1c(Br)c(Br)c(Br)c(Br)c1Br,Non-blocker,Non-blocker,0,SVHOVVJFOWGYJO-UHFFFAOYSA-N,SVHOVVJFOWGYJO,data_herg_dev,CHEMBL1235157,
CC(C)(C)C(=O)NC(=S)NCCc1ccccc1,Non-blocker,Non-blocker,0,JOVWKOHVYHAYJP-UHFFFAOYSA-N,JOVWKOHVYHAYJP,PubChem,2294260,
CNC[C@H](c1ccc2ccccc2c1)[C@H](O)c1ccc(Cl)nc1,Blocker,Blocker,,XTWPREAANUBKMC-IEBWSBKVSA-N,XTWPREAANUBKMC,eval_set_herg_70.csv,,
O=C1COc2ccc(CNC3CCN(CCN4C(=O)COc5ccc(OC(F)(F)F)cc54)CC3)nc2N1,Non-blocker,Blocker,1,SJFWKKUVCFFLOM-UHFFFAOYSA-N,SJFWKKUVCFFLOM,PubChem,15983680,21782427
CCN(CC)C(=O)c1ccc(C2=CC3(CCNCC3)Oc3ccccc32)c(C)c1,Blocker,Blocker,1,JXKIEMQPJWXXMU-UHFFFAOYSA-N,JXKIEMQPJWXXMU,CUPID,44254063,19694468
O=C(NC1(c2ccccc2)CCC1)[C@@H]1CCC[C@H]1c1cc(-c2ccccc2Cl)on1,Blocker,Blocker,1,PPVUIGUDYSYBBA-RTBURBONSA-N,PPVUIGUDYSYBBA,data_herg_dev,CHEMBL583010,
Cc1cc(C(N)=O)nn1-c1ccc(F)c(-c2ccccc2OC(F)(F)F)c1,Blocker,Blocker,1,AWSUASBKQXBDMZ-UHFFFAOYSA-N,AWSUASBKQXBDMZ,data_herg_dev,CHEMBL1224431,
Cc1ccc(S(=O)(=O)N2CCN([C@@H]3C[C@@H]4CC[C@H]3C4)CC2)cc1,Non-blocker,Non-blocker,0,KYDNJCDNCBBPRQ-SOLBZPMBSA-N,KYDNJCDNCBBPRQ,PubChem,17366248,
Clc1ccc(-n2c(-c3ccc(Cn4ccnc4)cc3)nc3ccncc32)cc1,Blocker,Blocker,,KYYVAMJLDCNSAX-UHFFFAOYSA-N,KYYVAMJLDCNSAX,eval_set_herg_70.csv,,
Cc1cc(-c2nnc(SCC(=O)Nc3ccc(F)cc3)n2N)n[nH]1,Non-blocker,Non-blocker,0,AZXABKWYJWEHTG-UHFFFAOYSA-N,AZXABKWYJWEHTG,PubChem,4903804,
O=C(c1ccc(CNS(=O)(=O)c2ccc(Br)cc2)cc1)N1CCCCCC1,Non-blocker,Non-blocker,0,OIGLXHQWUFVESU-UHFFFAOYSA-N,OIGLXHQWUFVESU,PubChem,16001889,
Cc1cc2c3c([n+](C)c4ccccc4c3c1)-c1ccccc1S2,Non-blocker,Blocker,,RTXWDRWCKYDECO-UHFFFAOYSA-N,RTXWDRWCKYDECO,eval_set_herg_60.csv,,
C[C@@H]1CN([C@@H](C)CO)S(=O)(=O)c2ccc(C#CC3CCCCC3)cc2O[C@@H]1CN(C)Cc1cccnc1,Non-blocker,Non-blocker,0,FCFVTRPHYRUVKL-AWVRMFGXSA-N,FCFVTRPHYRUVKL,PubChem,46903422,
CS(=O)(=O)N1CCC(C(=O)Nc2cccc(C(F)(F)F)c2)CC1,Non-blocker,Non-blocker,0,IXXMGHIKDUHIMW-UHFFFAOYSA-N,IXXMGHIKDUHIMW,PubChem,656149,
CCCCN1CCCCC1C(=O)Nc1c(C)cccc1C.Cl,Non-blocker,Non-blocker,0,SIEYLFHKZGLBNX-UHFFFAOYSA-N,SIEYLFHKZGLBNX,data_herg_dev,CHEMBL1200396,
Cn1ccc2c(N(Cc3ccccc3)C3CCNCC3)cccc21,Blocker,Non-blocker,,YWPKYJALPZQETH-UHFFFAOYSA-N,YWPKYJALPZQETH,eval_set_herg_60.csv,,
O/C(=C\C=N\c1ccc(Oc2ccccc2Cl)cc1)c1ccco1,Non-blocker,Non-blocker,0,YFFSDXZRCUBVJT-NHJUXKLCSA-N,YFFSDXZRCUBVJT,PubChem,2196420,
CC1=NNC(=O)[C@@H]1CC(=O)N/N=C/C=C/c1ccccc1,Non-blocker,Blocker,1,OWNCPXFPECSBMU-HUBOCSHCSA-N,OWNCPXFPECSBMU,PubChem,9593792,
COC1COCCC1N[C@@H]1C[C@H]2CN(C(=O)OCC(C)(C)C)C[C@@]2(C(=O)N2CCc3ncc(C(F)(F)F)cc3C2)C1,Non-blocker,Non-blocker,0,TYFKRMJBENGBEF-FHISFJDYSA-N,TYFKRMJBENGBEF,data_herg_dev,CHEMBL3115104,
CCC[NH+]1C[C@H](CSC)C[C@@H]2c3cccc4c3C(C=N4)C[C@H]21,Blocker,Blocker,,NKPQTGNIPWSNNX-RILYDNKNSA-O,NKPQTGNIPWSNNX,eval_set_herg_60.csv,,
OC(Cn1cncn1)(Cn1cncn1)c1ccc(F)cc1F,Non-blocker,Non-blocker,,RFHAOTPXVQNOHP-UHFFFAOYSA-N,RFHAOTPXVQNOHP,eval_set_herg_60.csv,,
CC[C@@H](NC(=O)c1ccc(Cl)cc1)[C@H]1[C@@H]2C[C@H](n3c(C)nc4ccc(F)cc43)C[C@@H]21,Blocker,Blocker,1,NECGITWPQWCZSJ-ZJQTUCFNSA-N,NECGITWPQWCZSJ,PubChem,153288860,34292726
Cc1cc(C)n2nc(C(=O)OCC(=O)c3ccc(F)cc3)nc2n1,Non-blocker,Non-blocker,0,GTPQDUKIEGZDSF-UHFFFAOYSA-N,GTPQDUKIEGZDSF,PubChem,7862895,
CC1(C)[C@@]2(C(=O)OC3CCCCC3)CC[C@]1(C)C(=O)O2,Non-blocker,Blocker,1,RNGQAUFDEMJDBY-CVEARBPZSA-N,RNGQAUFDEMJDBY,PubChem,6473162,
Fc1cc(Cl)c(Cc2ccc3nccn3n2)cc1-c1ncnc2cc(N3CCOCC3)ccc12,Blocker,Non-blocker,,INTDVNQLZOTAHT-UHFFFAOYSA-N,INTDVNQLZOTAHT,eval_set_herg_70.csv,,
O=C(/C=C/c1ccc(CNCCc2cnc3ccccn23)cc1)NO,Non-blocker,Non-blocker,0,UNPUPHZKXHNIRL-CMDGGOBGSA-N,UNPUPHZKXHNIRL,data_herg_dev,CHEMBL1819268,
CCN1CCN(c2nc(C)nc3c2nc(-c2ccccc2Cl)n3C)CC1.Cl,Blocker,Blocker,1,VIOVMOGXVLOXHD-UHFFFAOYSA-N,VIOVMOGXVLOXHD,data_herg_dev,CHEMBL3092905,
CN(C)C(=O)[C@H]1CC2(CCN(c3cc(N)ccn3)CC2)c2ccccc21,Non-blocker,Blocker,1,ZUCLPYSGDNZUOF-KRWDZBQOSA-N,ZUCLPYSGDNZUOF,PubChem,16730814,19231185
O=C1NCC(c2ccccc2)C12CCN(C1(c3ccccc3)CCOCC1)CC2,Non-blocker,Non-blocker,0,UQZKADKVZVDMTP-UHFFFAOYSA-N,UQZKADKVZVDMTP,data_herg_dev,CHEMBL211633CHEMBL559007,
O=C(N[C@]12C[C@H]3C[C@H](C[C@H](C3)C1)C2)c1ccc([N+](=O)[O-])cc1,Non-blocker,Non-blocker,0,WHDVTOHVLBQCAP-FBBPANFNSA-N,WHDVTOHVLBQCAP,PubChem,477706,
CC[N+](CC)CCNC(=O)c1ccc(NS(C)(=O)=O)cc1,Blocker,Non-blocker,,BUYNGLCEYIRVDH-UHFFFAOYSA-N,BUYNGLCEYIRVDH,eval_set_herg_70.csv,,
CN(C)c1nc(N)c(C(=O)NC(=N)N)nc1Cl,Blocker,Non-blocker,,RXMUPNVSYKGKMY-UHFFFAOYSA-N,RXMUPNVSYKGKMY,eval_set_herg_70.csv,,
CNCCCC1c2ccccc2CCc2ccccc21,Blocker,Blocker,,VQDUUNLXNKNTSM-UHFFFAOYSA-N,VQDUUNLXNKNTSM,eval_set_herg_70.csv,,
Cc1ccc(-c2nc(N3CCOCC3)sc2C(=O)N2CCOCC2)cc1,Non-blocker,Non-blocker,0,PMJZCOPHQLPYLD-UHFFFAOYSA-N,PMJZCOPHQLPYLD,PubChem,1236964,
OCCN1CCN(CCCN2c3ccccc3Sc3ccc(Cl)cc32)CC1,Blocker,Blocker,1,RGCVKNLCSQQDEP-UHFFFAOYSA-N,RGCVKNLCSQQDEP,PubChem,4748,
CC(=O)N[C@@]12C[C@H]3C[C@@H](C1)C[C@](C(=O)N(C)CC(=O)Nc1cccc(F)c1)(C3)C2,Non-blocker,Non-blocker,0,QPDLTNBVAQLIPW-WGKKAQPQSA-N,QPDLTNBVAQLIPW,PubChem,25163719,
CN1CCc2c(sc3nc(SCC(=O)N4CCOCC4)n(-c4ccc(Cl)cc4)c(=O)c23)C1,Non-blocker,Non-blocker,0,BJRZZELOBHAQEU-UHFFFAOYSA-N,BJRZZELOBHAQEU,PubChem,5160172,
Cc1nc2sc3c(c2c2nnc(SCC(=O)NCc4ccco4)n12)CCCC3,Blocker,Non-blocker,0,YJKJJNYITUWYHD-UHFFFAOYSA-N,YJKJJNYITUWYHD,PubChem,644450,
C[C@@H]1N=C(c2cnsn2)N[C@@]1(c1ccc(F)cc1)c1ccc(F)nc1,Blocker,Blocker,,AGUSBSWEUMEPIM-BTDLBPIBSA-N,AGUSBSWEUMEPIM,eval_set_herg_70.csv,,
COCCCNC(=S)N1CCN(C(c2ccccc2)c2ccccc2)CC1,Non-blocker,Non-blocker,0,AMVMGLVFFIKVCT-UHFFFAOYSA-N,AMVMGLVFFIKVCT,PubChem,3430107,
Cc1csc2nc(CNS(=O)(=O)c3cccnc3)cn12,Non-blocker,Non-blocker,0,YAGFXKVWNFGGHG-UHFFFAOYSA-N,YAGFXKVWNFGGHG,PubChem,3244249,
Clc1ccc(CC2CC[N+](CCc3ccccc3)(CCc3ccccc3)CC2)cc1,Blocker,Blocker,,QEPDZFYNUHRSGL-UHFFFAOYSA-N,QEPDZFYNUHRSGL,eval_set_herg_60.csv,,
CCCC[C@@H](CC)C(=O)NCCc1ccc(S(N)(=O)=O)cc1,Non-blocker,Non-blocker,0,CVJDMKIHWMZJJW-CQSZACIVSA-N,CVJDMKIHWMZJJW,PubChem,2904652,
CCS(=O)(=O)N(C)[C@H]1c2cc(C#N)ccc2OC(C)(C)[C@@H]1O,Non-blocker,Blocker,,HVSJHHXUORMCGK-UONOGXRCSA-N,HVSJHHXUORMCGK,eval_set_herg_60.csv,,
Nc1ccc(-c2ccco2)cc1NC(=O)c1ccc2nc(N3CCNCC3)ccc2c1,Blocker,Blocker,,YWEQSQFXPQSOOT-UHFFFAOYSA-N,YWEQSQFXPQSOOT,eval_set_herg_70.csv,,
COc1ccc(NC(=O)CN2C(=O)S/C(=C/c3cccn3-c3ccc(C(=O)O)cc3)C2=O)cc1,Non-blocker,Blocker,1,WYDOJXDGAYAMSS-DEDYPNTBSA-N,WYDOJXDGAYAMSS,PubChem,1815744,
Cc1cccc(NC(=O)CSc2n[nH]c(-c3cccnc3)n2)c1,Non-blocker,Non-blocker,0,LYXBKBAYUQZIMH-UHFFFAOYSA-N,LYXBKBAYUQZIMH,PubChem,856100,
N#CCCN1CCN(CCC#N)c2ccccc21,Non-blocker,Non-blocker,0,WYMJLMZYLJBEJG-UHFFFAOYSA-N,WYMJLMZYLJBEJG,PubChem,264325,
O=C(Oc1c(-c2ccccc2)c(=O)n2c3c(cccc13)CC2)c1cccc([N+](=O)[O-])c1,Non-blocker,Non-blocker,0,VSNVBXRWSQTAIL-UHFFFAOYSA-N,VSNVBXRWSQTAIL,PubChem,2816455,
Cc1nc(C(O)c2ccc(F)c(-c3ncnc4cc(N5CCOCC5)ccc34)c2)sc1CO,Non-blocker,Non-blocker,,ZYEYIBTVJPAKBV-UHFFFAOYSA-N,ZYEYIBTVJPAKBV,eval_set_herg_70.csv,,
COc1cc(C)ccc1OCC(=O)OCC(=O)c1[nH]c(C)c(C(C)=O)c1C,Non-blocker,Non-blocker,0,OPDOTOAHZCRHQB-UHFFFAOYSA-N,OPDOTOAHZCRHQB,PubChem,2438410,
CCOC(=O)c1c(N)sc2c1CCN(Cc1ccccc1)C2,Non-blocker,Non-blocker,0,PFENFDGYVLAFBR-UHFFFAOYSA-N,PFENFDGYVLAFBR,data_herg_dev,,5480
COc1nccnc1CC(C)C,Non-blocker,Non-blocker,0,UXFSPRAGHGMRSQ-UHFFFAOYSA-N,UXFSPRAGHGMRSQ,PubChem,32594,
CC(C)[N+](C)(CCOC(=O)C1c2ccccc2Oc2ccccc21)C(C)C.[Br-],Non-blocker,Non-blocker,0,XLBIBBZXLMYSFF-UHFFFAOYSA-M,XLBIBBZXLMYSFF,data_herg_dev,CHEMBL1240,
CNCc1ccc(Cl)cc1Oc1ccc(C)c(C)c1,Blocker,Blocker,1,RJGZDIPTAGBJQV-UHFFFAOYSA-N,RJGZDIPTAGBJQV,CUPID,44562943,18948001
CCOc1cc2ncc(C(N)=O)c(Nc3cccc(Cl)c3Cl)c2cc1C1CCN(C)CC1,Blocker,Blocker,1,GLWBJILVHXSPHS-UHFFFAOYSA-N,GLWBJILVHXSPHS,CUPID,71812413,23842474
COCC(=O)Nc1sc2c(c1C(=O)OC)CC[C@@H](C)C2,Blocker,Non-blocker,0,UUFQPZKQSZMCKL-MRVPVSSYSA-N,UUFQPZKQSZMCKL,PubChem,649845,
CN1C[C@@H]2C[C@H]1CN2c1ncc(-c2ccc3sccc3c2)cn1,Blocker,Blocker,1,GONGSLGOCPNPSS-HOTGVXAUSA-N,GONGSLGOCPNPSS,PubChem,46890828,20472430
COc1ccc(-c2cc(-c3ccc(S(C)(=O)=O)cc3)cnc2N)cn1,Non-blocker,Blocker,1,MPUUTGILUJDKKP-UHFFFAOYSA-N,MPUUTGILUJDKKP,CUPID,44525560,22390538
COc1ccc2c(c1OC)CN(C)CCc1cc3c(cc1C(=O)C2)OCO3,Blocker,Non-blocker,,HYBRYAPKQCZIAE-UHFFFAOYSA-N,HYBRYAPKQCZIAE,eval_set_herg_60.csv,,
CCn1c(=O)c2[nH]c(SC)nc2n(CC)c1=O,Non-blocker,Non-blocker,0,YFTKWDDUVMANGC-UHFFFAOYSA-N,YFTKWDDUVMANGC,PubChem,326134,
COc1ccc2nccc(OC[C@@H]3CC[C@@H](NCc4cc5c(cn4)OCCO5)CO3)c2n1,Blocker,Blocker,1,DSDOZOZJMRNMPG-WBVHZDCISA-N,DSDOZOZJMRNMPG,data_herg_dev,CHEMBL2424896,
COc1cc(N)c(Cl)cc1C(=O)N[C@@H]1CCN(CCCOc2ccc(F)cc2)C[C@H]1OC,Blocker,Blocker,1,DCSUBABJRXZOMT-IFMALSPDSA-N,DCSUBABJRXZOMT,PubChem,2769,15745831
Cc1[nH]ncc1-c1cnc(N)c(O[C@@H](C)c2cc(F)ccc2-n2cccn2)c1,Blocker,Blocker,1,NLKNKFKEIUZQIO-ZDUSSCGKSA-N,NLKNKFKEIUZQIO,PubChem,155294520,33356244
CC(C)(Oc1ccc(Cl)cc1)C(=O)OCCCOC(=O)C(C)(C)Oc1ccc(Cl)cc1,Blocker,Non-blocker,0,JLRNKCZRCMIVKA-UHFFFAOYSA-N,JLRNKCZRCMIVKA,data_herg_dev,,5217
CC(C)(CO)NC(=O)c1c[nH]c2ncc(-c3nn(CCCS(C)(=O)=O)c4cc(F)ccc34)nc12,Blocker,Blocker,1,XCYCRDIMKXBEOA-UHFFFAOYSA-N,XCYCRDIMKXBEOA,data_herg_dev,CHEMBL2347992,
O=C(N[C@@H]1COc2cccc(-c3ccncc3)c2C1)c1ccc(OC(F)(F)F)cc1,Blocker,Blocker,1,UCLANCKZRBWESY-INIZCTEOSA-N,UCLANCKZRBWESY,PubChem,25113806,22832315
O=C(O)C1(CNc2ccc(-c3ccc(-c4nc5cc(Cl)ccc5[nH]4)cn3)cn2)CC1,Blocker,Non-blocker,0,CPRBAMLRKSVNCK-UHFFFAOYSA-N,CPRBAMLRKSVNCK,data_herg_dev,CHEMBL4534257,
NS(=O)(=O)c1cc(NC(=O)Cc2ccccc2)ccc1Oc1cccc(Cl)c1,Non-blocker,Blocker,1,CSJYMAFXYMYNCK-UHFFFAOYSA-N,CSJYMAFXYMYNCK,data_herg_dev,CHEMBL4521594,
CCCOc1ccccc1-c1nc2[nH]nnc2c(=O)[nH]1,Non-blocker,Non-blocker,,REZGGXNDEMKIQB-UHFFFAOYSA-N,REZGGXNDEMKIQB,eval_set_herg_60.csv,,
C[C@@H](NC(=O)CNC(=O)[C@@H]1O[C@@H]2OC(C)(C)O[C@@H]2[C@H]2OC(C)(C)O[C@H]21)C(=O)O,Non-blocker,Non-blocker,0,ININKENJCYTHQQ-AXCAWDSFSA-N,ININKENJCYTHQQ,PubChem,16189548,
CC(C)(C)c1nccn1Cc1cn(-c2ccc(Cl)c(Cl)c2)nn1,Blocker,Blocker,1,ABOXKYVSSWHNON-UHFFFAOYSA-N,ABOXKYVSSWHNON,data_herg_dev,,
O=C(NCc1cccc(CN2CCCC2=O)c1)NCC(c1ccccc1)c1ccccc1,Non-blocker,Non-blocker,,IUQOZVTUICEYPX-UHFFFAOYSA-N,IUQOZVTUICEYPX,eval_set_herg_60.csv,,
Cc1ccc(-c2ncnc(Nc3ccc4c(c3)CNC4=N)c2O)cc1,Blocker,Blocker,1,YJXLTNFWFWJAIE-UHFFFAOYSA-N,YJXLTNFWFWJAIE,data_herg_dev,CHEMBL4648414,
COCCN(CCOC)C(=O)CSc1ccc(S(=O)(=O)N2CCN(C)CC2)cn1,Non-blocker,Non-blocker,0,MOEQOSIOGYWFEG-UHFFFAOYSA-N,MOEQOSIOGYWFEG,PubChem,16312301,
CN1CCN(c2ccc(C(=O)Nc3cc(-c4ccncc4)ccc3N)cn2)CC1,Non-blocker,Non-blocker,,SLPPPJJSHXCRPI-UHFFFAOYSA-N,SLPPPJJSHXCRPI,eval_set_herg_70.csv,,
Cc1nc2ccc(NC(=O)c3oc4ccc(F)cc4c3C)cc2s1,Non-blocker,Non-blocker,0,UTTFFDFRBMUFAV-UHFFFAOYSA-N,UTTFFDFRBMUFAV,PubChem,9085542,
N[C@H](C(=O)N1CCSC1)[C@H]1CC[C@H](NC(=O)c2cccc3ccccc23)CC1,Non-blocker,Non-blocker,0,ZPXUSKUJOYAZDE-ZWOKBUDYSA-N,ZPXUSKUJOYAZDE,data_herg_dev,CHEMBL3084949,
CN1C(=O)C=C[C@]2(C)[C@H]3CC[C@]4(C)[C@@H](O)/C(=C/c5cccc(F)c5)C[C@H]4[C@@H]3CC[C@@H]12,Blocker,Blocker,1,ZGQXJAMXZIFYHC-VEXGUOEKSA-N,ZGQXJAMXZIFYHC,PubChem,10237827,19606870
FC1(F)CC1Cc1nnc2c(Cl)c(-c3ccc4c(c3)OCO4)ccn12,Non-blocker,Blocker,1,CGPDIFOCBSDBMN-UHFFFAOYSA-N,CGPDIFOCBSDBMN,data_herg_dev,,
CCOc1ccccc1NC(=O)c1ccc(S(=O)(=O)N2CCCCC2)cc1,Non-blocker,Non-blocker,0,KUMBZZBJHIEUTA-UHFFFAOYSA-N,KUMBZZBJHIEUTA,PubChem,1077895,
CNC[C@H](c1ccc2ccccc2c1)[C@H](OC)c1ccc2c(c1)OCO2,Non-blocker,Blocker,,BZMNAEZFJDLGAL-DENIHFKCSA-N,BZMNAEZFJDLGAL,eval_set_herg_70.csv,,
O=C(CN1CCCC2=C1C(=O)N(C1CC1)C2=O)Nc1ccc(-c2cccnc2)nn1,Non-blocker,Non-blocker,0,LJDCIVDNJQNMRY-UHFFFAOYSA-N,LJDCIVDNJQNMRY,data_herg_dev,CHEMBL4087906,
COc1ncccc1-c1nnc(SCCCN2CC[C@]3(C[C@@H]3c3ccc(C(F)(F)F)cc3)C2)n1C,Blocker,Blocker,1,DOTLHOVQYVFUDB-YKSBVNFPSA-N,DOTLHOVQYVFUDB,PubChem,121304565,27564135
COc1cc(N)c(Cl)cc1C(=O)N[C@H]1CCN(CC2CCN(C(=O)CC(C)C)CC2)C[C@H]1OC,Blocker,Blocker,1,WSPNNVDXCMLSRK-JTHBVZDNSA-N,WSPNNVDXCMLSRK,PubChem,68593153,26761776
CC(C)N1CCN(C(=O)c2ccc(CN3CCOCC3)cc2)CC1,Non-blocker,Blocker,1,JTBLLBRXTOEAIZ-UHFFFAOYSA-N,JTBLLBRXTOEAIZ,data_herg_dev,CHEMBL3577955,
COc1cccc(/C=N/NC(=O)CNC(=O)c2cccnc2)c1O,Non-blocker,Non-blocker,0,CHQUHSHJFVPSMM-DJKKODMXSA-N,CHQUHSHJFVPSMM,PubChem,135549590,
CCCCn1c(=S)[nH]c2ccccc2c1=O,Blocker,Blocker,1,YIMVQTWMNLKAPM-UHFFFAOYSA-N,YIMVQTWMNLKAPM,PubChem,1550399,
Cc1ccc(-c2[nH]nc3c2[C@H](c2cccnc2)C(C#N)=C(N)O3)cc1,Non-blocker,Blocker,1,ICMIMIGHQAPJSK-OAHLLOKOSA-N,ICMIMIGHQAPJSK,PubChem,3238879,
O=C(NC1CCCCCCC1)c1cccnc1,Non-blocker,Non-blocker,0,ORFDJENNCFHCQO-UHFFFAOYSA-N,ORFDJENNCFHCQO,PubChem,750344,
NC1CCN(c2c(-c3cc(F)cc(Cl)c3)cncc2-c2nc3ccc(F)cc3[nH]2)CC1,Blocker,Blocker,1,NSIHZAYEDUOSFO-UHFFFAOYSA-N,NSIHZAYEDUOSFO,PubChem,164627529,34626901
COc1ccccc1N1CCN(/N=C/c2cc(OC)c(O)c(OC)c2)CC1,Non-blocker,Non-blocker,0,VOTFODZYDPTJJL-KGENOOAVSA-N,VOTFODZYDPTJJL,PubChem,135498032,
CC(C)c1cc2cccc(-c3nnc(C4CCN(CC5CCOCC5)CC4)o3)n2n1,Blocker,Blocker,1,ZFHAKBSSOYHMLY-UHFFFAOYSA-N,ZFHAKBSSOYHMLY,CUPID,138376515,29763304
Cc1cc2cc(CCNC(=O)c3cccc([N+](=O)[O-])c3)c(=O)[nH]c2cc1C,Non-blocker,Non-blocker,0,GYCARQRQTJZMGN-UHFFFAOYSA-N,GYCARQRQTJZMGN,PubChem,4083397,
O=C(CNc1nn(CCO)c2ccc(C(F)(F)F)cc12)NC1CN([C@H]2CC[C@@H](c3nccs3)CC2)C1,Non-blocker,Non-blocker,0,UZVFZTWEBLXYKJ-RHNCMZPLSA-N,UZVFZTWEBLXYKJ,data_herg_dev,CHEMBL1834796,
Cc1nc2ccccc2n1[C@H]1C[C@H]2CC[C@@H](C1)N2CCC1(c2ccccc2)CCN(C(=O)C(C)(C)C)CC1,Blocker,Blocker,1,SBQOMISLKZTLHT-KUMHGWDASA-N,SBQOMISLKZTLHT,PubChem,53260398,21539377
O=S(=O)(c1ccc(F)cc1)C1CCN(CCc2ccc(F)cc2F)CC1,Blocker,Blocker,1,RFHWREWMZPGWCN-UHFFFAOYSA-N,RFHWREWMZPGWCN,PubChem,10861900,15993598
COc1cc(N)c(Cl)cc1C(=O)N[C@@H]1CCN(CCCCCC(=O)O[C@H]2CN3CCC2CC3)C[C@@H]1OC,Blocker,Non-blocker,,VGDDOIZXGFJDRC-VJTSUQJLSA-N,VGDDOIZXGFJDRC,eval_set_herg_70.csv,,
CCn1cncc1Cn1cc(-c2ccc(F)c(C)c2)cn1,Blocker,Blocker,,NTXJOFGNCFFNLA-UHFFFAOYSA-N,NTXJOFGNCFFNLA,eval_set_herg_70.csv,,
O=C(NC1CCN(Cc2ccccc2)CC1)c1cc2nc(-c3ccc(Cl)s3)cc(C(F)(F)F)n2n1,Blocker,Non-blocker,0,BOJAXOHWYZMMKZ-UHFFFAOYSA-N,BOJAXOHWYZMMKZ,data_herg_dev,CHEMBL2028045,
COc1ccc(NC(=O)CSc2nnc3ccc(-c4ccccn4)nn23)cc1,Non-blocker,Non-blocker,0,LZEHOXWWFGMRNW-UHFFFAOYSA-N,LZEHOXWWFGMRNW,PubChem,7531941,
CC(C)(C)c1ccc(OCCN2CCCC2)cc1,Blocker,Non-blocker,0,YLNWTFCVXGJXPF-UHFFFAOYSA-N,YLNWTFCVXGJXPF,PubChem,867345,
CN(CC(=O)Nc1ccc(F)c(F)c1F)C(=O)CN1C(=O)NC2(CCCC2)C1=O,Non-blocker,Non-blocker,0,MLGWNRBFQDAUPT-UHFFFAOYSA-N,MLGWNRBFQDAUPT,PubChem,24686784,
COc1ccc(CCN2C(=O)N(NS(=O)(=O)Cc3ccccc3)C[C@@H]2c2ccc(OC)cc2)cc1,Non-blocker,Blocker,1,WIWRUENDUNEESK-RUZDIDTESA-N,WIWRUENDUNEESK,PubChem,45484113,19888755
CC1(c2cc(NC(=O)c3ccn4cc(Oc5ncnc6c5CNC6)ccc34)n[nH]2)CC1,Non-blocker,Non-blocker,0,SDNAUQJDDNPZMF-UHFFFAOYSA-N,SDNAUQJDDNPZMF,data_herg_dev,CHEMBL3809144,
COc1ccc(N2C(=O)[C@@H](CC(=O)Nc3ccc(F)cc3)N(CCc3cccs3)C2=O)cc1,Non-blocker,Non-blocker,0,HKJLXMAHVGHALN-OAQYLSRUSA-N,HKJLXMAHVGHALN,PubChem,4917815,
C[C@H](c1cccc(C#N)c1)n1cc(Cl)cc(C(N)=O)c1=N,Blocker,Blocker,1,CDJPHTNUARAVMH-SECBINFHSA-N,CDJPHTNUARAVMH,data_herg_dev,CHEMBL3799292,
CCOc1ccc2nc(C)cc(Nc3ccc(Br)cc3)c2c1,Non-blocker,Non-blocker,0,MZVSIBXXRHWCLZ-UHFFFAOYSA-N,MZVSIBXXRHWCLZ,data_herg_dev,CHEMBL601122,
CON(C)C(=O)C[C@@H]1COCCN1C(=O)OC(C)(C)C,Non-blocker,Non-blocker,0,KRMFPINMEARYNY-SNVBAGLBSA-N,KRMFPINMEARYNY,PubChem,44202085,
COc1ccc(NC(=O)c2cccc3c(Br)cccc23)cc1,Non-blocker,Non-blocker,0,CHPLHBZZKHCNKN-UHFFFAOYSA-N,CHPLHBZZKHCNKN,PubChem,1106143,
Cc1ncc(-c2ccnc(Nc3ccc(N4CCN(S(=O)(=O)CCN(C)C)CC4)cc3)n2)n1C(C)C,Non-blocker,Non-blocker,0,SFQJTSXHVUPLIV-UHFFFAOYSA-N,SFQJTSXHVUPLIV,data_herg_dev,CHEMBL477785,
Cc1cc(C)c(-c2csc(NC(=O)c3n[nH]c(=O)c4ccccc34)n2)c(C)c1,Non-blocker,Non-blocker,0,HWNZOTHZLVHIRA-UHFFFAOYSA-N,HWNZOTHZLVHIRA,PubChem,2402375,
O=C(c1cccc(Cl)c1Cl)N(C1CCCC1)[C@H]1CCNC1,Non-blocker,Non-blocker,0,MPGDFMOXIHFZSL-LBPRGKRZSA-N,MPGDFMOXIHFZSL,data_herg_dev,CHEMBL1080968,
Clc1ccc(Oc2ccccc2)cc1,Non-blocker,Non-blocker,,PGPNJCAMHOJTEF-UHFFFAOYSA-N,PGPNJCAMHOJTEF,eval_set_herg_70.csv,,
Cc1cc(C(=O)Nc2ccc([C@H]3CNCCO3)cc2)ccn1,Non-blocker,Non-blocker,0,VXZQQIGMIDKMCY-MRXNPFEDSA-N,VXZQQIGMIDKMCY,data_herg_dev,,
C[C@@H]1CCCN1CCCOc1ccc2c(c1)CC[C@H]1[C@@H]3[C@@H](C(=O)NCC4CC4)CC[C@@]3(C)CC[C@H]21,Blocker,Blocker,1,XVTLHDIVQKIZDR-DMRQYYOESA-N,XVTLHDIVQKIZDR,PubChem,155540170,31492518
Clc1ccc(-n2c(-c3cnc(NC4CCOCC4)nc3)cc3ccncc32)cc1,Blocker,Blocker,,AIUCZZNOIPJJNM-UHFFFAOYSA-N,AIUCZZNOIPJJNM,eval_set_herg_70.csv,,
COc1cc(C=Cc2nc3cc(S(C)(=O)=O)ccc3c(=O)[nH]2)ccc1-n1cnc(C)c1,Blocker,Blocker,1,SLQNIMARUVGRPV-UHFFFAOYSA-N,SLQNIMARUVGRPV,data_herg_dev,CHEMBL1642179,
Cc1nc(-c2ncc(-c3ccc4cc(CCN5CCCC5C)ccc4n3)s2)cs1,Blocker,Blocker,1,AAISKPCAPANKEZ-UHFFFAOYSA-N,AAISKPCAPANKEZ,data_herg_dev,,
CCN(C(=O)Cc1ccc(S(C)(=O)=O)cc1)C1CCN(CC[C@@H](c2cccc(OC)c2)C2CCN(S(C)(=O)=O)CC2)CC1,Non-blocker,Non-blocker,0,STVUFIPEQOBZAX-WJOKGBTCSA-N,STVUFIPEQOBZAX,data_herg_dev,CHEMBL1951911,
C[C@@H]1OCC2(CCN(c3nc4[nH]nc(-c5ccncc5)c4c(=O)n3C)CC2)[C@@H]1N,Non-blocker,Non-blocker,0,UJQCIAXBNGUOIB-BLLLJJGKSA-N,UJQCIAXBNGUOIB,data_herg_dev,CHEMBL4452417,
CSCc1ccc(C(=O)Nc2cc(C)cc(C)c2)cc1,Non-blocker,Non-blocker,0,TZKBRNIUVSLYNB-UHFFFAOYSA-N,TZKBRNIUVSLYNB,PubChem,2526025,
COc1cc(-n2cnc3cc(-c4ccc(Cl)cc4)sc3c2=O)ccc1OCC1(O)CC(F)(F)C1,Blocker,Blocker,1,NCXJWNAKIMMZOC-UHFFFAOYSA-N,NCXJWNAKIMMZOC,data_herg_dev,CHEMBL2147472,
CCc1cccc(NC(=O)c2cccc(S(=O)(=O)N3CCN(C)CC3)c2)c1,Non-blocker,Non-blocker,0,VMFDEPQRWWBBMN-UHFFFAOYSA-N,VMFDEPQRWWBBMN,PubChem,2449959,
Cc1nc2c3c(c(C(=O)N(C)C)cc2n1C)CC[C@@H](c1ccc2ccccc2c1)O3,Blocker,Blocker,1,MOZXITXIBRUEMM-QFIPXVFZSA-N,MOZXITXIBRUEMM,data_herg_dev,CHEMBL1099211,
Clc1cccc(N2CCN(CCCCNc3nccc4ccccc34)CC2)c1Cl,Blocker,Blocker,1,DPAGUJADGMJVKD-UHFFFAOYSA-N,DPAGUJADGMJVKD,PubChem,11705395,27718472
CCCOCc1ccc(O)c2ncccc12,Non-blocker,Non-blocker,0,DQZHKQYVEGZFRE-UHFFFAOYSA-N,DQZHKQYVEGZFRE,PubChem,1895574,
COc1ccc(OCCCN2CCCCCC2)cc1,Blocker,Non-blocker,0,JVPNGNGDKVPOJY-UHFFFAOYSA-N,JVPNGNGDKVPOJY,PubChem,2935420,
Cc1nccnc1Cc1ccc(F)c(-c2ncnc3cc(N4CCOCC4)ccc23)c1,Blocker,Non-blocker,,KRHAYZCIDMXCEA-UHFFFAOYSA-N,KRHAYZCIDMXCEA,eval_set_herg_70.csv,,
[Cr+6].[Cr+6].[K+].[K+].[O-2].[O-2].[O-2].[O-2].[O-2].[O-2].[O-2],Non-blocker,Non-blocker,0,YQDKEQIFTJGXKJ-UHFFFAOYSA-N,YQDKEQIFTJGXKJ,data_herg_dev,,24502
COc1ccc([C@@H](C)N[C@@H]2CC[C@@H](C(=O)N3CCC(c4ccccc4)(c4ccccc4)CC3)C(C)(C)C2)cc1,Blocker,Blocker,1,PBANDLYPUDAWHY-FUKIBTTHSA-N,PBANDLYPUDAWHY,PubChem,45270973,19596193
C[C@H](CCCOc1ccccc1Cn1c(C(F)(F)F)cnc1-c1ccc(-c2ccco2)cc1)CC(=O)O,Blocker,Blocker,1,VWYPNDAAFAAPKM-LJQANCHMSA-N,VWYPNDAAFAAPKM,data_herg_dev,CHEMBL4635689,
COc1cc(N)c(Cl)cc1C(=O)N[C@H]1CCN(CCCn2ccnc2)C[C@H]1OC,Blocker,Blocker,1,WAKRHHOAPNHFPH-PKOBYXMFSA-N,WAKRHHOAPNHFPH,PubChem,127027397,26761776
COC(=O)c1ccc(Oc2cc(C)nc(SC)n2)cc1,Blocker,Non-blocker,0,GSTBPJFTFPVCCQ-UHFFFAOYSA-N,GSTBPJFTFPVCCQ,PubChem,705813,
CS(=N)(=O)c1ccc(C2=C(c3ccccc3)C(=O)OC2)cc1,Non-blocker,Non-blocker,,KWEKFTIAFYJSFX-UHFFFAOYSA-N,KWEKFTIAFYJSFX,eval_set_herg_70.csv,,
CC[C@H]1C[C@@H]2C[C@H]3c4[nH]c5ccc(OC)cc5c4CCN(C2)[C@@H]13.Cl,Non-blocker,Non-blocker,0,IKJFDJLQPHDRTD-ISYVNWANSA-N,IKJFDJLQPHDRTD,data_herg_dev,,197059
O=C(OCC1CCN(CC2CCC(C(=O)O)C2)CC1)c1c2n(c3ccccc13)CCCO2,Non-blocker,Non-blocker,0,BDEZLCMWCGXDMA-UHFFFAOYSA-N,BDEZLCMWCGXDMA,data_herg_dev,CHEMBL3329811,
CCCCCCc1cc2cc(-c3csc(C=Cc4ccccc4)n3)c(=O)oc2cc1O,Blocker,Blocker,1,HGBMOUZLBAYJRN-UHFFFAOYSA-N,HGBMOUZLBAYJRN,data_herg_dev,CHEMBL530438,
NC(=O)c1nnc(N[C@@H]2CCCC[C@@H]2N)nc1Nc1cccc(-n2nccn2)c1,Blocker,Blocker,1,QYUNZLTYDOGJCE-UONOGXRCSA-N,QYUNZLTYDOGJCE,PubChem,72703033,25633741
COP(=S)(OC)Oc1cc(Cl)c(Cl)cc1Cl,Non-blocker,Non-blocker,0,JHJOOSLFWRRSGU-UHFFFAOYSA-N,JHJOOSLFWRRSGU,data_herg_dev,,9298
COc1ccc2nccc([C@@H](O)CC[C@@H]3CCN(C4CC(c5ccccc5)C4)C[C@@H]3C(=O)O)c2c1,Non-blocker,Non-blocker,0,VSLZNKFMVLGHTG-VGXUOWJOSA-N,VSLZNKFMVLGHTG,data_herg_dev,CHEMBL2382287,
CCCCCCCC[N+](C)(CCCCCCCC)CCCCCCCC.[Cl-],Blocker,Blocker,,XKBGEWXEAPTVCK-UHFFFAOYSA-M,XKBGEWXEAPTVCK,eval_set_herg_70.csv,,
COc1ccc2ncc(F)c(C[C@H](O)C34CCC(NCc5ccc6c(n5)NC(=O)CO6)(CC3)CO4)c2n1.Cl,Non-blocker,Non-blocker,0,WDWFTZSOSPERQG-JKLZSTNZSA-N,WDWFTZSOSPERQG,data_herg_dev,CHEMBL3288811,
N=C(Nc1ccc(OCCCCCOc2ccc(NC(=N)c3ccccc3)cc2)cc1)c1ccccc1,Blocker,Blocker,,PETGITKEGWIZEL-UHFFFAOYSA-N,PETGITKEGWIZEL,eval_set_herg_60.csv,,
O=S(=O)(c1ccccc1)C1CCN(CCc2ccccc2)CC1,Blocker,Blocker,1,XFTLHKDSWBEMSE-UHFFFAOYSA-N,XFTLHKDSWBEMSE,PubChem,10991121,11784153
COc1cc(OC2CCNCC2)ccc1Nc1ncc(Cl)c(-c2cnc3ccccn23)n1,Blocker,Blocker,1,DVNORHCAMSIRBE-UHFFFAOYSA-N,DVNORHCAMSIRBE,CUPID,45380791,21764307
Cc1cc(CN2CCN(c3c(Cl)cnc4[nH]c(-c5ccc(N6CCN(C)CC6)c(F)c5)nc34)CC2)no1,Blocker,Blocker,1,FLQVVGVSIXQQOB-UHFFFAOYSA-N,FLQVVGVSIXQQOB,data_herg_dev,CHEMBL2203770,
CCn1c(=O)c(-c2cc(C(=O)NC3CC3)ccc2C)cc2nnc(-c3c(F)cccc3Cl)n21,Non-blocker,Non-blocker,0,JCOILWGRHHMFON-UHFFFAOYSA-N,JCOILWGRHHMFON,data_herg_dev,CHEMBL1945723,
Cl.c1ccc(CN[C@@H]2CN(Cc3ccccc3)C[C@H]2c2ccccc2)cc1,Blocker,Blocker,1,CXKROPGWLZLXCH-KZDWWKKTSA-N,CXKROPGWLZLXCH,data_herg_dev,CHEMBL2401784,
CC(C)(C(=O)O)N1CCC(C(=O)NC2CCN(Cc3cccc(Oc4ccccc4Cl)c3)CC2)(c2ccccc2)C1,Blocker,Blocker,1,QIDWKMNIWOOQON-UHFFFAOYSA-N,QIDWKMNIWOOQON,data_herg_dev,CHEMBL205993,
CCOc1ccc(C2N(C)c3ccccc3N2C)cc1,Non-blocker,Non-blocker,0,NAUNGXOLCAXCQZ-UHFFFAOYSA-N,NAUNGXOLCAXCQZ,data_herg_dev,CHEMBL579294,
COc1cccc(NC(=O)CCS(=O)(=O)c2cc3c(cc2Cl)NC(=O)CO3)c1,Non-blocker,Non-blocker,0,JWTRIJRIRWHREH-UHFFFAOYSA-N,JWTRIJRIRWHREH,PubChem,22551417,
OCCc1nccn1Cc1cn(-c2ccc(Cl)c(OC(F)F)c2)nn1,Blocker,Blocker,1,SDYVDXMMCZXDQX-UHFFFAOYSA-N,SDYVDXMMCZXDQX,data_herg_dev,,
Clc1cc(Cl)cc(CN(C2CC2)C2CNC2)c1,Blocker,Blocker,,SPPVKBVIJXBYRI-UHFFFAOYSA-N,SPPVKBVIJXBYRI,eval_set_herg_70.csv,,
N#Cc1cccc(NC(=O)c2nc(-c3ccccc3)n(-c3ccccc3)n2)c1,Non-blocker,Blocker,1,CKAFCEJUHNMRHZ-UHFFFAOYSA-N,CKAFCEJUHNMRHZ,PubChem,2161667,
CCC(C)(C)c1ccc(O)cc1,Non-blocker,Non-blocker,,NRZWYNLTFLDQQX-UHFFFAOYSA-N,NRZWYNLTFLDQQX,eval_set_herg_70.csv,,
Cc1nn(Cc2c(F)c(F)c(F)c(F)c2F)c(C)c1NC(=O)c1cccc(COc2ccc(Cl)cc2)c1,Blocker,Non-blocker,0,FZHMFUGXAAQGRH-UHFFFAOYSA-N,FZHMFUGXAAQGRH,PubChem,5075158,
C=CCSc1nc(C)c(CC=C)c(=O)[nH]1,Non-blocker,Non-blocker,0,QKOBFNINEWREKY-UHFFFAOYSA-N,QKOBFNINEWREKY,PubChem,135418926,
Cc1cc(C)n2nc(C(=O)N3CCOCC3)nc2n1,Blocker,Blocker,1,ONBHCKYNNVAAEJ-UHFFFAOYSA-N,ONBHCKYNNVAAEJ,PubChem,644641,
Cc1onc(-c2c(Cl)cccc2Cl)c1NC(=O)NN(C)c1ccc([N+](=O)[O-])cn1,Non-blocker,Non-blocker,0,YDVCQRYDUVBVNV-UHFFFAOYSA-N,YDVCQRYDUVBVNV,PubChem,2804698,
CC1(C)C(=O)N(Cc2c(F)cccc2Cl)c2cc(C(=O)NCc3c(F)cc(F)cc3F)ccc21,Non-blocker,Blocker,1,OEBVYNULNKSONR-UHFFFAOYSA-N,OEBVYNULNKSONR,data_herg_dev,CHEMBL4743888,
O=C(c1ccc(-c2cnccn2)cc1)N(c1nccc2ccccc12)[C@@H]1CCCNC1,Non-blocker,Non-blocker,0,JHJYLVCRVKSNJL-OAQYLSRUSA-N,JHJYLVCRVKSNJL,data_herg_dev,CHEMBL4127016,
CC(C)(C)S(=O)(=O)c1cc2c(Nc3ccc4scnc4c3)ncnc2cc1OCCO,Non-blocker,Non-blocker,0,UHDOJINBFLDQJM-UHFFFAOYSA-N,UHDOJINBFLDQJM,data_herg_dev,CHEMBL4514780,
CCC(CC)CNc1c(C(N)=O)cnc2ccc(-c3ccc(COC)cc3)cc12,Blocker,Non-blocker,0,LWCNAFKJBINERT-UHFFFAOYSA-N,LWCNAFKJBINERT,data_herg_dev,CHEMBL4551177,
COc1c(N2CC[C@@H]([C@H](C)NCCC#N)C2)ccc2c(=O)c(C(=O)O)cn(C3CC3)c12,Non-blocker,Non-blocker,0,AUVPEOVZNBWWKH-LSDHHAIUSA-N,AUVPEOVZNBWWKH,data_herg_dev,CHEMBL390854,
COc1cc(C(CO)CO)ccc1Nc1ncc(Cl)c(-c2cnc3ccccn23)n1,Non-blocker,Non-blocker,0,IYWMYJHOIKQQFA-UHFFFAOYSA-N,IYWMYJHOIKQQFA,data_herg_dev,CHEMBL1809057,
Cc1c(Cl)c(=O)oc2cc(OP(=O)(OCCCl)OCCCl)ccc12,Non-blocker,Non-blocker,,KULDXINYXFTXMO-UHFFFAOYSA-N,KULDXINYXFTXMO,eval_set_herg_70.csv,,
c1cncc(-c2c[nH]c(C3Cc4c([nH]c5ccccc45)C(C4CCOCC4)N3)n2)c1,Blocker,Blocker,1,PCCOGKSWBNUTIO-UHFFFAOYSA-N,PCCOGKSWBNUTIO,PubChem,CUPID,
Cc1ccc(N2CCN(CC(O)COc3ccccc3C(=O)CCc3ccccc3)CC2)cc1.Cl,Blocker,Blocker,1,JVZSQIMZZQMQGM-UHFFFAOYSA-N,JVZSQIMZZQMQGM,data_herg_dev,CHEMBL1914844,
COc1cccc(-n2nc(C(C)(C)C)cc2NC(=O)Nc2ccc(Oc3ccnc4[nH]c(=O)cnc34)cc2F)c1,Non-blocker,Non-blocker,0,QRJRSZXKVANUTL-UHFFFAOYSA-N,QRJRSZXKVANUTL,data_herg_dev,,
C[C@H](c1ccc(Nc2nc(C(F)(F)F)cs2)cc1)c1nnn[nH]1,Non-blocker,Blocker,,ANDGBIBENVSINF-SSDOTTSWSA-N,ANDGBIBENVSINF,eval_set_herg_60.csv,,
Cc1ccc(C)c(/C(O)=C2\C(=O)C(=O)N(Cc3cccnc3)[C@@H]2c2cccnc2)c1,Non-blocker,Non-blocker,0,VMPMLHYZTROLCQ-JBCNATCCSA-N,VMPMLHYZTROLCQ,PubChem,5769011,
O=C(O)c1ccc(C2=CC3(CCNCC3)Oc3ccccc32)cc1,Non-blocker,Non-blocker,0,QXAHOCVRJICIGL-UHFFFAOYSA-N,QXAHOCVRJICIGL,data_herg_dev,CHEMBL494266,
FC(F)(CN1CCC(Nc2ncnc3[nH]ccc23)CC1)c1ccc(Cl)cn1,Blocker,Blocker,1,QOTIEMUIZUBYME-UHFFFAOYSA-N,QOTIEMUIZUBYME,PubChem,118938577,
CC[C@]1(C)C[C@@]2(CCCN(CCC(O)(c3ccccc3)c3ccccc3)C2)CCO1,Non-blocker,Non-blocker,0,GQLQFNCLQFWVRE-CLJLJLNGSA-N,GQLQFNCLQFWVRE,PubChem,16682229,
Cn1c(SCCCN2CC3CCN(c4ccc(C(F)(F)F)cc4)C3C2)nnc1-c1ccc(=O)[nH]c1,Blocker,Blocker,1,YTVQOUZRPPUHRV-UHFFFAOYSA-N,YTVQOUZRPPUHRV,PubChem,CUPID,
Cc1cc(CCN2CCN(c3nsc4ccccc34)CC2)cc2c1NC(=O)CC2(C)C,Blocker,Blocker,1,SRAQFALNAGNAQE-UHFFFAOYSA-N,SRAQFALNAGNAQE,PubChem,9984487,
COCCOc1cc(NC(=O)N2CCCc3cc(CN4CCN(C)C(C)(C)C4=O)c(C=O)nc32)ncc1C#N,Non-blocker,Non-blocker,0,PAQYVTXLPVZUDJ-UHFFFAOYSA-N,PAQYVTXLPVZUDJ,data_herg_dev,CHEMBL4781381,
Cl.OC(CN1CCN(c2cccc(Cl)c2)CC1)C(c1ccccc1)c1ccccc1,Blocker,Blocker,1,KQGJIKWDFWLCHO-UHFFFAOYSA-N,KQGJIKWDFWLCHO,data_herg_dev,CHEMBL534084,
Br.C=CCN1CCc2c(cc(O)c(O)c2Br)[C@@H](c2ccccc2)C1,Non-blocker,Blocker,1,CTAUBYSSTAODOD-PKLMIRHRSA-N,CTAUBYSSTAODOD,data_herg_dev,CHEMBL1256659,
Cc1c(O)c(=O)ccn1-c1ccc(OCCCN2CCCC2)cc1,Blocker,Non-blocker,,GLYIJXKREAPDJO-UHFFFAOYSA-N,GLYIJXKREAPDJO,eval_set_herg_60.csv,,
CCN(CC)CCOc1ccc(-n2ccc(OCc3ccccc3)cc2=O)cc1,Blocker,Blocker,1,BZUVXLPHVGFEJA-UHFFFAOYSA-N,BZUVXLPHVGFEJA,CUPID,11596311,21190859
CC(=O)c1ccc(-c2nnc(CCC(=O)N(C)Cc3c(C)nc4ccccn34)o2)s1,Non-blocker,Blocker,1,VPIPNHBHPFQEEQ-UHFFFAOYSA-N,VPIPNHBHPFQEEQ,PubChem,16191297,
CCOC(Cn1c(SCC(=O)Nc2cc(C)on2)nc2ccccc2c1=O)OCC,Non-blocker,Non-blocker,0,AOVKJQPEXIQPLD-UHFFFAOYSA-N,AOVKJQPEXIQPLD,PubChem,5057614,
Cc1cnc(-c2ccc3c(c2)CCN(CCCSC2=NN/C(=C4/C=c5ccccc5=N4)N2C)CC3)o1,Blocker,Blocker,,HLOHOIBPGQBARU-OCEACIFDSA-N,HLOHOIBPGQBARU,eval_set_herg_60.csv,,
CN(C)C(=O)[C@@H](C1CCC(NS(=O)(=O)c2ccc(F)cc2F)CC1)[C@H]([NH3+])C(=O)N1CC[C@H](F)C1,Non-blocker,Non-blocker,,UYJJHUSVSWNRCU-CNJFGLLESA-O,UYJJHUSVSWNRCU,eval_set_herg_70.csv,,
CCCOCCn1c(=O)c(N2CCN(CC)CC2)nc2cnc(-c3ccc(OC)nc3)cc21,Blocker,Blocker,1,YIDUAHHKCUXUPG-UHFFFAOYSA-N,YIDUAHHKCUXUPG,CUPID,24966125,20196613
O=C(NC1CCCC1)c1ccc(N2CCC(NCc3cccc(C(F)(F)F)c3)CC2)cc1,Blocker,Non-blocker,0,HTVRCTNPJQRBFZ-UHFFFAOYSA-N,HTVRCTNPJQRBFZ,data_herg_dev,CHEMBL535556,
O=C1CC(c2ccccc2)(c2ccccc2)c2ccccc21,Non-blocker,Blocker,1,SOXFTCCVYBFENS-UHFFFAOYSA-N,SOXFTCCVYBFENS,PubChem,256086,
CCOc1cc(N)c(Cl)cc1C(=O)NCC1C[N+](Cc2ccc(F)cc2)CCO1,Blocker,Blocker,,VQSYXEIAGGXRCQ-UHFFFAOYSA-N,VQSYXEIAGGXRCQ,eval_set_herg_70.csv,,
COc1ccc2cc([C@H](C)C(=O)[O-])ccc2c1,Non-blocker,Blocker,1,CMWTZPSULFXXJA-VIFPVBQESA-M,CMWTZPSULFXXJA,data_herg_dev,,
O=C1C=C/C(=C2\Nc3cc(Cl)c(Cl)cc3N2Cc2ccc(Cl)c(Cl)c2)C=N1,Blocker,Blocker,,IPGZNUXPNMCQIA-ODLFYWEKSA-N,IPGZNUXPNMCQIA,eval_set_herg_60.csv,,
CC(C)COc1cccc(C=C2SC(O)=NC2=O)c1N1CCC[C@@H](N)C1,Non-blocker,Non-blocker,0,FBEUTZRQCSCWQM-CQSZACIVSA-N,FBEUTZRQCSCWQM,data_herg_dev,CHEMBL2048870,
Cc1ccc(NC(=O)CN2C(=O)[C@@H]3[C@H](C2=O)[C@H]2C=C[C@@H]3C2)cc1S(=O)(=O)N(C)C,Non-blocker,Non-blocker,0,FPEJIUUKXBNUCO-VUWOVVPOSA-N,FPEJIUUKXBNUCO,PubChem,4208042,
Cc1cc2c3c([n+](C)c4ccccc4c3c1)-c1ccccc1O2,Blocker,Blocker,,UKFQZLLXRFQIPE-UHFFFAOYSA-N,UKFQZLLXRFQIPE,eval_set_herg_60.csv,,
Cc1c(CNC2CCCC2)nn(-c2ccc(Cl)cc2Cl)c1-c1cccnc1,Blocker,Blocker,1,ZISZDFROUCQXSA-UHFFFAOYSA-N,ZISZDFROUCQXSA,PubChem,44143415,19447610
CC(CCc1nc2ccccc2s1)(c1ccc(O)cc1)c1ccc(O)cc1,Non-blocker,Blocker,1,IVBASDRKBCHBSP-UHFFFAOYSA-N,IVBASDRKBCHBSP,PubChem,234772,
CN([C@H]1CCOC1)S(=O)(=O)Nc1ccc2ccc3ncc(-c4cnn(C)c4)cc3c(=O)c2c1,Non-blocker,Non-blocker,0,NEDWINMOGNFOQD-IBGZPJMESA-N,NEDWINMOGNFOQD,data_herg_dev,CHEMBL1802914,
Cc1ccc2c(-c3nnc(SCCCN4CCc5cc6nc(C)oc6c(Br)c5CC4)n3C)cccc2n1,Blocker,Blocker,1,UHZJBSJVGFOSSA-UHFFFAOYSA-N,UHZJBSJVGFOSSA,PubChem,11585034,18248991
O=C(CCCCCCC(=O)Nc1ccccc1)NOC(c1ccccc1)(c1ccccc1)c1ccccc1,Blocker,Non-blocker,0,VOZQRPZNBJISMA-UHFFFAOYSA-N,VOZQRPZNBJISMA,data_herg_dev,CHEMBL4640366,
FC(F)(F)Oc1cccc(-c2ncccc2CC(c2cccnc2)c2cccnc2)c1,Blocker,Non-blocker,0,OPKIDMJRRILWGI-UHFFFAOYSA-N,OPKIDMJRRILWGI,data_herg_dev,CHEMBL4075394,
N#Cc1ccc2c(c1)CCC2N1C[C@H](N)[C@H](C(=O)N2CCC[C@H]2C#N)C1,Non-blocker,Blocker,,FUERRNCGMWRRBE-WSQYJPPESA-N,FUERRNCGMWRRBE,eval_set_herg_60.csv,,
CC(C)(C)c1cc(O)ccc1O,Non-blocker,Non-blocker,,BGNXCDMCOKJUMV-UHFFFAOYSA-N,BGNXCDMCOKJUMV,eval_set_herg_70.csv,,
CCCn1c(SCC(=O)NNC(=O)c2ccc(C)cc2)nnc1C(C)C,Non-blocker,Non-blocker,0,BBYOTVBKOGYIAU-UHFFFAOYSA-N,BBYOTVBKOGYIAU,PubChem,1457208,
O=C(NCc1ccc(OCC(F)(F)F)nc1)C1c2ccccc2C(=O)N1CCc1ccccn1,Non-blocker,Non-blocker,0,UQCPFMDHAKQEAO-UHFFFAOYSA-N,UQCPFMDHAKQEAO,data_herg_dev,CHEMBL2164395,
O=C(Nc1cccc2ccccc12)/C(Cl)=C/c1ccccc1,Non-blocker,Non-blocker,0,OJQNTUGQLKZIAF-LGMDPLHJSA-N,OJQNTUGQLKZIAF,PubChem,686982,
Cc1cc(NC(=O)CCOc2ccc(F)cc2)no1,Non-blocker,Non-blocker,0,ROHUPZWQDJRIOG-UHFFFAOYSA-N,ROHUPZWQDJRIOG,PubChem,2739505,
CC[C@@H]1CN2CCc3cc(OC)c(OC)cc3[C@H]2C[C@H]1CC1=NCCc2cc(OC)c(OC)cc21,Non-blocker,Non-blocker,,FBRKYRSUSJWLHH-IOZGHAEBSA-N,FBRKYRSUSJWLHH,eval_set_herg_60.csv,,
Cc1ccc(C(=O)CSc2nnc(-c3ccco3)n2C[C@H]2CCCO2)cc1,Non-blocker,Non-blocker,0,KVAIAMNZCWLCRB-MRXNPFEDSA-N,KVAIAMNZCWLCRB,PubChem,647863,
CC(O)(CS(=O)(=O)c1ccccc1OC(F)(F)F)C(=O)Nc1cc(C(F)(F)F)cc(C(F)(F)F)c1,Non-blocker,Non-blocker,0,OTOBJJJAGXIHFL-UHFFFAOYSA-N,OTOBJJJAGXIHFL,data_herg_dev,CHEMBL3828065,
CC(C)(C)c1cc(C(C)(C)C)c(O)c(C(C)(C)C)c1,Non-blocker,Blocker,1,PFEFOYRSMXVNEL-UHFFFAOYSA-N,PFEFOYRSMXVNEL,PubChem,12902,
COc1ccc(S(=O)(=O)N2CCNCC2)cc1,Non-blocker,Blocker,1,RYCVCXVHXZLECQ-UHFFFAOYSA-N,RYCVCXVHXZLECQ,PubChem,797560,
c1ccc2c(c1)CCNC2,Non-blocker,Non-blocker,0,UWYZHKAOTLEWKK-UHFFFAOYSA-N,UWYZHKAOTLEWKK,data_herg_dev,,7046
CCOP(=O)(O)OCC,Non-blocker,Blocker,1,UCQFCFPECQILOL-UHFFFAOYSA-N,UCQFCFPECQILOL,PubChem,53316406,
O=C(c1ccc(F)cc1F)C1CCN(CCCOc2ccc(-c3nc4ccccc4o3)cc2)CC1,Blocker,Blocker,1,KMSFTQMRXXGIJL-UHFFFAOYSA-N,KMSFTQMRXXGIJL,CUPID,122196372,26483200
CN(CCCN1CC2CN(CCOc3ccc(C#N)cc3F)CC(C1)O2)S(=O)(=O)c1ccccc1,Non-blocker,Non-blocker,0,XHAKUMOKUAVUBM-UHFFFAOYSA-N,XHAKUMOKUAVUBM,data_herg_dev,CHEMBL3971138,
Cc1ccccc1-c1nnc(CN2CCC(C)CC2)o1,Non-blocker,Non-blocker,0,BZWUEJYBGRFDLO-UHFFFAOYSA-N,BZWUEJYBGRFDLO,PubChem,24761557,
C[C@H]1C[C@H]2CSC(N)=N[C@@]2(c2ccc(F)cc2F)CO1,Blocker,Non-blocker,,OLZWOORXDWFBII-FZNYLWTLSA-N,OLZWOORXDWFBII,eval_set_herg_70.csv,,
C[C@@H]1CN(C(=O)c2ccccc2)CCN1C(=O)C(=O)c1c[nH]c2cnccc12,Non-blocker,Non-blocker,0,SXYMVJZFEUONDV-CQSZACIVSA-N,SXYMVJZFEUONDV,data_herg_dev,CHEMBL583867,
CCN1CCCC(=O)c2[nH]c3ccccc3c2C1.O=S(=O)(O)O,Blocker,Blocker,1,YELAWTXIAGSMGU-UHFFFAOYSA-N,YELAWTXIAGSMGU,data_herg_dev,CHEMBL4556929,
C/C(O)=N/C(=S)NNC(=O)C(c1ccccc1)c1ccccc1,Blocker,Non-blocker,0,USJUFFJYKDUOFR-UHFFFAOYSA-N,USJUFFJYKDUOFR,PubChem,3138367,
COc1cnc2ccc(=O)n3c2c1[C@](O)(CC12CCC(NCc4ccc5c(n4)NC(=O)CO5)(CC1)CO2)C3,Non-blocker,Non-blocker,0,TYLNPEFSVBJQHA-RCSZBHJWSA-N,TYLNPEFSVBJQHA,data_herg_dev,CHEMBL3402187,
CN(CCOc1ccc(CC2SC(=O)NC2=O)cc1)c1ccccn1,Non-blocker,Non-blocker,0,YASAKCUCGLMORW-UHFFFAOYSA-N,YASAKCUCGLMORW,data_herg_dev,CHEMBL121,
Cl.Cn1cc2c(OCC3CCN(CCN4CCOCC4)CC3)nc3ccccc3c2c1,Blocker,Blocker,1,ITWQLJSVTWOWID-UHFFFAOYSA-N,ITWQLJSVTWOWID,data_herg_dev,CHEMBL2179676,
OC(c1cc(-c2ncnc3cc(N4CCOCC4)ccc23)ccc1Cl)c1ncnc2sccc12,Non-blocker,Non-blocker,0,HTXWHKWAFKZIOM-UHFFFAOYSA-N,HTXWHKWAFKZIOM,data_herg_dev,,
CCOC(=O)C(C#N)=C(c1ccccc1)c1ccccc1,Non-blocker,Non-blocker,,IAJNXBNRYMEYAZ-UHFFFAOYSA-N,IAJNXBNRYMEYAZ,eval_set_herg_70.csv,,
Brc1cccc2nc(C#Cc3ccccn3)ccc12,Non-blocker,Non-blocker,,QUNXIQXRXOIXOR-UHFFFAOYSA-N,QUNXIQXRXOIXOR,eval_set_herg_70.csv,,
CC1CCN(c2nc3c(c(=O)n(C)c(=O)n3C)n2CCSc2ncccn2)CC1,Non-blocker,Non-blocker,0,DHNNPSNANXSWGW-UHFFFAOYSA-N,DHNNPSNANXSWGW,PubChem,4124189,
S=C(S)N1CCCC1,Blocker,Blocker,1,VSWDORGPIHIGNW-UHFFFAOYSA-N,VSWDORGPIHIGNW,PubChem,517348,
Cc1cc(C)c(S(=O)(=O)N2CCN(C(=O)c3ccc4c(c3)OCO4)CC2)c(C)c1,Non-blocker,Non-blocker,0,WXQMBXSZDJKOOJ-UHFFFAOYSA-N,WXQMBXSZDJKOOJ,PubChem,6493498,
O=C(O)C(=O)O.c1ccc(-c2ccc(OCCCCCN3CCCCCC3)cc2)cc1,Blocker,Blocker,1,OBGUKBYLZRTUDN-UHFFFAOYSA-N,OBGUKBYLZRTUDN,data_herg_dev,CHEMBL4586133,
Cc1ccc(S(=O)(=O)N2CCCCC2)cc1C(=O)NC1CC(C)(C)NC(C)(C)C1,Non-blocker,Non-blocker,0,LWULTINOGJGVII-UHFFFAOYSA-N,LWULTINOGJGVII,PubChem,24980747,
COc1c(Br)cc(Br)cc1/C=N/NC(=O)c1cccnc1,Non-blocker,Non-blocker,0,OFBDMSDYSSBPIG-QGMBQPNBSA-N,OFBDMSDYSSBPIG,PubChem,9589895,
c1ccc2oc(Oc3ccc(OCCN4CCCCC4)cc3)nc2c1,Non-blocker,Blocker,1,ZIQGASWXUSSORV-UHFFFAOYSA-N,ZIQGASWXUSSORV,PubChem,11739248,18588282
CC(C)(C)c1c(C(=O)NC2C3CC4CC(C3)CC2C4)cnn1-c1ccc(C(=O)O)cc1,Non-blocker,Non-blocker,0,XWBXJBSVYVJAMZ-UHFFFAOYSA-N,XWBXJBSVYVJAMZ,data_herg_dev,CHEMBL2177609,
CCCCN(CCCC)CCCOc1ccc2c(=O)c3c(Cl)c(Cl)ccc3[nH]c2c1,Blocker,Blocker,1,KWAWXNSTMCKCPI-UHFFFAOYSA-N,KWAWXNSTMCKCPI,data_herg_dev,CHEMBL4640537,
CCOc1ccc(C(=O)N2CCC(C(=O)c3ccc4c(c3)OCCO4)CC2)cc1,Non-blocker,Non-blocker,0,STDMZCYHIWDAFT-UHFFFAOYSA-N,STDMZCYHIWDAFT,PubChem,652073,
N#C[C@H]1CC[C@H](N2C(=O)c3ccccc3C2C(=O)NCc2ccc(OC(F)(F)F)cc2)CC1,Non-blocker,Non-blocker,0,LBDXGWAJBUSGFW-DVUVRWKGSA-N,LBDXGWAJBUSGFW,data_herg_dev,CHEMBL2163357,
Fc1cnn(Cc2c(F)ccc3c2CCC3c2ncc[nH]2)c1,Blocker,Blocker,,WPBINAIKMINNER-UHFFFAOYSA-N,WPBINAIKMINNER,eval_set_herg_60.csv,,
Cc1occc1-c1ncc(OC[C@@H](N)Cc2c[nH]c3ccccc23)cc1-c1cnc2c(C)n[nH]c2n1,Non-blocker,Blocker,1,BIDMONRGQFRVNK-SFHVURJKSA-N,BIDMONRGQFRVNK,data_herg_dev,,
CC(=O)Nc1nnc(SCC(=O)N2CCN(Cc3ccccc3)CC2)s1,Non-blocker,Non-blocker,0,HJQHVFMHJOJCJB-UHFFFAOYSA-N,HJQHVFMHJOJCJB,PubChem,980314,
Cc1cccc(C)c1NC(=O)c1ccc([N+](=O)[O-])o1,Non-blocker,Blocker,1,SYBVKUZANDMWMA-UHFFFAOYSA-N,SYBVKUZANDMWMA,PubChem,779411,
COc1ccc(CCNC(=O)c2cc(-c3ccc(C)cc3O)n[nH]2)cc1OC,Non-blocker,Non-blocker,0,AFEIZXDZNYWHRW-UHFFFAOYSA-N,AFEIZXDZNYWHRW,PubChem,1851874,
COc1ccccc1-c1nc2c(C(=O)N[C@@H]3C[C@H]4CCC[C@@H](C3)N4C)cccc2o1,Blocker,Blocker,1,OZOLNJQERDKPFN-OSYLJGHBSA-N,OZOLNJQERDKPFN,PubChem,76313439,20889341
Cc1cc(NS(=O)(=O)c2ccc(N)cc2)no1,Non-blocker,Non-blocker,,JLKIGFTWXXRPMT-UHFFFAOYSA-N,JLKIGFTWXXRPMT,eval_set_herg_60.csv,,
CCOc1ccc(NS(=O)(=O)c2cccc(C(=O)N(C)Cc3nc4ccccc4s3)c2)cc1,Non-blocker,Blocker,,GHQOKQYRSPUTQP-UHFFFAOYSA-N,GHQOKQYRSPUTQP,eval_set_herg_60.csv,,
C[C@@H]1CN(CC(=O)N2CC(C)(C)c3nnc(Cc4ccc(F)cc4)cc32)[C@@H](CN2Cc3ccccc3C2=O)CN1,Non-blocker,Non-blocker,0,ZJOWQMMGXYFDHJ-CJFMBICVSA-N,ZJOWQMMGXYFDHJ,data_herg_dev,CHEMBL4168144,
Cc1ccc(CN(C)CC(=O)N[C@H](C)c2ccccc2)cc1,Non-blocker,Non-blocker,0,YSVYKZIHFKPHOZ-MRXNPFEDSA-N,YSVYKZIHFKPHOZ,PubChem,4963675,
COc1cc(N)c(Cl)cc1C(=O)NCC1CCN(CCCn2ccnn2)CC1,Blocker,Non-blocker,,AULLTYAISZREAX-UHFFFAOYSA-N,AULLTYAISZREAX,eval_set_herg_60.csv,,
COc1cc(NC(=S)NCCCn2cncc2C)ccc1Oc1ccc(C2=CCNCC2)cc1,Blocker,Blocker,1,NVFFMKJRLRCNIU-UHFFFAOYSA-N,NVFFMKJRLRCNIU,data_herg_dev,CHEMBL4218344,
COc1cc(C=Cc2nc3scc(C)c3c(=O)[nH]2)ccc1-n1cnc(C)c1,Blocker,Blocker,1,LUGNTHCVMDLTQG-UHFFFAOYSA-N,LUGNTHCVMDLTQG,data_herg_dev,CHEMBL1642181,
COc1cccc(/C=N/Nc2ccc(C(=O)O)cc2)c1O,Non-blocker,Blocker,1,XDVHFEHZXISHQZ-CXUHLZMHSA-N,XDVHFEHZXISHQZ,PubChem,135472810,
CC1CN(C(=O)C2CN(C(C)(C)C)CC2c2ccc(F)cc2F)CC(C)C1(O)c1ccc(Cl)cc1,Blocker,Blocker,1,GXEILWZMBSGTIK-UHFFFAOYSA-N,GXEILWZMBSGTIK,data_herg_dev,,
COc1ccc(CCNS(=O)(=O)c2cc(C(=O)O)c(Cl)cc2Cl)cc1,Blocker,Non-blocker,0,GTIRTRWMHRGQSY-UHFFFAOYSA-N,GTIRTRWMHRGQSY,PubChem,2119414,
CCOC(=O)CC1(NC(=O)[C@@H]2CCC(=O)N(Cc3ccccc3OC)C2)CCCCC1,Non-blocker,Non-blocker,0,KCGCYNAQPFONNT-LJQANCHMSA-N,KCGCYNAQPFONNT,PubChem,24794011,
CC(C)Oc1ccc(C(=O)Nc2cccc3cccnc23)cc1,Non-blocker,Non-blocker,0,LCEUJENGMKMWJS-UHFFFAOYSA-N,LCEUJENGMKMWJS,PubChem,836753,
Cc1ccc2c(n1)[C@H]([C@@H](C)C(=O)Nc1ccc(Cl)c(-c3ccccn3)c1)CC[C@H]2C,Non-blocker,Non-blocker,0,PLRSSFZFXGFEFV-MDYRTPRTSA-N,PLRSSFZFXGFEFV,data_herg_dev,CHEMBL3967752,
O=C(CCC[N@@H+]1CC=C([N+]2=c3ccccc3=NC2=O)CC1)c1ccc(F)cc1,Non-blocker,Blocker,,UUSFDYSLDWOTOB-UHFFFAOYSA-O,UUSFDYSLDWOTOB,eval_set_herg_60.csv,,
CCOCCn1c(N2CCCN(C)CC2)nc2ccccc21.O=C(O)/C=C/C(=O)O.O=C(O)/C=C/C(=O)O,Blocker,Blocker,1,FWLKKPKZQYVAFR-LVEZLNDCSA-N,FWLKKPKZQYVAFR,data_herg_dev,,5282485
CCCN(CCc1ccccc1)C1CCc2c(O)cccc2C1.Cl,Blocker,Blocker,1,XWLCIDLCEZAOEY-UHFFFAOYSA-N,XWLCIDLCEZAOEY,data_herg_dev,CHEMBL1256754,
CCc1ccc(/N=C2\C=C(O)C(=O)c3ccccc32)cc1,Non-blocker,Non-blocker,0,AERRPULWPIGSEB-KNTRCKAVSA-N,AERRPULWPIGSEB,PubChem,3633677,
CCC(CC)CN(Cc1ccc(F)cc1)C1CCN(Cc2ccc(N(CC)CC)cc2)CC1,Blocker,Non-blocker,,YWTYQMOCEJQDIR-UHFFFAOYSA-N,YWTYQMOCEJQDIR,eval_set_herg_60.csv,,
O=C(c1cc(F)cc(F)c1)N1CCN(c2ccc(OCCCN3CCCCCC3)cc2)C(=O)C1,Non-blocker,Non-blocker,0,NZDIBDNGFSKVTN-UHFFFAOYSA-N,NZDIBDNGFSKVTN,data_herg_dev,,
CN1CCN(Cc2cccc3c2c(Cl)cn3S(=O)(=O)c2cccc(Cl)c2)CC1,Blocker,Blocker,1,MJYQMQCVUXOIFY-UHFFFAOYSA-N,MJYQMQCVUXOIFY,data_herg_dev,CHEMBL2207376,
COc1ccc(/C=N/Nc2nonc2N)c(OC)c1,Non-blocker,Non-blocker,0,XVFAGIUJZJQTPJ-AWNIVKPZSA-N,XVFAGIUJZJQTPJ,PubChem,9646867,
O=C(NCc1c(Cl)cccc1Cl)c1ccc2nnsc2c1,Non-blocker,Non-blocker,0,MQEDQJKDQMVZCH-UHFFFAOYSA-N,MQEDQJKDQMVZCH,PubChem,2726716,
Cc1nc(NC(=O)CSc2nnnn2Cc2ccccc2)sc1C,Non-blocker,Blocker,1,PNOURWZCNCSJJA-UHFFFAOYSA-N,PNOURWZCNCSJJA,PubChem,653360,
CC(C)C[C@H](NC(=O)[C@H](O)[C@H](N)Cc1ccccc1)C(=O)O.Cl,Non-blocker,Non-blocker,0,XGDFITZJGKUSDK-FPFZOWOXSA-N,XGDFITZJGKUSDK,data_herg_dev,CHEMBL1257100,
NS(=O)(=O)Nc1cncc(-c2nc(NCc3ccccn3)c3c(-c4ccccc4)cccc3n2)c1,Blocker,Blocker,1,GPYUSYNKDNQBNE-UHFFFAOYSA-N,GPYUSYNKDNQBNE,PubChem,51030834,28418664
O=C(Nc1ccccc1)Nc1cnccn1,Non-blocker,Non-blocker,0,OYJGNHLJWVGHTI-UHFFFAOYSA-N,OYJGNHLJWVGHTI,PubChem,5044232,
COc1cc(N)c(Cl)cc1C(=O)N[C@H]1CCN(CC2CCN(C(=O)C(C)C)CC2)C[C@H]1OC,Blocker,Blocker,1,WCDPZBYIZZTNIC-RBBKRZOGSA-N,WCDPZBYIZZTNIC,data_herg_dev,CHEMBL3759860,
COc1ccc([C@H](C)NC(=O)COc2cc(C(F)(F)F)c3c(-c4ccccc4)nn(C)c3n2)cc1,Non-blocker,Non-blocker,0,GUDQJFKBBOAOIC-HNNXBMFYSA-N,GUDQJFKBBOAOIC,data_herg_dev,CHEMBL3634013,
Cc1c(CCN2CCN(C(=O)Cc3ccc(-n4cnnn4)cn3)CC2)ccc2c1COC2=O,Non-blocker,Non-blocker,0,XQACARRZCTWBNC-UHFFFAOYSA-N,XQACARRZCTWBNC,data_herg_dev,CHEMBL3792966,
COc1ccc(S(=O)(=O)Nc2ccc(S(=O)(=O)N3CCOCC3)cc2)cc1,Non-blocker,Non-blocker,0,XYNDNVXXBQVIAK-UHFFFAOYSA-N,XYNDNVXXBQVIAK,PubChem,1144952,
CNC(=O)c1c(-c2ccc(F)cc2)oc2cc(N(C)S(C)(=O)=O)c(-c3ccc4c(n3)-c3cc5c(F)cccc5n3CN4)cc12,Non-blocker,Non-blocker,0,MGKCTMFWUSMCJX-UHFFFAOYSA-N,MGKCTMFWUSMCJX,data_herg_dev,CHEMBL4435877,
CCn1c(=O)cc(OCC(=O)N(C)C2CCCCC2)c2ccccc21,Non-blocker,Non-blocker,0,XLWOLOXPEMSBPY-UHFFFAOYSA-N,XLWOLOXPEMSBPY,PubChem,3239727,
Clc1ccc(C2(Cn3cncn3)OCCO2)c(Cl)c1,Blocker,Blocker,,AKNQMEBLVAMSNZ-UHFFFAOYSA-N,AKNQMEBLVAMSNZ,eval_set_herg_70.csv,,
Cc1nn(C2CCNCC2)cc1Nc1ncc(Cl)c(-c2cnc3ccccn23)n1,Non-blocker,Non-blocker,0,JVFLXTNKVBOVBS-UHFFFAOYSA-N,JVFLXTNKVBOVBS,data_herg_dev,CHEMBL3823007,
CCN1CCN(Cc2c(O)ccc3c2O/C(=C\C=C\c2ccccc2)C3=O)CC1,Non-blocker,Non-blocker,0,SVOGPOIFXQFHAB-DDIODMMUSA-N,SVOGPOIFXQFHAB,PubChem,1960092,
CCCCCCCCCCCCCCn1cc[n+](C)c1,Blocker,Blocker,1,BMKLRPQTYXVGNK-UHFFFAOYSA-N,BMKLRPQTYXVGNK,PubChem,60196381,
CNC(=O)[C@H](C)Cn1cnc2ccc(-c3cnc(OC)c(NS(=O)(=O)c4ccc(F)cc4Cl)c3)cc2c1=O,Blocker,Non-blocker,0,LPATWVFSBNDSHR-CQSZACIVSA-N,LPATWVFSBNDSHR,data_herg_dev,CHEMBL4632970,
COC[C@H]1OC(N)=N[C@](C)(c2cc(NC(=O)c3ccc(C#N)cn3)ccc2F)[C@H]1F,Blocker,Blocker,1,RTRLKXJUOZLFHE-FUHIMQAGSA-N,RTRLKXJUOZLFHE,data_herg_dev,CHEMBL4226208,
O=C(Nc1ccc(N2CC(F)(F)C2)nc1)c1nc(-c2ccccc2)oc1C(F)(F)F,Blocker,Blocker,1,LBFLJRBLAAEWJK-UHFFFAOYSA-N,LBFLJRBLAAEWJK,data_herg_dev,CHEMBL1766884,
NC(=S)/N=N/c1ccc(O)cc1,Blocker,Non-blocker,0,YNRDWJDYBGDMRB-MDZDMXLPSA-N,YNRDWJDYBGDMRB,PubChem,4243942,
N=C(c1ccc(C(=O)Nc2ccc(Cl)cc2C(=O)Nc2ccc(Cl)cn2)cc1)N1CCC(C(=O)O)CC1,Blocker,Blocker,1,XVKPNRRLYPSIOE-UHFFFAOYSA-N,XVKPNRRLYPSIOE,data_herg_dev,CHEMBL222012,
Fc1ccc2c(C3C[NH2+]CCC3F)c(C3=CNC=CC3)[nH]c2c1,Blocker,Blocker,,UTMPBYAPGSEZCC-UHFFFAOYSA-O,UTMPBYAPGSEZCC,eval_set_herg_70.csv,,
COc1ncc(NC(=O)Nc2cnc3ccc(F)cc3c2N(C)C2CCCN(C)C2)cc1Cl,Blocker,Blocker,1,VVAWSCAKBGGGTH-UHFFFAOYSA-N,VVAWSCAKBGGGTH,PubChem,CUPID,
COc1c(C(C)(C)C)cc(C(=O)N2CCN(C(=O)CCCCC(c3ccc(F)cc3)c3ccc(F)cc3)C[C@@H]2C)cc1C(C)(C)C,Blocker,Blocker,1,MBFAOOZDUTUYCE-SANMLTNESA-N,MBFAOOZDUTUYCE,PubChem,68171468,22579422
Cn1c(CCCCN2CC3C[C@]3(c3ccc(C(F)(F)F)cc3)C2)nnc1-c1ccc(F)cc1,Blocker,Blocker,1,LYYUOPGYPGZNPY-PIFIWZBESA-N,LYYUOPGYPGZNPY,data_herg_dev,,
COC(=O)c1ccc2c(c1)NC(=O)/C2=C(\Nc1ccc2c(c1)N(C(=O)CN1CCCC1=O)CC2)c1ccccc1,Blocker,Blocker,1,LRNXJAKOQFCAJB-ZIADKAODSA-N,LRNXJAKOQFCAJB,data_herg_dev,CHEMBL4165455,
CNC(=O)CCCNC(=O)N(Cc1ccsc1)C1CCN([C@H](C)CCNC(=O)c2c(C)cc(Cl)nc2C)CC1,Blocker,Non-blocker,0,HFMINNRJWTYEAA-HXUWFJFHSA-N,HFMINNRJWTYEAA,data_herg_dev,,
O=C(NCc1ccccc1CN1CCCC1)c1cccc(S(=O)(=O)Nc2ccc(F)cc2)c1,Non-blocker,Blocker,1,PCEOFPJRUBEJRR-UHFFFAOYSA-N,PCEOFPJRUBEJRR,PubChem,16297997,
O=C(NC[C@@H](Cc1ccccc1)N1CCC(O)(C(F)(F)F)CC1)C1(c2ccc(Cl)cc2)CCCC1,Blocker,Blocker,1,PAEBEJVPSADOMC-HSZRJFAPSA-N,PAEBEJVPSADOMC,data_herg_dev,CHEMBL4208555,
CCN(CC)CCOc1ccc(/C(=C(\Cl)c2ccccc2)c2ccccc2)cc1,Blocker,Blocker,1,GKIRPKYJQBWNGO-QPLCGJKRSA-N,GKIRPKYJQBWNGO,PubChem,1548955,
O=C(Oc1ccc(/C=N/NC(=O)c2ccccn2)cc1)c1cccc(Br)c1,Non-blocker,Non-blocker,0,POLKQQZDBZLYHU-YDZHTSKRSA-N,POLKQQZDBZLYHU,PubChem,5335269,
Cc1cccc(OCc2nnc(SCC(=O)Nc3ncc(C)s3)o2)c1,Non-blocker,Non-blocker,0,WKNYVTZSGCJHKK-UHFFFAOYSA-N,WKNYVTZSGCJHKK,PubChem,1315581,
CCOC(=O)CSc1nnc(/N=C(\O)c2cc([N+](=O)[O-])cc([N+](=O)[O-])c2)s1,Non-blocker,Non-blocker,0,HDCQTICIZFJLNY-UHFFFAOYSA-N,HDCQTICIZFJLNY,PubChem,4681537,
CCOc1ccc(CCNC(=O)c2cc(C)nc3ccccc23)cc1OCC,Non-blocker,Non-blocker,0,NDKVZJUWHOFXSX-UHFFFAOYSA-N,NDKVZJUWHOFXSX,PubChem,9474027,
CCC[S+]([O-])CCC[N+](CC)CC(O)COc1ccc(C#N)cc1,Blocker,Blocker,,ZMIXNTFGXGIDHD-UHFFFAOYSA-N,ZMIXNTFGXGIDHD,eval_set_herg_70.csv,,
O=C(O)[C@H]1CCCN1S(=O)(=O)c1ccc2ccccc2c1,Non-blocker,Non-blocker,0,GVNYVKRDASNULU-CQSZACIVSA-N,GVNYVKRDASNULU,PubChem,649141,
CS(=O)(=O)C1(c2cc(N3CCOCC3)nc(-c3cccc4[nH]ccc34)n2)CC1,Non-blocker,Non-blocker,0,UUEAFRKZMCDHFV-UHFFFAOYSA-N,UUEAFRKZMCDHFV,data_herg_dev,CHEMBL2325704,
CCN(CC)C(=O)Cn1cc(C(=O)C(=O)N2CC=C(c3ccccc3)CC2)c2ccccc21,Non-blocker,Blocker,1,CESCCRNITIBUGD-UHFFFAOYSA-N,CESCCRNITIBUGD,PubChem,16194649,
CCOc1ccc(Br)cc1S(=O)(=O)NCc1ccc(S(N)(=O)=O)cc1,Non-blocker,Non-blocker,0,PAIZERVKCBUGRK-UHFFFAOYSA-N,PAIZERVKCBUGRK,PubChem,2524696,
C[C@H](CN(C)C)CN1c2ccccc2Sc2ccc(C(F)(F)F)cc21,Blocker,Blocker,1,ILBBYVOOXMPNTM-CYBMUJFWSA-N,ILBBYVOOXMPNTM,PubChem,166642339,
CC[N+](CC)(CC)COc1ccc(/C=C/c2ccccc2)cc1,Blocker,Non-blocker,0,QXMGSJSQHWXUQG-OUKQBFOZSA-N,QXMGSJSQHWXUQG,data_herg_dev,,
COC1CCC2(CC1)Cc1ccc(C#N)cc1C21N=C(N)N(CC2CCCO2)C1=O,Non-blocker,Blocker,,UPHWMYMEWKSHEJ-UHFFFAOYSA-N,UPHWMYMEWKSHEJ,eval_set_herg_60.csv,,
NC(=O)c1cnc(N[C@H]2CCCNC2)c2cc(-c3ccsc3)sc12,Non-blocker,Non-blocker,0,LCAGMBOQRJACFN-NSHDSACASA-N,LCAGMBOQRJACFN,data_herg_dev,CHEMBL4079910,
CC1CN(c2nc(C(F)(F)F)no2)CCN1c1ncc(OCc2ccc(S(C)(=O)=O)cc2F)cn1,Blocker,Blocker,1,XCGRMHQPVVAZAS-UHFFFAOYSA-N,XCGRMHQPVVAZAS,CUPID,CUPID,
CC(C)CCNC(=O)[C@H]1CCCCN1S(=O)(=O)c1ccc(F)cc1,Non-blocker,Blocker,1,FFZJYWLIFNSUKS-MRXNPFEDSA-N,FFZJYWLIFNSUKS,PubChem,6619133,
Nc1ccc(-c2cccs2)cc1NC(=O)c1ccc(N2CCC3(CC2)CNC(=O)O3)nc1,Blocker,Non-blocker,0,MUTPWJCHZIMJSP-UHFFFAOYSA-N,MUTPWJCHZIMJSP,data_herg_dev,CHEMBL3286732,
CCc1nnc(SCc2cn3c(C)cc(C)nc3n2)n1N,Non-blocker,Non-blocker,0,HMTRHIZZEVUPCO-UHFFFAOYSA-N,HMTRHIZZEVUPCO,PubChem,2999561,
O=c1[nH]c(Nc2cc(Cl)cc(Cl)c2)nc2cccc(O)c12,Blocker,Blocker,1,FNLVTYGPKQQKMP-UHFFFAOYSA-N,FNLVTYGPKQQKMP,data_herg_dev,CHEMBL4761264,
Cc1ccc(/C=N/n2c(C)nnc2C)s1,Non-blocker,Non-blocker,0,AYGWBFXVAHGHPQ-IZZDOVSWSA-N,AYGWBFXVAHGHPQ,PubChem,9555054,
O=C(OCn1nnc2ccccc2c1=O)c1cccnc1,Non-blocker,Non-blocker,0,PJXSSNFDSOFYGC-UHFFFAOYSA-N,PJXSSNFDSOFYGC,PubChem,694194,
Cc1cc(C)n(-c2cc(NC(=O)COc3ccccc3CCN3CCOCC3)nc(-c3ccc(C)o3)n2)n1,Blocker,Blocker,1,NJNUNXVUFLFRNF-UHFFFAOYSA-N,NJNUNXVUFLFRNF,PubChem,44448053,18329269
Cc1cccc(Nc2nc(NC3CC(F)(F)CCC3N)ncc2C(N)=O)c1,Blocker,Blocker,1,DNSZJAFGHJNCIE-UHFFFAOYSA-N,DNSZJAFGHJNCIE,PubChem,CUPID,
CN1C(=O)C=C[C@]2(C)[C@H]3CC[C@]4(C)[C@@H](O)[C@H](Cc5cccc(F)c5)C[C@H]4[C@@H]3CC[C@@H]12,Blocker,Blocker,1,WWYCEUZRECUBAR-NKRFCKFISA-N,WWYCEUZRECUBAR,PubChem,10194468,19606870
FC(F)(F)c1cccc(Nc2cc3[nH]c(Nc4ccc(N5CCOCC5)cn4)nc3cn2)c1,Blocker,Blocker,1,YXBSLSDWHOVTAZ-UHFFFAOYSA-N,YXBSLSDWHOVTAZ,PubChem,155553335,30256636
O=C1NC(=O)C(c2c[nH]c3ccccc23)=C1c1c[nH]c2ccccc12,Non-blocker,Non-blocker,,DQYBRTASHMYDJG-UHFFFAOYSA-N,DQYBRTASHMYDJG,eval_set_herg_60.csv,,
O=c1[nH]ncc(NCCCO)c1Cl,Non-blocker,Non-blocker,0,VXINMRMHQNRIOM-UHFFFAOYSA-N,VXINMRMHQNRIOM,PubChem,1646756,
CCN1CCC(N(C(=O)NCc2ccc(F)cc2)C2CCNCC2)CC1,Blocker,Blocker,1,YDBDNXXYPHECLD-UHFFFAOYSA-N,YDBDNXXYPHECLD,data_herg_dev,CHEMBL1090535,
CN(CCOc1ccc(NS(C)(=O)=O)cc1)CCc1ccc(NS(C)(=O)=O)cc1,Blocker,Blocker,1,IXTMWRCNAAVVAI-UHFFFAOYSA-N,IXTMWRCNAAVVAI,PubChem,71329,23473309
NC(=O)c1ccsc1-c1cccc(OC(=O)NCCCCCCc2ccccc2)c1,Blocker,Blocker,1,AVPVHTLIOJMCNJ-UHFFFAOYSA-N,AVPVHTLIOJMCNJ,data_herg_dev,,
c1ccc(CNC2CN(Cc3ccccc3)CC2c2ccccc2)cc1,Blocker,Blocker,1,PRNUXVLWLPTWTR-UHFFFAOYSA-N,PRNUXVLWLPTWTR,data_herg_dev,,
CC1=C(C(N)=O)S(=O)(=O)c2ccccc21,Non-blocker,Non-blocker,0,AKRUDWPGTGSAGJ-UHFFFAOYSA-N,AKRUDWPGTGSAGJ,PubChem,268659,
Clc1ccc(CCCOCCCN2CCCCC2)cc1,Blocker,Blocker,1,NNACHAUCXXVJSP-UHFFFAOYSA-N,NNACHAUCXXVJSP,PubChem,9948102,28797771
Cn1cc(Cn2cc(-c3cccc(S(C)(=O)=O)c3)cn2)cn1,Non-blocker,Blocker,,WMUAUDVHENODTB-UHFFFAOYSA-N,WMUAUDVHENODTB,eval_set_herg_70.csv,,
CCc1c(C2CCN(CCCSc3ccc(F)cc3)CC2)c2ccc(F)cc2n1Cc1ccc(C(=O)O)cc1,Blocker,Blocker,1,ZQJAWBVNTLAXOW-UHFFFAOYSA-N,ZQJAWBVNTLAXOW,data_herg_dev,CHEMBL3355955,
CC(C)c1ccc(OCC(=O)/N=C2\NCCS2)cc1,Non-blocker,Non-blocker,0,QCORSLKKWMTCMZ-UHFFFAOYSA-N,QCORSLKKWMTCMZ,PubChem,1086015,
COc1ccc([N+](=O)[O-])cc1NC(=O)COC(=O)[C@@]12C[C@@H]3C[C@@H](C[C@@](O)(C3)C1)C2,Non-blocker,Non-blocker,0,JEKLWIHDPKZGFH-DJZHIFDRSA-N,JEKLWIHDPKZGFH,PubChem,4006178,
Cc1ccc(S(=O)(=O)N2CCCO[C@@H]2CNC(=O)C(=O)NCCc2ccco2)cc1,Non-blocker,Non-blocker,0,NKBDHTOKDJVRCR-GOSISDBHSA-N,NKBDHTOKDJVRCR,PubChem,18562434,
CCOC(=O)CNC(=S)N(CCCN1CCN(C)CC1)Cc1cccs1,Non-blocker,Non-blocker,0,MZKDNIKCRNTJBU-UHFFFAOYSA-N,MZKDNIKCRNTJBU,PubChem,24761484,
Cc1nc(N2CCCC2)ncc1-c1ccc2cc(CCN3CCC[C@H]3C)ccc2n1,Blocker,Blocker,1,DWAOPDWPKFXRII-GOSISDBHSA-N,DWAOPDWPKFXRII,PubChem,11647025,20457525
O=C(CSc1n[nH]c(C2CCCC2)n1)NC1CCCC1,Non-blocker,Non-blocker,0,MPSMKGMKXNBOLW-UHFFFAOYSA-N,MPSMKGMKXNBOLW,PubChem,649215,
Cc1cc(-c2ccc3c(c2)CCN(CCCSc2nnc(-c4cccc(F)c4)n2C)CC3)no1,Blocker,Blocker,1,XSBNGDJHMKLOOQ-UHFFFAOYSA-N,XSBNGDJHMKLOOQ,PubChem,44428207,17867665
C[C@@H]1Cc2c(ccc3[nH]ncc23)[C@@H](c2ncc(NC3CN(CCCF)C3)cc2F)N1CC(F)(F)CF,Blocker,Blocker,1,GGSBMAVBGZRJPI-MYYSRTQBSA-N,GGSBMAVBGZRJPI,data_herg_dev,,
O=C(O[C@@H](C(=O)NC1CCCC1)c1cccnc1)C1=Cc2ccccc2OC1,Non-blocker,Non-blocker,0,OEDIXJAAHJWLBI-HXUWFJFHSA-N,OEDIXJAAHJWLBI,PubChem,3230507,
CCN(CC)C(=O)c1ccc(C2=CC3(CCNCC3)Oc3c(O)cccc32)cc1,Non-blocker,Non-blocker,0,UIGPHCALDFFENP-UHFFFAOYSA-N,UIGPHCALDFFENP,data_herg_dev,CHEMBL523507,
O=C1COc2ccc(CNC34CCC(CC5Cn6c(=O)ccc7ncc(F)c5c76)(CC3)OC4)nc2N1,Non-blocker,Non-blocker,0,OINHUVBCKUJZAG-UHFFFAOYSA-N,OINHUVBCKUJZAG,data_herg_dev,CHEMBL3400819,
Cc1nc2n(c(=O)c1CCN1CCC(C(=O)c3ccc(F)cc3)CC1)CCS2,Blocker,Blocker,1,RBGAHDDQSRBDOG-UHFFFAOYSA-N,RBGAHDDQSRBDOG,PubChem,68604,
O=C(Cn1nnc2ccccc21)N/N=C\C=C\c1ccccc1,Non-blocker,Blocker,1,BHWQEGFXPFAJBZ-YKYHQJSKSA-N,BHWQEGFXPFAJBZ,PubChem,5540181,
O=C(c1cccc(S(=O)(=O)C2CCc3ccccc3C2)c1)N1CCO[C@H](c2ccc(F)cc2)C1,Non-blocker,Blocker,,HPOUSNSHNPFEKM-AMVUTOCUSA-N,HPOUSNSHNPFEKM,eval_set_herg_60.csv,,
CN(C)/C=C(\C#N)C(=O)c1cccnc1Oc1cccc(F)c1,Non-blocker,Non-blocker,0,ZZLDZNMYOSKCPO-VAWYXSNFSA-N,ZZLDZNMYOSKCPO,PubChem,5903782,
COC12CCC3(CC1C(C)(O)C(C)(C)C)C1Cc4ccc(O)c5c4C3(CC[N+]1CC1CC1)C2O5,Non-blocker,Blocker,,DVNVOUZIXKMMQT-UHFFFAOYSA-N,DVNVOUZIXKMMQT,eval_set_herg_70.csv,,
CCOC(=O)c1sc(NC(=O)CSc2nc(-c3ccco3)cc(C(F)(F)F)n2)c(C(=O)OC)c1C,Non-blocker,Non-blocker,0,KEVIOAVBOYDDTM-UHFFFAOYSA-N,KEVIOAVBOYDDTM,PubChem,3145811,
Cc1nc2ccccc2n1[C@H]1[C@@H]2CN(CC[C@H](NC(=O)C3CCC3)c3ccccc3)C[C@@H]21,Blocker,Blocker,1,ABQNQYIWXKWYGD-DUOVIKOCSA-N,ABQNQYIWXKWYGD,PubChem,11690481,16629828
CN(C)CCC(NC(=O)C1(N)CCCN(c2ncnc3[nH]ccc23)C1)c1ccc(Cl)cc1,Non-blocker,Non-blocker,0,RLUGZCZJSKZFPA-UHFFFAOYSA-N,RLUGZCZJSKZFPA,data_herg_dev,,
[NH2+]=C1[N]CC2c3ccccc3Cc3ccccc3N12,Blocker,Non-blocker,,CDARLPUCXXLHNH-UHFFFAOYSA-O,CDARLPUCXXLHNH,eval_set_herg_70.csv,,
CCC#CC[C@H](C)[C@H](O)/C=C/[C@H]1CCC(=O)N1CCCCCCC(=O)O,Non-blocker,Non-blocker,0,CBIUADIJQPJQEZ-VIDOSBHOSA-N,CBIUADIJQPJQEZ,data_herg_dev,CHEMBL4558749,
O[C@H](c1cnc(F)c(-c2ncnc3cc(N4CCOCC4)ccc23)c1)c1nccs1,Blocker,Blocker,1,HORBNTVKYAVYTP-LJQANCHMSA-N,HORBNTVKYAVYTP,PubChem,118954807,
COc1ccc(C(=O)OCC(=O)NCCN2C(=O)CSC2=O)cc1[N+](=O)[O-],Non-blocker,Non-blocker,0,JEDQKLKKMIJBNT-UHFFFAOYSA-N,JEDQKLKKMIJBNT,PubChem,5202463,
Cc1[nH]c2ccccc2c1CC(=O)N1Cc2ccc(/C=C/C(=O)NO)cc2C1,Non-blocker,Non-blocker,0,CKDQKKHRBBRACM-VQHVLOKHSA-N,CKDQKKHRBBRACM,data_herg_dev,CHEMBL1808625,
CCN(CC)CCNC(=S)Nc1ccc(Cl)cc1,Non-blocker,Non-blocker,0,PPGWSNADDUCESO-UHFFFAOYSA-N,PPGWSNADDUCESO,PubChem,2162147,
COc1ccc([C@@H](C)N[C@@H]2CC[C@@H](C(=O)C3CCC(c4ccccc4)(c4nnc(C)s4)CC3)C(C)(C)C2)cc1,Blocker,Blocker,1,YKBYRDMBJORZED-JIBABVKTSA-N,YKBYRDMBJORZED,data_herg_dev,CHEMBL560795,
CC(=O)O[C@@H]1CC[C@]2(C)[C@H](CC[C@@H]3[C@H]2CC(=O)[C@]2(C)[C@@H]3C[C@@H](C(C(C)=O)C(C)=O)[C@H]2C(C)=O)C1,Non-blocker,Non-blocker,0,WWSXFPXFVRGNOL-FMONEYRHSA-N,WWSXFPXFVRGNOL,PubChem,4555064,
C[N+]1CCCCC1c1c(-c2ccccc2)[nH]c2ccccc12,Blocker,Blocker,,FRVUOTVOYLJPCA-UHFFFAOYSA-N,FRVUOTVOYLJPCA,eval_set_herg_60.csv,,
CCCCCCCCCCCCCCCCn1cc[n+](C)c1.F[B-](F)(F)F,Blocker,Non-blocker,0,WXCIBNGOVJQXTI-UHFFFAOYSA-N,WXCIBNGOVJQXTI,data_herg_dev,,18506491
COc1ccccc1C(=O)NC(=O)CSc1nncn1C(C)C,Non-blocker,Non-blocker,0,AIZJPVHHISTBCS-UHFFFAOYSA-N,AIZJPVHHISTBCS,PubChem,7675654,
C[N+]1C2CCC1C(C(=O)[O-])C(OC(=O)c1ccccc1)C2,Non-blocker,Non-blocker,,FQMKIHAIJVUQMW-UHFFFAOYSA-M,FQMKIHAIJVUQMW,eval_set_herg_60.csv,,
Cc1cc(C)cc(-n2ncc3c2CCC[C@H]3NC(=O)CN2CCCC2=O)c1,Non-blocker,Non-blocker,0,AJGYGMMEYDRXPD-GOSISDBHSA-N,AJGYGMMEYDRXPD,PubChem,24791625,
COc1ccc(S(=O)(=O)N2CCCC[C@@H]2C(=O)O)cc1OC,Non-blocker,Non-blocker,0,RYSZSZLUHCUXBY-LLVKDONJSA-N,RYSZSZLUHCUXBY,PubChem,3240637,
CS(=O)(=O)c1ccc(C(=O)N2CCN(c3ccc(OC4CCN(C5CCCC5)CC4)cc3)C(=O)C2)cc1,Non-blocker,Non-blocker,0,LOSURSDSSSDQIC-UHFFFAOYSA-N,LOSURSDSSSDQIC,data_herg_dev,,
CCN(C(=O)CCS(=O)(=O)c1ccc2c(c1)oc(=O)n2C)c1ccc(OC)cc1,Non-blocker,Non-blocker,0,ODOOJXJBCWXHIR-UHFFFAOYSA-N,ODOOJXJBCWXHIR,PubChem,16024552,
CC(=O)Nc1ccc(OC(=O)[C@@H](CCS(C)(=O)=O)N2C(=O)c3ccccc3C2=O)cc1,Non-blocker,Non-blocker,0,RRGWYJLNLPOGGR-GOSISDBHSA-N,RRGWYJLNLPOGGR,PubChem,2950382,
NC(=O)[C@@H]1CC[C@H](c2cccc(OCc3ccccc3)c2)N1,Non-blocker,Non-blocker,0,JLHKAVZBPMWOMO-SJORKVTESA-N,JLHKAVZBPMWOMO,data_herg_dev,CHEMBL4632663,
Cc1nc2cc(F)ccc2n1C1CCC(NCC2Cc3ccc(C#N)cc3C2)CC1,Blocker,Blocker,1,KQTXWKJKIOAAAJ-UHFFFAOYSA-N,KQTXWKJKIOAAAJ,PubChem,CUPID,
COc1ccc(N(CC(=O)NC2CCCC2)C(=O)Cn2nnc(-c3ccc(F)cc3)n2)cc1OC,Non-blocker,Non-blocker,0,SDAVZZHRESASMU-UHFFFAOYSA-N,SDAVZZHRESASMU,PubChem,647440,
COc1ccc(Nc2nccc(-c3c[nH]nc3-c3cccnc3)n2)cc1,Blocker,Blocker,1,ANTWQGSNXAZMBT-UHFFFAOYSA-N,ANTWQGSNXAZMBT,data_herg_dev,CHEMBL4798765,
CN(C)Cc1cc(C(C)(C)C)c(O)c(C(C)(C)C)c1,Non-blocker,Non-blocker,0,VMZVBRIIHDRYGK-UHFFFAOYSA-N,VMZVBRIIHDRYGK,data_herg_dev,,66609
N[C@H]1Cn2c(nc3ncccc32)C[C@@H]1c1cc(F)c(F)cc1F.O=C(O)C(F)(F)F.O=C(O)C(F)(F)F,Non-blocker,Non-blocker,0,URSWBIWMGHFOFP-OIYPRRECSA-N,URSWBIWMGHFOFP,data_herg_dev,CHEMBL562388,
C[C@@H]1c2cccn2CCN1S(=O)(=O)c1ccccc1,Non-blocker,Non-blocker,0,UOMZWMWQWDVAOS-GFCCVEGCSA-N,UOMZWMWQWDVAOS,PubChem,16251676,
CC(C)(C)OC(=O)NCCN1CC2CN(C[C@H](O)COc3ccc(C#N)cc3)CC(C1)O2,Non-blocker,Blocker,,JRHUUZPSMQIWBQ-PELRDEGISA-N,JRHUUZPSMQIWBQ,eval_set_herg_70.csv,,
C=CC[C@H](CC(=O)N[C@H](CO)Cc1ccccc1)C(=O)N[C@@H](COC(=O)[C@H](CC=C)CC(=O)OC(C)(C)C)Cc1c[nH]c2ccccc12,Non-blocker,Non-blocker,0,ZSJXMDKBNBDTHX-RNIKLCGJSA-N,ZSJXMDKBNBDTHX,PubChem,44201459,
CCOc1cc(C(O)(CCN(C)C)C(c2cc(OC)nc(OC)c2)c2cc3cc(Br)ccc3nc2OC)cc(OC(C)C)n1,Blocker,Blocker,1,QHJQKDHJJXQACH-UHFFFAOYSA-N,QHJQKDHJJXQACH,data_herg_dev,CHEMBL4541578,
Cc1cc2ncccc2cc1Nc1ncc2c(n1)n([C@H]1CCN(C)C1)c(=O)n2C,Blocker,Blocker,1,BKFQDJSERMBSAM-HNNXBMFYSA-N,BKFQDJSERMBSAM,PubChem,146275572,35978693
NS(=O)(=O)NCCNc1nonc1/C(=N/O)Nc1ccc(F)c(Br)c1,Non-blocker,Non-blocker,0,FBKMWOJEPMPVTQ-UHFFFAOYSA-N,FBKMWOJEPMPVTQ,data_herg_dev,CHEMBL3545369,
CCOC(=O)N1CCN(C(=O)c2cn(CC(C)C)c(=O)c3c2c2ccccc2n3C)CC1,Non-blocker,Non-blocker,0,FZFFTCXHYOEUBD-UHFFFAOYSA-N,FZFFTCXHYOEUBD,PubChem,3243588,
CC1=CC[C@@H](C(=O)O)[C@H](C(=O)O)C1,Non-blocker,Non-blocker,0,YZPUIHVHPSUCHD-RNFRBKRXSA-N,YZPUIHVHPSUCHD,PubChem,263032,
CC(C)n1nc(C(=O)NCC2CCN(CCNS(C)(=O)=O)CC2)c2ccccc21,Blocker,Blocker,1,PGKKYENDYWQCRK-UHFFFAOYSA-N,PGKKYENDYWQCRK,CUPID,21252888,23043420
O=C(CCc1nc2cccnc2n1Cc1ccccc1)N1CCOCC1,Non-blocker,Non-blocker,0,DSMAPOQHBZOKGU-UHFFFAOYSA-N,DSMAPOQHBZOKGU,PubChem,9551264,
N#Cc1cccc2c1C=Cc1ncc(N3CCCCC3)cc1[C@@H]2O,Blocker,Blocker,1,JWCSZYROKFVMOU-HXUWFJFHSA-N,JWCSZYROKFVMOU,PubChem,10313748,19648007
Cc1ccc(S(=O)(=O)N(CC(=O)NC[C@H]2CCCO2)Cc2cccc(C)c2)cc1,Non-blocker,Non-blocker,0,MVHBPIRVKAPOLK-HXUWFJFHSA-N,MVHBPIRVKAPOLK,PubChem,2939358,
CCCCCCCCCCCCC/C=C/[C@@H](O)[C@H](CO)NC(C)=O,Non-blocker,Non-blocker,,BLTCBVOJNNKFKC-QUDYQQOWSA-N,BLTCBVOJNNKFKC,eval_set_herg_60.csv,,
OC(c1cc(-c2ncnc3cc(N4CCOCC4)ccc23)c(F)cc1F)c1nccnc1OC(F)F,Non-blocker,Non-blocker,0,DZAPMQOMKQTQIL-UHFFFAOYSA-N,DZAPMQOMKQTQIL,data_herg_dev,,
CC(C)Oc1ccccc1[C@]1(O)C(N)=Nc2ccc(Cl)cc21,Blocker,Non-blocker,,DFHFANKUDVSVRU-QGZVFWFLSA-N,DFHFANKUDVSVRU,eval_set_herg_60.csv,,
Cc1nc2ccccc2n1C1C[C@H]2CC[C@H](C1)N2CCC1(c2ccccc2)CCN(C(=O)c2cccc(C(=O)C(C)(C)c3nnn[nH]3)c2)CC1,Non-blocker,Non-blocker,0,CEWRUGSLLUFFKX-ROJLCIKYSA-N,CEWRUGSLLUFFKX,data_herg_dev,,
NS(=O)(=O)c1ccc(CCNc2nc(-c3cncnc3)nc3cccc(-c4ccccc4)c23)cc1,Blocker,Blocker,1,QLRUSLUPJUNHAG-UHFFFAOYSA-N,QLRUSLUPJUNHAG,PubChem,137657379,28418664
Cn1cc(-c2cnc(N)c(OCc3ccccc3Cl)n2)cn1,Blocker,Blocker,1,VIYHCEDCTJSRBM-UHFFFAOYSA-N,VIYHCEDCTJSRBM,data_herg_dev,CHEMBL1088175,
COc1cccc(C(=O)Nc2ccc(OCCN)c(-c3ccnn3C)c2)c1,Blocker,Blocker,1,IKKJKPILQDHCDI-UHFFFAOYSA-N,IKKJKPILQDHCDI,data_herg_dev,CHEMBL1082795,
CCc1c(C)[nH]c2c1C(=NNC(=O)Nc1ccccc1)CCC2,Non-blocker,Non-blocker,0,ODLRLBPCVCWBFC-UHFFFAOYSA-N,ODLRLBPCVCWBFC,data_herg_dev,CHEMBL217133,
CN1Cc2cccc(Oc3ncccc3NC(=O)Nc3ccc(OC(F)(F)F)cc3)c2C1C(C)(C)C,Non-blocker,Blocker,1,GHKPMDDCMGRGGC-UHFFFAOYSA-N,GHKPMDDCMGRGGC,CUPID,CUPID,
CN1c2nc(-c3ccc(Cl)cc3Cl)c(-c3ccc(Cl)cc3)cc2C(NC(=O)CO)CC1(C)C,Non-blocker,Blocker,,KTFUTQZNMWCULY-UHFFFAOYSA-N,KTFUTQZNMWCULY,eval_set_herg_70.csv,,
O=C(N/N=C/c1ccc2cccc(OCc3ccccc3)c2n1)c1ccc(Br)cc1,Non-blocker,Blocker,1,PLKZSXWYWHHJJF-CVKSISIWSA-N,PLKZSXWYWHHJJF,PubChem,9774180,
Cc1nc(C(O)CN2CCN(C[C@H](O)c3ccc4c(c3C)COC4=O)CC2)ccc1C#N,Blocker,Non-blocker,0,XMDRMFODQNHFJV-NQCNTLBGSA-N,XMDRMFODQNHFJV,data_herg_dev,CHEMBL3612814,
CN(C)[C@H]1CC[C@](c2ccccc2)(N2CC[C@H](c3cc(C(F)(F)F)cc(C(F)(F)F)c3)C2=O)CC1,Blocker,Blocker,1,WDABUKHQRJDQAX-CQOQZXRMSA-N,WDABUKHQRJDQAX,PubChem,44408144,16384700
CC[N+](CC)(CC)CCOc1ccc(/C=C/c2ccccc2)cc1,Blocker,Blocker,1,YIMFXBPXUPTIEJ-OUKQBFOZSA-N,YIMFXBPXUPTIEJ,PubChem,6433339,
C#Cc1cc(-c2n[nH]c3c2Cc2cc(CN4CCN(C)CC4)ccc2-3)cs1,Blocker,Blocker,1,RUZDDHKZLKLUAF-UHFFFAOYSA-N,RUZDDHKZLKLUAF,data_herg_dev,,
COc1cccc(C(=O)N2CCCCC2)c1OCc1csc(-c2ccc(Cl)cc2)n1,Blocker,Blocker,1,UKAHZXRHPDREGU-UHFFFAOYSA-N,UKAHZXRHPDREGU,data_herg_dev,CHEMBL196345,
O=C1N(CCN2Cc3ccccc3C2)CCN1Cc1ccccc1Cl,Blocker,Blocker,1,LKPJQZSWFLAVEV-UHFFFAOYSA-N,LKPJQZSWFLAVEV,PubChem,45269860,19553113
c1cc2c3c(c1)ccc1cccc(c13)C2,Non-blocker,Non-blocker,0,RKZDZWJDQTZDLD-UHFFFAOYSA-N,RKZDZWJDQTZDLD,data_herg_dev,CHEMBL1491899,
CCn1nc(C(F)(F)F)cc1Nc1nc(-c2ccc(-n3cnc(C)c3)c(OC)n2)cs1,Non-blocker,Non-blocker,0,UNFVPHNQVGXPKU-UHFFFAOYSA-N,UNFVPHNQVGXPKU,data_herg_dev,CHEMBL4763513,
CCOC(=O)C1CCN(S(=O)(=O)c2cccc3nonc23)CC1,Non-blocker,Blocker,1,QQGYIUWHCLRFBE-UHFFFAOYSA-N,QQGYIUWHCLRFBE,PubChem,2813445,
CC(C)(C)c1ccc(S(=O)(=O)N2C[C@H](C(=O)O)Oc3ccc(Cl)cc32)cc1,Non-blocker,Non-blocker,0,SWTUYKWSVHAWRJ-QGZVFWFLSA-N,SWTUYKWSVHAWRJ,PubChem,3816996,
COc1cc(/C=C2\CCCN3C[C@H](c4cc(F)c(F)c(F)c4)ON=C23)ccc1-n1cnc(C)c1,Blocker,Blocker,1,HBUBADLJXCGBKE-NYRBYKDPSA-N,HBUBADLJXCGBKE,data_herg_dev,CHEMBL2180389,
COC(=O)CCC(=O)Nc1sc(Cc2ccccc2)c(C)c1C(N)=O,Non-blocker,Non-blocker,0,SBYCSVOUQFRMNP-UHFFFAOYSA-N,SBYCSVOUQFRMNP,PubChem,1071335,
CCOC(=O)c1cn2nc(-c3ccc(OCC)cc3)cc2nc1C1CCN(C(=O)OC(C)(C)C)CC1,Non-blocker,Non-blocker,0,CDAKFBHSPDXDRM-UHFFFAOYSA-N,CDAKFBHSPDXDRM,PubChem,9551262,
CN1CCC(COCc2cc(C(F)(F)F)cc(Cl)n2)(c2ccc(F)cc2)CC1,Non-blocker,Blocker,1,IWZSETOJTMHNIP-UHFFFAOYSA-N,IWZSETOJTMHNIP,CUPID,24801457,23253443
C[C@@H](O[C@H]1CCc2nnc(O)n2C[C@@H]1c1ccc(F)cc1)c1cc(C(F)(F)F)cc(C(F)(F)F)c1,Blocker,Blocker,1,PRWFNQWPCVCDDH-DPMMWBKBSA-N,PRWFNQWPCVCDDH,data_herg_dev,CHEMBL210365,
CC1(C)CN2C(CSC(=NC3CCCCC3)NC3CCCCC3)=CSC2=N1,Blocker,Non-blocker,,OOSUDWRRWZVFEB-UHFFFAOYSA-N,OOSUDWRRWZVFEB,eval_set_herg_70.csv,,
COc1ccc([C@H]2CN(CCc3ccc(OC)c(OC)c3)C[C@@H]2CNC(=O)c2cccc(Cl)c2)cc1,Blocker,Blocker,1,IHXFHHOZRJEQBX-JYFHCDHNSA-N,IHXFHHOZRJEQBX,PubChem,54580457,21414780
CN[C@@H]1CCCN(C(=O)c2nc(-c3ccc(C#N)c(F)c3)n(-c3ccc4nn(C)c(Cl)c4c3)c2C)C1,Blocker,Blocker,1,JAKGNRQBWOOXQA-GOSISDBHSA-N,JAKGNRQBWOOXQA,data_herg_dev,CHEMBL4522607,
Cc1cc[n+]2c(c1)NC(=O)C[C@]2(C)C(=O)N(CC(=O)NC1CCCC1)c1ccccc1C,Non-blocker,Non-blocker,0,ZCEYXDUNVARKJP-RUZDIDTESA-O,ZCEYXDUNVARKJP,PubChem,3224112,
O=c1c2[nH]c3ccc(F)cc3c2ncn1CCN1CCN(Cc2ccccc2)CC1,Non-blocker,Non-blocker,0,UPEDMFCEEDKPJR-UHFFFAOYSA-N,UPEDMFCEEDKPJR,PubChem,5307125,
Cc1nc2ccccc2n1[C@@H]1C[C@H]2COC[C@@H](C1)N2C,Blocker,Blocker,,KICCGGGRQKPBIH-BTTYYORXSA-N,KICCGGGRQKPBIH,eval_set_herg_60.csv,,
Cn1c(=O)n(C)c2cc([N+](=O)[O-])c(N3CCN(C(=O)c4ccc(Cl)cc4)CC3)cc21,Blocker,Non-blocker,0,YIWWMBNFTSXNNW-UHFFFAOYSA-N,YIWWMBNFTSXNNW,PubChem,2955935,
Cc1cc([N+](=O)[O-])nn1CC(=O)Nc1c(C)n(C)n(-c2ccccc2)c1=O,Non-blocker,Non-blocker,0,QNDROVVEPPUVOD-UHFFFAOYSA-N,QNDROVVEPPUVOD,PubChem,1509705,
O=C(Cc1ccccc1)Nc1ccc(S(=O)(=O)N2CCOCC2)cc1,Non-blocker,Non-blocker,0,PTNUCHKDWQYXLM-UHFFFAOYSA-N,PTNUCHKDWQYXLM,PubChem,997367,
COc1ccc(-c2nnc(CCCCN3CC4C[C@]4(c4ccc(C(F)(F)F)cc4)C3)n2C)cc1,Blocker,Blocker,1,ZNYZRQCCNZZLSD-UIDYPRJRSA-N,ZNYZRQCCNZZLSD,data_herg_dev,,
C[C@@H]1OCC2(CCN(c3cnc(Sc4ccnc(N)c4Cl)c(N)n3)CC2)[C@@H]1N,Non-blocker,Non-blocker,0,UCJZOKGUEJUNIO-IINYFYTJSA-N,UCJZOKGUEJUNIO,data_herg_dev,CHEMBL4650521,
O=C(c1nnc(-c2ccccc2)o1)N1CC(Oc2ccc(CN3CC4(CCCO4)C3)cc2)C1,Non-blocker,Blocker,1,AGTGRRLYPSCMPU-UHFFFAOYSA-N,AGTGRRLYPSCMPU,PubChem,71227163,26741166
CCN(CC(=O)Nc1ccc(NC(C)=O)cc1)C(=O)/C=C/c1cccs1,Non-blocker,Non-blocker,0,YLYAXNHNCQGMQJ-ZHACJKMWSA-N,YLYAXNHNCQGMQJ,PubChem,2450658,
CC(C)N1C(=O)[C@H](NC(=O)[C@@H](Cc2ccccc2OC(F)(F)F)NC(=O)c2ccc(F)cc2C(F)(F)F)CCc2cc(Cl)ccc21,Blocker,Blocker,1,TYZBLZNODVXKFL-DNQXCXABSA-N,TYZBLZNODVXKFL,data_herg_dev,CHEMBL249150,
CCc1ccc(CN(C)C(=O)CCc2nc3ccccc3n(-c3ccc(OC)cc3)c2=O)cc1,Non-blocker,Non-blocker,0,LTOPUBIXIPBCDP-UHFFFAOYSA-N,LTOPUBIXIPBCDP,PubChem,2476519,
O=[S@](Cc1ccc(Br)cc1)Cc1nnc(SCc2ccc(Cl)cc2)n1-c1ccccc1,Non-blocker,Non-blocker,0,HCTYWNLENRYFCB-WJOKGBTCSA-N,HCTYWNLENRYFCB,PubChem,1483512,
O=C(Nc1cc(-c2nc3ccccc3s2)ccc1Cl)c1ccc2c(c1)OCO2,Non-blocker,Non-blocker,0,QGYZAWCNJCDUSE-UHFFFAOYSA-N,QGYZAWCNJCDUSE,PubChem,1090028,
COCCN(C)c1ncc(-c2nc3ccncc3n2-c2ccc(C)cc2)cn1,Blocker,Blocker,,QPDXCTUIFSTHQD-UHFFFAOYSA-N,QPDXCTUIFSTHQD,eval_set_herg_60.csv,,
CCCCn1c(O)c(/C=C/C2=[N+](C)CCS2)sc1=S,Non-blocker,Non-blocker,0,LKHOSQNUTJPPBI-UHFFFAOYSA-O,LKHOSQNUTJPPBI,PubChem,5759277,
CNCc1cc(C(=O)NC)ccc1Oc1ccc(Cl)cc1Cl,Blocker,Blocker,1,APWBVHFSBGGAAZ-UHFFFAOYSA-N,APWBVHFSBGGAAZ,PubChem,44455655,18240382
CCN(c1ccccc1)S(=O)(=O)c1ccc(Cl)c(NC(=O)CSc2nc[nH]n2)c1,Non-blocker,Non-blocker,0,BERYALSFLCUBIK-UHFFFAOYSA-N,BERYALSFLCUBIK,PubChem,3296635,
COc1nc(N(C)C)nc(-n2nnc(C(C)=O)c2C)n1,Non-blocker,Non-blocker,0,NOYKGIGZGBSKIQ-UHFFFAOYSA-N,NOYKGIGZGBSKIQ,PubChem,687952,
CC(C)COc1ccc(S(C)(=O)=O)cc1C(=O)N1Cc2cc(C(F)(F)F)cnc2C1,Blocker,Blocker,1,KKVWTQYWUKZMBL-UHFFFAOYSA-N,KKVWTQYWUKZMBL,data_herg_dev,CHEMBL1631026,
CO[C@@H](C)c1c(NC(=O)Nc2cnc(-n3nccn3)c(Cl)c2)cnc2cc(Cl)nn12,Non-blocker,Non-blocker,0,GBIASRXDYFFUED-VIFPVBQESA-N,GBIASRXDYFFUED,data_herg_dev,CHEMBL4748253,
CC[C@]12c3[nH]c4ccccc4c3CCN1C(=O)[C@@H](CC(=O)NC[C@]13C[C@H]4C[C@H](C[C@H](C4)C1)C3)C[C@@H]2C(=O)N1CCN(C(=O)C2CC2)CC1,Non-blocker,Non-blocker,0,LLTYBAUZUGRYFV-SOWDWCOKSA-N,LLTYBAUZUGRYFV,PubChem,44263666,
CCO[C@H]1O[C@@H]2[C@H](O1)[C@@H](CO)O[C@H]2n1cnc2c(N)ncnc21,Blocker,Non-blocker,0,GSAINKDJWMWPIU-OEOSOJDUSA-N,GSAINKDJWMWPIU,PubChem,3521030,
CCCOc1ccc(C(=O)NNC(=S)/N=C(\O)c2cccs2)cc1,Blocker,Blocker,1,RPPNZPPBWYVRPQ-UHFFFAOYSA-N,RPPNZPPBWYVRPQ,PubChem,1933111,
COc1cccc(C(=O)Cn2c(=O)c3c(c(C#N)c(N4CCCC(N)C4)n3CC=C(C)C)n(C)c2=O)c1,Blocker,Blocker,1,KRMBZIKXHYHITN-UHFFFAOYSA-N,KRMBZIKXHYHITN,PubChem,CUPID,
CS(=O)(=O)Cc1cc(N2CCOCC2)nc(-c2ccc3[nH]cnc3c2)n1,Non-blocker,Non-blocker,0,FQGJJMJBPHPEQO-UHFFFAOYSA-N,FQGJJMJBPHPEQO,data_herg_dev,CHEMBL2030445,
CC(C)n1cc(C(=O)c2cncc(NC(=O)Cn3ccc(C4CC4)n3)c2)c2cnccc21,Non-blocker,Blocker,1,UEXYLQPMBYMXCX-UHFFFAOYSA-N,UEXYLQPMBYMXCX,PubChem,121231195,27766865
CN(CCN1CC2CN(CCc3ccc(F)c(F)c3)CC(C1)O2)S(=O)(=O)c1ccc(C#N)cc1,Non-blocker,Non-blocker,0,JCVUUGGGIYOZFN-UHFFFAOYSA-N,JCVUUGGGIYOZFN,data_herg_dev,CHEMBL3889836,
CC[C@H]1[C@@H](COc2nccc3cc(C(N)=O)c(OC)cc23)NC(=O)[C@H]1F,Non-blocker,Non-blocker,0,JKDGKIBAOAFRPJ-ZBINZKHDSA-N,JKDGKIBAOAFRPJ,data_herg_dev,CHEMBL4081711,
COc1cc(C(=O)N2C[C@@H](n3cc(C4CC4)nn3)C[C@H]2C(=O)N[C@H]2CCCC[C@@H]2c2ccccc2)ccc1CN,Non-blocker,Non-blocker,0,AYVQDWAWTUYBGU-RVUATISTSA-N,AYVQDWAWTUYBGU,data_herg_dev,CHEMBL4441232,
OC1(c2ccc(Cl)c(C(F)(F)F)c2)CCN(CCCC(c2ccc(F)cc2)c2ccc(F)cc2)CC1,Blocker,Blocker,1,MDLAAYDRRZXJIF-UHFFFAOYSA-N,MDLAAYDRRZXJIF,PubChem,33630,
Oc1ccc(C(c2ccc(O)cc2)C(Cl)(Cl)Cl)cc1,Non-blocker,Non-blocker,,IUGDILGOLSSKNE-UHFFFAOYSA-N,IUGDILGOLSSKNE,eval_set_herg_70.csv,,
O=C1CC(c2ccc(O)cc2)Oc2cc(O)cc(O)c21,Non-blocker,Non-blocker,,FTVWIRXFELQLPI-UHFFFAOYSA-N,FTVWIRXFELQLPI,eval_set_herg_70.csv,,
CCc1ccc(NC(=O)C(=O)N/N=C(\C)CC(=O)NCCOC)cc1,Blocker,Blocker,1,IVSCNYWIHBTYCJ-UDWIEESQSA-N,IVSCNYWIHBTYCJ,PubChem,5885920,
CC1OC2(CCN(CCc3cccc(F)c3)CC2)CN(c2ccccc2)C1=O,Blocker,Blocker,1,BDLPANZXJUPVDU-UHFFFAOYSA-N,BDLPANZXJUPVDU,CUPID,CUPID,
FC1(F)CC1Cc1nnc2cc(-c3cccc4cccnc34)ccn12,Non-blocker,Non-blocker,,YTQCKSRKMRQLHF-UHFFFAOYSA-N,YTQCKSRKMRQLHF,eval_set_herg_70.csv,,
c1ccc(CN(c2cccc3[nH]ncc23)C2CCNCC2)cc1,Blocker,Blocker,,NBUVTEUWOVUHAU-UHFFFAOYSA-N,NBUVTEUWOVUHAU,eval_set_herg_60.csv,,
Cc1ccc(C(=O)c2sc3nc4c(cc3c2N)CCC4)cc1,Non-blocker,Non-blocker,0,VKCSIFCPBDIWDM-UHFFFAOYSA-N,VKCSIFCPBDIWDM,PubChem,716201,
CC(=O)Nc1ccc2nc(/N=C(\O)C(Cl)(Cl)Cl)sc2c1,Non-blocker,Non-blocker,0,JJYMYGIXCXBANE-UHFFFAOYSA-N,JJYMYGIXCXBANE,PubChem,2958666,
COc1cc2c(cc1OC)C(/C(C#N)=N\O)=NC(C)(C)C2,Non-blocker,Non-blocker,0,LSNJMZMIBWMKJT-WQRHYEAKSA-N,LSNJMZMIBWMKJT,PubChem,135544653,
CCCN1[C@@H]2CCC[C@H]1C[C@H](NC(=O)c1cccc(Cl)c1)C2,Blocker,Non-blocker,0,GVPMEJDOHTYMEW-OSYLJGHBSA-N,GVPMEJDOHTYMEW,PubChem,3217984,
CN(C)C(=O)[C@@H](c1ccc(-c2cccc(-n3cnnn3)c2)cc1)[C@H]([NH3+])C(=O)N1CC[C@H](F)C1,Non-blocker,Non-blocker,,AFPXRCJVDFTWMT-JBACZVJFSA-O,AFPXRCJVDFTWMT,eval_set_herg_70.csv,,
COc1cc([C@](O)(CCN(C)C)[C@H](c2cccc(C)c2)c2cc3cc(Br)ccc3nc2OC)cc(OC(C)C)n1,Blocker,Blocker,1,BNHDNLNGEQJFHJ-XLJNKUFUSA-N,BNHDNLNGEQJFHJ,data_herg_dev,CHEMBL4634438,
C=CCn1c(-c2ccccc2)ccc(C#N)c1=O,Blocker,Non-blocker,0,WERKLXJPXQLJPJ-UHFFFAOYSA-N,WERKLXJPXQLJPJ,PubChem,1488306,
Cc1cccc(C)c1OC[C@H](O)Cn1nnc2ccccc21,Non-blocker,Non-blocker,0,VIIAYQRLIHJEHR-CQSZACIVSA-N,VIIAYQRLIHJEHR,PubChem,3586180,
COc1ccc(NC(=O)CSc2ncnc3c2nnn3-c2ccc(F)cc2)c(OC)c1,Non-blocker,Non-blocker,0,BNCYIBFZJQNGND-UHFFFAOYSA-N,BNCYIBFZJQNGND,PubChem,16187094,
O=C(Nc1c(Br)cc2c(c1Br)Cc1ccccc1-2)C(Cl)Cl,Non-blocker,Non-blocker,0,WUBVLUXSJWJAAV-UHFFFAOYSA-N,WUBVLUXSJWJAAV,PubChem,274936,
CC(F)(F)c1cc(-n2cc(Cn3ccnc3N)nn2)ccc1Cl,Blocker,Blocker,1,GAPPKFOAUJZOIJ-UHFFFAOYSA-N,GAPPKFOAUJZOIJ,data_herg_dev,,
Cc1cc(=O)n(C)nc1N1CCC2(CCN(C[C@H](O)c3ccc4c(c3C)COC4=O)CC2)C1=O,Blocker,Non-blocker,0,OTPKPZNHJKFHHF-FQEVSTJZSA-N,OTPKPZNHJKFHHF,data_herg_dev,CHEMBL4102137,
O=C(CSCC(=O)N1CCCCC1)OCC(=O)c1c[nH]c2ccccc12,Non-blocker,Non-blocker,0,KKEYXYBFPQZMSH-UHFFFAOYSA-N,KKEYXYBFPQZMSH,PubChem,2612965,
CCCCC(=O)N1CCN(c2nc3ccc(Cl)cc3s2)CC1,Non-blocker,Non-blocker,0,LRLURLCMZHCHSB-UHFFFAOYSA-N,LRLURLCMZHCHSB,PubChem,7539085,
N[C@H]1Cn2c(nc3cnccc32)C[C@@H]1c1cc(F)c(F)cc1F.O=C(O)C(F)(F)F.O=C(O)C(F)(F)F,Non-blocker,Non-blocker,0,OJOTVCSJHUDVKC-OIYPRRECSA-N,OJOTVCSJHUDVKC,data_herg_dev,CHEMBL562188,
CC(=O)Nc1cccc(N2CCN(CCCCNS(=O)(=O)c3ccc(C)cc3)CC2)c1,Blocker,Blocker,1,GDSVOHILVQPEJQ-UHFFFAOYSA-N,GDSVOHILVQPEJQ,CUPID,10343434,19534531
CCN(CC)S(=O)(=O)c1ccc2c(c1)c(=O)c(C(=O)N1CCN(c3ccccn3)CC1)cn2C,Non-blocker,Non-blocker,0,BRMKNYSVEADJFL-UHFFFAOYSA-N,BRMKNYSVEADJFL,PubChem,16000012,
Cc1nc(C(C)C)n(C2CC3CCC(C2)N3CCC(NC(=O)C2CCC(F)(F)CC2)c2ccccc2)n1,Blocker,Blocker,1,PTUIAFZYMVYAII-UHFFFAOYSA-N,PTUIAFZYMVYAII,PubChem,CUPID,
COC(=O)C1=C(c2cc3ccccc3s2)C[C@@H]2CC[C@H]1N2C(=O)NCc1ccco1,Non-blocker,Non-blocker,0,HVSNZFUOWSBMRN-MAUKXSAKSA-N,HVSNZFUOWSBMRN,PubChem,24747249,
Cc1sc(/N=C(\O)C2=COCCO2)nc1-c1ccc(Cl)cc1,Non-blocker,Non-blocker,0,RKKWORPIGNLUSQ-UHFFFAOYSA-N,RKKWORPIGNLUSQ,PubChem,16583100,
Cc1cc(/C=C/C(=O)c2cc3ccccc3s2)cc(C)c1OC(C)(C)C(=O)O,Blocker,Blocker,,ZAJBALGZMIMWGY-MDZDMXLPSA-N,ZAJBALGZMIMWGY,eval_set_herg_70.csv,,
CCc1nccn1Cc1cn(-c2ccc(Cl)c(C(F)F)c2)nn1,Blocker,Blocker,1,CIAAWOPCBYSYLC-UHFFFAOYSA-N,CIAAWOPCBYSYLC,data_herg_dev,,
Cc1ncoc1-c1nnc(SCCCCN2CC[C@]3(C[C@@H]3c3ccc(C(F)(F)F)cc3)C2)n1C,Blocker,Blocker,1,NLRLHXJCWYCRGC-XXBNENTESA-N,NLRLHXJCWYCRGC,PubChem,121315197,27564135
O=c1nc(N2CCC3(CCN(Cc4ccncc4)C3)CC2)sc2c([N+](=O)[O-])cc(C(F)(F)F)cc12,Blocker,Blocker,1,IYIHOYULCDGATE-UHFFFAOYSA-N,IYIHOYULCDGATE,data_herg_dev,CHEMBL4443730,
O=c1cc[nH+]c(NCC2CCN(c3nc4ccccc4n3Cc3ccc(F)cc3)CC2)[nH]1,Blocker,Blocker,,AVTBWIUBCJLMAN-UHFFFAOYSA-O,AVTBWIUBCJLMAN,eval_set_herg_60.csv,,
OCC1NCC(O)C(O)C1O,Blocker,Blocker,1,LXBIFEVIBLOUGU-UHFFFAOYSA-N,LXBIFEVIBLOUGU,data_herg_dev,,
CC(C)(C)c1ccc(NC(=O)N2CCN(c3ncccc3Cl)CC2)cc1,Non-blocker,Blocker,1,ROGUAPYLUCHQGK-UHFFFAOYSA-N,ROGUAPYLUCHQGK,CUPID,CUPID,
CCOC(=O)CSc1nnc2c(n1)[C@@]1(C)CC[C@@H]2C1(C)C,Blocker,Non-blocker,0,ZNMKSGIVCSDKRG-BJOHPYRUSA-N,ZNMKSGIVCSDKRG,PubChem,651180,
CN(CC(=O)N1CCN(C2CCCCC2)CC1)S(=O)(=O)c1cccc2nsnc12,Non-blocker,Non-blocker,0,PEOMWMHEYOVRJM-UHFFFAOYSA-N,PEOMWMHEYOVRJM,PubChem,3238650,
CC1(N)CCC(Nc2c(C(N)=O)cnn3cc(-c4cccc(Cl)c4)cc23)C1(C)C,Blocker,Blocker,1,CKMCHFATUIBECF-UHFFFAOYSA-N,CKMCHFATUIBECF,CUPID,CUPID,
CNCCC[C@]12CC[C@H](c3ccccc31)c1ccccc12,Blocker,Blocker,1,QSLMDECMDJKHMQ-GSXCWMCISA-N,QSLMDECMDJKHMQ,PubChem,4011,
CCOC(=O)C1(S(=O)(=O)c2ccccc2)CCN(Cc2ccccc2)CC1,Non-blocker,Non-blocker,0,BWFLVWOFJXJIIY-UHFFFAOYSA-N,BWFLVWOFJXJIIY,PubChem,2766338,
COc1ccc(-n2nc(C(=O)NC[C@H]3CCCO3)c3ccccc3c2=O)cc1,Non-blocker,Non-blocker,0,WDDLEFAJXDCHNS-MRXNPFEDSA-N,WDDLEFAJXDCHNS,PubChem,5130611,
Cc1cc(C)n2nc(SCc3cc(=O)oc4ccc5ccccc5c34)nc2n1,Non-blocker,Non-blocker,0,SLSZAFOYSVDWSD-UHFFFAOYSA-N,SLSZAFOYSVDWSD,PubChem,2587056,
CCn1nc(Cc2ccc(C3COC3)cc2)cc1C1CCN(CC2CN([C@@H](C(=O)O)C(C)(C)C)C[C@@H]2c2cccc(F)c2)CC1,Blocker,Blocker,1,KJUDPHSYLGLADQ-RZJLRSEESA-N,KJUDPHSYLGLADQ,data_herg_dev,,
COc1cc2c(cc1F)ncc(=O)n2C[C@H](N)[C@H]1CC[C@H](NCc2ncc3c(n2)NC(=O)CO3)CC1,Non-blocker,Non-blocker,0,CFIGXKPRHYPCGF-DZKIICNBSA-N,CFIGXKPRHYPCGF,data_herg_dev,CHEMBL3355574,
CN1CCN(Cc2ccc(-c3nc4ccncc4n3-c3ccc(Cl)cc3)cc2)CC1,Blocker,Blocker,,NFEWVXJAYCJUDR-UHFFFAOYSA-N,NFEWVXJAYCJUDR,eval_set_herg_70.csv,,
COc1ccc2nc3cc(Cl)ccc3c(N/C(=N/CCCN(C)C)c3ccc(Cl)cc3)c2n1,Blocker,Blocker,1,AMEUYJPNMOICGY-UHFFFAOYSA-N,AMEUYJPNMOICGY,data_herg_dev,CHEMBL3422293,
CCNC(=O)c1ccc(N2CCN(Cc3cc4c(c(OC)c3)OC(C)C(=O)N4)CC2)c(C)c1,Blocker,Blocker,1,KYBWYVRJCBHOGL-UHFFFAOYSA-N,KYBWYVRJCBHOGL,data_herg_dev,CHEMBL2407987,
C/C(=C\c1cccnc1)c1nc2cc(C)c(C)cc2n1Cc1ccc(Cl)cc1,Blocker,Blocker,,MXQTZBCTXYVYLZ-WOJGMQOQSA-N,MXQTZBCTXYVYLZ,eval_set_herg_60.csv,,
O=C(NCc1nc2cccnc2n1C1(c2ccccc2)CC1)[C@@H](Cc1ccccc1Cl)NC(=O)C1(C(F)(F)F)CC1,Blocker,Blocker,1,FDQCFYCBHPKCAN-HSZRJFAPSA-N,FDQCFYCBHPKCAN,data_herg_dev,CHEMBL252838,
Cc1ccc(F)cc1C(C)(C)C[C@@](O)(Cc1cc2ncncc2[nH]1)C(F)(F)F,Non-blocker,Blocker,,ADHVTOAGYGEFSM-IBGZPJMESA-N,ADHVTOAGYGEFSM,eval_set_herg_70.csv,,
Cc1cc(C(=O)Cn2nnc(-c3ccc(Cl)cc3)n2)c(C)n1C[C@H]1CCCO1,Non-blocker,Non-blocker,0,AWIYYACPXIYKNL-QGZVFWFLSA-N,AWIYYACPXIYKNL,PubChem,2997704,
CCN1C[C@]2(CO)CCC(O)[C@]34C5C[C@@H]6C(OC)C(O)[C@@](OC)(C5[C@H]6O)[C@](O)(C13)[C@H](O)C24,Non-blocker,Non-blocker,,KAPXFTSEJFXDSG-SOHSDTSLSA-N,KAPXFTSEJFXDSG,eval_set_herg_60.csv,,
Clc1ccc(-n2c(-c3ccncc3)c(C3CCNCC3)c3ccncc32)cc1,Blocker,Blocker,1,CEKOEQQZORJQPM-UHFFFAOYSA-N,CEKOEQQZORJQPM,PubChem,86269276,
COc1nc2ccc(C#N)cc2cc1[C@@H](c1cccc(C)c1F)[C@@](O)(CCN(C)C)c1cc(SC)nc(SC)c1,Blocker,Blocker,1,WBEFLULHCBLLMW-GRKNLSHJSA-N,WBEFLULHCBLLMW,data_herg_dev,CHEMBL4633704,
COc1ccc2ncc(F)c(CC[C@]34CC[C@](NCc5cc(C)c6c(n5)NC(=O)CO6)(CC3)CO4)c2n1,Blocker,Blocker,1,UAHOKMYVVUXBQX-MCZWQBSQSA-N,UAHOKMYVVUXBQX,PubChem,122185936,26141771
Fc1ccc2c([C@@H]3CNCC[C@H]3F)c(-c3cccc4ccccc34)[nH]c2c1,Blocker,Blocker,1,XWGNKABGVNJFEL-WOJBJXKFSA-N,XWGNKABGVNJFEL,PubChem,10546579,11334570
CS(=O)(=O)c1ccc(CCN2CCN(CCc3ccc([N+](=O)[O-])cc3)CC2)cc1,Blocker,Blocker,1,VEFIVNQPGPGWPJ-UHFFFAOYSA-N,VEFIVNQPGPGWPJ,PubChem,71460069,24900480
COc1ccc(C[C@H]2CN3C(=NC[C@@H]3Cc3ccc(O)cc3)N2CCNC(=O)c2ccc(C)c(Br)c2)cc1,Non-blocker,Non-blocker,0,XYFWXDHCDWJVPP-DQEYMECFSA-N,XYFWXDHCDWJVPP,PubChem,16195674,
O=C1CCCCCCCCCCCCCC1,Non-blocker,Non-blocker,,OSOIQJGOYGSIMF-UHFFFAOYSA-N,OSOIQJGOYGSIMF,eval_set_herg_70.csv,,
NCc1cccc(-c2cccc(COc3ccccc3CC(=O)O)c2)c1,Blocker,Non-blocker,0,CFIDHIDGDXATPD-UHFFFAOYSA-N,CFIDHIDGDXATPD,data_herg_dev,CHEMBL4468000,
Cc1ccccc1CNC(=O)CCCC(=O)n1nc(C)c2ccccc21,Non-blocker,Non-blocker,0,WVZZOKWKSXXCKJ-UHFFFAOYSA-N,WVZZOKWKSXXCKJ,PubChem,22510291,
CCOc1ccc(NC(=O)c2ccc(N3C[C@@H]4C[C@H](C3)c3cccc(=O)n3C4)c(N)c2)cc1,Non-blocker,Non-blocker,0,JPCOWQJOPHVNBS-PKOBYXMFSA-N,JPCOWQJOPHVNBS,PubChem,5070669,
O=C(NCCCN1CCCC1)c1cccn2c(=O)c3ccc4ccccc4c3nc12,Blocker,Blocker,1,BGOSSLWIVVRRDE-UHFFFAOYSA-N,BGOSSLWIVVRRDE,PubChem,166635131,35450366
Clc1ccc(COC(Cn2ccnc2)c2ccc(Cl)cc2Cl)cc1.O=[N+]([O-])O,Blocker,Blocker,1,DDXORDQKGIZAME-UHFFFAOYSA-N,DDXORDQKGIZAME,data_herg_dev,CHEMBL1201049,
O=C(CSc1nc2ccccc2c(=O)n1Cc1ccco1)c1ccccc1,Non-blocker,Non-blocker,0,AKRNQWJWQFZKEH-UHFFFAOYSA-N,AKRNQWJWQFZKEH,PubChem,557235,
Cc1noc(-c2ccc3c(c2)c2c(n3CCCSc3cc(F)cc(F)c3)CCCC2)n1,Blocker,Blocker,1,GZGZYDZBSNEDTO-UHFFFAOYSA-N,GZGZYDZBSNEDTO,data_herg_dev,CHEMBL2179510,
Cc1noc(C)c1S(=O)(=O)NCCCN1CC2CN(Cc3ccc(C#N)cc3)CC(C1)O2,Non-blocker,Non-blocker,0,WJGRCJUWVBJBSF-UHFFFAOYSA-N,WJGRCJUWVBJBSF,data_herg_dev,CHEMBL3891938,
O=C(O)/C(=C\c1ccc(Cl)cc1)c1ccc(S(=O)(=O)N2CCCC2)s1,Non-blocker,Non-blocker,0,KUBVSZWMHTUISS-KAMYIIQDSA-N,KUBVSZWMHTUISS,PubChem,7972298,
Cc1cc(C(N)=O)c(-c2cccc(OC(=O)NCCN3CCN(c4ccccc4)CC3)c2)o1,Blocker,Blocker,1,IPVZGUMYDUWBRS-UHFFFAOYSA-N,IPVZGUMYDUWBRS,PubChem,155535169,31518969
CC[C@@]1([C@@H]2O[C@@H]([C@H]3O[C@@](O)(CO)[C@H](C)C[C@@H]3C)C[C@@H]2C)CC[C@H]([C@]2(C)CC[C@]3(C[C@H](O)[C@@H](C)[C@@H]([C@@H](C)[C@@H](OC)[C@H](C)C(=O)[O-])O3)O2)O1.[Na+],Non-blocker,Non-blocker,0,XOIQMTLWECTKJL-FBZUZRIGSA-M,XOIQMTLWECTKJL,data_herg_dev,,23667299
COc1cc2c(cc1OC)CC(=O)N(CCCN(C)C[C@H]1Cc3cc(OC)c(OC)cc31)CC2.Cl,Blocker,Blocker,,HLUKNZUABFFNQS-ZMBIFBSDSA-N,HLUKNZUABFFNQS,eval_set_herg_70.csv,,
COC(=O)Cc1c(C)nc2nc(NCc3ccc(Cl)cc3)nn2c1O,Blocker,Non-blocker,0,NNECMNOPGSGBCF-UHFFFAOYSA-N,NNECMNOPGSGBCF,PubChem,665869,
O=S(=O)(/N=C(\O)Nc1cccc2[nH]ncc12)c1ccccc1,Non-blocker,Non-blocker,0,JPHHAHODLFPCDD-UHFFFAOYSA-N,JPHHAHODLFPCDD,PubChem,16413771,
COC[C@H]1CCCN1C(=O)c1cc(C)cc(C(=O)N[C@@H](Cc2cc(F)cc(F)c2)[C@H](O)[C@H]2C[C@@H](Oc3ccccc3)CN2)c1,Blocker,Blocker,1,KYHYNSQLYDXSNK-MXWGZHRFSA-N,KYHYNSQLYDXSNK,data_herg_dev,CHEMBL403195,
CC(=O)Nc1ccc2c(c1)c1cccc3c1c([n+]2C)-c1ccccc1N3C,Blocker,Non-blocker,0,OZDAKNOSLUMXBT-UHFFFAOYSA-O,OZDAKNOSLUMXBT,data_herg_dev,,
C[C@@H]1COc2ccccc2N1S(=O)(=O)c1ccc(Cl)cc1,Non-blocker,Non-blocker,0,ZDKPGCVIAFEFJW-LLVKDONJSA-N,ZDKPGCVIAFEFJW,PubChem,3418940,
CCOC(=O)Cn1nnc2c(sc3nc4c(c(-c5ccccc5)c32)CCC4)c1=O,Non-blocker,Non-blocker,0,PVTCNFFCFQDLGK-UHFFFAOYSA-N,PVTCNFFCFQDLGK,PubChem,8219179,
COc1ccc(NC(=O)Cn2c(C)cc(=O)c3ccccc32)cc1,Non-blocker,Non-blocker,0,BTBCTQNMORAHED-UHFFFAOYSA-N,BTBCTQNMORAHED,PubChem,948294,
O=c1[nH]c2ccccc2cc1-c1cc2cc(S(=O)(=O)N[C@@H]3CCNC3)ccc2[nH]1,Blocker,Blocker,1,FUZZKPYNTCKKSN-OAHLLOKOSA-N,FUZZKPYNTCKKSN,PubChem,5329383,14698157
C[C@@H]1C[C@@H]2[C@@H](CC[C@H]3NNC[C@@H]23)[C@@H](c2ccc(OC3CN(CCCF)C3)cn2)N1CC(F)(F)CO,Non-blocker,Non-blocker,0,ABIUMPAAHDKRAH-GIRMILSGSA-N,ABIUMPAAHDKRAH,PubChem,137554029,
CCc1nc(C)cn1S(=O)(=O)c1cc(Br)ccc1OC,Non-blocker,Non-blocker,0,SDMMYBHYEFOUHE-UHFFFAOYSA-N,SDMMYBHYEFOUHE,PubChem,1125097,
CNS(=O)(=O)c1ccc(Nc2ncc(C(F)(F)F)c(N[C@@H]3CCC[C@H]3N(C)C)n2)cc1,Non-blocker,Blocker,1,CAUFYHKGKDJMQG-HZPDHXFCSA-N,CAUFYHKGKDJMQG,data_herg_dev,CHEMBL509485,
COCC1(C(=O)NCCN2CCC(c3cccc(C(F)(F)F)n3)CC2)CC1,Non-blocker,Blocker,,NEDKIEZVBKFWHQ-UHFFFAOYSA-N,NEDKIEZVBKFWHQ,eval_set_herg_70.csv,,
c1ccc(-c2ccccc2-c2ccccc2)cc1,Non-blocker,Non-blocker,,OIAQMFOKAXHPNH-UHFFFAOYSA-N,OIAQMFOKAXHPNH,eval_set_herg_70.csv,,
Cc1cc(NS(=O)(=O)c2ccc(NC(=O)COc3ccc(Cl)cc3Cl)cc2)no1,Non-blocker,Non-blocker,0,JMWBJHLWLPRMPN-UHFFFAOYSA-N,JMWBJHLWLPRMPN,PubChem,2814526,
FCCOc1ccccc1CCC1CCN(CCc2ccccc2Cl)CC1,Blocker,Blocker,1,TVFJERMAGQWXNA-UHFFFAOYSA-N,TVFJERMAGQWXNA,PubChem,145965485,29153425
CC(=O)NCCc1ccccc1-c1ccc(C2CNCCC2(O)c2ccc(F)c(F)c2)c(C)c1,Blocker,Blocker,1,XFWYGUIBGIDKJT-UHFFFAOYSA-N,XFWYGUIBGIDKJT,CUPID,CUPID,
COc1cccc(/C(O)=N/C(=S)Nc2ccc(N(C)C)cc2)c1,Blocker,Non-blocker,0,ZFIJJDPVZOSOIG-UHFFFAOYSA-N,ZFIJJDPVZOSOIG,PubChem,883668,
N#Cc1cnc(Nc2cc(N)ncn2)s1,Blocker,Blocker,,GPLUDMKPTRXKRC-UHFFFAOYSA-N,GPLUDMKPTRXKRC,eval_set_herg_70.csv,,
COc1ccc2cc(C#CC3=CC(=O)C[C@H](c4ccc(F)cc4)C3)ccc2c1,Blocker,Non-blocker,0,AOFOXDPBTORAOE-JOCHJYFZSA-N,AOFOXDPBTORAOE,PubChem,46904810,
CCOC(=O)C1(Cc2ccccc2)CCN(Cc2cccc(OC)c2O)CC1,Non-blocker,Non-blocker,0,CPJKJYRQDTXRIM-UHFFFAOYSA-N,CPJKJYRQDTXRIM,data_herg_dev,CHEMBL591887,
COc1ccc2nc3cc(Cl)ccc3c(N/C(C)=N/CCCN(C)C)c2n1,Blocker,Blocker,1,FENUWGGVSSQCJE-UHFFFAOYSA-N,FENUWGGVSSQCJE,data_herg_dev,CHEMBL3422024,
COc1ccc(C(C)c2c(CCN(C)C)sc3ccccc23)cn1,Blocker,Blocker,1,BHMPPLVSPUZBNL-UHFFFAOYSA-N,BHMPPLVSPUZBNL,data_herg_dev,CHEMBL1092812,
O=C(CN1CCCC1)N1CCCc2ccccc21,Non-blocker,Non-blocker,0,ICGXIVBKQSRQSE-UHFFFAOYSA-N,ICGXIVBKQSRQSE,PubChem,16188521,
Cc1ccc(S(=O)(=O)N2CCCCC2)cc1NC(=O)CCNC(=O)c1ccc([N+](=O)[O-])cc1,Non-blocker,Non-blocker,0,RYJVBZOWXNTLLR-UHFFFAOYSA-N,RYJVBZOWXNTLLR,PubChem,4852013,
COc1ccc(CCCOC(Cn2ccnc2)c2ccc(OC)cc2)cc1,Non-blocker,Blocker,,HLMBXBGDBBCYII-UHFFFAOYSA-N,HLMBXBGDBBCYII,eval_set_herg_60.csv,,
O=C(C[C@H]1Oc2ccccc2NC1=O)NCCCN1CCOCC1,Non-blocker,Non-blocker,0,BBASNBUMLFTQBS-OAHLLOKOSA-N,BBASNBUMLFTQBS,PubChem,5307904,
O=C1C=C(N2CCN(c3ccccn3)CC2)C(=O)c2c(O)ccc(O)c21,Non-blocker,Blocker,1,HEWUHYSMTMXSKM-UHFFFAOYSA-N,HEWUHYSMTMXSKM,PubChem,376947,
Cc1nsc(N2CCC3(CCN(CC(O)c4ccc5c(c4C)COC5=O)CC3)C2)n1,Blocker,Blocker,1,YFWDNFXIXONSOG-UHFFFAOYSA-N,YFWDNFXIXONSOG,PubChem,CUPID,
O=C(Nc1ccc2nc(-c3cccnc3)[nH]c2c1)c1ccccc1F,Non-blocker,Non-blocker,0,RCXGQDPHZKTBKW-UHFFFAOYSA-N,RCXGQDPHZKTBKW,PubChem,1084667,
Cc1nnc(C)n1C1CC2CCC(C1)N2CCC(NC(=O)CCC(F)(F)F)c1ccccc1,Blocker,Blocker,1,DHSDIRPBVPGDQK-UHFFFAOYSA-N,DHSDIRPBVPGDQK,data_herg_dev,,
COCCN1CCCC(Cn2c(-c3ccccc3C)nc3nc(-c4ccc(Cl)cc4)sc3c2=O)C1,Blocker,Blocker,1,CECBMNBUQKXZCK-UHFFFAOYSA-N,CECBMNBUQKXZCK,CUPID,CUPID,
CN(C1CCN(c2nc3ccccc3n2Cc2ccc(F)cc2)CC1)[C@@H]1NC=CC(=O)N1,Blocker,Blocker,,DRGSZTLTIYQWJD-HSZRJFAPSA-N,DRGSZTLTIYQWJD,eval_set_herg_70.csv,,
CC(C)(C[C@@](O)(Cc1cc2ccncc2[nH]1)C(F)(F)F)c1cc(F)ccc1O,Non-blocker,Blocker,,JFUAWXPBHXKZGA-IBGZPJMESA-N,JFUAWXPBHXKZGA,eval_set_herg_60.csv,,
O=S(=O)(NCCCN1CCC(c2noc3cc(F)ccc23)CC1)c1ccc(F)c(Cl)c1,Blocker,Blocker,1,FQRIRCXYLMTNDU-UHFFFAOYSA-N,FQRIRCXYLMTNDU,data_herg_dev,CHEMBL3289995,
NC(=O)c1cnc2ccc(-c3cccnc3)cc2c1NC1CCOCC1,Blocker,Blocker,1,YUJKPGQGVBPUDS-UHFFFAOYSA-N,YUJKPGQGVBPUDS,PubChem,145950619,29683659
CCCCN(CC)CC#CC#Cc1ccc(Cl)cc1,Blocker,Blocker,1,MWUIPCMAANJBDH-UHFFFAOYSA-N,MWUIPCMAANJBDH,CUPID,72793442,24224763
COc1ccccc1C[C@@H](NC(C)=O)C(=O)NC1CCN(C(=O)c2ccc(C)cc2)CC1,Non-blocker,Non-blocker,0,CNAIEAGFKKNPAE-JOCHJYFZSA-N,CNAIEAGFKKNPAE,PubChem,3227033,
NCC1(O)CCN(c2cc(Oc3cccc(F)c3)cc(F)c2F)CC1,Blocker,Blocker,,XFWSYJVLQVKQDN-UHFFFAOYSA-N,XFWSYJVLQVKQDN,eval_set_herg_70.csv,,
Cc1cccc(Cl)c1Nc1nc2cc(C(=O)Nc3cc(C(F)(F)F)ccc3F)c3c(c2[nH]1)CC(C)(C)O3,Blocker,Blocker,1,NEDYVEZMEJJRFC-UHFFFAOYSA-N,NEDYVEZMEJJRFC,data_herg_dev,CHEMBL4226545,
C[C@]12Cc3nonc3C[C@@H]1CC[C@@H]1[C@@H]2CC[C@@]2(C)[C@H]1CC[C@]2(C)O,Non-blocker,Non-blocker,0,RGLLOUBXMOGLDQ-IVEVATEUSA-N,RGLLOUBXMOGLDQ,data_herg_dev,,14708
CN(C)CCCNc1cc(-c2ccccc2)nc2cc(-c3cccc(F)c3)nn12,Non-blocker,Non-blocker,0,DGZNIXGYVXEUIZ-UHFFFAOYSA-N,DGZNIXGYVXEUIZ,PubChem,3230059,
O=C(O[C@H]1CN2CCC1CC2)C(O)(c1ccccc1)c1ccccc1,Blocker,Blocker,1,HGMITUYOCPPQLE-IBGZPJMESA-N,HGMITUYOCPPQLE,PubChem,425062,
Clc1ccc(C2(Cn3cncn3)CC(Br)CO2)c(Cl)c1,Blocker,Non-blocker,,HJJVPARKXDDIQD-UHFFFAOYSA-N,HJJVPARKXDDIQD,eval_set_herg_70.csv,,
NC(=O)c1ccc(N[C@H]2CCCNC2)c2cc(-c3cccc(F)c3)[nH]c12,Non-blocker,Blocker,1,KCXSHSRRSKFOQP-AWEZNQCLSA-N,KCXSHSRRSKFOQP,PubChem,11952265,29301085
Cc1ccc2c(-c3nnc(SCCCCN4CCc5cc6nc(C(F)(F)F)oc6c(Br)c5CC4)n3C)cccc2n1,Blocker,Blocker,1,VTSMNPQRBXHIOD-UHFFFAOYSA-N,VTSMNPQRBXHIOD,PubChem,11657494,18248991
C[N+]CCCC12CCC(c3ccccc31)c1ccccc12,Blocker,Blocker,,WVKDEHFJODFZBT-UHFFFAOYSA-N,WVKDEHFJODFZBT,eval_set_herg_70.csv,,
Nc1ncnc2c1c(-c1cccc(O)c1)cn2[C@H]1C[C@H](CN2CCC2)C1,Blocker,Blocker,1,BETBNWGUKZUUAX-CTYIDZIISA-N,BETBNWGUKZUUAX,PubChem,67035086,26951750
Nc1nc(N)c(CCCCc2ccccc2)c(N)n1,Blocker,Blocker,1,XDVRXWVIQZDMRG-UHFFFAOYSA-N,XDVRXWVIQZDMRG,PubChem,259669,
COc1cccc(CCN(C)CCN2CCN(c3cccc(Cl)c3)C2=O)c1,Blocker,Blocker,1,WNAKEYFAGBCYGF-UHFFFAOYSA-N,WNAKEYFAGBCYGF,PubChem,45273530,19560918
CCC(CC)CNc1c(C(N)=O)cnc2ccc(-c3cnn(C)c3)cc12,Blocker,Blocker,1,VMVYVVDVGAEFPN-UHFFFAOYSA-N,VMVYVVDVGAEFPN,CUPID,155550286,27259031
Cc1ccc(/C(O)=N/S(=O)(=O)c2ccccc2)cc1,Non-blocker,Non-blocker,0,DRYCVXUWUGJHJZ-UHFFFAOYSA-N,DRYCVXUWUGJHJZ,PubChem,759524,
O=C(c1ccc(Cl)c(C(F)(F)F)c1)N1CCN(c2cc(=O)[nH]c(=O)n2Cc2ccc(OS(=O)(=O)c3cccc4cnccc34)cc2)CC1,Blocker,Non-blocker,0,FYNZNIRXAODRQU-UHFFFAOYSA-N,FYNZNIRXAODRQU,data_herg_dev,CHEMBL3741159,
Cn1ncc(C(=O)Nc2cncc(-c3cc(Cl)cc(Cl)c3)c2N2CCC(N)CC2)c1C(F)(F)F,Blocker,Blocker,1,PZYGPMIBLQNMOM-UHFFFAOYSA-N,PZYGPMIBLQNMOM,PubChem,164614581,34626901
OCCN1CCN(CCSc2ccccc2)CC1,Non-blocker,Non-blocker,0,KFOJYYHUMVFMGT-UHFFFAOYSA-N,KFOJYYHUMVFMGT,PubChem,6603494,
C[C@H](Oc1cc2cc(C(N)=O)ccc2nc1N)c1cc2c(cnn2CCO)cc1-n1cccn1,Blocker,Non-blocker,0,YCCLQGKSPNRWEF-AWEZNQCLSA-N,YCCLQGKSPNRWEF,data_herg_dev,CHEMBL4795396,
COc1ccc2c(c1OC)C(=O)O[C@H]2[C@H]1c2cc3c(cc2CCN1C)OCO3,Blocker,Blocker,1,JZUTXVTYJDCMDU-RTBURBONSA-N,JZUTXVTYJDCMDU,PubChem,1309,
O=C(/C=C/c1ccco1)NC[C@H]1CCCO1,Non-blocker,Non-blocker,0,OVVKKROODYGGJY-MVIFTORASA-N,OVVKKROODYGGJY,PubChem,5342190,
COc1ccc(C(=O)C2=C(O)C(=O)N(C[C@H]3CCCO3)[C@@H]2c2ccc(OC)c(OC)c2)cc1,Non-blocker,Non-blocker,0,NVTNJVZQOPGZHW-XMSQKQJNSA-N,NVTNJVZQOPGZHW,PubChem,9549995,
CN1CCC(COCc2cc(C(F)(F)F)cc([C@@H]3CC3(C)C)n2)(c2ccc(F)cc2)CC1,Non-blocker,Blocker,1,YOMVEBVDIFROPG-NRFANRHFSA-N,YOMVEBVDIFROPG,PubChem,71541473,23253443
FC(F)(F)Oc1ccc(Cl)c(CN[C@@H]2CC[C@@H]3CC[C@@]2(c2ccccc2)N3)c1,Blocker,Blocker,1,QJLPTGTXRGEKCS-AHRSYUTCSA-N,QJLPTGTXRGEKCS,PubChem,44407467,16307878
COc1ccc(CCC(O)[C@@H]2CCC[C@H]2C(=O)NCc2cc(Cl)cc(Cl)c2)cc1,Blocker,Blocker,1,LZRBUCARILGKPQ-JAZPPYFYSA-N,LZRBUCARILGKPQ,data_herg_dev,CHEMBL206225,
CCOC(=O)c1cc(-c2ccccc2)n(CC(=O)O)c1C,Non-blocker,Non-blocker,0,BNYIGLLVRXMHSH-UHFFFAOYSA-N,BNYIGLLVRXMHSH,PubChem,3235924,
CC(C)c1cc(C(=O)NC[C@H]2CCN(CCc3ccc(C(F)(F)F)cc3)C2)on1,Blocker,Blocker,1,LTWGACDJHKRMQA-MRXNPFEDSA-N,LTWGACDJHKRMQA,PubChem,153635975,30928197
Cc1ccc(S(=O)(=O)c2nc(Nc3nccs3)sc2Cl)cc1,Non-blocker,Non-blocker,0,ZLIRQUKNUPCUDB-UHFFFAOYSA-N,ZLIRQUKNUPCUDB,PubChem,2136921,
COc1cc(CCC(C)(C)N2Cc3cccc(F)c3C2)ccc1O,Blocker,Blocker,1,QJEVUBLASGKUQZ-UHFFFAOYSA-N,QJEVUBLASGKUQZ,data_herg_dev,,
O=C(O)Cc1ccc(-n2cc(C3CCN(CCN4CCNC4=O)CC3)c3cc(Cl)ccc32)cc1,Non-blocker,Blocker,1,BXSHMKJGVLLOJW-UHFFFAOYSA-N,BXSHMKJGVLLOJW,PubChem,44297395,12729675
Cc1nc2scc(-c3cccs3)c2c(=O)n1N,Non-blocker,Non-blocker,0,IHKGXUXEUBUAJG-UHFFFAOYSA-N,IHKGXUXEUBUAJG,PubChem,706111,
C[C@@H]1CCCCN1CCN1CCN(c2cccc(Cl)c2)C1=O,Blocker,Blocker,1,ILLQMENNVJLGMH-CQSZACIVSA-N,ILLQMENNVJLGMH,PubChem,45267270,19553113
CC(C)N1CC[C@H](NC(=O)c2cc(-c3ccc(F)cc3F)on2)[C@@H](C(=O)NC2(c3ncccn3)CC2)C1,Blocker,Blocker,1,NBOHWLCEOZCLMI-ICSRJNTNSA-N,NBOHWLCEOZCLMI,data_herg_dev,CHEMBL4783788,
CCC[C@@H](CCO)Nc1nc(N)nc2ccc(F)cc12,Blocker,Blocker,1,PEFXIYQZSPFZKU-JTQLQIEISA-N,PEFXIYQZSPFZKU,PubChem,71041303,29965759
CCCCNc1ccc(C(=O)OCC[NH+](CC)CC)cc1.[Cl-],Non-blocker,Non-blocker,,XTIUAXFQEAMQRU-UHFFFAOYSA-N,XTIUAXFQEAMQRU,eval_set_herg_70.csv,,
CN1C(=O)/C(=C/c2ccccc2Cl)Sc2ccc(C(=O)NCc3cccnc3)cc21,Non-blocker,Non-blocker,0,DQWWOGMLOVWNHI-MTJSOVHGSA-N,DQWWOGMLOVWNHI,PubChem,16194205,
CCCCCc1cc(=O)oc2c([C@H](CCN3CCC[C@@H](C)C3)c3ccc(OC)cc3)c(OC)cc(OC)c12,Non-blocker,Non-blocker,0,MJJIHQACZGUMQB-ATIYNZHBSA-N,MJJIHQACZGUMQB,PubChem,16746298,
CC(C)CC(=O)NC(=S)Nc1ccccc1C(=O)Nc1ccccc1,Blocker,Non-blocker,0,AVEPIRUGHKMVQU-UHFFFAOYSA-N,AVEPIRUGHKMVQU,PubChem,1791737,
CC(=O)O[C@H]1/C(C)=C/[C@H]2[C@@H](OC(=O)c3ccccc3)[C@@H](C)C[C@]2(OC(C)=O)[C@@H](O)[C@@H](C)/C=C/C(C)(C)[C@H](OC(C)=O)[C@H]1OC(C)=O,Blocker,Blocker,1,CPNCOOXUAXNMJZ-PSZMPCNXSA-N,CPNCOOXUAXNMJZ,data_herg_dev,CHEMBL4289317,
O=C(CCn1cnc2ccccc21)NC1CCN(c2c(F)cc3c(=O)c(C(=O)O)cn(C4CC4)c3c2Cl)C1,Blocker,Blocker,1,KHNOYJMFZRCMEO-UHFFFAOYSA-N,KHNOYJMFZRCMEO,data_herg_dev,CHEMBL4476726,
C[C@@]1(c2cccc(NC(=O)c3ccc(C#N)cn3)c2)Cn2nccc2C(N)=N1,Blocker,Blocker,1,WNSFYBCKLLABCJ-FQEVSTJZSA-N,WNSFYBCKLLABCJ,PubChem,60194610,35059126
CC1CCOC1(c1ccc(-c2cnc(N)cn2)cc1)c1ccc(C(=O)NCC(C)(C)O)nc1,Non-blocker,Non-blocker,,LMXIPLIXSFTUTJ-UHFFFAOYSA-N,LMXIPLIXSFTUTJ,eval_set_herg_60.csv,,
N#Cc1ccccc1-c1cccc(O[C@H]2C[C@H]3CC[C@@H](C2)N3)n1,Blocker,Blocker,1,SCEZKNSHVTVFNV-ZSHCYNCHSA-N,SCEZKNSHVTVFNV,PubChem,53322642,21112782
O=C(O)C[C@H](CN1CC[C@@H](CCc2ccc3c(n2)NCCC3)C1)c1cccc(OC2COC2)c1,Non-blocker,Non-blocker,0,ZDUUJAZQZQAJEO-DENIHFKCSA-N,ZDUUJAZQZQAJEO,data_herg_dev,CHEMBL4237498,
CCC(NCCc1ccccc1)=C1C(=O)NC(=O)NC1=O,Non-blocker,Non-blocker,0,PUMXDKQRJGQKLF-UHFFFAOYSA-N,PUMXDKQRJGQKLF,PubChem,1398862,
CC(=O)N1CCC(n2ncc(Nc3ncc(Cl)c(-c4cnc5ccccn45)n3)c2C)CC1,Blocker,Non-blocker,0,ONDLPAJKNFWPJO-UHFFFAOYSA-N,ONDLPAJKNFWPJO,data_herg_dev,CHEMBL3822583,
N[C@@H](C(=O)N[C@@H]1C(=O)N2C(C(=O)O)=C(Cl)CS[C@H]12)c1ccccc1,Non-blocker,Non-blocker,0,QYIYFLOTGYLRGG-GPCCPHFNSA-N,QYIYFLOTGYLRGG,PubChem,40958,
O=C(Cn1c(=O)n(-c2cccc(C(F)(F)F)c2)c(=O)c2sccc21)NC[C@H]1CCCO1,Non-blocker,Non-blocker,0,BNIKGMWNFLJFPN-CQSZACIVSA-N,BNIKGMWNFLJFPN,PubChem,22427976,
CC#CC(=O)N[C@H]1CCCN(c2c(F)cc(C(N)=O)c3[nH]c(C)c(C)c23)C1,Non-blocker,Non-blocker,0,VJPPLCNBDLZIFG-ZDUSSCGKSA-N,VJPPLCNBDLZIFG,data_herg_dev,CHEMBL4297674,
O=C(NN(Cc1ccccc1)Cc1ccccc1)c1ccccc1,Non-blocker,Non-blocker,0,PHJSSXNJZBVIAR-UHFFFAOYSA-N,PHJSSXNJZBVIAR,PubChem,95922,
COc1ccc(CNc2nnc(N3CCC4(CC3)CC(O)C4)c3ccc(C#N)cc23)cc1Cl,Blocker,Blocker,,BROVXIYHWJSPHN-UHFFFAOYSA-N,BROVXIYHWJSPHN,eval_set_herg_60.csv,,
Cc1cc(OC[C@@H](O)CN2CCN(c3ccc(Cc4ccc(F)cc4)cc3)CC2)c(C)c(C)c1N,Blocker,Blocker,1,BNGQNTZNOYCZSU-MHZLTWQESA-N,BNGQNTZNOYCZSU,data_herg_dev,,
CNCC(Cc1ccccc1OC)c1ccc2ccccc2c1,Blocker,Blocker,,MRAZBVXMLFFLEZ-UHFFFAOYSA-N,MRAZBVXMLFFLEZ,eval_set_herg_70.csv,,
O=C(O)c1ccc(/C=N/Nc2nc3ccccc3[nH]2)cc1,Non-blocker,Non-blocker,0,FRDPRSVGUKUCQI-CXUHLZMHSA-N,FRDPRSVGUKUCQI,PubChem,9600849,
CCOCC(=O)N1CCN(c2cccc(Cl)c2)CC1,Non-blocker,Non-blocker,0,DGBFRCGWRMUYGD-UHFFFAOYSA-N,DGBFRCGWRMUYGD,PubChem,2162986,
O=C(OCc1ccccc1)N1CCC(CNC2N=CC=[SH]2)CC1,Blocker,Blocker,,WSZUPYCNEWBHKR-UHFFFAOYSA-N,WSZUPYCNEWBHKR,eval_set_herg_60.csv,,
COC[C@H](C)Oc1cc(Oc2cnc(C(=O)N3CCC3)cn2)cc(C(=O)Nc2cnc(C)cn2)c1,Non-blocker,Non-blocker,0,FJEJHJINOKKDCW-INIZCTEOSA-N,FJEJHJINOKKDCW,data_herg_dev,CHEMBL3219124,
COc1ccccc1-c1oc2ccccc2c1C#CC1(O)CCCCC1,Non-blocker,Non-blocker,0,BUEAKWMWJMNBTN-UHFFFAOYSA-N,BUEAKWMWJMNBTN,PubChem,25058342,
Cc1ccccc1[C@@H]1CCc2c(C(=O)N3CCOCC3)cc3c(nc(C)n3C)c2O1,Blocker,Blocker,1,QSCUVEAKXPPJEN-NRFANRHFSA-N,QSCUVEAKXPPJEN,data_herg_dev,CHEMBL1098545,
Cc1ccccc1NC(=O)NC1(C(=O)N2CCOCC2)CCCCC1,Non-blocker,Non-blocker,0,XAKMDGGVKRRPBF-UHFFFAOYSA-N,XAKMDGGVKRRPBF,PubChem,1444536,
Cc1c(C(=O)OCC(=O)c2ccc3c(c2)OCCO3)oc2ccccc12,Non-blocker,Non-blocker,0,LGGICADJPQLUSF-UHFFFAOYSA-N,LGGICADJPQLUSF,PubChem,2997991,
CNC(=O)C[C@@H]1C[C@@H](c2ccc(Cl)c(Cl)c2)[C@H](NC(=O)c2cc(-c3c(Cl)cnn3C)c(Cl)o2)CN1,Blocker,Blocker,1,GDDUFMLQAAXISM-ZJNRKIDTSA-N,GDDUFMLQAAXISM,data_herg_dev,CHEMBL4475923,
CCOC(=O)c1s/c(=N/C(=O)c2ccc(OC(C)C)cc2)n(C)c1C,Non-blocker,Non-blocker,0,VOHMCOZJWMGMAQ-VHEBQXMUSA-N,VOHMCOZJWMGMAQ,PubChem,3341993,
CCCC(=O)OCOC(=O)C1=C(C)NC(C)=C(C(=O)OC)C1c1cccc(Cl)c1Cl,Non-blocker,Non-blocker,0,KPBZROQVTHLCDU-UHFFFAOYSA-N,KPBZROQVTHLCDU,data_herg_dev,,153994
Cc1nc(Nc2cc(NC3CCCCC3N)nnc2C(N)=O)ccc1Cl,Blocker,Blocker,1,RPLRVRTUXULVOV-UHFFFAOYSA-N,RPLRVRTUXULVOV,PubChem,CUPID,
C[C@@H]1NC(c2cnccn2)=NC1(c1ccc(F)cc1)c1ccc(F)cc1,Blocker,Blocker,1,JOKLLFKJXMPKTA-ZDUSSCGKSA-N,JOKLLFKJXMPKTA,data_herg_dev,CHEMBL491119,
O=C(NC1CCN(Cc2ccc3c(c2)OCO3)CC1)C1=CC(=O)c2ccc(F)cc2C1,Blocker,Blocker,1,GZUSVUQRHJTPRP-UHFFFAOYSA-N,GZUSVUQRHJTPRP,data_herg_dev,,
O=C(C1CC2(CCN(c3ccccc3)CC2)C1)N1CCN(C2CCC2)CC1,Non-blocker,Non-blocker,0,XYZBZWHSHNAJBO-UHFFFAOYSA-N,XYZBZWHSHNAJBO,data_herg_dev,CHEMBL3127685,
O=C(COc1ccc(C(=O)c2ccccc2Br)cc1)Nc1cccnc1,Blocker,Blocker,1,QNWXOXKHLFTJBA-UHFFFAOYSA-N,QNWXOXKHLFTJBA,PubChem,127042037,33261899
COc1ccc(N2CCN(C(=O)c3cc(-c4cccs4)nc4ccccc34)CC2)cc1,Non-blocker,Non-blocker,0,KFQIHCKPGKIPBP-UHFFFAOYSA-N,KFQIHCKPGKIPBP,PubChem,2102393,
N#Cc1c(N)ncnc1N1CCC[C@H]1c1nc2cccc(C#CCCCC(=O)N3CCOCC3)c2c(=O)n1-c1ccccc1,Non-blocker,Non-blocker,0,FZNHPZXTDPDSMO-MHZLTWQESA-N,FZNHPZXTDPDSMO,data_herg_dev,CHEMBL4080347,
Cc1cccc(C2CCN(CCNC(=O)C3CCCOC3)CC2)n1,Non-blocker,Blocker,1,NKLHZQQLECBIFS-UHFFFAOYSA-N,NKLHZQQLECBIFS,data_herg_dev,,
Cc1nc2ccc(NC(=O)c3cc(S(=O)(=O)N(C)c4ccccc4)ccc3Cl)cc2s1,Non-blocker,Non-blocker,0,WCXHFSIMJBENOZ-UHFFFAOYSA-N,WCXHFSIMJBENOZ,PubChem,2102299,
CCC(OC(C)=O)C(CC(C)[N+](C)C)(c1ccccc1)c1ccccc1,Blocker,Blocker,,KLGZEZPTKHAQBU-UHFFFAOYSA-N,KLGZEZPTKHAQBU,eval_set_herg_70.csv,,
C(#Cc1cc(-c2n[nH]c3c2Cc2ccccc2-3)cs1)COc1ccccc1,Blocker,Blocker,1,BXBCZPPLGRTDAR-UHFFFAOYSA-N,BXBCZPPLGRTDAR,data_herg_dev,,
COc1nc(Nc2cccc3c2nc(-c2ccc(F)cc2)n3C)ccc1-n1cnc(C)c1,Blocker,Blocker,1,ZQYDYFCAHHBFKE-UHFFFAOYSA-N,ZQYDYFCAHHBFKE,PubChem,46861576,22650177
Cc1cn2ccc(-c3ccc4c(c3)C3(COC(N)=N3)C3(COC3)C3(CCC3)O4)cc2n1,Blocker,Blocker,1,YXGIXUOSNXEEFY-UHFFFAOYSA-N,YXGIXUOSNXEEFY,data_herg_dev,CHEMBL3703267,
O=C(NC[C@H](c1ccco1)N1CCOCC1)C1CCCCC1,Non-blocker,Non-blocker,0,WCIGUMRSZGMIPK-OAHLLOKOSA-N,WCIGUMRSZGMIPK,PubChem,16809733,
CCCCC/C=C\C/C=C\CCCCCCCC(N)=O,Non-blocker,Blocker,,SFIHQZFZMWZOJV-HZJYTTRNSA-N,SFIHQZFZMWZOJV,eval_set_herg_70.csv,,
CC[C@@H](C)Sc1ccc(-c2nc3ccc(C)cn3c2NCc2ccccc2)cc1,Blocker,Non-blocker,0,KHELVDMONQBQRT-LJQANCHMSA-N,KHELVDMONQBQRT,PubChem,53299539,
CS(=O)(=O)N(Cc1ccccc1-c1ccccc1)[C@H]1CCNC1,Blocker,Blocker,1,HUGQKIWTNMQGCP-KRWDZBQOSA-N,HUGQKIWTNMQGCP,data_herg_dev,CHEMBL476312,
O=C(c1cc(F)c(F)cc1Cl)N1CCCc2ccccc21,Non-blocker,Non-blocker,0,GLZFHOGTCIRQTN-UHFFFAOYSA-N,GLZFHOGTCIRQTN,PubChem,790863,
CCCCCCCCCCCCc1ccccc1O,Non-blocker,Non-blocker,,CYEJMVLDXAUOPN-UHFFFAOYSA-N,CYEJMVLDXAUOPN,eval_set_herg_70.csv,,
COCc1nc(Nc2ccc(C(F)(F)F)cc2)c2ccc(-c3ncccc3C(F)(F)F)cc2n1,Blocker,Blocker,1,AUMMEWJHZYQLQC-UHFFFAOYSA-N,AUMMEWJHZYQLQC,data_herg_dev,CHEMBL497650,
Cc1ccc(CSCc2nnc(SCC(=O)N3CCN(c4ccccc4)CC3)n2C)cc1,Non-blocker,Non-blocker,0,DDFYAFXVSKTMKB-UHFFFAOYSA-N,DDFYAFXVSKTMKB,PubChem,1022010,
CN1CCN(c2ncc(C(=O)Nc3cc(-c4cccs4)ccc3N)s2)CC1,Blocker,Non-blocker,,UFFPDLROZFWPBV-UHFFFAOYSA-N,UFFPDLROZFWPBV,eval_set_herg_70.csv,,
CCOc1cc2ncc(C(N)=O)c(Nc3cccc(Cl)c3Cl)c2cc1N1CCN(CC)CC1,Blocker,Blocker,1,NTOWRHQJSNSGLV-UHFFFAOYSA-N,NTOWRHQJSNSGLV,PubChem,44571191,19114305
Cc1ncc(OCC2(c3ccccc3)CC2C(=O)Nc2ccc(F)cn2)c(C)n1,Blocker,Blocker,1,ZGLVMUOFMYXASD-UHFFFAOYSA-N,ZGLVMUOFMYXASD,PubChem,CUPID,
COc1ccc(OC)c(/C=C/C(=O)OCC(=O)c2c(N)n(C)c(=O)n(C)c2=O)c1,Non-blocker,Non-blocker,0,ZNQPEBQSTRGCTK-VMPITWQZSA-N,ZNQPEBQSTRGCTK,PubChem,2457314,
COc1ccc2ncc(F)c(CC(NOC(C)=O)C34CCC(NCc5ccc6c(n5)NC(=O)CO6)(CC3)CO4)c2n1,Blocker,Non-blocker,0,OQOSAVZSBSPTOZ-UHFFFAOYSA-N,OQOSAVZSBSPTOZ,data_herg_dev,CHEMBL3753230,
CC1(c2ccc(OC(F)F)cc2)NC(=O)N(CC(=O)c2ccc(F)cc2F)C1=O,Non-blocker,Blocker,1,HJGWWGIMWQCTBI-UHFFFAOYSA-N,HJGWWGIMWQCTBI,CUPID,CUPID,
CCCCCCCN(CC)CCCCc1ccc(NC=O)cc1,Blocker,Blocker,,ZDMQHMYHAWGOFZ-UHFFFAOYSA-N,ZDMQHMYHAWGOFZ,eval_set_herg_70.csv,,
Cc1cc(C)n(-c2nc(-c3ccccc3)cc(=O)[nH]2)n1,Non-blocker,Non-blocker,0,JXBDKWPDMSQNDQ-UHFFFAOYSA-N,JXBDKWPDMSQNDQ,data_herg_dev,,135433800
CC(C)(C)c1cc(NC(=O)Cc2ccc(-n3cnc4cc(-c5ccc(S(C)(=O)=O)cc5)ccc43)cc2)no1,Blocker,Blocker,1,LMFNJXLDISVWLF-UHFFFAOYSA-N,LMFNJXLDISVWLF,CUPID,118559124,32298114
N[C@H](C(=O)N1CC[C@@H](F)C1)[C@H]1CC[C@H](NC(=O)c2ccc(F)c(F)c2)CC1,Non-blocker,Non-blocker,0,UUCMWQOGZNNWGQ-GDLHICMESA-N,UUCMWQOGZNNWGQ,data_herg_dev,CHEMBL23924,
CCOc1ccc(C(=O)OCCN(CC)CC)cc1,Non-blocker,Non-blocker,,OWWVHQUOYSPNNE-UHFFFAOYSA-N,OWWVHQUOYSPNNE,eval_set_herg_70.csv,,
NS(=O)(=O)c1cccc2c1c([N+](=O)[O-])cc1[nH]c(=O)c(=O)[nH]c12,Non-blocker,Non-blocker,0,UQNAFPHGVPVTAL-UHFFFAOYSA-N,UQNAFPHGVPVTAL,PubChem,6098006,
Clc1ccc2c(c1)CCc1cccnc1C2=C1CCNCC1,Blocker,Blocker,1,JAUOIFJMECXRGI-UHFFFAOYSA-N,JAUOIFJMECXRGI,PubChem,124087,
Oc1cc(-c2cn[nH]c2)ccc1-c1ccc(N2CC3CNCC3C2)nn1,Blocker,Blocker,1,CCBCVDSDUWLFSE-UHFFFAOYSA-N,CCBCVDSDUWLFSE,PubChem,CUPID,
CC(C)(CCc1ccc(F)cc1)N1Cc2cccc(F)c2C1,Blocker,Blocker,,GFGDEBIFXMGQCV-UHFFFAOYSA-N,GFGDEBIFXMGQCV,eval_set_herg_70.csv,,
Cc1[nH]c2ccccc2c1C(=O)CN1CCC(C)CC1,Non-blocker,Non-blocker,0,GJUXIAJLOGPNCR-UHFFFAOYSA-N,GJUXIAJLOGPNCR,PubChem,919704,
COCc1c(Cl)ccc2c1CCC2c1ncc[nH]1,Non-blocker,Blocker,,CMNAOKMSNCWOHS-UHFFFAOYSA-N,CMNAOKMSNCWOHS,eval_set_herg_60.csv,,
O=c1ccc(-c2n[nH]c(C3CCN(Cc4ccc(-c5nc6cc[nH]c(=O)c6cc5-c5ccccc5)cc4)CC3)n2)c[nH]1,Blocker,Blocker,1,WODXCEOADJHAKH-UHFFFAOYSA-N,WODXCEOADJHAKH,data_herg_dev,,44560680
CN1CO[C@H](c2ccccc2)[C@@H](c2ccc3ccccc3c2)C1,Blocker,Non-blocker,0,JQCWMOSUIVYTTK-NHCUHLMSSA-N,JQCWMOSUIVYTTK,data_herg_dev,,
Cc1ncoc1-c1nnc(SCCCN2CCC3(CC3c3ccc(F)cc3)C2)n1C,Blocker,Blocker,1,XRDPJIJIWYVCKW-UHFFFAOYSA-N,XRDPJIJIWYVCKW,PubChem,CUPID,
CCOC(=O)c1c(CN2CCOCC2)n(-c2ccccc2)c2cc(Br)c(O)cc12,Non-blocker,Non-blocker,0,QCILYEVZKRWOPC-UHFFFAOYSA-N,QCILYEVZKRWOPC,PubChem,2882036,
C[C@@H](NC(=O)Nc1ccc(Cl)cc1)c1ccc2c(c1)OCO2,Non-blocker,Non-blocker,0,DUNIZMIUZMYGKI-SNVBAGLBSA-N,DUNIZMIUZMYGKI,PubChem,24819764,
O=[N+]([O-])c1cc(Oc2ccc([N+](=O)[O-])cc2C(F)(F)F)cc([N+](=O)[O-])c1,Blocker,Blocker,1,DSVDUSQUZBRRKE-UHFFFAOYSA-N,DSVDUSQUZBRRKE,PubChem,273767,
N#Cc1cccc(CN(c2ccc3[nH]ccc3c2)C2CCNCC2)c1,Blocker,Blocker,1,YKDPKVFUKKJFFE-UHFFFAOYSA-N,YKDPKVFUKKJFFE,PubChem,44466344,19592243
Cc1c(CC(=O)O)c2cccnc2n1S(=O)(=O)c1ccc(F)c(F)c1,Non-blocker,Blocker,1,HLSYGDSWXJGENX-UHFFFAOYSA-N,HLSYGDSWXJGENX,data_herg_dev,CHEMBL563949,
O=C1CN=C(c2ccccc2)c2cc(Cl)ccc2N1CC1CC1,Blocker,Non-blocker,,MWQCHHACWWAQLJ-UHFFFAOYSA-N,MWQCHHACWWAQLJ,eval_set_herg_70.csv,,
CCCN1[C@@H]2COC[C@H]1CN(c1ccccc1OC)C2,Non-blocker,Blocker,1,VUTIVRNNOQOEDF-OKILXGFUSA-N,VUTIVRNNOQOEDF,data_herg_dev,CHEMBL4244649,
COc1ccc(Cc2noc(C3=CC4(CCN(CC5CCCO5)CC4)c4ccccc43)n2)cc1,Blocker,Blocker,,VVTNGPQJVGKJLG-UHFFFAOYSA-N,VVTNGPQJVGKJLG,eval_set_herg_70.csv,,
COc1ccc2ncc(=O)c(CCC34CCC(NCc5ccc6c(n5)NC(=O)CO6)(CC3)CO4)c-2[nH]1,Blocker,Blocker,,CJMXSOYMIMJWMM-UHFFFAOYSA-N,CJMXSOYMIMJWMM,eval_set_herg_70.csv,,
COC(=O)N[C@@H](CCN1[C@@H]2CC[C@@H]1CC(n1c(C)nc3c1CN(C(=O)OC)CC3)C2)c1cccc(F)c1,Blocker,Blocker,1,DSCMAXGHSLCWHO-XPNTWCBSSA-N,DSCMAXGHSLCWHO,data_herg_dev,,
CC(=O)N(/N=C1\Sc2ccccc2C1=O)c1ccccc1C,Blocker,Non-blocker,0,OBPOWEVMSNKZCM-ZCXUNETKSA-N,OBPOWEVMSNKZCM,PubChem,5401874,
CC(C)(C)c1cc(C(=O)Nc2nc(CN)cs2)n(Cc2ccccc2)n1,Non-blocker,Blocker,1,XCKWZWHQTKSVSW-UHFFFAOYSA-N,XCKWZWHQTKSVSW,CUPID,56643478,21966980
Cc1cccnc1CN1CCC2(CC1)C(=O)N(c1ccc(-c3ccc4scnc4c3)cc1)C(=O)N2c1cc(=O)[nH]cn1,Blocker,Blocker,1,GZOBVYAVRWIDTA-UHFFFAOYSA-N,GZOBVYAVRWIDTA,PubChem,136069450,22364528
CCOc1cc2ncc(C(N)=O)c(Nc3ccc(F)cc3F)c2cc1N1CCC(O)CC1,Non-blocker,Non-blocker,0,HGMSNMCROLQLSN-UHFFFAOYSA-N,HGMSNMCROLQLSN,data_herg_dev,CHEMBL481717,
COc1ccc(-n2nnnc2SCC(=O)Nc2nnc(C)s2)cc1,Non-blocker,Non-blocker,0,VQBUREUAMXKMHN-UHFFFAOYSA-N,VQBUREUAMXKMHN,PubChem,3145855,
Oc1c(/N=N/c2ccccn2)ccc2ccccc12,Non-blocker,Blocker,1,DKWJRBBUVAQOAC-ISLYRVAYSA-N,DKWJRBBUVAQOAC,PubChem,2831996,
C/C(=C\C(=O)Nc1nccs1)c1ccccc1,Non-blocker,Non-blocker,0,KXMVAXLDAZPGOL-MDZDMXLPSA-N,KXMVAXLDAZPGOL,PubChem,2191773,
O=C(N/N=C1\CCCc2c1[nH]c1ccc([N+](=O)[O-])cc21)c1ccncc1,Non-blocker,Non-blocker,0,BAVUMXJNNFZFPE-LTGZKZEYSA-N,BAVUMXJNNFZFPE,PubChem,135425027,
OC(c1ccc(F)c(-c2ncnc3cc(C4=CCOCC4)ccc23)c1)c1nccs1,Non-blocker,Non-blocker,,PNOUMLBQVUAYPF-UHFFFAOYSA-N,PNOUMLBQVUAYPF,eval_set_herg_70.csv,,
COc1ccc(OC)c(NC(=O)c2ccc(NS(C)(=O)=O)cc2)c1,Non-blocker,Non-blocker,0,UXDXDSVZZXRUQS-UHFFFAOYSA-N,UXDXDSVZZXRUQS,PubChem,1241929,
COCc1nc2c3c(c(C(=O)N(C)C)cc2n1C)CC[C@@H](c1ccccc1C)O3,Blocker,Blocker,1,JJSVYAMRGKXWCW-IBGZPJMESA-N,JJSVYAMRGKXWCW,data_herg_dev,CHEMBL1098777,
CNC(C)(C)C(=O)N1CCN(C(=O)c2cc(Cc3c[nH]c(=O)c4cc(Cl)c(Cl)n34)ccc2F)CC1,Blocker,Non-blocker,0,LVAOEBJMYZUGDP-UHFFFAOYSA-N,LVAOEBJMYZUGDP,data_herg_dev,CHEMBL590791,
CC(C)[C@]1(C(=O)N2C[C@@H]3C[C@H]2CN3C(=O)C2CCCC2)CC[C@@H](NC2CCOCC2F)C1,Blocker,Blocker,1,AKMCXNQIYOMGQU-ILAYYOKASA-N,AKMCXNQIYOMGQU,data_herg_dev,CHEMBL1684705,
Cc1[nH]c2ccccc2c(=O)c1CN1CCCCC1,Non-blocker,Non-blocker,0,XHTAAEZHPPFTSB-UHFFFAOYSA-N,XHTAAEZHPPFTSB,PubChem,710590,
CCc1ccccc1NC(=O)c1cc(-c2cccc(O)c2)on1,Non-blocker,Non-blocker,0,VGQGTNVENAUVGJ-UHFFFAOYSA-N,VGQGTNVENAUVGJ,PubChem,5308609,
CC(C)n1cc(CN2CCN(C)[C@H](CCO)C2)c2ccccc21,Non-blocker,Non-blocker,0,NUHSFPCVQZCFES-QGZVFWFLSA-N,NUHSFPCVQZCFES,PubChem,23723244,
Cc1ccccc1-c1c(N)c(C(=O)c2ccc(F)cc2F)cc[n+]1[O-],Non-blocker,Blocker,1,LTGBWAXSDFOJNJ-UHFFFAOYSA-N,LTGBWAXSDFOJNJ,data_herg_dev,CHEMBL551717,
C=CCOC(=O)[C@@H](C#N)c1nc2ccccc2nc1N1CCN(Cc2ccc3c(c2)OCO3)CC1,Non-blocker,Non-blocker,0,MSKCOSNECMKNJB-IBGZPJMESA-N,MSKCOSNECMKNJB,PubChem,660507,
CCCCn1c(N)c(N(CCOC)C(=O)COC(=O)COc2c(C)cccc2C)c(O)nc1=O,Non-blocker,Non-blocker,0,LUSHITYAKBRSIF-UHFFFAOYSA-N,LUSHITYAKBRSIF,PubChem,24687088,
COc1cc([C@](O)(CCN(C)C)[C@H](c2cc(OC(C)C)cnc2OC)c2cc3cc(C#N)ccc3nc2OC)cc(OC)n1,Non-blocker,Blocker,1,KUDOTPINGRXDIQ-BZKUTMRRSA-N,KUDOTPINGRXDIQ,PubChem,155562863,30803745
Cc1cc2nc(CCC3CCCN3C)n(Cc3ccc(Cl)cc3)c2cc1C,Blocker,Blocker,1,VYSFWHXSTDCNEA-UHFFFAOYSA-N,VYSFWHXSTDCNEA,PubChem,CUPID,
Cl.OCc1c[nH]cn1,Non-blocker,Blocker,1,WFNASTYGEKUMIY-UHFFFAOYSA-N,WFNASTYGEKUMIY,data_herg_dev,CHEMBL1255967,
CC(C)(C)c1ccc(CN2CCN(C(c3ccccc3)c3ccc(Cl)cc3)CC2)cc1.Cl.Cl,Blocker,Blocker,,SDBHDSZKNVDKNU-UHFFFAOYSA-N,SDBHDSZKNVDKNU,eval_set_herg_70.csv,,
CC(=O)Nc1cc(Nc2cc(NC3CC3)n3ncc(C#N)c3n2)ccc1Cl,Blocker,Non-blocker,0,RITFJLMYNGBSBT-UHFFFAOYSA-N,RITFJLMYNGBSBT,data_herg_dev,CHEMBL2409174,
N#Cc1c(N2C(=O)[C@@H]3[C@H](C2=O)[C@H]2C=C[C@@H]3C2)sc2c1CCC2,Non-blocker,Non-blocker,0,CLCLLWZMEUUPMJ-LPQAMYBRSA-N,CLCLLWZMEUUPMJ,PubChem,3244376,
Cc1ccccc1NC(=O)c1cnc2ccccn2c1=O,Non-blocker,Non-blocker,0,XWHKHNXFNKFALO-UHFFFAOYSA-N,XWHKHNXFNKFALO,PubChem,3075179,
CCN(CC)C(=O)[C@@H](C)OC(=O)c1ccc(O)cc1,Non-blocker,Non-blocker,0,LSPIQGHSKHAHRT-SNVBAGLBSA-N,LSPIQGHSKHAHRT,PubChem,2900944,
Cc1c([C@@H](O)CN2CCC3(CC2)CCN(c2cncc(C#N)c2)C3)ccc2c1COC2=O,Non-blocker,Blocker,1,OMUJSEKWXVIZOY-QHCPKHFHSA-N,OMUJSEKWXVIZOY,PubChem,117852380,28111141
Cc1ccc(C(=O)Nc2ccc(Cl)cn2)cc1S(=O)(=O)N1CCOCC1,Non-blocker,Non-blocker,0,AMBFIOILMOEUMB-UHFFFAOYSA-N,AMBFIOILMOEUMB,PubChem,1144145,
CC(=O)N1C[C@@H](Oc2cccc(F)c2)C[C@@H]1C(=O)N1CCCN(C2CCC2)CC1,Blocker,Blocker,1,USNNNBJEPXKOFF-LEWJYISDSA-N,USNNNBJEPXKOFF,PubChem,44598902,20382018
Cc1c(F)c(N2CC[NH2+][C@H](C)C2)cc2c1C(=O)C(C(=O)[O-])C=[N+]2C1CC1,Non-blocker,Non-blocker,,HWQPKBLZEKRMGK-VUUHIHSGSA-O,HWQPKBLZEKRMGK,eval_set_herg_60.csv,,
O=C(NCC1CCCC[N+]1)c1cc(OCC(F)(F)F)ccc1OCC(F)(F)F,Blocker,Blocker,,GBAGMXIXQLFBJR-UHFFFAOYSA-N,GBAGMXIXQLFBJR,eval_set_herg_70.csv,,
CC(C)(C)c1cc(NC(=O)n2ccc3cc(Oc4ncnc5c4CNC5)cnc32)no1,Non-blocker,Blocker,1,YZXZPHSSFCYJSM-UHFFFAOYSA-N,YZXZPHSSFCYJSM,CUPID,127045352,27096041
C=CCN1CCc2c(cc(O)c(O)c2Cl)[C@@H](c2ccccc2)C1,Blocker,Blocker,1,HJWHHQIVUHOBQN-MRXNPFEDSA-N,HJWHHQIVUHOBQN,PubChem,9909521,
COc1ccc([C@@H]2CC(=O)c3c(O)cc(O)cc3O2)cc1O,Non-blocker,Non-blocker,,AIONOLUJZLIMTK-AWEZNQCLSA-N,AIONOLUJZLIMTK,eval_set_herg_70.csv,,
CC(C)CN(CCc1ccc(Cl)c(Cl)c1)CC(O)COc1ccc(NS(C)(=O)=O)cc1,Blocker,Blocker,1,ZAAZVMJLSXMDHB-UHFFFAOYSA-N,ZAAZVMJLSXMDHB,CUPID,CUPID,
COc1ccccc1Oc1cccc(CN2CCC3(CC2)CCN(C(=O)c2ccncn2)CC3)c1,Non-blocker,Blocker,1,DDUAZQDCAKMWPF-UHFFFAOYSA-N,DDUAZQDCAKMWPF,PubChem,44598058,19954248
O=C(NC[C@@H](O)CN1CCC(Oc2ccc(Cl)c(Cl)c2)CC1)c1c[nH]c(=O)c2cc(S(=O)(=O)NC3CC3)ccc12,Blocker,Blocker,1,DTYDZUZTWZDAGL-QGZVFWFLSA-N,DTYDZUZTWZDAGL,PubChem,59295969,23116889
O=C(Nc1ccccc1-c1nnc(SCc2ccccc2)o1)c1ccccc1,Non-blocker,Non-blocker,0,SZDLTPNTPQQOML-UHFFFAOYSA-N,SZDLTPNTPQQOML,PubChem,1156646,
C[C@H]1CC[C@H](NC(=O)Cn2c(=O)[nH]c3ccsc3c2=O)CC1,Non-blocker,Non-blocker,0,VBXOBCIZKNNJQW-MGCOHNPYSA-N,VBXOBCIZKNNJQW,PubChem,3240619,
CCc1nc(C)cn2nc(-c3cc(=O)n4cc(C5CCN(C)CC5)cc(C)c4n3)cc12,Blocker,Blocker,1,GYFRQCMDLBNZSF-UHFFFAOYSA-N,GYFRQCMDLBNZSF,CUPID,89741565,30044619
O=[P@]1(Oc2ccccc2)OCCCS1,Non-blocker,Non-blocker,0,FGWCOYFJDUWMFN-CYBMUJFWSA-N,FGWCOYFJDUWMFN,PubChem,1898386,
C[C@H](CCc1ccc(O)cc1)NCCc1ccc(O)c(O)c1,Blocker,Blocker,1,JRWZLRBJNMZMFE-CYBMUJFWSA-N,JRWZLRBJNMZMFE,PubChem,36811,
CNCCNC(=O)c1cc2c([nH]c3c(C)cccc32)c(-c2ccc(Cl)c(Cl)c2)n1,Blocker,Blocker,1,DUPVDGUWVRMGSA-UHFFFAOYSA-N,DUPVDGUWVRMGSA,CUPID,163196446,35300096
O=C1c2nc3cccc(C(F)(F)F)c3n2CCN1CC1CC2CCC1C2,Non-blocker,Blocker,1,YTGVOXRCRXENCO-UHFFFAOYSA-N,YTGVOXRCRXENCO,PubChem,CUPID,
CCCCNc1ncc2c(-c3ccc(F)cc3)nn(CC3CCC(N)CC3)c2n1,Blocker,Blocker,1,OGEBRHQLRGFBNV-UHFFFAOYSA-N,OGEBRHQLRGFBNV,data_herg_dev,,
O=C(/C=C/c1ccc(CNCCc2c(-c3ccccc3)[nH]c3ccccc23)cc1)NO,Non-blocker,Blocker,1,KFKMAKYLZATHBX-CCEZHUSRSA-N,KFKMAKYLZATHBX,PubChem,20579392,21650221
CC(C)/N=c1\cc2n(-c3ccc(Cl)cc3)c3ccccc3nc-2cc1Nc1ccc(Cl)cc1,Blocker,Blocker,1,WDQPAMHFFCXSNU-BGABXYSRSA-N,WDQPAMHFFCXSNU,PubChem,2794,
O=C(Nc1ccc([C@H]2CNCCO2)cc1)c1coc(-c2ccccc2)n1,Non-blocker,Blocker,,HZYCOVJPFLILNP-GOSISDBHSA-N,HZYCOVJPFLILNP,eval_set_herg_70.csv,,
O=C(NCc1ccccc1)N1CCC(CNc2ncccn2)CC1,Blocker,Blocker,,VTMJLFSAQVGRBC-UHFFFAOYSA-N,VTMJLFSAQVGRBC,eval_set_herg_70.csv,,
COc1ccc(CN2CCN(CCCc3ccccc3)[C@H](CCO)C2)c(O)c1,Non-blocker,Non-blocker,0,XTLSGTPPMWYOBB-OAQYLSRUSA-N,XTLSGTPPMWYOBB,PubChem,23723691,
CCOC(=O)C1C(OC(=O)c2ccccc2)CC2CCC1N2C,Blocker,Blocker,1,NMPOSNRHZIWLLL-UHFFFAOYSA-N,NMPOSNRHZIWLLL,CUPID,CUPID,
CCCCN(CC)C(=O)CN1C(=O)c2ccccc2C1=O,Non-blocker,Non-blocker,0,YNTAZECPJDMLFK-UHFFFAOYSA-N,YNTAZECPJDMLFK,PubChem,1582689,
CCOC(=O)[C@@H](C)N1C(=O)S/C(=C\c2ccc(-c3ccccc3C(=O)O)o2)C1=O,Blocker,Non-blocker,0,MRLTXEYLPCUWFS-FFCYNSPCSA-N,MRLTXEYLPCUWFS,PubChem,6517290,
O=C(Cc1ccc(OCC[C@@H]2C[C@@H]2C2CCN(c3ncc(Cl)cn3)CC2)nc1)N1CCC1,Non-blocker,Blocker,1,LBYBPUSGLLAODS-TZIWHRDSSA-N,LBYBPUSGLLAODS,PubChem,89583933,28185720
CCc1nnc(NC(=O)COc2ccccc2[N+](=O)[O-])s1,Non-blocker,Non-blocker,0,URPQKVCCIJEOEW-UHFFFAOYSA-N,URPQKVCCIJEOEW,PubChem,729831,
O=C(NCc1ccccc1)Nc1cccn(Cc2ccccc2)c1=O,Non-blocker,Non-blocker,0,MVHHAVPGNLBAEC-UHFFFAOYSA-N,MVHHAVPGNLBAEC,PubChem,1450037,
Cc1cc(N2CCC3(CCN(CC(O)c4ccc5c(c4C)COC5=O)CC3)C2=O)sn1,Blocker,Blocker,1,AVNUHUISPNHKBL-UHFFFAOYSA-N,AVNUHUISPNHKBL,PubChem,CUPID,
Cc1ccc(C)c(N2N=C(/C(O)=N/c3nccs3)CCC2=O)c1,Non-blocker,Non-blocker,0,ZLEXTCJSZDVHNF-UHFFFAOYSA-N,ZLEXTCJSZDVHNF,PubChem,4883117,
Cc1ccc(C)c(C(=O)CCC(=O)Nc2ccc(N3CCN(C)CC3)cc2C)c1,Non-blocker,Blocker,1,UNLSBJSUCXSGEG-UHFFFAOYSA-N,UNLSBJSUCXSGEG,PubChem,4787567,
NC1=NC2(CO1)c1cc(NC(=O)c3ncc(Br)cn3)ccc1OCC21CC1,Blocker,Blocker,1,RUPHOSKJXJYHAD-UHFFFAOYSA-N,RUPHOSKJXJYHAD,data_herg_dev,CHEMBL3650820,
COc1ccc(-c2csc(NC(=O)[C@H]3CCCCC3S(=O)(=O)c3ccc(C)cc3)n2)cc1,Non-blocker,Non-blocker,,VOQOSEZOWYQTLZ-AIBWNMTMSA-N,VOQOSEZOWYQTLZ,eval_set_herg_70.csv,,
OCc1csc(C(O)c2cc(-c3ncnc4cc(N5C6CCC5COC6)ccc34)c(F)cc2Cl)n1,Non-blocker,Non-blocker,0,VSYCUCYLHGGKPK-UHFFFAOYSA-N,VSYCUCYLHGGKPK,data_herg_dev,,
O=C(O)c1cc([N+](=O)[O-])ccc1Nc1ccccc1,Non-blocker,Non-blocker,0,DOTLBHVBCHNOAA-UHFFFAOYSA-N,DOTLBHVBCHNOAA,PubChem,6096776,
COCCN(C(=O)c1cc(OC)c(OC)c(OC)c1)c1c(N)n(Cc2ccccc2)c(=O)[nH]c1=O,Non-blocker,Non-blocker,0,MQDYQUYDOHALLU-UHFFFAOYSA-N,MQDYQUYDOHALLU,PubChem,2441247,
O=c1c2ccccc2[nH]c(=S)n1C1CCCCC1,Blocker,Blocker,1,MCTGJKRPXXKWGV-UHFFFAOYSA-N,MCTGJKRPXXKWGV,PubChem,791458,
CS(=O)(=O)CCN1CCC(c2ccc(NC(=O)c3ncc(C#N)[nH]3)c(C3=CCCCC3)c2)CC1,Blocker,Blocker,1,SPZDCHRXPBSIHM-UHFFFAOYSA-N,SPZDCHRXPBSIHM,data_herg_dev,CHEMBL2158227,
N[C@H]1CN(Cc2ccc(-c3csnn3)cc2)C[C@H]1C(=O)N1CCCC1,Non-blocker,Blocker,,FLSQVTUPJGNXGP-CVEARBPZSA-N,FLSQVTUPJGNXGP,eval_set_herg_70.csv,,
COc1ccc(C)c2sc(N(Cc3cccnc3)C(=O)c3ccc(C#N)cc3)nc12,Blocker,Blocker,1,SSIMQXGQNYOUGF-UHFFFAOYSA-N,SSIMQXGQNYOUGF,data_herg_dev,CHEMBL601492,
CCS(=O)(=O)Nc1cc(C(=O)OC)ccc1C(=O)OC,Non-blocker,Non-blocker,0,QXJMVVRILWFLCB-UHFFFAOYSA-N,QXJMVVRILWFLCB,PubChem,896631,
CCn1ncc(Cl)c1/C(O)=N/C(=S)Nc1c(C)cc(C)cc1[N+](=O)[O-],Blocker,Blocker,1,PGLDBNZKBZUTOW-UHFFFAOYSA-N,PGLDBNZKBZUTOW,PubChem,5059818,
CC(C)(O)c1ccc(C(CC2=CCC(=O)NC2)c2ccc(OC(F)F)c(OC3CC3)c2)cn1,Non-blocker,Non-blocker,,DSCDJMGSGBHIFV-UHFFFAOYSA-N,DSCDJMGSGBHIFV,eval_set_herg_70.csv,,
Cc1ccc2oc(C(=O)CC#N)c(C)c2c1,Non-blocker,Blocker,1,ZGEGRQZYPNMOMS-UHFFFAOYSA-N,ZGEGRQZYPNMOMS,CUPID,127263150,31335138
COc1ccc(C2CCN(CC[C@H]3CCOc4ccccc43)CC2)cc1OC,Blocker,Blocker,1,UIZPEXQHMIZQPQ-IBGZPJMESA-N,UIZPEXQHMIZQPQ,PubChem,65941,15324906
CNC[C@@H](c1ccc(Cl)c(Cl)c1)[C@@H](OC)c1cccc(NS(=O)(=O)C(F)(F)F)c1,Non-blocker,Blocker,,BXBUTKPGTGJGTQ-YOEHRIQHSA-N,BXBUTKPGTGJGTQ,eval_set_herg_60.csv,,
O[C@@H](CN1CCN(c2cccc(Cl)c2)CC1)C(c1ccccc1)c1ccccc1,Blocker,Blocker,1,QJHCTHPYUOXOGM-DEOSSOPVSA-N,QJHCTHPYUOXOGM,PubChem,11957475,
COc1cccc2c1O[C@]1(C)C[C@H]2NC(=O)N1,Non-blocker,Non-blocker,0,ANNYQLWWOKDEJI-PRHODGIISA-N,ANNYQLWWOKDEJI,PubChem,3661686,
COc1cc(NC(=O)c2nnn(Cc3ccc(CN4CCOCC4)cc3)c2N)ncn1,Non-blocker,Blocker,1,LFXWDAPQKPTLDU-UHFFFAOYSA-N,LFXWDAPQKPTLDU,CUPID,171342782,28844141
CC(=O)NCc1cc2cc(CN3CCOCC3)cc3c(=O)c(C(=O)NCc4ccc(Cl)cc4)cn1c23,Blocker,Blocker,1,BWGDNQKDAHVZHJ-UHFFFAOYSA-N,BWGDNQKDAHVZHJ,CUPID,171354913,37037115
FC(F)(F)c1cc(-n2cc(Cn3ccnc3C3CC3)nn2)ccc1Cl,Blocker,Blocker,1,UULWSVSDBXUUNT-UHFFFAOYSA-N,UULWSVSDBXUUNT,data_herg_dev,,
COc1cc2cncc(Cc3ccc(Cl)cc3)c2cc1OC,Non-blocker,Non-blocker,0,HFQNWJXWPXVHAD-UHFFFAOYSA-N,HFQNWJXWPXVHAD,PubChem,2723768,
Cc1cnc(N2CCN(Cc3ccc4c(c3)[nH]c(=O)c3ccccc34)CC2)n1C,Blocker,Blocker,1,FLTKNCUXYGRLOI-UHFFFAOYSA-N,FLTKNCUXYGRLOI,PubChem,168285710,34570508
Cc1ccc(S(=O)(=O)CC(=O)Nc2sc(C)c(C)c2C(N)=O)cc1,Non-blocker,Non-blocker,0,JCDRATXOOHWATR-UHFFFAOYSA-N,JCDRATXOOHWATR,PubChem,7287189,
CN1CC=CCC(c2cc3ccccc3o2)C1,Non-blocker,Non-blocker,0,LBMMBEDCUJAMIZ-UHFFFAOYSA-N,LBMMBEDCUJAMIZ,data_herg_dev,CHEMBL2326689,
O=C(O)Cc1sc(-c2ccccc2)nc1-c1cccs1,Non-blocker,Non-blocker,0,CDQHUGOFVVCKHQ-UHFFFAOYSA-N,CDQHUGOFVVCKHQ,PubChem,723168,
C[C@H](c1ccncc1)c1c(CCN(C)C)sc2ccccc12,Blocker,Blocker,1,MDTGYTUAMOVSAG-CQSZACIVSA-N,MDTGYTUAMOVSAG,PubChem,11638166,20188547
CC(=O)Nc1cccc(C2CCN(Cc3ccc(C(=O)c4nc5c(F)cc(F)cc5n4-c4ccc(F)cc4)cc3)CC2)c1,Blocker,Blocker,1,NAGSCCRSHRFUSD-UHFFFAOYSA-N,NAGSCCRSHRFUSD,data_herg_dev,CHEMBL3219273,
Cc1occc1C(=O)NNC(=O)c1ccccc1Br,Non-blocker,Non-blocker,0,FNPSLCTXGUGSLA-UHFFFAOYSA-N,FNPSLCTXGUGSLA,PubChem,730167,
C[C@@H](NC(=O)CN1C(=O)NC2(CCCCCC2)C1=O)c1ccccc1Cl,Non-blocker,Non-blocker,0,AWAZSBFKDWDQOI-CYBMUJFWSA-N,AWAZSBFKDWDQOI,PubChem,16304183,
Cc1nn(-c2ccccc2)nc1C(=O)N[C@@H]1COc2cccc(-c3ccncc3)c2C1,Non-blocker,Blocker,1,YQIDSLFXPFOWIF-SFHVURJKSA-N,YQIDSLFXPFOWIF,PubChem,66813703,22832315
CCCCCCCCCCCCn1cc[n+](C)c1.F[P-](F)(F)(F)(F)F,Blocker,Blocker,1,MPHALGYBTKGJEV-UHFFFAOYSA-N,MPHALGYBTKGJEV,data_herg_dev,,10250129
O=C(Nc1ccccn1)c1cccc(S(=O)(=O)N2CCCC2)c1,Non-blocker,Non-blocker,0,HUMLSYVJRNYRLX-UHFFFAOYSA-N,HUMLSYVJRNYRLX,PubChem,768186,
CCc1c(C)c(C#N)c2nc3ccccc3n2c1NC,Non-blocker,Non-blocker,0,DSLDSOQPUFCHSI-UHFFFAOYSA-N,DSLDSOQPUFCHSI,PubChem,779734,
COc1ccc(-c2cnc(C(C)(C)N)[nH]2)cc1,Non-blocker,Non-blocker,,SDCXTUBNZMRVIX-UHFFFAOYSA-N,SDCXTUBNZMRVIX,eval_set_herg_70.csv,,
O=C(Cc1cccs1)Nc1cccc(C(=O)Nc2ccco2)c1,Non-blocker,Blocker,1,VGFUOIZPRCLXSO-UHFFFAOYSA-N,VGFUOIZPRCLXSO,PubChem,976770,
CC(C)(C)CCN1CCC(CNC(=O)C2(c3ccc(F)cc3)CCCCC2)CC1,Blocker,Blocker,1,MAMUSVZGQPEVAS-UHFFFAOYSA-N,MAMUSVZGQPEVAS,CUPID,25130210,18817368
CC(=O)NC(CCN1C2CCC1CC(n1c(C)nc3ccccc31)C2)c1ccccc1,Blocker,Blocker,1,QVXHHQGBOHNEEA-UHFFFAOYSA-N,QVXHHQGBOHNEEA,CUPID,CUPID,
CN1C(=O)c2ccccc2CN2CC[C@H]1C2,Blocker,Blocker,1,LIOWYGGESVHEHU-NSHDSACASA-N,LIOWYGGESVHEHU,data_herg_dev,CHEMBL4747184,
NS(=O)(=O)c1cc2c(cc1C(F)(F)F)NC(Cc1ccccc1)NS2(=O)=O,Blocker,Blocker,,HDWIHXWEUNVBIY-UHFFFAOYSA-N,HDWIHXWEUNVBIY,eval_set_herg_70.csv,,
CCOC(=O)c1sc(NC(=S)/N=C(\O)c2ccccc2)nc1C,Blocker,Blocker,1,QCLUTUKTOMHQHT-UHFFFAOYSA-N,QCLUTUKTOMHQHT,PubChem,782862,
Cc1ccccc1CCl,Non-blocker,Non-blocker,0,VQRBXYBBGHOGFT-UHFFFAOYSA-N,VQRBXYBBGHOGFT,data_herg_dev,,11093
Clc1ccc(-n2c(-c3ccccc3Cl)nc3c(N4CCN(Cc5ccccc5Cl)CC4)ncnc32)cc1,Blocker,Blocker,1,SXOSAVAARDEMIU-UHFFFAOYSA-N,SXOSAVAARDEMIU,data_herg_dev,CHEMBL4225349,
O=C(/C=C/c1ccc2c(c1)CN(S(=O)(=O)C1CC1)C2)NO,Non-blocker,Non-blocker,0,SPQFHJYZFOFTIK-QHHAFSJGSA-N,SPQFHJYZFOFTIK,data_herg_dev,CHEMBL1808628,
COc1ccc2nc(C)cc(Nc3ccccc3O)c2c1,Non-blocker,Blocker,1,XQBRDVAYQUCUCM-UHFFFAOYSA-N,XQBRDVAYQUCUCM,data_herg_dev,CHEMBL1740701,
COc1ccccc1OCC(O)C[N+]1CC[N+](CC(=O)Nc2c(C)cccc2C)CC1,Blocker,Non-blocker,,MHIRFBQJARARKL-UHFFFAOYSA-N,MHIRFBQJARARKL,eval_set_herg_70.csv,,
O=C(Cc1csc(N2CCOCC2)n1)N/N=C/c1ccc(Cl)cc1Cl,Non-blocker,Non-blocker,0,HQSPAFFJTSFACZ-DJKKODMXSA-N,HQSPAFFJTSFACZ,PubChem,6902629,
CCn1c(-c2ccc(OCCCN3CCCCC3)cc2)nc2ccccc2c1=O,Blocker,Blocker,1,STHKIPHGEDOZND-UHFFFAOYSA-N,STHKIPHGEDOZND,CUPID,11689687,18952421
CCCn1c(SCC(=O)N2CCN(C(C)=O)CC2)nc2sc3c(c2c1=O)CCC3,Non-blocker,Blocker,1,DPWHKQAHBSVANZ-UHFFFAOYSA-N,DPWHKQAHBSVANZ,PubChem,24687859,
Cn1c(CCCCN2CC3C[C@]3(c3ccc(C(F)(F)F)cc3)C2)nnc1-c1cccc(C#N)c1,Blocker,Blocker,1,MITOWIYXCNZTDR-NRWPOFLRSA-N,MITOWIYXCNZTDR,data_herg_dev,,
CCN1C(=O)N(CC)[C@H]2NC(=S)N[C@H]21,Non-blocker,Non-blocker,0,SLAZPVUEIVSDMW-OLQVQODUSA-N,SLAZPVUEIVSDMW,PubChem,3796181,
O=C(O)C[C@@H](NC(=O)COc1ccccc1)c1cccc([N+](=O)[O-])c1,Non-blocker,Non-blocker,0,JGHQYBLASGWIQP-OAHLLOKOSA-N,JGHQYBLASGWIQP,PubChem,3913158,
O=C(CCN1C(=O)[C@@H]2CC=CC[C@H]2C1=O)NC1CCCCC1,Non-blocker,Non-blocker,0,INLDBRIWVJVDJZ-ZIAGYGMSSA-N,INLDBRIWVJVDJZ,PubChem,6463520,
O=C(Nc1ncc(F)s1)[C@H](CC1CCOCC1)n1ncc2c(S(=O)(=O)C3CC3)cccc21,Blocker,Blocker,1,VFUKAAVEACENGY-KRWDZBQOSA-N,VFUKAAVEACENGY,data_herg_dev,CHEMBL4083428,
O=C(/C=C/c1ccc(O)c(O)c1)OC1C[C@](O)(C(=O)O)C[C@@H](O)[C@H]1O,Non-blocker,Non-blocker,0,CWVRJTMFETXNAD-VQWGVLBKSA-N,CWVRJTMFETXNAD,data_herg_dev,CHEMBL1419611,
CC(C)(O)C(=O)c1oc2nc(-c3ccccc3Cl)c(-c3ccc(Cl)cc3)cc2c1NC(=O)CO,Blocker,Blocker,1,NLFVFVQFPLEKDA-UHFFFAOYSA-N,NLFVFVQFPLEKDA,CUPID,10028888,20096577
Cc1ccc(NC(=O)c2ccc3c(c2)C[C@H](c2ccc(Cl)cc2)OC3=O)cc1C,Blocker,Blocker,1,WMGRTKLFMHNQKG-JOCHJYFZSA-N,WMGRTKLFMHNQKG,PubChem,16648749,31706639
COc1ccc(C2=CCN(CCNCc3cc(C(C)C)no3)CC2)cc1,Non-blocker,Blocker,1,JXEBIUXHALHKHE-UHFFFAOYSA-N,JXEBIUXHALHKHE,data_herg_dev,,
Cc1nc2ccc(NC3=NCCCCC3)cc2s1,Non-blocker,Non-blocker,0,PEBXETPRCGPURQ-UHFFFAOYSA-N,PEBXETPRCGPURQ,PubChem,6603555,
CS(=O)(=O)NCCC(NC(=O)C1(N)CCN(c2ncnc3[nH]ccc23)CC1)c1ccc(Cl)cc1,Non-blocker,Non-blocker,0,GHETXRUUPUTFCN-UHFFFAOYSA-N,GHETXRUUPUTFCN,data_herg_dev,CHEMBL2325736,
O=C1C[C@@H]2c3c(cccc3CN1Cc1ccccc1F)C[C@@H](O)[C@H]2O,Blocker,Non-blocker,0,FCOTUPXYWHSIHU-MDYRTPRTSA-N,FCOTUPXYWHSIHU,PubChem,44142214,
CCN1CC2(C)CCC(O)C34C5CC6C(OC)CC(O)(C(CC23)C14)C5C6O,Non-blocker,Non-blocker,,HKQZUYOVMYOFIT-UHFFFAOYSA-N,HKQZUYOVMYOFIT,eval_set_herg_70.csv,,
CC(=O)N[C@@H](CC(=O)O)C(=O)O,Non-blocker,Non-blocker,0,OTCCIMWXFLJLIA-BYPYZUCNSA-N,OTCCIMWXFLJLIA,PubChem,65065,
Cc1ccc(-c2cc(C(F)F)nc(NC[C@H]3CCCO3)n2)cc1,Non-blocker,Non-blocker,0,POEJNBCTRBLOCD-CYBMUJFWSA-N,POEJNBCTRBLOCD,PubChem,3244132,
COC(=O)c1cc(Br)c(=O)n(CCN2CCOCC2)c1,Non-blocker,Non-blocker,0,PLNFZVGJBMUUJA-UHFFFAOYSA-N,PLNFZVGJBMUUJA,PubChem,661207,
COc1cc(F)ccc1-c1cnn(Cc2ccn(C)n2)c1,Blocker,Blocker,,MSGIBHWJHGBUEJ-UHFFFAOYSA-N,MSGIBHWJHGBUEJ,eval_set_herg_70.csv,,
O=C1c2ccccc2C(Cc2ccncc2)(Cc2ccncc2)c2ccccc21,Non-blocker,Non-blocker,0,KHJFBUUFMUBONL-UHFFFAOYSA-N,KHJFBUUFMUBONL,data_herg_dev,CHEMBL342375,
CC[C@@H](C)c1ccc(S(=O)(=O)N2CCN(C(=O)COc3ccc4c(C)cc(=O)oc4c3)CC2)cc1,Non-blocker,Non-blocker,0,IDBCFVOKWQXYNE-GOSISDBHSA-N,IDBCFVOKWQXYNE,PubChem,4833562,
Cc1ccc(C(=O)Nc2ccc(C(=O)N/N=C/c3ccccn3)cc2)cc1,Non-blocker,Non-blocker,0,HXMDHVIBYNODHQ-OEAKJJBVSA-N,HXMDHVIBYNODHQ,PubChem,46496230,
CN1C(=O)C=C[C@]2(C)[C@H]3CC[C@]4(C)[C@@H](O)/C(=C/c5cncnc5)C[C@H]4[C@@H]3CC[C@@H]12,Blocker,Blocker,1,GJFAJAHCWGSYHL-GYXROJBQSA-N,GJFAJAHCWGSYHL,PubChem,10287415,19606870
O=C(C1CCCC1)N1CCC(C[C@@H]2CC(c3cccc(Br)c3)=NO2)(C(=O)NCC2CCCCC2)CC1,Non-blocker,Non-blocker,0,ZCTQTMUVKCQADC-VWLOTQADSA-N,ZCTQTMUVKCQADC,PubChem,24820089,
Cc1noc(C)c1CN1CC2CN(CCS(=O)(=O)N(Cc3ccc(C#N)cc3)Cc3c(C)noc3C)CC(C1)O2,Non-blocker,Non-blocker,0,KBHAJPOEOUVFQK-UHFFFAOYSA-N,KBHAJPOEOUVFQK,data_herg_dev,CHEMBL3909019,
CN1C(=O)NC(=O)[C@@]12Cc1ccc(NC(=O)CN3C(=O)C(C)(CC(F)(F)F)OC3c3ccccc3)cc1C2,Non-blocker,Non-blocker,0,PGAKMLYQTULECD-VZTJNBFISA-N,PGAKMLYQTULECD,data_herg_dev,,
O=S(=O)(c1ccccc1F)C1(F)CCN(CCc2ccc(F)cc2F)CC1,Blocker,Blocker,1,ZIUKNCKMMHVPCJ-UHFFFAOYSA-N,ZIUKNCKMMHVPCJ,PubChem,44387733,15993598
COc1ccc(NC(=O)c2cccc(N3C(=O)[C@@H]4[C@@H]5CC[C@@H](C5)[C@@H]4C3=O)c2)cc1,Non-blocker,Non-blocker,0,ZDVNCHVIPKHPLT-YKLJGAPNSA-N,ZDVNCHVIPKHPLT,PubChem,2930631,
COc1cc(-c2nc3n(n2)[C@H](c2cccc(OC)c2OC)C2=C(O)CCC=C2N3)cc(OC)c1OC,Non-blocker,Non-blocker,0,WXTQNNUGVCOEQW-JOCHJYFZSA-N,WXTQNNUGVCOEQW,PubChem,3238390,
COc1ccc(-c2noc(C3=CC4(CCN(C(=O)[C@@H]5CCCN5C)CC4)c4ccccc43)n2)cc1,Blocker,Non-blocker,0,OHIJTSIDKVNZOO-DEOSSOPVSA-N,OHIJTSIDKVNZOO,data_herg_dev,,
Cn1ccc(C[N+]2=CC(c3cccc(C(F)(F)F)c3)C=N2)n1,Blocker,Blocker,,LIHJHFVXLZSRNK-UHFFFAOYSA-N,LIHJHFVXLZSRNK,eval_set_herg_60.csv,,
NC1=NC2(CO1)c1cc(NC(=O)c3ccc(F)cn3)ccc1OCC21CC1,Blocker,Blocker,1,SGURBDAGQXAXNV-UHFFFAOYSA-N,SGURBDAGQXAXNV,data_herg_dev,CHEMBL3703236,
O=C(CCc1ccccc1)c1ccccc1OC[C@H](O)CN1CCN(C(c2ccccc2)c2ccccc2)CC1,Blocker,Blocker,1,YRDBYJNFZJBXNY-WJOKGBTCSA-N,YRDBYJNFZJBXNY,PubChem,19958773,22708838
O=C(COc1ccc(Cl)cc1Cl)NCCSc1ccc(Cl)cc1,Blocker,Non-blocker,0,ZLELNHSWZLCSIM-UHFFFAOYSA-N,ZLELNHSWZLCSIM,PubChem,2278923,
CCOc1ccc(-c2nc(CSCC(=O)NCCN3CCOCC3)c(C)o2)cc1,Non-blocker,Non-blocker,0,PWPWVSKNSIPQJT-UHFFFAOYSA-N,PWPWVSKNSIPQJT,PubChem,3245551,
OC(c1cc(-c2ncnc3cc(N4CCOCC4)ccc23)ccc1Cl)c1ncnc2ccsc12,Non-blocker,Non-blocker,0,SZNBSUDBRGPGNX-UHFFFAOYSA-N,SZNBSUDBRGPGNX,data_herg_dev,,
CN(C)CCCNc1ccc(-c2ccc(F)c(Cl)c2)o1,Blocker,Blocker,1,AERPBVMWPMWINJ-UHFFFAOYSA-N,AERPBVMWPMWINJ,data_herg_dev,CHEMBL4067988,
C[C@@H](NC(=O)c1cccc(Cl)c1)[C@@H]1C[C@@H]2CC[C@H]1C2,Non-blocker,Non-blocker,0,RFRFDCULURPQDK-FJJYHAOUSA-N,RFRFDCULURPQDK,PubChem,4402823,
Nc1ccc2c3c(cccc13)-c1ccccc1-2,Blocker,Non-blocker,,VHGJAFIHUSTRGB-UHFFFAOYSA-N,VHGJAFIHUSTRGB,eval_set_herg_70.csv,,
Cn1ccc(O)c(C#N)c1=O,Non-blocker,Non-blocker,0,JOTXKBDAQVLFAX-UHFFFAOYSA-N,JOTXKBDAQVLFAX,PubChem,54686421,
CCc1cc(/C(C)=N/OCc2ccc(C3CCCCC3)c(C(F)(F)F)c2)ccc1CN1CC(C(=O)O)C1,Blocker,Non-blocker,0,KIHYPELVXPAIDH-HNSNBQBZSA-N,KIHYPELVXPAIDH,data_herg_dev,CHEMBL2336071,
NC(=O)COC(=O)c1cc(Cl)cc(Cl)c1N,Non-blocker,Non-blocker,0,KUWZQLYBZPVLON-UHFFFAOYSA-N,KUWZQLYBZPVLON,PubChem,2389454,
CCCNC[C@@H](O)COc1ccccc1C(=O)CCc1ccccc1,Blocker,Blocker,1,JWHAUXFOSRPERK-GOSISDBHSA-N,JWHAUXFOSRPERK,PubChem,4932,21300721
COc1ccc(-c2cnc(Nc3cnc(C#N)cn3)cc2NC[C@@H]2CNCCO2)cc1,Blocker,Blocker,1,WFWOXOUEEDYSLF-SFHVURJKSA-N,WFWOXOUEEDYSLF,data_herg_dev,CHEMBL4798119,
CO[C@H](C[C@@H](CCCCNCc1ccc(F)cc1)C(=O)NO)c1ccc(F)cc1,Blocker,Blocker,1,SZPWYHRMRFNOHH-WIYYLYMNSA-N,SZPWYHRMRFNOHH,PubChem,54582019,22342144
O=C(NC1CCCCCC1)c1ccc(N2CCCC2=O)cc1,Non-blocker,Non-blocker,0,YWPSYMQPSXAFTK-UHFFFAOYSA-N,YWPSYMQPSXAFTK,PubChem,774210,
Cc1cccnc1CN1CCC2(NC(=O)N(c3ccc(-c4ccccc4)cc3)C2=O)C(C(=O)O)C1,Non-blocker,Non-blocker,,QTFWXVJHEFHBIN-UHFFFAOYSA-N,QTFWXVJHEFHBIN,eval_set_herg_70.csv,,
COc1cc(NC2CN(CCCF)C2)ccc1[C@@H]1c2ccc3[nH]ncc3c2C[C@@H](C)N1CC(F)(F)F,Blocker,Blocker,1,JUMJODAYGHYIAH-CPJLOUKISA-N,JUMJODAYGHYIAH,data_herg_dev,,
O=S1(=O)CCN(c2ccc(Nc3ncc4ccn(-c5ccccn5)c4n3)cc2)CC1,Blocker,Blocker,,IADBDKSADXUIBX-UHFFFAOYSA-N,IADBDKSADXUIBX,eval_set_herg_60.csv,,
Cc1nc(N2CCOCC2)nc(N2CCCCC2)c1[N+](=O)[O-],Non-blocker,Non-blocker,0,GMZKKELVJFEXPW-UHFFFAOYSA-N,GMZKKELVJFEXPW,PubChem,2910762,
COc1cc(N2CCN(C(N)=O)CC2)ccc1Nc1ncc(Cl)c(-c2cnc3ccccn23)n1,Non-blocker,Non-blocker,0,AFEDHDLLXVXFNK-UHFFFAOYSA-N,AFEDHDLLXVXFNK,data_herg_dev,CHEMBL1809067,
O=S(=O)(NCCCCN1CCN(c2noc3ccccc23)CC1)c1cc2ccc(Cl)cc2s1,Blocker,Blocker,1,HVNIAEADLPQYLQ-UHFFFAOYSA-N,HVNIAEADLPQYLQ,data_herg_dev,CHEMBL3289984,
Cc1nc(-c2ccncc2)sc1-c1ccc2cc(CCN3CCC[C@H]3C)ccc2n1,Blocker,Blocker,1,YCFCCUQNGIHNCB-QGZVFWFLSA-N,YCFCCUQNGIHNCB,PubChem,11690171,20457525
O=S(=O)(O)c1cc(/N=[N+](\[O-])c2cc(S(=O)(=O)O)c3ccccc3c2)cc2ccccc12,Non-blocker,Blocker,1,JOYRCGQZVNLGGX-DQRAZIAOSA-N,JOYRCGQZVNLGGX,PubChem,235538,
C[N+]1CCCC1CCOC(C)(c1ccccc1)c1ccc(Cl)cc1,Blocker,Blocker,,OGQHWELSDGZYOF-UHFFFAOYSA-N,OGQHWELSDGZYOF,eval_set_herg_60.csv,,
O=C1/C(=C\c2cc([N+](=O)[O-])ccc2O)SC(=S)N1Cc1ccc(Cl)cc1,Non-blocker,Non-blocker,0,PQXPUDSXKHSHBY-OVCLIPMQSA-N,PQXPUDSXKHSHBY,PubChem,24761624,
OC(c1cn2ccsc2n1)c1cc(-c2ncnc3cc(N4CCOCC4)ccc23)c(F)cc1F,Non-blocker,Non-blocker,,IHQLBTUWFJZXJZ-UHFFFAOYSA-N,IHQLBTUWFJZXJZ,eval_set_herg_70.csv,,
COC(=O)CN1Cc2c(nc(C)c(CN)c2-c2ccc(Cl)cc2Cl)C1=O,Non-blocker,Non-blocker,0,ZPJLWUGRTVIDEI-UHFFFAOYSA-N,ZPJLWUGRTVIDEI,data_herg_dev,CHEMBL1910111,
CC(=O)N1CCc2nc(-c3ccc(OCCCN4CCC[C@H]4C)cc3)sc2C1,Blocker,Blocker,,BVHNVGSFGLCREV-MRXNPFEDSA-N,BVHNVGSFGLCREV,eval_set_herg_60.csv,,
Cc1cc(C)c(S(=O)(=O)c2ccccc2)c(OC(=O)c2c(F)cccc2Cl)n1,Non-blocker,Blocker,1,SUEWOMDHUSXHMK-UHFFFAOYSA-N,SUEWOMDHUSXHMK,PubChem,1478961,
C[C@@H]1NC(c2nccc(C#N)n2)=N[C@@]1(c1ccc(F)cc1)c1ccc(F)nc1,Blocker,Blocker,1,GDRBAUSWIPELRB-YUNKPMOVSA-N,GDRBAUSWIPELRB,data_herg_dev,CHEMBL491567,
O=C1NCCN1CC[N+]1CCC(c2cn(-c3ccccc3)c3ccc(Cl)cc23)CC1,Non-blocker,Non-blocker,0,DHLDMHOAJSWAPZ-UHFFFAOYSA-N,DHLDMHOAJSWAPZ,data_herg_dev,,
O=C1CN(CCc2ccc(F)cc2)CCN1[C@H]1CCc2cc(CNCC(F)(F)F)ccc2C1,Non-blocker,Blocker,1,BZZAXSZUWDZRBM-QHCPKHFHSA-N,BZZAXSZUWDZRBM,data_herg_dev,CHEMBL216103,
C=C[C@]1(C)C[C@@H](OC(=O)COc2ccc3c(c2F)B(O)OC3)[C@]2(C)[C@H](C)CC[C@]3(CCC(=O)[C@H]32)[C@@H](C)[C@@H]1O,Blocker,Non-blocker,0,WQVDRQUAJNEZSV-PTUZOVCBSA-N,WQVDRQUAJNEZSV,data_herg_dev,CHEMBL4535824,
O=c1c2ccc(Cl)cc2nc(-c2cccc(C(F)(F)F)c2)n1O,Blocker,Blocker,1,WLMYZFDFXUHTHH-UHFFFAOYSA-N,WLMYZFDFXUHTHH,PubChem,3784439,
O=C(O)c1ccc(-n2nc(-c3ccccc3O)nc2-c2ccccc2O)cc1,Non-blocker,Non-blocker,0,BOFQWVMAQOTZIW-UHFFFAOYSA-N,BOFQWVMAQOTZIW,data_herg_dev,CHEMBL550348,
COC(=O)c1ccc2nc(NC(=O)C(C)(C)C)sc2c1,Blocker,Non-blocker,0,MZEDGLINFNOBRO-UHFFFAOYSA-N,MZEDGLINFNOBRO,PubChem,4461872,
Cl.Cl.FCCOc1ccc(CCN2CCN(CCc3ccccc3)CC2)cc1,Blocker,Blocker,1,LDSQHAOZFBJFNQ-UHFFFAOYSA-N,LDSQHAOZFBJFNQ,data_herg_dev,CHEMBL4206313,
Cc1ccc(SCCC(=O)OCC(=O)Nc2ccc(C(N)=O)cc2)cc1,Non-blocker,Non-blocker,0,HSXFAUUWXIXBBV-UHFFFAOYSA-N,HSXFAUUWXIXBBV,PubChem,2583621,
O=c1cnc2ccc(F)c3c2n1C[C@H]3CN1CCC(NCc2cc3c(nn2)OCCO3)CC1,Non-blocker,Non-blocker,0,FZGJMHRVDWQTDA-CQSZACIVSA-N,FZGJMHRVDWQTDA,data_herg_dev,CHEMBL3794265,
Cn1c(SCCCN2CCc3ccc4oc(C(F)(F)F)nc4c3CC2)nnc1-c1ccccc1,Blocker,Blocker,1,PMOFOATUAABMTD-UHFFFAOYSA-N,PMOFOATUAABMTD,PubChem,11641641,18178090
COc1cc2c(cc1OC)[C@@H](Cc1ccc(Oc3cc(C[C@@H]4c5cc(OC)c(OC)cc5CCN4C)ccc3O)cc1)N(C)CC2,Blocker,Non-blocker,0,AQASRZOCERRGBL-ROJLCIKYSA-N,AQASRZOCERRGBL,data_herg_dev,CHEMBL442717,
COc1ccc(-c2nnc(C(=O)N3CCC(Oc4ccc(CN5CCCC5)cn4)CC3)o2)cc1,Non-blocker,Non-blocker,0,UICGRIRUICYDHQ-UHFFFAOYSA-N,UICGRIRUICYDHQ,data_herg_dev,CHEMBL3785819,
CNCc1cc(C(=O)N[C@@H]2CCc3ccc(Oc4ccnc5c4CCC(=O)N5)cc3C2)cc(C(F)(F)F)c1.Cl.Cl,Blocker,Blocker,1,HKTUVWLGNTVHIH-GHVWMZMZSA-N,HKTUVWLGNTVHIH,data_herg_dev,CHEMBL3764238,
Cc1nc2ccccn2c1-c1ccc2cc(CCN3CCC[C@H]3C)ccc2n1,Blocker,Blocker,1,KOLWUEPBLSFTTN-QGZVFWFLSA-N,KOLWUEPBLSFTTN,PubChem,11710453,20457525
OC(c1ccc(F)c(-c2ncnc3cc(N4CCOCC4)ccc23)c1)c1nccnc1N1CCCC1,Non-blocker,Non-blocker,0,GPLAQASQYVIJRV-UHFFFAOYSA-N,GPLAQASQYVIJRV,data_herg_dev,,
C=C(C)C(=O)[O-].CCCC[Sn+](CCCC)CCCC,Non-blocker,Blocker,,LPUCKLOWOWADAC-UHFFFAOYSA-M,LPUCKLOWOWADAC,eval_set_herg_70.csv,,
CCNC(=O)NC(=O)COC(=O)c1ccccc1SCC(=O)NC(=O)NCC,Non-blocker,Non-blocker,0,IWTGDPQQVJFJHY-UHFFFAOYSA-N,IWTGDPQQVJFJHY,PubChem,2999311,
O=C(CSc1nc[nH]n1)Nc1ccc(Br)cc1Br,Non-blocker,Non-blocker,0,HTALSKNIUDJXRH-UHFFFAOYSA-N,HTALSKNIUDJXRH,PubChem,5074820,
COC(=O)c1c(NC(=O)c2ccc(C)cc2)csc1C,Non-blocker,Non-blocker,0,QESSUXRKIAMOIU-UHFFFAOYSA-N,QESSUXRKIAMOIU,PubChem,2808343,
C[N+](C)CCC(c1ccc(Cl)cc1)c1ccccn1,Non-blocker,Non-blocker,,SLLJGKSNGCFBSH-UHFFFAOYSA-N,SLLJGKSNGCFBSH,eval_set_herg_70.csv,,
COc1ccc(OCCNCCCF)c(F)c1[C@@H]1c2[nH]c3ccccc3c2C[C@@H](C)N1CC1(F)COC1,Blocker,Blocker,1,FOIDHVYAXXYCBP-DNOBIOAJSA-N,FOIDHVYAXXYCBP,PubChem,135343534,
CC(C)N(Cc1ccc(Cl)c(Cl)c1)CC1CNC1,Blocker,Blocker,1,IXTZOBZLUDHBTK-UHFFFAOYSA-N,IXTZOBZLUDHBTK,CUPID,118713801,25221656
O=C(C1=C(O)C(=O)N(CCOCCO)[C@H]1c1ccccn1)c1ccccc1,Non-blocker,Non-blocker,0,CDKVKCXIQNIWFP-KRWDZBQOSA-N,CDKVKCXIQNIWFP,PubChem,5878100,
Cc1c(C(=O)Nc2ccc([C@H]3CNCCO3)cc2)n[nH]c1-c1ccccc1,Non-blocker,Non-blocker,,YXMBEECTJRWXGW-GOSISDBHSA-N,YXMBEECTJRWXGW,eval_set_herg_70.csv,,
COC(=O)N[C@H](C(=O)N[C@@H](Cc1ccccc1)[C@@H](O)CN(Cc1ccc(-c2ccccn2)cc1)NC(=O)[C@@H](NC(=O)OC)C(C)(C)C)C(C)(C)C,Blocker,Blocker,,AXRYRYVKAWYZBR-GASGPIRDSA-N,AXRYRYVKAWYZBR,eval_set_herg_60.csv,,
Cc1ccc2c(c1)C=CC(C)(C)[S@]2=O,Non-blocker,Non-blocker,0,OWRDGESCAWHHGA-AWEZNQCLSA-N,OWRDGESCAWHHGA,PubChem,4143337,
Cc1nn(-c2cc(N3CCCC3)ccc2[N+](=O)[O-])c(=O)c2ccccc12,Non-blocker,Non-blocker,0,ZVTUYYJGQBTYGB-UHFFFAOYSA-N,ZVTUYYJGQBTYGB,PubChem,3567095,
CN[C@@H]1Cc2cccc3[nH]c(=O)n(c23)C1,Non-blocker,Blocker,,RKZSNTNMEFVBDT-MRVPVSSYSA-N,RKZSNTNMEFVBDT,eval_set_herg_60.csv,,
COC(=O)c1coc(CN2CCN(C(=O)CC(c3ccc(F)cc3)c3ccc(C(F)(F)F)cc3)CC2)n1,Blocker,Blocker,1,HJROKBCQCPEPDY-UHFFFAOYSA-N,HJROKBCQCPEPDY,CUPID,CUPID,
Fc1ccc(C(OCC[N+]2CC[N+](CCCc3ccccc3)CC2)c2ccc(F)cc2)cc1,Blocker,Blocker,,RRNCWJLZTRYGBP-UHFFFAOYSA-N,RRNCWJLZTRYGBP,eval_set_herg_70.csv,,
COc1ccc(CCNC(=O)c2ccc(OCCC(F)(F)F)nc2)c(-c2cnc(OC)nc2)c1,Blocker,Blocker,1,XRYVLNSTGGEKSW-UHFFFAOYSA-N,XRYVLNSTGGEKSW,CUPID,71460099,22939696
CCN(Cc1ccccc1)S(=O)(=O)c1c(N)n(C)c(=O)n(C)c1=O,Non-blocker,Non-blocker,0,NUZYIBUNCULSLE-UHFFFAOYSA-N,NUZYIBUNCULSLE,PubChem,7197638,
O=C(CC(=O)c1ccccc1)O[C@H]1CN2CCC1CC2,Blocker,Blocker,1,IIAUBPLJCDXVKI-HNNXBMFYSA-N,IIAUBPLJCDXVKI,PubChem,416907,
O=C(O)C=C(CC(=O)O)C(=O)O,Non-blocker,Non-blocker,0,GTZCVFVGUGFEME-UHFFFAOYSA-N,GTZCVFVGUGFEME,PubChem,309,
O=C(OCC(=O)N1CCCC1)c1ccc(NS(=O)(=O)c2cccs2)cc1O,Non-blocker,Non-blocker,0,DSEXYNPNHNCFIC-UHFFFAOYSA-N,DSEXYNPNHNCFIC,PubChem,2362329,
CC1(C)Cc2cccc(CN3CCC4(CC3)CCN(C(=O)c3ncccc3N)CC4)c2O1,Non-blocker,Blocker,1,QYNQDAFXODBCAX-UHFFFAOYSA-N,QYNQDAFXODBCAX,PubChem,45483913,19954248
COc1cccc2[nH]c(-c3nc(N[C@@H]4CCOC[C@@H]4N)cnc3C(N)=O)cc12,Blocker,Non-blocker,0,HVQAATXUCFUOMV-WCQYABFASA-N,HVQAATXUCFUOMV,data_herg_dev,CHEMBL3415610,
O[C@H]1Cc2ccccc2[C@]2(CC[C@@H](N3CCN(C4CCCCC4)CC3)CC2)O1,Blocker,Blocker,1,FLCVJBOJFYGFGM-GMKZXUHWSA-N,FLCVJBOJFYGFGM,PubChem,145954168,30350997
NC(=S)N/N=C1\C[C@H](c2ccc3c(c2)OCCO3)Oc2ccc(F)cc21,Non-blocker,Non-blocker,0,PJMFWFQNKWVXOR-WMRWHDLOSA-N,PJMFWFQNKWVXOR,PubChem,9665157,
Cc1ccc(NC(=O)c2ccc(CN3CCN(C)CC3)cc2)cc1Nc1nccc(-c2cccnc2)n1,Blocker,Non-blocker,,KTUFNOKKBVMGRW-UHFFFAOYSA-N,KTUFNOKKBVMGRW,eval_set_herg_60.csv,,
N#C[C@@H]1CCCN1C(=O)[C@@H]1CN(C2CCOc3ccccc32)C[C@@H]1N,Non-blocker,Non-blocker,,GKUBXAODDPGLFL-FZVDNZMDSA-N,GKUBXAODDPGLFL,eval_set_herg_60.csv,,
CC(C)c1nccn1Cc1cn(-c2ccc(F)c(C(F)F)c2)nn1,Blocker,Blocker,1,RHCWEINUWQCGDI-UHFFFAOYSA-N,RHCWEINUWQCGDI,data_herg_dev,,
Cc1sc2[nH]cnc(=S)c2c1-c1ccccc1,Blocker,Blocker,1,XVFUNHMIQYBYJF-UHFFFAOYSA-N,XVFUNHMIQYBYJF,PubChem,711186,
N#Cc1cccc2c1ncn2-c1ccc(C(=O)NC2CC2)s1,Non-blocker,Non-blocker,0,BTSBOPUPCYDVAJ-UHFFFAOYSA-N,BTSBOPUPCYDVAJ,data_herg_dev,,
O=C(C[C@@H](Sc1nc(-c2ccccc2)n[nH]1)c1ccccc1)NCc1ccccc1,Non-blocker,Non-blocker,0,LLBHQKGAELZPKL-OAQYLSRUSA-N,LLBHQKGAELZPKL,PubChem,2984275,
C[C@H]1CN([C@@H](C)CO)C(=O)c2cc(Br)cnc2O[C@H]1CN(C)S(=O)(=O)c1ccccc1F,Non-blocker,Non-blocker,0,PBPZNDJOSVZXCB-DEYYWGMASA-N,PBPZNDJOSVZXCB,PubChem,46903813,
Cn1ncc(Cl)c1-c1cc(C(=O)N[C@@H]2CN[C@H](CCN3CCOCC3)C[C@H]2c2ccc(Cl)c(Cl)c2)oc1Cl,Blocker,Blocker,1,PVQVMMRCGGHHCH-HYFFOGBASA-N,PVQVMMRCGGHHCH,data_herg_dev,CHEMBL4450403,
O=c1c(O)c(-c2ccc(O)cc2O)oc2cc(O)cc(O)c12,Non-blocker,Blocker,1,YXOLAZRVSSWPPT-UHFFFAOYSA-N,YXOLAZRVSSWPPT,PubChem,18542136,
CCN1CC2(COC)CCC(O)C34C5CC6C(OC)CC(O)(C5C6O)C(C(O)C23)C14,Non-blocker,Non-blocker,,FNRMXORIKJLSGX-UHFFFAOYSA-N,FNRMXORIKJLSGX,eval_set_herg_70.csv,,
Cl.Nc1ccc(Nc2ccccc2)cc1,Non-blocker,Non-blocker,,PNEVDCGZQWFIKV-UHFFFAOYSA-N,PNEVDCGZQWFIKV,eval_set_herg_70.csv,,
CC(=O)N1CCN(C(=O)c2cc(-c3cccc4ccccc34)nc3ccccc23)CC1,Non-blocker,Non-blocker,0,WOKRPEOZZTXUSE-UHFFFAOYSA-N,WOKRPEOZZTXUSE,PubChem,24818217,
CN(C)CCC[C@@H]1c2ccccc2Oc2ccc(C(F)(F)F)cc21,Blocker,Blocker,1,WRNDGAGUUNVEEO-CQSZACIVSA-N,WRNDGAGUUNVEEO,PubChem,30996,
CCOC(=O)[C@H]1C(=O)C[C@@](C)(O)[C@H](C(=O)OCC)[C@H]1c1ccc(SC)cc1,Non-blocker,Non-blocker,0,LYAQGMNUNZHKRV-OGNFBWPZSA-N,LYAQGMNUNZHKRV,PubChem,2940153,
Fc1ccc(-n2cc(Cc3cc[nH]n3)nn2)cc1C(F)F,Blocker,Blocker,,XCUYCJFGWDLGRI-UHFFFAOYSA-N,XCUYCJFGWDLGRI,eval_set_herg_60.csv,,
O=C(Nc1ccccc1)c1[nH]c2cc(F)ccc2c1[C@@H]1CNCC[C@H]1F,Blocker,Blocker,1,WSWLUEDPQUZWSK-HZPDHXFCSA-N,WSWLUEDPQUZWSK,PubChem,10522146,11334570
Cc1cc2nc3c(c(C(F)(F)F)n2n1)CCCC3,Non-blocker,Non-blocker,0,KVIBKWFEGFHKPH-UHFFFAOYSA-N,KVIBKWFEGFHKPH,PubChem,754722,
C[C@@H]1NC(c2nccs2)=N[C@@]1(c1ccc(F)cc1)c1ccc(F)nc1,Blocker,Blocker,1,IFOMXEHIJYZJDJ-VOJFVSQTSA-N,IFOMXEHIJYZJDJ,data_herg_dev,CHEMBL489732,
CC(=O)NCCc1ccccc1-c1onc([C@H]2CNCC[C@]2(O)c2ccc(F)c(F)c2)c1C(C)=O,Non-blocker,Non-blocker,0,RZUAZHYCHPHTPG-IBVKSMDESA-N,RZUAZHYCHPHTPG,data_herg_dev,CHEMBL2017107,
COc1cc(C(c2cc3cc(Br)ccc3nc2OC)C(O)(CCN(C)C)c2cccc(F)c2)cnc1OC,Blocker,Blocker,1,WPESJVVJFUKWOM-UHFFFAOYSA-N,WPESJVVJFUKWOM,CUPID,CUPID,
OCN(c1ccc(Cl)c(Cl)c1)C1CCNCC1,Non-blocker,Non-blocker,,FTCCTZDPHBMTGN-UHFFFAOYSA-N,FTCCTZDPHBMTGN,eval_set_herg_70.csv,,
Cc1c(CN(C)C[C@H](O)c2ccc(O)cc2)sc2c(=O)c(C(=O)NCc3ccc(Cl)cc3)cn(C)c12,Blocker,Blocker,1,LJNTWCVADOVPNJ-QFIPXVFZSA-N,LJNTWCVADOVPNJ,PubChem,10289450,37037115
O=C(Nc1ccc(F)c(Cl)c1)N(CCN1CCCC1)C1CC=C(c2cncnc2)CC1,Blocker,Blocker,1,QTHAOPAVXYHZRO-UHFFFAOYSA-N,QTHAOPAVXYHZRO,data_herg_dev,CHEMBL229348,
CCCN(C(=O)c1ccccc1SC)[C@H]1CCNC1,Non-blocker,Non-blocker,0,BBNHSIZBHGYEBG-LBPRGKRZSA-N,BBNHSIZBHGYEBG,data_herg_dev,CHEMBL549509,
C[NH+](C)CCC(c1ccc(Cl)cc1)c1ccccn1,Blocker,Non-blocker,,SOYKEARSMXGVTM-UHFFFAOYSA-O,SOYKEARSMXGVTM,eval_set_herg_70.csv,,
CCOc1ccc(CN2CCNC(=O)[C@H]2CC(=O)N(C)CC2CCOCC2)cc1,Non-blocker,Non-blocker,0,WIZMDCQMBSVJMT-HXUWFJFHSA-N,WIZMDCQMBSVJMT,PubChem,24791736,
CS(=O)(=O)Nc1ccc(OCC(=O)N2CCN(c3ccc(Cl)c(Cl)c3)CC2)cc1,Non-blocker,Blocker,,FQRJEVZKXXYICG-UHFFFAOYSA-N,FQRJEVZKXXYICG,eval_set_herg_60.csv,,
CC(C)OC(=O)C1=CN(C(=O)c2ccc(OCCN3CCOCC3)cc2)CC(C)(C)c2c1[nH]c1cc(F)ccc21,Blocker,Non-blocker,0,MQJXATYHWGVGKI-UHFFFAOYSA-N,MQJXATYHWGVGKI,data_herg_dev,CHEMBL601221,
COc1cc(NC(=O)c2ccccc2)c(OC)cc1NC(=O)Cc1ccc(F)cc1,Non-blocker,Non-blocker,0,PWLPIGBGDXRUFT-UHFFFAOYSA-N,PWLPIGBGDXRUFT,PubChem,1318371,
Cc1ccc(OCc2nnc(N)s2)cc1C,Non-blocker,Non-blocker,0,FUGZFUYAEFQGEK-UHFFFAOYSA-N,FUGZFUYAEFQGEK,PubChem,685559,
CC(C)C[C@@H](NS(=O)(=O)c1ccc2c(c1)oc(=O)n2C)C(=O)NCc1cccnc1,Non-blocker,Non-blocker,0,DDCQCKZBSJRRSG-MRXNPFEDSA-N,DDCQCKZBSJRRSG,PubChem,5307698,
CN(C)C(=O)COc1ccc2c(c1)C[C@@H](NC[C@H](O)c1ccc(O)c(CCO)c1)CC2,Blocker,Blocker,,OANCEOSLKSTLTA-REWPJTCUSA-N,OANCEOSLKSTLTA,eval_set_herg_60.csv,,
CC(C)N(C(=O)SCC(Cl)=C(Cl)Cl)C(C)C,Non-blocker,Non-blocker,,MWBPRDONLNQCFV-UHFFFAOYSA-N,MWBPRDONLNQCFV,eval_set_herg_70.csv,,
COc1ccc(NC(=O)CSc2nncc3ccccc23)cc1,Non-blocker,Non-blocker,0,KGWGLCOFQYSYJE-UHFFFAOYSA-N,KGWGLCOFQYSYJE,PubChem,6407673,
CCN(CC(=O)Nc1ccc(NC(C)=O)cc1)C(=O)C1=NN(c2cc(C)ccc2C)C(=O)CC1,Non-blocker,Non-blocker,0,RWVJFNBJFAEPAH-UHFFFAOYSA-N,RWVJFNBJFAEPAH,PubChem,24687314,
CCOc1ccc(NC(=O)c2ccc3c(c2)CCN3S(C)(=O)=O)cc1,Non-blocker,Blocker,1,GXNSLDYOGYMHFQ-UHFFFAOYSA-N,GXNSLDYOGYMHFQ,PubChem,1085725,
CN(C)CCCNC(=O)c1cc(C(=O)c2ccccc2)c[nH]1,Non-blocker,Non-blocker,0,HGIOFYMWMGDEDF-UHFFFAOYSA-N,HGIOFYMWMGDEDF,PubChem,3371526,
CC[C@@H](NCCCC[C@H](C[C@@H](OC)c1ccc(F)cc1)C(=O)NO)c1ccc(F)cc1,Blocker,Blocker,1,BPGDVHWVHMDFBK-UEVCKROQSA-N,BPGDVHWVHMDFBK,PubChem,57345502,22342144
O=C1Oc2cc(O)ccc2[C@@H]2c3sc(=O)[nH]c3S[C@@H](C(=O)O)[C@@H]12,Non-blocker,Non-blocker,0,XLLALKBLIJIEGD-OYNCUSHFSA-N,XLLALKBLIJIEGD,PubChem,4615770,
COC(=O)c1cn(CCN2CCC3(CC2)COC2c4cc(Cl)ccc4OC(C)(C)C2C3)cn1,Blocker,Blocker,1,RSMRKIUARWCFHX-UHFFFAOYSA-N,RSMRKIUARWCFHX,data_herg_dev,,
COC(=O)C1=C(C)NC(COC(N)=O)=C(C(=O)OC(C)C)C1c1cccc(Cl)c1Cl,Blocker,Non-blocker,0,WTOVRSWDBLIFHU-UHFFFAOYSA-N,WTOVRSWDBLIFHU,data_herg_dev,,65953
COc1ccc(-c2csc(N[C@H](C)c3nc4cc(Cl)c(N5CCCCC5)cc4n3CCOCCO)n2)cc1,Non-blocker,Non-blocker,0,WMEPUTKYSBZXIA-LJQANCHMSA-N,WMEPUTKYSBZXIA,PubChem,23724087,
Cn1nccc1[C@H]1CCCC[C@@H]1Oc1cc(F)c(S(=O)(=O)Nc2ncns2)cc1F,Non-blocker,Non-blocker,0,NCYAOGNZTIDLCT-ABAIWWIYSA-N,NCYAOGNZTIDLCT,data_herg_dev,CHEMBL4642571,
COc1cncnc1C(O)c1cc(-c2ncnc3cc(N4CCOCC4)ccc23)c(F)cc1F,Non-blocker,Non-blocker,0,MYZXVIJFUGZRRE-UHFFFAOYSA-N,MYZXVIJFUGZRRE,data_herg_dev,,
Cc1cc(Cn2cc(-c3ccc(F)c(C(F)F)c3)cn2)[nH]n1,Blocker,Blocker,,MACPRACNPYALGP-UHFFFAOYSA-N,MACPRACNPYALGP,eval_set_herg_70.csv,,
COC(=O)C1C(O)CC2CCC1[N+]2C,Blocker,Non-blocker,,NRQSZGRFSAAGML-UHFFFAOYSA-N,NRQSZGRFSAAGML,eval_set_herg_60.csv,,
COc1ccc(S(=O)(=O)N2CCN(Cc3cccnc3)CC2)cc1,Non-blocker,Non-blocker,0,GPSRTHRZQOONCJ-UHFFFAOYSA-N,GPSRTHRZQOONCJ,PubChem,828758,
Cc1nc(N2CCC3(CCN(CC(O)c4ccc5c(c4C)COC5=O)CC3)C2)ccc1S(C)(=O)=O,Blocker,Blocker,1,HRBREEFPWISDOT-UHFFFAOYSA-N,HRBREEFPWISDOT,PubChem,CUPID,
N#Cc1c(O)nc(SCC(=O)Nc2nnc(C(F)(F)F)s2)nc1-c1ccccc1,Non-blocker,Non-blocker,0,CQEQGGXCAPZJAB-UHFFFAOYSA-N,CQEQGGXCAPZJAB,PubChem,135455188,
NC(=O)C1(N2CCCCC2)CCN(C(=O)CSc2nc3ccccc3s2)CC1,Non-blocker,Non-blocker,0,ZVCWSVGBOGFIQK-UHFFFAOYSA-N,ZVCWSVGBOGFIQK,PubChem,1298712,
Sc1nc(-c2ccccc2)nc2ccccc12,Blocker,Blocker,1,GJELWRJKAIJFJN-UHFFFAOYSA-N,GJELWRJKAIJFJN,PubChem,838258,
C[C@H]1C[C@H]2CSC(N)=N[C@@]2(c2ncc(NC(=O)c3ccc(OC(F)F)cn3)s2)CO1,Blocker,Non-blocker,0,HOPJKOABRBTADP-RAALSFIWSA-N,HOPJKOABRBTADP,data_herg_dev,CHEMBL4574502,
Cn1c(-c2ccc(OC3CCN(C4CCC4)CC3)cc2)nc2c(Cl)cccc2c1=O,Blocker,Blocker,1,LMTYPQWFGWYHMH-UHFFFAOYSA-N,LMTYPQWFGWYHMH,PubChem,11618702,18952421
Nc1nc(SCc2ccccc2[N+](=O)[O-])c2ncn(Cc3ccccc3)c2n1,Non-blocker,Non-blocker,0,AMIPVQPVVMSVTB-UHFFFAOYSA-N,AMIPVQPVVMSVTB,PubChem,238854,
O=c1ccc(C(O)c2cc(-c3ncnc4cc(N5CCOCC5)ccc34)c(F)cc2Cl)n[nH]1,Non-blocker,Non-blocker,0,ZSRQBRZKAGNETG-UHFFFAOYSA-N,ZSRQBRZKAGNETG,data_herg_dev,,
O=C1c2nc3cccc(-c4ccc(F)cc4)c3n2CCN1CC1CC1,Blocker,Blocker,1,OHLNCNITYGSIRH-UHFFFAOYSA-N,OHLNCNITYGSIRH,PubChem,166630020,34080424
N=C(N)SCCc1ccc(OCc2ccc([N+](=O)[O-])cc2)cc1,Non-blocker,Blocker,,UMJUNUMSJDTYTM-UHFFFAOYSA-N,UMJUNUMSJDTYTM,eval_set_herg_60.csv,,
Cc1nc(-c2ccncn2)sc1-c1ccc2cc(CCN3CCCC3C)ccc2n1,Blocker,Blocker,1,BMAZBQNHCLYCIG-UHFFFAOYSA-N,BMAZBQNHCLYCIG,data_herg_dev,,
CCOC(=O)c1cnn(-c2nc(SC)nc3sc4c(c23)CCC4)c1N,Non-blocker,Non-blocker,0,KJBYQUWXTYDNMT-UHFFFAOYSA-N,KJBYQUWXTYDNMT,PubChem,1256937,
Cc1ccc(S(=O)(=O)N2CCN(S(=O)(=O)c3ccccc3Br)C2=O)cc1,Non-blocker,Non-blocker,0,JKEDRNRFZKNPIC-UHFFFAOYSA-N,JKEDRNRFZKNPIC,PubChem,44602022,
CC(=O)[O-].c1ccc([Pb+](c2ccccc2)c2ccccc2)cc1,Blocker,Blocker,,UXLLXTLQVAJJIB-UHFFFAOYSA-M,UXLLXTLQVAJJIB,eval_set_herg_70.csv,,
O=C1c2ccc(-c3ccncc3)cc2CCN1CCN1CCCC1,Blocker,Blocker,1,OYOUUSCAVHSQKA-UHFFFAOYSA-N,OYOUUSCAVHSQKA,data_herg_dev,CHEMBL2031865,
CCCC1=C(C(=O)OCC)[C@@H](c2ccccc2OC)NC(=O)N1,Non-blocker,Non-blocker,0,NLJKGRUBOHZKHG-OAHLLOKOSA-N,NLJKGRUBOHZKHG,PubChem,2866963,
Fc1ccc(-c2cnn(Cc3ccn[nH]3)c2)cc1OC(F)F,Blocker,Non-blocker,,LHMLJRCNGQZNHL-UHFFFAOYSA-N,LHMLJRCNGQZNHL,eval_set_herg_70.csv,,
C[C@H](CS)C(=O)N1CCC[C@H]1C(=O)O,Non-blocker,Non-blocker,,FAKRSMQSSFJEIM-RQJHMYQMSA-N,FAKRSMQSSFJEIM,eval_set_herg_60.csv,,
O=C(O)COc1nc(Cl)c(Cl)cc1Cl,Non-blocker,Non-blocker,0,REEQLXCGVXDJSQ-UHFFFAOYSA-N,REEQLXCGVXDJSQ,PubChem,41428,
CCNC1=N[C@H]2[C@H](O[C@H](CF)[C@@H](O)[C@@H]2O)S1,Non-blocker,Non-blocker,0,KVPVVYPYFJXXOJ-FMDGEEDCSA-N,KVPVVYPYFJXXOJ,data_herg_dev,CHEMBL4543991,
Cc1cccc(Cn2nc(C)c3c(NC(=O)c4csc5c(N)ncnc45)cccc32)n1,Non-blocker,Non-blocker,0,KZVIZFHCMVWFNT-UHFFFAOYSA-N,KZVIZFHCMVWFNT,data_herg_dev,CHEMBL4483816,
Cc1cc(C)n(C(=O)CSc2nc3ccccc3o2)n1,Non-blocker,Non-blocker,0,CLJVWENMJSPRNG-UHFFFAOYSA-N,CLJVWENMJSPRNG,PubChem,658327,
COc1cc2nc(N(C)CCCNC(=O)C3CCCO3)nc(C)c2cc1OC,Non-blocker,Non-blocker,0,TXBBUZOFVGAXEG-UHFFFAOYSA-N,TXBBUZOFVGAXEG,data_herg_dev,CHEMBL1671906,
COc1cccc(CN2CCCCCCC2)c1OCc1csc(-c2ccc(Cl)cc2)n1,Blocker,Blocker,1,UNPJHTCCHUDIIF-UHFFFAOYSA-N,UNPJHTCCHUDIIF,PubChem,44402597,15878274
Clc1ccc(Oc2nnnn2-c2ccccc2)cc1,Non-blocker,Non-blocker,0,JXAGPFSGJKRKBY-UHFFFAOYSA-N,JXAGPFSGJKRKBY,PubChem,718858,
Cc1ccc(S(=O)(=O)N2CCN(C(=S)NCCc3ccccc3)CC2)cc1,Non-blocker,Non-blocker,0,STSABBCCWFEARJ-UHFFFAOYSA-N,STSABBCCWFEARJ,PubChem,2450652,
Fc1cccc(/C=N/Nc2ccc3ccccc3n2)c1,Non-blocker,Blocker,1,OXOWRQJOJPMAHC-WOJGMQOQSA-N,OXOWRQJOJPMAHC,PubChem,9670202,
Cc1ccc(C)c(NC(=O)CN(C)C(=O)COc2ccc3ccccc3c2)c1,Non-blocker,Non-blocker,0,QGYUHIXUDPQIAD-UHFFFAOYSA-N,QGYUHIXUDPQIAD,PubChem,2517679,
N#Cc1ccc(S(=O)(=O)NCCN2CC3CN(CCOc4ccc(F)cc4)CC(C2)O3)cc1,Non-blocker,Non-blocker,0,AZGMGXKJNFPTTM-UHFFFAOYSA-N,AZGMGXKJNFPTTM,data_herg_dev,CHEMBL3915182,
CN(C(=O)N1CC(c2cc(F)ccc2F)=C[C@H]1c1ccccc1)C1CCNCC1,Blocker,Blocker,1,NKLVBHMAIMEVEH-QFIPXVFZSA-N,NKLVBHMAIMEVEH,PubChem,11675645,16439123
Cc1ccc(C(=O)C2CCN(CCc3ccccc3)CC2)cc1,Blocker,Blocker,1,GRKDZYMEZWUTJF-UHFFFAOYSA-N,GRKDZYMEZWUTJF,data_herg_dev,,
Fc1ccc(-n2cc(NCCN3CCC(F)(F)CC3)nn2)cc1F,Blocker,Blocker,1,YIWQRBWRMXHWFG-UHFFFAOYSA-N,YIWQRBWRMXHWFG,data_herg_dev,CHEMBL3417055,
Cc1ccccc1[C@@H]1CCc2c(C(N)=O)cc3c(nc(C)n3C)c2O1,Blocker,Blocker,1,IZQCGTSQXGLBNU-KRWDZBQOSA-N,IZQCGTSQXGLBNU,data_herg_dev,CHEMBL1098091,
Cc1ccc(C(=O)Nc2nc3c(s2)CCCC3)o1,Non-blocker,Non-blocker,0,HHHKLXMFVXBOOO-UHFFFAOYSA-N,HHHKLXMFVXBOOO,PubChem,841544,
[O-][n+]1c2c(c3c4non(O)c4ccc31)CCCC2,Non-blocker,Non-blocker,0,MCKKUNFESISYPW-UHFFFAOYSA-N,MCKKUNFESISYPW,PubChem,54689224,
N#Cc1ccc(CN2CC3CN(CCS(=O)(=O)Nc4ccc(C#N)cc4)CC(C2)O3)cc1,Non-blocker,Non-blocker,0,CMBXDRXQIOEUGQ-UHFFFAOYSA-N,CMBXDRXQIOEUGQ,data_herg_dev,CHEMBL3946853,
Cc1ccccc1-c1cccc([C@@H]2C[C@H]3[C@H](CON3C)CN2Cc2cc(Cl)cc(Cl)c2)c1,Blocker,Non-blocker,0,CPYGRADTGOLGHJ-CAVYSCNFSA-N,CPYGRADTGOLGHJ,PubChem,44825809,
OC(c1cc(-c2ncnc3cc(N4CCOCC4)ccc23)ccc1F)c1nccn2ccnc12,Non-blocker,Non-blocker,0,SQAFIECUCNRFEB-UHFFFAOYSA-N,SQAFIECUCNRFEB,data_herg_dev,,
CN(C)S(=O)(=O)c1ccc(Cl)c(C(=O)N[C@@H]2CCN(Cc3ccccc3)C2)c1,Non-blocker,Non-blocker,0,INFGNOVSRDDNEM-MRXNPFEDSA-N,INFGNOVSRDDNEM,PubChem,16286539,
O=C(/C=C/c1ccco1)N1CCN(S(=O)(=O)/C=C/c2ccccc2)CC1,Non-blocker,Non-blocker,0,FNEJMNOWECBJGD-OFZPYADDSA-N,FNEJMNOWECBJGD,PubChem,2674585,
CC(C)Oc1cncc(-c2ccc3[nH]nc(C(=O)NCC4CCOCC4)c3c2)c1,Non-blocker,Blocker,1,GIGLFCYZHQSMBV-UHFFFAOYSA-N,GIGLFCYZHQSMBV,CUPID,146254727,32435391
COC(=O)[C@H]1CN(CCSc2cccs2)CCN1CCCc1c(F)cnc2ccc(OC)cc12,Blocker,Blocker,1,BUXNBSZOVPKMSP-HSZRJFAPSA-N,BUXNBSZOVPKMSP,PubChem,145147797,34906671
NNc1nncc2ccccc12,Non-blocker,Non-blocker,0,RPTUSVTUFVMDQK-UHFFFAOYSA-N,RPTUSVTUFVMDQK,data_herg_dev,,
Cc1c(Cl)ccc(OC2CCN(C3CCN(S(=O)(=O)/N=C(\O)c4ccccc4)CC3)CC2)c1Cl,Non-blocker,Blocker,1,DJGWTFPDOGEBKS-UHFFFAOYSA-N,DJGWTFPDOGEBKS,PubChem,23102749,23031591
CCC(=O)C(CC(C)[N+](C)C)(c1ccccc1)c1ccccc1,Non-blocker,Blocker,,UHGHALWOVVUXKD-UHFFFAOYSA-N,UHGHALWOVVUXKD,eval_set_herg_70.csv,,
CCC(=O)O[C@H]1CC[C@H]2[C@@H]3CCC4=CC(=O)CC[C@]4(C)[C@H]3CC[C@]12C,Non-blocker,Non-blocker,0,PDMMFKSKQVNJMI-BLQWBTBKSA-N,PDMMFKSKQVNJMI,data_herg_dev,,5995
CCCOc1ccc(-c2c(C(=O)N/N=C/c3cccnc3)nnn2-c2nonc2N)cc1,Non-blocker,Non-blocker,0,SKUKUBNACXCUGL-FSJBWODESA-N,SKUKUBNACXCUGL,PubChem,6885722,
CC(O)C(=O)[O-].[Hg+]c1ccccc1,Non-blocker,Non-blocker,,RRFGSWMKSSCUSU-UHFFFAOYSA-M,RRFGSWMKSSCUSU,eval_set_herg_70.csv,,
COc1ccccc1NC(=O)c1ccccc1S(=O)(=O)c1ccc([N+](=O)[O-])cc1,Non-blocker,Non-blocker,0,XGYUNGSPWLTXHR-UHFFFAOYSA-N,XGYUNGSPWLTXHR,PubChem,1310211,
Cc1ccc2[nH]c(C(=O)N3CCC(CC(C)(C)O)CC3)cc2c1,Non-blocker,Non-blocker,0,QGUMEWLTIYRZFH-UHFFFAOYSA-N,QGUMEWLTIYRZFH,data_herg_dev,CHEMBL2413849,
Cc1cccc(Oc2ccc(C(=O)N[C@@H]3CCSC3=O)cn2)c1C,Non-blocker,Non-blocker,0,AERVLKGIEFYKRQ-CQSZACIVSA-N,AERVLKGIEFYKRQ,PubChem,2769130,
CCCc1cc(C(=O)Nc2sc3c(c2C#N)CCC3)no1,Non-blocker,Non-blocker,0,BVRIVRRUMJNENF-UHFFFAOYSA-N,BVRIVRRUMJNENF,PubChem,5309527,
C[N+]1CC[N+](CCCN2c3ccccc3Sc3ccc(Cl)cc32)CC1,Blocker,Non-blocker,0,GQVYKIIUGCRTNL-UHFFFAOYSA-N,GQVYKIIUGCRTNL,data_herg_dev,,
CC1(c2ccc(S(N)(=O)=O)cc2)NC(=O)N(CC(=O)c2ncc(F)cc2F)C1=O,Non-blocker,Non-blocker,0,BUOHXORXSNZWMD-UHFFFAOYSA-N,BUOHXORXSNZWMD,data_herg_dev,CHEMBL4452592,
CCc1c(C2CCN(CCCSc3ccc(F)cc3)CC2)c2ccc(F)cc2n1-c1ccc(C(=O)O)cn1,Non-blocker,Blocker,1,YUCBOQQXHCEAOT-UHFFFAOYSA-N,YUCBOQQXHCEAOT,data_herg_dev,CHEMBL3355956,
CNc1nc(NCCCN(C)C)c2sc(-c3ccc(C(F)(F)F)cc3)cc2n1,Non-blocker,Blocker,1,RMLMSXWYFUNBRH-UHFFFAOYSA-N,RMLMSXWYFUNBRH,CUPID,76328815,24446664
COc1cc(Nc2nc3n(n2)CCC(=O)N3Cc2ccccc2C(F)(F)F)ccc1-n1cnc(C)n1,Non-blocker,Non-blocker,0,GGCYEJXAWFPQOL-UHFFFAOYSA-N,GGCYEJXAWFPQOL,data_herg_dev,CHEMBL3347479,
Cn1cnc(C(=O)N(Cc2ccc(F)c(C(F)(F)F)c2)[C@H]2C[C@H]3CNC[C@H]3C2)c1,Blocker,Blocker,1,VAVBDQVWHLBYKB-QDMKHBRRSA-N,VAVBDQVWHLBYKB,PubChem,46230960,20045321
O[C@@H](c1cccnc1-c1cccc(C(F)(F)F)c1)C(c1cccnc1)c1cccnc1,Non-blocker,Non-blocker,0,PSPZRRNAMNGIHJ-QHCPKHFHSA-N,PSPZRRNAMNGIHJ,data_herg_dev,CHEMBL4076764,
CCOC(=O)N1CCN(C(=O)c2c[nH]c3ccc(S(=O)(=O)N(C)c4cccc(C)c4)cc3c2=O)CC1,Non-blocker,Non-blocker,0,SUEOLPHUAOSAAP-UHFFFAOYSA-N,SUEOLPHUAOSAAP,PubChem,6617272,
CS(=O)(=O)c1ccc(F)cc1C(=O)N1CCC(N(C2CC2)S(=O)(=O)c2cccc(C(F)(F)F)c2)CC1,Blocker,Blocker,1,YVSHQGAIDXNKCO-UHFFFAOYSA-N,YVSHQGAIDXNKCO,data_herg_dev,CHEMBL2180905,
O=C(Nc1ccccc1)c1[nH]c2cc(F)ccc2c1C1C[N+]CC[C@@H]1F,Non-blocker,Blocker,1,NMKQJSXADACGDH-LYKKTTPLSA-N,NMKQJSXADACGDH,data_herg_dev,,
c1ccc(CCc2cn(C[C@H]3CC[C@@H]([C@@H]4CC[C@H](Cn5cc(CCc6ccccc6)nn5)O4)O3)nn2)cc1,Non-blocker,Non-blocker,0,GLZSSDRBORHFKW-XAZDILKDSA-N,GLZSSDRBORHFKW,PubChem,23731396,
COc1cncc(-c2nc(NCc3ccccn3)c3c(-c4ccccc4)cccc3n2)c1,Blocker,Blocker,1,VDSMXTDMIJGCFT-UHFFFAOYSA-N,VDSMXTDMIJGCFT,PubChem,68204905,27660686
COc1cc(/C=C2\SC(=S)N(N3CCOCC3)C2=O)ccc1O,Non-blocker,Non-blocker,0,ZISPWOKNJXQCGQ-LCYFTJDESA-N,ZISPWOKNJXQCGQ,PubChem,1860024,
Cc1ccc(C(=O)COC(=O)c2cc(C)no2)c(C)c1,Non-blocker,Non-blocker,0,JNKKOVHRVARFFI-UHFFFAOYSA-N,JNKKOVHRVARFFI,PubChem,8099147,
CC[C@@H](C)[C@@H](NC(N)=O)C(=O)N[C@H]1CC[C@H](C)CC1,Non-blocker,Non-blocker,0,IQOMBUVLWAISLB-DDHJBXDOSA-N,IQOMBUVLWAISLB,PubChem,4222340,
CC(C)C(Nc1nc2cc[nH]c(=O)c2c2cc(F)ccc12)C(F)(F)F,Blocker,Blocker,1,SDYVZQPJOBQDEW-UHFFFAOYSA-N,SDYVZQPJOBQDEW,CUPID,CUPID,
COc1ccccc1[C@]12CO[C@@H](C)C[C@H]1CSC(N)=N2,Non-blocker,Non-blocker,0,SPCKMVYZWVCNSY-PGUXBMHVSA-N,SPCKMVYZWVCNSY,data_herg_dev,CHEMBL4209354,
CNC[C@@H](c1ccc2ccccc2c1)[C@H](O)c1ccccn1,Non-blocker,Non-blocker,,WWCABWLHQIWGCT-HKUYNNGSSA-N,WWCABWLHQIWGCT,eval_set_herg_70.csv,,
O=C1CN(C(=O)c2ccc(C3(c4ccc(OCc5ccccn5)cc4)CCCO3)cn2)CN1,Non-blocker,Non-blocker,,PIVWQJWSBSARTK-UHFFFAOYSA-N,PIVWQJWSBSARTK,eval_set_herg_70.csv,,
Cc1cnc(N2CCC(C3CC3CCOc3nc(C)cc(C#N)n3)CC2)nc1,Blocker,Blocker,1,LNSCXGSOFFKSIA-UHFFFAOYSA-N,LNSCXGSOFFKSIA,PubChem,CUPID,
CCCCC(CC)COP(=O)(Oc1ccccc1)Oc1ccccc1,Non-blocker,Non-blocker,0,CGSLYBDCEGBZCG-UHFFFAOYSA-N,CGSLYBDCEGBZCG,data_herg_dev,,14716
C=CCOC(Cn1ccnc1)c1ccc(Cl)cc1Cl.O=S(=O)(O)O,Non-blocker,Non-blocker,0,XVTXMTOYQVRHSK-UHFFFAOYSA-N,XVTXMTOYQVRHSK,data_herg_dev,,173636
Cc1cccc(OCCC(=O)Nc2ccc(F)c(Cl)c2)c1,Blocker,Non-blocker,0,SEUIRYRMTDQOJA-UHFFFAOYSA-N,SEUIRYRMTDQOJA,PubChem,2088422,
CCn1c(COc2ccc(Cl)c(C)c2)nnc1SCC(=O)N1CCCC1,Non-blocker,Non-blocker,0,PXSMOSNRZTYHMJ-UHFFFAOYSA-N,PXSMOSNRZTYHMJ,PubChem,647076,
C[C@@H]1N=C(c2cccc(C#N)n2)N[C@@]1(c1ccc(F)cc1)c1ccc(F)nc1,Blocker,Blocker,1,NLCPRZAGRMCLTB-ZSEKCTLFSA-N,NLCPRZAGRMCLTB,PubChem,44139481,19459652
Cn1nc(NCC(=O)NC2CN(C3CCC(O)CC3)C2)c2cc(C(F)(F)F)ccc21,Non-blocker,Non-blocker,0,XJKJUBYWQFGWJP-UHFFFAOYSA-N,XJKJUBYWQFGWJP,data_herg_dev,,
COc1cc(C(=O)NS(=O)(=O)c2ccccc2C)ccc1Cc1cn(C)c2ccc(NC(=O)OC3CCCC3)cc12,Blocker,Non-blocker,,YEEZWCHGZNKEEK-UHFFFAOYSA-N,YEEZWCHGZNKEEK,eval_set_herg_60.csv,,
Cc1nsc(-c2nnc3n2CCN(C(=O)c2ccc(F)cc2)[C@@H]3C)n1,Non-blocker,Non-blocker,0,PPSNFPASKFYPMN-SECBINFHSA-N,PPSNFPASKFYPMN,data_herg_dev,CHEMBL3608680,
O=S(=O)(Nc1ncns1)c1cc(F)c(Oc2ccc(Cl)cc2-c2ncc3cnccn23)cc1F,Blocker,Blocker,1,XQGSUSFVPPFJIO-UHFFFAOYSA-N,XQGSUSFVPPFJIO,data_herg_dev,CHEMBL3805875,
CN(C)CCCNS(=O)(=O)c1ccc(N2CCC(c3ccc(Cl)cc3)=N2)cc1,Non-blocker,Blocker,1,FXYFDLSNCLJHMY-UHFFFAOYSA-N,FXYFDLSNCLJHMY,PubChem,2837694,
Cc1cc(C(=O)O)ccc1-c1ccc(N2C(=O)N(c3ncccn3)C3(CCN(Cc4ncccc4C)CC3)C2=O)cc1,Non-blocker,Non-blocker,0,MTFKYKNIAONGHD-UHFFFAOYSA-N,MTFKYKNIAONGHD,data_herg_dev,CHEMBL2041188,
COc1ccc(-c2ccc3c(N4CCOC[C@@H]4C)nc(N4CC[C@@H](O)C4)nc3n2)cc1CO,Non-blocker,Blocker,1,YWECXUGQEWHRCD-MAUKXSAKSA-N,YWECXUGQEWHRCD,PubChem,24998808,23375793
Cc1noc(C)c1Cn1cc(CN(C(=O)[C@H]2CNCC[C@]2(O)c2ccc(F)c(F)c2)C2CC2)c2c(F)cccc21,Blocker,Blocker,1,MAUZJOGWTCRKSO-DJUQAAIZSA-N,MAUZJOGWTCRKSO,PubChem,57397298,21641209
CC(C)NC(C)Cc1ccc(I)cc1.Cl,Blocker,Blocker,1,AFLDFEASYWNJGX-UHFFFAOYSA-N,AFLDFEASYWNJGX,data_herg_dev,CHEMBL1255865,
O=C(O)C[C@H]1S/C(=N/N=C/c2ccc(-c3ccc(Cl)c([N+](=O)[O-])c3)o2)NC1=O,Non-blocker,Non-blocker,0,FMMVOQOHIRLJRS-BPGOPIFBSA-N,FMMVOQOHIRLJRS,PubChem,135460572,
C[C@@H](OC(=O)c1cccc(O)c1)C(=O)N(C)Cc1ccccc1,Non-blocker,Non-blocker,0,QDFXNGGBWSSQBB-CYBMUJFWSA-N,QDFXNGGBWSSQBB,PubChem,24688026,
Cc1ccc(S(=O)(=O)N(C)c2ccc(OC(=O)CN3C(=O)NC4(CCCC4)C3=O)cc2)cc1C,Non-blocker,Non-blocker,0,VRYLKDPLQJNREN-UHFFFAOYSA-N,VRYLKDPLQJNREN,PubChem,24402384,
NC1=NC2(CO1)c1cc(-c3cncnc3)ccc1OC(CC1CC1)C21COC1,Blocker,Blocker,1,MSVXPEWIJQOLDG-UHFFFAOYSA-N,MSVXPEWIJQOLDG,data_herg_dev,CHEMBL3650833,
O=C(C1=NN(c2ccccc2)[C@H]2C(=O)N(c3ccccc3)C(=O)[C@@H]12)c1ccccc1,Non-blocker,Non-blocker,0,LLBJGSNZMIRERE-PZJWPPBQSA-N,LLBJGSNZMIRERE,PubChem,2901205,
CCN(CC)S(=O)(=O)c1ccc(C(=O)Nc2cc(C)cc(C)c2)cc1,Non-blocker,Non-blocker,0,PIVHCIXNNOXZKJ-UHFFFAOYSA-N,PIVHCIXNNOXZKJ,PubChem,2683335,
Fc1ccc(CCN2CCC3(CCc4ccccc4C3)CC2)c(F)c1,Blocker,Blocker,1,MXXYXEAKIQRROV-UHFFFAOYSA-N,MXXYXEAKIQRROV,PubChem,10925892,11784153
CC[C@H]1C[C@H]2CN3CCc4c([nH]c5ccc(OC)cc45)C(C(=O)OC)(C2)[C@H]13,Non-blocker,Blocker,,MMAYTCMMKJYIAM-HRAXFBLQSA-N,MMAYTCMMKJYIAM,eval_set_herg_70.csv,,
Cc1nn2ccccc2c1CCN(Cc1ccc(/C=C/C(=O)NO)cc1)C(C)C,Blocker,Non-blocker,0,MSSVVTFJYSYCOY-VAWYXSNFSA-N,MSSVVTFJYSYCOY,data_herg_dev,CHEMBL1819273,
COP(=O)(OC)C1(Nc2ccc(C)cc2)CCCCC1,Non-blocker,Non-blocker,0,RMBQRFBEFYHBGW-UHFFFAOYSA-N,RMBQRFBEFYHBGW,PubChem,2053661,
O=[N+]([O-])c1ccc(CCl)cc1,Non-blocker,Non-blocker,,KGCNHWXDPDPSBV-UHFFFAOYSA-N,KGCNHWXDPDPSBV,eval_set_herg_70.csv,,
Cc1ccc(N2CCN(CCN(C)C[C@]34CC[C@H](CC3)C4(C)C)C2=O)cc1,Blocker,Blocker,1,VLOIKNXQTLFVIH-OKDJAKQTSA-N,VLOIKNXQTLFVIH,PubChem,45267503,19560918
COc1ccc(-c2nnc(C(=O)N3CC(Oc4ccc(CN5CCOCC5)c(OC)c4)C3)o2)cc1,Non-blocker,Blocker,1,PLIGIDXAMNZKAT-UHFFFAOYSA-N,PLIGIDXAMNZKAT,CUPID,56597542,26741166
O=C(NC1CC1c1ccccc1)N1CCC(n2cncn2)CC1,Non-blocker,Non-blocker,0,AGJNHDXJGSWJRI-UHFFFAOYSA-N,AGJNHDXJGSWJRI,data_herg_dev,CHEMBL563732,
O=c1c2ccccc2nc(-c2ccc(OCCCN3CCCCC3)cc2)n1-c1ccccc1,Blocker,Blocker,1,MDGOMXLQCXHZJE-UHFFFAOYSA-N,MDGOMXLQCXHZJE,PubChem,44563063,18952421
CC1(C)CC(=O)C2=C(C1)OC(N)=C(C#N)[C@H]2c1ccccc1,Non-blocker,Non-blocker,0,DBEOMZGGGVXFHZ-OAHLLOKOSA-N,DBEOMZGGGVXFHZ,PubChem,2737879,
CN1CCN(CC(=O)N2c3ccccc3Sc3cc4ccccc4cc32)CC1,Blocker,Blocker,1,JHWISLMTUJNEQP-UHFFFAOYSA-N,JHWISLMTUJNEQP,PubChem,272209,
CC1(C)Oc2ccc(NC(=O)c3ccc(F)cn3)cc2[C@@]2(COC(N)=N2)C12CC2,Blocker,Blocker,1,KFVQLLMGMYDUOM-NRFANRHFSA-N,KFVQLLMGMYDUOM,data_herg_dev,CHEMBL3650849,
O[C@H]1C[C@H](CN2CCC(c3ccccc3)CC2)CCc2cccnc21,Non-blocker,Non-blocker,0,XNOGDHYDNAIZRZ-UTKZUKDTSA-N,XNOGDHYDNAIZRZ,data_herg_dev,CHEMBL487827,
CCCCC(CC)C(=O)OCCOCCOCCOCCOC(=O)C(CC)CCCC,Non-blocker,Non-blocker,0,GYHPTPQZVBYHLC-UHFFFAOYSA-N,GYHPTPQZVBYHLC,data_herg_dev,,28999
O=C(Nc1cccc2ccccc12)c1nn([C@]23C[C@H]4C[C@H](C[C@H](C4)C2)C3)cc1Br,Blocker,Non-blocker,0,HMLPGTKGYVKZLD-ONHXBKDTSA-N,HMLPGTKGYVKZLD,PubChem,3436226,
COc1cc(O)c(C(=O)Nc2nc(C(=O)N(CCN(C(C)C)C(C)C)C(=O)c3cscn3)cs2)cc1OC,Non-blocker,Non-blocker,,GBNIPMMBTXPOHB-UHFFFAOYSA-N,GBNIPMMBTXPOHB,eval_set_herg_60.csv,,
Cc1ncoc1-c1nnc(SCCCN2CC3CC3(c3cc(F)cc(C(F)(F)F)c3)C2)n1C,Blocker,Blocker,1,RZEKPECTALABSH-UHFFFAOYSA-N,RZEKPECTALABSH,PubChem,CUPID,
CN1CCC(c2nc(-c3ccc(F)cc3)c(-c3ccnc(Nc4ccc(N5CCNCC5)cc4)n3)s2)CC1,Blocker,Non-blocker,0,GJHIMWIYQKRLGZ-UHFFFAOYSA-N,GJHIMWIYQKRLGZ,data_herg_dev,CHEMBL4288103,
C[C@H](CN1c2ccccc2Sc2cccnc21)N(C)C,Blocker,Blocker,1,OQJBSDFFQWMKBQ-GFCCVEGCSA-N,OQJBSDFFQWMKBQ,PubChem,14668,
COc1ccc([C@H]2NC(=O)NC(C)=C2C(=O)OC2CCCCC2)cc1OC,Non-blocker,Non-blocker,0,IQVJLOCGIQGZHC-GOSISDBHSA-N,IQVJLOCGIQGZHC,PubChem,2854560,
CCC(=O)Nc1ccc(OCc2nc3ccccc3s2)cc1,Non-blocker,Non-blocker,0,XBPKXMIAFDUGNP-UHFFFAOYSA-N,XBPKXMIAFDUGNP,PubChem,851643,
C[C@@H]1Cc2c(ccc3[nH]ncc23)[C@@H](c2ccc(NC3CN(CCCF)C3)nc2)N1CC1(F)CC1,Blocker,Blocker,1,IRCISBCAVGOJIS-CRICUBBOSA-N,IRCISBCAVGOJIS,data_herg_dev,,
O=C(COc1cccnc1[N+](=O)[O-])N1CCc2ccccc21,Non-blocker,Non-blocker,0,PBDJNLWZCDVCDY-UHFFFAOYSA-N,PBDJNLWZCDVCDY,PubChem,4374081,
Cc1ccc(C(=O)OCC(=O)NCc2ccco2)cc1S(=O)(=O)N1CCOCC1,Non-blocker,Non-blocker,0,VTZVATRGBGTKJR-UHFFFAOYSA-N,VTZVATRGBGTKJR,PubChem,16281786,
COc1ccc(C2CN(CCc3cccc(OC)c3)CC2CNC(=O)c2cccc(Cl)c2)cc1,Blocker,Blocker,1,BHEGDYSAYYZJGP-UHFFFAOYSA-N,BHEGDYSAYYZJGP,CUPID,CUPID,
OCc1cccc(-c2ccc3nc(-c4ccc(Cl)cc4)cn3c2)c1,Blocker,Blocker,1,IHUPABWARJLUMA-UHFFFAOYSA-N,IHUPABWARJLUMA,PubChem,24856034,30773432
CC(C)(CCO)n1nc(-c2ccc3nc(OC4CC4)ccc3c2)c(C(N)=O)c1N,Blocker,Non-blocker,0,CFAYCLCEYORKES-UHFFFAOYSA-N,CFAYCLCEYORKES,data_herg_dev,CHEMBL4742781,
Nc1ncnc2c1c(-c1cccc(OCC34CCC(CC3)O4)c1)cn2C1CC(CN2CCC2)C1,Blocker,Blocker,1,LYOCYPVMXHFJAK-UHFFFAOYSA-N,LYOCYPVMXHFJAK,PubChem,CUPID,
Cc1nnnn1CCC(=O)NC1CCN(c2c(F)cc3c(=O)c(C(=O)O)cn(C4CC4)c3c2Cl)C1,Blocker,Blocker,1,ICFLUINPVZHDTP-UHFFFAOYSA-N,ICFLUINPVZHDTP,data_herg_dev,CHEMBL4450305,
Cc1noc(/C(=C/c2cccc(-c3cc(C(C)(C)S(C)(=O)=O)cc4cccnc34)c2)c2ccc(S(C)(=O)=O)cc2)n1,Blocker,Non-blocker,0,YYGZHVJDHMMABU-OGLMXYFKSA-N,YYGZHVJDHMMABU,data_herg_dev,CHEMBL372575,
O=C(O)c1cn(C2CC2)c2cc(N3CCNCC3)c(F)cc2c1=O,Non-blocker,Non-blocker,0,MYSWGUAQZAJSOK-UHFFFAOYSA-N,MYSWGUAQZAJSOK,data_herg_dev,CHEMBL8,
NC(=O)[C@H](N[C@H]1CC[C@H](c2c[nH]c3ccccc32)CC1)C1CCN(C(=O)/C=C/c2ccc(OC(F)(F)F)cc2)CC1,Blocker,Blocker,1,STFZXNFAUSAZFQ-QRBQLLPYSA-N,STFZXNFAUSAZFQ,PubChem,57344221,22061641
NC(=O)c1cc(Cl)c2c(Cl)c(C#C[C@@H]3CNCCO3)n([C@H]3CCCNC3)c2n1,Blocker,Blocker,1,UAFYSVAOAUUNBN-NWDGAFQWSA-N,UAFYSVAOAUUNBN,PubChem,155566090,30553737
CC(C)(O)CNC(=O)c1ccc(C(c2ccc(OCc3ccccn3)cc2)C(C)(C)C)cn1,Non-blocker,Non-blocker,,BVHLJIHSMAAKFM-UHFFFAOYSA-N,BVHLJIHSMAAKFM,eval_set_herg_60.csv,,
Cc1ccccc1-c1nc2cn(-c3cccc(C#N)c3)nc2c(=O)n1CC1CCCN(C(C)C)C1,Non-blocker,Non-blocker,0,TWKFOMUKJXFUKF-UHFFFAOYSA-N,TWKFOMUKJXFUKF,data_herg_dev,CHEMBL3218887,
NC1=NC2(CO1)c1cc(NC(=O)c3ncc(Cl)cc3F)ccc1OCC21CC1,Blocker,Blocker,1,BAZZVTQQQIAGLD-UHFFFAOYSA-N,BAZZVTQQQIAGLD,data_herg_dev,CHEMBL3703234,
O=C(NCc1c(O)cc(Cl)cc1Cl)C1CCN(Cc2ccn(-c3ccc(C(F)(F)F)cc3)c2)CC1,Blocker,Blocker,1,PRURCEGUXKSSRQ-UHFFFAOYSA-N,PRURCEGUXKSSRQ,PubChem,45273406,19500979
COc1cc(-c2cn([C@H]3C[C@@H](C(F)(F)F)CN(CC(F)(F)F)C3=O)nn2)ccc1-n1cnc(C)c1,Blocker,Non-blocker,0,GETQQHOXYHVVJK-PBHICJAKSA-N,GETQQHOXYHVVJK,data_herg_dev,CHEMBL2017583,
COc1cc(Nc2ncc(CCc3c(F)c(OC)cc(OC)c3F)cn2)ccc1N1CCC(N2CCN(C)CC2)CC1,Blocker,Blocker,1,ZUURNUDMSWVVCL-UHFFFAOYSA-N,ZUURNUDMSWVVCL,PubChem,71736249,35219181
CN1CCC(CNc2ccc3ncc(-c4cccc(OC(F)(F)F)c4)n3n2)CC1.O=S(=O)(O)O,Blocker,Blocker,1,SWWUERNOFRFXQM-UHFFFAOYSA-N,SWWUERNOFRFXQM,data_herg_dev,CHEMBL1952141,
Oc1ccc([C@H](O)CN2CCC(O)(c3ccc(F)cc3)CC2)cc1,Blocker,Blocker,,MISLLVIAQVULCL-GOSISDBHSA-N,MISLLVIAQVULCL,eval_set_herg_60.csv,,
Cc1cc2nc(C3CCN(Cc4nnnn4Cc4cccs4)CC3)[nH]c2cc1C,Blocker,Non-blocker,0,PUUYHYGBZGDZJR-UHFFFAOYSA-N,PUUYHYGBZGDZJR,PubChem,655425,
CN(CC(=O)NCc1cccc(F)c1)C(=O)c1ccco1,Non-blocker,Blocker,1,CJLWKJDPSUMVEH-UHFFFAOYSA-N,CJLWKJDPSUMVEH,PubChem,3239530,
O=C(NCc1ccncc1)c1cc(C(=O)C2CCCCC2)c[nH]1,Non-blocker,Blocker,1,SULFNUHQRLIFSL-UHFFFAOYSA-N,SULFNUHQRLIFSL,PubChem,1482733,
C/C(=N\NC(=O)c1cc(C)nc2ccc(C)cc12)c1ccncc1,Non-blocker,Non-blocker,0,RQQZAOAAESARSU-HYARGMPZSA-N,RQQZAOAAESARSU,PubChem,25237458,
CC(=O)C1=NN2c3cc(F)ccc3OC[C@H]2[C@@]1(CCCO)c1ccccc1,Non-blocker,Non-blocker,0,DVLXDPTZHLUZHB-PZJWPPBQSA-N,DVLXDPTZHLUZHB,data_herg_dev,CHEMBL250743,
Cc1nccnc1C(C(N)=O)c1ccc(F)c(-c2ncnc3cc(N4CCOCC4)ccc23)c1,Non-blocker,Non-blocker,0,SXTFNSCSKUHTAF-UHFFFAOYSA-N,SXTFNSCSKUHTAF,data_herg_dev,,
O=C(CSc1nnc(N2CCOCC2)n1-c1ccccc1)NCc1cccc(NC(=O)C2CC2)c1,Non-blocker,Non-blocker,,VYNLDXGRJIMEOF-UHFFFAOYSA-N,VYNLDXGRJIMEOF,eval_set_herg_60.csv,,
Cc1nc(N2CCC(O)CC2)nc2ccc(NC(=O)/C=C/c3ccc(OC(F)(F)F)cc3)cc12,Blocker,Blocker,1,PVWARCUAQYLFQN-RUDMXATFSA-N,PVWARCUAQYLFQN,PubChem,70689594,22497763
Cc1ccc2nc(=O)c(NNc3ccccc3)cnc2c1,Non-blocker,Non-blocker,0,AUGULEYODXXYMM-UHFFFAOYSA-N,AUGULEYODXXYMM,PubChem,2322338,
COc1cc(CNC2CCCCCCC2)c(Br)cc1OCCO,Non-blocker,Non-blocker,0,RAZSTMZKMGDMBW-UHFFFAOYSA-N,RAZSTMZKMGDMBW,PubChem,2984812,
Cn1c(SCC(=O)Nc2ccc(Cl)cc2F)nnc1-c1ccco1,Non-blocker,Non-blocker,0,ILELZJIATOAGLO-UHFFFAOYSA-N,ILELZJIATOAGLO,PubChem,6495867,
O=C(Nc1ccccc1Oc1ccccc1)c1cnccn1,Non-blocker,Non-blocker,0,XVWBWNNYBVXVGF-UHFFFAOYSA-N,XVWBWNNYBVXVGF,PubChem,862103,
CCOc1cc2c(cc1OC)[C@H](NC(=O)C(F)(F)F)CC2=O,Non-blocker,Non-blocker,0,VOBBHULYUCVFAR-SECBINFHSA-N,VOBBHULYUCVFAR,PubChem,3325306,
NC(=O)OCC(COC(N)=O)c1ccccc1,Non-blocker,Blocker,1,WKGXYQFOCVYPAC-UHFFFAOYSA-N,WKGXYQFOCVYPAC,data_herg_dev,CHEMBL1094,
COC(=O)CC1=NN(c2nc(C)cc(C)n2)C(=O)C1,Non-blocker,Non-blocker,0,GEIGROSBPKCYRF-UHFFFAOYSA-N,GEIGROSBPKCYRF,PubChem,2989848,
O=C(c1nnc(-c2ccc(Cl)cc2)o1)N1CCC(Oc2ccc(CN3CCCC3)cc2)CC1,Blocker,Blocker,1,XKBGQXMBRCPCCL-UHFFFAOYSA-N,XKBGQXMBRCPCCL,PubChem,127031338,26741166
CC[C@@H](C)c1ccc(OCCCCN2CCOCC2)cc1,Non-blocker,Non-blocker,0,DPYHNEPEJIWDCT-MRXNPFEDSA-N,DPYHNEPEJIWDCT,PubChem,2922891,
COc1nccnc1NS(=O)(=O)c1ccc(NC(=O)c2ccc(F)cc2)cc1,Non-blocker,Non-blocker,0,DUAWBLKLZKFSHT-UHFFFAOYSA-N,DUAWBLKLZKFSHT,PubChem,1194340,
CCCCCN(C(=O)CCC(=O)OCc1cc(C)ccc1C)c1c(N)n(CCCC)c(=O)[nH]c1=O,Non-blocker,Non-blocker,0,LDYWEISOPLFEPY-UHFFFAOYSA-N,LDYWEISOPLFEPY,PubChem,24982869,
CCO/C(O)=C1\C(C)=Nc2ncnn2[C@H]1c1ccccc1F,Non-blocker,Non-blocker,0,RZXFWPFZXOSXKG-REQDGWNSSA-N,RZXFWPFZXOSXKG,PubChem,3237726,
C1=C(c2nc(-c3ccncc3)no2)c2ccccc2C12CCN(CC1CCCO1)CC2,Blocker,Blocker,1,NWLDRLAGSHICHN-UHFFFAOYSA-N,NWLDRLAGSHICHN,data_herg_dev,,
CC(C)(C)n1nnnc1[C@@H](c1cc2cc3c(cc2[nH]c1=O)OCCO3)N1CCSCC1,Non-blocker,Blocker,1,QOTDCCJXIFWQLX-GOSISDBHSA-N,QOTDCCJXIFWQLX,PubChem,651976,
F[C@@H]1CCNC[C@H]1c1c(-c2ccccc2)[nH]c2c(Cl)cccc12,Blocker,Blocker,1,BTWSXWRYWXPDBK-GDBMZVCRSA-N,BTWSXWRYWXPDBK,PubChem,10640055,11334570
Cc1n[nH]c(C)c1CCn1cc(-c2ccc(Cl)cc2)cn1,Blocker,Blocker,,FKNGDDYLLFMSCD-UHFFFAOYSA-N,FKNGDDYLLFMSCD,eval_set_herg_70.csv,,
Cc1nn(C)c(C)c1-c1nc2ncc(Br)c(N3CCN(Cc4cccnc4)CC3)c2[nH]1,Blocker,Non-blocker,,BMSHQZWQPJMOJN-UHFFFAOYSA-N,BMSHQZWQPJMOJN,eval_set_herg_70.csv,,
COCC(=O)NC1CCN(C(=O)Nc2ccc(Br)cc2)CC1,Non-blocker,Non-blocker,0,DVHIPGVTALULRJ-UHFFFAOYSA-N,DVHIPGVTALULRJ,PubChem,651185,
Cc1cccc(N/N=C/c2ccc(O)c(O)c2O)c1,Blocker,Non-blocker,0,AQSOZKVNPGTRAZ-OVCLIPMQSA-N,AQSOZKVNPGTRAZ,PubChem,135679290,
COC1COCCC1N[C@@H]1C[C@H]2CN(c3nccs3)C[C@@]2(C(=O)N2CCc3ncc(C(F)(F)F)cc3C2)C1,Non-blocker,Non-blocker,0,DZXOOYSFVJTDQH-VXHAEUKXSA-N,DZXOOYSFVJTDQH,data_herg_dev,CHEMBL3115269,
OC(c1ccc(F)cc1)c1ccc(F)cc1,Non-blocker,Non-blocker,,WCTZPQWLFWZYJE-UHFFFAOYSA-N,WCTZPQWLFWZYJE,eval_set_herg_60.csv,,
CNCc1cccc(-c2ccc3c(N4CCOCC4)nc(N4C[C@H](C)O[C@H](C)C4)nc3n2)c1,Non-blocker,Non-blocker,0,MZFFDHRVQXFAKC-HDICACEKSA-N,MZFFDHRVQXFAKC,data_herg_dev,CHEMBL2336329,
O=C(NC1CCN(C(=O)c2ccccc2Br)CC1)c1ccccc1,Non-blocker,Non-blocker,0,VKAFKDUFCDCDSB-UHFFFAOYSA-N,VKAFKDUFCDCDSB,PubChem,2729512,
O=C1NCC(c2ccc(F)cc2)C12CCN(C1CCCCC1(O)c1ccccc1)CC2,Blocker,Non-blocker,0,IGMRUXJGIQSJAC-UHFFFAOYSA-N,IGMRUXJGIQSJAC,data_herg_dev,CHEMBL378253,
CC(C)CN1CC2CN(CC(C)C)CC(C1)C21CCCCC1,Blocker,Non-blocker,,AKDSILHOBDFVFX-UHFFFAOYSA-N,AKDSILHOBDFVFX,eval_set_herg_60.csv,,
CCOc1ccc(NC(=O)[C@@H](C)O)c(NS(=O)(=O)c2ccc(CCNC(C)=O)cc2)c1,Non-blocker,Non-blocker,0,SNDXLAPIQDEAGW-CQSZACIVSA-N,SNDXLAPIQDEAGW,PubChem,2974906,
CC(CCc1ccccc1)NC(C)C(O)c1ccc(O)cc1.Cl,Blocker,Blocker,1,CLJHABUMMDMAFA-UHFFFAOYSA-N,CLJHABUMMDMAFA,data_herg_dev,CHEMBL1204337,
N#Cc1ccc(Cn2cncc2CN[C@H]2CCN(C(=O)c3cccnc3S)C2=O)cc1,Non-blocker,Non-blocker,0,JWLQSWJBHJDZPV-IBGZPJMESA-N,JWLQSWJBHJDZPV,data_herg_dev,CHEMBL483810,
N/C(=N\OC(=O)c1ccccc1F)c1ccc([N+](=O)[O-])cc1,Non-blocker,Non-blocker,0,PDVHJMJFGRFDBY-UHFFFAOYSA-N,PDVHJMJFGRFDBY,PubChem,5348240,
C[C@@H](Oc1cccc2ncnc(Nc3ccc4c(cnn4Cc4nccs4)c3)c12)C(=O)N1CCOCC1,Non-blocker,Non-blocker,,RZPOCZHUFDCVQZ-QGZVFWFLSA-N,RZPOCZHUFDCVQZ,eval_set_herg_60.csv,,
CCN(c1ccccc1)S(=O)(=O)c1ccc(NN)nc1,Non-blocker,Non-blocker,0,VTUBMCBPPGZPTD-UHFFFAOYSA-N,VTUBMCBPPGZPTD,PubChem,2095679,
Cc1ccc(S(=O)(=O)N2CCSC2C(=O)NC2C3CC4CC2CC(C(N)=O)(C4)C3)cc1,Non-blocker,Non-blocker,,ZQLZVPJNENBVOL-UHFFFAOYSA-N,ZQLZVPJNENBVOL,eval_set_herg_70.csv,,
CC(C)[N+]CC(O)COc1cccc2ccccc12,Non-blocker,Blocker,,ARKJNXXISTZQRK-UHFFFAOYSA-N,ARKJNXXISTZQRK,eval_set_herg_70.csv,,
CN(CC(=O)Nc1c(Cl)cccc1Cl)C(=O)c1cc(S(=O)(=O)N(C)C)ccc1N1CCCC1,Non-blocker,Non-blocker,0,CNYJQDPPYWISRF-UHFFFAOYSA-N,CNYJQDPPYWISRF,PubChem,24980639,
CCCn1c(CN2CCN(C(=O)c3ccco3)CC2)nc2c1c(=O)n(C)c(=O)n2C,Non-blocker,Non-blocker,0,BCWXIMFFQBZFRO-UHFFFAOYSA-N,BCWXIMFFQBZFRO,PubChem,3669496,
COc1cccc(NC(=O)c2nn([C@]34C[C@H]5C[C@H](C[C@H](C5)C3)C4)cc2[N+](=O)[O-])c1,Non-blocker,Non-blocker,0,FNWZABHTRYLBCB-FZUGUKJMSA-N,FNWZABHTRYLBCB,PubChem,4301753,
C[C@]12CC[C@@H]3c4ccc(O)cc4CC[C@H]3[C@@H]1CC[C@@H]2O,Non-blocker,Non-blocker,,VOXZDWNPVJITMN-ZBRFXRBCSA-N,VOXZDWNPVJITMN,eval_set_herg_70.csv,,
COc1ccc2nccc(CCC3OCC(NCc4ccc5c(n4)NC(=O)CS5)CO3)c2c1,Blocker,Blocker,1,GIWUNNJISQFQLW-UHFFFAOYSA-N,GIWUNNJISQFQLW,CUPID,CUPID,
O=C(c1ccc2c(c1)N(Cc1ccccc1)CCS2)N1CCCCC1,Non-blocker,Non-blocker,0,NCFMUKJXYRXFJE-UHFFFAOYSA-N,NCFMUKJXYRXFJE,PubChem,6619932,
CC(c1ccc(OC(F)F)cc1)N1CCC(CCC(N)=O)(c2ccc(F)cc2)OC1=O,Blocker,Blocker,1,OIQWLGJBQWZHOW-UHFFFAOYSA-N,OIQWLGJBQWZHOW,CUPID,CUPID,
CN(CC(O)CN1CCC(Oc2ccc(Cl)c(Cl)c2)CC1)C(=O)c1c[nH]c(=O)c2ccccc12,Blocker,Blocker,1,WBCSOAILRDZMDJ-UHFFFAOYSA-N,WBCSOAILRDZMDJ,CUPID,CUPID,
C[C@@H]1CCCN1CCN1Cc2c(cccc2-c2ccc(C#N)cc2)C1=O,Blocker,Blocker,1,WMUZPZYJABHLGO-MRXNPFEDSA-N,WMUZPZYJABHLGO,data_herg_dev,CHEMBL2031861,
C[N+]CCC(Oc1ccc(C(F)(F)F)cc1)c1ccccc1,Non-blocker,Blocker,,SNZANDFROOHGOA-UHFFFAOYSA-N,SNZANDFROOHGOA,eval_set_herg_70.csv,,
O=C(NCc1cc(Cl)cc(Cl)c1)N(c1ccc(Br)cc1)C1CCN(C2CCCC2)CC1,Blocker,Blocker,1,JGRNPFVRYKMKOL-UHFFFAOYSA-N,JGRNPFVRYKMKOL,PubChem,46884402,20188550
COc1cc2nc(-c3cc(F)ccc3O)nc(N[C@H]3CCNC3)c2cc1OC,Blocker,Blocker,1,GHWMQXIAILGGTF-LBPRGKRZSA-N,GHWMQXIAILGGTF,data_herg_dev,CHEMBL1650125,
C[C@H](Cc1ccccc1)NC=O,Non-blocker,Non-blocker,0,SGSYPSYCGPLSML-SECBINFHSA-N,SGSYPSYCGPLSML,PubChem,65614,
COC(=O)Nc1cc(C(F)(F)F)c(-c2nc(N3CCOCC3)c3cc(CN4CCN(S(C)(=O)=O)CC4)cn3n2)cn1,Non-blocker,Non-blocker,0,KTLQDDGRBDLKMN-UHFFFAOYSA-N,KTLQDDGRBDLKMN,data_herg_dev,CHEMBL4800252,
Clc1ccc(-c2cnn(Cc3cc[nH]n3)c2)cc1,Blocker,Blocker,,ONBFZEJYXQDCRE-UHFFFAOYSA-N,ONBFZEJYXQDCRE,eval_set_herg_70.csv,,
Cc1cccc(NC(=O)c2nc(Br)cs2)n1,Non-blocker,Blocker,1,KTVHHINEFPPAGV-UHFFFAOYSA-N,KTVHHINEFPPAGV,data_herg_dev,CHEMBL3740015,
CCn1c(O)c(-[n+]2ccccc2)c(=O)c2ccccc21,Non-blocker,Blocker,1,AJDGGQDPGYCNTI-UHFFFAOYSA-O,AJDGGQDPGYCNTI,PubChem,54677772,
COc1ccc(OCCN(C)CCc2ccccc2)cc1,Blocker,Blocker,1,UHXABTWZVVEDCC-UHFFFAOYSA-N,UHXABTWZVVEDCC,data_herg_dev,,
Cc1ccc(S(=O)(=O)NCCOC(=O)Nc2sc(=S)n(C)c2C)cc1,Non-blocker,Non-blocker,0,IVPXNHAPVKVMOO-UHFFFAOYSA-N,IVPXNHAPVKVMOO,PubChem,2287862,
CCc1ncc([C@H]2CC[C@@H](N3CC(NC(=O)CNc4nn(C)c5ccc(C(F)(F)F)cc45)C3)CC2)s1,Non-blocker,Non-blocker,0,PGRNRBAPTURBFI-RHNCMZPLSA-N,PGRNRBAPTURBFI,data_herg_dev,CHEMBL1834798,
Cc1cc(=O)oc2cc(OC(=O)c3ccco3)ccc12,Non-blocker,Non-blocker,0,WVAYNWNBGPUATF-UHFFFAOYSA-N,WVAYNWNBGPUATF,PubChem,728528,
CCCCc1ccc(-c2csc(/C(C#N)=C/c3ccco3)n2)cc1,Blocker,Non-blocker,0,UCXRYSYMEGEUDL-SFQUDFHCSA-N,UCXRYSYMEGEUDL,PubChem,5331263,
CCCCCCCCN[C@H](C)[C@@H](O)c1ccc(SC(C)C)cc1,Blocker,Blocker,1,BFCDFTHTSVTWOG-YLJYHZDGSA-N,BFCDFTHTSVTWOG,PubChem,657255,
CCOC(=O)N1CC/C(=C\C#Cc2cccc(C)n2)C1,Non-blocker,Non-blocker,0,NDVDBJIRXMBDOD-VGOFMYFVSA-N,NDVDBJIRXMBDOD,data_herg_dev,CHEMBL4551786,
CCc1nccn1Cc1cn(-c2ccc(F)c(Cl)c2)nn1,Blocker,Blocker,1,JFZBXZHTGAUVGD-UHFFFAOYSA-N,JFZBXZHTGAUVGD,data_herg_dev,,
Cc1cc(-c2ccc3c(c2)CCN(CCCSc2nnc(C)n2C)CC3)no1,Blocker,Blocker,1,YVOIVVWXMHBXQF-UHFFFAOYSA-N,YVOIVVWXMHBXQF,PubChem,23630503,17867665
O=S(=O)(N[C@H]1CCN(CCCc2noc3ccccc23)C1)c1cc2ccc(F)cc2s1,Blocker,Blocker,1,XZFPTXVCUYVBAT-KRWDZBQOSA-N,XZFPTXVCUYVBAT,data_herg_dev,CHEMBL4762226,
CC[NH+](CC)CC#CCOC(=O)C(O)(c1ccccc1)C1CCCCC1,Blocker,Non-blocker,,XIQVNETUBQGFHX-UHFFFAOYSA-O,XIQVNETUBQGFHX,eval_set_herg_70.csv,,
COc1ccc2nccc(CCC3CCC(NCc4ccc5c(n4)NC(=O)CO5)CC3)c2c1,Blocker,Blocker,1,QGRKOODEHZVMHK-UHFFFAOYSA-N,QGRKOODEHZVMHK,CUPID,CUPID,
Cc1n[nH]c(C)c1-c1ccc2cc(CCN3CCC[C@H]3C)ccc2n1,Blocker,Blocker,1,VRYZIAQDGOAPGT-CQSZACIVSA-N,VRYZIAQDGOAPGT,PubChem,25156750,20457525
CCO[C@@H]1OC(C(=O)N2CCN(Cc3ccc4c(c3)OCO4)CC2)=C[C@H](c2cn(C(C)=O)c3ccccc23)[C@H]1CCCO,Non-blocker,Non-blocker,0,VDZIRWDDZHZACR-YPMZNXIVSA-N,VDZIRWDDZHZACR,PubChem,6671169,
NC1=N[C@@]2(CO1)c1cc(-c3cccnc3F)ccc1Oc1c2cc(N2CCC(F)(F)C2)nc1F,Non-blocker,Blocker,1,MDAFIYVGUWJYCU-QHCPKHFHSA-N,MDAFIYVGUWJYCU,PubChem,53464257,25699151
Cc1ccc(-c2c(C(=O)O)c3ccccc3[nH]c2=O)cc1,Non-blocker,Non-blocker,0,YUGURCXDWBLOAU-UHFFFAOYSA-N,YUGURCXDWBLOAU,PubChem,1476800,
Cn1c(SCCCN2CC[C@]3(C[C@@H]3c3ccc(C(F)(F)F)cc3)C2)nnc1-c1ccncn1,Blocker,Blocker,1,LKIZJVWLCHAZTJ-GCJKJVERSA-N,LKIZJVWLCHAZTJ,PubChem,121315356,27564135
CC/C(=C(\c1ccccc1)c1ccc(OCC[N+](C)C)cc1)c1ccccc1,Blocker,Blocker,,CKMHNXQNOFEKDS-QPLCGJKRSA-N,CKMHNXQNOFEKDS,eval_set_herg_70.csv,,
Cc1cc(Nc2ccc(C)c(Cl)c2)n2nc(C(F)(F)F)nc2n1,Non-blocker,Blocker,1,VLUCXPDTWDLJRX-UHFFFAOYSA-N,VLUCXPDTWDLJRX,data_herg_dev,CHEMBL546168,
O=c1cc(-c2cc3ccncc3n2-c2ccc(Cl)cc2)ccn1C1CC1,Blocker,Blocker,,ANMSOARYIIUEQS-UHFFFAOYSA-N,ANMSOARYIIUEQS,eval_set_herg_70.csv,,
COc1ccc(C(O)c2cc(-c3ncnc4cc(N5CCOCC5)ccc34)c(F)cc2F)nc1,Non-blocker,Non-blocker,0,QEZRHTYDAFPTCM-UHFFFAOYSA-N,QEZRHTYDAFPTCM,data_herg_dev,,
C[C@]12CC[C@@H]3[C@H]4CCC(=O)C=C4CC[C@H]3[C@@H]1CC[C@@H]2OC(=O)CCC1CCCCC1,Non-blocker,Non-blocker,,TXLCJMHILCSZJG-QNTYDACNSA-N,TXLCJMHILCSZJG,eval_set_herg_70.csv,,
CC[C@H](C(=O)NCc1ccco1)N(C(=O)CNS(=O)(=O)c1ccc(C)cc1)c1ccccc1F,Non-blocker,Non-blocker,0,JUWLLAFVLWVJIF-OAQYLSRUSA-N,JUWLLAFVLWVJIF,PubChem,3206939,
Cc1ccc(/C(=C\CN2CCCC2)c2ccccn2)cc1.Cl,Blocker,Blocker,1,WYUYEJNGHIOFOC-NWBUNABESA-N,WYUYEJNGHIOFOC,data_herg_dev,CHEMBL1200450,
CN1[C@H](C(N)=O)CC[C@@H]1c1ccc(OCc2ccccc2F)cc1,Blocker,Non-blocker,0,AIWAPOROUVENTO-MSOLQXFVSA-N,AIWAPOROUVENTO,data_herg_dev,CHEMBL4633318,
Cc1oc(=O)oc1CN1CCN(c2cc3c(cc2F)c(=O)c(C(=O)O)c2n3C(C)S2)CC1,Blocker,Non-blocker,,PWNMXPDKBYZCOO-UHFFFAOYSA-N,PWNMXPDKBYZCOO,eval_set_herg_70.csv,,
C[C@@](O)(c1ccccc1)c1ccc([C@H](Cc2cc[n+]([O-])cc2)c2ccc(OC(F)F)c(OC(F)F)c2)cn1,Blocker,Blocker,1,ZYHYJLXHCQUEQV-SKCUWOTOSA-N,ZYHYJLXHCQUEQV,PubChem,9849838,12773045
CC(=O)c1cn(CC(=O)Nc2ccc(C)cc2)c2ccccc12,Non-blocker,Non-blocker,0,WTYPEEJVHTVGMX-UHFFFAOYSA-N,WTYPEEJVHTVGMX,PubChem,1088584,
N#Cc1ccccc1NC(=O)COC(=O)CN1C(=O)[C@@H]2CCCC[C@H]2C1=O,Non-blocker,Non-blocker,0,BVMYGJLPATXSFV-ZIAGYGMSSA-N,BVMYGJLPATXSFV,PubChem,4205462,
COCC(=O)N1CCC(n2cc(-c3cnc(N)c(-c4nc5ccccc5o4)c3)cn2)CC1,Non-blocker,Non-blocker,0,AFCJQVSLDHWRJB-UHFFFAOYSA-N,AFCJQVSLDHWRJB,data_herg_dev,,
CNS(=O)(=O)c1ccc(CNc2nc3cnc(-c4c(C)ncnc4C4CC4)nc3n([C@@H](C)C3CC3)c2=O)nc1,Blocker,Non-blocker,0,RCPHQXYXHNNIRI-HNNXBMFYSA-N,RCPHQXYXHNNIRI,data_herg_dev,CHEMBL4785102,
CCc1nc2cc3c(cc2o1)CCN(CCCSc1nnc(-c2ccc(F)c(F)c2)n1C)CC3,Blocker,Blocker,1,JCUBTYXXBDFOHF-UHFFFAOYSA-N,JCUBTYXXBDFOHF,CUPID,11562113,18248991
O=c1cc(NC2CCN(Cc3ccc4c(c3)OCO4)CC2)c2cc(Cl)ccc2n1Cc1ccccc1,Blocker,Blocker,1,JFKJLEGVSYQSFA-UHFFFAOYSA-N,JFKJLEGVSYQSFA,PubChem,22348140,16524729
Cn1nc(NCC(=O)NC2CN([C@H]3CC[C@@H](C#N)CC3)C2)c2cc(C(F)(F)F)ccc21,Blocker,Non-blocker,0,YMWLGNDIOUYMFZ-AKAXFMLLSA-N,YMWLGNDIOUYMFZ,data_herg_dev,CHEMBL1834638,
C[C@@H]1Cc2c([nH]c3ccc(F)cc23)[C@@H](c2c(F)ccc(OCCNCCCF)c2F)N1CC(F)(F)CO,Blocker,Blocker,1,WEBMNFBVPLSXNC-SGANQWHYSA-N,WEBMNFBVPLSXNC,PubChem,135263188,
CCCCN1CCC[C@@H]1Cn1nc(Cc2ccc(Cl)cc2)c2ccccc2c1=O,Blocker,Blocker,1,YZAHEHXQIMZHAJ-HXUWFJFHSA-N,YZAHEHXQIMZHAJ,PubChem,71461781,22985961
N#C[C@@H]1C[C@H](F)CN1C(=O)[C@@H](N)Cc1cscn1,Non-blocker,Non-blocker,0,CUPCYUWUZVDHKW-HGNGGELXSA-N,CUPCYUWUZVDHKW,data_herg_dev,CHEMBL3127986,
COc1ccc2c(c1)N(CCN1CCC(NCc3cc4c(cn3)OCCO4)CC1)C(=O)CS2,Blocker,Blocker,1,YTJSACWQHCVCST-UHFFFAOYSA-N,YTJSACWQHCVCST,CUPID,15983552,21999508
CCOc1ccc(N2C[C@H](C(=O)Nc3cccc(S(=O)(=O)/N=C4/CCCN4)c3)CC2=O)cc1,Non-blocker,Non-blocker,0,BLKBIUNAPMGGEY-MRXNPFEDSA-N,BLKBIUNAPMGGEY,PubChem,4266941,
Cc1c(N2CCC(C3(N)CC3)C2)c(F)cc2cc(C#N)c(=O)n(C3CC3)c12,Blocker,Blocker,1,CIIDOQJEHOCOSD-UHFFFAOYSA-N,CIIDOQJEHOCOSD,PubChem,CUPID,
COc1cc(Nc2ncc(C)s2)nc(N[C@@H](C)c2ncc(F)cn2)n1,Non-blocker,Non-blocker,0,WGKSOSILOJKGAV-VIFPVBQESA-N,WGKSOSILOJKGAV,data_herg_dev,CHEMBL1088029,
C[C@@H]1CN([C@@H](C)CO)C(=O)c2cc(Br)cnc2O[C@H]1CN(C)Cc1ccc(-c2ccccc2)cc1,Non-blocker,Blocker,1,HCUAOTQGANJKLP-GOHWNWGWSA-N,HCUAOTQGANJKLP,PubChem,46904072,
N#CC1(NC(=O)[C@@H]2CCCC[C@H]2C(=O)N2CCN(c3nc4cnccc4s3)CC2)CC1,Non-blocker,Non-blocker,0,VSLVCMQLWKKHKL-HZPDHXFCSA-N,VSLVCMQLWKKHKL,data_herg_dev,CHEMBL2070951,
CC[C@@H](NC(=O)c1cc(C(=O)N2CCC[C@@H]2C)n2c1COCC2)c1ccc(C(F)(F)F)nc1,Blocker,Blocker,1,OEGNOLHLTZVBSU-WMLDXEAASA-N,OEGNOLHLTZVBSU,data_herg_dev,CHEMBL3966365,
Cc1c(C(=O)c2ccc(Cl)c(Cl)c2)cnc2cc3c(cc12)OCO3,Non-blocker,Non-blocker,0,RMXHLEDDJIDKFQ-UHFFFAOYSA-N,RMXHLEDDJIDKFQ,PubChem,1046828,
CC(c1ccc(Cl)nc1)N1C2CCC1CC(Oc1cccc(C(N)=O)c1)C2,Blocker,Blocker,1,DMCNIEIKHCMYAH-UHFFFAOYSA-N,DMCNIEIKHCMYAH,CUPID,CUPID,
N[C@H](C(=O)N1CCC(F)(F)C1)[C@H]1CC[C@H](NS(=O)(=O)c2ccc(OC(F)(F)F)cc2)CC1,Blocker,Blocker,1,RMZXAQNHSDWZDH-XEZPLFJOSA-N,RMZXAQNHSDWZDH,PubChem,44458548,14980678
CN1C[C@@H](c2ccc(-c3ccc4c(c3)OC[C@H]3[C@H](CO)OC(=O)N43)cn2)OC1=O,Non-blocker,Non-blocker,0,JKBLWYHIECGMDC-SZMVWBNQSA-N,JKBLWYHIECGMDC,data_herg_dev,CHEMBL2323189,
Cc1[nH]c2nccnc2c1CCNCc1ccc(/C=C/C(=O)NO)cc1,Non-blocker,Non-blocker,0,IQUVDUWKZURIRZ-VOTSOKGWSA-N,IQUVDUWKZURIRZ,data_herg_dev,CHEMBL1819264,
CCc1cc2c(cc1N1CCC(N3CCOCC3)CC1)C(C)(C)c1[nH]c3cc(C#N)ccc3c1C2=O,Blocker,Non-blocker,0,KDGFLJKFZUIJMX-UHFFFAOYSA-N,KDGFLJKFZUIJMX,data_herg_dev,CHEMBL1738797,
Cl.Oc1ccc2c3c1O[C@H]1[C@@H](O)CC[C@@]4(O)C(C2)N(CC2CCC2)CCC314,Blocker,Blocker,1,YZLZPSJXMWGIFH-ULZNZBCLSA-N,YZLZPSJXMWGIFH,data_herg_dev,CHEMBL2373637,
O=C(CN1C(=O)C2(CCCCC2)OC1c1cc(F)cc(F)c1)Nc1ccc2c(c1)C[C@@]1(C2)C(=O)Nc2ncccc21,Non-blocker,Non-blocker,,FSYBENFNTMFBSX-DINWUYGQSA-N,FSYBENFNTMFBSX,eval_set_herg_70.csv,,
O=C(c1ccco1)N1CCC[C@@H](c2nc(-c3ccc(S(=O)(=O)NCc4ccccc4)cc3)no2)C1,Non-blocker,Non-blocker,0,ZPIQTKFMNQCPAX-HXUWFJFHSA-N,ZPIQTKFMNQCPAX,PubChem,655414,
N#Cc1cccc(C(=O)N2CCC(c3ccc(C(=O)N=C(N)N)cc3C(F)(F)F)CC2)c1,Blocker,Non-blocker,,WYKRFGYHTDMMFI-UHFFFAOYSA-N,WYKRFGYHTDMMFI,eval_set_herg_70.csv,,
c1ccc(Nc2nc(-c3ccccn3)cs2)cc1,Non-blocker,Non-blocker,0,VZHGZKUEVAANEJ-UHFFFAOYSA-N,VZHGZKUEVAANEJ,PubChem,873000,
C[C@]1(c2nnc(-c3ccncc3)o2)CC(c2cccc(Cl)c2)=NO1,Non-blocker,Non-blocker,0,MVEVHNUWMZOBRK-QGZVFWFLSA-N,MVEVHNUWMZOBRK,PubChem,23640819,
Cc1ccc(NC(=O)c2ncn(CCCN(CCCn3cnc(C(=O)Nc4ccc(C)c(C)c4)n3)Cc3ccc4[nH]ccc4c3)n2)cc1C,Blocker,Blocker,1,YVZOMXLCKXYVEA-UHFFFAOYSA-N,YVZOMXLCKXYVEA,PubChem,45281094,
CN(C/C=C/C=C/c1ccc(C(F)(F)F)cc1)Cc1ccc2c(c1)OCCO2.Cl,Blocker,Non-blocker,0,LPROHUCXSLIBNO-BJMABRHOSA-N,LPROHUCXSLIBNO,data_herg_dev,CHEMBL4288408,
O=C(c1ccncc1)N1CCN(c2ccc(OCCCN3CCCCC3)cc2)C(=O)C1.O=CO,Non-blocker,Non-blocker,0,NQEWRKQNDSWJNM-UHFFFAOYSA-N,NQEWRKQNDSWJNM,data_herg_dev,CHEMBL238503,
Nc1ccnc(N2CCC(C(=O)Nc3ccc4ccccc4n3)(c3ccccc3)CC2)c1,Blocker,Blocker,1,DFQNSXQWRIMKRB-UHFFFAOYSA-N,DFQNSXQWRIMKRB,PubChem,44573249,19231185
O=C([C@@H]1CC[C@@H](N2CCOCC2)C[C@H]1c1ccc(Br)cc1)N1CC(c2ccccc2)(c2ccccc2)C1,Blocker,Blocker,1,IYAVTZWBGCXXFI-OCBJUFRSSA-N,IYAVTZWBGCXXFI,PubChem,72546989,24157366
C[N+]CCCN1c2ccccc2CCc2ccccc21,Blocker,Blocker,,AHTVNVWEYZJFPQ-UHFFFAOYSA-N,AHTVNVWEYZJFPQ,eval_set_herg_70.csv,,
C[C@@H](Oc1ccc(Cl)cc1Cl)C(=O)NNC(=O)C(=O)N1CCCC1,Non-blocker,Non-blocker,0,PWUKWJMMJUHIRR-SECBINFHSA-N,PWUKWJMMJUHIRR,PubChem,3120249,
Cc1nc(Nc2[nH]nc3c2CN(C(=O)N[C@H](CN(C)C)c2ccccc2)C3(C)C)c2sccc2n1,Blocker,Non-blocker,0,AYCPARAPKDAOEN-LJQANCHMSA-N,AYCPARAPKDAOEN,data_herg_dev,CHEMBL3128043,
Fc1ccc2c(C3CCN(CCCOc4ccc(Cc5nc6ccccc6o5)cc4)CC3)noc2c1,Blocker,Blocker,1,DRXDGURYDDKZLG-UHFFFAOYSA-N,DRXDGURYDDKZLG,PubChem,122196381,26483200
O=C(c1cc(Cl)c(O)cc1OCC(O)CN1CCC2(CC1)Cc1cc(Cl)ccc1O2)N1CCC(O)C1,Blocker,Blocker,1,XWVFBOZRYAJUFX-UHFFFAOYSA-N,XWVFBOZRYAJUFX,PubChem,CUPID,
CC(=O)OC(c1ccccc1)C(Cl)(Cl)Cl,Non-blocker,Non-blocker,0,JKRWZLOCPLZZEI-UHFFFAOYSA-N,JKRWZLOCPLZZEI,data_herg_dev,,7007
Oc1cc(Cl)ccc1Oc1ccc(Cl)cc1Cl,Non-blocker,Non-blocker,0,XEFQLINVKFYRCS-UHFFFAOYSA-N,XEFQLINVKFYRCS,data_herg_dev,,5564
O=C(NCc1ccccc1)[C@@H]1CCC[C@H]1C(O)CCc1ccccc1OC(F)(F)F,Blocker,Blocker,1,XZRLVGBZHCJDPS-LEAGNCFPSA-N,XZRLVGBZHCJDPS,data_herg_dev,CHEMBL205258,
CC(=O)N1CCC(n2cc(Nc3ncc(Cl)c(-c4cnn5ccccc45)n3)c(C)n2)CC1,Non-blocker,Blocker,1,HIMUEIQDEDWCOT-UHFFFAOYSA-N,HIMUEIQDEDWCOT,CUPID,127051621,27078757
C[C@H](C(=O)Nc1cccc([N+](=O)[O-])c1)N(c1ccccc1)S(C)(=O)=O,Non-blocker,Non-blocker,0,LKCZCUXRQCDGKI-GFCCVEGCSA-N,LKCZCUXRQCDGKI,PubChem,2929896,
C[C@H]1CC(=O)NN=C1c1ccc(OC2CCN(C3CCC3)CC2)cc1,Non-blocker,Non-blocker,,CSSVMZXGVYOUCF-AWEZNQCLSA-N,CSSVMZXGVYOUCF,eval_set_herg_70.csv,,
COc1ccc([C@H](CC(=O)N2CCN(Cc3nc4ccc(C)cc4o3)CC2)c2ccccc2)cc1,Non-blocker,Blocker,1,STLXCCZDCQSBKO-RUZDIDTESA-N,STLXCCZDCQSBKO,PubChem,53316459,21126876
CN(C)c1cccc(C(=O)OCC(=O)Nc2ccccc2Sc2ccccc2)c1,Non-blocker,Non-blocker,0,VAMMCJXAOIUTKH-UHFFFAOYSA-N,VAMMCJXAOIUTKH,PubChem,2079073,
O=C(NCCCN1CCCC1)c1ccc(CS(=O)(=O)c2c(Cl)cccc2Cl)o1,Non-blocker,Non-blocker,0,FXJGXOWVTBPQEE-UHFFFAOYSA-N,FXJGXOWVTBPQEE,PubChem,20859756,
CN(C/C=C/C#CC(C)(C)C)Cc1cccc2ccccc12,Blocker,Non-blocker,,DOMXUEMWDBAQBQ-WEVVVXLNSA-N,DOMXUEMWDBAQBQ,eval_set_herg_70.csv,,
CN1C2CC[C@@H]1C[C@H](OC(=O)c1ccccc1)C2C(=O)O,Blocker,Non-blocker,0,GVGYEFKIHJTNQZ-ZIHBUVQPSA-N,GVGYEFKIHJTNQZ,data_herg_dev,CHEMBL284394,
O=C1CCc2c(Oc3ccc4c(c3)C[C@H](NC(=O)c3cccc(C(F)(F)F)c3)CC4)ccnc2N1,Non-blocker,Non-blocker,0,VWDIIVROCTXOMH-LJQANCHMSA-N,VWDIIVROCTXOMH,data_herg_dev,CHEMBL3765596,
CCOC(=O)[C@@H](C)n1cnc2c1c(=O)[nH]c(=O)n2C,Non-blocker,Non-blocker,0,OGLIATBUNONCSB-ZCFIWIBFSA-N,OGLIATBUNONCSB,PubChem,3093806,
C[C@@H]1CN(CCCCN2C(=O)c3ccccc3C2=O)C[C@@H](C)O1,Blocker,Non-blocker,0,OCMWTSBWJSCCOO-ZIAGYGMSSA-N,OCMWTSBWJSCCOO,PubChem,16196164,
CC(CCO)n1nc(-c2ccc3cc(OC4CC4)ccc3c2)c(C(N)=O)c1N,Non-blocker,Non-blocker,0,PIEMVAGVIAJXCC-UHFFFAOYSA-N,PIEMVAGVIAJXCC,data_herg_dev,CHEMBL4751897,
CC(C)(O)C(=O)NN(C(=O)c1ccccc1)c1ccc2ccccc2c1,Blocker,Non-blocker,0,VDLJNNDLAOOMLZ-UHFFFAOYSA-N,VDLJNNDLAOOMLZ,PubChem,921812,
O=S(=O)(c1ccc(Cl)cc1)C1CCN(CCc2ccc(F)cc2F)CC1,Blocker,Blocker,1,BXUOVUWILQWARZ-UHFFFAOYSA-N,BXUOVUWILQWARZ,PubChem,11825520,11784153
Cc1cccc(C(=O)OCC(=O)NC[C@H]2CCCO2)c1O,Non-blocker,Non-blocker,0,HQCKEDGCUUFEPE-LLVKDONJSA-N,HQCKEDGCUUFEPE,PubChem,4237988,
Cc1cc(C(=O)O)ccc1-c1ccc(N2C(=O)N(c3nccnc3C)C3(CCN(Cc4ncccc4C)CC3)C2=O)cc1,Blocker,Blocker,1,NYAAHHZTIZKYSF-UHFFFAOYSA-N,NYAAHHZTIZKYSF,PubChem,57387540,22364528
OCC[C@@H]1CN(Cc2ccc(C(F)(F)F)cc2)CCN1Cc1ccccc1,Non-blocker,Non-blocker,0,YMRPHPHFMFXLRO-HXUWFJFHSA-N,YMRPHPHFMFXLRO,PubChem,16191128,
CCC(=O)Nc1cccc(C2=NO[C@@]3(C2)C[C@H](C(N)=O)N(C(=O)CC#N)C3)c1,Non-blocker,Blocker,1,YOIPVHWFVIWVBY-BEFAXECRSA-N,YOIPVHWFVIWVBY,PubChem,16681910,
CNC(=O)COC(=O)CNC(=O)c1cc(Cl)cc([N+](=O)[O-])c1,Non-blocker,Non-blocker,0,KJCNATKCIFXQBY-UHFFFAOYSA-N,KJCNATKCIFXQBY,PubChem,2434959,
Cc1noc(NC(=O)N2CCC3(CC2)CC(c2cccc(Oc4ccc(C(F)(F)F)cn4)c2)C3)c1C,Blocker,Blocker,1,XZUYFJDKICKVCN-UHFFFAOYSA-N,XZUYFJDKICKVCN,PubChem,46187153,21924614
COc1ccc2[nH]cc(C(=O)CN3CCN(C4CCCCC4)CC3)c2c1,Non-blocker,Non-blocker,0,SJTNEGOQTOADLM-UHFFFAOYSA-N,SJTNEGOQTOADLM,PubChem,659165,
C/C(=N\Nc1ccc(S(=O)(=O)N2CCOCC2)cc1[N+](=O)[O-])C(C)C,Non-blocker,Non-blocker,0,QSEGVTDFOQPCDJ-FOWTUZBSSA-N,QSEGVTDFOQPCDJ,PubChem,9658789,
CCOC(=O)COc1ccc2c(c1)C[C@H](NC[C@H](O)c1cccc(Cl)c1)CC2,Blocker,Blocker,1,RDJQCOBTKKAQAH-CTNGQTDRSA-N,RDJQCOBTKKAQAH,PubChem,21935081,
Fc1cccc(CCN2C(=S)NC[C@@H]2c2ccccc2)c1,Non-blocker,Non-blocker,0,WGEILCMTSPZUCT-MRXNPFEDSA-N,WGEILCMTSPZUCT,PubChem,16682596,
O=C(c1ccncc1)N1CCN(C2CCCCC2)CC1,Non-blocker,Non-blocker,0,VQNGPERVKJMHDR-UHFFFAOYSA-N,VQNGPERVKJMHDR,PubChem,2879989,
COc1cnc(C(=O)Nc2ccc(F)c([C@@]3(C)N=C(N)O[C@H](CF)[C@@H]3F)c2)cn1,Blocker,Blocker,1,QVFZVZFFEJQDAB-QIIPPGSGSA-N,QVFZVZFFEJQDAB,data_herg_dev,CHEMBL4227313,
CN1CCN(/C=N/c2c(C#N)cnn2C)CC1,Non-blocker,Non-blocker,0,RXZAFDNTQVGKFZ-UKTHLTGXSA-N,RXZAFDNTQVGKFZ,PubChem,9587693,
O=C(c1[nH]ncc1-c1cccc(Br)c1)[C@H]1CO1,Non-blocker,Non-blocker,0,YSJDEWTWCAJZCB-SNVBAGLBSA-N,YSJDEWTWCAJZCB,PubChem,3504598,
CC(=O)Nc1cccc(C2CCN(Cc3ccc(C(=O)c4nc5cccnc5n4-c4ccc(F)cc4)cc3)CC2)c1,Blocker,Blocker,1,PWIWFWREUGTRPM-UHFFFAOYSA-N,PWIWFWREUGTRPM,data_herg_dev,CHEMBL3219274,
CCOC(=O)c1c(C)[nH]c(C(=O)CSc2nnnn2-c2ccccc2)c1C,Non-blocker,Non-blocker,0,AIQXDIVCWNHJEF-UHFFFAOYSA-N,AIQXDIVCWNHJEF,PubChem,982844,
O=C1OC2(c3ccccc31)c1cc(Br)c(O)c(Br)c1Oc1c2cc(Br)c(O)c1Br,Non-blocker,Non-blocker,,DBZJJPROPLPMSN-UHFFFAOYSA-N,DBZJJPROPLPMSN,eval_set_herg_70.csv,,
C/C(=N\NC=O)c1ccncc1,Non-blocker,Non-blocker,0,BUGCXDDICVNIJU-YRNVUSSQSA-N,BUGCXDDICVNIJU,PubChem,9657196,
FC(F)(F)Oc1ccc(-c2ccc3nnc(C(F)(F)F)n3c2)cc1,Blocker,Blocker,1,FEVBKJITJDHASC-UHFFFAOYSA-N,FEVBKJITJDHASC,data_herg_dev,CHEMBL3809595,
CCN1C[C@]2(CO)CCC(OC)[C@]34C5C[C@@H]6C(OC)C[C@@](O)(C5[C@H]6O)[C@](O)(C13)[C@H](OC)C24,Non-blocker,Non-blocker,,NCFXPSTWPUGLEA-PCDDXAEGSA-N,NCFXPSTWPUGLEA,eval_set_herg_60.csv,,
CCOc1ccc(C(=O)Nc2ccc(N3CCN(S(C)(=O)=O)CC3)cc2)cc1[N+](=O)[O-],Non-blocker,Non-blocker,0,ZAGRGBICLSBMRC-UHFFFAOYSA-N,ZAGRGBICLSBMRC,PubChem,1290529,
N#Cc1cc(F)c(Cl)cc1O[C@H](CCN)c1ccccc1.O=C(O)C(=O)O,Blocker,Blocker,1,PAHRBTYOMQPLOY-XFULWGLBSA-N,PAHRBTYOMQPLOY,data_herg_dev,CHEMBL1762479,
Cn1c(=O)n(CC(=O)N2CCC2)c2cc(-c3ccc(C(F)F)s3)cnc21,Blocker,Blocker,1,KTDMNJGDTMUKDB-UHFFFAOYSA-N,KTDMNJGDTMUKDB,data_herg_dev,CHEMBL4750166,
NC(=O)c1cnc2c(F)cc(-c3cccnc3)cc2c1NC1CCOCC1,Blocker,Blocker,1,BUAKQGPABFPJOT-UHFFFAOYSA-N,BUAKQGPABFPJOT,PubChem,155562079,27259031
Cc1ccc([N+](=O)[O-])cc1-c1ccc(/C=N/NC(=O)c2cc3c(ccc4ccccc43)o2)o1,Non-blocker,Non-blocker,0,LFTIXZZEYOCEIE-VULFUBBASA-N,LFTIXZZEYOCEIE,PubChem,6876252,
CCOc1ccccc1NC(=O)CSc1nnnn1-c1ccccc1,Non-blocker,Non-blocker,0,ZIKPPXWJFRLWQN-UHFFFAOYSA-N,ZIKPPXWJFRLWQN,PubChem,982774,
CNc1nc(NCCCN(C)C)c2sc(-c3ccc4nonc4c3)cc2n1,Blocker,Blocker,1,ZIBAHCFPPOHWMP-UHFFFAOYSA-N,ZIBAHCFPPOHWMP,CUPID,76317941,24446664
C[n+]1c(C#CC2CCCCC2)cccc1C#CC1CCCCC1,Non-blocker,Blocker,1,UZAQXCMNQMXFBY-UHFFFAOYSA-N,UZAQXCMNQMXFBY,PubChem,71606230,26125327
NCC1(O)CCN(c2cc(F)c(F)c(Oc3cccc(F)c3)c2)CC1,Blocker,Blocker,,RZKJUZNVAKAQIB-UHFFFAOYSA-N,RZKJUZNVAKAQIB,eval_set_herg_70.csv,,
O=C(NCCOc1ccccc1)c1ncn[nH]1,Non-blocker,Non-blocker,0,ZINLFCBRSAHZFK-UHFFFAOYSA-N,ZINLFCBRSAHZFK,PubChem,2229845,
Cc1ccc(OC(=O)c2ccc(Br)o2)cc1,Non-blocker,Blocker,1,AFERWRQYCZNTSB-UHFFFAOYSA-N,AFERWRQYCZNTSB,PubChem,878839,
CC(C)CN(C(=O)c1cccc(C(F)(F)F)c1Cl)C1CCNC1,Blocker,Blocker,1,CCXVQWDBHGEOJC-UHFFFAOYSA-N,CCXVQWDBHGEOJC,CUPID,CUPID,
C[C@H]1C[C@H]2CSC(N)=N[C@@]2(c2ccccc2C(F)(F)F)CO1,Blocker,Non-blocker,,UASXOTVJCSRYMT-BHDSKKPTSA-N,UASXOTVJCSRYMT,eval_set_herg_70.csv,,
O=C1N=c2ccccc2=[N+]1CCC[NH+]1CCC([N+]2=c3ccc(Cl)cc3=NC2=O)CC1,Non-blocker,Blocker,,FFWLPSTYHBXBAE-UHFFFAOYSA-O,FFWLPSTYHBXBAE,eval_set_herg_60.csv,,
CC(C)(C)OC(=O)N1CC2CC(CN(C[C@H](O)COc3ccc(C#N)cc3)C2)C1,Non-blocker,Blocker,1,FFDOXSIZJSGXOQ-ACBHZAAOSA-N,FFDOXSIZJSGXOQ,data_herg_dev,,
CC#CCn1c(N2CCCNCC2)c(C#N)c2c1c(=O)n(Cc1ncc3ccccc3c1C#N)c(=O)n2C,Blocker,Non-blocker,0,SLOCMALOQGQDAO-UHFFFAOYSA-N,SLOCMALOQGQDAO,data_herg_dev,CHEMBL1951416,
CC1CC(OC(=O)c2ccccc2O)CC(C)(C)C1,Non-blocker,Blocker,1,WSSJONWNBBTCMG-UHFFFAOYSA-N,WSSJONWNBBTCMG,data_herg_dev,CHEMBL1377575,
O=C(O)CSc1cc(C(F)(F)F)nc(-c2ccccn2)n1,Non-blocker,Blocker,1,OLBQCQTXZIJZSQ-UHFFFAOYSA-N,OLBQCQTXZIJZSQ,PubChem,1475721,
O=C1OCc2cc(CCC3(O)CCN(C(=O)Cc4ccc(-n5cnnn5)cc4)CC3)ccc21,Blocker,Blocker,1,LUSGOTJDJQEKNQ-UHFFFAOYSA-N,LUSGOTJDJQEKNQ,PubChem,86730519,27017115
Oc1c(I)cc(Cl)c2cccnc12,Non-blocker,Non-blocker,0,QCDFBFJGMNKBDO-UHFFFAOYSA-N,QCDFBFJGMNKBDO,data_herg_dev,CHEMBL497,
Nc1ccc(Oc2ccc(Cl)cc2)cc1,Non-blocker,Non-blocker,,YTISFYMPVILQRL-UHFFFAOYSA-N,YTISFYMPVILQRL,eval_set_herg_70.csv,,
Fc1cc(Cl)cnc1C(F)(F)CN1CCC(Nc2ncnc3[nH]ncc23)CC1,Non-blocker,Blocker,1,NHTAIJISQFPYEN-UHFFFAOYSA-N,NHTAIJISQFPYEN,data_herg_dev,,
N#Cc1nc(CCCNc2ccccn2)cc(-c2cccc(C(F)(F)F)c2)n1,Blocker,Blocker,1,CXDMEJPMIGCWHH-UHFFFAOYSA-N,CXDMEJPMIGCWHH,PubChem,52944637,20843687
COc1ccc(/C=C2\N=C(C)OC2=O)cc1[N+](=O)[O-],Non-blocker,Non-blocker,0,AVHSXBWDROAZHU-UITAMQMPSA-N,AVHSXBWDROAZHU,PubChem,1920706,
Cc1cccc(C)c1NC(=O)CC12CCC[N+]1CCC2,Non-blocker,Non-blocker,,MNVNPNBWOHKKPU-UHFFFAOYSA-N,MNVNPNBWOHKKPU,eval_set_herg_60.csv,,
CC(C)(O)c1cccn2c(C3(c4ccc(Cl)cc4)CC3)nnc12,Non-blocker,Non-blocker,0,PTIFVLOBVCIMKL-UHFFFAOYSA-N,PTIFVLOBVCIMKL,data_herg_dev,CHEMBL4301600,
CN(C)Cc1ccc2c(c1)CC[C@H](N(C)C(=O)c1ccc(-c3ccccn3)cc1)C2,Non-blocker,Non-blocker,0,NMZKSRUUENLYFV-DEOSSOPVSA-N,NMZKSRUUENLYFV,data_herg_dev,CHEMBL267320,
CCCN(CCC)CCc1cccc2c1CC(=O)N2.Cl,Non-blocker,Blocker,1,XDXHAEQXIBQUEZ-UHFFFAOYSA-N,XDXHAEQXIBQUEZ,data_herg_dev,CHEMBL1200411,
O=C(CSCc1cnn(-c2ccccc2)c1-n1cccc1)NCc1cccnc1,Non-blocker,Blocker,1,IRNQRRHGJPIZGE-UHFFFAOYSA-N,IRNQRRHGJPIZGE,PubChem,3552940,
Cc1ccc2c(N3CCN(CCc4cccc5c4OCc4nnc(C)n4-5)CC3)cccc2n1,Blocker,Non-blocker,0,LMIGPJJYYRXPJA-UHFFFAOYSA-N,LMIGPJJYYRXPJA,data_herg_dev,CHEMBL1241738,
C[C@@H](OC(=O)c1ccc(-n2cnnn2)cc1)C(=O)NCc1ccccc1,Non-blocker,Non-blocker,0,RVIXQIKVENWOEN-CYBMUJFWSA-N,RVIXQIKVENWOEN,PubChem,16276855,
COc1ccc(C(=O)Nc2nc3ccccc3c(NCc3ccccc3)c2C#N)cc1,Non-blocker,Non-blocker,0,FFHQNQNMELQOEF-UHFFFAOYSA-N,FFHQNQNMELQOEF,data_herg_dev,,10201497
Cc1ccc(C(=O)N2CCN(c3ccc(OCCCN4CCCCC4)cc3)C(=O)C2)cc1,Non-blocker,Non-blocker,0,KHGOQUXTUPMUON-UHFFFAOYSA-N,KHGOQUXTUPMUON,data_herg_dev,,
CC1=NC2=[N+](CCCC2O)C(=O)C1CC[NH+]1CCC(c2noc3cc(F)ccc23)CC1,Blocker,Blocker,1,IFJXTHMUQNPIKI-UHFFFAOYSA-O,IFJXTHMUQNPIKI,data_herg_dev,,
COc1ccc(CC(=O)Nc2ccc(-c3nnc(-c4ccc(C)cc4)o3)cc2)cc1,Non-blocker,Non-blocker,0,PACKUEYOUHHCHU-UHFFFAOYSA-N,PACKUEYOUHHCHU,PubChem,1294322,
COc1cnc(NC(=O)c2cc(Oc3cnc(C(=O)N(C)C)cn3)c3cc(C)oc3c2)cn1,Blocker,Blocker,1,JOUZBDDVEPPQRK-UHFFFAOYSA-N,JOUZBDDVEPPQRK,data_herg_dev,CHEMBL3218497,
Oc1[nH]c2ccc(Br)cc2c1/N=N/c1ccc(F)cc1,Non-blocker,Non-blocker,0,FRKWHJNOUBRZFC-VHEBQXMUSA-N,FRKWHJNOUBRZFC,PubChem,3621325,
CCOc1ccccc1NC(=O)Cn1nnc(C(=O)NCc2ccco2)c1N,Non-blocker,Non-blocker,0,CXNFECFBSYNUCV-UHFFFAOYSA-N,CXNFECFBSYNUCV,PubChem,3236382,
CC(C)(C)C(O)C(=O)N1CC(c2cc(F)ccc2F)=CC1c1cccc(O)c1,Non-blocker,Blocker,1,XKFYPIKUIRIHMW-UHFFFAOYSA-N,XKFYPIKUIRIHMW,CUPID,CUPID,
Cc1ccccc1NC(=O)CSc1nc2c(c(=O)n(C)c(=O)n2C)n1C,Non-blocker,Non-blocker,0,HHBTYQOGSCAOQR-UHFFFAOYSA-N,HHBTYQOGSCAOQR,PubChem,1172258,
CCOc1ccc(NC(=O)CCN2CCN(S(=O)(=O)c3ccc(OC)cc3)CC2)cc1,Non-blocker,Non-blocker,0,FISDVUATWINFKB-UHFFFAOYSA-N,FISDVUATWINFKB,PubChem,9550798,
C[C@H]1C=C(C2=Nc3ccccc3Nc3ccc(Cl)cc32)CCN1C,Blocker,Blocker,1,NBZOFTWCMCHMEK-ZDUSSCGKSA-N,NBZOFTWCMCHMEK,PubChem,162646218,32976928
CN1CCN(C(=O)COc2ccc3cc(Oc4ccc(C#N)cc4)ccc3n2)CC1,Non-blocker,Blocker,1,XQEGAUOKYWANEV-UHFFFAOYSA-N,XQEGAUOKYWANEV,CUPID,168272650,35436748
CN(C)C(=S)[S-].CN(C)C(=S)[S-].[Zn+2],Non-blocker,Non-blocker,0,DUBNHZYBDBBJHD-UHFFFAOYSA-L,DUBNHZYBDBBJHD,data_herg_dev,CHEMBL1519327,
COc1ccccc1NS(=O)(=O)c1cccc(C(=O)N/N=C/c2ccc(N3CCOCC3)cc2)c1,Non-blocker,Non-blocker,0,GADAZWFVXMXGHE-NLRVBDNBSA-N,GADAZWFVXMXGHE,PubChem,6900331,
C[N+](C)CCOC(c1ccccc1)c1ccccc1,Blocker,Non-blocker,,NDUDJADOYQLVBP-UHFFFAOYSA-N,NDUDJADOYQLVBP,eval_set_herg_60.csv,,
CN1CCN(Cc2ccc3c(c2)Cc2c(-c4csc(C#CCOc5cccc(Cl)c5)c4)n[nH]c2-3)CC1,Blocker,Blocker,1,ISTDZFSLGBFOSM-UHFFFAOYSA-N,ISTDZFSLGBFOSM,CUPID,16220874,17425296
CCN1CC2(CCN(CCc3cccc(F)c3)CC2)OC(C)C1=O,Blocker,Blocker,1,MNYSMGPLHSJGLY-UHFFFAOYSA-N,MNYSMGPLHSJGLY,CUPID,CUPID,
COCCCn1cc(CN(C(=O)[C@H]2CNCC[C@@H]2c2ccn(C)c(=O)c2)C2CC2)c2c(F)cccc21,Non-blocker,Non-blocker,0,FEFMYHRWHRBBAH-PKTZIBPZSA-N,FEFMYHRWHRBBAH,data_herg_dev,CHEMBL1796069,
S=C1SCN(Cc2ccccc2)CN1Cc1ccccc1,Non-blocker,Non-blocker,0,QFVAWNPSRQWSDU-UHFFFAOYSA-N,QFVAWNPSRQWSDU,data_herg_dev,,67686
CN(C)C[C@H](c1ccc2ccccc2c1)[C@H](N)c1ccccc1,Non-blocker,Non-blocker,,UOYWGKDKOJANLM-NHCUHLMSSA-N,UOYWGKDKOJANLM,eval_set_herg_70.csv,,
Cc1ccc2c(-c3nnc(SCCCN4C[C@@H]5C[C@]5(c5ccc(Br)cc5)C4)n3C)cccc2n1,Blocker,Blocker,1,VUFRFPUOFHXBBM-CCLHPLFOSA-N,VUFRFPUOFHXBBM,PubChem,44626639,19891474
NCCCCNS(=O)(=O)c1cccc2c(Cl)cccc12,Blocker,Blocker,1,OZDWAHBMLHXZTI-UHFFFAOYSA-N,OZDWAHBMLHXZTI,PubChem,9884715,
O=C(CNC(=S)N(CCCN1CCOCC1)Cc1cccs1)N1CCCCCC1,Non-blocker,Non-blocker,0,AUQSHKUNFZCVLH-UHFFFAOYSA-N,AUQSHKUNFZCVLH,PubChem,16193364,
O=C(COc1ccc(Cl)cc1)OCCNC12CC3CC(CC(C3)C1)C2,Non-blocker,Non-blocker,0,PLSMXIQMWYSHIV-UHFFFAOYSA-N,PLSMXIQMWYSHIV,data_herg_dev,,64517
CCc1nc2cc3c(c(Br)c2o1)CCN(CCSc1nnc(-c2cccc4nc(C)ccc24)n1C)CC3,Blocker,Blocker,1,YGOJZWAMJUGUJD-UHFFFAOYSA-N,YGOJZWAMJUGUJD,CUPID,44454248,18248991
CN(C)CCCN1c2ccccc2Sc2cnccc21,Blocker,Blocker,1,PKUROYWZWHYCHD-UHFFFAOYSA-N,PKUROYWZWHYCHD,PubChem,423675,
CN1C[C@]2(CCN(CCc3ccccc3)CC2)O[C@]2(CC2)C1=O,Non-blocker,Blocker,1,ZUGPOQBHNCDHMW-UHFFFAOYSA-N,ZUGPOQBHNCDHMW,CUPID,118561105,33064947
Cc1nn(C)cc1CNCc1c(C(=O)N2CCCCC2)nc2c(C)cccn12,Non-blocker,Non-blocker,0,FYFBDERHNGTKSD-UHFFFAOYSA-N,FYFBDERHNGTKSD,PubChem,16187575,
C[C@@H](OC(=O)c1cccc(N2C(=O)c3ccccc3C2=O)c1)C(=O)Nc1ccc(N(C)C)cc1,Non-blocker,Non-blocker,0,FMBWZNXIWJUOLF-MRXNPFEDSA-N,FMBWZNXIWJUOLF,PubChem,3407698,
COCCCc1cc(CCCNS(C)(=O)=O)c(Cl)c(CN(C(=O)[C@H]2CNCC[C@@]23OCc2cc(F)c(F)cc23)C2CC2)c1,Blocker,Non-blocker,0,XYRCXXGEWXZMCD-NEEKEDPPSA-N,XYRCXXGEWXZMCD,data_herg_dev,CHEMBL1923130,
O=C1C=C/C(=C2/N=C(C3CCN(Cc4ccc(-c5nc6cc[nH]c(=O)c6cc5-c5ccccc5)cc4)CC3)NN2)C=N1,Blocker,Blocker,,DVKXLUNQHFSLPF-WGPBWIAQSA-N,DVKXLUNQHFSLPF,eval_set_herg_70.csv,,
Clc1ccccc1CN1CCOCC1,Non-blocker,Non-blocker,,OPXOMKDSNYMMTQ-UHFFFAOYSA-N,OPXOMKDSNYMMTQ,eval_set_herg_60.csv,,
CS(=O)(=O)c1ccc([C@@H](CC2CCCC2)C(=O)Nc2cnc(CCC3(O)CCOCC3)cn2)cc1Cl,Blocker,Blocker,1,OQYHMFLYTKMGJW-OAQYLSRUSA-N,OQYHMFLYTKMGJW,data_herg_dev,CHEMBL2338346,
COc1ccc(Nc2nnc(-c3ccncc3)s2)cc1Cl,Non-blocker,Non-blocker,0,TVVGFMVPLMLLTK-UHFFFAOYSA-N,TVVGFMVPLMLLTK,PubChem,5301279,
COCc1ccc(-c2cc3c(N[C@@H](C)c4nn(C)cc4F)c(C(N)=O)cnc3cc2F)cn1,Non-blocker,Non-blocker,0,LQBPKSZZZCDYEW-LBPRGKRZSA-N,LQBPKSZZZCDYEW,data_herg_dev,CHEMBL4517663,
CC(C)c1nnc2ccc(-c3ocnc3-c3cccc(Cl)c3)cn12,Blocker,Blocker,1,KEAXLOURFDQQDT-UHFFFAOYSA-N,KEAXLOURFDQQDT,data_herg_dev,CHEMBL212239,
O=C(O)[C@H](Cc1ccccc1Cl)N1CCC(CN2CCC(Oc3ccc(Cl)c(Cl)c3)CC2)CC1,Non-blocker,Blocker,1,IUIGATKKQCOBAF-VWLOTQADSA-N,IUIGATKKQCOBAF,data_herg_dev,CHEMBL2158837,
O=C(C[n+]1ccccc1)Nc1cc(C(F)(F)F)ccc1Cl,Non-blocker,Non-blocker,0,LTRXNNNQQNNYIO-UHFFFAOYSA-O,LTRXNNNQQNNYIO,PubChem,12004689,
COc1cc2nccc(CC[C@]34CC[C@](NCc5ccc6c(n5)NC(=O)CO6)(CC3)CO4)c2nc1C(=O)O,Blocker,Blocker,1,YUGWXMFOVWSSAF-MCZWQBSQSA-N,YUGWXMFOVWSSAF,PubChem,118736047,25911300
CNC(=O)Nc1ccc(O)cc1OC[C@@H](O)CN1CCC2(CC1)Cc1cc(F)ccc1O2,Blocker,Non-blocker,0,MIRODSZXBGGDNK-SFHVURJKSA-N,MIRODSZXBGGDNK,data_herg_dev,CHEMBL3099961,
CN(C)C(=O)CN1CCC[C@@H](c2nc3ccccc3n2Cc2ccc(F)cc2)C1,Blocker,Blocker,1,XRZMHKTZJWSXPQ-GOSISDBHSA-N,XRZMHKTZJWSXPQ,PubChem,57395286,22153347
Cc1cc2c(s1)Nc1ccccc1N=C2N1CC[N+](C)CC1,Non-blocker,Blocker,1,KNYKUFZTGGUGBM-UHFFFAOYSA-N,KNYKUFZTGGUGBM,data_herg_dev,,
c1ccc([C@@H]2OCCNC[C@H]2c2ccc3ccccc3c2)cc1,Blocker,Non-blocker,,STZQQINBQFSEJJ-SFTDATJTSA-N,STZQQINBQFSEJJ,eval_set_herg_60.csv,,
CCCCn1c(N)c(N(CCC(C)C)C(=O)c2sc3nc4n(c(=O)c3c2C)CCC4)c(=O)[nH]c1=O,Non-blocker,Non-blocker,0,GSTRKPAFIXVREI-UHFFFAOYSA-N,GSTRKPAFIXVREI,PubChem,24818197,
COc1ncccc1C(=O)N1CC[C@H](NCc2cncn2Cc2ccc(C#N)cc2)C1=O,Blocker,Non-blocker,0,WSZPVEPHZIBFKY-FQEVSTJZSA-N,WSZPVEPHZIBFKY,data_herg_dev,CHEMBL485162,
Cl.Cl.FCCOc1cccc(CCN2CCN(CCc3ccccc3)CC2)c1,Blocker,Blocker,1,NNDTWEPRJFHDJP-UHFFFAOYSA-N,NNDTWEPRJFHDJP,data_herg_dev,CHEMBL4217431,
CN1CCN(S(=O)(=O)c2cccc(S(=O)(=O)c3ccc(Cl)cc3)c2)CC1,Non-blocker,Non-blocker,0,RXPURQGNAVTWCC-UHFFFAOYSA-N,RXPURQGNAVTWCC,PubChem,1310125,
O=C(O)C1CCC(NC(=O)C(C2CCCCC2)n2c(-c3ccc(Cl)cc3)nc3cc(F)c(F)cc32)CC1,Blocker,Blocker,1,NJQWANVVYVPHJE-UHFFFAOYSA-N,NJQWANVVYVPHJE,PubChem,CUPID,
CC[C@H]1CN2CCc3cc(OC)c(OC)cc3[C@H]2C[C@H]1C[C@H]1NCCc2c1[nH]c1ccc(O)cc21,Blocker,Blocker,1,JRVWIILYWSBUMC-UZIKMYSZSA-N,JRVWIILYWSBUMC,PubChem,604599,
Cc1nnc(Sc2nc3cc(Cl)c(Cl)cc3nc2C(F)(F)F)s1,Non-blocker,Blocker,,PDGUQPADGLCLCV-UHFFFAOYSA-N,PDGUQPADGLCLCV,eval_set_herg_60.csv,,
Cc1ccc(C#Cc2cccc(C#Cc3ccc(C)cc3)[n+]2C)cc1,Blocker,Blocker,1,SVVLOFWADNKQSP-UHFFFAOYSA-N,SVVLOFWADNKQSP,CUPID,71606227,23473309
Nc1n[nH]c(N2CCC(N(CCc3ccc(Cl)cc3)Cc3ccncc3Cl)CC2)n1,Blocker,Blocker,1,ANYIBKZROMWRSD-UHFFFAOYSA-N,ANYIBKZROMWRSD,PubChem,156012200,32551005
O=C(NCc1ccc(-c2nc3ccccc3s2)cc1)c1cc2ccccc2o1,Non-blocker,Non-blocker,0,JNFWXELAFXFWRH-UHFFFAOYSA-N,JNFWXELAFXFWRH,PubChem,1254657,
CN(CC(=O)Nc1ccccc1C(=O)N1CCCC1)S(=O)(=O)c1ccc(Br)cc1,Non-blocker,Non-blocker,0,QEHJWKDNCOXHCA-UHFFFAOYSA-N,QEHJWKDNCOXHCA,PubChem,1255935,
Cn1ncc(Cl)c1-c1cc(C(=O)N[C@@H]2CN[C@H](CCNS(C)(=O)=O)C[C@H]2c2ccc(F)c(F)c2)oc1Cl,Blocker,Blocker,1,IFEZKPVXFMCRIB-BIENJYKASA-N,IFEZKPVXFMCRIB,data_herg_dev,CHEMBL4441416,
O=C(N[C@H](CO)[C@H](O)c1ccc([N+](=O)[O-])cc1)C(Cl)Cl,Non-blocker,Non-blocker,,WIIZWVCIJKGZOK-RKDXNWHRSA-N,WIIZWVCIJKGZOK,eval_set_herg_60.csv,,
CC(OC(=O)N1CCC(CNc2ncccn2)CC1)c1ccccc1,Blocker,Blocker,,IAMYDXLMYQNHNO-UHFFFAOYSA-N,IAMYDXLMYQNHNO,eval_set_herg_70.csv,,
CCN(CC)S(=O)(=O)c1cccc(C(=O)N[C@H](C(=O)OCC(=O)Nc2ccccc2)C(C)C)c1,Blocker,Non-blocker,0,YONGQXAWEUHFBF-QFIPXVFZSA-N,YONGQXAWEUHFBF,PubChem,9552018,
CCOc1cc(NC(=S)NCc2ccco2)c(OCC)cc1NC(=O)c1ccco1,Non-blocker,Non-blocker,0,ODUFWGFYXBTOHL-UHFFFAOYSA-N,ODUFWGFYXBTOHL,PubChem,1175834,
CC1=C(C(=O)OC[C@H]2CCCO2)[C@H](c2ccsc2)C2=C(O)CC(C)(C)C=C2N1,Non-blocker,Non-blocker,0,ZMFUMFNMHWZRFG-BEFAXECRSA-N,ZMFUMFNMHWZRFG,PubChem,2872705,
CC(C)(O)COCc1cccc(Nc2sc(-c3c(F)cc(C(C)(C)O)cc3F)cc2C(N)=O)n1,Blocker,Non-blocker,0,HRQQSHKLURUDMQ-UHFFFAOYSA-N,HRQQSHKLURUDMQ,data_herg_dev,CHEMBL3234895,
Cc1cc(C(N)=O)nn1-c1cccc(-c2cccc(F)c2C(F)(F)F)c1,Blocker,Blocker,1,TYKLSPLAAZSURN-UHFFFAOYSA-N,TYKLSPLAAZSURN,data_herg_dev,CHEMBL1224347,
O=S(=O)(CCN1CCC(Cc2ccccc2)CC1)c1ccc(O)cc1,Blocker,Blocker,,NQDWSKCPAPDCEI-UHFFFAOYSA-N,NQDWSKCPAPDCEI,eval_set_herg_70.csv,,
CCC(=O)N(CC1(N2C[C@H]3CN(Cc4ccccc4)C[C@H]3C2)CCOCC1)c1cccc(C(F)(F)F)n1,Blocker,Blocker,1,ICOVWBMVDQFOOY-ZRZAMGCNSA-N,ICOVWBMVDQFOOY,PubChem,137371332,34236190
Sc1nc(Cc2ccccc2)nc2ccccc12,Blocker,Blocker,1,UYYOSQDRLIXLIH-UHFFFAOYSA-N,UYYOSQDRLIXLIH,PubChem,806173,
COC(=O)c1ccc(/C=C/CN(C)Cc2ccc3c(c2)OCCC3)cc1,Blocker,Blocker,1,QCCXGJTYMMFWCA-HWKANZROSA-N,QCCXGJTYMMFWCA,PubChem,137647321,28880552
Cc1ccn(CC(=O)N2CCN(c3sc(C(F)(F)F)nc3-c3cnc(C(F)(F)F)nc3)C[C@@H]2CCO)n1,Blocker,Blocker,1,NTFKMMZGMLEXET-AWEZNQCLSA-N,NTFKMMZGMLEXET,PubChem,145440630,36883854
Cc1ncoc1-c1nnc(SCCCN2CC[C@]3(C[C@@H]3c3ccc(C(F)(F)F)cc3F)C2)n1C,Blocker,Blocker,1,ZIQDGXNDXRMRPM-VGSWGCGISA-N,ZIQDGXNDXRMRPM,PubChem,121304514,27564135
Cc1ccc(C(=O)Nc2ncccc2O)o1,Non-blocker,Non-blocker,0,QKOWCYNDVVPWMY-UHFFFAOYSA-N,QKOWCYNDVVPWMY,PubChem,24981940,
CC(C)NC(=O)NS(=O)(=O)c1ccc(OCCCCN2CCCCC2)cc1,Non-blocker,Non-blocker,0,ULBVTLJLKMZRBO-UHFFFAOYSA-N,ULBVTLJLKMZRBO,data_herg_dev,CHEMBL2021975,
COc1ccc(CN2CCNC(=O)[C@H]2CC(=O)N(C)Cc2ccon2)c(OC)c1,Non-blocker,Non-blocker,0,QLFUMYAVGDXHHW-QGZVFWFLSA-N,QLFUMYAVGDXHHW,PubChem,16188496,
c1ccc(CCCNCCN(c2ccccc2)c2ccccc2)cc1,Blocker,Blocker,1,JPCFVWGPQMKFOY-UHFFFAOYSA-N,JPCFVWGPQMKFOY,PubChem,57414545,22455383
COc1cc(C(=O)N/C(=C\c2cn(C)c3ccccc23)C(=O)NCCCN2CCOCC2)cc(OC)c1OC,Non-blocker,Non-blocker,0,LRKBMECLWDOFFU-KQWNVCNZSA-N,LRKBMECLWDOFFU,PubChem,24791575,
CCOc1ccc2oc(C(=O)NCc3nc4ccccc4[nH]3)c(C)c2c1,Non-blocker,Non-blocker,0,PPYGAMDNLKJKCD-UHFFFAOYSA-N,PPYGAMDNLKJKCD,PubChem,17539620,
COc1ccc(/C=C2/N=C3CCCCCN3C2=O)cc1,Non-blocker,Non-blocker,0,SYKXZQRJPPFXRR-SDNWHVSQSA-N,SYKXZQRJPPFXRR,PubChem,2324258,
CN1CCN(CCCN2c3ccccc3Sc3ccc(C(F)(F)F)cc32)CC1,Blocker,Blocker,1,ZEWQUBUPAILYHI-UHFFFAOYSA-N,ZEWQUBUPAILYHI,CUPID,2913535,
Cc1ccn2c(=O)nc(SCC(=O)N3CCC(Cc4ccccc4)CC3)nc2c1,Non-blocker,Non-blocker,0,URLKDRAVWWKPKE-UHFFFAOYSA-N,URLKDRAVWWKPKE,PubChem,7259104,
CCS(=O)(=O)N1CC(CC#N)(n2cc(-c3ccnc4[nH]ccc34)c(C)n2)C1,Non-blocker,Non-blocker,0,QLUVNBXAVDKOTB-UHFFFAOYSA-N,QLUVNBXAVDKOTB,data_herg_dev,,
COc1cccc(-c2ccc(=O)n(CC(=O)NCCN3CCOCC3)n2)c1,Non-blocker,Non-blocker,0,XUBLBEDIDYLYTR-UHFFFAOYSA-N,XUBLBEDIDYLYTR,PubChem,653204,
Cl.Cl.c1ccc(CN2C[C@@H](NCC3CCCCC3)[C@H](C3CCCCC3)C2)cc1,Blocker,Blocker,1,SZRWSHIVEOZTII-MOTLJVIHSA-N,SZRWSHIVEOZTII,data_herg_dev,CHEMBL3216353,
O=C(O)c1cccc(N2CCC(CN3CCC(Oc4ccc(Cl)c(Cl)c4)CC3)CC2)c1,Non-blocker,Non-blocker,0,SUHCNXHLKUQVER-UHFFFAOYSA-N,SUHCNXHLKUQVER,data_herg_dev,CHEMBL2158823,
O=C(NCc1ccc2c(c1)OCO2)c1ccc([C@H]2SCC(=O)N2Cc2ccco2)cc1,Non-blocker,Non-blocker,0,QDKWQOVHUQNINE-HSZRJFAPSA-N,QDKWQOVHUQNINE,PubChem,2956931,
O=C(CCCCc1cn[nH]n1)NC1CCN(C(=O)OCc2cc(Cl)cc(Cl)c2)CC1,Non-blocker,Blocker,1,GULLJOKXHUNFKN-UHFFFAOYSA-N,GULLJOKXHUNFKN,PubChem,76286498,29798825
O=C(Cn1ncc2c3ccccc3n(Cc3ccccc3F)c2c1=O)NCCN1CCOCC1,Non-blocker,Non-blocker,0,BPFIGKXIMPFDKG-UHFFFAOYSA-N,BPFIGKXIMPFDKG,PubChem,20892215,
CCN(CC)Cc1cc(Nc2ccc3ncc(-c4ccc([S+](C)[O-])cc4)n3n2)ccc1O,Non-blocker,Blocker,1,SCWJXLSHTFTKIU-UHFFFAOYSA-N,SCWJXLSHTFTKIU,CUPID,CUPID,
COc1cc2c(cc1OC)CN(C(C)(C)CCc1ccc(F)cc1)C2,Blocker,Blocker,1,FLLIMXCHPPVPAF-UHFFFAOYSA-N,FLLIMXCHPPVPAF,data_herg_dev,,
O=C(Nc1ccc(C(F)(F)F)cc1)NS(=O)(=O)c1ccc(OCCN2CCCCC2)cc1,Non-blocker,Non-blocker,0,KAXHDAWOICTJEV-UHFFFAOYSA-N,KAXHDAWOICTJEV,data_herg_dev,CHEMBL2024393,
[H]/N=C(\c1ccc(C(=O)Nc2ccc(OC)cc2C(=O)Nc2ccc(Cl)cn2)c(N2CCC(C(=O)OCC)CC2)c1)N(C)C,Blocker,Blocker,1,NYXNMQNZQCOTLY-PJJLUWSFSA-N,NYXNMQNZQCOTLY,PubChem,44419050,16931010
CCOC(=O)C1CCN(C[C@@H](O)COc2ccc(C(C)(C)C)cc2)CC1,Non-blocker,Non-blocker,0,ZEFHKLGXBVHNDC-GOSISDBHSA-N,ZEFHKLGXBVHNDC,PubChem,6603396,
CCCS(=O)(=O)N1CCC[C@@H](C(=O)NCCc2ccc(OC)c(OC)c2)C1,Non-blocker,Non-blocker,0,YGOLCQWGWRVTHN-MRXNPFEDSA-N,YGOLCQWGWRVTHN,PubChem,3237326,
Cc1cc(=O)[nH]c2cc3oc4ccccc4c3cc12,Non-blocker,Non-blocker,0,PXTUEOYAGPJNRJ-UHFFFAOYSA-N,PXTUEOYAGPJNRJ,PubChem,341872,
CC1=CC(=NOC(=O)c2cccc([N+](=O)[O-])c2)C=C(C)C1=O,Non-blocker,Non-blocker,0,QZWBWWQHXCDALU-UHFFFAOYSA-N,QZWBWWQHXCDALU,PubChem,885433,
CC(=O)N1CCN([C@H]2C[C@@H](n3cc(-c4cccc(OCC56CCC(CC5)O6)c4)c4c(N)ncnc43)C2)CC1,Blocker,Non-blocker,0,FMTQHAXNHBODDV-FYWDEPLMSA-N,FMTQHAXNHBODDV,data_herg_dev,CHEMBL3787636,
O=C(CCN1C(=O)/C(=C\C=C\c2ccccc2)SC1=S)Nc1cccc(C(=O)O)c1,Non-blocker,Blocker,1,REKMQJYETOXPRJ-VZGYRVSQSA-N,REKMQJYETOXPRJ,PubChem,1321268,
Cc1ncoc1-c1nnc(SCCCN2CC3CC3(c3ccc(Cl)c(Cl)c3)C2)n1C,Blocker,Blocker,1,OTIQETSFLFLTJQ-UHFFFAOYSA-N,OTIQETSFLFLTJQ,PubChem,CUPID,
O=C(Nc1ccc(Cl)c(Cl)c1)N1CCN(C[C@@H]2CCCN(Cc3ccccc3)C2)CC1,Blocker,Blocker,1,XJDNAMFCUOWNRL-FQEVSTJZSA-N,XJDNAMFCUOWNRL,PubChem,11510932,22608963
CNC(C(=O)N[C@](Cc1ccccc1)(c1ccc(F)cc1)c1cc(F)cc(C(F)(F)F)c1)C(O)(C(F)(F)F)C(F)(F)F,Non-blocker,Non-blocker,0,BBZWCXAGWSUVPL-JFGZAKSSSA-N,BBZWCXAGWSUVPL,data_herg_dev,CHEMBL4545593,
CCS(=O)(=O)N1CC(CC#N)(n2cc(-c3c(F)cnc4[nH]ccc34)cn2)C1,Non-blocker,Non-blocker,0,IAQDLLVWNWQFLK-UHFFFAOYSA-N,IAQDLLVWNWQFLK,data_herg_dev,,
CC(C)N1CC=C(c2ccc(/C(=C(/CCCO)c3ccccc3)c3cccc(O)c3)cc2)CC1.Cl,Blocker,Non-blocker,0,BDFBNGKZRQQCQN-FJISBNMDSA-N,BDFBNGKZRQQCQN,data_herg_dev,CHEMBL4793030,
CN(C)C1(CNC(=O)N2CCC(c3nc(-c4ccc5ccccc5n4)no3)CC2)CCCC1,Non-blocker,Non-blocker,0,SQWOELHNEXCBOD-UHFFFAOYSA-N,SQWOELHNEXCBOD,data_herg_dev,CHEMBL1822444,
Cc1ccc2nc(C(=O)NC[C@@H](F)CO)cc(Nc3ccccc3F)c2c1,Non-blocker,Blocker,1,QVPALYZWSZQBEZ-CYBMUJFWSA-N,QVPALYZWSZQBEZ,PubChem,168283602,35993839
CN(C)C(=O)[C@@H](c1ccc(C2=CN3NC=NC3C=C2)cc1)[C@H](N)C(=O)N1CC[C@H](F)C1,Non-blocker,Non-blocker,,IMGVBNUGILZVLF-GFDAQUBOSA-N,IMGVBNUGILZVLF,eval_set_herg_70.csv,,
Cc1ccc(S(=O)(=O)N2CC=C(C(=O)NCc3ccc(F)cc3)CC2)cc1,Non-blocker,Non-blocker,0,YLKYMQMDYVFLAH-UHFFFAOYSA-N,YLKYMQMDYVFLAH,PubChem,3396880,
COc1nc2ccc(Br)cc2cc1[C@@H](c1ccccc1)[C@@](O)(CCN(C)C)c1cccc2ccccc12,Blocker,Blocker,1,QUIJNHUBAXPXFS-XLJNKUFUSA-N,QUIJNHUBAXPXFS,PubChem,5388906,29107541
CC(=O)N1CCN(CCOc2ccc3[nH]c(-c4cc5ccccc5[nH]c4=O)cc3c2)CC1,Blocker,Blocker,1,PNAKABLUPFQYPX-UHFFFAOYSA-N,PNAKABLUPFQYPX,PubChem,5329373,14698157
COC(=O)c1c(NS(=O)(=O)c2ccc3ccccc3c2)sc2c1CCCC2,Blocker,Blocker,1,INIWHBZGABIAAS-UHFFFAOYSA-N,INIWHBZGABIAAS,PubChem,1289651,
CCCCCCCCCCCCCCC[C@H](O)[C@H](N)CO,Non-blocker,Non-blocker,0,OTKJDMGTUTTYMP-MSOLQXFVSA-N,OTKJDMGTUTTYMP,data_herg_dev,CHEMBL1487948,
Nc1nc(Nc2ccccc2)nc(NC2CCCCC2)c1[N+](=O)[O-],Non-blocker,Non-blocker,0,HUQQFXXZYLVSBW-UHFFFAOYSA-N,HUQQFXXZYLVSBW,PubChem,3767052,
O=P(Cc1ccccc1)(c1ccccc1)c1ccccc1,Non-blocker,Non-blocker,0,NXGAOFONOFYCNG-UHFFFAOYSA-N,NXGAOFONOFYCNG,PubChem,76293,
COc1ccc2c(c[n+](C)c3c4cc5c(cc4ccc23)OCO5)c1OC,Non-blocker,Blocker,,LLEJIEBFSOEYIV-UHFFFAOYSA-N,LLEJIEBFSOEYIV,eval_set_herg_70.csv,,
C=C[C@H]1C[C@]1(NC(=O)[C@@H]1C[C@@H]2CN1C(=O)[C@H](C(C)(C)C)NC(=O)OCCCC=Cc1ccc3ccnc(c3c1)O2)C(=O)NS(=O)(=O)C1CC1,Blocker,Non-blocker,,WSIXKAHFCWLWHX-NHWGVUCVSA-N,WSIXKAHFCWLWHX,eval_set_herg_60.csv,,
FC1CC[N+]CC1c1c(-c2ccccc2)[nH]c2ccccc12,Blocker,Blocker,1,XLUNTUYEXXDIGT-UHFFFAOYSA-N,XLUNTUYEXXDIGT,data_herg_dev,,
COc1cc(O)c([C@H](CCN2CCN(c3ccccc3)CC2)c2ccc3c(c2)OCO3)c(OC)c1,Blocker,Non-blocker,0,OUVGTTCEDAXVTN-HSZRJFAPSA-N,OUVGTTCEDAXVTN,PubChem,16746475,
CNCC(O)(Cc1cc2c(=O)c(C(=O)NCc3ccc(Cl)cc3)cn(C)c2s1)c1ccccn1,Blocker,Blocker,,IUPVZIBNXQRZJF-UHFFFAOYSA-N,IUPVZIBNXQRZJF,eval_set_herg_70.csv,,
Cn1ncc(Cl)c1-c1cc(C(=O)N[C@@H]2CN[C@H](CCO)C[C@H]2c2ccc(Cl)c(Cl)c2)oc1Cl,Blocker,Blocker,1,HFGBVWTXXVVLHG-FHSNZYRGSA-N,HFGBVWTXXVVLHG,data_herg_dev,CHEMBL4517950,
CNC[C@H](c1ccc2ccccc2c1)[C@H](N)c1ccccc1,Non-blocker,Non-blocker,,FGDBXOANGGQWML-WOJBJXKFSA-N,FGDBXOANGGQWML,eval_set_herg_70.csv,,
CNc1cc(Nc2cnc(C#N)c(O[C@H](C)CN(C)C)n2)ncc1-c1cnn(C)c1,Blocker,Non-blocker,0,CYGOQLUBSPEPOI-CYBMUJFWSA-N,CYGOQLUBSPEPOI,data_herg_dev,CHEMBL2204592,
Cc1csc(NC(=S)NC(=O)c2ccccc2)n1,Blocker,Blocker,1,HBEPPLPZWCJWJH-UHFFFAOYSA-N,HBEPPLPZWCJWJH,PubChem,1549394,
CCOC[C@@H](CC(C)C)NC(=O)[C@@H]1CNC[C@H](C(=O)N(c2ccc(C(C)C)c(OCCCOC)n2)C2CC2)C1.Cl,Non-blocker,Blocker,1,CQTOMNYDGWOFLN-BAUONJEJSA-N,CQTOMNYDGWOFLN,data_herg_dev,CHEMBL3318942,
Cc1c(Cl)ccc(OC2CCN(CC(O)CNC(=O)c3c[nH]nc3C(F)(F)F)CC2)c1Cl,Blocker,Blocker,1,IBTMKWBYOYIWBF-UHFFFAOYSA-N,IBTMKWBYOYIWBF,PubChem,CUPID,
COc1ccc(-c2cc(NC(=O)Nc3cc(C(C)(C)C)nn3-c3ccc(C)cc3)n[nH]2)c(C)c1,Blocker,Blocker,1,LATBWIWKSPOPNK-UHFFFAOYSA-N,LATBWIWKSPOPNK,data_herg_dev,CHEMBL2207431,
CS(=O)(=O)NCc1nnc(SCc2c(F)cccc2Cl)o1,Non-blocker,Non-blocker,0,CWMHYASFNSBFOP-UHFFFAOYSA-N,CWMHYASFNSBFOP,PubChem,1438565,
COCc1cc([S@](=O)c2ccc(Cl)cc2)nc(C)n1,Non-blocker,Non-blocker,0,ADJIMOHBRADXIH-LJQANCHMSA-N,ADJIMOHBRADXIH,PubChem,1476806,
O=C1COc2ccc(CN[C@@H]3CCN(CCn4c(=O)ccc5ncc(Oc6cccnc6)cc54)C[C@@H]3F)nc2N1,Non-blocker,Non-blocker,0,SUSQQRMJLSDTHG-FCHUYYIVSA-N,SUSQQRMJLSDTHG,data_herg_dev,CHEMBL3608757,
CCCCCCc1ccc(O)cc1O,Non-blocker,Non-blocker,,WFJIVOKAWHGMBH-UHFFFAOYSA-N,WFJIVOKAWHGMBH,eval_set_herg_70.csv,,
O=[N+]([O-])c1ccc(CCN(CCF)CCOc2ccc([N+](=O)[O-])cc2)cc1,Blocker,Blocker,1,GRUHJMZPKAVTMD-UHFFFAOYSA-N,GRUHJMZPKAVTMD,PubChem,122181598,26125327
Cc1ncsc1-c1nnc(CCCCCN2CC3C[C@]3(c3ccc(C(F)(F)F)cc3)C2)n1C,Blocker,Blocker,1,LECDHJJUFHCTDQ-LEQGEALCSA-N,LECDHJJUFHCTDQ,data_herg_dev,,
CC(C)(N)C(=O)N1CCn2c(nc(-c3ccc(F)cc3)c2Nc2ccc(Cl)cc2)C1,Blocker,Blocker,1,MTXUAKHFUYWWHV-UHFFFAOYSA-N,MTXUAKHFUYWWHV,CUPID,49857440,21644570
COc1ccc(CCN/C(=N/S(=O)(=O)c2ccccc2)c2ccccc2)cc1OC,Non-blocker,Blocker,1,YSRONXZYDOACAX-UHFFFAOYSA-N,YSRONXZYDOACAX,PubChem,4421035,
CCOc1cc(C(c2cc3cc(Br)ccc3cc2OC)C(O)(CCN(C)C)c2cccc3ccoc23)cc(OC)n1,Blocker,Blocker,1,MSJHOUUZBVYELU-UHFFFAOYSA-N,MSJHOUUZBVYELU,CUPID,CUPID,
CCCC[C@H]1CN(CC2CCOCC2)C(=O)OC12CCN(C1(C)CCN(C(=O)c3c(C)ncnc3C)CC1)CC2,Blocker,Blocker,1,CXXVJZRGOOIVOD-SANMLTNESA-N,CXXVJZRGOOIVOD,PubChem,44555481,19674898
O=C(N1CCOCC1)N1CCc2nc(-c3ccc(OC4CC(N5CCCCC5)C4)cc3)sc2C1,Non-blocker,Blocker,1,WDWBJIUMJIGNSC-UHFFFAOYSA-N,WDWBJIUMJIGNSC,data_herg_dev,,
Cc1ccccc1NC(=S)N1CCOCC1,Non-blocker,Non-blocker,0,GYUXEKCEGBXHAJ-UHFFFAOYSA-N,GYUXEKCEGBXHAJ,PubChem,700015,
CCCCn1c(CCNC(=O)CCC)nc2ccccc21,Non-blocker,Non-blocker,0,LSSSVQVFNFTZKD-UHFFFAOYSA-N,LSSSVQVFNFTZKD,PubChem,5086459,
COc1ccc(NC(=O)COc2cc(C)nc3ccc(OC)cc23)cc1,Non-blocker,Blocker,1,ZQFDWSYHZBIIOG-UHFFFAOYSA-N,ZQFDWSYHZBIIOG,CUPID,112787472,27348630
Cc1nnc(C(C)C)n1[C@@H]1C[C@H]2CC[C@@H](C1)N2CC[C@H](NC(=O)C1CCC(F)(F)CC1)c1cccs1,Blocker,Blocker,1,BWGRDBSNKQABCB-BJESRGMDSA-N,BWGRDBSNKQABCB,PubChem,122668147,
Cc1sc2ncnc(N/N=C/c3ccc(O)cc3)c2c1C,Non-blocker,Non-blocker,0,MLFZDXGVWPRDOG-CNHKJKLMSA-N,MLFZDXGVWPRDOG,PubChem,135521501,
CCOC(=O)c1cc(CC)sc1NC(=O)c1ccc(N2CCOCC2)c([N+](=O)[O-])c1,Non-blocker,Non-blocker,0,YYJVPYWIACAWJS-UHFFFAOYSA-N,YYJVPYWIACAWJS,PubChem,2876795,
CCNCCN1CCCc2cc(NC(=N)c3cccs3)ccc21.Cl.Cl,Non-blocker,Non-blocker,0,GGLSOESEHXIHJF-UHFFFAOYSA-N,GGLSOESEHXIHJF,data_herg_dev,CHEMBL3217217,
C[C@@]1(c2cc(NC(=O)c3ccc(C#N)cn3)ccc2F)Cn2ccnc2C(N)=N1,Blocker,Blocker,1,PURBTYQRCRLUGF-FQEVSTJZSA-N,PURBTYQRCRLUGF,PubChem,121298035,35059126
O=C(NC1CCCCC1)N1CCN(c2ccc([N+](=O)[O-])cc2)CC1,Non-blocker,Non-blocker,0,BPEWVJKJZHYRTH-UHFFFAOYSA-N,BPEWVJKJZHYRTH,PubChem,2932747,
CC(=O)C1=C(c2ccc(Br)cc2)C(=O)c2ccccc2C1=O,Blocker,Non-blocker,0,AIFGMUQKEOBNOJ-UHFFFAOYSA-N,AIFGMUQKEOBNOJ,PubChem,1072148,
O=C(N1Cc2ccccc2C1)N1CCC[C@H]1CN1CCCC1,Non-blocker,Non-blocker,0,OLLNICZPNGPQOG-KRWDZBQOSA-N,OLLNICZPNGPQOG,data_herg_dev,CHEMBL384427,
N#CCCSc1nc(N2CCOCC2)c2c(c1C#N)CCCC2,Non-blocker,Non-blocker,0,YUWFIDIIQWBREK-UHFFFAOYSA-N,YUWFIDIIQWBREK,PubChem,658830,
N#Cc1ccccc1OCc1cn(CC(=O)c2ccc(O)cc2)nn1,Blocker,Non-blocker,0,XKYYQMYEDQTWBB-UHFFFAOYSA-N,XKYYQMYEDQTWBB,PubChem,45480016,
N#Cc1cc(OC(F)(F)F)cc(-c2nc(-c3ccc4c(c3)CCN4C(=O)CCC(=O)O)no2)c1,Non-blocker,Non-blocker,0,ASJOLIPQCOYRPT-UHFFFAOYSA-N,ASJOLIPQCOYRPT,data_herg_dev,CHEMBL1916399,
CC(C)=CCn1c(N2CCC[C@H](N)C2)c(C#N)c2c1c(=O)n(Cc1ncccc1C#N)c(=O)n2C,Blocker,Non-blocker,0,LDQKRHYWUXCKBV-SFHVURJKSA-N,LDQKRHYWUXCKBV,data_herg_dev,CHEMBL1951602,
Clc1cc2cnc(Nc3cnn(C4CC4)c3Cl)nc2cc1C1CCN(C2COC2)CC1,Blocker,Blocker,1,OPPFIBBBZVPOMK-UHFFFAOYSA-N,OPPFIBBBZVPOMK,PubChem,156305050,34967623
O=c1c2ccc(Oc3ccc(OC(F)(F)F)cc3)cc2[nH]c2cccc(F)c12,Blocker,Blocker,1,IRDRXQQWGCZAQI-UHFFFAOYSA-N,IRDRXQQWGCZAQI,data_herg_dev,CHEMBL4643264,
Cn1cc(-c2ccc(O[C@@H]3CCN(C(=O)Cc4ccc(OC(F)(F)F)cc4)C3)c(C(N)=O)n2)cn1,Blocker,Blocker,1,DEGILXGFBNYPQN-QGZVFWFLSA-N,DEGILXGFBNYPQN,PubChem,145965985,29944371
O=C1COc2ccc(CNC34CCC(C[C@@]5(O)Cn6c(=O)ccc7ncc(Cl)c5c76)(CC3)OC4)nc2N1,Non-blocker,Non-blocker,0,BNRIWCDLLBDOQL-NRUKRLKBSA-N,BNRIWCDLLBDOQL,data_herg_dev,CHEMBL3402186,
COc1ccc(OC)c(NC(=O)[C@@H]2CCCN(S(=O)(=O)c3cccc4nonc34)C2)c1,Non-blocker,Non-blocker,0,RSGPPZWBTZZTQW-CYBMUJFWSA-N,RSGPPZWBTZZTQW,PubChem,9550294,
CC(=O)N1CCN(CCOc2ccc(C3CCN(c4ccc5nnc(C(F)(F)F)n5n4)CC3)cc2)CC1,Non-blocker,Non-blocker,0,QSZCQZXVVCYKLQ-UHFFFAOYSA-N,QSZCQZXVVCYKLQ,data_herg_dev,CHEMBL2346974,
Cc1cc(C)cc(NC(=O)Nc2ccc(N3CCCCC3)cc2)c1,Non-blocker,Non-blocker,0,OEQVSQZBGNZZBB-UHFFFAOYSA-N,OEQVSQZBGNZZBB,PubChem,2814211,
Clc1ccc(CNCCOc2ccc3ccccc3c2Cl)o1,Blocker,Blocker,,JNAZBAOZJHRDCG-UHFFFAOYSA-N,JNAZBAOZJHRDCG,eval_set_herg_70.csv,,
CCOC(=O)CN/C(=N\S(=O)(=O)c1ccc(Cl)cc1)c1ccccc1,Non-blocker,Non-blocker,0,ALKQCJAYMDFGMJ-UHFFFAOYSA-N,ALKQCJAYMDFGMJ,PubChem,2978913,
CS(=O)(=O)c1nn(Cc2nc3cc(Cl)ccc3n2CC2COC2)c2cnccc12,Blocker,Non-blocker,0,JCRHWUFAMLOIEZ-UHFFFAOYSA-N,JCRHWUFAMLOIEZ,data_herg_dev,CHEMBL4177457,
COC(=O)c1cnc(Nc2cnc(C#N)cn2)cc1NCC1CCCNC1,Blocker,Blocker,1,HFOUTRGINDAXOO-UHFFFAOYSA-N,HFOUTRGINDAXOO,data_herg_dev,CHEMBL4799304,
N#Cc1cccc(S(=O)(=O)NCC(=O)OCC(=O)c2ccc[nH]2)c1,Non-blocker,Non-blocker,0,UWYYLETVVUMXDE-UHFFFAOYSA-N,UWYYLETVVUMXDE,PubChem,2547421,
CCc1ccc2c(c1)N(CC(C)CN(C)C)c1ccccc1S2.Cl,Blocker,Blocker,,ZVSKDFRXWJPINY-UHFFFAOYSA-N,ZVSKDFRXWJPINY,eval_set_herg_70.csv,,
C/C(=N\NC(=O)c1cccc(S(=O)(=O)N2CCOCC2)c1)c1cc(Cl)ccc1O,Non-blocker,Blocker,1,NKUDGJUBIVEDTF-FYJGNVAPSA-N,NKUDGJUBIVEDTF,data_herg_dev,,135743577
CC(C)C(Oc1ccc(CNC(=O)[C@@H]2CSCN2C(=O)CC([NH3+])Cc2cc(F)ccc2F)cc1)C(=O)O,Non-blocker,Non-blocker,0,GKMOQWBWMMGWKN-GJFCNDCISA-O,GKMOQWBWMMGWKN,data_herg_dev,,
C[N+]1CC[N+]([C@@H]2c3ccccc3Nc3ccc(Cl)cc3N2O)CC1,Non-blocker,Non-blocker,,NQZYDIWYPVKGER-SFHVURJKSA-N,NQZYDIWYPVKGER,eval_set_herg_60.csv,,
CCOC(=O)c1c2c3c(cccc3[nH]c1=O)C(=O)c1ccccc1-2,Non-blocker,Non-blocker,0,UFJGFNHRMPMALC-UHFFFAOYSA-N,UFJGFNHRMPMALC,PubChem,5522952,
COc1cccc(-c2cccc(C3(C)N=C(N)CN3C=O)c2)c1,Non-blocker,Non-blocker,,BTAPSWASIYDXGD-UHFFFAOYSA-N,BTAPSWASIYDXGD,eval_set_herg_70.csv,,
O=S1(=O)CCN(c2ccccc2CC(c2c[nH]c3ccccc23)c2c[nH]c3ccccc23)CC1,Non-blocker,Blocker,1,GGRMGYJJBCRHKM-UHFFFAOYSA-N,GGRMGYJJBCRHKM,PubChem,235012,
O=c1nc(N2CCC3(CCN(Cc4cc(C(F)(F)F)cc(C(F)(F)F)c4)C3)CC2)sc2c([N+](=O)[O-])cc(C(F)(F)F)cc12,Blocker,Blocker,1,HQNDUGNRBYOVLC-UHFFFAOYSA-N,HQNDUGNRBYOVLC,data_herg_dev,CHEMBL4468979,
COC(=O)[C@@H](NC(=O)NCc1cccs1)C(C)C,Non-blocker,Non-blocker,0,NIXRZICGPKSOFH-JTQLQIEISA-N,NIXRZICGPKSOFH,PubChem,663465,
COCC(C)(C)C(=O)NCCN1CCC(c2cccc(C)n2)CC1,Blocker,Non-blocker,0,HBHQINPAMGZPQL-UHFFFAOYSA-N,HBHQINPAMGZPQL,data_herg_dev,,
Nc1ccccc1NC(=O)c1ccc(CNC(=O)OCc2cccnc2)cc1,Non-blocker,Non-blocker,0,INVTYAOGFAGBOE-UHFFFAOYSA-N,INVTYAOGFAGBOE,data_herg_dev,CHEMBL27759,
O=C(c1cnn(Cc2ccccc2)c1)N1CCN(S(=O)(=O)/C=C/c2ccccc2)CC1,Non-blocker,Non-blocker,0,DWZNZQCTGPIPQG-LFIBNONCSA-N,DWZNZQCTGPIPQG,PubChem,16313152,
COC(=O)c1sccc1NC(=O)CSc1ccc(Cl)cc1,Non-blocker,Non-blocker,0,UOZNOXMWCRKJFD-UHFFFAOYSA-N,UOZNOXMWCRKJFD,PubChem,700464,
O=c1c2nccn2c2cc(F)c(-c3ccncc3)cc2n1C1CC1,Blocker,Non-blocker,0,UZAPAHIWOLYIFO-UHFFFAOYSA-N,UZAPAHIWOLYIFO,data_herg_dev,CHEMBL4203118,
Nc1cc(CNC(=O)c2ccc(Oc3ccc(OCc4cccc(F)c4)cc3)nc2)ccn1,Blocker,Non-blocker,,ZVDHXNWPBXOHJF-UHFFFAOYSA-N,ZVDHXNWPBXOHJF,eval_set_herg_60.csv,,
CC(C)c1nc(SCC(=O)Nc2ccc([N+](=O)[O-])cc2Br)n[nH]1,Non-blocker,Blocker,1,XFTQRQAYSLSXPM-UHFFFAOYSA-N,XFTQRQAYSLSXPM,PubChem,4415053,
Cc1ccc(S(=O)(=O)N/N=C/c2cn(CC(=O)Nc3ccccc3Cl)c3ccccc23)cc1,Non-blocker,Non-blocker,0,VEWUIZXHYJNEPF-VULFUBBASA-N,VEWUIZXHYJNEPF,data_herg_dev,CHEMBL2440383,
NS(=O)(=O)c1ccc(Oc2cnc3ccc(=O)n(CCN4CCC(c5nc6ccc(Cl)cc6[nH]5)CC4)c3c2)cc1,Blocker,Non-blocker,0,CQZKMSJQDJBXSU-UHFFFAOYSA-N,CQZKMSJQDJBXSU,data_herg_dev,,122187092
O=c1c2cc(Nc3ccc(OC(F)(F)F)cc3)ccc2[nH]c2cc(Cl)cc(Cl)c12,Blocker,Blocker,1,DYDZUNOMBZWOMQ-UHFFFAOYSA-N,DYDZUNOMBZWOMQ,data_herg_dev,CHEMBL4641165,
CCc1nnc(C2(c3cnn(C)c3)NC(c3nc(-c4ccc(F)cn4)c[nH]3)Cc3c2[nH]c2ccccc32)o1,Blocker,Blocker,1,WCYNIUAYRJDPBU-UHFFFAOYSA-N,WCYNIUAYRJDPBU,CUPID,CUPID,
O=C(COc1ccccc1C(=O)O)N[C@@H]1CCCc2ccccc21,Non-blocker,Non-blocker,0,UGSWVZSMXDEPPC-MRXNPFEDSA-N,UGSWVZSMXDEPPC,PubChem,4877005,
Cc1cc(N2CCC[C@@H](N)C2)c2c(n1)n(C)c(=O)n2Cc1ccccc1C#N,Non-blocker,Non-blocker,0,UWSKGQJKQNVRJZ-QGZVFWFLSA-N,UWSKGQJKQNVRJZ,data_herg_dev,CHEMBL3329696,
COc1cc(NC2CN(CCCF)C2)ccc1[C@@H]1c2ccc3[nH]ncc3c2C[C@@H](C)N1CC(C)F,Blocker,Blocker,1,QVUDEDBAGYAVHI-WNKCNSGYSA-N,QVUDEDBAGYAVHI,data_herg_dev,,
O=C(COC(=O)c1cnccn1)NCCc1ccccc1,Non-blocker,Non-blocker,0,APBYCCNDMYDAPM-UHFFFAOYSA-N,APBYCCNDMYDAPM,PubChem,2367993,
CC(C)N1C(=O)[C@H](NC(=O)[C@@H](Cc2cccc(F)c2C(F)(F)F)NC(=O)OC(C)(C)C)CCc2ccccc21,Blocker,Blocker,1,SSLUYBNMMZMXPZ-NHCUHLMSSA-N,SSLUYBNMMZMXPZ,data_herg_dev,CHEMBL247647,
Cc1nnc2ccc(-c3cnc4nc(N5CCC(N6CCCCC6)CC5)oc4c3)cn12,Blocker,Blocker,1,LMKZEVVMQORNEZ-UHFFFAOYSA-N,LMKZEVVMQORNEZ,data_herg_dev,CHEMBL1958174,
CCOC(=O)c1cn(CC)c2cc(N3CCCCC3)c(F)cc2c1=O,Non-blocker,Non-blocker,0,RRDUBKZHUJXICD-UHFFFAOYSA-N,RRDUBKZHUJXICD,data_herg_dev,CHEMBL586310,
O=[N+]([O-])c1ccc(Cl)cc1N1CCCCC1,Non-blocker,Non-blocker,0,MTVDYRBCOYNKQA-UHFFFAOYSA-N,MTVDYRBCOYNKQA,PubChem,3096079,
CN(C)C(=O)CN(c1ccc(Cl)c(Cl)c1)C1CCNCC1,Non-blocker,Non-blocker,0,SCIRSFUPPHMPTP-UHFFFAOYSA-N,SCIRSFUPPHMPTP,data_herg_dev,,
COC(=O)C1CCN(C(=O)c2ccc(COc3ccc4nc(N)sc4c3)cc2)CC1,Blocker,Non-blocker,0,ABRPMRGSTZUQTH-UHFFFAOYSA-N,ABRPMRGSTZUQTH,data_herg_dev,CHEMBL4566383,
CSCC[C@@H](NC(=O)c1ccc([N+](=O)[O-])cc1Cl)C(=O)OCC(=O)[C@]12C[C@H]3C[C@H](C[C@H](C3)C1)C2,Non-blocker,Blocker,1,FAVRMHZHOQIBIC-PGVNOUAKSA-N,FAVRMHZHOQIBIC,PubChem,4641038,
O=[N+]([O-])c1ccc(Cl)c([N+](=O)[O-])c1,Non-blocker,Blocker,1,VYZAHLCBVHPDDF-UHFFFAOYSA-N,VYZAHLCBVHPDDF,data_herg_dev,,6
O=C(CN1CCN(c2ccccc2O)CC1)NC(=O)NCc1ccccc1,Non-blocker,Non-blocker,0,VRVTZZKSCVPFRZ-UHFFFAOYSA-N,VRVTZZKSCVPFRZ,PubChem,2454527,
O[C@H](c1ccc(F)c(-c2ncnc3cc(N4CCOCC4)ccc23)c1)c1ccc(OC(F)F)nn1,Blocker,Non-blocker,0,RFKLNHCZEVTKQI-HSZRJFAPSA-N,RFKLNHCZEVTKQI,PubChem,117696306,
CC(c1ccc(C#N)cc1)N1CC(C(=O)C2CCC[C@H]2C#N)[C@@H](N)C1,Non-blocker,Blocker,,JCGAMUKFIGRQFG-BMRFCAOMSA-N,JCGAMUKFIGRQFG,eval_set_herg_70.csv,,
CCCNCc1ccc(CCn2ccc(OCc3ccc(F)cc3)cc2=O)nc1,Blocker,Blocker,1,ONUBXRCAOBQBRS-UHFFFAOYSA-N,ONUBXRCAOBQBRS,CUPID,45487384,19632840
COc1cccc2nc(C#Cc3ccccc3)ccc12,Non-blocker,Non-blocker,0,JKTIXUXRNOXCFC-UHFFFAOYSA-N,JKTIXUXRNOXCFC,data_herg_dev,CHEMBL2335279,
Cc1nc(CN[C@H]2CC[C@@H](F)C2)c(C(C)C)n1-c1cc(F)cc(F)c1,Blocker,Non-blocker,0,WXGFDISGDAGZCW-CJNGLKHVSA-N,WXGFDISGDAGZCW,data_herg_dev,CHEMBL556300,
O=C(O)c1cc(Cl)cc(Cl)c1O,Non-blocker,Non-blocker,0,CNJGWCQEGROXEE-UHFFFAOYSA-N,CNJGWCQEGROXEE,data_herg_dev,,9445
Cc1ncoc1-c1nnc(SCCCN2CCc3ccc4oc(C(F)(F)F)nc4c3CC2)n1C,Blocker,Blocker,1,TUZSKSVCURDDOD-UHFFFAOYSA-N,TUZSKSVCURDDOD,CUPID,11691697,18178090
Cc1ccc(-c2nc(N)sc2CC(=O)OCC(=O)N[C@@H]2CCC[C@@H](C)[C@H]2C)cc1,Non-blocker,Non-blocker,0,PUDOZZTYLABBEU-BFYDXBDKSA-N,PUDOZZTYLABBEU,PubChem,5017051,
COc1ccc2c(c1)C(=O)N(Cc1ccccc1-c1ccccc1)C2C(=O)NC(C)(C)C,Non-blocker,Non-blocker,0,HMIDWZJRKIHHSW-UHFFFAOYSA-N,HMIDWZJRKIHHSW,data_herg_dev,CHEMBL3785555,
O=C(c1ccc(C2=CC3(CCNCC3)Oc3ccccc32)cc1)N1Cc2ccccc2C1,Blocker,Blocker,1,VWPKIYFLRDRFNX-UHFFFAOYSA-N,VWPKIYFLRDRFNX,CUPID,44254956,19694468
COc1ccc([C@H](C(=O)NC(C)(C)C)N(Cc2ccccc2)C(=O)CCC(=O)Nc2cc(C)on2)cc1,Non-blocker,Non-blocker,0,FUXVYHYPLQZZLF-AREMUKBSSA-N,FUXVYHYPLQZZLF,PubChem,3216585,
CNC[C@H](c1ccc2ccccc2c1)[C@H](O)c1ccc(Cl)s1,Blocker,Blocker,,MRMFTZLAVBPMMZ-QAPCUYQASA-N,MRMFTZLAVBPMMZ,eval_set_herg_70.csv,,
Cn1c(C(=O)N/N=C/c2ccccc2)cc2ccccc21,Non-blocker,Non-blocker,0,VDXFWTPZWJJCIZ-LDADJPATSA-N,VDXFWTPZWJJCIZ,PubChem,6894459,
COc1cccc2c1CCC[C@@]21CCN(CCCSc2nnc(-c3ocnc3C)n2C)C1,Blocker,Blocker,1,AFYFGCAEDGKSJG-DEOSSOPVSA-N,AFYFGCAEDGKSJG,PubChem,24758836,20839775
CCOC(=O)/C=C(C)/C=C/C[C@@H](C)CCCC(C)C,Non-blocker,Non-blocker,0,FYQGBXGJFWXIPP-OJROSNHMSA-N,FYQGBXGJFWXIPP,data_herg_dev,,5282198
CS(=O)(=O)Nc1ccc(OCC(O)CNCCOc2ccc(-n3ccnc3)cc2)cc1,Blocker,Blocker,,QZWUQVSQIFFFKY-UHFFFAOYSA-N,QZWUQVSQIFFFKY,eval_set_herg_60.csv,,
CC(C)n1c(=O)n(C(=O)NCC2CCC(CC3(C(=O)O)CCC3)CC2)c2ccccc21,Non-blocker,Non-blocker,,OZPKJJKDNMHOQW-UHFFFAOYSA-N,OZPKJJKDNMHOQW,eval_set_herg_60.csv,,
C[C@H](NC(=O)c1cc(S(=O)(=O)N2CCOCC2)ccc1N1CCCCC1)c1cc2ccccc2o1,Non-blocker,Blocker,,YMKQHDAHIYZQBF-IBGZPJMESA-N,YMKQHDAHIYZQBF,eval_set_herg_60.csv,,
C[C@H]1COc2c(N3CCN(C)CC3)c(F)c(N)c3c(=O)c(C(=O)O)cn1c23,Non-blocker,Non-blocker,,MHFCVNDHFSOKMK-VIFPVBQESA-N,MHFCVNDHFSOKMK,eval_set_herg_70.csv,,
CCCC[C@@H](CCO)Nc1nc(N)nc2ccc(C)cc12,Blocker,Blocker,1,WJYCDLNUVCJYRJ-LBPRGKRZSA-N,WJYCDLNUVCJYRJ,PubChem,71041789,29965759
O=C(Cc1c(Cl)cccc1Cl)OCC(=O)c1ccc[nH]1,Non-blocker,Non-blocker,0,UCMGTJRMQZJCOD-UHFFFAOYSA-N,UCMGTJRMQZJCOD,PubChem,3288845,
COc1ncc(-c2cccc3c2C[C@H](NC(=O)c2ccc(COCC(F)(F)F)nc2)CO3)cn1,Non-blocker,Non-blocker,0,VOINGHQJWLVWMC-KRWDZBQOSA-N,VOINGHQJWLVWMC,data_herg_dev,CHEMBL2069423,
COC(=O)CSc1nc(-c2ccccc2)cc(-c2ccco2)c1C#N,Non-blocker,Non-blocker,0,ACIZZXXGRGTORB-UHFFFAOYSA-N,ACIZZXXGRGTORB,PubChem,658573,
O=C1COc2ccccc2N1CCCN1CCC(n2c(=O)[nH]c3ncccc32)CC1,Non-blocker,Non-blocker,0,GQELUVZMNVVOHX-UHFFFAOYSA-N,GQELUVZMNVVOHX,data_herg_dev,CHEMBL2059316,
C[C@@H]1C[C@@H](C)CN(C(=O)C2CCN(S(=O)(=O)c3c(Cl)cccc3Cl)CC2)C1,Non-blocker,Non-blocker,0,YOUIJQJVYXDGSP-ZIAGYGMSSA-N,YOUIJQJVYXDGSP,PubChem,17533389,
COc1ccc2c(c1)N(CCN1CCC(NCc3ccc4c(n3)NC(=O)CO4)CC1)C(=O)OC2,Non-blocker,Non-blocker,0,OMHYWQXDTNWHST-UHFFFAOYSA-N,OMHYWQXDTNWHST,data_herg_dev,CHEMBL1916538,
CC(C)c1cccc(N2CCN(CCN3Cc4ccccc4C3)C2=O)c1,Blocker,Blocker,1,CABPVRYEFMWZCX-UHFFFAOYSA-N,CABPVRYEFMWZCX,CUPID,45273334,19553113
Cn1ncc(C(=O)N2CCC(Nc3cc(=O)[nH]c4ccc(F)cc34)CC2)c1Cl,Non-blocker,Non-blocker,0,OVCWYLSZCSCZNM-UHFFFAOYSA-N,OVCWYLSZCSCZNM,data_herg_dev,CHEMBL3290767,
CNc1nccc(-c2n[nH]c3nc(N4CCC5(CC4)CO[C@@H](C)[C@H]5N)n(C)c(=O)c23)c1Cl,Non-blocker,Non-blocker,0,FUKFQTMBAFQLBS-MEDUHNTESA-N,FUKFQTMBAFQLBS,data_herg_dev,CHEMBL4436233,
C[C@@H]1CC[C@H](Nc2ncc(C(N)=O)c3sc(-c4ccccc4)cc23)[C@H](C)N1,Blocker,Blocker,1,RBQJVPQXONDMAS-IGCXYCKISA-N,RBQJVPQXONDMAS,PubChem,137654952,29301085
c1ccc2c3c([nH]c2c1)[C@@H](C1CCOCC1)N[C@@H](c1nc(-c2ccncc2)c[nH]1)C3,Blocker,Blocker,1,DQCMTJIUFHGMTG-IFMALSPDSA-N,DQCMTJIUFHGMTG,PubChem,127031464,26898814
CCOC(=O)c1c(S(=O)(=O)NCc2ccc(C)o2)c(C)n(C)c1C,Non-blocker,Non-blocker,0,XXDGJFBDGXSBEE-UHFFFAOYSA-N,XXDGJFBDGXSBEE,PubChem,20927333,
Cc1cc(Cl)cc(-c2ccnc3cc(CN4C(=O)[C@@H]5[C@H](C4=O)C5(C)C)sc23)c1C[C@@H]1CNCCO1,Blocker,Blocker,1,DUAGQCVAGBJSHT-AVIJNYRZSA-N,DUAGQCVAGBJSHT,PubChem,146445055,32302140
Cn1cc([C@@H]2N[C@@H](c3nc(-c4ccc(F)cc4)c[nH]3)Cc3c2[nH]c2ccccc32)cn1,Blocker,Blocker,1,UCGLIDADIQNGPX-IRLDBZIGSA-N,UCGLIDADIQNGPX,PubChem,71457622,24900499
COC(=O)N1CCN(c2ccc(NC(=O)c3nc(-c4ccccc4)oc3C(F)(F)F)cc2)CC1,Blocker,Blocker,1,REVVEZOXOUZNSG-UHFFFAOYSA-N,REVVEZOXOUZNSG,data_herg_dev,CHEMBL1766893,
CSCC(c1ccc(Cl)c(Cl)c1)C1CCNCC1.Cl,Blocker,Blocker,1,VPFSCTXNTBOTFE-UHFFFAOYSA-N,VPFSCTXNTBOTFE,data_herg_dev,CHEMBL2407319,
Cc1ccc(COC(=O)N2CCC(Nc3ncccn3)CC2)cc1,Blocker,Blocker,1,UCWDXVNBJQGZMP-UHFFFAOYSA-N,UCWDXVNBJQGZMP,data_herg_dev,,
O=C(Nc1ccccc1F)C1CCN(C(=O)NC2CCCCC2)CC1,Non-blocker,Non-blocker,0,LXPDIURSXORZOH-UHFFFAOYSA-N,LXPDIURSXORZOH,PubChem,24761899,
COc1ccc(C2C(C(=O)Nc3cccc(OC)c3)c3ccccc3C(=O)N2C2CCCCC2)cc1,Non-blocker,Non-blocker,0,XVZPJJOTGNAWKX-UHFFFAOYSA-N,XVZPJJOTGNAWKX,data_herg_dev,CHEMBL584655,
CNC(=O)c1cc(Oc2ccc3nc(NC(=O)c4cc(C(F)(F)F)cc(C(F)(F)F)c4)sc3c2)ccn1,Non-blocker,Non-blocker,0,OEUFEFKBLXBIRS-UHFFFAOYSA-N,OEUFEFKBLXBIRS,data_herg_dev,CHEMBL3799621,
CCn1c(SCC(=O)OCC(=O)N2c3ccccc3NC(=O)C2(C)C)nnc1-c1ccco1,Non-blocker,Blocker,1,PKVKVVKAIKGAEA-UHFFFAOYSA-N,PKVKVVKAIKGAEA,PubChem,2570663,
NC1(C(=O)NC(CCN2CCCCC2)c2ccc(Cl)cc2)CCCN(c2ncnc3[nH]ccc23)C1,Non-blocker,Non-blocker,0,OFMLUXWFNZYTEN-UHFFFAOYSA-N,OFMLUXWFNZYTEN,data_herg_dev,,
CCNC(=O)N1C[C@H]2[C@H](C)[C@@H](C)[C@H](/C=C/c3ccc(-c4ccccc4C#N)cn3)[C@@H]3[C@@H](C)OC(=O)[C@@]32C1,Non-blocker,Blocker,1,UAELFEWPCXTKFL-IDKUMADTSA-N,UAELFEWPCXTKFL,PubChem,165412673,35349275
CCCCNc1ccc(C(=O)OCCN(C)C)cc1.Cl,Non-blocker,Non-blocker,,PPWHTZKZQNXVAE-UHFFFAOYSA-N,PPWHTZKZQNXVAE,eval_set_herg_70.csv,,
Cn1c(SCCCN2CCC3(CC3c3ccc(F)cc3)C2)nnc1-c1cccnc1,Blocker,Blocker,1,JGGOHKJHMHHQML-UHFFFAOYSA-N,JGGOHKJHMHHQML,PubChem,CUPID,
CC(C)(C)NC(=O)[C@@H](c1ccc(OCC(N)=O)cc1)N(C(=O)c1cccnc1)C1CC1,Non-blocker,Non-blocker,0,JLTBMZPBMUPNOY-HXUWFJFHSA-N,JLTBMZPBMUPNOY,PubChem,650934,
OC1(CNC2CC2)CCN(c2nc(Oc3cccc(F)c3)cc(C(F)(F)F)n2)CC1,Blocker,Blocker,1,PSJGFAIPMGIRNZ-UHFFFAOYSA-N,PSJGFAIPMGIRNZ,data_herg_dev,,
CCOc1ccc2nc(NCCNC(=O)CC)c(C#N)cc2c1,Non-blocker,Non-blocker,0,SBIFELRMHSAINV-UHFFFAOYSA-N,SBIFELRMHSAINV,PubChem,650115,
O=C(NCCCN1CCOCC1)c1ccc(CS(=O)(=O)c2cccc(C(F)(F)F)c2)o1,Non-blocker,Non-blocker,0,LOGZYAQWRSCUDZ-UHFFFAOYSA-N,LOGZYAQWRSCUDZ,PubChem,3244186,
COC(=O)c1ccccc1NC(=O)CNC(=O)c1ccco1,Non-blocker,Non-blocker,0,CBPLAGGTAPCIPH-UHFFFAOYSA-N,CBPLAGGTAPCIPH,PubChem,1265073,
COc1ccc(N(C(=S)NCCCn2cncc2C)C(C)C)cc1OC,Blocker,Blocker,1,UTKVFQVLGCOVFT-UHFFFAOYSA-N,UTKVFQVLGCOVFT,data_herg_dev,CHEMBL4464130,
CC(=O)Nc1cc(Nc2cc(NC3COC3)n3ncc(C#N)c3n2)c(F)cc1C1CC1,Non-blocker,Non-blocker,0,NZHHTGUIOVTGGZ-UHFFFAOYSA-N,NZHHTGUIOVTGGZ,data_herg_dev,CHEMBL2409198,
COc1ccc2nccc(C3CN(C4CCN(Cc5ccc(C)c(C)c5)CC4)C(=O)O3)c2c1,Blocker,Blocker,1,DBMAUWVASVSMOE-UHFFFAOYSA-N,DBMAUWVASVSMOE,CUPID,CUPID,
CC(C)(C)CC(C)(C)c1ccc(O)c(-n2nc3ccccc3n2)c1,Non-blocker,Non-blocker,0,IYAZLDLPUNDVAG-UHFFFAOYSA-N,IYAZLDLPUNDVAG,data_herg_dev,,62485
Cc1oc2cc3oc(=O)c(CC(=O)O)c(C)c3cc2c1-c1ccccc1,Non-blocker,Non-blocker,0,HAYRZBNXGUAOJV-UHFFFAOYSA-N,HAYRZBNXGUAOJV,PubChem,906845,
COc1ccc(CN(C[C@H]2CC[C@H](C(=O)O)CC2)C(=S)Nc2ccccc2OC)cc1,Non-blocker,Non-blocker,0,GWTFPMQVFXBOOD-UAPYVXQJSA-N,GWTFPMQVFXBOOD,PubChem,16189605,
FC(F)c1nnc2c(Cl)cc(C(F)(F)F)cn12,Non-blocker,Blocker,1,PLNGYKCXIDVVRW-UHFFFAOYSA-N,PLNGYKCXIDVVRW,PubChem,1489122,
CC(CC(C)(C)C)N1CCC(CNC(=O)c2cc(Cl)cc(Cl)c2)CC1,Blocker,Blocker,1,WBLJCYSHRXEKLJ-UHFFFAOYSA-N,WBLJCYSHRXEKLJ,CUPID,CUPID,
CN(C)C(=O)CNCCc1cccc(OCCCC(F)(F)F)c1.Cl,Blocker,Non-blocker,0,JJVBOCIUQDAEHK-UHFFFAOYSA-N,JJVBOCIUQDAEHK,data_herg_dev,CHEMBL4463136,
CC1(C)Oc2ccc(Br)cc2C2(CSC(N)=N2)C12COC2,Blocker,Blocker,1,FXWBDJSWBRAHBD-UHFFFAOYSA-N,FXWBDJSWBRAHBD,data_herg_dev,CHEMBL3703246,
C[C@@H](CN(C)C)CN1c2ccccc2Sc2ccccc21.C[C@@H](CN(C)C)CN1c2ccccc2Sc2ccccc21.O=C(O)[C@@H](O)[C@@H](O)C(=O)O,Blocker,Blocker,,AJZJIYUOOJLBAU-ZYIUJVGZSA-N,AJZJIYUOOJLBAU,eval_set_herg_70.csv,,
CC(C)(N)c1nc(-c2ccc(S(C)(=O)=O)cc2)c[nH]1,Non-blocker,Non-blocker,0,PXQWUVQQMMMFEB-UHFFFAOYSA-N,PXQWUVQQMMMFEB,data_herg_dev,CHEMBL4087838,
Cc1cccc(C[C@H]2S/C(=N/N=C/c3ccco3)N(c3ccccc3)C2=O)c1,Non-blocker,Non-blocker,0,CTRZZOQXWBNCDT-ANTKNQIZSA-N,CTRZZOQXWBNCDT,PubChem,5340955,
O=C1OC2(c3ccc(O)cc3Oc3cc(O)ccc32)c2ccc(N=C=S)cc21,Blocker,Non-blocker,,MHMNJMPURVTYEJ-UHFFFAOYSA-N,MHMNJMPURVTYEJ,eval_set_herg_70.csv,,
CCS(=O)(=O)C[NH2+]C1c2cc(C[NH3+])ccc2OC(C)(C)C1O,Blocker,Blocker,,WBVSOLNLFCLORC-UHFFFAOYSA-P,WBVSOLNLFCLORC,eval_set_herg_60.csv,,
CC(C)Cn1c(=O)n(C)c(=O)c2nc[nH]c21,Non-blocker,Blocker,,APIXJSLKIYYUKG-UHFFFAOYSA-N,APIXJSLKIYYUKG,eval_set_herg_60.csv,,
COC(=O)c1[nH]c2ccc(C)cc2c1NC(=O)Nc1ccccc1OC,Non-blocker,Non-blocker,0,YTCIAWJRYPJVJZ-UHFFFAOYSA-N,YTCIAWJRYPJVJZ,PubChem,660519,
COc1ccc(-c2cc(=O)c3c(OC)cc(OC)cc3o2)cc1,Non-blocker,Non-blocker,,ZXJJBDHPUHUUHD-UHFFFAOYSA-N,ZXJJBDHPUHUUHD,eval_set_herg_70.csv,,
CC(=O)Nc1ccc2cnn(-c3cc(NC4CC4)n4ncc(C#N)c4n3)c2c1,Non-blocker,Non-blocker,0,FQGPBKNLANMDDC-UHFFFAOYSA-N,FQGPBKNLANMDDC,data_herg_dev,CHEMBL2062564,
CCN(C(=O)c1ccccc1Oc1ccccc1)C1CCNC1,Blocker,Blocker,1,IGKPIVYFTICMLH-UHFFFAOYSA-N,IGKPIVYFTICMLH,CUPID,CUPID,
O=C1CC(Nc2ccccc2)=NN1c1ccccc1,Non-blocker,Non-blocker,0,BYHCBLSQLHOONI-UHFFFAOYSA-N,BYHCBLSQLHOONI,PubChem,135461894,
O=C(NC[C@@H]1OC(=O)N2c3ccc(N4CCOCC4=O)cc3OC[C@@H]12)c1ccc(Cl)s1,Non-blocker,Non-blocker,0,FAHBXTXHOUMNTM-ZFWWWQNUSA-N,FAHBXTXHOUMNTM,data_herg_dev,CHEMBL3330442,
CCOC(=O)c1ccc(NC(=S)NCCCn2ccnc2)cc1,Non-blocker,Non-blocker,0,SPJWAMXRKWZOQJ-UHFFFAOYSA-N,SPJWAMXRKWZOQJ,PubChem,2891425,
CCN(CC)CCCN(c1ccccc1)C1Cc2ccccc2C1.Cl,Blocker,Blocker,,KIPFVRHNAAZJOD-UHFFFAOYSA-N,KIPFVRHNAAZJOD,eval_set_herg_70.csv,,
COc1ccc(NC(=O)c2ccc3c(c2)OCCO3)cc1OC,Non-blocker,Non-blocker,0,DUJDWXZEBDJCII-UHFFFAOYSA-N,DUJDWXZEBDJCII,PubChem,841491,
CC(C)Oc1cc(CCC(C)(C)N2Cc3cccc(F)c3C2)ccc1O,Blocker,Blocker,1,CZMKZNSLFDBBJT-UHFFFAOYSA-N,CZMKZNSLFDBBJT,PubChem,91826734,34531947
Fc1ccc(C2c3ccccc3CCN2C2=NCC3CNCCC3O2)cc1,Blocker,Blocker,1,JFFDMJARGAXCCI-UHFFFAOYSA-N,JFFDMJARGAXCCI,PubChem,CUPID,
O=C1COc2ccc(CNC3CCN(CCN4C(=O)COc5ccc(F)cc54)CC3)nc2N1,Non-blocker,Blocker,1,YENDMGDQIBLVIY-UHFFFAOYSA-N,YENDMGDQIBLVIY,PubChem,15983553,21782427
CC[C@@H](C)NC(=O)CN(c1ccc(OC)cc1)S(=O)(=O)c1ccccc1,Non-blocker,Non-blocker,0,NHBFDPJATOJYID-OAHLLOKOSA-N,NHBFDPJATOJYID,PubChem,2889705,
CCOC(=O)c1cc2sccc2n1CC(=O)Nc1ccc(OC)c(OC)c1,Non-blocker,Non-blocker,0,OZOLYLCGICSFNC-UHFFFAOYSA-N,OZOLYLCGICSFNC,PubChem,645798,
c1ccc2oc(-c3[nH]ncc3CN3CCSCC3)cc2c1,Non-blocker,Non-blocker,0,ZNQNKTVVGUJYMP-UHFFFAOYSA-N,ZNQNKTVVGUJYMP,PubChem,16188779,
CCO/C=N/Nc1nc(C(F)(F)F)nc2c1cnn2Cc1ccccc1,Non-blocker,Non-blocker,0,YYBAJAGEMJFNSF-KEBDBYFISA-N,YYBAJAGEMJFNSF,PubChem,9684303,
CCOC(=O)c1cc(Cl)c2c(ccc3ccccc32)n1,Non-blocker,Non-blocker,0,ZQSMZRDGDQIYOU-UHFFFAOYSA-N,ZQSMZRDGDQIYOU,PubChem,307135,
CCc1cc(CN2C[C@H](N)[C@H](C(=O)N3CCC[C@H]3C#N)C2)cc(CC)c1C#N,Non-blocker,Non-blocker,,NSLNCWBNXXAFCL-TYPHKJRUSA-N,NSLNCWBNXXAFCL,eval_set_herg_70.csv,,
COC(=O)C(c1ccccc1)C1CCCCN1,Blocker,Blocker,,DUGOZIWVEXMGBE-UHFFFAOYSA-N,DUGOZIWVEXMGBE,eval_set_herg_60.csv,,
COc1ccc(NC(=O)N(C)C[C@H]2Oc3ccc(NC(=O)NC4CCCCC4)cc3C(=O)N([C@H](C)CO)C[C@@H]2C)cc1,Blocker,Non-blocker,0,BIQAYDWMBLYHAP-BALWLHIASA-N,BIQAYDWMBLYHAP,PubChem,44202551,
CCCCCCCN(CC)CC#Cc1ccc(Cl)cc1,Blocker,Blocker,1,PBODHXFMUIPZFK-UHFFFAOYSA-N,PBODHXFMUIPZFK,CUPID,72793304,24224763
O=S(=O)(c1cccc(-c2nnc(-c3ccc(Br)cc3)o2)c1)N1CCCCCC1,Non-blocker,Non-blocker,0,IPDHDLPQTHABSO-UHFFFAOYSA-N,IPDHDLPQTHABSO,PubChem,1216983,
CCOC(=O)Cc1csc(NC(=S)/N=C(\O)c2ccccc2Br)n1,Blocker,Blocker,1,CXNSVSMYHQZWIC-UHFFFAOYSA-N,CXNSVSMYHQZWIC,PubChem,1235011,
CCOC(=O)C1=C[C@]2(CC)CCC[N+]3CCc4c(n1c1ccccc41)[C@@H]32,Non-blocker,Blocker,,MEXIBBKUPJTJRY-IRLDBZIGSA-N,MEXIBBKUPJTJRY,eval_set_herg_70.csv,,
CC(F)(F)c1cccc(-c2cnn(Cc3cc[nH]n3)c2)c1,Blocker,Blocker,,YUBYOLBZTMVIAV-UHFFFAOYSA-N,YUBYOLBZTMVIAV,eval_set_herg_70.csv,,
CC[C@H](C)[C@H](NC(=O)c1ccccc1)C(=O)Nc1ccc(S(=O)(=O)Nc2cc(C)nc(C)n2)cc1,Non-blocker,Non-blocker,0,MKBWSKAVMHFVBD-HJPURHCSSA-N,MKBWSKAVMHFVBD,PubChem,2449902,
O=C(N[C@@H]1N=C(c2ccccc2)c2ccccc2N(CC(F)(F)F)C1=O)c1cc(Cl)cc(Cl)c1,Blocker,Blocker,1,WASCNOOTYPUVKD-NRFANRHFSA-N,WASCNOOTYPUVKD,data_herg_dev,CHEMBL127661,
Cl.O=C1c2cccc3c2[C@H](CCC3)CN1[C@@H]1CN2CCC1CC2,Non-blocker,Non-blocker,0,OLDRWYVIKMSFFB-SSPJITILSA-N,OLDRWYVIKMSFFB,data_herg_dev,,6918303
NS(=O)(=O)c1ccc(NC(=O)COC(=O)CCNC(=O)N[C@]23C[C@H]4C[C@H](C[C@H](C4)C2)C3)cc1,Non-blocker,Non-blocker,0,RDEFQPLFUCRDMC-OFWUGVANSA-N,RDEFQPLFUCRDMC,PubChem,2998875,
N#Cc1ccc2ccc(=O)n(CCN3CC[C@H](NCc4cc5c(cn4)OCCO5)[C@H](F)C3)c2c1,Non-blocker,Non-blocker,0,JYJKOWWSKTWAJA-RTWAWAEBSA-N,JYJKOWWSKTWAJA,data_herg_dev,CHEMBL2165064,
Cc1noc(-c2ccc(CCN3CCC(Nc4nc5ccccc5n4CC4CCCCC4)CC3)cc2)n1,Blocker,Blocker,1,YAQBXXOZSCQWBP-UHFFFAOYSA-N,YAQBXXOZSCQWBP,PubChem,171346895,36507890
Cn1nccc1Cc1cn(-c2ccc(F)c(Cl)c2)nn1,Blocker,Blocker,,OMQQLDITRYIEHZ-UHFFFAOYSA-N,OMQQLDITRYIEHZ,eval_set_herg_60.csv,,
O=S(=O)(NCc1nnc2c(C(F)(F)F)cc(Cl)cn12)c1ccccc1,Non-blocker,Non-blocker,0,GADCVLZPLLMOTL-UHFFFAOYSA-N,GADCVLZPLLMOTL,PubChem,7693535,
CC(O)(c1ccccc1)C1C=CC(C(c2cc[n+](O)cc2)c2ccc(OC(F)F)c(OC(F)F)c2)=CN1,Non-blocker,Blocker,,MNZDOBBBEUPYAL-UHFFFAOYSA-N,MNZDOBBBEUPYAL,eval_set_herg_70.csv,,
CCn1cc(C2(c3nn(CC)c(=O)o3)NC(c3nc(-c4ccc(F)cn4)c[nH]3)Cc3c2[nH]c2ccccc32)cn1,Blocker,Blocker,1,QQLVWLYBRMDMSR-UHFFFAOYSA-N,QQLVWLYBRMDMSR,CUPID,CUPID,
CCn1c(SCC(=O)Nc2cccc(F)c2)nc2c(c1=O)S[C@H](C)C2,Non-blocker,Non-blocker,0,LJQUKPJBSAMSTP-SNVBAGLBSA-N,LJQUKPJBSAMSTP,PubChem,4651264,
COc1cccc(CN(c2cccc3[nH]ccc23)C2CCNCC2)c1,Blocker,Blocker,,IWAYMZQFOINIBE-UHFFFAOYSA-N,IWAYMZQFOINIBE,eval_set_herg_70.csv,,
CCOC(=O)c1ccc2c(c1)NCc1cccc(OC)c1O2,Non-blocker,Non-blocker,0,ZKMRNPBEBOXDCJ-UHFFFAOYSA-N,ZKMRNPBEBOXDCJ,PubChem,339237,
CCC1Oc2ccc(Br)cc2C2(COC(N)=N2)C12COC2,Blocker,Blocker,1,UVKPJIHODHUWCZ-UHFFFAOYSA-N,UVKPJIHODHUWCZ,data_herg_dev,CHEMBL3703214,
Clc1ccc2c(N[C@H]3CC[C@@H](N4CCCCC4)CC3)ccnc2c1,Blocker,Blocker,1,SVJCZPVZDHLIEP-CALCHBBNSA-N,SVJCZPVZDHLIEP,PubChem,245078,
O=C1N=C(N2CCN(c3ccccc3)CC2)S/C1=C\c1cn[nH]c1-c1ccccc1,Non-blocker,Non-blocker,0,KDJWRYWTGWAZPJ-HKWRFOASSA-N,KDJWRYWTGWAZPJ,PubChem,1397416,
CCS(=O)(=O)c1ccc2c(c1)nc(C(C)(C)C)n2COC(F)(F)F,Non-blocker,Blocker,,VQGQUWIXGJVIKT-UHFFFAOYSA-N,VQGQUWIXGJVIKT,eval_set_herg_70.csv,,
S=C(Nc1ccc(Cl)cc1)c1nc2ccccc2s1,Blocker,Blocker,1,XNGAARZXLQBGOX-UHFFFAOYSA-N,XNGAARZXLQBGOX,PubChem,886312,
O=C(O)C[C@]1(CC(F)(F)F)CCc2cc(-c3cnc(NC(=O)Nc4ccc(F)c(F)c4)cn3)ccc2C1=O,Non-blocker,Blocker,1,OTKTZEZTFCAULO-DEOSSOPVSA-N,OTKTZEZTFCAULO,data_herg_dev,CHEMBL4173715,
Cc1ccc(/C=C/C(=O)c2ccccc(=O)c2O)c(C)c1,Blocker,Blocker,1,ODTXUWRROVEXCV-MDZDMXLPSA-N,ODTXUWRROVEXCV,PubChem,7314606,
CCON=C1CCC(CN2CCN(c3nc(=O)c4cc(C(F)(F)F)cc([N+](=O)[O-])c4s3)CC2)CC1,Non-blocker,Non-blocker,0,PRDKNENGUKUJLB-UHFFFAOYSA-N,PRDKNENGUKUJLB,data_herg_dev,CHEMBL4571987,
CCc1nc2ccc(Cl)cn2c1C(=O)NCc1ccc2c(c1)CCN(CCc1ccc(C(F)(F)F)cn1)C2,Blocker,Blocker,1,VRIOUKKBSWLHAD-UHFFFAOYSA-N,VRIOUKKBSWLHAD,data_herg_dev,CHEMBL4451031,
COC(=O)C[C@H]1c2cc(C(F)(F)F)ccc2S(=O)(=O)N1Cc1ccc(OC)cc1,Blocker,Non-blocker,0,WBKBPYMSDJXTAQ-INIZCTEOSA-N,WBKBPYMSDJXTAQ,PubChem,24747375,
Cc1ccc(OC(=O)N(CC(=O)O)Cc2cccc(OCc3nc(-c4ccc(Cl)cc4)sc3C)c2)cc1,Non-blocker,Blocker,1,HPRCKBOWJYALMP-UHFFFAOYSA-N,HPRCKBOWJYALMP,PubChem,46198108,20218621
COc1cccc2c1nc(N)n1nc(CN3CCN(c4ncccn4)C[C@H]3C)nc21,Non-blocker,Non-blocker,0,UGNIFDZRCGZKQD-CYBMUJFWSA-N,UGNIFDZRCGZKQD,data_herg_dev,CHEMBL3596510,
Cc1cccc(N(C)C(=S)Oc2ccc3ccccc3c2)c1,Blocker,Blocker,1,FUSNMLFNXJSCDI-UHFFFAOYSA-N,FUSNMLFNXJSCDI,data_herg_dev,,5510
C[C@@H]1C[C@@H](N(C(=O)c2ccccc2Cl)c2ccccc2)c2ccccc2N1,Non-blocker,Non-blocker,0,YVVXFSUFBIJTJU-OPAMFIHVSA-N,YVVXFSUFBIJTJU,PubChem,2905219,
OCCc1nccn1Cn1cc(-c2ccc(S(F)(F)(F)(F)F)cc2)nn1,Non-blocker,Blocker,,PTIUBUNBWISPMY-UHFFFAOYSA-N,PTIUBUNBWISPMY,eval_set_herg_60.csv,,
CCOC(=O)c1ccc(N2C(=O)C[C@@H](N3CCN(C/C=C/c4ccccc4)CC3)C2=O)cc1,Non-blocker,Blocker,1,JGSSJLAZAZTHQB-MFJULSPGSA-N,JGSSJLAZAZTHQB,PubChem,5290691,
O=C1CCC[C@H]2[C@@H]3CCCN4CCC[C@H](CN12)[C@H]34,Non-blocker,Non-blocker,,ZSBXGIUJOOQZMP-UKTARXLSSA-N,ZSBXGIUJOOQZMP,eval_set_herg_60.csv,,
COc1ccc(S(=O)(=O)N2CCN(C(=S)NC[C@H]3CCCO3)CC2)cc1OC,Non-blocker,Non-blocker,0,SAPQORKQAWTZAT-CQSZACIVSA-N,SAPQORKQAWTZAT,PubChem,2970641,
Cc1cc(CN2CCN(c3c(Cl)cnc4[nH]c(-c5ccc(N6CCN(C)CC6)cc5)nc34)CC2)no1,Blocker,Blocker,1,DRNKFZMXQOCVNA-UHFFFAOYSA-N,DRNKFZMXQOCVNA,PubChem,46868086,23043539
CC/C=C(/NCc1ccccc1)C1=C(O)[C@H](C(=O)OC)C(C)(C)CC1=O,Non-blocker,Non-blocker,0,ZYHYYPNTWFFZHN-IKFRKZOMSA-N,ZYHYYPNTWFFZHN,PubChem,135423506,
CC(=O)c1ccc(NC(=O)[C@@H]2C[C@H]2c2ccccc2)cc1,Non-blocker,Non-blocker,0,WJXKAZLCVHFCAU-DLBZAZTESA-N,WJXKAZLCVHFCAU,PubChem,4205798,
CS(=O)(=O)Nc1ccc(C(=O)N2CC(=O)Nc3ccccc32)cc1,Non-blocker,Non-blocker,0,QHLIGAFFKXQGSR-UHFFFAOYSA-N,QHLIGAFFKXQGSR,PubChem,6458428,
Cc1nccn1Cc1cn(-c2ccc(Cl)c(OC(F)F)c2)nn1,Blocker,Blocker,1,NTXPVEQQFPXEPU-UHFFFAOYSA-N,NTXPVEQQFPXEPU,data_herg_dev,,
O=C(Cc1ccccc1)Nc1ccc(C(=O)O)cc1,Non-blocker,Non-blocker,0,VNHSSBYXYMABJC-UHFFFAOYSA-N,VNHSSBYXYMABJC,PubChem,785682,
CC/C=C/C#N,Non-blocker,Non-blocker,0,ISBHMJZRKAFTGE-ONEGZZNKSA-N,ISBHMJZRKAFTGE,PubChem,5364360,
CN1CCC(CNc2ccn3ncc(-c4cccc(OC(F)(F)F)c4)c3n2)CC1,Blocker,Blocker,1,RXIOLPKAVOQIOE-UHFFFAOYSA-N,RXIOLPKAVOQIOE,CUPID,66598128,25589932
CCC(C)(C)c1ccc(C[C@@H](C)CN2C[C@@H](C)O[C@@H](C)C2)cc1,Non-blocker,Blocker,1,MQHLMHIZUIDKOO-KURKYZTESA-N,MQHLMHIZUIDKOO,PubChem,54260,
COc1ccc(NC(=S)N2CCN(CC/N=C/C3=C(O)C[C@@H](c4ccccc4)CC3=O)CC2)cc1,Non-blocker,Non-blocker,0,GOMONFMFMZBVOY-APMPPKRVSA-N,GOMONFMFMZBVOY,PubChem,135439111,
NCc1cccc(C2CCN(C(=O)c3cc(C(N)=O)cc(-c4nc(-c5cccs5)no4)c3)CC2)c1,Non-blocker,Non-blocker,0,LPBADDHUZIZZHC-UHFFFAOYSA-N,LPBADDHUZIZZHC,data_herg_dev,CHEMBL362874,
Cc1csc(Cn2c([C@@H]3CCCN(C4CCCCC4)C3)nc3ccccc32)n1,Blocker,Blocker,1,XJANDYKKEVAKFU-GOSISDBHSA-N,XJANDYKKEVAKFU,PubChem,46888855,20347297
C[C@H](C(=O)N1CCCC1)N1CCN(c2ccccc2O)CC1,Non-blocker,Blocker,1,OESIKSSQRRZAOQ-CQSZACIVSA-N,OESIKSSQRRZAOQ,PubChem,4877515,
O=C(c1cnn2c(C(F)F)cc(-c3ccccc3)nc12)N1CCc2ccccc21,Non-blocker,Non-blocker,0,OMJXIVBRMWKUHU-UHFFFAOYSA-N,OMJXIVBRMWKUHU,PubChem,1093959,
Cl.Cl.c1ccc(CNCCNCc2ccccc2)cc1,Non-blocker,Non-blocker,,NZBGFGGNLREHFL-UHFFFAOYSA-N,NZBGFGGNLREHFL,eval_set_herg_70.csv,,
Cc1[nH]c(=O)c(C#N)cc1-c1ccncc1,Non-blocker,Non-blocker,,PZRHRDRVRGEVNW-UHFFFAOYSA-N,PZRHRDRVRGEVNW,eval_set_herg_60.csv,,
CCOC(=O)[C@H]1[C@H]2COc3ccc(Cl)cc3[C@@H]2N2C(=O)c3cc(F)c(F)cc3NC(=O)[C@@]12C,Non-blocker,Blocker,1,IRRUEIQSSKZUHS-CMMZHZMSSA-N,IRRUEIQSSKZUHS,PubChem,25102452,
CCc1cc(C(=O)N[C@@H]2CCCc3c2cnn3-c2cccc(C)c2C)n(C)n1,Non-blocker,Non-blocker,0,SGJMISOKPTWCGI-GOSISDBHSA-N,SGJMISOKPTWCGI,PubChem,24792090,
NS(=O)(=O)c1ccc(NC(=O)CSc2nnc(Cc3cccs3)n2-c2ccccc2)cc1,Non-blocker,Non-blocker,0,ZRAWNCUPBJISSB-UHFFFAOYSA-N,ZRAWNCUPBJISSB,PubChem,2218975,
CCOC(=O)CSc1ncnc2c1cnn2-c1ccc(C)cc1,Blocker,Non-blocker,0,XUVHWWHRMKGYMV-UHFFFAOYSA-N,XUVHWWHRMKGYMV,PubChem,655144,
Cc1ccc(NC(=O)c2cc(S(=O)(=O)N3CCCC3)c[nH]2)c(C)c1,Non-blocker,Non-blocker,0,HSQDNCGLNIRVNK-UHFFFAOYSA-N,HSQDNCGLNIRVNK,PubChem,16018614,
Cc1ccc(OCCCc2cc(N)cc(CCCOc3ccc(C)cc3)n2)cc1,Blocker,Blocker,1,QFABWSMCBRDEAQ-UHFFFAOYSA-N,QFABWSMCBRDEAQ,CUPID,71605377,23473309
Cc1cccc(C(=O)Nc2cccc(NC(=O)c3cccc(Cl)c3)c2)c1,Non-blocker,Non-blocker,0,KZXMFJORGLUXJN-UHFFFAOYSA-N,KZXMFJORGLUXJN,data_herg_dev,CHEMBL1086899,
Cc1ccc(N(C(=O)c2ccn[nH]2)[C@H](C(=O)NC2CCCC2)c2cccs2)cc1,Non-blocker,Non-blocker,0,KCJPVRQGAWDAIM-FQEVSTJZSA-N,KCJPVRQGAWDAIM,PubChem,3153689,
Cc1c(CN([C@@H]2CCNC2)S(C)(=O)=O)ccc2cc(F)ccc12,Blocker,Blocker,1,LNIDNIKEDAQTOW-MRXNPFEDSA-N,LNIDNIKEDAQTOW,PubChem,44610722,19740658
O=C(Nc1nccs1)c1ccc(N2CCOCC2)c([N+](=O)[O-])c1,Non-blocker,Non-blocker,0,SOBIZCJDCBPXTI-UHFFFAOYSA-N,SOBIZCJDCBPXTI,PubChem,4318135,
C/C(=N/NC(=O)c1ccc2c(c1)OCO2)c1ccc(Br)s1,Non-blocker,Non-blocker,0,SDOAIZHQPATQLO-PXNMLYILSA-N,SDOAIZHQPATQLO,PubChem,5348234,
COC(=O)N(NC(=O)c1c(OC2CCN(C(C)(C)C)CC2)c(-c2ccccc2)nc2ccccc12)c1ccccc1,Blocker,Blocker,1,WVUQXKZYKKWCCM-UHFFFAOYSA-N,WVUQXKZYKKWCCM,PubChem,44418998,16950617
O=C(c1ccc(C[C@@H]2CC[C@H]([C@H](O)c3ccccc3)N2)cc1)N1CCN(Cc2nnn(CC(F)F)n2)CC1,Non-blocker,Non-blocker,0,YDJMKEIHCDSIFC-PPJWLVRDSA-N,YDJMKEIHCDSIFC,data_herg_dev,CHEMBL4103112,
CC(=O)Nc1cccc(Oc2cc(C#N)c(C#N)cc2N2CCOCC2)c1,Blocker,Non-blocker,0,HIUUBSLLUKNSTG-UHFFFAOYSA-N,HIUUBSLLUKNSTG,PubChem,1087089,
CCOc1cc(CNCCc2ccc(S(N)(=O)=O)cc2)ccc1OCc1ccccc1,Non-blocker,Non-blocker,0,SOEYUDFSHJCWTE-UHFFFAOYSA-N,SOEYUDFSHJCWTE,PubChem,2967728,
Cc1cc2occ(CC(=O)NNC(=O)c3ccccc3)c2cc1C,Non-blocker,Non-blocker,0,CFZSUXAXNFTGPO-UHFFFAOYSA-N,CFZSUXAXNFTGPO,PubChem,18079669,
CC[C@@H](C)[C@@H](CN1CCC(C)(c2cccc(F)c2)CC1)NC(=O)[C@H]1Cc2ccc(O)cc2CN1,Blocker,Blocker,1,ZNIBWXZDUNBMBR-WGURPXDASA-N,ZNIBWXZDUNBMBR,PubChem,122189014,26342544
CCN(CC)c1nc(C)cc(OP(=S)(OC)OC)n1,Non-blocker,Non-blocker,0,QHOQHJPRIBSPCY-UHFFFAOYSA-N,QHOQHJPRIBSPCY,data_herg_dev,,34526
COc1ccc(CCCOc2cc(CCn3ccnc3)ccc2OC)cc1.Cl,Blocker,Blocker,1,KBPZBOSJIZEELA-UHFFFAOYSA-N,KBPZBOSJIZEELA,data_herg_dev,CHEMBL1590980,
O=C(c1ccc(CN2CCOCC2)cc1)N1CCN(C2CCC2)CC1,Blocker,Blocker,1,ABJWJGMTLYSISP-UHFFFAOYSA-N,ABJWJGMTLYSISP,data_herg_dev,CHEMBL3577956,
Cn1cncc1-c1cc2ccncc2n1-c1ccc(Cl)cc1,Blocker,Blocker,,PXQSCMURJHEJSY-UHFFFAOYSA-N,PXQSCMURJHEJSY,eval_set_herg_70.csv,,
Cc1cccc(N2C(=O)[C@H]3C[C@H]3C2=O)c1,Non-blocker,Non-blocker,0,GQKBFLIMLYQFOR-AOOOYVTPSA-N,GQKBFLIMLYQFOR,PubChem,3727884,
Cc1ccsc1C(=O)NCc1ccc(Cl)cc1,Non-blocker,Non-blocker,0,SQJUZIDNZOZFDW-UHFFFAOYSA-N,SQJUZIDNZOZFDW,PubChem,1225261,
COCCCNC(=O)C[C@H]1C[C@H](C(=O)N(C(C)C)C(C)C)[C@@]2(C)c3[nH]c4cc(-c5ccco5)ccc4c3CCN2C1=O,Non-blocker,Non-blocker,0,JAQPLCNMFKRXAQ-CBBCSGBYSA-N,JAQPLCNMFKRXAQ,PubChem,44602092,
CCC(=O)Nc1ccc(C(=O)CSc2nnc(-c3ccccc3F)n2C2CC2)cc1,Non-blocker,Non-blocker,0,YEBIGPRMOLUTMI-UHFFFAOYSA-N,YEBIGPRMOLUTMI,PubChem,2448744,
CC(C)(c1cc(N2CCOCC2)nc(-c2cccc3[nH]ccc23)n1)S(C)(=O)=O,Non-blocker,Non-blocker,0,TYPBASYBSGLAOL-UHFFFAOYSA-N,TYPBASYBSGLAOL,data_herg_dev,CHEMBL2325703,
COc1cc(CNCc2ccccn2)ccc1OCc1ccc(Cl)cc1,Non-blocker,Non-blocker,0,LRSFFDRYGFKPIL-UHFFFAOYSA-N,LRSFFDRYGFKPIL,PubChem,2968829,
CCN(CCCC(=O)NC1CC1)C(=O)c1ccc2c(c1)c1c(n2C)CCC(C2CCOCC2)C1,Non-blocker,Non-blocker,0,DNVTUOZKJXLMMC-UHFFFAOYSA-N,DNVTUOZKJXLMMC,data_herg_dev,CHEMBL2029719,
CN(CCN1CC2CN(CCc3ccccc3)CC(C1)O2)S(=O)(=O)c1ccc(C#N)cc1,Non-blocker,Non-blocker,0,NCCPMJNCNJFNLS-UHFFFAOYSA-N,NCCPMJNCNJFNLS,data_herg_dev,CHEMBL3959589,
CNc1cc(Nc2cnc(C#N)c(OC(C)CN(C)C)n2)ncc1C(F)(F)F,Blocker,Blocker,1,WQYWYUZPLMKVID-UHFFFAOYSA-N,WQYWYUZPLMKVID,CUPID,CUPID,
CCOC(=O)CCc1ccc(OCC(O)CNC(C)(C)Cc2ccc3ccccc3c2)c(C#N)c1,Blocker,Blocker,1,HOWBDMROKCOABA-UHFFFAOYSA-N,HOWBDMROKCOABA,CUPID,CUPID,
COC(=O)C1=CCC2CCC1[N+]2C,Non-blocker,Non-blocker,,WKIDXYNSLWZPGZ-UHFFFAOYSA-N,WKIDXYNSLWZPGZ,eval_set_herg_60.csv,,
O=c1[nH]c2ccccc2n1C1CCN(CCCC(c2ccc(F)cc2)c2ccc(F)cc2)CC1,Blocker,Blocker,1,YVUQSNJEYSNKRX-UHFFFAOYSA-N,YVUQSNJEYSNKRX,CUPID,16362,18262683
Cc1cc(/C=C/C(=O)c2cnc3ccccc3c2)cc(C)c1OC(C)(C)C(=O)O,Blocker,Blocker,,XHFCMJZTTZYLNE-MDZDMXLPSA-N,XHFCMJZTTZYLNE,eval_set_herg_70.csv,,
C[C@@H]1Cc2ccccc2N1C(=S)/N=C(\O)c1ccc(Cl)cc1Cl,Blocker,Blocker,1,BACOIUYLDPSRCY-SNVBAGLBSA-N,BACOIUYLDPSRCY,PubChem,3647645,
NNC(=O)c1cc2c(N3CCC(Cc4ccccc4)CC3)ncnc2s1,Blocker,Non-blocker,0,JPNPFHNYFAIFNH-UHFFFAOYSA-N,JPNPFHNYFAIFNH,PubChem,1478208,
COc1cccc2c1O[C@H](c1ccc(OCCCN3CCC[C@H](C)C3)cc1)[C@@H](C)S2(=O)=O,Blocker,Blocker,1,WTJRFDFYOQEAAP-GLDPYIMESA-N,WTJRFDFYOQEAAP,PubChem,45271712,19520574
FC1(F)CC1Cc1nnc2cc(-c3cccc4c3OCC4)ccn12,Non-blocker,Non-blocker,,UUHOZAZUVJZTIW-UHFFFAOYSA-N,UUHOZAZUVJZTIW,eval_set_herg_70.csv,,
O=C(O[C@H]1CN2CCC1CC2)N1CCc2ccccc2[C@@H]1c1ccc(F)cc1,Blocker,Blocker,1,CEYITZYIKGLXEN-VXKWHMMOSA-N,CEYITZYIKGLXEN,PubChem,163282064,36368496
CCOC(=O)c1ccc(-n2c(C)nc3c(cnn3-c3ccccc3Cl)c2=O)cc1,Non-blocker,Non-blocker,0,VEHIEJLKEOVGFO-UHFFFAOYSA-N,VEHIEJLKEOVGFO,PubChem,9550264,
C=C1CC23CC4C5C6(C)CC(C(=O)OC)CC57C2C(O)C1C(C(=O)OC)C3(O)C7N4C6,Blocker,Non-blocker,,GUVKALIOCDHSBZ-UHFFFAOYSA-N,GUVKALIOCDHSBZ,eval_set_herg_60.csv,,
C[C@H](CCc1ccc(Cl)c(Cl)c1)N1Cc2cc3c(cc2C1)OCO3,Blocker,Non-blocker,,KTHLRNWGDXCNQL-GFCCVEGCSA-N,KTHLRNWGDXCNQL,eval_set_herg_70.csv,,
Cc1c(C(=O)NN2CCCCC2)nn(-c2ccc(Cl)cc2Cl)c1-c1ccc(Cl)cc1,Blocker,Blocker,1,JZCPYUJPEARBJL-UHFFFAOYSA-N,JZCPYUJPEARBJL,PubChem,104850,
COc1cnc(-c2ccccn2)nc1NCc1ccccc1F,Non-blocker,Non-blocker,0,MNEUEWDEJDGILN-UHFFFAOYSA-N,MNEUEWDEJDGILN,data_herg_dev,CHEMBL2070131,
CC(C)S(=O)(=O)c1ccc(O[C@@H](C)C(F)(F)F)c(C(=O)N2Cc3cn(-c4ccccc4)nc3C2)c1,Blocker,Blocker,1,YDEWBMPAQSXMRD-INIZCTEOSA-N,YDEWBMPAQSXMRD,data_herg_dev,CHEMBL4211293,
CC(C)N(C(=O)c1ccccc1C(F)(F)F)[C@H]1CCNC1,Blocker,Non-blocker,0,UYHGUPUXXZHREH-NSHDSACASA-N,UYHGUPUXXZHREH,data_herg_dev,CHEMBL555121,
C[C@H]1CN(CCCn2c3ccccc3c3ccccc32)C[C@@H](C)N1.Cl.Cl,Non-blocker,Blocker,1,ZWHRZGHGYMUSRM-VWDRLOGHSA-N,ZWHRZGHGYMUSRM,data_herg_dev,,53388
COc1ccc2nc(SCC(=O)Nc3ccc(S(=O)(=O)Nc4nccc(C)n4)cc3)[nH]c2c1,Non-blocker,Non-blocker,0,IXMIBHGLVNZRKO-UHFFFAOYSA-N,IXMIBHGLVNZRKO,PubChem,1596211,
O=C(NCc1ccc(OC(F)(F)F)cc1)c1c2ccccc2c(O)n1CCOc1ccccn1,Blocker,Blocker,1,OPLHGJXQWLMDIN-UHFFFAOYSA-N,OPLHGJXQWLMDIN,PubChem,CUPID,
O=c1c2ccccc2nc(-c2cccs2)n1-c1ccc2ccccc2c1,Non-blocker,Non-blocker,0,YSLSIJXGHOYVRU-UHFFFAOYSA-N,YSLSIJXGHOYVRU,PubChem,1116973,
COc1cccc(COC(=O)c2c(-c3ccc(OC)c(OC)c3)csc2N)c1,Blocker,Blocker,1,KUYKGKWALOSLME-UHFFFAOYSA-N,KUYKGKWALOSLME,PubChem,71009783,23566515
CCN(CC)S(=O)(=O)c1ccc(N2CCOCC2)c(NC(=O)c2cccc(C#N)c2)c1,Non-blocker,Non-blocker,0,HADQBIPLYUFVCR-UHFFFAOYSA-N,HADQBIPLYUFVCR,PubChem,4834173,
CC(C)Oc1ccc2c(=O)c(-c3ccccc3)coc2c1,Non-blocker,Non-blocker,0,SFBODOKJTYAUCM-UHFFFAOYSA-N,SFBODOKJTYAUCM,data_herg_dev,,3747
COc1ccc(-c2c(-c3ccc(C#N)c(F)c3)nc(N3CCC(N)CC3)n(C)c2=O)cc1F,Blocker,Blocker,1,NBAIXBAUHIQQGF-UHFFFAOYSA-N,NBAIXBAUHIQQGF,PubChem,129096972,33034194
CCNC(=S)N1CCc2cc(OC)c(OC)cc2[C@@H]1COc1ccccc1OC,Non-blocker,Non-blocker,0,BJGHTOURUZXTCQ-KRWDZBQOSA-N,BJGHTOURUZXTCQ,PubChem,4143659,
O=C(NCCCN1CCOCC1)c1cc(-c2ccc(Br)cc2)nc2ccccc12,Non-blocker,Non-blocker,0,DJQAYSUYCLGAPN-UHFFFAOYSA-N,DJQAYSUYCLGAPN,PubChem,2163809,
COc1cc(/C=N/NC(=O)CSCc2ccc([N+](=O)[O-])cc2)cc(OC)c1OC,Non-blocker,Non-blocker,0,UKALBKWMMQFNAY-KEBDBYFISA-N,UKALBKWMMQFNAY,PubChem,5337760,
CCOc1ccc2c(c1)C(=Nn1cc(O)n(CCCCN3CCN(C)CC3)c1=O)CCO2,Blocker,Blocker,1,AUYIFUMXVZAUSA-UHFFFAOYSA-N,AUYIFUMXVZAUSA,CUPID,CUPID,
Cc1cncc(-c2ccc(C(=O)N(c3ncccc3Cl)[C@@H]3CCCNC3)cc2)n1,Non-blocker,Non-blocker,0,ZRWWXYPLGSDQJG-GOSISDBHSA-N,ZRWWXYPLGSDQJG,data_herg_dev,CHEMBL4127458,
O=S(=O)(Nc1cscn1)c1cc(Cl)c(OCC2NCCC=C2c2ccc(F)cc2)cc1F,Blocker,Non-blocker,0,HBSNNSVWXZBHJG-UHFFFAOYSA-N,HBSNNSVWXZBHJG,data_herg_dev,CHEMBL4102635,
C[C@@H](Oc1nnc(-c2ccncc2)n1C)c1noc(-c2cccc(Cl)c2)n1,Non-blocker,Non-blocker,0,HSADFLSLBBDMSW-LLVKDONJSA-N,HSADFLSLBBDMSW,data_herg_dev,CHEMBL2069926,
O=C1S/C(=C\c2ccc3c(cnn3Cc3ccc(Cl)cc3C(F)(F)F)c2)C(=O)N1C[C@H]1COCCN1,Blocker,Blocker,1,IVAGGJMBSIVHFX-PXSLILGDSA-N,IVAGGJMBSIVHFX,PubChem,90307845,28735214
COCCNC(=O)c1nn2c(C(F)(F)F)cc(-c3ccccc3)nc2c1Cl,Non-blocker,Non-blocker,0,ZNWRWQGIAIZDBU-UHFFFAOYSA-N,ZNWRWQGIAIZDBU,PubChem,3104830,
O[C@H](CCN1CCOCC1)c1ccccc1,Non-blocker,Blocker,1,DHICSGDXKJEROZ-CYBMUJFWSA-N,DHICSGDXKJEROZ,PubChem,3152333,
CN(CCCC(=O)NC1CC1)C(=O)c1ccc2c(c1)c1c(n2C)CCC(C2CCOCC2)C1,Non-blocker,Non-blocker,0,FLWYTHWMIDUSGM-UHFFFAOYSA-N,FLWYTHWMIDUSGM,data_herg_dev,CHEMBL2029718,
CCCS(=O)(=O)c1nc(S(=O)(=O)c2ccc(C)cc2)c(NCCCN2CCOCC2)s1,Non-blocker,Non-blocker,0,HXIVQZXEEVYSEW-UHFFFAOYSA-N,HXIVQZXEEVYSEW,PubChem,2935074,
Fc1cccc2c([C@@H]3CNCC[C@H]3F)c(-c3ccccc3)[nH]c12,Blocker,Blocker,1,KFEAQGNOINWFSL-HUUCEWRRSA-N,KFEAQGNOINWFSL,PubChem,10495305,11334570
Cc1nn(C)c(Cl)c1S(=O)(=O)NCCN1CC2CN(CCCOc3ccc(C#N)cc3)CC(C1)O2,Non-blocker,Non-blocker,0,KWOVTHWLRKOCTM-UHFFFAOYSA-N,KWOVTHWLRKOCTM,data_herg_dev,CHEMBL3948200,
COc1ccccc1CC(=O)Nc1ccc(-c2noc(COc3ccc(Br)cc3)n2)cc1,Non-blocker,Non-blocker,0,KUDUPUYRWVQYFB-UHFFFAOYSA-N,KUDUPUYRWVQYFB,PubChem,1291616,
O=C(COC(=O)/C=C/c1cccc(Cl)c1)Nc1ccccc1-c1ccccc1,Non-blocker,Non-blocker,0,IGJHYAFNVYFNCS-BUHFOSPRSA-N,IGJHYAFNVYFNCS,PubChem,2445696,
N#CCc1cc(-c2ccc(Cl)c(Cl)c2)n[nH]1,Non-blocker,Blocker,1,KGBBJCBFCUHTTJ-UHFFFAOYSA-N,KGBBJCBFCUHTTJ,PubChem,902163,
COC[C@H]1OC2(CCN(CCc3ccccc3)CC2)CN(c2ccccc2)C1=O,Blocker,Blocker,1,CAXQLHIXVZVOAJ-JOCHJYFZSA-N,CAXQLHIXVZVOAJ,PubChem,118567313,31743642
O=c1oc(Cl)c(Cl)c2ccccc12,Non-blocker,Blocker,1,SUGXUUGGLDCZKB-UHFFFAOYSA-N,SUGXUUGGLDCZKB,data_herg_dev,CHEMBL24983,
C=C1/C(=C\C=C2/CCC[C@@]3(C)[C@H]2CC[C@@H]3[C@H](C)CCCC(C)(C)O)C[C@@H](O)C[C@@H]1O,Non-blocker,Non-blocker,,GMRQFYUYWCNGIN-NKMMMXOESA-N,GMRQFYUYWCNGIN,eval_set_herg_70.csv,,
Cl.Nc1cc(Cl)c(NC2=NCCN2)c(Cl)c1,Blocker,Blocker,1,OTQYGBJVDRBCHC-UHFFFAOYSA-N,OTQYGBJVDRBCHC,data_herg_dev,,51763
CCCCc1oc2ccccc2c1C(=O)c1cc(I)c(OCCO)c(I)c1,Non-blocker,Non-blocker,0,FHWJUIZOKDUAQQ-UHFFFAOYSA-N,FHWJUIZOKDUAQQ,data_herg_dev,,
C=CC12CCN(CC1)C(C(O)c1ccnc3ccc(OC)cc13)C2.Cl,Blocker,Non-blocker,0,PKLFKSABAIAQBR-UHFFFAOYSA-N,PKLFKSABAIAQBR,data_herg_dev,CHEMBL580353,
C/C=C(\C)C(=O)Nc1cccc(C2=NO[C@@]3(C2)C[C@H](C(N)=O)N(C(=O)C(c2ccccc2)c2ccccc2)C3)c1,Non-blocker,Non-blocker,0,DNQFBEJTLBDYIK-ORXYPAPZSA-N,DNQFBEJTLBDYIK,PubChem,16681921,
CC(=O)Nc1cccc(C2CCN(Cc3ccc(Oc4nc5ccccc5n4-c4ccc(F)cc4)cc3)CC2)c1,Blocker,Blocker,1,LHPWDBFTYJAHFI-UHFFFAOYSA-N,LHPWDBFTYJAHFI,data_herg_dev,CHEMBL3219000,
COc1cc2ncnc(Nc3ccc(F)c(Cl)c3)c2cc1OCCCN1CCOCC1,Blocker,Non-blocker,,XGALLCVXEZPNRQ-UHFFFAOYSA-N,XGALLCVXEZPNRQ,eval_set_herg_70.csv,,
C[C@@H](NC(=O)c1ccco1)C(=O)O,Non-blocker,Blocker,1,VNYWJRJEGHPIQW-RXMQYKEDSA-N,VNYWJRJEGHPIQW,PubChem,2827446,
Cl.NNc1nncc2ccccc12,Non-blocker,Non-blocker,0,ZUXNZUWOTSUBMN-UHFFFAOYSA-N,ZUXNZUWOTSUBMN,data_herg_dev,CHEMBL542541,
CC(C)N(CCO)Cc1nc(-c2cn(CC3CCOCC3)c3c(Cl)cccc23)sc1Cl,Blocker,Blocker,1,LUTXPPYCQADQQH-UHFFFAOYSA-N,LUTXPPYCQADQQH,PubChem,54582095,21411321
O=C(CCC(=O)NNC(=O)COc1ccccc1)NCc1ccccc1,Non-blocker,Non-blocker,0,QSSHQILVVNWBBU-UHFFFAOYSA-N,QSSHQILVVNWBBU,PubChem,4027266,
Cc1cc2c3c([n+](C)c4ccc(F)cc4c3c1)-c1cc(F)ccc1N2C,Blocker,Blocker,,FJUYVGXXNUNWDT-UHFFFAOYSA-N,FJUYVGXXNUNWDT,eval_set_herg_60.csv,,
c1ccc(Cn2cc(NCCN3CCCCC3)nn2)cc1,Blocker,Blocker,1,XXDRNLWHVANHLR-UHFFFAOYSA-N,XXDRNLWHVANHLR,data_herg_dev,CHEMBL3417057,
CNc1nc(NCCN2CCNCC2)c2sc(-c3ccc(C(F)(F)F)cc3)cc2n1,Blocker,Blocker,1,DTJLQWKDDKMSHC-UHFFFAOYSA-N,DTJLQWKDDKMSHC,CUPID,122190176,26322748
CC(C)(Oc1ccc(Cl)cc1)C(=O)NCc1n[nH]c(=O)c2ccccc12,Non-blocker,Non-blocker,0,AEBCBKZEUCHIMQ-UHFFFAOYSA-N,AEBCBKZEUCHIMQ,PubChem,7626400,
Cc1ccc2c(-c3cnc4[nH]cc(C(=O)NC(C)(C)CO)c4n3)nn(CCCN(C)C)c2c1,Blocker,Non-blocker,0,YVQSMIMOPKDASQ-UHFFFAOYSA-N,YVQSMIMOPKDASQ,data_herg_dev,CHEMBL2347993,
CCN(CC)CCNC(=O)c1ccc(NS(C)(=O)=O)cc1,Non-blocker,Non-blocker,,KHYPYQZQJSBPIX-UHFFFAOYSA-N,KHYPYQZQJSBPIX,eval_set_herg_70.csv,,
CNC(=O)[C@@]12C[C@@H]1[C@@H](n1cnc3c(NC)nc(C#Cc4cnn(C)c4)nc31)[C@H](O)[C@@H]2O,Non-blocker,Blocker,1,JKXSQHYANQAEJR-NQWXTVAOSA-N,JKXSQHYANQAEJR,data_herg_dev,CHEMBL3407777,
CCc1ccccc1OC[C@@H](O)CN[C@H]1CCc2ccccc2C1.O=C(O)C(=O)O,Blocker,Blocker,1,HTEVEFDMFBMFEI-FKLPMGAJSA-N,HTEVEFDMFBMFEI,data_herg_dev,CHEMBL1324022,
Cc1cc(CN(C)C)ccc1C(=O)Cn1ccc(OCc2ccc(Br)cn2)cc1=O,Blocker,Blocker,1,GGDSBPMYJDVKAK-UHFFFAOYSA-N,GGDSBPMYJDVKAK,data_herg_dev,CHEMBL3601300,
N=C1NC2(CO1)c1cc(-c3cncc(OC(F)F)c3)ccc1OCC21CC1,Blocker,Blocker,1,UNYXJDJEOAZPJZ-UHFFFAOYSA-N,UNYXJDJEOAZPJZ,PubChem,CUPID,
CC#Cc1cncc(-c2cccc(C3(c4cc(C)c(=O)n(CC)c4)N=C(N)c4c(F)cc(F)cc43)c2)c1,Blocker,Blocker,1,MAXMBSSGZYMDKT-UHFFFAOYSA-N,MAXMBSSGZYMDKT,CUPID,CUPID,
COc1cc(CC[C@@H](C)N2Cc3cc4c(cc3C2)OCO4)ccc1O,Blocker,Blocker,1,FUSCVNVOEODHTI-CYBMUJFWSA-N,FUSCVNVOEODHTI,data_herg_dev,,
CCOC(=O)c1c(NC(=O)CSc2nnc(CNc3ccc(OC)cc3)n2C)sc(C)c1C,Non-blocker,Non-blocker,0,SZBFGGRLOSQIKG-UHFFFAOYSA-N,SZBFGGRLOSQIKG,PubChem,649528,
Cc1ccc(Cn2cnc(=O)c3cc(Oc4ncccc4C(F)(F)F)ccc32)c(F)c1,Non-blocker,Non-blocker,0,DIVPJRFDNJMUOR-UHFFFAOYSA-N,DIVPJRFDNJMUOR,data_herg_dev,CHEMBL2403338,
COC(=O)[C@@H](NCc1ccc(B(O)O)cc1)C(C)C,Non-blocker,Non-blocker,0,HWUVRZKSQIXRSI-LBPRGKRZSA-N,HWUVRZKSQIXRSI,PubChem,42609730,
O=C(CCn1cnnn1)Nc1ccccc1,Non-blocker,Non-blocker,0,AQGIEQFITJCJOY-UHFFFAOYSA-N,AQGIEQFITJCJOY,PubChem,1511455,
Cc1ncc(OC[C@@]2(c3ccccc3)C[C@H]2C(=O)Nc2cc(C)c(F)cn2)c(C)n1,Blocker,Blocker,1,NSBGTBRFTPITDV-FDDCHVKYSA-N,NSBGTBRFTPITDV,data_herg_dev,CHEMBL3585951,
O=C(NC1CNC1)c1cccn2c(=O)c3ccc4ccccc4c3nc12,Blocker,Blocker,1,LNNLALAKVYCIRQ-UHFFFAOYSA-N,LNNLALAKVYCIRQ,PubChem,166626306,35450366
O=C(CCC(=O)N1CCOc2ccccc21)NCc1ccccn1,Non-blocker,Non-blocker,0,PRRMJTGJEYLLCE-UHFFFAOYSA-N,PRRMJTGJEYLLCE,PubChem,22513043,
C[C@@H]1CCCC1CCc1cc2cc(-c3ccc(C#N)cc3)ccc2o1,Blocker,Blocker,,MNSKOLHUMODDGL-PYUWXLGESA-N,MNSKOLHUMODDGL,eval_set_herg_70.csv,,
COC(=O)/C=C\C(=O)OC,Non-blocker,Non-blocker,0,LDCRTTXIJACKKU-ARJAWSKDSA-N,LDCRTTXIJACKKU,PubChem,5271565,
O=C(c1cccs1)c1ccc(-c2cccs2)s1,Non-blocker,Non-blocker,0,ZZXVQKQWUPAJOI-UHFFFAOYSA-N,ZZXVQKQWUPAJOI,PubChem,659191,
Cc1nccnc1/C(C(=O)O)=C1/C=CC(=O)C(c2ncnc3cc(N4CCOCC4)ccc23)=C1,Non-blocker,Non-blocker,,VDDZZCZXKACKKC-CJLVFECKSA-N,VDDZZCZXKACKKC,eval_set_herg_60.csv,,
C[C@@H]1CC=C[C@@H]2[C@H]1C(=O)N(Cc1ccccc1)[C@H]2c1cccc(C#Cc2ccccc2)c1,Non-blocker,Non-blocker,0,WLLOAMLICPWKSE-BWUJXXCWSA-N,WLLOAMLICPWKSE,PubChem,16060130,
C[C@](CN)(Cc1cccnc1)c1ccc2ccccc2c1,Blocker,Non-blocker,,ZZLLQFDJKBAKCE-LJQANCHMSA-N,ZZLLQFDJKBAKCE,eval_set_herg_60.csv,,
Cn1c(=O)[nH]c(=O)c2c1ncn2CCN1CCOCC1,Non-blocker,Non-blocker,0,SEJCBPIIDMEJAZ-UHFFFAOYSA-N,SEJCBPIIDMEJAZ,PubChem,694419,
CCN(CC)CC(=O)Nc1c(C)cc(C)cc1C.Cl,Non-blocker,Blocker,,KOOGJYYOMPUGCW-UHFFFAOYSA-N,KOOGJYYOMPUGCW,eval_set_herg_70.csv,,
Fc1ccc(C2c3ccccc3CCN2C2=NCC3CNCC3O2)cc1,Blocker,Blocker,1,VCOJSGONVLYCAF-UHFFFAOYSA-N,VCOJSGONVLYCAF,PubChem,CUPID,
CC(C)(C)NC(=O)C(=O)NNC(=O)c1ccc(C(C)(C)C)cc1,Blocker,Blocker,1,FOVXCIPEAIIQEH-UHFFFAOYSA-N,FOVXCIPEAIIQEH,PubChem,3108506,
COc1ccc2cnc(F)c([C@H](O)[C@H](O)[C@@H]3CC[C@@H](NCc4cc5c(cn4)OCCS5)CO3)c2n1,Non-blocker,Non-blocker,0,HJWWJAVIVKBALC-QEGJWUJFSA-N,HJWWJAVIVKBALC,data_herg_dev,,
CC(C)(NC(=O)c1nn(-c2ccc(Cl)cc2Cl)c(-c2ccc(Cl)cc2)c1CO)c1noc(C(F)(F)F)n1,Non-blocker,Non-blocker,0,ZROUTFNRVAQKHJ-UHFFFAOYSA-N,ZROUTFNRVAQKHJ,data_herg_dev,CHEMBL1814331,
CCOC(=O)CCN(SN(C)C(=O)Oc1cccc2c1OC(C)(C)C2)C(C)C,Blocker,Non-blocker,0,FYZBOYWSHKHDMT-UHFFFAOYSA-N,FYZBOYWSHKHDMT,data_herg_dev,,54886
Cc1nc(NN)nc(NCc2ccccc2)n1,Non-blocker,Blocker,1,YAOKCXGYFUKHBL-UHFFFAOYSA-N,YAOKCXGYFUKHBL,PubChem,767984,
O=S1(=O)CCC([C@H]2N[C@@H](c3nc(-c4ccccc4)c[nH]3)Cc3c2[nH]c2ccccc32)CC1,Blocker,Blocker,1,UAWQTTVKSRHYOM-FYYLOGMGSA-N,UAWQTTVKSRHYOM,PubChem,70684549,24900466
CC(C)N1C(=O)[C@H](NC(=O)[C@@H](Cc2ccccc2OC(F)(F)F)NC(=O)OC(C)(C)C)CCc2cc(F)cc(F)c21,Blocker,Blocker,1,HHYFAWZLSHBCAD-NHCUHLMSSA-N,HHYFAWZLSHBCAD,data_herg_dev,CHEMBL2391648,
COc1ccc(CC[N+](C)CCCC(C#N)(c2cc(OC)c(OC)c(OC)c2)C(C)C)cc1OC,Blocker,Blocker,,SNOQUAQBRRZPHO-UHFFFAOYSA-N,SNOQUAQBRRZPHO,eval_set_herg_70.csv,,
Cc1ccc2c(-c3nnc(SCCCN4CCc5cc6nc(CC7CC7)oc6cc5CC4)n3C)cccc2n1,Blocker,Blocker,1,KFMDKMLEGDZMCX-UHFFFAOYSA-N,KFMDKMLEGDZMCX,PubChem,11685267,18248991
Cc1cc(C)c(CN2CCN(CCCn3ccc(NC(=O)OCc4ccccc4)nc3=O)CC2)c(C)c1,Non-blocker,Blocker,1,XNSOQOOUWCXNFS-UHFFFAOYSA-N,XNSOQOOUWCXNFS,PubChem,45281066,
COc1ccccc1CNC(=O)CN(C)CC(=O)Nc1ccc(F)c(F)c1F,Non-blocker,Non-blocker,0,FBGVCVDUNUCTDD-UHFFFAOYSA-N,FBGVCVDUNUCTDD,PubChem,4786388,
CC(C)Cn1nc(-c2ccc3cc(OC4CC4)ccc3c2)c2c(N)ncnc21,Blocker,Blocker,1,QWIKWRWSWFBJEY-UHFFFAOYSA-N,QWIKWRWSWFBJEY,data_herg_dev,CHEMBL4455656,
CN(C)Cc1ccc2c(c1)CC[C@H](N(C)C(=O)c1ccc(-c3ccncc3)cc1)C2,Blocker,Blocker,1,ADTVOYHHLZXZMB-VWLOTQADSA-N,ADTVOYHHLZXZMB,data_herg_dev,CHEMBL216050,
CC(C)N1CCN(CCN2CCN(c3cccc(C#N)c3)C2=O)CC1,Non-blocker,Non-blocker,0,LVPCPZRNWKXHTK-UHFFFAOYSA-N,LVPCPZRNWKXHTK,data_herg_dev,CHEMBL571456,
CSc1ccccc1NC(=O)Nc1cccc(Cl)c1C,Non-blocker,Non-blocker,0,MXFZVMXWLDCGHD-UHFFFAOYSA-N,MXFZVMXWLDCGHD,PubChem,1298428,
CC(C)(C)c1cc(NC(=O)n2ccc3ncc(OC4=NC=N[C@H]5CNC[C@@H]45)cc32)no1,Non-blocker,Non-blocker,,DRPLFNCFTTTYDG-HIFRSBDPSA-N,DRPLFNCFTTTYDG,eval_set_herg_70.csv,,
Cc1ccc(OC2CCN(CCS(=O)(=O)c3ccc(O)cc3)CC2)cc1,Blocker,Blocker,,ILLXGKQRCIUUJG-UHFFFAOYSA-N,ILLXGKQRCIUUJG,eval_set_herg_70.csv,,
Fc1ccc(CN2CCN(c3ncnc4c3nc(-c3ccccc3Cl)n4-c3ccc(Cl)cc3)CC2)cc1,Blocker,Blocker,1,ZDQJAFYUERQSGA-UHFFFAOYSA-N,ZDQJAFYUERQSGA,data_herg_dev,CHEMBL4225999,
COCCN1CCC[C@@H]1Cn1nc(Cc2ccc(Cl)cc2)c2cnccc2c1=O,Blocker,Blocker,1,REXDQAIKTDDWAC-GOSISDBHSA-N,REXDQAIKTDDWAC,PubChem,71452871,22985961
CNC(=O)c1nn(C)c2ccc(Nc3nccc(-n4cc(CN(C)C)c(OC)n4)n3)cc12,Non-blocker,Blocker,1,CQUMFBGPIRJTMM-UHFFFAOYSA-N,CQUMFBGPIRJTMM,CUPID,162653560,32717371
O=C(Nc1cc(-c2cn(-c3ccccc3)c3cnccc23)ccn1)C1CC1,Blocker,Blocker,1,QVIIMXQIBJRPFS-UHFFFAOYSA-N,QVIIMXQIBJRPFS,CUPID,156021728,32077280
CCON=C(c1ccc(Br)cc1)C1CCN(C2(C)CCN(C(=O)c3c(C)cc[n+]([O-])c3C)CC2)CC1,Non-blocker,Blocker,,ZGDKVKUWTCGYOA-UHFFFAOYSA-N,ZGDKVKUWTCGYOA,eval_set_herg_60.csv,,
COc1ccc(N(Cc2cccnc2)C(=O)NCCCn2cncc2C)cc1OC,Blocker,Blocker,1,BIFQFKUVTBZBTA-UHFFFAOYSA-N,BIFQFKUVTBZBTA,data_herg_dev,CHEMBL4567619,
O=C(CN(CCc1ccccc1)S(=O)(=O)c1ccc(Br)cc1)N/N=C/c1ccccc1C(=O)O,Non-blocker,Non-blocker,0,XBAHMULXXIBZKP-WGOQTCKBSA-N,XBAHMULXXIBZKP,PubChem,9594309,
Cc1cn(-c2ccc(N3CCC(N4CCc5ccc(F)cc54)CC3)nn2)cn1,Blocker,Blocker,1,IPTWJKSNCXVPQK-UHFFFAOYSA-N,IPTWJKSNCXVPQK,PubChem,76311099,24405703
CS(=O)(=O)Nc1ccc(OCC(=O)NCCCc2ccc(Cl)c(Cl)c2)cc1,Non-blocker,Non-blocker,,HJWGMEHOJPIGHZ-UHFFFAOYSA-N,HJWGMEHOJPIGHZ,eval_set_herg_60.csv,,
O=C(COC(=O)Cc1ccc(Br)cc1)NC1CC1,Non-blocker,Non-blocker,0,YNQWIDNWIBRAOH-UHFFFAOYSA-N,YNQWIDNWIBRAOH,PubChem,2344676,
Br.Oc1ccc(C2CNCCc3c2cc(O)c(O)c3Cl)cc1,Non-blocker,Non-blocker,0,DSGOSRLTVBPLCU-UHFFFAOYSA-N,DSGOSRLTVBPLCU,data_herg_dev,,11957552
Cc1noc(Cn2ccc3ncc(-c4ccc(F)c(C)c4)cc32)n1,Blocker,Blocker,1,YAUHNHHZTUQHGK-UHFFFAOYSA-N,YAUHNHHZTUQHGK,data_herg_dev,CHEMBL4471014,
COc1nc2ccc(/C=N/O)cc2cc1[C@@H](c1ccccc1)[C@](O)(CCN(C)C)c1cccc2ccccc12,Blocker,Blocker,1,XMCAJYZIJTWANG-HUQDXCLPSA-N,XMCAJYZIJTWANG,PubChem,59199488,29057044
N#Cc1ccc(CN2CC3CN(CCNS(=O)(=O)c4cccc(C#N)c4)CC(C2)O3)cc1,Non-blocker,Non-blocker,0,OOHRBUYYIXNIEX-UHFFFAOYSA-N,OOHRBUYYIXNIEX,data_herg_dev,CHEMBL3957572,
Nc1cc(Cl)ccc1C(=O)OCC(=O)N1CCCC1,Non-blocker,Non-blocker,0,NFMFEUVPYVMOEC-UHFFFAOYSA-N,NFMFEUVPYVMOEC,PubChem,2371657,
NC(=O)Nc1ccc(O)cc1OC[C@@H](O)CN1CCC2(CC1)Cc1cc(Cl)ccc1O2,Blocker,Blocker,1,XCBCSNKDPXVPNA-KRWDZBQOSA-N,XCBCSNKDPXVPNA,data_herg_dev,CHEMBL3099948,
Cc1ncoc1-c1nnc(SCCCN2CC3CCN(c4ccc(C(F)(F)F)cc4)C3C2)n1C,Blocker,Blocker,1,GOLAHDQVVNCLCU-UHFFFAOYSA-N,GOLAHDQVVNCLCU,PubChem,CUPID,
CN1CCN(Cc2ccc3c(c2)Cc2c(-c4csc(C#CCCOc5ccccc5)c4)n[nH]c2-3)CC1,Blocker,Blocker,1,IKQDNABGYXYVTK-UHFFFAOYSA-N,IKQDNABGYXYVTK,CUPID,16220793,17425296
CC(C)N1CCC(Nc2ccc3[nH]c(C(=O)N4CCCCC4)cc3c2)CC1,Non-blocker,Non-blocker,,ATHXSUUALPPPJV-UHFFFAOYSA-N,ATHXSUUALPPPJV,eval_set_herg_60.csv,,
CCOC(=O)C1=C(c2ccccc2)NC(=S)N[C@@H]1c1ccc(Cl)cc1,Blocker,Non-blocker,0,KXFGEZHTFHLIFV-QGZVFWFLSA-N,KXFGEZHTFHLIFV,PubChem,3368615,
CC(C)N1CCN(C(=O)N2Cc3ccccc3C2)CC1,Non-blocker,Non-blocker,0,OBOPRPJYPONXMS-UHFFFAOYSA-N,OBOPRPJYPONXMS,data_herg_dev,CHEMBL219592,
CC(c1nccs1)c1c(CCN(C)C)sc2ccccc12,Blocker,Blocker,1,OVTUKEYYZWXZMJ-UHFFFAOYSA-N,OVTUKEYYZWXZMJ,data_herg_dev,CHEMBL1092767,
Cc1cc(C(=O)N2CCN(C(=O)[C@H]3CCCO3)CC2)ccc1OCc1cccc(Cl)c1,Non-blocker,Blocker,1,DTLBYQYQJWIPEF-JOCHJYFZSA-N,DTLBYQYQJWIPEF,PubChem,25195087,19121937
COc1cccc2c1nc(N)n1nc(CN3CCN(c4cccc(F)c4)C[C@H]3C)nc21,Non-blocker,Non-blocker,0,ZJCWMJGOWBGMOH-CQSZACIVSA-N,ZJCWMJGOWBGMOH,data_herg_dev,CHEMBL3596504,
COC(=O)NCCc1ccccc1-c1ccc([C@H]2CNCC[C@@H]2c2ccn(C)c(=O)c2)c(Cl)c1,Blocker,Non-blocker,0,IEHPGROMDBPGLH-VWNXMTODSA-N,IEHPGROMDBPGLH,data_herg_dev,CHEMBL1957792,
CCc1nn2c(C)cc(C)nc2c1Cc1ccc(CC[C@@H](O)C2CCNCC2)cc1,Non-blocker,Blocker,1,ZUAMMZYKUTTYRO-XMMPIXPASA-N,ZUAMMZYKUTTYRO,PubChem,145976727,28445047
O=C(Nc1ccc(-c2nnc(NCCCN3CCCCC3)o2)c(F)c1)c1ccccc1F,Blocker,Blocker,1,NCQMWVKUWZGXIY-UHFFFAOYSA-N,NCQMWVKUWZGXIY,PubChem,24782802,22503248
Cc1ccc(NC(=O)COc2ccccc2)c(NC(=O)c2ccccc2C)c1,Non-blocker,Non-blocker,0,YHZDNWOXHMABRN-UHFFFAOYSA-N,YHZDNWOXHMABRN,PubChem,1293428,
O=C1[C@@H]2[C@H](C(=O)N1c1ccc3ccccc3c1)[C@H]1C=C[C@@H]2C1,Non-blocker,Non-blocker,0,IWEYLRTVUSIJEN-ULAZLLGUSA-N,IWEYLRTVUSIJEN,PubChem,3094951,
CCOC(=O)C(/C=N/c1ccc(Oc2cccnc2)nc1)C(=O)OCC,Blocker,Blocker,1,JEERUIGZOYNYNF-UDWIEESQSA-N,JEERUIGZOYNYNF,PubChem,2800186,
CN(CCN(C)S(=O)(=O)c1ccc(NS(C)(=O)=O)cc1)c1nc2ccccc2n1C,Non-blocker,Blocker,,PELVIWZRAPOYAC-UHFFFAOYSA-N,PELVIWZRAPOYAC,eval_set_herg_60.csv,,
COC(=O)[C@H]1C(O)=CC(N2CCOCC2)=CC1(C)C,Non-blocker,Non-blocker,0,KYLVFNAYDQIGAU-GFCCVEGCSA-N,KYLVFNAYDQIGAU,PubChem,544174,
CCOc1ccc(NS(=O)(=O)c2ccc(C)c(C(=O)N3CCO[C@H](c4ccc(F)cc4)C3)c2)cc1,Non-blocker,Non-blocker,,FNRMQXKIOYLKTO-VWLOTQADSA-N,FNRMQXKIOYLKTO,eval_set_herg_60.csv,,
C[N+]1CCCC(c2c(-c3ccccc3)[nH]c3ccccc23)C1,Blocker,Blocker,,JVQVZNATXHVKNL-UHFFFAOYSA-N,JVQVZNATXHVKNL,eval_set_herg_70.csv,,
CN(C)c1nc(N(C)C)n(S(=O)(=O)c2cccc(C(F)(F)F)c2)n1,Non-blocker,Non-blocker,0,NUKFPHZUWRCJGT-UHFFFAOYSA-N,NUKFPHZUWRCJGT,PubChem,1488378,
COC[C@H](O)CN(Cc1ccc(F)cc1)C(=O)CC1CCN(Cc2ccc(-c3ccc(Cl)cc3)o2)CC1,Blocker,Blocker,1,IASPSPWFDMHKDS-AREMUKBSSA-N,IASPSPWFDMHKDS,PubChem,45270803,19500979
O=C(NO)C1(S(=O)(=O)c2ccc(OCc3ccc(OC(F)(F)F)cc3)cc2)CCC2(CCNCC2)C1,Non-blocker,Non-blocker,0,MVYFKOXRGAPNAN-UHFFFAOYSA-N,MVYFKOXRGAPNAN,data_herg_dev,CHEMBL3417746,
CC(=O)COc1ccc2cc(-c3ccccc3)c(=O)oc2c1,Non-blocker,Non-blocker,0,QRWTUBWNGMPQJR-UHFFFAOYSA-N,QRWTUBWNGMPQJR,PubChem,1265303,
Cc1cc(C(F)(F)F)c(-c2ccc(C[C@H](NC(=O)c3c(Cl)cccc3Cl)C(=O)OCCCN3CCOCC3)cc2)c(=O)n1C,Blocker,Blocker,1,AZLNPEDDMCOQIM-VWLOTQADSA-N,AZLNPEDDMCOQIM,PubChem,71552438,23312471
O=c1c(NCc2ccccn2)c(-c2ccc(N3CCOCC3)cc2)c1=O,Non-blocker,Non-blocker,0,PPDXHFIWMLVDEJ-UHFFFAOYSA-N,PPDXHFIWMLVDEJ,data_herg_dev,CHEMBL4101131,
COc1cc(/C=C2\SC(=S)N(CCC(=O)Nc3ccc(O)cc3)C2=O)cc(OC)c1OC,Non-blocker,Non-blocker,0,DBGUUXZEBIYJHD-PDGQHHTCSA-N,DBGUUXZEBIYJHD,PubChem,2049083,
CN(C)c1ccc(-c2ccc(OCCCN3CCCCC3)cc2)cc1,Non-blocker,Blocker,,SLRCRYMYKKJTJP-UHFFFAOYSA-N,SLRCRYMYKKJTJP,eval_set_herg_70.csv,,
O=C(O)c1cc(CN2CCN(c3ccc(Br)cc3)CC2)c2ccccn2c1=O,Blocker,Blocker,1,OVCSQIAOKIOEKZ-UHFFFAOYSA-N,OVCSQIAOKIOEKZ,PubChem,70688263,24900206
CC(=O)C1=C(O)C(=O)N(c2nccs2)[C@H]1c1ccccc1F,Non-blocker,Non-blocker,0,UXBLGCGXRGKAES-LBPRGKRZSA-N,UXBLGCGXRGKAES,PubChem,5214206,
CCCCC(CC)COC(=O)CCCCCCCC(=O)OCC(CC)CCCC,Non-blocker,Non-blocker,0,ZDWGXBPVPXVXMQ-UHFFFAOYSA-N,ZDWGXBPVPXVXMQ,data_herg_dev,,7642
Cc1ccc2c(=O)oc(N(C)C)nc2c1,Non-blocker,Non-blocker,0,LWFMPOUIUJQIFN-UHFFFAOYSA-N,LWFMPOUIUJQIFN,PubChem,1488244,
O=C(c1ccccc1Oc1ccccc1)N(c1ccccc1)C1CCNC1,Blocker,Blocker,1,OOCIRVSPZDCFHT-UHFFFAOYSA-N,OOCIRVSPZDCFHT,PubChem,CUPID,
N#Cc1ccc(Cn2cncc2CN(Cc2cccnc2)[C@H]2CCN(Cc3ccccc3)C2=O)cc1,Blocker,Blocker,1,QFRFAEZUAFKYNV-NDEPHWFRSA-N,QFRFAEZUAFKYNV,PubChem,10950878,11520202
CS(=O)(=O)NCC(NC(=O)C1(N)CCCN(c2ncnc3[nH]ccc23)C1)c1ccc(Cl)cc1,Non-blocker,Non-blocker,0,CRCQOEQRMZQOJD-UHFFFAOYSA-N,CRCQOEQRMZQOJD,data_herg_dev,,
Cc1ccc(-n2nccn2)c(C(=O)N2CCCO[C@H]2Cn2cc(-c3ccc(F)cc3)cn2)c1,Non-blocker,Blocker,1,AQFPGDOPAWNDQW-QHCPKHFHSA-N,AQFPGDOPAWNDQW,PubChem,156011286,32482533
Cn1nc(C(O)c2ccc(F)c(-c3ncnc4cc(N5CCOCC5)ccc34)c2F)ccc1=O,Non-blocker,Non-blocker,0,SGELBDISKAUAEL-UHFFFAOYSA-N,SGELBDISKAUAEL,data_herg_dev,,
CCn1c(=O)[nH]c2cc(Cl)c(Cl)cc21,Non-blocker,Non-blocker,0,LKHRMULASXZCLG-UHFFFAOYSA-N,LKHRMULASXZCLG,PubChem,656765,
COc1ccc(C(=O)N/N=C(C)\C=C(\O)c2ccccc2)cc1,Non-blocker,Blocker,1,NDSBHADIGKLRGP-RRHLHDAOSA-N,NDSBHADIGKLRGP,PubChem,6374294,
COc1ccc2c(c1)CN(C(=O)N1CCCCC1)CCS2,Blocker,Blocker,1,SUYXYDHYBWBFMK-UHFFFAOYSA-N,SUYXYDHYBWBFMK,data_herg_dev,CHEMBL3965149,
CCOC(=O)c1cnn2c(N)c(C#N)cnc12,Non-blocker,Non-blocker,0,JVOULPIPWYLYJP-UHFFFAOYSA-N,JVOULPIPWYLYJP,PubChem,721646,
C1=C(c2nc(-c3cccnc3)no2)c2ccccc2C12CCN(CC1CCCO1)CC2,Blocker,Blocker,1,WGJXQHKAWGUMNN-UHFFFAOYSA-N,WGJXQHKAWGUMNN,data_herg_dev,,
CCCOc1ccc(C(=O)C2=C(O)C(=O)N(CCCn3ccnc3)[C@H]2c2ccco2)cc1,Non-blocker,Blocker,1,NLYHHMXJYZOMFU-NRFANRHFSA-N,NLYHHMXJYZOMFU,PubChem,9551652,
C=CCN(CC=C)CCOc1ccccc1F,Non-blocker,Non-blocker,0,YWFKZEHEOQIXKV-UHFFFAOYSA-N,YWFKZEHEOQIXKV,PubChem,2944158,
CCOC(=O)Cn1nc(C(F)F)c(Br)c1C,Non-blocker,Non-blocker,0,BZFUGGJYLFKQBW-UHFFFAOYSA-N,BZFUGGJYLFKQBW,PubChem,3460028,
CCCc1ccc(N[C@H](C)C(=O)Nc2ccc(S(=O)(=O)N3CCOCC3)cc2)cc1,Non-blocker,Non-blocker,0,XWXAQHBISROOKG-QGZVFWFLSA-N,XWXAQHBISROOKG,PubChem,16305064,
CCC(C)(C)NC(=O)[C@@H](c1ccco1)N(C(=O)CNC(=O)c1cccs1)c1cccnc1,Non-blocker,Non-blocker,0,GYTJISHWWXBYNU-HXUWFJFHSA-N,GYTJISHWWXBYNU,PubChem,3215310,
C[C@H]1[C@@H](C)OC(C)(C)C(=O)N1c1cc(-c2cc(C(F)(F)F)c3c(N)ncnn23)ccc1C#N,Non-blocker,Non-blocker,0,HNKLUXSZXIDIAN-NWDGAFQWSA-N,HNKLUXSZXIDIAN,data_herg_dev,CHEMBL4091875,
O=C(CSc1ccc2nnc(-c3ccc(Cl)cc3)n2n1)N1CCc2ccccc21,Non-blocker,Non-blocker,0,WNGYLUZQMKAJHL-UHFFFAOYSA-N,WNGYLUZQMKAJHL,PubChem,9550848,
CCOc1cc([C@](O)(CCN(C)C)[C@@H](c2cc3cc(Br)ccc3nc2OC)c2cccc(C)c2F)cc(OCC)n1,Non-blocker,Blocker,1,UMULAFFKQWBCCA-QLWXXVCSSA-N,UMULAFFKQWBCCA,data_herg_dev,CHEMBL4569766,
COc1ccccc1NC(=O)N1c2ccc(F)cc2CC[C@H]1C,Non-blocker,Non-blocker,0,WRNFCWYETUYKGZ-GFCCVEGCSA-N,WRNFCWYETUYKGZ,PubChem,2897839,
CN1CCN(c2ncc(C(=O)Nc3ccc(OC(F)(F)F)cc3)cc2-c2cncnc2)CC1,Blocker,Blocker,1,CNTAQWMENZCDOK-UHFFFAOYSA-N,CNTAQWMENZCDOK,CUPID,118198923,30137981
COC(=O)C1(CNC(=O)c2cc(Cl)cc(Cl)c2)CCN(Cc2ccc(C(F)(F)F)cc2)CC1,Blocker,Blocker,1,YXGKGJSDCOONRV-UHFFFAOYSA-N,YXGKGJSDCOONRV,CUPID,56681874,21843937
N#Cc1c(N2CCC(c3ccc(Cl)cc3)CC2)ccn(CC2CC2)c1=O,Blocker,Blocker,1,CYEVYHYUSDSIOH-UHFFFAOYSA-N,CYEVYHYUSDSIOH,data_herg_dev,CHEMBL3337517,
CCCOc1ccc(C(=O)NNC(=S)NC(=O)c2ccco2)cc1,Blocker,Blocker,1,IHUNVKWDTAHGBY-UHFFFAOYSA-N,IHUNVKWDTAHGBY,PubChem,1933177,
O[C@@H]1COC[C@H]1Nc1nc(Nc2cc(Cl)cc(Cl)c2)ncc1Br,Blocker,Blocker,1,CYYFQJUQUMBOSB-VXGBXAGGSA-N,CYYFQJUQUMBOSB,data_herg_dev,CHEMBL2312657,
CNc1cc(-c2sc(C3CCN(C4CC4)CC3)nc2-c2cccc(NS(=O)(=O)c3cc(F)ccc3F)c2F)ccn1,Blocker,Blocker,1,SWNFSQKTWJNPNL-UHFFFAOYSA-N,SWNFSQKTWJNPNL,data_herg_dev,,
CC1(C)[C@@]2(C(=O)NCCCn3ccnc3)CC[C@]1(C)C(=O)O2,Non-blocker,Non-blocker,0,DTCKJQCNKMXCHA-CVEARBPZSA-N,DTCKJQCNKMXCHA,PubChem,2982180,
COCCNC(=S)c1ccc(Br)cc1,Non-blocker,Non-blocker,0,ZXZRXSNUITWWIR-UHFFFAOYSA-N,ZXZRXSNUITWWIR,PubChem,2239591,
O[C@@H]1C[C@H](c2ccc(Cl)cc2)N(CC2CCCCC2)C[C@H]1n1cc(C2CC2)nn1,Blocker,Non-blocker,0,AUQNPCFBIYVHNH-DNVJHFABSA-N,AUQNPCFBIYVHNH,PubChem,46902619,
CC(F)CN1[C@H](c2ccc(NC3CN(CCCF)C3)cn2)c2ccc3[nH]ncc3c2C[C@H]1C,Blocker,Blocker,1,PQZGPKXZUSHGLE-JDSODNTQSA-N,PQZGPKXZUSHGLE,data_herg_dev,,
NC(N)=Nc1nc(CSCC/C(N)=N\S(N)(=O)=O)cs1,Non-blocker,Non-blocker,,XUFQPHANEAPEMJ-UHFFFAOYSA-N,XUFQPHANEAPEMJ,eval_set_herg_60.csv,,
CC[C@H](C)[C@H](C(=O)O)N1C[C@H](CN2CCC(c3cc(Cc4ccccc4)nn3CC)CC2)[C@@H](c2cccc(F)c2)C1,Blocker,Non-blocker,0,MDTAKMHHAHITNR-ONPYCXCXSA-N,MDTAKMHHAHITNR,data_herg_dev,CHEMBL174457,
O=C(Cn1cccnc1=O)Nc1ccc(C[C@@H]2CC[C@H]([C@H](O)c3ccccc3)N2)cc1,Non-blocker,Non-blocker,0,NLXXAPYWQLPUAG-QZNHQXDQSA-N,NLXXAPYWQLPUAG,data_herg_dev,CHEMBL3763594,
COCCCNC(=O)Cn1cc(/C=C(\C#N)C(=O)NC2CC2)c2ccccc21,Non-blocker,Non-blocker,0,WQLDECMXBAVHFY-RVDMUPIBSA-N,WQLDECMXBAVHFY,PubChem,5767292,
Cn1cc(-c2ccnc(N3CCn4c(cc5c4CC(C)(C)C5)C3=O)c2CO)cc(NC(=O)C2CC2)c1=O,Blocker,Blocker,1,SLMPHHTZXZEJIP-UHFFFAOYSA-N,SLMPHHTZXZEJIP,data_herg_dev,CHEMBL4644856,
CCN(CC)C(=O)c1ccc(C2=CC3(CCCNCC3)Oc3ccccc32)cc1,Blocker,Non-blocker,0,IRJSIGMOOQZCQT-UHFFFAOYSA-N,IRJSIGMOOQZCQT,data_herg_dev,CHEMBL563893,
COC(=O)c1ccccc1S(=O)(=O)/N=C(\O)Nc1nc(C)cc(C)n1,Non-blocker,Non-blocker,0,ZDXMLEQEMNLCQG-UHFFFAOYSA-N,ZDXMLEQEMNLCQG,PubChem,52997,
Fc1ccc2c(C3C[NH2+]CCC3F)c(C3CCCCCC3)[nH]c2c1,Blocker,Blocker,,DDHVVNWORMJVLB-UHFFFAOYSA-O,DDHVVNWORMJVLB,eval_set_herg_70.csv,,
COc1cc(-c2ccc3c(n2)[C@@H](C)N(c2cnn(CC(F)(F)F)c2)C3=O)cnc1OC,Non-blocker,Non-blocker,0,DREWJJJKWOJZQM-LLVKDONJSA-N,DREWJJJKWOJZQM,data_herg_dev,CHEMBL4126773,
FC(F)(F)c1ccccc1-c1cc(C(F)(F)F)c2[nH]c(C3=NOC4(CCCCC4)C3)nc2c1,Non-blocker,Non-blocker,0,VSMFCZZEKTVDHM-UHFFFAOYSA-N,VSMFCZZEKTVDHM,data_herg_dev,CHEMBL1650511,
Fc1ccc2c(C3C[N+]CCC3F)c(C3CCCCCC3)[nH]c2c1,Blocker,Blocker,,SGGYOWOPGXLKDC-UHFFFAOYSA-N,SGGYOWOPGXLKDC,eval_set_herg_70.csv,,
COc1ccc(N2CCOCC2)cc1Nc1ncc(Cl)c(-c2cnc3ccccn23)n1,Blocker,Blocker,1,ORHPKBJEHAMSFA-UHFFFAOYSA-N,ORHPKBJEHAMSFA,CUPID,56680575,21764307
COc1cccc(NC(=O)CCC2CCN(C(=O)c3scnc3C)CC2)c1,Non-blocker,Non-blocker,0,JZQQQCDISDAGOB-UHFFFAOYSA-N,JZQQQCDISDAGOB,PubChem,24817188,
NC(=O)c1c(NC(=O)Nc2ccc(Cl)cc2)sc2c1CC[N+]1(CCCC1)C2,Blocker,Blocker,1,AOENVDMUUDVVCC-UHFFFAOYSA-O,AOENVDMUUDVVCC,PubChem,118307348,28992413
Cc1cc2c3c([n+](C)c4cc(NC(=O)CC[S@@+](C)[O-])ccc4c3c1)-c1ccccc1N2C,Non-blocker,Non-blocker,,DYHXKBFENQGZBU-JGCGQSQUSA-O,DYHXKBFENQGZBU,eval_set_herg_60.csv,,
COc1ccc(C(C(N)=O)c2ccc(F)c(-c3ncnc4cc(N5CCOCC5)ccc34)c2)nn1,Non-blocker,Non-blocker,0,ISTYTDDGDVSFKS-UHFFFAOYSA-N,ISTYTDDGDVSFKS,data_herg_dev,,
O=c1[nH]ccc2cc(O[C@H]3CCCNC3)ccc12,Non-blocker,Non-blocker,0,SNQKPKFVSANKFP-LBPRGKRZSA-N,SNQKPKFVSANKFP,data_herg_dev,CHEMBL1667967,
COc1c(N2CCC/C(=C(\F)CN)C2)c(F)cc2c(=O)c(C(=O)O)cn(C3CC3)c12,Non-blocker,Non-blocker,,VMKVDAAFMQKZJS-LFIBNONCSA-N,VMKVDAAFMQKZJS,eval_set_herg_70.csv,,
Cc1ccc(S(=O)(=O)/C(C#N)=C/c2c(Oc3ccc(Cl)cc3)nc3c(C)cccn3c2=O)cc1,Non-blocker,Non-blocker,0,NWQDWFQOFDOUHJ-KGENOOAVSA-N,NWQDWFQOFDOUHJ,PubChem,2025022,
COc1ccccc1CNCC(c1ccccc1)c1ccccc1,Non-blocker,Non-blocker,0,CCSNBFBXWPTYQY-UHFFFAOYSA-N,CCSNBFBXWPTYQY,PubChem,9509532,
Cc1ccccc1N1N/C(=c2/c(-c3ccc(F)cc3)nn3c2=NC[C@@H](CO)C3)C=CC1=O,Non-blocker,Non-blocker,,LKQIFMKIEJDTEJ-BWORXHKJSA-N,LKQIFMKIEJDTEJ,eval_set_herg_60.csv,,
CC(C)NC(=O)CCn1nc(-c2ccccc2)ccc1=O,Blocker,Non-blocker,0,TVFJCUBUMAKIKF-UHFFFAOYSA-N,TVFJCUBUMAKIKF,PubChem,5077402,
FC(F)(F)c1ccc(Nc2ncnc3cc(-c4ncccc4C(F)(F)F)ccc23)nc1,Blocker,Blocker,1,PTKLUWQABAPTOX-UHFFFAOYSA-N,PTKLUWQABAPTOX,data_herg_dev,CHEMBL456571,
COc1ccc(N(Cc2cccc(Cl)c2)C(=S)NCCCn2cncc2C)cc1OC,Blocker,Blocker,1,CDASBLOUOJQDSM-UHFFFAOYSA-N,CDASBLOUOJQDSM,data_herg_dev,CHEMBL4586501,
Cc1ccc(-c2noc(-c3cc4ccccc4oc3=O)n2)cc1,Non-blocker,Non-blocker,0,IUYYAIYFKXGKKS-UHFFFAOYSA-N,IUYYAIYFKXGKKS,PubChem,851428,
CC(=O)NCCC(=O)Nc1ncc(S(=O)(=O)c2ccc([N+](=O)[O-])cc2)s1,Non-blocker,Non-blocker,0,XSNNTPANPXYSRC-UHFFFAOYSA-N,XSNNTPANPXYSRC,PubChem,24687279,
COc1cccc(/C=N/NC(=O)c2cc3c(OC)c(OC)ccc3[nH]2)c1OC,Non-blocker,Non-blocker,0,RKSQGNNQXZLBHE-SRZZPIQSSA-N,RKSQGNNQXZLBHE,PubChem,6887243,
Cc1cccc(C2=CCN(CCNC(=O)C3CCC(F)(F)CC3)CC2)n1,Blocker,Blocker,1,SKSOBHHSERUEOI-UHFFFAOYSA-N,SKSOBHHSERUEOI,data_herg_dev,,
CCOc1cccc(C=C2SC(O)=NC2=O)c1N1CCC[C@@H](N)C1,Non-blocker,Non-blocker,0,YPGUAMCIYVJFOJ-GFCCVEGCSA-N,YPGUAMCIYVJFOJ,data_herg_dev,CHEMBL2048869,
c1ccc(CN(c2cccc3sccc23)C2CCNCC2)cc1,Blocker,Blocker,,YWBYAAXIALYEHT-UHFFFAOYSA-N,YWBYAAXIALYEHT,eval_set_herg_60.csv,,
CCN(CC)CCCNC(=O)c1cn(-c2cccc(OC)c2)c(=O)c2ccccc12,Non-blocker,Blocker,1,DQDDJGGORNUYMR-UHFFFAOYSA-N,DQDDJGGORNUYMR,PubChem,22549748,
COc1cc(/C=C/C(=O)OCC(=O)N2CCCc3ccccc32)ccc1OCC#N,Non-blocker,Non-blocker,0,BIEMKTYNNYVUJG-PKNBQFBNSA-N,BIEMKTYNNYVUJG,PubChem,6212491,
O=C([C@H]1C[C@@H](Oc2cccc(F)c2)CN1)N1CCCN(C2CCC2)CC1,Blocker,Blocker,1,XAQNCLSQQYEQMI-RTBURBONSA-N,XAQNCLSQQYEQMI,PubChem,56662705,21802950
CCOC(=O)C1(CC2CC2)CCN(Cc2ccc(OC)cc2F)CC1,Non-blocker,Non-blocker,0,UWUPTKFUSXZFGD-UHFFFAOYSA-N,UWUPTKFUSXZFGD,PubChem,16191791,
CN(CC(=O)Nc1ccc(F)cc1)C(=O)CN1C(=O)NC2(CCCCC2)C1=O,Non-blocker,Non-blocker,0,OSKHMAWZDJBUEU-UHFFFAOYSA-N,OSKHMAWZDJBUEU,PubChem,2462269,
COc1ccccc1N1CCN(CC(=O)Nc2c(C)n(C)n(-c3ccccc3)c2=O)CC1,Non-blocker,Non-blocker,0,HJWUOPKHXQOPPU-UHFFFAOYSA-N,HJWUOPKHXQOPPU,PubChem,16195948,
O=S(=O)(c1ccc2ccccc2c1)N1CCOCC1,Non-blocker,Non-blocker,0,FNADVKJMEUGXLY-UHFFFAOYSA-N,FNADVKJMEUGXLY,PubChem,759798,
CCOc1ccc(CN(C)CC(=O)Nc2ccc(N3CCOCC3)cc2)cc1OC,Non-blocker,Non-blocker,0,ODQBYTRTGPYQDI-UHFFFAOYSA-N,ODQBYTRTGPYQDI,PubChem,2698304,
Cc1c(CNCCC2=CCCCC2)c(C(=O)O)c(C)n1Cc1ccccc1,Non-blocker,Blocker,1,NEXVWEFQLRSZFW-UHFFFAOYSA-N,NEXVWEFQLRSZFW,PubChem,16189366,
CN(C)c1ccc(-c2nc3ccncc3n2-c2ccc(F)cc2)cn1,Blocker,Blocker,,RECFYTHQLNPCBY-UHFFFAOYSA-N,RECFYTHQLNPCBY,eval_set_herg_70.csv,,
Cc1ccc(S(=O)(=O)c2nc(C)oc2NCc2ccccc2)cc1,Non-blocker,Non-blocker,0,RDCOWDPBDDSINA-UHFFFAOYSA-N,RDCOWDPBDDSINA,PubChem,747408,
CC(C)Oc1cc(Nc2nc3c(cc2F)ncn3[C@@H](CO)c2ccc(F)cn2)[nH]n1,Non-blocker,Non-blocker,0,BXERIDNAQJVEFF-HNNXBMFYSA-N,BXERIDNAQJVEFF,data_herg_dev,CHEMBL2151324,
CC(C)Cc1ccc(C(C)C(=O)NS(C)(=O)=O)cc1,Non-blocker,Blocker,,KQDRVXQXKZXMHP-UHFFFAOYSA-N,KQDRVXQXKZXMHP,eval_set_herg_60.csv,,
O=C(CNc1nn(CCO)c2ccc(C(F)(F)F)cc12)NC1CN(C2CCC(O)(c3nccs3)CC2)C1,Non-blocker,Non-blocker,0,KFTFGFOOHBRZFU-UHFFFAOYSA-N,KFTFGFOOHBRZFU,data_herg_dev,,
NC(=O)c1nnc(NC2CCCCC2N)cc1Nc1ccc2c(n1)CCC2,Blocker,Blocker,1,WPELTQURDISYSR-UHFFFAOYSA-N,WPELTQURDISYSR,PubChem,CUPID,
CCN(CC)C(=O)SCc1ccc(Cl)cc1,Non-blocker,Non-blocker,0,QHTQREMOGMZHJV-UHFFFAOYSA-N,QHTQREMOGMZHJV,data_herg_dev,,34192
CCN(C)C(=O)c1ccc([C@H](c2cccc(NC(=O)OC)c2)N2CCN(Cc3cscn3)CC2)cc1,Non-blocker,Non-blocker,0,RKZCJFSJVDANFF-RUZDIDTESA-N,RKZCJFSJVDANFF,data_herg_dev,CHEMBL1939751,
Cc1cccc(NC(=O)/C(C#N)=C/c2ccc[nH]2)c1C,Non-blocker,Non-blocker,0,SLZZVWDMVBCWCB-UKTHLTGXSA-N,SLZZVWDMVBCWCB,PubChem,24818448,
CNc1nn2c(C)c3c(nc2c1S(=O)(=O)c1ccccc1)CCCC3,Blocker,Blocker,1,IFUHTYLFPBCCAD-UHFFFAOYSA-N,IFUHTYLFPBCCAD,data_herg_dev,CHEMBL1082762,
NCC1(O)CCN(c2nc(Oc3cccc(F)c3)cc(C(F)(F)F)n2)C1,Blocker,Blocker,1,WYASFUKPHAHHLE-UHFFFAOYSA-N,WYASFUKPHAHHLE,data_herg_dev,,
CCc1c(C(=O)NN2CCCCC2)nn(-c2ccc(Cl)cc2Cl)c1-c1ccc(Br)cc1,Blocker,Blocker,,HMXDWDSNPRNUKI-UHFFFAOYSA-N,HMXDWDSNPRNUKI,eval_set_herg_70.csv,,
Cc1ccc(-c2cc3sc(N4CCC(N5CCCCC5)CC4)nc3cn2)cn1,Blocker,Blocker,1,WTUFOMZOHTZGNS-UHFFFAOYSA-N,WTUFOMZOHTZGNS,PubChem,45482709,21802950
Cn1c(SCCCN2CCC3(CC3c3ccc(C(F)(F)F)cc3)C2)nnc1-c1ccc(=O)n(C)c1,Blocker,Blocker,1,DRMNJQDZXRGJRN-UHFFFAOYSA-N,DRMNJQDZXRGJRN,PubChem,CUPID,
COCc1nc2cc3c(cc2o1)CCN(CCCSc1nnc(-c2cccc4nc(C)ccc24)n1C)CC3,Non-blocker,Non-blocker,0,TZVRVTZSSPWUGF-UHFFFAOYSA-N,TZVRVTZSSPWUGF,data_herg_dev,CHEMBL256472,
Cc1ccc(S(=O)(=O)N/N=C\c2ccc3c(c2)OCO3)cc1C,Non-blocker,Non-blocker,0,QQAGEJZIKXNHQJ-MFOYZWKCSA-N,QQAGEJZIKXNHQJ,PubChem,25237235,
CCCCCCCCCC[N+](C)(CCCCCCCCCC)CCC[Si](OC)(OC)OC.[Cl-],Blocker,Blocker,,AXPYABZPAWSUMG-UHFFFAOYSA-M,AXPYABZPAWSUMG,eval_set_herg_70.csv,,
CC(C)N1CCC(Oc2ccc(N3CCN(C(=O)c4ccc(F)cc4F)CC3=O)cc2)CC1,Non-blocker,Non-blocker,0,YSNYOYDLIZWPKT-UHFFFAOYSA-N,YSNYOYDLIZWPKT,data_herg_dev,,
O=C(N[C@@H]1CCCc2c1[nH]c1ccc(Cl)cc21)c1ccccc1F,Non-blocker,Non-blocker,0,TXFFKXTVYMUXME-QGZVFWFLSA-N,TXFFKXTVYMUXME,data_herg_dev,CHEMBL550359,
COc1cc(C(O)CN2CCN(CC(O)c3ccc4c(c3C)COC4=O)CC2)ccc1C#N,Blocker,Blocker,1,QADORNQEUSGQKZ-UHFFFAOYSA-N,QADORNQEUSGQKZ,CUPID,CUPID,
CCCn1c(CCc2ccccc2)n[nH]c1=S,Blocker,Non-blocker,0,KARPAFCPKLMQFH-UHFFFAOYSA-N,KARPAFCPKLMQFH,PubChem,951884,
N#Cc1c(Cl)cccc1OC[C@H](O)CN1CCC[C@H]1Cc1ccccc1,Non-blocker,Blocker,,HSTMYWDURDPUMY-ZWKOTPCHSA-N,HSTMYWDURDPUMY,eval_set_herg_60.csv,,
CC(F)(C(=O)NS(C)(=O)=O)c1ccc(OS(=O)(=O)C(F)(F)F)cc1,Blocker,Blocker,,OPUOULCEMAHGSK-UHFFFAOYSA-N,OPUOULCEMAHGSK,eval_set_herg_60.csv,,
O=[N+]([O-])c1ccc(Cl)cc1CNc1ccc(F)c(F)c1,Non-blocker,Non-blocker,0,OKWKUHCNDYJOAV-UHFFFAOYSA-N,OKWKUHCNDYJOAV,PubChem,784221,
Cn1nccc1[C@H]1CCC[C@@H]1Oc1cc(F)c(S(=O)(=O)Nc2nccs2)cc1F,Non-blocker,Non-blocker,0,PGAPJRVJNZPHAS-ABAIWWIYSA-N,PGAPJRVJNZPHAS,data_herg_dev,CHEMBL4633573,
CCN(CC)CCOC(=O)c1ccc(N)cc1,Non-blocker,Non-blocker,,MFDFERRIHVXMIY-UHFFFAOYSA-N,MFDFERRIHVXMIY,eval_set_herg_70.csv,,
O=C(Nc1ccc2c(c1)OCO2)N1CCN(c2ccccc2)CC1,Non-blocker,Non-blocker,0,WJKCRMPGICZWPM-UHFFFAOYSA-N,WJKCRMPGICZWPM,PubChem,6465087,
Oc1ccc(-c2nccs2)cc1,Non-blocker,Blocker,1,PXNRJZLHXKIISI-UHFFFAOYSA-N,PXNRJZLHXKIISI,PubChem,223840,
CC(C)[N+]CC(O)c1ccc(NS(C)(=O)=O)cc1,Non-blocker,Non-blocker,,HPTCKMYNJDVZDG-UHFFFAOYSA-N,HPTCKMYNJDVZDG,eval_set_herg_70.csv,,
Cc1cc2c(F)c(Oc3ncnn4cc(OCCCN5CCCC5)c(C)c34)ccc2[nH]1,Blocker,Blocker,1,BOXUVZUCCJGJJB-UHFFFAOYSA-N,BOXUVZUCCJGJJB,data_herg_dev,CHEMBL206146,
CCC[C@@H](CCO)Nc1nc(N)nc(C)c1Cc1ccc(CN(CCC(=O)O)CC(F)F)cc1OC,Blocker,Blocker,1,ZSLUPNMTHNULTB-IBGZPJMESA-N,ZSLUPNMTHNULTB,data_herg_dev,,
O=C(Nc1cnc(Cl)nc1)c1ccc(F)c(F)c1,Non-blocker,Non-blocker,0,IIBSHMFXVWTQSJ-UHFFFAOYSA-N,IIBSHMFXVWTQSJ,data_herg_dev,CHEMBL2047521,
Cl.Cn1c(=O)n(C)c2cc(CNCCNc3ccnc4cc(Cl)ccc34)ccc21,Blocker,Blocker,1,VZVZSYKIWZHYQN-UHFFFAOYSA-N,VZVZSYKIWZHYQN,data_herg_dev,CHEMBL548469,
CC(C)(C)C1CCC(=NNC(=O)c2ccccc2-n2cccc2)CC1,Non-blocker,Non-blocker,0,YCSUPEIWSHATCP-UHFFFAOYSA-N,YCSUPEIWSHATCP,PubChem,4521335,
Nc1nc2ccc(S(=O)(=O)Cc3ccccc3)cc2s1,Non-blocker,Non-blocker,0,GNWWCXHKDPXSSW-UHFFFAOYSA-N,GNWWCXHKDPXSSW,data_herg_dev,CHEMBL4440584,
CCCCCCOc1cccc(N)c1,Blocker,Non-blocker,0,NFUUFPNUOVKOIG-UHFFFAOYSA-N,NFUUFPNUOVKOIG,PubChem,652414,
COC(=O)c1sc(NC(=O)c2ccc3c(c2)OCO3)c(C#N)c1C,Non-blocker,Non-blocker,0,HQLYXMOPLKUDAQ-UHFFFAOYSA-N,HQLYXMOPLKUDAQ,PubChem,959485,
O=C(CCN1C(=O)S/C(=C\c2ccc(F)cc2)C1=O)Nc1ccc(O)cc1C(=O)O,Non-blocker,Non-blocker,0,YTNXFSOZFAOWDP-SXGWCWSVSA-N,YTNXFSOZFAOWDP,PubChem,6237225,
CN(C)CCCN1c2ccc(O)cc2Sc2ccc(Cl)cc21,Blocker,Blocker,1,HICFFJZGXWEIHN-UHFFFAOYSA-N,HICFFJZGXWEIHN,PubChem,16414,
Cn1ncc(Cl)c1-c1cc(C(=O)N[C@@H]2CN[C@H](CC(O)CO)C[C@H]2c2ccc(F)c(F)c2)oc1Cl,Blocker,Blocker,1,XZJYUZOFUXTXML-UAEOXFLFSA-N,XZJYUZOFUXTXML,data_herg_dev,CHEMBL4567295,
Cc1ccc(-c2nc(Nc3ccccc3)n[nH]2)cc1,Non-blocker,Non-blocker,0,INDCVHFFYIEZRU-UHFFFAOYSA-N,INDCVHFFYIEZRU,PubChem,2951125,
COc1ccc(S(=O)(=O)N2C[C@H](O)C[C@@H]2C(=O)OCC(=O)Nc2ccc(Cl)cn2)cc1,Non-blocker,Non-blocker,0,QYEIXNFTLDOHBA-CZUORRHYSA-N,QYEIXNFTLDOHBA,PubChem,2998188,
CC(=O)N(c1ccccc1)c1nc(COC(=O)[C@H]2CC(=O)N(c3cccc4ccccc34)C2)cs1,Non-blocker,Non-blocker,,NKTPEOGOPSVFNX-FQEVSTJZSA-N,NKTPEOGOPSVFNX,eval_set_herg_60.csv,,
COc1ccc(NC(=O)CCN2CCN(c3ccccc3F)CC2)c(OC)c1,Blocker,Non-blocker,0,OQZKGRNOBWRWAF-UHFFFAOYSA-N,OQZKGRNOBWRWAF,PubChem,3145297,
CCOc1ccc(NC(=O)OCCN2CCN(CCc3ccccc3)[C@H](C)C2)cc1,Non-blocker,Blocker,1,HQNZUJSOBUCFOS-HXUWFJFHSA-N,HQNZUJSOBUCFOS,PubChem,258684,
COc1ccccc1CCNC(=O)c1csc2c1CCCC2,Non-blocker,Non-blocker,0,UGQKFKDMYSXKJT-UHFFFAOYSA-N,UGQKFKDMYSXKJT,PubChem,1245998,
O=C(Nc1ccc2cccnc2c1)c1ccc(Br)cc1,Non-blocker,Non-blocker,0,YBCZFMFZZNLLRH-UHFFFAOYSA-N,YBCZFMFZZNLLRH,PubChem,831408,
O=C1C[C@@H](NS(=O)(=O)c2ccccc2F)CN1c1ccc2c(c1)OCCO2,Non-blocker,Non-blocker,0,BBCJBAGJICLITM-GFCCVEGCSA-N,BBCJBAGJICLITM,PubChem,16799573,
Cc1c(F)cccc1-c1ccc(/C=C/[C@H]2[C@H](C)C(F)(F)C[C@@]3(C(N)=O)C(=O)O[C@H](C)[C@@H]23)nc1,Non-blocker,Non-blocker,0,ZHMZFAWMFMXJDW-TWOREGKPSA-N,ZHMZFAWMFMXJDW,data_herg_dev,,117917306
Cc1ccc(C(=O)c2cc3ccccc3o2)cc1[N+](=O)[O-],Blocker,Non-blocker,0,ODGNRIQHXMHODO-UHFFFAOYSA-N,ODGNRIQHXMHODO,PubChem,921915,
O=C(CCNS(=O)(=O)c1ccccc1C(F)(F)F)NNC(=O)[C@H]1COc2ccccc2O1,Non-blocker,Non-blocker,0,MGEZFFOZWHMDRL-OAHLLOKOSA-N,MGEZFFOZWHMDRL,PubChem,24980027,
CC(C)(N)C(=O)N1CCn2c(nc(-c3ccc(F)cc3)c2Nc2ccc(F)cc2)C1,Blocker,Blocker,1,NIFJWDNQUGBNEW-UHFFFAOYSA-N,NIFJWDNQUGBNEW,CUPID,53362097,23927720
CN1CCC(COCc2cc(C(F)(F)F)cc(Cl)n2)(c2ccc(Cl)cc2)CC1,Non-blocker,Non-blocker,0,BVALXLKHALQQPF-UHFFFAOYSA-N,BVALXLKHALQQPF,data_herg_dev,CHEMBL2333641,
CN1CCN(CCN2CCn3c2nc2ccccc23)CC1,Non-blocker,Non-blocker,0,LGXKAGKITRVDGE-UHFFFAOYSA-N,LGXKAGKITRVDGE,PubChem,2882883,
CN1CC(C)(NC(=O)Nc2cccc(-c3nnnn3C)c2)C(CN2CCC[C@@H](Cc3ccc(F)cc3)C2)OC1=O,Blocker,Non-blocker,0,OTSUKARJPJAFRM-UEHGGBRMSA-N,OTSUKARJPJAFRM,data_herg_dev,CHEMBL518571CHEMBL505914,
CC(C)[C@H](NC(=O)c1cccc(S(=O)(=O)N2CCCC2)c1)c1nc2ccccc2[nH]1,Non-blocker,Non-blocker,0,LINSNJWZVMEBRR-FQEVSTJZSA-N,LINSNJWZVMEBRR,PubChem,2558673,
Cc1cc(NCc2c(Cl)ccc(Cl)c2Cl)c2cccc(C(N)=O)c2n1,Blocker,Blocker,1,CDSXVXMUMRBIGJ-UHFFFAOYSA-N,CDSXVXMUMRBIGJ,PubChem,122185976,26267483
[H]/N=C(\c1ccc(C(=O)Nc2ccc(OCC(=O)OCC)cc2C(=O)Nc2ccc(Cl)cn2)cc1)N(C)C,Blocker,Blocker,1,JITBHWXQCWARKL-ZZIIXHQDSA-N,JITBHWXQCWARKL,PubChem,20747478,16931010
Cc1ccc(C(=O)Nc2ccc(CN3Cc4cn[nH]c4C3)c(Cl)c2)cc1C#Cc1cnc2cccnn12,Blocker,Non-blocker,0,AIKGYQDFIJRQIY-UHFFFAOYSA-N,AIKGYQDFIJRQIY,data_herg_dev,CHEMBL4638981,
COc1ccc2nccc([C@@H]3CN(C4CCN(Cc5cc6ccccc6[nH]5)CC4)C(=O)O3)c2c1,Blocker,Blocker,1,CUWYXEKZVGDQDJ-SANMLTNESA-N,CUWYXEKZVGDQDJ,PubChem,16112836,17267215
CCC(=O)N(CC1(N2CCN(Cc3ccccc3)CC2)CC1)c1ccccc1F,Blocker,Blocker,1,CJPSXNUMUGKDSS-UHFFFAOYSA-N,CJPSXNUMUGKDSS,CUPID,126509438,34236190
COc1cc2cc(Oc3ccc4ccc(=O)oc4c3)c(=O)oc2cc1OC(=O)C=C(C)C,Non-blocker,Non-blocker,0,YJGBOQUCAJWEGE-UHFFFAOYSA-N,YJGBOQUCAJWEGE,PubChem,16745541,
CS(=O)(=O)C1(c2nc(-c3cccc4[nH]ccc34)nc3c2OC[C@@H]2COCCN32)CCOCC1,Non-blocker,Non-blocker,0,DPGRLMCPNILHCM-HNNXBMFYSA-N,DPGRLMCPNILHCM,data_herg_dev,CHEMBL3921669,
CN(C)C(=O)c1cccc2c1CN(C(C)(C)CCc1ccc(O)c(OC(C)(C)C)c1)C2,Non-blocker,Non-blocker,0,WVWPKPZCILEGOG-UHFFFAOYSA-N,WVWPKPZCILEGOG,data_herg_dev,,
COC(=O)CSc1ncccc1-c1nc2ccccc2[nH]1,Non-blocker,Non-blocker,0,DNANXWGYBGVEIX-UHFFFAOYSA-N,DNANXWGYBGVEIX,PubChem,645213,
Oc1ccc(/C=C/c2ccc3cccc(O)c3n2)cc1Br,Blocker,Non-blocker,0,LYRHKHXPDLTBIP-QPJJXVBHSA-N,LYRHKHXPDLTBIP,PubChem,135461288,
CC(C)(C)OC(=O)N1CCN(c2nc3c([N+](=O)[O-])c(Br)c(Br)cc3[nH]2)CC1,Blocker,Blocker,1,RXGDDWPITVSKDR-UHFFFAOYSA-N,RXGDDWPITVSKDR,PubChem,90239675,
Cc1ccccc1-c1cc2nc(C)c(Cl)c(O)n2n1,Non-blocker,Non-blocker,0,CUGAPXWHQQAXTC-UHFFFAOYSA-N,CUGAPXWHQQAXTC,PubChem,810723,
Fc1ccc(N(CCNCCc2ccccc2)c2ccc(F)cc2)cc1,Blocker,Blocker,1,BBYDRFMSSSQLBT-UHFFFAOYSA-N,BBYDRFMSSSQLBT,PubChem,57414546,22455383
COCCNc1cc(O)c2c(=O)c3c(-c4nccs4)[nH]c(Cc4ccc5c(c4)OCO5)c3oc2c1,Non-blocker,Non-blocker,0,VNWKVRSLWCIUCC-UHFFFAOYSA-N,VNWKVRSLWCIUCC,data_herg_dev,CHEMBL4218772,
COC(=O)[C@@H](C)Sc1nc2c(cnn2-c2ccc(C)cc2)c(=O)[nH]1,Non-blocker,Non-blocker,0,AWYRDIXOAGCTEJ-SNVBAGLBSA-N,AWYRDIXOAGCTEJ,PubChem,135412488,
COc1cc(Oc2ccncc2CN(C)C)ccc1SC,Blocker,Blocker,,FZTUKFZQAANKSG-UHFFFAOYSA-N,FZTUKFZQAANKSG,eval_set_herg_60.csv,,
O=C(NCC1CCN(Cc2cccc(C(F)(F)F)c2)CC1)c1cc(Cl)cc(Cl)c1,Blocker,Blocker,1,NWKDHMOLGIJQDW-UHFFFAOYSA-N,NWKDHMOLGIJQDW,PubChem,25129498,18817368
Cc1cc(NC(=O)[C@@H]2CC(=O)N(c3ccccc3C)C2)no1,Non-blocker,Non-blocker,0,WKQFCOIHEMBYKO-GFCCVEGCSA-N,WKQFCOIHEMBYKO,PubChem,3160142,
COc1cc(-n2cnc3cc(-c4ccc(Cl)cc4)sc3c2=O)ccc1OCCN1CCCC1,Blocker,Blocker,1,MWULMTACIBZPGN-UHFFFAOYSA-N,MWULMTACIBZPGN,CUPID,9826520,19290642
CCN1C[C@]2(COC)CCC(O)[C@]34C5C[C@]6(O)C(OC)C(O)[C@@](OC(=O)c7ccc(OC)c(OC)c7)(C5[C@H]6O)[C@H](C13)[C@H](OC)C24,Blocker,Non-blocker,,CQEJOMCUMORDJA-IGMYMOLDSA-N,CQEJOMCUMORDJA,eval_set_herg_60.csv,,
C[C@@H]1CC[C@H]2[C@@H](C)[C@@H](CC(=O)Nc3ccc(Cl)c(-c4ccccn4)c3)O[C@@H]3O[C@@]4(C)CC[C@@H]1[C@@]23OO4,Non-blocker,Non-blocker,0,FYBFXVILVGDINR-WSGLMESZSA-N,FYBFXVILVGDINR,data_herg_dev,,134142019
CC(C)OCCCNC(=O)C(=O)N/N=C/c1ccc(OCc2ccccc2)cc1,Non-blocker,Non-blocker,0,ULEDJGJLTNWCAI-BUVRLJJBSA-N,ULEDJGJLTNWCAI,PubChem,9677984,
CC(C)n1cc(C(=O)c2cncc(NC(=O)Cc3ccc(Cl)cc3)c2)c2cncnc21,Blocker,Blocker,1,OBIPEYBSOQNLDE-UHFFFAOYSA-N,OBIPEYBSOQNLDE,PubChem,90683596,27766865
O=C(OCc1nc2ccc(Cl)cc2n1CCO)c1ccc(O)cc1,Non-blocker,Non-blocker,0,FXEZSCODTKHQGT-UHFFFAOYSA-N,FXEZSCODTKHQGT,PubChem,4879552,
N#Cc1cccc([C@]23CC[C@@H](N(CC4CCN(C5CCOCC5)CC4)C(=O)Nc4ccc(F)c(Cl)c4)CC2C3)c1,Blocker,Blocker,1,DBKHVWOXHXKVIF-ZXVOXEBXSA-N,DBKHVWOXHXKVIF,data_herg_dev,CHEMBL229285,
COC(=O)c1[nH]c2cc(F)ccc2c1C1C[N+]CC[C@@H]1F,Blocker,Blocker,,FMGLIIJICDJHGU-DTIOYNMSSA-N,FMGLIIJICDJHGU,eval_set_herg_70.csv,,
C1CCC2(C1)C1C[N+](CC3CC3)CC2C[N+](CC2CC2)C1,Blocker,Blocker,,LQHJNPOLJRIJNN-UHFFFAOYSA-N,LQHJNPOLJRIJNN,eval_set_herg_60.csv,,
O=C1OC2(c3ccc([O-])cc3Oc3cc([O-])ccc32)c2ccccc21.[Na+].[Na+],Non-blocker,Blocker,,RGPLGPBQJOQFJS-UHFFFAOYSA-L,RGPLGPBQJOQFJS,eval_set_herg_70.csv,,
C[C@@H](C(=O)N[C@]1(c2ccccc2)CC[C@@H](N2CCC3(CC2)OCCO3)CC1)c1cc(C(F)(F)F)cc(C(F)(F)F)c1,Blocker,Blocker,1,PWYQZXIMGCRVMM-CMTYHFORSA-N,PWYQZXIMGCRVMM,PubChem,9938284,12067555
Cc1ccc(C(=O)NCC(=O)OCC(=O)c2c(N)n(C)c(=O)n(C)c2=O)s1,Non-blocker,Non-blocker,0,DPYBMYPPKKJNDE-UHFFFAOYSA-N,DPYBMYPPKKJNDE,PubChem,2350790,
O=C(CNc1n[nH]c2ccc(C(F)(F)F)cc12)NC1CN(C2CCC(O)(c3cccnc3)CC2)C1,Non-blocker,Non-blocker,0,ZGNUTAZGEDXZFS-UHFFFAOYSA-N,ZGNUTAZGEDXZFS,data_herg_dev,,
NC(=O)c1cnc2cc(F)c(-c3cccnc3)cc2c1NC1CCOCC1,Blocker,Blocker,1,SSDIRQKLGUFBIG-UHFFFAOYSA-N,SSDIRQKLGUFBIG,PubChem,155550406,27259031
CC1(C)C[C@]2(O[C@@H]2c2ccccc2)C(=O)c2ccccc21,Non-blocker,Non-blocker,0,DBSWOIVXLYIEDN-MJGOQNOKSA-N,DBSWOIVXLYIEDN,PubChem,314722,
C[C@@H](O)[C@H]1C(=O)N2C(C(=O)O)=C(SCCN=CN)C[C@H]12,Non-blocker,Blocker,1,ZSKVGTPCRGIANV-ZXFLCMHBSA-N,ZSKVGTPCRGIANV,data_herg_dev,,104838
CN1C(=O)Cn2c1nc1nc(N3CCC[C@@H](N)C3)n(Cc3cc(F)ccc3C#N)c1c2=O,Non-blocker,Non-blocker,0,KMOYVYIQCXEQDG-OAHLLOKOSA-N,KMOYVYIQCXEQDG,data_herg_dev,CHEMBL3687984,
CC(c1ccc([N+](=O)[O-])cc1)N1C[C@H](N)[C@H](C(=O)N2CCCC2)C1,Non-blocker,Non-blocker,,FVEPPGNZFFPAJK-AGIABQAESA-N,FVEPPGNZFFPAJK,eval_set_herg_60.csv,,
COc1ccccc1N1CSC2=C(C#N)[C@@H](c3ccc(SC)cc3)CC(=O)N2C1,Non-blocker,Non-blocker,0,JAZQDHDQOMLUGI-QGZVFWFLSA-N,JAZQDHDQOMLUGI,PubChem,3160888,
CCc1ccc(-c2cc(C)no2)cc1S(=O)(=O)N[C@H](C)Cc1ccco1,Non-blocker,Non-blocker,0,XRZRQUQGJMVUDT-CQSZACIVSA-N,XRZRQUQGJMVUDT,PubChem,20936427,
COC(=O)[C@H]1C[C@@H]1COc1ccc2ncc(F)c(CC[C@]34CC[C@](NCc5ccc6c(n5)NC(=O)CO6)(CC3)CO4)c2n1,Blocker,Blocker,1,CXGFHAFDFOMUEC-XVTATOGXSA-N,CXGFHAFDFOMUEC,PubChem,122186198,26152426
CC(C)N1C(=O)[C@H](NC(=O)[C@@H](Cc2c(F)cccc2F)NC(=O)c2ccc(F)cc2C(F)(F)F)CCc2cc(Cl)ccc21,Blocker,Blocker,1,YIYWNHHCOVCOAN-JWQCQUIFSA-N,YIYWNHHCOVCOAN,data_herg_dev,CHEMBL251765,
COc1cc([C@]23CNC[C@H]2C3)ccc1NS(=O)(=O)c1ccc(C(C)C)cc1,Blocker,Blocker,1,XIQZPYGWBQASSN-UTKZUKDTSA-N,XIQZPYGWBQASSN,PubChem,16123247,20692836
Nc1ccn([C@H]2CS[C@@H](CO)O2)c(=O)n1,Non-blocker,Non-blocker,,JTEGQNOMFQHVDC-RQJHMYQMSA-N,JTEGQNOMFQHVDC,eval_set_herg_70.csv,,
O=C(CNC(=O)c1cccc(C(F)(F)F)c1)NC1CN(C2CCC(c3cccnc3)CC2)C1,Blocker,Blocker,1,BAZCORFCZVDJNX-UHFFFAOYSA-N,BAZCORFCZVDJNX,PubChem,CUPID,
COc1cc(C(=O)N2CCCCCCC2)cc(OC)c1OC,Non-blocker,Non-blocker,0,WZSDNEJJUSYNSG-UHFFFAOYSA-N,WZSDNEJJUSYNSG,PubChem,26650,
O=C(Nc1ccc([C@H]2CNCCO2)cc1)c1cnc(-c2ccccc2)s1,Non-blocker,Blocker,,VNCZMBMKODMGRG-QGZVFWFLSA-N,VNCZMBMKODMGRG,eval_set_herg_70.csv,,
CN1CCN(CCCN2c3ccccc3Sc3ccc(C(F)(F)F)cc32)CC1.Cl,Blocker,Blocker,1,RIULCFSTKRDHBX-UHFFFAOYSA-N,RIULCFSTKRDHBX,data_herg_dev,CHEMBL1710,
CCOCC(=O)OCC(=O)Nc1cc(OC)c([N+](=O)[O-])cc1C,Non-blocker,Blocker,1,OSTMUFCNYLKDNF-UHFFFAOYSA-N,OSTMUFCNYLKDNF,PubChem,4874977,
Cn1cc(-c2cc(F)cc(S(=O)(=O)c3cnc(CN)s3)c2)cn1,Non-blocker,Non-blocker,0,SNKUHRMTDUIGHD-UHFFFAOYSA-N,SNKUHRMTDUIGHD,data_herg_dev,CHEMBL4460845,
COc1ccc(CC(=O)OCc2nnc([C@H]3COc4ccccc4O3)o2)cc1OC,Non-blocker,Non-blocker,0,URVKERJZWXTQFJ-GOSISDBHSA-N,URVKERJZWXTQFJ,PubChem,2997735,
C[C@@H]([C@@H](O)c1ccc2c(c1)CCC(O)N2)N1CCC(O)(c2ccccc2)CC1,Blocker,Blocker,,LJMDQOSAVJNIPL-GWGYHSHPSA-N,LJMDQOSAVJNIPL,eval_set_herg_60.csv,,
CC1(c2ccc(S(N)(=O)=O)cc2)NC(=O)N(CC(=O)c2ccc(F)cc2F)C1=O,Non-blocker,Non-blocker,0,GMGAMGXAXJWAQR-UHFFFAOYSA-N,GMGAMGXAXJWAQR,data_herg_dev,CHEMBL4441087,
Cn1nc(C(F)(F)F)c(C(=O)Nc2cccc(C(F)(F)F)c2)c1SCc1ccc(Cl)cc1,Non-blocker,Non-blocker,0,MVILFOOETZKOPT-UHFFFAOYSA-N,MVILFOOETZKOPT,PubChem,5108553,
CN(Cc1cnccn1)S(=O)(=O)Nc1ccc2ccc3ncc(-c4cnn(C)c4)cc3c(=O)c2c1,Non-blocker,Blocker,1,GCIOMFVBXHMGAC-UHFFFAOYSA-N,GCIOMFVBXHMGAC,CUPID,53310829,21608528
NC1=N[C@@]2(CO1)c1cc(-c3cccnc3F)ccc1Oc1cnc(C3=CCCOC3)cc12,Blocker,Blocker,1,IYTNNMPYEWDEHJ-DEOSSOPVSA-N,IYTNNMPYEWDEHJ,data_herg_dev,CHEMBL3394041,
Cc1cccc(C2=CCN(CCNC(=O)[C@H]3C[C@@H]4CC[C@H]3O4)CC2)n1,Non-blocker,Blocker,,WOHMWCGVHSYPFG-JENIJYKNSA-N,WOHMWCGVHSYPFG,eval_set_herg_70.csv,,
O=C(C1=C(N2CCCC2)CCc2ccccc21)c1ccccc1Cl,Non-blocker,Non-blocker,0,ZSUGDMDDNBETIQ-UHFFFAOYSA-N,ZSUGDMDDNBETIQ,PubChem,822954,
Cc1c(C(=O)N2CCC[C@@H](N)C2)nc(-c2ccc(C#N)c(F)c2)n1-c1ccc2nn(C)c(Cl)c2c1,Blocker,Blocker,1,LVKUSVABAHCXHF-QGZVFWFLSA-N,LVKUSVABAHCXHF,data_herg_dev,CHEMBL4451607,
CC[S@@](=O)c1ccccc1C(=O)OCC(=O)N1CCC(c2ccccc2)=N1,Non-blocker,Non-blocker,0,XNVPHWHHTMBIIP-HHHXNRCGSA-N,XNVPHWHHTMBIIP,PubChem,7562286,
Clc1ccc(Sc2cn(-c3ccccc3)nc2-c2ccc3c(c2)OCCO3)cc1,Non-blocker,Non-blocker,0,IKQQULCSHLUYPQ-UHFFFAOYSA-N,IKQQULCSHLUYPQ,data_herg_dev,CHEMBL3287927,
COC1COCCC1NC1CCC(C(=O)N2CCN(c3cc(C(F)(F)F)ccn3)CC2)(C(C)C)C1,Blocker,Blocker,1,DQWSENNLMPJNRJ-UHFFFAOYSA-N,DQWSENNLMPJNRJ,CUPID,CUPID,
Cc1ccc(COC(=O)N2CCC(COc3ncccn3)CC2)cc1,Blocker,Blocker,,PPFNSHXKLMCXLU-UHFFFAOYSA-N,PPFNSHXKLMCXLU,eval_set_herg_70.csv,,
COc1ccc(Cl)cc1NC(=O)CSc1nc(O)c/c(=N/S(=O)(=O)c2ccccc2)[nH]1,Non-blocker,Non-blocker,0,FFGKMQUNQAAKHA-UHFFFAOYSA-N,FFGKMQUNQAAKHA,PubChem,135485206,
COc1cc(C(O)CN2CCN(CCc3ccc4c(c3C)COC4=O)CC2)ncc1C#N,Blocker,Blocker,1,QKYVACPTDUSMRG-UHFFFAOYSA-N,QKYVACPTDUSMRG,CUPID,CUPID,
CCOc1ncccc1C(=O)OCC(=O)Nc1ccc(C)c(S(=O)(=O)N(C)C)c1,Non-blocker,Non-blocker,0,QMHIQUUIBMTLEM-UHFFFAOYSA-N,QMHIQUUIBMTLEM,PubChem,3896374,
CC(C)NC(=O)CSCc1c(Cl)cccc1Cl,Non-blocker,Non-blocker,0,CBIVDKVLMQKERN-UHFFFAOYSA-N,CBIVDKVLMQKERN,PubChem,2467184,
C[C@H](Oc1cc2cc(C(N)=O)ccc2nc1N)c1cc2[nH]ncc2cc1-n1cccn1,Non-blocker,Non-blocker,0,AFNLQGLNMCZATE-LBPRGKRZSA-N,AFNLQGLNMCZATE,data_herg_dev,CHEMBL4781765,
CC(C)n1nc(-c2nnc(C3CCN(CC4(O)CCCC4)CC3)o2)c2ccccc21,Blocker,Blocker,1,QYBKTHNZAMSHMF-UHFFFAOYSA-N,QYBKTHNZAMSHMF,PubChem,171351519,34251799
Cn1ncc2c(C(O)c3cc(-c4ncnc5cc(N6CCOCC6)ccc45)c(F)cc3Cl)ncnc21,Non-blocker,Non-blocker,0,BQKWVPQKBYQALO-UHFFFAOYSA-N,BQKWVPQKBYQALO,data_herg_dev,,
COc1ncc2ccc(=O)n(CCN3CCC(NCc4cc5c(cn4)OCCO5)CC3)c2n1,Non-blocker,Non-blocker,0,LPHSTAIXRBFEFQ-UHFFFAOYSA-N,LPHSTAIXRBFEFQ,data_herg_dev,CHEMBL1916543,
Cc1c(C(N)=O)c(C(N)=O)nn1-c1cccc(-c2ccccc2OC(F)(F)F)c1,Blocker,Blocker,1,BKGRPPQRGSQIIQ-UHFFFAOYSA-N,BKGRPPQRGSQIIQ,data_herg_dev,CHEMBL1631086,
N#CCCOc1ccc(C(O)c2cc(-c3ncnc4cc(N5CCOCC5)ccc34)c(F)cc2Cl)nn1,Non-blocker,Non-blocker,0,ZOBQEXZTIUCXDW-UHFFFAOYSA-N,ZOBQEXZTIUCXDW,data_herg_dev,,
Cn1c(=S)[nH]c2sc3c(c2c1=O)CC[C@@H](C(C)(C)C)C3,Blocker,Blocker,1,ANKXEPGUWATASL-MRVPVSSYSA-N,ANKXEPGUWATASL,PubChem,4529187,
Cc1cc(C)cc(NC(=O)CSc2nccn2Cc2ccco2)c1,Non-blocker,Non-blocker,0,QOVYRSHDQSJEPY-UHFFFAOYSA-N,QOVYRSHDQSJEPY,PubChem,8487876,
CCn1c(C(=O)N(C2CC2)C2CC2)cc2c3c(ncn3C)c(Nc3cc(C)n(C)n3)nc21,Non-blocker,Non-blocker,0,JCINBYQJBYJGDM-UHFFFAOYSA-N,JCINBYQJBYJGDM,data_herg_dev,CHEMBL3545215,
COc1ccc2cc(C3=CCC[C@@]3(C)C(=O)O)ccc2c1,Non-blocker,Non-blocker,0,WWXNQHOSLAYQII-GOSISDBHSA-N,WWXNQHOSLAYQII,PubChem,247583,
CNC[C@H](c1ccc(Cl)c(Cl)c1)[C@H](O)c1cccc(OC)n1,Blocker,Non-blocker,,HWZPXVTVANPWNG-BZNIZROVSA-N,HWZPXVTVANPWNG,eval_set_herg_70.csv,,
N#Cc1cnc(Nc2ccnc(N)n2)s1,Blocker,Blocker,,UDEOWBLYNNRBDI-UHFFFAOYSA-N,UDEOWBLYNNRBDI,eval_set_herg_70.csv,,
OCc1ccncc1,Non-blocker,Non-blocker,0,PTMBWNZJOQBTBK-UHFFFAOYSA-N,PTMBWNZJOQBTBK,PubChem,3246543,
CCOC(=O)c1ccc(NC(=S)N2CCC[C@@H](C)C2)cc1,Non-blocker,Non-blocker,0,GCNKZQKBQCFFNG-GFCCVEGCSA-N,GCNKZQKBQCFFNG,PubChem,2946670,
N#Cc1cc(S(=O)(=O)C2CC2)c2cnn(C(CC3CCOCC3)C(=O)Nc3ncc(F)s3)c2c1,Blocker,Blocker,1,XLQHBYCHEWPRHA-UHFFFAOYSA-N,XLQHBYCHEWPRHA,data_herg_dev,CHEMBL4063950,
CC(C)Oc1ccc(NC(=O)c2cc(N(C)Cc3ccc(F)cc3)ncn2)cc1,Blocker,Blocker,1,VAXILCQJXAOMEM-UHFFFAOYSA-N,VAXILCQJXAOMEM,CUPID,137644180,29148755
Cc1cc(NC(=O)c2cccc(C(F)(F)F)c2)n(-c2nc(-c3ccc4c(c3)OCO4)cs2)n1,Non-blocker,Blocker,1,ZGEHZPOONRJVHB-UHFFFAOYSA-N,ZGEHZPOONRJVHB,data_herg_dev,CHEMBL2028054,
O=C(COc1c(C(=O)NCc2ccccc2)ccc2ccccc12)Nc1ccccc1N1CCCC1=O,Non-blocker,Non-blocker,,PHHPLSLJGPCULR-UHFFFAOYSA-N,PHHPLSLJGPCULR,eval_set_herg_60.csv,,
O=C(O)CCC(=O)NCCC1=c2ccccc2=N/C1=C\c1c(O)[nH]c(=S)n(Cc2ccc(F)cc2)c1=O,Non-blocker,Blocker,1,QFXGOLWITVIPJA-BKUYFWCQSA-N,QFXGOLWITVIPJA,PubChem,135630536,
CC(C)n1c(S)nnc1-c1ccc(C(C)(C)C)cc1,Non-blocker,Non-blocker,0,DAEFPNAAMHBGJW-UHFFFAOYSA-N,DAEFPNAAMHBGJW,PubChem,970189,
CCN(CC)CCNC(=O)c1cc(Br)c(N)cc1OC,Non-blocker,Non-blocker,0,GIYAQDDTCWHPPL-UHFFFAOYSA-N,GIYAQDDTCWHPPL,data_herg_dev,,
C[C@H](Oc1ccc(S(C)(=O)=O)cc1C(=O)N1Cc2cn(-c3ccccc3)nc2C1)C(F)(F)F,Blocker,Blocker,1,FLOKUNMZCPFDCT-AWEZNQCLSA-N,FLOKUNMZCPFDCT,data_herg_dev,CHEMBL4210484,
CN(C)c1cc[n+](CC(=O)Nc2ccc(Oc3ccccc3)cc2)cc1,Non-blocker,Non-blocker,0,SMIOHXYOEZYTOZ-UHFFFAOYSA-O,SMIOHXYOEZYTOZ,PubChem,16193005,
CONC(=O)N(Cc1ccsc1)C1CCN([C@H](C)CCNC(=O)c2c(C)cc(Cl)nc2Cl)CC1,Blocker,Blocker,1,KDARXVILVONBOM-MRXNPFEDSA-N,KDARXVILVONBOM,PubChem,15941255,24900457
CC(C)Cc1cc(CNC(=O)[C@@H]2[C@@H]3CN(CCC(C)(C)C)C[C@@H]32)nn1-c1ccccc1,Blocker,Blocker,1,DOKOGLOPIXTMOO-BKFWDETESA-N,DOKOGLOPIXTMOO,PubChem,86292753,27591007
O=C(NCc1cc(C(F)(F)F)cc(C(F)(F)F)c1)C1(c2ccccc2)CCC(N2CCC(c3ccc(F)cc3)CC2)CC1,Blocker,Blocker,,GENLRMUFBFSRLA-UHFFFAOYSA-N,GENLRMUFBFSRLA,eval_set_herg_70.csv,,
COc1cc([C@](O)(CCN(C)C)[C@H](c2cccnc2OC)c2cc3cc(Br)ccc3nc2OC)cc(OC)n1,Blocker,Blocker,1,SHZROCRNKWCODY-GGXMVOPNSA-N,SHZROCRNKWCODY,PubChem,155564401,30803745
Cc1noc(C)c1S(=O)(=O)NCCN1CC2CN(CCOc3ccc(C#N)cc3F)CC(C1)O2,Non-blocker,Non-blocker,0,VLXAEAXVQDCEEW-UHFFFAOYSA-N,VLXAEAXVQDCEEW,data_herg_dev,CHEMBL3932635,
CSc1ncc(C2(O)CCC(N3CC(NC(=O)CNC(=O)c4cccc(C(F)(F)F)c4)C3)CC2)s1,Non-blocker,Blocker,1,FKLIJGDIZXHRRI-UHFFFAOYSA-N,FKLIJGDIZXHRRI,PubChem,CUPID,
COc1ccc(COC(=O)C2=C(C)NC(=O)N[C@@H]2c2ccc(O)cc2)cc1,Blocker,Non-blocker,0,KPZBMCXZCSYXTJ-GOSISDBHSA-N,KPZBMCXZCSYXTJ,PubChem,2854732,
NC1=N[C@@]2(CO1)c1cc(-c3cccnc3F)ccc1Oc1c2cc(-c2ccncc2)nc1F,Non-blocker,Non-blocker,0,NQBWLDXCDRHLCJ-DEOSSOPVSA-N,NQBWLDXCDRHLCJ,data_herg_dev,CHEMBL3394212,
Cc1cncn1CCCNC(=S)Nc1ccc(OCC(=O)NC2CCN(CCN)CC2)cc1,Blocker,Blocker,1,QNNSRJUSOTYXFV-UHFFFAOYSA-N,QNNSRJUSOTYXFV,data_herg_dev,CHEMBL4130218,
O/C(COc1ccc(Cl)cc1Cl)=N\C(=S)N1CCCc2ccccc21,Blocker,Blocker,1,ZNSJAQHBJNKWDG-UHFFFAOYSA-N,ZNSJAQHBJNKWDG,PubChem,1014390,
CC(=O)Nc1ccc(O)cc1,Non-blocker,Non-blocker,,RZVAJINKPMORJF-UHFFFAOYSA-N,RZVAJINKPMORJF,eval_set_herg_60.csv,,
CC[N+](CC)(CC(=O)Nc1c(C)cccc1C)Cc1ccccc1.O=C([O-])c1ccccc1,Blocker,Non-blocker,,VWTINHYPRWEBQY-UHFFFAOYSA-N,VWTINHYPRWEBQY,eval_set_herg_70.csv,,
C[C@@H]1C[C@@H]2[C@@H](CC[C@H]3NNC[C@@H]23)[C@@H](c2ccc(NC3CN(CCCF)C3)c(F)c2)N1CC(F)(F)F,Blocker,Blocker,1,OLPHYHYUNMRPEY-WSGRAPFGSA-N,OLPHYHYUNMRPEY,PubChem,137554012,
COc1ccc(C)cc1N(CC(=O)N[C@H](C)c1ccccc1)S(C)(=O)=O,Non-blocker,Non-blocker,0,MVNVJZGJKWNIJR-OAHLLOKOSA-N,MVNVJZGJKWNIJR,PubChem,3138949,
CCS(=O)(=O)c1ccc(C(NC(C)=O)C(=O)Nc2cc(-c3cc(C#N)cc(F)c3OC)cs2)cc1,Non-blocker,Non-blocker,0,YOJMBDUWFJVSKK-UHFFFAOYSA-N,YOJMBDUWFJVSKK,data_herg_dev,CHEMBL4168496,
COc1cccc(O)c1O,Blocker,Non-blocker,0,LPYUENQFPVNPHY-UHFFFAOYSA-N,LPYUENQFPVNPHY,PubChem,13622,
CSc1ccc2c(c1)c(CCN)c(C)n2Cc1ccccc1Cl,Blocker,Blocker,1,XNGZKLFCPYJUAT-UHFFFAOYSA-N,XNGZKLFCPYJUAT,PubChem,408974,
Oc1c(CN2CCCC2)cc(Nc2ncnc3ccccc23)cc1CN1CCCC1,Blocker,Non-blocker,,ADFVBEOHHMMWBZ-UHFFFAOYSA-N,ADFVBEOHHMMWBZ,eval_set_herg_60.csv,,
Fc1cccc(Oc2cc(C(F)(F)F)nc(N3CCc4nc[nH]c4C3)n2)c1,Blocker,Blocker,,YRSBMPKJFDYYFO-UHFFFAOYSA-N,YRSBMPKJFDYYFO,eval_set_herg_60.csv,,
CN1C(=O)N(Cc2cc(Cl)ccc2F)C(=O)[C@]12C(=O)N(CC(=O)O)c1ccc(Cl)cc12,Non-blocker,Non-blocker,0,IDAMFVNNSWRUTJ-FQEVSTJZSA-N,IDAMFVNNSWRUTJ,PubChem,68011817,24900359
COc1ccc(CN2C[C@H](C(=O)NCc3ccccn3)CC2=O)cc1,Non-blocker,Non-blocker,0,KFPJQBNZNLJKJG-OAHLLOKOSA-N,KFPJQBNZNLJKJG,PubChem,3239368,
CCOc1ccc2c(c1)CN(Cc1ccc(Cl)cc1)CO2,Non-blocker,Non-blocker,0,RRQWNGSEMNJXDW-UHFFFAOYSA-N,RRQWNGSEMNJXDW,data_herg_dev,CHEMBL592332,
CCOc1nc(C(=O)Nc2ccc[n+](C)c2)cc(N)c1C#N,Non-blocker,Non-blocker,,ONYSJEFYBAEJEU-UHFFFAOYSA-O,ONYSJEFYBAEJEU,eval_set_herg_60.csv,,
O=[N+]([O-])c1ccc(NN=Cc2cccc([N+](=O)[O-])c2)cc1,Non-blocker,Non-blocker,0,DUJGQCJQVKGBBA-UHFFFAOYSA-N,DUJGQCJQVKGBBA,PubChem,253353,
CCOc1ccc(NC(=O)Nc2ccon2)cc1,Non-blocker,Non-blocker,0,GIHDMQMFIXBPEL-UHFFFAOYSA-N,GIHDMQMFIXBPEL,PubChem,6464671,
O=S(=O)(NCCCN1CCN(c2noc3ccccc23)CC1)c1ccc(F)c(Cl)c1,Blocker,Blocker,1,WPDFUYMLDBHNAG-UHFFFAOYSA-N,WPDFUYMLDBHNAG,data_herg_dev,CHEMBL3289971,
C[C@@H]1Cc2c([nH]c3ccccc23)[C@@H](c2cncc(OCCNCCCF)c2)N1CC(F)(F)F,Blocker,Blocker,1,UCIXEZCTTRFZIE-WAIKUNEKSA-N,UCIXEZCTTRFZIE,PubChem,135277057,
CCOc1ccccc1C(=O)NC1CCNCC1,Non-blocker,Non-blocker,0,OANLMFBPQNBRKC-UHFFFAOYSA-N,OANLMFBPQNBRKC,PubChem,1445173,
[H]/N=C(\N)SCCc1ccc(CCS/C(N)=N/[H])cc1,Blocker,Non-blocker,0,FZWGDUUJDZCYJR-UHFFFAOYSA-N,FZWGDUUJDZCYJR,PubChem,11957667,
CNC(=O)c1ccc(Nc2nccc(-c3cnc(C)n3C(C)C)n2)cc1,Non-blocker,Non-blocker,0,PHSSTQVIBIMDLX-UHFFFAOYSA-N,PHSSTQVIBIMDLX,data_herg_dev,CHEMBL508129,
COc1ccc([C@@H](C)N[C@@H]2CC[C@@H](C(=O)N3CCC(c4ccccc4)(c4ccc(OC)nc4)CC3)C(C)(C)C2)cc1,Blocker,Blocker,1,ZMLLGYNPXKUHEX-ICTSCBFQSA-N,ZMLLGYNPXKUHEX,PubChem,45271821,19596193
CC(C)(C)n1cc(C(O)c2cc(-c3ncnc4cc(N5CCOCC5)ccc34)cnc2F)cn1,Non-blocker,Non-blocker,,GJESUBAPEJHPIP-UHFFFAOYSA-N,GJESUBAPEJHPIP,eval_set_herg_70.csv,,
O=S1(=O)CCNCC12CCN(c1nc(Oc3cccc(F)c3)cc(C(F)(F)F)n1)CC2,Blocker,Blocker,1,IVASDCSVTRNREB-UHFFFAOYSA-N,IVASDCSVTRNREB,PubChem,118960526,
NC(N)=NC[C@H](Oc1noc2ccc(-c3ccccc3Cl)cc12)c1ccccc1,Blocker,Blocker,1,MNRUGEWQKLTAPC-FQEVSTJZSA-N,MNRUGEWQKLTAPC,PubChem,155569142,30962087
CCOc1cc(N2CCOCC2)c(OCC)cc1NC(=O)c1ccc(NC(C)=O)cc1,Non-blocker,Blocker,1,XXVRMIWYLJOZCI-UHFFFAOYSA-N,XXVRMIWYLJOZCI,PubChem,3881157,
Cc1cc(/C=N/n2cnnc2)c(C)n1-c1ccc(C(=O)O)cc1,Non-blocker,Non-blocker,0,QPPIHGNVNIMMFK-UFWORHAWSA-N,QPPIHGNVNIMMFK,PubChem,6858377,
Cc1ccc(C(CCC(N)C(=O)O)(c2ccccc2)c2ccccc2)cc1C,Non-blocker,Non-blocker,0,RXRRTVLGWNBXDX-UHFFFAOYSA-N,RXRRTVLGWNBXDX,data_herg_dev,CHEMBL2325418,
CCOC(=O)C1C(CN2CCOCC2)=NC(c2nccs2)=NC1c1ccccc1Cl,Blocker,Blocker,1,IYGCUCMLUYDNLT-UHFFFAOYSA-N,IYGCUCMLUYDNLT,CUPID,CUPID,
Cc1c(OCCN(C)CCCF)ccc(F)c1[C@@H]1c2[nH]c3ccccc3c2C[C@@H](C(F)(F)F)N1C[C@H](C)C(=O)O,Non-blocker,Non-blocker,0,JFIIYWRSZXNVNN-BDFQYQKBSA-N,JFIIYWRSZXNVNN,data_herg_dev,,
CC(C)Nc1ccc(Nc2ccccc2)cc1,Non-blocker,Non-blocker,0,OUBMGJOQLXMSNT-UHFFFAOYSA-N,OUBMGJOQLXMSNT,data_herg_dev,CHEMBL1449018,
C(#Cc1ccccc1)CN1CCOCC1,Non-blocker,Non-blocker,0,HYRDQBVNOSFELY-UHFFFAOYSA-N,HYRDQBVNOSFELY,PubChem,6456085,
COc1ccccc1N1Cc2nc(C)c(CN)c(-c3ccc(Cl)cc3Cl)c2C1=O,Blocker,Blocker,1,CKZFVWOHYQPQSY-UHFFFAOYSA-N,CKZFVWOHYQPQSY,data_herg_dev,CHEMBL2441830,
Cc1nc(COc2nc(N)nc3ccn(Cc4ccccn4)c23)no1,Non-blocker,Non-blocker,0,IDAXSJSJUWMJSI-UHFFFAOYSA-N,IDAXSJSJUWMJSI,data_herg_dev,CHEMBL4068797,
CN1CCCC1Cn1nc(Cc2ccc(Cl)cc2)c2cccnc2c1=O,Blocker,Blocker,1,SXNOWQCFHNZUIX-UHFFFAOYSA-N,SXNOWQCFHNZUIX,CUPID,CUPID,
Cn1c(SCC(=O)NCc2ccc3c(c2)OCO3)nc2scc(-c3cccs3)c2c1=O,Non-blocker,Non-blocker,0,SOUBHHITTGQVPZ-UHFFFAOYSA-N,SOUBHHITTGQVPZ,PubChem,2099531,
O=C(CN1C(=O)NC2(CCCCCCC2)C1=O)N1CCN(C(=O)c2ccco2)CC1,Non-blocker,Non-blocker,0,HJRXECPLRWDBBZ-UHFFFAOYSA-N,HJRXECPLRWDBBZ,PubChem,2479170,
Cc1cc(C[C@@H](NC(=O)N2CCC(c3cc4ccccc4[nH]c3=O)CC2)C(=O)N2CCN(C3CCN(C)CC3)CC2)cc2cn[nH]c12,Non-blocker,Blocker,1,JJVAPHYEOZSKJZ-JGCGQSQUSA-N,JJVAPHYEOZSKJZ,data_herg_dev,CHEMBL2397415,
CC(C)(C)C(=O)OCOP(=O)(COCCn1cnc2c(N)ncnc21)OCOC(=O)C(C)(C)C,Non-blocker,Non-blocker,,WOZSCQDILHKSGG-UHFFFAOYSA-N,WOZSCQDILHKSGG,eval_set_herg_70.csv,,
CC(Oc1ccc(S(C)(=O)=O)cc1C(=O)N1CCN(c2ccc(C#N)cc2F)CC1)C(F)(F)F,Blocker,Blocker,1,BKVYIWKPPJAXRW-UHFFFAOYSA-N,BKVYIWKPPJAXRW,CUPID,CUPID,
CC1(C)[C@@H](O)CC[C@@]2(C)[C@H]1CC[C@]1(C)[C@@H]2C(=O)C=C2[C@@H]3C[C@@](C)(C(=O)O)CC[C@]3(C)CC[C@]21C,Non-blocker,Non-blocker,,MPDGHEJMBKOTSU-YKLVYJNSSA-N,MPDGHEJMBKOTSU,eval_set_herg_60.csv,,
CNC(=O)c1cc(-c2ccc3c(N4CCOC[C@@H]4C)nc(N4CCOC[C@@H]4C)nc3n2)ccc1OC(F)F,Non-blocker,Non-blocker,0,PUQKNADZOBNSOT-HOTGVXAUSA-N,PUQKNADZOBNSOT,data_herg_dev,CHEMBL2336323,
COC(=O)c1sccc1NC(=O)C[C@@H]1C(=O)NCCN1C(=O)Nc1ccc(C(F)(F)F)cc1,Non-blocker,Non-blocker,0,MGDAGQXPTPFMJQ-CQSZACIVSA-N,MGDAGQXPTPFMJQ,PubChem,2813545,
CCOC(=O)CSc1nc2c([nH]c3ccccc32)c(=O)n1C,Non-blocker,Blocker,1,AAPNLPNWKWCHLZ-UHFFFAOYSA-N,AAPNLPNWKWCHLZ,PubChem,756773,
O=C(Nc1ccc(Cc2ccncc2)cc1)c1cccc([N+](=O)[O-])c1,Non-blocker,Blocker,1,ZVLJOTMRVCAENI-UHFFFAOYSA-N,ZVLJOTMRVCAENI,PubChem,823709,
O=C1C=CC[C@@H]2[C@H]3CCCN4CCC[C@@H](CN12)[C@@H]34,Non-blocker,Non-blocker,,AAGFPTSOPGCENQ-JLNYLFASSA-N,AAGFPTSOPGCENQ,eval_set_herg_60.csv,,
Cc1cccc(Cn2c([C@@H](C)O)nc3ccccc32)c1,Non-blocker,Non-blocker,0,LGMRTDDVDMYGIO-CYBMUJFWSA-N,LGMRTDDVDMYGIO,PubChem,2928015,
Cc1cc(C[C@H](CCCCNCc2ccc(F)cc2)C(=O)NO)cc(C)c1F,Blocker,Blocker,1,PVPXSRWESCVIBD-IBGZPJMESA-N,PVPXSRWESCVIBD,PubChem,24871655,22342144
COC[C@@H](C)NC(=O)C1c2ccccc2Oc2ccccc21,Non-blocker,Non-blocker,0,WQXAKWGCQICCTF-GFCCVEGCSA-N,WQXAKWGCQICCTF,PubChem,2905426,
Cc1ccc(O)c(C(=O)c2ccccc2)c1,Blocker,Non-blocker,,OQERFUGURPLBQH-UHFFFAOYSA-N,OQERFUGURPLBQH,eval_set_herg_70.csv,,
CC(CCc1ccc(Cl)c(Cl)c1)N1Cc2ccc3ccccc3c2C1,Blocker,Non-blocker,,SNYFWQWLZIRNKD-UHFFFAOYSA-N,SNYFWQWLZIRNKD,eval_set_herg_70.csv,,
CN(C)c1ccc(C(=N)c2ccc(N(C)C)cc2)cc1.Cl,Blocker,Non-blocker,0,KSCQDDRPFHTIRL-UHFFFAOYSA-N,KSCQDDRPFHTIRL,data_herg_dev,CHEMBL1612246,
NS(=O)(=O)c1cccnc1Nc1cccc(C(F)(F)F)c1,Non-blocker,Non-blocker,0,WOYXTNYWFYWXFO-UHFFFAOYSA-N,WOYXTNYWFYWXFO,PubChem,902072,
O=c1c2ccc(Cl)cc2[nH]c2cc(Oc3ccc(OC(F)(F)F)cc3)ccc12,Blocker,Blocker,1,RBBKABZYKJIYPY-UHFFFAOYSA-N,RBBKABZYKJIYPY,data_herg_dev,CHEMBL4639209,
O=C(/C=C/c1ccco1)Nc1ccc2c(c1)OCO2,Non-blocker,Non-blocker,0,LNNIKLNELUQODG-GQCTYLIASA-N,LNNIKLNELUQODG,PubChem,2303048,
O=[N+]([O-])c1ccc2[nH]c3c(c2c1)CCCC3,Non-blocker,Non-blocker,0,IROFVXNXPDWNEU-UHFFFAOYSA-N,IROFVXNXPDWNEU,PubChem,258747,
CNCC(=O)N1CCC(n2nc(C)c(Nc3ncc(Cl)c(-c4cnn5ccccc45)n3)c2C)CC1,Blocker,Non-blocker,0,URRXEWDNSQBJIA-UHFFFAOYSA-N,URRXEWDNSQBJIA,data_herg_dev,CHEMBL3822976,
O=C(Cn1ccnc1)NC1CCN(c2c(F)cc3c(=O)c(C(=O)O)cn(C4CC4)c3c2Cl)C1,Blocker,Blocker,1,NBYLLKOXZHHUDR-UHFFFAOYSA-N,NBYLLKOXZHHUDR,data_herg_dev,CHEMBL4462854,
O=S(=O)(c1ccccc1)C1CCN(CCc2ccc(F)cc2F)CC1,Blocker,Blocker,1,DZNPKDVRRVUXBU-UHFFFAOYSA-N,DZNPKDVRRVUXBU,PubChem,9885465,15993598
CCOC1Cc2cc(C(F)(F)F)ccc2C1N1CCN(C2(C)CCN(C(=O)c3c(C)ncnc3C)CC2)CC1C,Blocker,Blocker,1,ZMCJFJZOSKEMOM-UHFFFAOYSA-N,ZMCJFJZOSKEMOM,CUPID,CUPID,
Cc1nn(C2(CC#N)CN(S(=O)(=O)C(C)C)C2)cc1-c1ncnc2[nH]ccc12,Non-blocker,Non-blocker,,OQRZOIAWKDPWFN-UHFFFAOYSA-N,OQRZOIAWKDPWFN,eval_set_herg_70.csv,,
Fc1cccc(Oc2cc(C(F)(F)F)nc(N3CCC4NCCCC4C3)n2)c1,Blocker,Blocker,,SKEFXGBGLIGVDP-UHFFFAOYSA-N,SKEFXGBGLIGVDP,eval_set_herg_60.csv,,
CC(C)(C)OC(=O)N1CCC(n2ncc3c(Nc4ccc(S(C)(=O)=O)cc4F)ncnc32)CC1,Blocker,Blocker,1,JOYCVKLNKIMEJI-UHFFFAOYSA-N,JOYCVKLNKIMEJI,PubChem,57544434,24412066
CCc1cc(=O)oc2c3c(cc(OCC(=O)NCc4ccncc4)c12)OC(C)(C)CC3,Non-blocker,Non-blocker,0,RKYRFQLKAHOXEE-UHFFFAOYSA-N,RKYRFQLKAHOXEE,PubChem,4967717,
O=C(Cc1ccccc1)NNc1c2ccccc2nc2ccccc12,Non-blocker,Non-blocker,0,LJVNVNPZKNOHEB-UHFFFAOYSA-N,LJVNVNPZKNOHEB,PubChem,2962368,
CN1N=C(C(O)c2cc(-c3ncnc4cc(N5CCOCC5)ccc34)c(F)cc2Cl)CCC1=O,Non-blocker,Non-blocker,0,FCQKVWFWTHCJBD-UHFFFAOYSA-N,FCQKVWFWTHCJBD,data_herg_dev,,
Cc1ccc(C(=O)N(CCCN)C(c2oc3cc(Cl)ccc3c(=O)c2Cc2ccccc2)C(C)C)cc1,Blocker,Blocker,1,PGXYIBJJCLWJST-UHFFFAOYSA-N,PGXYIBJJCLWJST,PubChem,CUPID,
CC1=C(C#N)[C@@H](c2ccoc2)C(C(=O)OCc2ccccc2)=C(N)S1,Non-blocker,Non-blocker,0,JORMHOILXHNTOR-MRXNPFEDSA-N,JORMHOILXHNTOR,PubChem,3239947,
O=C1c2cc(-c3ccc(Cl)cc3F)ccc2OCCN1Cc1ncccn1,Blocker,Blocker,1,OCVVFDMUQQGOCU-UHFFFAOYSA-N,OCVVFDMUQQGOCU,data_herg_dev,CHEMBL3980038,
COc1ccc(/C=C/C(=O)OCC(=O)Nc2cc(S(=O)(=O)N(C)C)ccc2Cl)cc1,Non-blocker,Non-blocker,0,TZKOVEAGAITRIV-IZZDOVSWSA-N,TZKOVEAGAITRIV,PubChem,5990906,
COc1ccc(NC(=O)c2ccccc2NC(=O)c2ccco2)c(OC)c1,Non-blocker,Non-blocker,0,OGWHEDXOONCYAM-UHFFFAOYSA-N,OGWHEDXOONCYAM,PubChem,1164705,
O=C(O/C(=C/c1ccccc1)C(F)(F)F)c1ccccc1,Non-blocker,Non-blocker,0,WDBHYWQLMJOLRO-SDNWHVSQSA-N,WDBHYWQLMJOLRO,PubChem,6383558,
C[C@]12C=CC(=O)N[C@@H]1CC[C@@H]1[C@@H]2CC[C@]2(C)[C@@H](C(=O)Nc3cc(C(F)(F)F)ccc3C(F)(F)F)CC[C@@H]12,Non-blocker,Blocker,1,JWJOTENAMICLJG-QWBYCMEYSA-N,JWJOTENAMICLJG,PubChem,6918296,
COc1ccc(CC[N+]CCCC(C#N)(c2ccc(OC)c(OC)c2)C(C)C)cc1OC,Blocker,Blocker,1,ZLIHABJYEMJMHX-UHFFFAOYSA-N,ZLIHABJYEMJMHX,data_herg_dev,,
N#Cc1nc(-c2ccc(OCc3ccccc3)cc2)oc1N1CCOCC1,Non-blocker,Non-blocker,0,HZTLXVNEBJZNBB-UHFFFAOYSA-N,HZTLXVNEBJZNBB,PubChem,663563,
Cc1ccc(/C=N/Nc2nc(N3CCCCC3)nc(N3CCCCC3)n2)o1,Non-blocker,Non-blocker,0,FNSOKQUJLPEXHD-XSFVSMFZSA-N,FNSOKQUJLPEXHD,PubChem,5721465,
O=C(Cc1cn2ccsc2n1)Nc1cccc2cnccc12,Non-blocker,Non-blocker,0,YOJJBMVDKPHKOO-UHFFFAOYSA-N,YOJJBMVDKPHKOO,PubChem,2998007,
CC(=O)N1CCc2cc(S(=O)(=O)[C@H](C)CC(=O)NCc3ccco3)ccc21,Non-blocker,Non-blocker,0,VASCHLIGROPNIM-CYBMUJFWSA-N,VASCHLIGROPNIM,PubChem,20914871,
CS(=O)(=O)O.Cc1nccn1-c1ccc(Sc2cccc(C3(C(N)=O)CCOCC3)c2)cc1,Non-blocker,Non-blocker,0,WRQQAESBKZTAFL-UHFFFAOYSA-N,WRQQAESBKZTAFL,data_herg_dev,,9935274
COc1nccnc1C(C(N)=O)c1cc(-c2ncnc3cc(N4CCOCC4)ccc23)ccc1Cl,Non-blocker,Non-blocker,0,PYCHWQUCZXHTRJ-UHFFFAOYSA-N,PYCHWQUCZXHTRJ,data_herg_dev,,
O=C(CCOc1ccccc1)Nc1ccc(S(=O)(=O)N2CCCC2)cc1,Blocker,Non-blocker,0,AUAPJHQWQFLQNX-UHFFFAOYSA-N,AUAPJHQWQFLQNX,PubChem,2114364,
COc1cccc(NC(=O)NC(=O)c2c(C)cc(Cl)nc2Cl)c1,Non-blocker,Non-blocker,0,LORZNZKBPNDVNS-UHFFFAOYSA-N,LORZNZKBPNDVNS,PubChem,1265401,
C[C@@H](OC(=O)c1cccc(S(=O)(=O)Nc2ccc3c(c2)OCO3)c1)C(=O)c1c[nH]c2ccccc12,Non-blocker,Non-blocker,,BNSZTNPXATWJNC-OAHLLOKOSA-N,BNSZTNPXATWJNC,eval_set_herg_60.csv,,
Cc1cc(C(=O)Nc2ccccc2C(=O)O)ccc1NC(=O)COc1ccccc1Cl,Blocker,Non-blocker,0,RLXKQEJDCIUROD-UHFFFAOYSA-N,RLXKQEJDCIUROD,PubChem,2192862,
CCOC(=O)C1=C(Cc2ccc(F)cc2)C(=O)c2ccccc2C1=O,Non-blocker,Non-blocker,0,LFEASAQKZPZJMF-UHFFFAOYSA-N,LFEASAQKZPZJMF,PubChem,755636,
COc1c(C(C)(C)C)cc(C(=O)N2CC[C@H](CNC(=O)CCCCC(c3ccc(F)cc3)c3ccc(F)cc3)C2)cc1C(C)(C)C,Blocker,Blocker,1,PAIPDKUVYIEUKM-AREMUKBSSA-N,PAIPDKUVYIEUKM,PubChem,11388055,22579422
CN1CCC[C@@H]1Cn1nc(Cc2ccc(Cl)cc2)c2cnccc2c1=O,Blocker,Blocker,1,HRSYZRFBUGIVHN-MRXNPFEDSA-N,HRSYZRFBUGIVHN,PubChem,71458203,22985961
CC(C)C[C@@H](NC(=O)C1CNC[C@H](N2CC(=O)N(c3ccccc3Cl)CC2(C)C)C1)c1ccc(F)cn1,Non-blocker,Non-blocker,0,ARAQVWPNKFJBQQ-JNKRKRSOSA-N,ARAQVWPNKFJBQQ,data_herg_dev,,
COc1ccc(Cn2c(=O)n3ncnc3c3c4c(sc32)CN(CC2CCOCC2)CC4)cc1,Blocker,Blocker,1,BQOIGGMSKKKZRK-UHFFFAOYSA-N,BQOIGGMSKKKZRK,CUPID,72706442,28406621
CC/C(=C(\c1ccc(O)cc1)c1ccc(OCCNC)cc1)c1ccccc1,Blocker,Blocker,,MHJBZVSGOZTKRH-IZHYLOQSSA-N,MHJBZVSGOZTKRH,eval_set_herg_70.csv,,
CC(C)OC(=O)CSc1nc(N)c(C#N)c(-c2ccco2)c1C#N,Non-blocker,Non-blocker,0,CBUIVCYBJOKTCZ-UHFFFAOYSA-N,CBUIVCYBJOKTCZ,PubChem,1861702,
Cc1c(C(=O)N2CC[C@H](N(C)C)C2)nc(-c2ccc(C#N)c(F)c2)n1-c1cc(F)c2nn(C)cc2c1,Blocker,Blocker,1,UOAGHSGZZDCNBF-IBGZPJMESA-N,UOAGHSGZZDCNBF,data_herg_dev,CHEMBL4517147,
Cc1nn(-c2ccccc2)c(O)c1C(c1ccccc1C(=O)O)c1c(C)nn(-c2ccccc2)c1O,Non-blocker,Non-blocker,0,QIKHEXUSVZEXRA-UHFFFAOYSA-N,QIKHEXUSVZEXRA,PubChem,3656976,
COc1cc2c(cc1OC)-c1c(-c3cnc(C(=O)N(C)C(C)(C)C)s3)ncn1CC2,Blocker,Blocker,1,VIQYGEOSRSOQKW-UHFFFAOYSA-N,VIQYGEOSRSOQKW,data_herg_dev,CHEMBL2017057,
O=C(c1ccc2ccccc2c1)[C@@H]1CCCN(C(=O)c2noc3c2CCCC3)C1,Non-blocker,Non-blocker,0,GURFHIRJMGSZRF-LJQANCHMSA-N,GURFHIRJMGSZRF,PubChem,16190325,
Fc1ccc(-n2c(NC3CCNCC3)nc3ccccc32)cc1,Blocker,Blocker,,SYOVGKWWVAPWFQ-UHFFFAOYSA-N,SYOVGKWWVAPWFQ,eval_set_herg_70.csv,,
NC(=O)c1cnc(N[C@H]2CCCNC2)c2cc(-c3ccccc3)sc12,Non-blocker,Non-blocker,0,CXBCJDYMIUQXNZ-ZDUSSCGKSA-N,CXBCJDYMIUQXNZ,data_herg_dev,CHEMBL1287920,
O=C(Nc1ccc(OC(F)(F)Cl)cc1)c1cnc(N2CC[C@@H](O)C2)c(-c2ccn[nH]2)c1,Non-blocker,Non-blocker,0,VOVZXURTCKPRDQ-CQSZACIVSA-N,VOVZXURTCKPRDQ,data_herg_dev,,72165228
Cc1ccc(C2(c3ccc(C)c(O)c3C)CCN(C)CC2)c(C)c1O,Blocker,Blocker,1,IEBVPYMUUCMJCE-UHFFFAOYSA-N,IEBVPYMUUCMJCE,PubChem,408701,
Cc1cc(N[C@@H]2CCc3cc(F)ccc3C2)n2nc(C(C)(F)F)nc2n1,Blocker,Blocker,1,CVWRIJKCARXPJK-CQSZACIVSA-N,CVWRIJKCARXPJK,PubChem,162647387,27127993
O=C(Nc1ccccc1)c1ccc(S(=O)(=O)N2CCC(C(=O)O)CC2)cc1,Blocker,Non-blocker,0,ONWLHRWDTHFGSO-UHFFFAOYSA-N,ONWLHRWDTHFGSO,PubChem,1262719,
C[n+]1c(CCc2ccccc2)cccc1CCc1ccccc1,Blocker,Blocker,1,KLTDNTJBIMLXDF-UHFFFAOYSA-N,KLTDNTJBIMLXDF,PubChem,11178961,23473309
Cc1cc2c(s1)Nc1ccccc1N=C2N1CC[NH2+]CC1,Blocker,Non-blocker,0,FHPIXVHJEIZKJW-UHFFFAOYSA-O,FHPIXVHJEIZKJW,data_herg_dev,,
CN(C)c1nc2c(CCC34CCC(NCc5ccc6c(n5)NC(=O)CO6)(CC3)CO4)ccnc2cc1C(F)(F)F,Blocker,Blocker,1,ZJDAPEQJSXHCSQ-UHFFFAOYSA-N,ZJDAPEQJSXHCSQ,CUPID,CUPID,
C[C@H]1CN(c2c(F)c(N)c3c(c2F)[N+](C2CC2)=CC(C(=O)[O-])C3=O)C[C@@H](C)[NH2+]1,Non-blocker,Non-blocker,,ZYKYNFRMWCELGH-SLHIUPAKSA-O,ZYKYNFRMWCELGH,eval_set_herg_60.csv,,
CCCCCCCCCCCC[N+](C)(C)CCOc1ccccc1.[Br-],Blocker,Blocker,1,OJIYIVCMRYCWSE-UHFFFAOYSA-M,OJIYIVCMRYCWSE,data_herg_dev,CHEMBL486696,
N#Cc1cnccc1COc1cnc(N2CCN(c3nc(C(F)(F)F)no3)CC2)nc1,Blocker,Blocker,1,DQGIDHNMGBPXTD-UHFFFAOYSA-N,DQGIDHNMGBPXTD,PubChem,145969910,29655612
CO[C@@H]1COCC[C@@H]1N[C@@H]1CC[C@@](C(=O)N2C[C@@H]3C[C@H]2CN3C(=O)C(C)(C)C)(C(C)C)C1,Blocker,Blocker,1,GXIMVYWMBGVDMB-DQYLCSNOSA-N,GXIMVYWMBGVDMB,data_herg_dev,CHEMBL1684698,
COC1COCCC1N[C@@H]1C[C@H]2C[C@@H](C(N)=O)C[C@@]2(C(=O)N2CCc3ncc(C(F)(F)F)cc3C2)C1,Non-blocker,Non-blocker,0,WXBDMKBDBHWTKT-LAAOBZBHSA-N,WXBDMKBDBHWTKT,data_herg_dev,CHEMBL2313777,
CC(C)(C)c1ccc2nc(C(C)(C)N)[nH]c2c1,Non-blocker,Non-blocker,0,CCGUDUAICHRNSB-UHFFFAOYSA-N,CCGUDUAICHRNSB,data_herg_dev,,84626694
CCN1CCN(C(=O)/C=C/c2ccc(C)o2)CC1,Non-blocker,Non-blocker,0,JDDDFGSICKRJDW-VOTSOKGWSA-N,JDDDFGSICKRJDW,PubChem,896582,
O=C(O)CCSc1ncnc2sc(-c3ccccc3)cc12,Non-blocker,Blocker,1,FSYCCAGLTIXHAB-UHFFFAOYSA-N,FSYCCAGLTIXHAB,PubChem,1277376,
COC(=O)c1ccc(-c2ccc(Cl)cc2)nc1C,Non-blocker,Non-blocker,0,OOEFUVBZCSVRNB-UHFFFAOYSA-N,OOEFUVBZCSVRNB,PubChem,822962,
O=C(Nc1ccc(F)cn1)[C@H](CN1CC(O)C1)Oc1ncnc2c1cnn2-c1ncccc1Cl,Non-blocker,Non-blocker,0,WMXLDHOWZJLXOB-INIZCTEOSA-N,WMXLDHOWZJLXOB,data_herg_dev,CHEMBL3221516,
c1ccc(CN(c2ccc3[nH]ccc3c2)[C@@H]2CCNC2)cc1,Blocker,Blocker,1,NRIPPOKFEABEPU-GOSISDBHSA-N,NRIPPOKFEABEPU,PubChem,45271883,19592243
CN1/C(=C\C(=O)COc2ccc3c(c2)OCO3)C(C)(C)c2ccccc21,Non-blocker,Non-blocker,0,LDQQTSNLIWMABB-JMIUGGIZSA-N,LDQQTSNLIWMABB,PubChem,2435404,
Cc1cc(S(=O)(=O)N(Cc2ccccc2Cl)c2ccc3c(c2)CCC3)ccc1-n1cnnn1,Non-blocker,Non-blocker,0,CQVDNJSFDLCPMI-UHFFFAOYSA-N,CQVDNJSFDLCPMI,PubChem,1451986,
O=C1C=CC(=O)N1c1cccc(N2C(=O)C=CC2=O)c1,Blocker,Non-blocker,,IPJGAEWUPXWFPL-UHFFFAOYSA-N,IPJGAEWUPXWFPL,eval_set_herg_70.csv,,
CCOc1ccc2cc(-c3nn(CC4CCN(C(C)C)CC4)c4ncnc(N)c34)ccc2c1,Blocker,Blocker,1,WKNXCGCJMLOINR-UHFFFAOYSA-N,WKNXCGCJMLOINR,CUPID,155517811,27309760
C=CC(=O)Nc1ccc(CCn2c(=O)c(-c3cc(OC)cc(OC)c3Cl)cc3cnc(NCCN4CCN(C(C)=O)CC4)nc32)cc1,Blocker,Blocker,1,SSAQRWZRJUXBMY-UHFFFAOYSA-N,SSAQRWZRJUXBMY,data_herg_dev,CHEMBL4084708,
CC(C)CN(C(=O)C1=NN(c2ccccc2)C(=O)CC1)c1c(N)n(Cc2ccccc2)c(=O)[nH]c1=O,Non-blocker,Non-blocker,0,DKQBWYOEWVZBNI-UHFFFAOYSA-N,DKQBWYOEWVZBNI,PubChem,16303751,
CNc1cc(Nc2cnc(C#N)c(O[C@H](C)CN(C)C)n2)ncc1C1CC1,Blocker,Blocker,1,CDRJFYVQRUTQKD-GFCCVEGCSA-N,CDRJFYVQRUTQKD,PubChem,71461218,23082860
O=C(NC1CCS(=O)(=O)CC1)c1n[nH]c2ccc(-c3cccc(F)c3F)cc12,Non-blocker,Blocker,1,RLUSWBPHYRGQKM-UHFFFAOYSA-N,RLUSWBPHYRGQKM,PubChem,156018241,32435391
CN(C(=O)c1cccc(NC(=O)Cc2ccc(NC(=O)C3CCN(C(=O)C4CCCC4)CC3)cc2)c1)C1CCCC1,Non-blocker,Non-blocker,0,BHNJIHXPPBIHOQ-UHFFFAOYSA-N,BHNJIHXPPBIHOQ,PubChem,44825530,
CC(C)OC(=O)C[C@]12CN(C)C[C@](CC(=O)OC(C)C)(CN(C)C1)C2=O,Non-blocker,Non-blocker,0,NMJLENPWQKRQHH-KDURUIRLSA-N,NMJLENPWQKRQHH,PubChem,1212787,
CCn1cncc1Cn1cc(-c2ccc(Cl)c(C(F)F)c2)cn1,Blocker,Blocker,,PWOOSCZWCWFZKZ-UHFFFAOYSA-N,PWOOSCZWCWFZKZ,eval_set_herg_70.csv,,
O=C(NCCN1CCCC1)c1ccc2c(=O)n(CCc3ccccc3)c(=O)[nH]c2c1,Blocker,Non-blocker,0,WVPJAFXNQKLHTA-UHFFFAOYSA-N,WVPJAFXNQKLHTA,PubChem,3241648,
Cc1ncc(CNC2CCN(CCN3C(=O)C=CC4C3C=CC(=O)N4C)CC2)cc1C#N,Non-blocker,Non-blocker,,DXWSRDANJHTZPC-UHFFFAOYSA-N,DXWSRDANJHTZPC,eval_set_herg_70.csv,,
COc1ccc(NC(=S)NCCCn2cncc2C)cc1OCCCCC1CCNCC1,Blocker,Blocker,1,YGADFSWLKJGIKM-UHFFFAOYSA-N,YGADFSWLKJGIKM,data_herg_dev,CHEMBL4130012,
N#C[C@@H]1CCCN1C(=O)[C@@H]1CN(Cc2ccc(-c3csnn3)cc2)C[C@@H]1N,Non-blocker,Blocker,,QGXOFEQXIHYJAU-BBWFWOEESA-N,QGXOFEQXIHYJAU,eval_set_herg_70.csv,,
CCOC(=O)[C@@](NC(=O)c1ccc(OC)cc1)(OCC1(CC)COC1)C(F)(F)F,Non-blocker,Non-blocker,0,GQCGTXANJCXGEY-GOSISDBHSA-N,GQCGTXANJCXGEY,PubChem,658205,
COc1cccc(OC)c1-c1nnc(-c2cn(C)c3ccccc23)o1,Non-blocker,Non-blocker,0,QUOJXZWKBRKFRC-UHFFFAOYSA-N,QUOJXZWKBRKFRC,PubChem,647491,
O=C(NC1(c2ccccc2)CCC1)[C@@H]1CCC[C@H]1c1cc(-c2ccccc2O)on1,Blocker,Blocker,1,AXVNEUNFXDHDER-RTBURBONSA-N,AXVNEUNFXDHDER,data_herg_dev,CHEMBL585485,
Cc1cccc(C(=O)NCCNC(=O)c2ccco2)c1,Non-blocker,Non-blocker,0,UXXJEJMVFLBZHH-UHFFFAOYSA-N,UXXJEJMVFLBZHH,PubChem,6490881,
Cc1ccc(Cc2cc3c(=O)n([C@H]4CCCC[C@@H]4O)cnc3c3ccccc23)cn1,Non-blocker,Non-blocker,0,JUVQLZBJFOGEEO-GOTSBHOMSA-N,JUVQLZBJFOGEEO,data_herg_dev,CHEMBL4078588,
CC(C)(O)C#Cc1cnc2c(c1)[C@]1(COC(N)=N1)c1cc(-c3cccnc3F)ccc1O2,Blocker,Blocker,1,KAUGEXWMBITOIF-DEOSSOPVSA-N,KAUGEXWMBITOIF,data_herg_dev,CHEMBL3359762,
CNCC(Cc1cccs1)c1ccc2ccccc2c1,Blocker,Blocker,,APFLBUWSTCFNIE-UHFFFAOYSA-N,APFLBUWSTCFNIE,eval_set_herg_70.csv,,
O=C(NC1(c2ccccc2)CC(F)(F)C1)[C@@H]1CCC[C@H]1c1cc(-c2ccccc2)on1,Blocker,Blocker,1,ZCDLSYXGSMDOJD-WOJBJXKFSA-N,ZCDLSYXGSMDOJD,data_herg_dev,CHEMBL567518,
O=C(C1CCC1)N1CCN(c2ccnc3cc(Cl)ccc23)CC1,Non-blocker,Non-blocker,0,LQMPHJLROVSMNQ-UHFFFAOYSA-N,LQMPHJLROVSMNQ,PubChem,2823686,
CCOC(=O)c1ccc(NC(=O)CSc2nc3c(c(=O)n2CC)S[C@H](C)C3)cc1,Non-blocker,Non-blocker,0,YGXUEOHWDHXMQX-GFCCVEGCSA-N,YGXUEOHWDHXMQX,PubChem,3373842,
Cc1ncc([N+](=O)[O-])n1C[C@@H](C)O,Non-blocker,Non-blocker,0,KPQZUUQMTUIKBP-RXMQYKEDSA-N,KPQZUUQMTUIKBP,PubChem,71815,
CCN1CCC(N(C(=O)NCc2ccc(Cl)c(Cl)c2)c2ccc(Br)cc2)CC1,Blocker,Blocker,1,MKHLHHYHLOXGTK-UHFFFAOYSA-N,MKHLHHYHLOXGTK,data_herg_dev,CHEMBL1092753,
C[C@@H]1CN(S(=O)(=O)c2cccc(C(=O)Nc3ccc(N4CCCCC4)cc3)c2)C[C@@H](C)O1,Non-blocker,Non-blocker,0,MAHJMJGRLHBKEO-RTBURBONSA-N,MAHJMJGRLHBKEO,PubChem,16314882,
O=C(Nc1cccc(S(=O)(=O)N2CCOCC2)c1)c1cc2ccccc2o1,Non-blocker,Non-blocker,0,SNJBIGLSARYXTG-UHFFFAOYSA-N,SNJBIGLSARYXTG,PubChem,4799275,
CC[N+](CC)(CC)CC,Non-blocker,Non-blocker,,CBXCPBUEXACCNR-UHFFFAOYSA-N,CBXCPBUEXACCNR,eval_set_herg_60.csv,,
O=C1C=C/C(=c2/ccc3n[nH]/c(=C4/C=NC=C(O[C@H]5CNCCC56CC6)N4)c3c2)C(F)=C1,Blocker,Blocker,,AZIINZOWMGPPBZ-OAEYXCGJSA-N,AZIINZOWMGPPBZ,eval_set_herg_60.csv,,
O=c1nc(-c2ccc(C(F)(F)F)cc2)[nH]c2c1CSCC2,Non-blocker,Non-blocker,,KLGQSVMIPOVQAX-UHFFFAOYSA-N,KLGQSVMIPOVQAX,eval_set_herg_60.csv,,
COc1ccc2ncc(F)c(CC[C@]34CC[C@](N(C)Cc5ccc6c(n5)NC(=O)CO6)(CC3)CO4)c2n1,Blocker,Blocker,1,OMACOKVQYCDGSH-MCZWQBSQSA-N,OMACOKVQYCDGSH,PubChem,71181325,26141771
CSc1ccccc1C(=O)N(C1CCC1)[C@H]1CCNC1,Blocker,Non-blocker,0,VLCYASXBDSCXJI-ZDUSSCGKSA-N,VLCYASXBDSCXJI,data_herg_dev,CHEMBL541196,
O=C1Nc2ccc(Cl)cc2C(c2ccccc2Cl)=NC1O,Non-blocker,Non-blocker,0,DIWRORZWFLOCLC-UHFFFAOYSA-N,DIWRORZWFLOCLC,data_herg_dev,,3958
CCCCC/C=C\C=C\C(=O)OCC,Non-blocker,Non-blocker,0,OPCRGEVPIBLWAY-QNRZBPGKSA-N,OPCRGEVPIBLWAY,data_herg_dev,,5281162
O=C(CN1CCN(c2ccc(Cl)cc2)CC1)Nc1ccc(F)c(F)c1,Non-blocker,Non-blocker,0,QATJTGDMWFQPQZ-UHFFFAOYSA-N,QATJTGDMWFQPQZ,PubChem,3239543,
CN(C)C1(CNC(=O)c2cc(S(=O)(=O)N(C)Cc3ccccc3)ccc2Cl)CCCCC1,Non-blocker,Non-blocker,0,IWJKGPBZZCJYQP-UHFFFAOYSA-N,IWJKGPBZZCJYQP,PubChem,24978869,
COC[C@H](CCc1ccc(Cl)c(Cl)c1)N1Cc2ccc(F)cc2C1,Blocker,Blocker,,GAVBLSFCTDBORN-KRWDZBQOSA-N,GAVBLSFCTDBORN,eval_set_herg_60.csv,,
CC1(C)Oc2ccc(Cl)cc2C2OCC3(CCN(CCn4ccnc4)CC3)CC21,Blocker,Blocker,1,UHECCAWIUVNSLL-UHFFFAOYSA-N,UHECCAWIUVNSLL,data_herg_dev,,
O=C(Nc1ccccc1)N1N=C(c2ccc(Br)cc2)CC1c1ccc(F)cc1,Blocker,Blocker,1,VFXSQHCHKHAECA-UHFFFAOYSA-N,VFXSQHCHKHAECA,data_herg_dev,CHEMBL3901517,
Cc1c(NC(=S)NC(C)(C)C)c(=O)n(-c2ccccc2)n1C,Non-blocker,Non-blocker,0,UZQVADXJNFKINJ-UHFFFAOYSA-N,UZQVADXJNFKINJ,PubChem,872748,
CC(C)N(C(=O)Cn1c(SCC(=O)NCc2ccc3c(c2)OCO3)nc2ccccc21)C(C)C,Non-blocker,Non-blocker,0,HYBXAZNCQUCBDX-UHFFFAOYSA-N,HYBXAZNCQUCBDX,PubChem,1440862,
O=C(NC1CCN(Cc2ccn(-c3ccc(C(F)(F)F)cc3)c2)CC1)N1CC(N2CCS(=O)(=O)CC2)C1,Non-blocker,Non-blocker,0,LLTORSDCOKMLEJ-UHFFFAOYSA-N,LLTORSDCOKMLEJ,data_herg_dev,CHEMBL555135,
CC(=O)c1c(S)nc(-c2ccccc2)nc1NC(=O)c1ccccc1,Non-blocker,Blocker,1,RKNWDNVKVPSWCW-UHFFFAOYSA-N,RKNWDNVKVPSWCW,PubChem,3327769,
COc1cc2c(cc1OC)-c1c/c(=N\c3c(C)cc(C)cc3C)n(C)c(=O)n1CC2.Cl,Non-blocker,Non-blocker,0,DTCZZBVPTHVXFA-OSMRDGEFSA-N,DTCZZBVPTHVXFA,data_herg_dev,CHEMBL1256910,
COc1ccc(NC(=O)CNC(=O)Cc2cccc3ccccc23)c(OC)c1,Non-blocker,Non-blocker,0,ZRHKWBNBFNAPDK-UHFFFAOYSA-N,ZRHKWBNBFNAPDK,PubChem,24979702,
Cc1nc(C(=O)Nc2ccnc(Cl)n2)c(C)n1-c1ccc(F)cc1,Non-blocker,Blocker,1,XPFKYNBOVJBSDC-UHFFFAOYSA-N,XPFKYNBOVJBSDC,data_herg_dev,CHEMBL2346737,
O=c1oc2cc(O)ccc2c2oc3ccc(O)c(CN4CCC(F)CC4)c3c12,Blocker,Blocker,1,LGQUGSNVIXYSKO-UHFFFAOYSA-N,LGQUGSNVIXYSKO,PubChem,168272637,36174223
Cc1ccc2c(-c3nnc(SCCCN4CC5CC5(c5ccc(Cl)c(Cl)c5)C4)n3C)cccc2n1,Blocker,Blocker,1,URICTYNITRPTLS-UHFFFAOYSA-N,URICTYNITRPTLS,PubChem,CUPID,
CN(C)C[C@H](c1ccc2ccccc2c1)[C@H](O)c1cccs1,Blocker,Blocker,,JJMQUHWUNDSOBS-MJGOQNOKSA-N,JJMQUHWUNDSOBS,eval_set_herg_70.csv,,
CC(C)N(CCN(C(=O)Nc1cc(Cl)nc(Cl)c1)[C@@H]1CC[C@]2(c3cccc(C#N)c3)CC2C1)[C@@H](C)CO,Blocker,Blocker,1,TXPQYEZOXGNXCS-GCXYMYSSSA-N,TXPQYEZOXGNXCS,data_herg_dev,CHEMBL229171,
CCOc1cccc(Nc2ccc([N+](=O)[O-])cn2)c1,Non-blocker,Non-blocker,0,BDSJUNAVBMUSQD-UHFFFAOYSA-N,BDSJUNAVBMUSQD,PubChem,2849132,
N[C@H]1CN(C(=O)c2cc3ccccc3cn2)C[C@H]1C(=O)N1CCCC1,Non-blocker,Non-blocker,,GDAWAZUHXHQFEX-CVEARBPZSA-N,GDAWAZUHXHQFEX,eval_set_herg_70.csv,,
C/C(=N/NC(=O)c1ccc(Br)s1)c1ccncc1,Non-blocker,Non-blocker,0,LEXOTFKKIMTANP-NVNXTCNLSA-N,LEXOTFKKIMTANP,PubChem,25237459,
O=C(/C=C/c1ccc2c(c1)C(=O)CC1(CCN(Cc3ccc(F)cc3)CC1)O2)NO,Blocker,Blocker,1,NFMBFEXVERYBMM-XBXARRHUSA-N,NFMBFEXVERYBMM,PubChem,57412107,23644210
CC(C)[C@]1(C)CC(=O)N(Cc2cc(F)cc(N3C[C@@H](c4ccccc4)CC3=O)c2)C(=N)N1,Blocker,Blocker,1,HVNPDEJERIVIHY-DFBJGRDBSA-N,HVNPDEJERIVIHY,data_herg_dev,CHEMBL3401344,
COc1ccc2c(c1O)-c1cccc3c1[C@@H](C2)N(C)CC3.Cl,Blocker,Blocker,1,NIWCFXFECXNXGD-PFEQFJNWSA-N,NIWCFXFECXNXGD,data_herg_dev,CHEMBL1256735,
N#Cc1ccc(N2CCN(C(=O)CCS(=O)(=O)c3cccc4ncsc34)CC2)nc1,Non-blocker,Non-blocker,0,YCZMXNBMLMZLIY-UHFFFAOYSA-N,YCZMXNBMLMZLIY,data_herg_dev,CHEMBL4760610,
Cc1cc(OCc2nc(-c3ccncc3)no2)cc(C)c1Cl,Non-blocker,Non-blocker,0,XVSWJBRMACOBTP-UHFFFAOYSA-N,XVSWJBRMACOBTP,PubChem,706146,
CC(=O)N1CCN(c2cccc(-c3cc(Br)c4c(N)ncnn34)c2)C(=O)C1(C)C,Blocker,Blocker,1,XXAVMCPRJUMLMZ-UHFFFAOYSA-N,XXAVMCPRJUMLMZ,data_herg_dev,CHEMBL4066316,
O=C(O)[C@@H]1C=C(O)N(c2ccc(OCc3ccc(Br)cc3)cc2)C1,Non-blocker,Non-blocker,0,INNWWQTZXSJWGN-CYBMUJFWSA-N,INNWWQTZXSJWGN,PubChem,3676271,
N#CC(=C1C=C(Br)C(=NO)C=C1Cl)c1cccc2ccccc12,Blocker,Non-blocker,0,BJDKZONPNOGIEO-UHFFFAOYSA-N,BJDKZONPNOGIEO,PubChem,286266,
Cn1ncc(Cl)c1-c1cc(C(=O)N[C@@H]2CN[C@H](CC(N)=O)C[C@H]2c2ccc(Cl)c(Cl)c2)oc1Cl,Blocker,Blocker,1,WBSIGNSYHUWOKA-NVGCLXPQSA-N,WBSIGNSYHUWOKA,data_herg_dev,CHEMBL4438877,
C[C@H](c1ccc(F)cc1)N(Cc1cccc(C(=O)O)c1)C(=O)c1cnc2ccccc2c1,Blocker,Non-blocker,0,BXNMZRPTQFVRFA-QGZVFWFLSA-N,BXNMZRPTQFVRFA,data_herg_dev,CHEMBL3577885,
CNC(=O)[C@@]12C[C@@H]1[C@@H](n1cnc3c(NC)nc(C#Cc4ccco4)nc31)[C@H](O)[C@@H]2O,Non-blocker,Blocker,1,REGVNYFRZZOKQV-NQWXTVAOSA-N,REGVNYFRZZOKQV,data_herg_dev,CHEMBL3407778,
[H]/N=C(\c1ccc(C(=O)Nc2ccc(Sc3ccc(C(=O)O)cc3)cc2C(=O)Nc2ccc(Cl)cn2)cc1)N(C)C,Blocker,Blocker,1,CUSCSOGEMCLGCL-GKPLWNPISA-N,CUSCSOGEMCLGCL,PubChem,44419108,16931010
C=CCc1cc(Cl)ccc1OCCOCCNC(C)(C)C,Blocker,Non-blocker,0,HTVVDYYDPMZDDC-UHFFFAOYSA-N,HTVVDYYDPMZDDC,PubChem,2924418,
O=C(C[C@@H]1C(=O)NCCN1Cc1ccoc1)NCc1cccc(OC(F)(F)F)c1,Non-blocker,Non-blocker,0,MPPBMGVBKVMUMD-MRXNPFEDSA-N,MPPBMGVBKVMUMD,PubChem,16190822,
Cc1cc(CN(C)C)ccc1C(=O)Cn1ncc(OCc2ccc(Br)cn2)cc1=O,Blocker,Blocker,1,INGZNLDLRVUFIB-UHFFFAOYSA-N,INGZNLDLRVUFIB,data_herg_dev,CHEMBL3601376,
CCN(CC)c1ccc(/C=N/c2ccc(C#N)cc2)c(O)c1,Non-blocker,Non-blocker,0,PPBBWBWEKMLMHL-DEDYPNTBSA-N,PPBBWBWEKMLMHL,PubChem,788959,
CC1CCN(Cc2c(O)ccc3cc(-c4nc5ccccc5s4)c(=O)oc23)CC1,Non-blocker,Non-blocker,0,WKMNOOGFBWXMIY-UHFFFAOYSA-N,WKMNOOGFBWXMIY,data_herg_dev,CHEMBL582495,
O=C(OCc1ccccc1)N1CCC(CNc2ncccn2)CC1,Blocker,Blocker,1,RBKBGIONDAWNLO-UHFFFAOYSA-N,RBKBGIONDAWNLO,data_herg_dev,,
CCC(NC(=O)c1ccc(Cl)cc1)C1C2CC(n3cnc4cc(F)ccc43)CC21,Blocker,Blocker,1,MYCSOYFHSBECSR-UHFFFAOYSA-N,MYCSOYFHSBECSR,CUPID,CUPID,
C[C@@H]1CCCN1CCc1ccc2cc(-n3ncccc3=O)ccc2c1,Blocker,Blocker,,YBHLETUAEBDXIP-MRXNPFEDSA-N,YBHLETUAEBDXIP,eval_set_herg_60.csv,,
N[C@H]1CN(C(=O)c2cc3cc(Cl)ccc3o2)C[C@H]1C(=O)N1CCCC1,Non-blocker,Non-blocker,,OXMNNXNJYBRVAW-KGLIPLIRSA-N,OXMNNXNJYBRVAW,eval_set_herg_60.csv,,
Fc1cccc(Oc2cc(C(F)(F)F)nc(N3CCC4(CC3)CNCC(F)(F)O4)n2)c1,Blocker,Blocker,,RYIWMFCNGOZYFZ-UHFFFAOYSA-N,RYIWMFCNGOZYFZ,eval_set_herg_70.csv,,
C[C@@H]1COCCN1c1cc(C2(S(C)(=O)=O)CC2)nc(-c2cccc3[nH]ccc23)n1,Non-blocker,Non-blocker,0,SCGCBAAYLFTIJU-CQSZACIVSA-N,SCGCBAAYLFTIJU,data_herg_dev,CHEMBL2325697,
CC(=O)Nc1cccc(Nc2ncnc(N3CCC(Oc4ccc(C(F)(F)F)cc4)CC3)n2)c1C,Blocker,Blocker,1,SSYPIIPRUWAYCB-UHFFFAOYSA-N,SSYPIIPRUWAYCB,CUPID,53362558,21634377
O=C(c1ccc(Cl)o1)N1CC2CNCC(C2)C1,Non-blocker,Blocker,1,AFIZEQKQIKDZQH-UHFFFAOYSA-N,AFIZEQKQIKDZQH,data_herg_dev,CHEMBL2179543,
CN1CCN(c2nc3cc(C(F)(F)F)ccc3n3cccc23)CC1.O=C(O)/C=C\C(=O)O,Non-blocker,Blocker,1,ZBPAHEUAJMCLRD-BTJKTKAUSA-N,ZBPAHEUAJMCLRD,data_herg_dev,CHEMBL1256689,
CS(=O)(=O)N1CCN=C1SCc1ccccc1,Non-blocker,Non-blocker,0,WFOYMSDJTZLOAI-UHFFFAOYSA-N,WFOYMSDJTZLOAI,PubChem,2148558,
CS(=O)(=O)c1cccc(-c2cnn(Cc3cc[nH]n3)c2)c1,Blocker,Blocker,,RAFYHYBKKVGIIK-UHFFFAOYSA-N,RAFYHYBKKVGIIK,eval_set_herg_70.csv,,
O=C(NCCO)c1ccccc1Oc1ncc(Cl)cc1NS(=O)(=O)c1ccc(Cl)c(Cl)c1,Non-blocker,Non-blocker,0,JPSNCFIAJUMDJJ-UHFFFAOYSA-N,JPSNCFIAJUMDJJ,data_herg_dev,CHEMBL1169660,
CC(C)(C)OC(=O)NCCCN(Cc1cncn1Cc1ccc(C#N)cc1)C1CCN(Cc2ccccc2)C1=O,Blocker,Blocker,1,SLYBJCUKCICSBD-UHFFFAOYSA-N,SLYBJCUKCICSBD,CUPID,CUPID,
CCOc1ccccc1NC(=O)C1CCN(C(=O)NCc2ccccc2)CC1,Non-blocker,Non-blocker,0,DDERTTDOTBXLMN-UHFFFAOYSA-N,DDERTTDOTBXLMN,PubChem,3222770,
O=[N+]([O-])c1cccc(/C(O)=N/c2nnc(-c3ccc(F)cc3)o2)c1,Non-blocker,Non-blocker,0,IIZXTDRKWVLPNT-UHFFFAOYSA-N,IIZXTDRKWVLPNT,PubChem,5187457,
C[C@@H](n1cnc2cc(Cl)ccc2c1=O)[C@](O)(Cn1cncn1)c1ccc(F)cc1F,Non-blocker,Non-blocker,,UHIXWHUVLCAJQL-MPBGBICISA-N,UHIXWHUVLCAJQL,eval_set_herg_60.csv,,
CCN(C(=O)Cc1ccc(S(C)(=O)=O)cc1)C1CCN(Cc2ccc(C(F)(F)F)cc2)CC1,Blocker,Blocker,1,AFJBIEFMCXULHJ-UHFFFAOYSA-N,AFJBIEFMCXULHJ,CUPID,70680969,22061639
CC1(C)CCC(Cc2ccc(Cl)cc2)C1(O)Cn1cncn1,Non-blocker,Non-blocker,,XWPZUHJBOLQNMN-UHFFFAOYSA-N,XWPZUHJBOLQNMN,eval_set_herg_70.csv,,
CCOC(=O)c1c(-c2ccc(N(C)C)cc2)csc1N,Blocker,Blocker,1,YAZWNGDLKIJVLM-UHFFFAOYSA-N,YAZWNGDLKIJVLM,data_herg_dev,CHEMBL2393448,
Cc1cccc(-[n+]2nc([N+](=O)[O-])c(NC3CCN(Cc4ccccc4)CC3)n2O)c1,Blocker,Non-blocker,0,ZSEYFLVXUDVIEZ-UHFFFAOYSA-O,ZSEYFLVXUDVIEZ,PubChem,16193114,
C[C@@H]1Cn2ncc(C3CCN(S(C)(=O)=O)CC3)c2CN1c1ccnc2[nH]ccc12,Non-blocker,Non-blocker,0,RUBCMYKDFDSVRG-CQSZACIVSA-N,RUBCMYKDFDSVRG,data_herg_dev,CHEMBL3355073,
CN[C@H]1CC[C@@H](c2ccc(Cl)c(Cl)c2)c2ccccc21.Cl,Non-blocker,Blocker,1,BLFQGGGGFNSJKA-XHXSRVRCSA-N,BLFQGGGGFNSJKA,data_herg_dev,CHEMBL1709,
COC(=O)N1CC[C@H](N(Cc2cccc(F)c2F)c2ccc(C#N)c(Cl)c2)C1,Non-blocker,Blocker,,FKSOCJRHXHEXDT-INIZCTEOSA-N,FKSOCJRHXHEXDT,eval_set_herg_60.csv,,
Cc1ccc(S(=O)(=O)/N=C(/Sc2ccccc2C(=O)O)c2ccccc2)cc1,Non-blocker,Non-blocker,0,HSPPBCOQOOMBEU-LSDHQDQOSA-N,HSPPBCOQOOMBEU,PubChem,5507631,
O=C(Nc1ccc(N2CCN(C(=O)C3CC3)CC2)cc1)c1nc(-c2ccccc2)oc1C(F)(F)F,Blocker,Blocker,1,YXDRJLUCGLPAOL-UHFFFAOYSA-N,YXDRJLUCGLPAOL,data_herg_dev,CHEMBL1766892,
CCOc1ccc(C(C)C)cc1S(=O)(=O)N1CCOCC1,Non-blocker,Non-blocker,0,UTKLFCYTBLMXAG-UHFFFAOYSA-N,UTKLFCYTBLMXAG,PubChem,850074,
COc1nc2ccccc2cc1[C@@H](c1ccccc1)[C@](O)(CCN(C)C)c1cccc2ccccc12,Blocker,Blocker,1,NKAVROHGKCODSQ-BHYZAODMSA-N,NKAVROHGKCODSQ,PubChem,49767138,29057044
CN1CCC(NC(=O)c2cccn3c(=O)c4ccc5ccccc5c4nc23)CC1,Blocker,Blocker,1,GILGKICYVDVCLZ-UHFFFAOYSA-N,GILGKICYVDVCLZ,CUPID,166635953,35450366
O=C(COC(=O)c1cc(S(=O)(=O)N2CCCC2)ccc1O)Nc1ccc(S(=O)(=O)N2CCOCC2)cc1,Non-blocker,Non-blocker,0,QWJPWZFRYMAAFU-UHFFFAOYSA-N,QWJPWZFRYMAAFU,PubChem,3970101,
Cc1coc2c1C(=O)C(=O)c1c-2ccc2c1CCCC2(C)C,Non-blocker,Non-blocker,,HYXITZLLTYIPOF-UHFFFAOYSA-N,HYXITZLLTYIPOF,eval_set_herg_60.csv,,
CC(CO)c1ccccc1,Non-blocker,Non-blocker,0,RNDNSYIPLPAXAZ-UHFFFAOYSA-N,RNDNSYIPLPAXAZ,data_herg_dev,,14295
Cc1cc[n+](CC(=O)Nc2ccccc2)cc1,Non-blocker,Non-blocker,0,SNEMDTCMHCATEI-UHFFFAOYSA-O,SNEMDTCMHCATEI,PubChem,24746844,
COC(=O)COc1ccc([C@H]2NC(=O)NC(c3ccccc3)=C2C(C)=O)cc1Br,Non-blocker,Non-blocker,0,CZLGAIBOTMFVDJ-HXUWFJFHSA-N,CZLGAIBOTMFVDJ,PubChem,2978916,
CCC(COC(=O)c1cc(OC)c(OC)c(OC)c1)(c1ccccc1)N(C)C.O=C(O)/C=C\C(=O)O,Non-blocker,Non-blocker,,FSRLGULMGJGKGI-BTJKTKAUSA-N,FSRLGULMGJGKGI,eval_set_herg_70.csv,,
CC(/C=N/NC(=O)c1cc(-c2ccccc2)nc2ccccc12)=C\c1ccco1,Non-blocker,Non-blocker,0,KJRSOBPNPHVCBC-HKGZSDAISA-N,KJRSOBPNPHVCBC,PubChem,6873142,
O=C1c2c(O)ccc(Nc3ccc(CCO)cc3)c2C(=O)c2c([N+](=O)[O-])ccc(O)c21,Non-blocker,Non-blocker,0,VOCYGZAHYQXJOF-UHFFFAOYSA-N,VOCYGZAHYQXJOF,data_herg_dev,,5360487
CC(C)(C)OC(=O)N1CCCN(C(=O)Nc2ccccc2)CC1,Non-blocker,Non-blocker,0,SYYLBPKUIJDLNC-UHFFFAOYSA-N,SYYLBPKUIJDLNC,PubChem,2815750,
Cc1cccc(NC(=O)c2cc(=O)c3ccccc3o2)n1,Non-blocker,Non-blocker,0,SIJCJORFQGILKX-UHFFFAOYSA-N,SIJCJORFQGILKX,PubChem,2312902,
FC(F)(F)c1cccc(-c2c[nH]c(-c3ccccc3)n2)c1,Blocker,Blocker,,FFLKPRMUNQCFGJ-UHFFFAOYSA-N,FFLKPRMUNQCFGJ,eval_set_herg_60.csv,,
COc1cccc(/C=C(/C(=O)OCC(=O)NC[C@H]2CCCO2)c2ccccc2)c1,Non-blocker,Non-blocker,0,HOHRJVUMEDOOHD-DOAWATSRSA-N,HOHRJVUMEDOOHD,PubChem,6223703,
CCOc1ncc(-c2nc(C(F)(F)F)sc2N2CCN(C(=O)Cn3nccc3C)[C@H](C)C2)cn1,Blocker,Blocker,1,SQQCZTRSSXULOZ-CQSZACIVSA-N,SQQCZTRSSXULOZ,PubChem,168280397,35947786
O=C(c1ccc(F)cc1)N1CCc2nc(COc3cccc(F)c3)oc2C1,Non-blocker,Blocker,1,AMAVJINBCBZRCC-UHFFFAOYSA-N,AMAVJINBCBZRCC,data_herg_dev,CHEMBL3605277,
CCc1cccc(C)c1NC(=O)CN1C(=O)N[C@H](Cc2ccccc2)C1=O,Non-blocker,Non-blocker,0,GQMUBGWEFRSNFE-QGZVFWFLSA-N,GQMUBGWEFRSNFE,PubChem,3929571,
COc1ccc(NC(=O)COc2coc(CN3CCN(c4ccccc4)CC3)cc2=O)cc1,Non-blocker,Non-blocker,0,KJBGDPRHAHSJNG-UHFFFAOYSA-N,KJBGDPRHAHSJNG,PubChem,16802992,
O=C(CSc1n[nH]c(-c2ccc(S(=O)(=O)N3CCCCC3)cc2)n1)Nc1nccs1,Non-blocker,Blocker,1,STBDGRDQNSSTBD-UHFFFAOYSA-N,STBDGRDQNSSTBD,PubChem,644597,
COc1ccc(-c2ccc3[nH]c4c(c3c2)CCN2C(=O)[C@@H]([C@H](C)O)[C@@H](N(C)C(=O)Nc3ccccc3)C[C@@H]42)cc1,Non-blocker,Non-blocker,0,BHHYKHQMTPDSSF-KKBDGGKNSA-N,BHHYKHQMTPDSSF,PubChem,46902338,
CCN(CC)CCNC(=O)c1ccnc(-c2cnn3ccc(-c4cccs4)nc23)c1,Blocker,Blocker,1,KSXZIQVIDPCSIU-UHFFFAOYSA-N,KSXZIQVIDPCSIU,CUPID,134539527,29254643
NS(=O)(=O)c1cc(Nc2cc(Oc3cn(C4CC4)nc3C3CCOCC3)ccn2)ccc1F,Blocker,Non-blocker,0,WDKDULZYHWXVIZ-UHFFFAOYSA-N,WDKDULZYHWXVIZ,data_herg_dev,CHEMBL4646566,
N#CN=C(NCc1ccccc1)NN1CCC(CNc2ncccn2)CC1,Non-blocker,Blocker,,ZDRPBJDDRMAOKL-UHFFFAOYSA-N,ZDRPBJDDRMAOKL,eval_set_herg_60.csv,,
O/N=C1\CCCCc2ccccc21,Non-blocker,Non-blocker,0,ADICYZCHPFSRFC-VAWYXSNFSA-N,ADICYZCHPFSRFC,PubChem,5381210,
CC[C@@H](C)c1ccc(NC(=O)c2cccnc2)cc1,Non-blocker,Non-blocker,0,SUEPHJZWOCMERQ-GFCCVEGCSA-N,SUEPHJZWOCMERQ,PubChem,2842749,
Nc1ncc(-c2nc(N3CCOCC3)c3ncn(CCCCCCC(=O)NO)c3n2)cn1,Non-blocker,Non-blocker,0,SHWBIBURMMWDKZ-UHFFFAOYSA-N,SHWBIBURMMWDKZ,data_herg_dev,CHEMBL4787267,
CCC(COC(=O)c1cc(OC)c(OC)c(OC)c1)(c1ccccc1)[NH+](C)C,Non-blocker,Non-blocker,,LORDFXWUHHSAQU-UHFFFAOYSA-O,LORDFXWUHHSAQU,eval_set_herg_70.csv,,
CCOc1ccc(CCNC(=O)CN2C(=O)c3cccnc3Oc3ccc(C)cc32)cc1OCC,Non-blocker,Non-blocker,0,INFVULGQYLHMBR-UHFFFAOYSA-N,INFVULGQYLHMBR,PubChem,16021192,
COC(=O)C1=C(C)NC(C)=C(C(=O)NC[C@H]2CCN(CCc3ccc(OC(F)(F)F)c(F)c3)C2)[C@H]1c1cccc([N+](=O)[O-])c1,Blocker,Blocker,1,VSYULMBPKAEEJV-NFQMXDRXSA-N,VSYULMBPKAEEJV,PubChem,153635933,30928197
CN1CCC(NC(=O)c2cnc(NCc3cc(Cl)ccc3Cl)nc2NC2CCNCC2)CC1,Blocker,Blocker,1,PESSXKPMVDCNQD-UHFFFAOYSA-N,PESSXKPMVDCNQD,data_herg_dev,CHEMBL2312647,
C[C@H](Cc1ccc([N+](=O)[O-])cc1)N1CCN(CCc2ccc([N+](=O)[O-])cc2)CC1,Blocker,Blocker,1,SFKBOTCVPFRCEE-QGZVFWFLSA-N,SFKBOTCVPFRCEE,PubChem,71458215,24900480
Cn1cnc(C(=O)N(Cc2cccc(OC(F)(F)F)c2)[C@H]2C[C@@H]3CN(C[C@H](O)c4ccccc4)C[C@@H]3C2)c1,Blocker,Blocker,1,KYCWFOMNQICMSP-JTKRFKOTSA-N,KYCWFOMNQICMSP,PubChem,46231148,20045321
CCCCOc1ccc(/C=c2\sc3ncnn3c2=O)cc1,Non-blocker,Non-blocker,0,ICMFAXCJZSLDPQ-LCYFTJDESA-N,ICMFAXCJZSLDPQ,PubChem,1600478,
CN(C)c1nc(N)c(C(=O)N=C(N)N)nc1Cl.Cl,Blocker,Non-blocker,,IIUPTHVVXMBJMQ-UHFFFAOYSA-N,IIUPTHVVXMBJMQ,eval_set_herg_70.csv,,
CC(C)Cn1c(=O)c2ccccc2n2c(CCC(=O)NC3CCN(Cc4ccccc4)CC3)nnc12,Non-blocker,Non-blocker,0,YGNHZYXSYRATQZ-UHFFFAOYSA-N,YGNHZYXSYRATQZ,PubChem,20881143,
CO[C@H]1C[C@@H](n2c(=O)n(C)c3cnc4ccc(-c5ccc(OCCCN6CCCC6)nc5)cc4c32)C1,Non-blocker,Non-blocker,0,OPNZWUZVFPAJIO-SZPZYZBQSA-N,OPNZWUZVFPAJIO,data_herg_dev,CHEMBL3936943,
Cc1c(NC(=O)[C@@H](C)OC(=O)/C=C/c2ccc(OC(F)F)cc2)c(=O)n(-c2ccccc2)n1C,Non-blocker,Non-blocker,0,DVKNJUDRHAYEPS-WSYSLRRZSA-N,DVKNJUDRHAYEPS,PubChem,24686295,
Cc1cc(C(=O)OCC(=O)N2c3ccccc3C[C@H]2C)c(C)o1,Non-blocker,Non-blocker,0,GKTOPKOFHOFTFU-LLVKDONJSA-N,GKTOPKOFHOFTFU,PubChem,2997857,
COc1ccc(Cn2c(C3CCCN(C4CCOCC4)C3)nc3ccccc32)cc1,Blocker,Blocker,1,WLXTZKAROJEVMI-UHFFFAOYSA-N,WLXTZKAROJEVMI,data_herg_dev,CHEMBL1094852,
CNCc1cc(F)ccc1Oc1ccc(F)c(Cl)c1,Blocker,Blocker,1,HJIWIMXZBPSSTO-UHFFFAOYSA-N,HJIWIMXZBPSSTO,CUPID,9835490,18948001
CCNC(=O)Nc1cc2c(-c3ccnc(C)c3)ccc(CNC(=O)OC3CCNCC3(F)F)c2cn1,Blocker,Blocker,1,CEDOAZZFPILAKJ-UHFFFAOYSA-N,CEDOAZZFPILAKJ,data_herg_dev,CHEMBL4091332,
COc1ccc(F)cc1CN1CCN(C(=O)CCC(=O)Nc2nnc(C3CCCCC3)s2)CC1,Non-blocker,Non-blocker,0,DVESCTLOTGLOEN-UHFFFAOYSA-N,DVESCTLOTGLOEN,PubChem,3915892,
CC(C)OC(=O)CC(=O)CSc1nc2c(cc1C#N)CCCCCC2,Non-blocker,Non-blocker,0,GHGHIKGBNIZCFJ-UHFFFAOYSA-N,GHGHIKGBNIZCFJ,PubChem,1774193,
CCCCC[C@@H](C)OC(=O)COc1ccc(Cl)c2cccnc12,Non-blocker,Blocker,1,COYBRKAVBMYYSF-CYBMUJFWSA-N,COYBRKAVBMYYSF,PubChem,93528,
OC(c1ccc(-c2ncnc3cc(N4CCOCC4)ccc23)s1)c1nccs1,Non-blocker,Non-blocker,,VURHFAWQGNOLNC-UHFFFAOYSA-N,VURHFAWQGNOLNC,eval_set_herg_70.csv,,
CC(C)(C)C(=O)OCC(=O)[C@H]1CC[C@H]2[C@@H]3CCC4=CC(=O)CC[C@]4(C)[C@H]3CC[C@]12C,Non-blocker,Non-blocker,,VVOIQBFMTVCINR-WWMZEODYSA-N,VVOIQBFMTVCINR,eval_set_herg_70.csv,,
Cc1cnc(NCC(F)(F)c2ccccc2)c(=O)n1CC(=O)NCCONC(=N)N,Blocker,Blocker,1,IDCKXHIGLKQWMM-UHFFFAOYSA-N,IDCKXHIGLKQWMM,data_herg_dev,CHEMBL1083499,
Cc1cccc(CN2CCN(C(c3ccccc3)c3ccc(Cl)cc3)CC2)c1.Cl.Cl,Blocker,Blocker,,VCTHNOIYJIXQLV-UHFFFAOYSA-N,VCTHNOIYJIXQLV,eval_set_herg_70.csv,,
CN(C)S(=O)(=O)Nc1ccc2ccc3ncc(-c4cnn(C)c4)cc3c(=O)c2c1,Non-blocker,Non-blocker,0,AYNVIPPTDMPZRW-UHFFFAOYSA-N,AYNVIPPTDMPZRW,data_herg_dev,CHEMBL1802829,
O=C(c1ccc(Cl)cc1)C1CCN(CCc2cccc3ccccc23)CC1,Blocker,Blocker,,NJLDOSAEUCCBKH-UHFFFAOYSA-N,NJLDOSAEUCCBKH,eval_set_herg_70.csv,,
COc1cc(-c2cn(C3CCCCNC3=O)nn2)ccc1-n1cnc(C)c1,Blocker,Non-blocker,0,DZHNUHFOOBQJNH-UHFFFAOYSA-N,DZHNUHFOOBQJNH,data_herg_dev,CHEMBL2017568,
Nc1ccc(-c2ccc(F)cc2)cc1NC(=O)c1ccc(N2CCNCC2)cn1,Non-blocker,Blocker,,ASDVEPNKQUBZQW-UHFFFAOYSA-N,ASDVEPNKQUBZQW,eval_set_herg_70.csv,,
COc1ccc(N2CCN(CCNC(=O)CCNS(=O)(=O)c3cccs3)CC2)cc1,Non-blocker,Non-blocker,0,MSDBTLFTGOWPSR-UHFFFAOYSA-N,MSDBTLFTGOWPSR,PubChem,3242229,
Cc1ccc2ccc3cccc4ccc1c2c34,Blocker,Non-blocker,0,KBSPJIWZDWBDGM-UHFFFAOYSA-N,KBSPJIWZDWBDGM,data_herg_dev,CHEMBL1325152,
Nc1nccc2cc(CNCCc3ccccc3)ccc12,Non-blocker,Blocker,1,ACQAMOITEMIUTC-UHFFFAOYSA-N,ACQAMOITEMIUTC,PubChem,53321650,21145740
O=c1c(NCc2ccccn2)c(Nc2ccc3c(c2)CCC3)c1=O,Non-blocker,Non-blocker,0,IWJBBTNQELCBCJ-UHFFFAOYSA-N,IWJBBTNQELCBCJ,data_herg_dev,CHEMBL4784832,
O=C(NCC(=O)N1CCN(C(c2ccccc2)c2ccccc2)CC1)c1ccccc1Br,Blocker,Non-blocker,0,XERFGESMWYEBEE-UHFFFAOYSA-N,XERFGESMWYEBEE,PubChem,25603007,
COc1ccc(-c2csc3ncnc(Oc4cccc(NC(C)=O)c4)c23)cc1,Non-blocker,Non-blocker,0,XYBWIUKCLRFISN-UHFFFAOYSA-N,XYBWIUKCLRFISN,PubChem,1186229,
C[C@H](C(=O)O)c1ccc(Nc2nc(C(F)(F)F)cs2)cc1,Non-blocker,Blocker,,OUGCUPYREMACGK-ZETCQYMHSA-N,OUGCUPYREMACGK,eval_set_herg_60.csv,,
CC(C)=CCN1CC[C@@]2(C)c3cc(O)ccc3C[C@@H]1[C@@H]2C.O=C(O)CCC(=O)O,Non-blocker,Non-blocker,0,KFPNZIZLGZZGHO-DTOXXUQYSA-N,KFPNZIZLGZZGHO,data_herg_dev,,12259683
O=C(O)CNC(=S)N(Cc1ccccc1)Cc1ccccc1F,Non-blocker,Non-blocker,0,JLOGSDADAQGUGE-UHFFFAOYSA-N,JLOGSDADAQGUGE,PubChem,4661982,
CC[N+](CC)CCNC(=O)c1cc(Cl)c(N)cc1OC,Blocker,Blocker,,HYKIIMZOXRYZDB-UHFFFAOYSA-N,HYKIIMZOXRYZDB,eval_set_herg_70.csv,,
CCCCNC(=O)Nc1ccc([C@@](O)(C(=O)OC)C(F)(F)F)cc1,Non-blocker,Non-blocker,0,CFPOKRPHFYVLTK-CQSZACIVSA-N,CFPOKRPHFYVLTK,PubChem,660191,
CNCCc1ccccn1.CS(=O)(=O)O,Blocker,Blocker,1,FUWLKZQYMWTFBA-UHFFFAOYSA-N,FUWLKZQYMWTFBA,data_herg_dev,,6420033
Nc1nc(N)c2nc(-c3ccccc3)c(N)nc2n1,Non-blocker,Non-blocker,0,FNYLWPVRPXGIIP-UHFFFAOYSA-N,FNYLWPVRPXGIIP,data_herg_dev,CHEMBL585,
COc1ccc(C(=O)c2c3ccccc3[n+]([O-])n2CCCN)cc1,Blocker,Non-blocker,0,FHWHZPXTGJSPSM-UHFFFAOYSA-N,FHWHZPXTGJSPSM,PubChem,24979715,
Cn1ccc([C@]2(O)CC[C@H](N3CC(NC(=O)CNC(=O)c4cccc(C(F)(F)F)c4)C3)CC2)n1,Non-blocker,Non-blocker,0,OCQZFPBZUGAZNG-LBZQVFOQSA-N,OCQZFPBZUGAZNG,data_herg_dev,CHEMBL2204256,
NC(=O)c1cnc(N2CCC[C@H](N)C2)nc1Nc1cccc(C(F)(F)F)c1,Blocker,Blocker,1,ASMLDRAEBPYENO-NSHDSACASA-N,ASMLDRAEBPYENO,PubChem,56673153,21903390
CN1CC[C@@]2(C)c3cc(O)ccc3N(C)C12.O=C(O)/C=C\C(=O)O,Blocker,Non-blocker,0,PBZRRADJWNBPNY-NWMKAKDRSA-N,PBZRRADJWNBPNY,data_herg_dev,CHEMBL1590378,
C[N@+]12CCCC[C@@H]1CCC(=C(c1cccs1)c1cccs1)C2.[Br-],Blocker,Blocker,1,VKBNGRDAHSELMQ-KYSFMIDTSA-M,VKBNGRDAHSELMQ,data_herg_dev,,72159
CC(C)[C@](C)(c1ccc(-c2cnc(N)nc2)nc1)c1noc(-c2cnn(C3COC3)c2)n1,Non-blocker,Non-blocker,0,BJCQNMRAVQDEOW-JOCHJYFZSA-N,BJCQNMRAVQDEOW,data_herg_dev,CHEMBL4098484,
c1cncc(-c2c[nH]c(C3Cc4c([nH]c5ccccc45)C(C4CCCCC4)N3)n2)c1,Blocker,Blocker,1,JBWFNUDNJAGOMY-UHFFFAOYSA-N,JBWFNUDNJAGOMY,PubChem,CUPID,
COC(=O)[C@](O)(NC(=O)NC(C)=O)C(F)(F)F,Non-blocker,Non-blocker,0,IMTJFLKWZPDFQI-ZCFIWIBFSA-N,IMTJFLKWZPDFQI,PubChem,657912,
CN(C/C=C/c1ccccc1)Cc1cccc2ccccc12.Cl,Non-blocker,Blocker,,OLUNPKFOFGZHRT-YGCVIUNWSA-N,OLUNPKFOFGZHRT,eval_set_herg_70.csv,,
COc1ccc(C2(c3cccc(-c4cccnc4)c3)N=C(C)C(N)=N2)cc1,Non-blocker,Non-blocker,0,PHOHQSLNKFJNQU-UHFFFAOYSA-N,PHOHQSLNKFJNQU,data_herg_dev,CHEMBL2180026,
CN(CCc1ccccc1)C(=O)c1ccc(NC(=O)Cc2ccc(NC(=O)C3CCN(C(=O)C4CC4)CC3)cc2)cc1,Non-blocker,Blocker,1,AGPLOYFFIOTYSB-UHFFFAOYSA-N,AGPLOYFFIOTYSB,PubChem,44825608,
Cc1c([C@@H](O)CN2CCC3(CC2)CCN(c2cc(-c4ccccc4)ns2)C3=O)ccc2c1COC2=O,Blocker,Blocker,1,CIHRMKSTNVZPFD-DEOSSOPVSA-N,CIHRMKSTNVZPFD,PubChem,121313943,28431879
CC[N+](CC)(CC(=O)Nc1c(C)cccc1C)Cc1ccccc1.O=C1N=S(=O)([O-])c2ccccc21,Non-blocker,Non-blocker,,DMRHOZBCVOAFHR-UHFFFAOYSA-N,DMRHOZBCVOAFHR,eval_set_herg_70.csv,,
CCN1C(=O)[C@H]2[C@H]3CN=C(SC)N3[C@@](Cc3ccccc3)(C(=O)OC)[C@H]2C1=O,Blocker,Non-blocker,0,OHJYAKAHXAEQFV-IGMJJTELSA-N,OHJYAKAHXAEQFV,PubChem,44602267,
CCOC(=O)c1ccc(CCN2CCN(CCc3ccc([N+](=O)[O-])cc3)CC2)cc1,Blocker,Blocker,1,HXQUUYKDCWCSTP-UHFFFAOYSA-N,HXQUUYKDCWCSTP,CUPID,71461787,24900480
CCN(CC)c1ccc(/C=C/[N+](=O)[O-])cc1,Non-blocker,Non-blocker,0,AATYCRRVMKWSAC-MDZDMXLPSA-N,AATYCRRVMKWSAC,PubChem,5375781,
Cc1cc(C(=O)NNC(=O)c2cccc([N+](=O)[O-])c2)n[nH]1,Blocker,Non-blocker,0,QKMVWKSVCHEOJQ-UHFFFAOYSA-N,QKMVWKSVCHEOJQ,PubChem,4028568,
O=C(Nc1ccc(Cl)c(Cl)c1)N1CCN(C[C@@H]2CCCN(C3CC3)C2)CC1,Blocker,Blocker,1,OULRKKBJQGZFKL-HNNXBMFYSA-N,OULRKKBJQGZFKL,PubChem,57656715,22608963
Cc1[nH]ncc1Cn1cc(-c2ccc(F)c(C(F)F)c2)cn1,Blocker,Blocker,1,DFRNAZVJXDTBSV-UHFFFAOYSA-N,DFRNAZVJXDTBSV,data_herg_dev,,
Cc1ncoc1-c1nnc(SCCCNC2CCC3CC32c2ccccc2)n1C,Blocker,Blocker,,AWFXJOGQOJCNFN-UHFFFAOYSA-N,AWFXJOGQOJCNFN,eval_set_herg_70.csv,,
O=C1CN(Cc2ccc(-c3ccc(F)c(CN4CCCCC4)n3)cc2)C(=O)N1CC1CC1,Blocker,Blocker,1,FYSLKHHAYTZFMU-UHFFFAOYSA-N,FYSLKHHAYTZFMU,data_herg_dev,CHEMBL1835133,
CCCN(CC(=O)Nc1ccccc1C)C(=O)Cc1cccs1,Non-blocker,Non-blocker,0,ROUHJURWDFEXOS-UHFFFAOYSA-N,ROUHJURWDFEXOS,PubChem,25161849,
Clc1ccccc1OCCn1cccc1/C=N/Nc1nc2ccccc2s1,Non-blocker,Non-blocker,0,FOSNNOYXDSEAMD-HYARGMPZSA-N,FOSNNOYXDSEAMD,PubChem,6891819,
N#Cc1ccc(OCCCN2CC3CN(CCNS(=O)(=O)c4ccc(F)cc4)CC(C2)O3)cc1,Non-blocker,Non-blocker,0,YGOIDNLIRHQXJA-UHFFFAOYSA-N,YGOIDNLIRHQXJA,data_herg_dev,CHEMBL3937364,
CCOc1ccc(-n2c(=S)sc3c(=O)[nH]c(SCC(=O)NCc4ccco4)nc32)cc1,Non-blocker,Non-blocker,0,NHTKFQSVGUXBFO-UHFFFAOYSA-N,NHTKFQSVGUXBFO,PubChem,135443163,
COc1cc(F)ccc1-n1cc(Cn2ccnc2C2CC2)nn1,Blocker,Blocker,1,VYUWAHTYQGQTNF-UHFFFAOYSA-N,VYUWAHTYQGQTNF,data_herg_dev,,
CC(C)(C)c1cc(NC(=O)N2CCCN(C(=O)N3CCS(=O)(=O)CC3)CC2)no1,Blocker,Blocker,1,POZVWZHXRTXSAY-UHFFFAOYSA-N,POZVWZHXRTXSAY,data_herg_dev,CHEMBL1762429,
COC(=O)C1=C(C)NC(C)=C(C(=O)OCC(C)C)C1c1ccccc1[N+](=O)[O-],Non-blocker,Non-blocker,0,VKQFCGNPDRICFG-UHFFFAOYSA-N,VKQFCGNPDRICFG,data_herg_dev,CHEMBL1726,
COc1ccccc1NC(=O)Cn1c([N+](=O)[O-])cnc1C,Non-blocker,Non-blocker,0,KLYSORZDETZMOV-UHFFFAOYSA-N,KLYSORZDETZMOV,PubChem,890047,
CNS(=O)(=O)Cc1ccc2[nH]cc(CCN(C)C)c2c1,Non-blocker,Non-blocker,,KQKPFRSPSRPDEB-UHFFFAOYSA-N,KQKPFRSPSRPDEB,eval_set_herg_70.csv,,
Cc1ncc([N+](=O)[O-])n1C,Non-blocker,Non-blocker,0,IBXPYPUJPLLOIN-UHFFFAOYSA-N,IBXPYPUJPLLOIN,PubChem,3090,
FCCOc1cccc(CCN2CCN(CCc3ccccc3)CC2)c1,Blocker,Blocker,1,PGWLDGZKRODDAY-UHFFFAOYSA-N,PGWLDGZKRODDAY,PubChem,145972161,29153425
COc1ccc(OCCOC(=O)c2cccs2)cc1,Non-blocker,Non-blocker,0,WWECCYNEBMTHCK-UHFFFAOYSA-N,WWECCYNEBMTHCK,PubChem,2095591,
Cc1cc(F)ccc1-c1ccn2c(CC3CC3(F)F)nnc2c1Cl,Non-blocker,Non-blocker,,UQNYQQKYHAYDBS-UHFFFAOYSA-N,UQNYQQKYHAYDBS,eval_set_herg_70.csv,,
O=C(NC1CCN(Cc2ccn(-c3ccc(C(F)(F)F)cc3)c2)CC1)NS(=O)(=O)c1ccc(F)cc1,Blocker,Non-blocker,0,XBDMIZPXBXWGEP-UHFFFAOYSA-N,XBDMIZPXBXWGEP,data_herg_dev,CHEMBL555349,
Cc1nnc(C(C)C)n1C1CCN(C(C)CC(NC(=O)C2CCC2)c2ccccc2)CC1,Blocker,Blocker,1,PISDDJAHCRTSLZ-UHFFFAOYSA-N,PISDDJAHCRTSLZ,PubChem,CUPID,
CC(C)C1(C(=O)NCc2cc(C(F)(F)F)cc(C(F)(F)F)c2)CCC(N2CCC(c3ccncn3)CC2)C1,Blocker,Blocker,1,VAKGFJFMMQQEIE-UHFFFAOYSA-N,VAKGFJFMMQQEIE,CUPID,CUPID,
COc1ccc(CCN(C)CCCN2CCc3cc(OC)c(OC)cc3CC2=O)cc1OC.Cl,Blocker,Blocker,,ZRNKXJHEQKMWCH-UHFFFAOYSA-N,ZRNKXJHEQKMWCH,eval_set_herg_70.csv,,
CN(C)C[C@H](c1ccc2ccccc2c1)[C@H](O)c1ccccc1,Non-blocker,Blocker,,NJZNJPXRRCEVDH-NHCUHLMSSA-N,NJZNJPXRRCEVDH,eval_set_herg_70.csv,,
COCc1ccc(CCN2CCC(COc3nc4ccccc4c4cn(C)cc34)CC2)cc1,Blocker,Blocker,1,MIVZTSHUBPAZML-UHFFFAOYSA-N,MIVZTSHUBPAZML,CUPID,67251061,23043420
CN1CCN(S(=O)(=O)c2ccc(N)cc2)CC1,Non-blocker,Non-blocker,0,YEKKOBZSGMPECJ-UHFFFAOYSA-N,YEKKOBZSGMPECJ,PubChem,567261,
COc1cc(NS(=O)(=O)c2ccc(NC(=O)/C=C/c3ccc([N+](=O)[O-])cc3)cc2)ncn1,Non-blocker,Non-blocker,0,ZOUCSHRDSFNYNL-NYYWCZLTSA-N,ZOUCSHRDSFNYNL,PubChem,2580740,
O=C1OCc2c1ccc(CCN1CCN(C(=O)Cc3ccc(-n4cnnn4)cc3)CC1)c2F,Non-blocker,Non-blocker,0,OZKZPUAEFNLTGL-UHFFFAOYSA-N,OZKZPUAEFNLTGL,data_herg_dev,CHEMBL2441420,
O=S(=O)(NCC1(N2CCOCC2)CCCCC1)c1ccc(F)c(F)c1F,Non-blocker,Non-blocker,0,QTUYTGOLSQXABD-UHFFFAOYSA-N,QTUYTGOLSQXABD,PubChem,8351269,
COC(=O)c1sccc1-c1ccc(/C=N/OCc2c(Cl)cccc2Cl)o1,Non-blocker,Non-blocker,0,MDENLERQLJBEOG-ZVBGSRNCSA-N,MDENLERQLJBEOG,PubChem,9581611,
COC(=O)c1ccc(CSc2nc(C)nc3sc(C)c(C)c23)o1,Non-blocker,Non-blocker,0,KACYIDRIFUHBGE-UHFFFAOYSA-N,KACYIDRIFUHBGE,PubChem,2571463,
OCCCC1CCCCC1,Non-blocker,Non-blocker,0,CLYAQFSQLQTVNO-UHFFFAOYSA-N,CLYAQFSQLQTVNO,PubChem,70763,
CCC(=O)Nc1cccc([C@]23CC[C@@H](N(CCCN4CCN(C)CC4)C(=O)Nc4ccc(F)c(Cl)c4)[C@H]2C3)c1,Blocker,Blocker,1,BDVXIJYOMPKSRZ-UCVANPEUSA-N,BDVXIJYOMPKSRZ,data_herg_dev,CHEMBL215338,
Oc1c(Cl)cc(Cl)cc1/C=N/c1ccc(Br)cc1,Blocker,Blocker,1,SCFYGKJRFQUEST-REZTVBANSA-N,SCFYGKJRFQUEST,PubChem,710302,
COc1ccc2ncc(F)c([C@@H](O)CC[C@@H]3CCN(CCSc4cccs4)C[C@@H]3C(=O)O)c2c1,Blocker,Non-blocker,0,USGHRRVFKSLEJT-WVBUVRCRSA-N,USGHRRVFKSLEJT,data_herg_dev,CHEMBL2158050,
CN(C)c1ccc(-c2cccc3nc(-c4cncnc4)nc(NCc4ccccn4)c23)cc1,Blocker,Non-blocker,0,RCYQMCZETBLKND-UHFFFAOYSA-N,RCYQMCZETBLKND,data_herg_dev,CHEMBL4078271,
Cn1c(SCC(=O)NC[C@H]2CCCO2)nc2c([nH]c3ccccc32)c1=O,Non-blocker,Non-blocker,0,GPDLIKAAIYULNV-LLVKDONJSA-N,GPDLIKAAIYULNV,PubChem,3242938,
NC(=O)[C@H](N[C@H]1CC[C@H](c2c[nH]c3ccccc32)CC1)C1CCN(C(=O)/C=C/c2ccccc2F)CC1,Blocker,Blocker,1,WWUOLSKXTFOIAL-MRMIQMOASA-N,WWUOLSKXTFOIAL,PubChem,57344297,22061641
Cc1ccc(C(=O)NN2C(=O)/C(=C/c3cn(C)c4ccccc34)SC2=S)cc1,Blocker,Non-blocker,0,RLHSDSBSQYFIPF-WQRHYEAKSA-N,RLHSDSBSQYFIPF,PubChem,2019253,
COc1cc([C@H]2CC[C@H](N3CC(NC(=O)CNC(=O)c4cccc(C(F)(F)F)c4)C3)CC2)ccn1,Blocker,Blocker,1,KTQOBGHRYHVWCO-OQIWPSSASA-N,KTQOBGHRYHVWCO,PubChem,46944853,21783361
COC(=O)c1ccc2c(C(=Nc3ccc4c(c3)N(C(=O)CN3CCCC3=O)CC4)c3ccccc3)c(O)[nH]c2c1,Blocker,Blocker,1,AZTROQMGCPQVNU-UHFFFAOYSA-N,AZTROQMGCPQVNU,data_herg_dev,,145953297
O=C1OCc2cc(CCN3CCN(C(=O)Cc4ccc(-n5cnnn5)c(F)c4)CC3)ccc21,Non-blocker,Non-blocker,0,QWNYBZNKNGRQMW-UHFFFAOYSA-N,QWNYBZNKNGRQMW,data_herg_dev,CHEMBL2441409,
O=c1c(Br)c(N2CCCC2)cnn1-c1ccccc1,Non-blocker,Non-blocker,0,XFJJNOCAWMYKKE-UHFFFAOYSA-N,XFJJNOCAWMYKKE,PubChem,737756,
Fc1ccc(Cn2c(N3CCC(n4cccc4)CC3)nc3ccccc32)cc1,Blocker,Blocker,1,NAGKIWFBALBSMD-UHFFFAOYSA-N,NAGKIWFBALBSMD,PubChem,45273828,19553115
Cc1cc(C)cc(C(=O)NCCC(=O)NCc2cc(=O)n(C)c(=O)n2C)c1,Non-blocker,Non-blocker,0,QDPVTIMGDNTHOZ-UHFFFAOYSA-N,QDPVTIMGDNTHOZ,PubChem,8069639,
CCN1C[C@@]2(COC)C3[C@@H](OC)[C@H]4C1[C@]3(C(OC)C[C@H]2O)C1C[C@]2(O)C(OC)C(O)[C@@]4(OC(C)=O)C1[C@H]2OC(=O)c1ccccc1,Blocker,Non-blocker,,XFSBVAOIAHNAPC-CLEAKMIKSA-N,XFSBVAOIAHNAPC,eval_set_herg_60.csv,,
CCc1cc2nccc(Nc3n[nH]c(C)c3C)c2cc1S(=O)(=O)C(C)(C)C,Non-blocker,Non-blocker,0,ZANVLEPAQZKAAQ-UHFFFAOYSA-N,ZANVLEPAQZKAAQ,data_herg_dev,CHEMBL4285837,
NC(=O)c1cccc(/N=C/c2cc(Cl)cc(Cl)c2O)c1,Blocker,Blocker,1,RRSJFCZUAOKWEF-CNHKJKLMSA-N,RRSJFCZUAOKWEF,PubChem,693534,
COc1nccnc1C(C)C1=C(CCN(C)C)Cc2cc(C)ccc21,Blocker,Blocker,1,LHYWGVZKOTTYSZ-UHFFFAOYSA-N,LHYWGVZKOTTYSZ,PubChem,CUPID,
COc1ccc([C@H]2CN(CCC3CCOCC3)C[C@@H]2CNC(=O)c2cccc(Cl)c2)cc1,Blocker,Blocker,1,YVRYKIJSSLIOEB-WIOPSUGQSA-N,YVRYKIJSSLIOEB,PubChem,54582015,21414780
O=S(=O)(NCCCCN1CCN(c2nsc3ccccc23)CC1)c1ccc2cc(Cl)ccc2c1,Blocker,Blocker,1,YASIAEWQHNEVDZ-UHFFFAOYSA-N,YASIAEWQHNEVDZ,data_herg_dev,CHEMBL3289956,
Cn1ncc(Br)c1-c1cc(NC(=O)Nc2ccc(F)cc2F)ccc1OCCN1CCCC1,Blocker,Blocker,1,BSQFNDXZHSFKMX-UHFFFAOYSA-N,BSQFNDXZHSFKMX,data_herg_dev,CHEMBL569518,
CCOC(=O)CNC(=O)CSc1nnc(-c2ccco2)n1N,Non-blocker,Non-blocker,0,ZWSMYJQTLMLREW-UHFFFAOYSA-N,ZWSMYJQTLMLREW,PubChem,662462,
Cc1cccc(OCC(=O)NCC(C)(C)N2CCOCC2)c1,Non-blocker,Blocker,1,FWCCXWOTXUNFAM-UHFFFAOYSA-N,FWCCXWOTXUNFAM,PubChem,4792390,
CC#Cc1cccc2cc([C@H](C)Nc3ncnc(N)c3-c3nc(C)no3)n(-c3ccccc3)c(=O)c12,Non-blocker,Non-blocker,,DWSBFBNKOHQARX-INIZCTEOSA-N,DWSBFBNKOHQARX,eval_set_herg_70.csv,,
Cc1ccc(CC2(O)CCN(CCOc3ccc(O)cc3)CC2)cc1,Blocker,Blocker,,VKMFDKYCIKEDMR-UHFFFAOYSA-N,VKMFDKYCIKEDMR,eval_set_herg_60.csv,,
CNC(=O)c1cnn(-c2nc(-c3ccc(OC)cc3)cs2)c1C(F)(F)F,Non-blocker,Non-blocker,0,ZQIDWPHXGSPJPL-UHFFFAOYSA-N,ZQIDWPHXGSPJPL,PubChem,1488491,
NC1=NC2(CO1)c1cc(-c3cncc(C(F)F)c3)ccc1OC1(CCC1)C21COC1,Blocker,Blocker,1,HSUAECWUMSPRSF-UHFFFAOYSA-N,HSUAECWUMSPRSF,data_herg_dev,CHEMBL3703310,
O=C([C@@H]1C[C@H](N2CCN(c3nc4cnccc4o3)CC2)CN1)N1CCC(F)(F)C1,Blocker,Blocker,1,YQVZUCGTBYZKJR-KBPBESRZSA-N,YQVZUCGTBYZKJR,data_herg_dev,CHEMBL475574,
O=C1COc2ccccc2N1CCCN1CCC(n2c(=O)[nH]c3cccnc32)CC1,Non-blocker,Non-blocker,0,SBDMNEFWICEEMT-UHFFFAOYSA-N,SBDMNEFWICEEMT,data_herg_dev,CHEMBL2059313,
O=C(O)C/C(=C\c1ccc2c(c1)OCO2)c1nc2ccccc2s1,Non-blocker,Non-blocker,0,AOTVRDZAFREXAH-KPKJPENVSA-N,AOTVRDZAFREXAH,PubChem,6522604,
NC1=N[C@@]2(CO1)c1cc(-c3cccnc3F)ccc1Oc1cnc(-c3ccccn3)cc12,Blocker,Blocker,1,HLFDPFRAZPVEKE-DEOSSOPVSA-N,HLFDPFRAZPVEKE,data_herg_dev,CHEMBL3394053,
CCn1nc(C(=O)OCC(=O)N(CCC#N)c2ccccc2)c2ccccc2c1=O,Non-blocker,Non-blocker,0,UHQLGUMAZUJFNT-UHFFFAOYSA-N,UHQLGUMAZUJFNT,PubChem,2400162,
FS(F)(F)(F)(F)c1cccc(-c2cnn(Cc3cc[nH]n3)c2)c1,Non-blocker,Blocker,,MGNZNJFHDRDPLZ-UHFFFAOYSA-N,MGNZNJFHDRDPLZ,eval_set_herg_70.csv,,
COC(=O)CCN(C1CCCCC1)S(=O)(=O)c1ccc(S(=O)(=O)NC2CCCCC2)cc1,Non-blocker,Non-blocker,0,JWZASFRGICXVJY-UHFFFAOYSA-N,JWZASFRGICXVJY,PubChem,3191831,
CCOC(=O)C1=C(Cc2ccc(C)cc2)C(=O)c2ccccc2C1=O,Non-blocker,Blocker,1,BPOJTSJPTIZJSW-UHFFFAOYSA-N,BPOJTSJPTIZJSW,PubChem,2841620,
COc1ccc(CCN2C(=O)CS/C2=N\NC(=O)c2cccs2)cc1OC,Non-blocker,Non-blocker,0,GJZLSTBDIMNAKD-ZZEZOPTASA-N,GJZLSTBDIMNAKD,PubChem,9595199,
CC(C)(C)CC(C)(C)c1ccc(O)cc1,Non-blocker,Non-blocker,,ISAVYTVYFVQUDY-UHFFFAOYSA-N,ISAVYTVYFVQUDY,eval_set_herg_70.csv,,
Clc1ccc(-c2ccc(Cl)c(Cl)c2Cl)c(Cl)c1Cl,Non-blocker,Non-blocker,0,BTAGRXWGMYTPBY-UHFFFAOYSA-N,BTAGRXWGMYTPBY,PubChem,38018,
Cc1ccc(COC(=O)N2CC[C@H](CNc3nccn4cnnc34)C(F)(F)C2)cc1,Blocker,Non-blocker,,VUFCSTHNGFATSK-MRXNPFEDSA-N,VUFCSTHNGFATSK,eval_set_herg_70.csv,,
O=C(N[C@H](Cc1ccccc1)C(=O)O)/C(=C/c1ccco1)NC(=O)c1cccc(Br)c1,Non-blocker,Non-blocker,0,SPOMNDOMLXHURU-GRTQGXPSSA-N,SPOMNDOMLXHURU,PubChem,12005483,
CN(C)CCN/C=C1/C(=O)NC(=O)N(C2CCCCCC2)C1=O,Non-blocker,Non-blocker,0,HHGPTDHZUIICFA-QBFSEMIESA-N,HHGPTDHZUIICFA,PubChem,3811429,
Cc1nc(CN2CCN(c3c(Cl)cnc4[nH]c(-c5cn(C)nc5C)nc34)CC2)no1,Blocker,Blocker,1,ZYQKMYRXVHUATB-UHFFFAOYSA-N,ZYQKMYRXVHUATB,PubChem,71463198,23043539
S=C(c1ccc(Br)cc1)N1CCN(Cc2ccccc2)CC1,Non-blocker,Non-blocker,0,JLPIWKNGEVSKFT-UHFFFAOYSA-N,JLPIWKNGEVSKFT,PubChem,2185493,
O=C(N1CCc2ncc(C(F)(F)F)cc2C1)[C@@]12CCO[C@@H]1C[C@@H](NC1CCOCC1)C2,Non-blocker,Non-blocker,0,CAGPJJHQNXWRMO-YFVAEKQCSA-N,CAGPJJHQNXWRMO,data_herg_dev,CHEMBL3263279,
Cc1ccc(N(C)C2=NC(=O)CS2)cc1Cl,Non-blocker,Non-blocker,0,ORQLETZLSXPGHW-UHFFFAOYSA-N,ORQLETZLSXPGHW,PubChem,894949,
O=C(O)[C@@H](Cc1c[nH]cn1)NS(=O)(=O)c1ccc(Cl)cc1,Non-blocker,Non-blocker,0,UVYBNOUSAZKNAN-LLVKDONJSA-N,UVYBNOUSAZKNAN,PubChem,3800168,
O=C1CN(N=Cc2ccc([N+](=O)[O-])o2)C(=O)N1,Blocker,Non-blocker,0,NXFQHRVNIOXGAQ-UHFFFAOYSA-N,NXFQHRVNIOXGAQ,data_herg_dev,,4509
CC1(CC#Cc2c(Cl)c3c(Cl)cc(C(N)=O)nc3n2[C@H]2CCCNC2)COC1,Blocker,Blocker,1,PVFFECNHTDFMJH-LBPRGKRZSA-N,PVFFECNHTDFMJH,PubChem,155525492,30553737
Oc1c(/N=N/C(=S)Nc2ccccc2F)c2ccccc2n1Cc1ccccc1,Blocker,Blocker,1,KKUVBNDJMHSUHC-OCEACIFDSA-N,KKUVBNDJMHSUHC,PubChem,4124884,
C=CCN(C(=O)OCc1ccc(OC(F)(F)F)cc1)C1CCN(C[C@H]2CN(C(=O)C3CCCC3)C[C@]2(O)c2ccccc2)CC1,Blocker,Blocker,1,XHXHVPDACROHEJ-UVMMSNCQSA-N,XHXHVPDACROHEJ,data_herg_dev,CHEMBL1172039,
O=C(CNC(=O)c1cccc(C(F)(F)F)c1)NC1CN([C@H]2CC[C@](O)(c3ccc4c(c3)OCO4)CC2)C1,Non-blocker,Non-blocker,0,JGTRPNAQMCJPRH-IHRKKFBRSA-N,JGTRPNAQMCJPRH,data_herg_dev,CHEMBL1829633,
CCCCOC(=O)c1ccccc1C(=O)OCCCC,Non-blocker,Non-blocker,0,DOIRQSBPFJWKBE-UHFFFAOYSA-N,DOIRQSBPFJWKBE,data_herg_dev,CHEMBL272485,
CCc1nn(CC(=O)NCCc2ccc(S(N)(=O)=O)cc2)c(=O)c2cc3sccc3n12,Non-blocker,Non-blocker,0,SOOPRZSLXCEZKS-UHFFFAOYSA-N,SOOPRZSLXCEZKS,PubChem,20884325,
Cc1ccc(S(=O)(=O)N2CCN(CC(=O)N3CCOCC3)CC2)cc1,Non-blocker,Non-blocker,0,JMXJLUFECODSAG-UHFFFAOYSA-N,JMXJLUFECODSAG,PubChem,2815599,
COc1ccccc1N1CCN(C(=O)c2ccc(N3CCCCS3(=O)=O)cc2)CC1,Non-blocker,Non-blocker,0,NCKIPAVSALWGOV-UHFFFAOYSA-N,NCKIPAVSALWGOV,PubChem,20962750,
Cc1[nH]c(-c2ccccc2)cc1C(=O)NCCCN1CCN(c2cccc(Cl)c2Cl)CC1,Blocker,Blocker,1,OHODDACZFUFQDV-UHFFFAOYSA-N,OHODDACZFUFQDV,PubChem,45109862,20637635
Cc1ccc2c(N3CCN(CCc4cccc5c4ccc(=O)n5C)C(C)(C)C3)cccc2n1,Blocker,Blocker,1,JQWQLAFJHNYDAM-UHFFFAOYSA-N,JQWQLAFJHNYDAM,PubChem,50908804,20951584
Oc1ccc(-c2cc3c(CN4CCC5(COC5)C4)c(O)ccc3o2)cc1,Blocker,Blocker,1,QVXCPPOPYYJCBN-UHFFFAOYSA-N,QVXCPPOPYYJCBN,PubChem,166634297,34910486
COc1ccc(-c2nnc(C(=O)N3CC(Oc4ccc(CN5CC6(CCOC6)C5)cc4)C3)o2)cc1,Non-blocker,Non-blocker,0,LXEBBSCEMHHDNI-UHFFFAOYSA-N,LXEBBSCEMHHDNI,data_herg_dev,CHEMBL3786841,
CN(CCCC(=O)NC1COC1)C(=O)c1ccc2c(c1)c1c(n2C)CC[C@@H](C2CCOCC2)C1,Non-blocker,Non-blocker,0,BNCFWLUICYMZFR-LJQANCHMSA-N,BNCFWLUICYMZFR,data_herg_dev,CHEMBL2029734,
COc1ccc(C2CNC(=O)C2)cc1OC1CCCC1,Non-blocker,Non-blocker,,HJORMJIFDVBMOB-UHFFFAOYSA-N,HJORMJIFDVBMOB,eval_set_herg_60.csv,,
O=Nc1ccc(Nc2ccccc2)cc1,Non-blocker,Non-blocker,,OIJHFHYPXWSVPF-UHFFFAOYSA-N,OIJHFHYPXWSVPF,eval_set_herg_70.csv,,
COc1cc(OC)cc(C(=O)NCC2(C(=O)O)CCN(Cc3ccc(C(F)(F)F)cc3)CC2)c1,Blocker,Non-blocker,0,DETZFOYSBMRQIB-UHFFFAOYSA-N,DETZFOYSBMRQIB,data_herg_dev,CHEMBL1836263,
O=C(Nc1ccccc1)N1CCC(=S)Nc2ccccc21,Non-blocker,Non-blocker,0,PHGNEFRAUMYAQJ-UHFFFAOYSA-N,PHGNEFRAUMYAQJ,PubChem,849656,
C[C@@H](Oc1ccc(S(C)(=O)=O)cc1C(=O)N1CCN(c2ncc(C(F)(F)F)cc2F)CC1)C(C)(C)C,Non-blocker,Non-blocker,0,QENXTKAMWKICNF-OAHLLOKOSA-N,QENXTKAMWKICNF,data_herg_dev,CHEMBL2021601,
O=C(NC1CCCCC1)c1cc(Cl)nc2ccccc12,Non-blocker,Non-blocker,0,UTBBKCQKBPBMAX-UHFFFAOYSA-N,UTBBKCQKBPBMAX,PubChem,3615037,
CC(=O)c1nn(-c2ccc(Cl)cc2)/c(=N/c2nc(-c3ccccc3)cc(-c3ccccc3)c2C#N)s1,Blocker,Non-blocker,0,KFHXCPKIEIFGSG-BLCKFSMSSA-N,KFHXCPKIEIFGSG,data_herg_dev,CHEMBL3408386,
C[C@]12CC[C@H](C(F)F)C[C@H]1C[C@@H](N1CCC[C@@H](N)C1)[C@@H]2Oc1ccc(C#N)cc1,Non-blocker,Non-blocker,0,UXJLMBOKOQNNEP-DQRQSMIGSA-N,UXJLMBOKOQNNEP,data_herg_dev,,145963466
C[C@@H]1Cc2c(ccc3[nH]ncc23)[C@@H](c2ncc(NC3CN(CCCF)C3)cc2F)N1CC(F)F,Blocker,Non-blocker,0,SADTVAAIAQIVQH-SHACYNPGSA-N,SADTVAAIAQIVQH,data_herg_dev,,
CNC(=O)c1cc2c(nc(C)n2C)c2c1CC[C@@H](c1ccccc1)O2,Blocker,Blocker,1,MDHPAFCRERHBKF-KRWDZBQOSA-N,MDHPAFCRERHBKF,data_herg_dev,CHEMBL1096493,
Cc1cccc(C2=CCN(CCNC(=O)C3CCCCO3)CC2)n1,Non-blocker,Blocker,1,MRPRDAAKTDVUPC-UHFFFAOYSA-N,MRPRDAAKTDVUPC,data_herg_dev,,
CC(=O)c1c(O)c(C)c(O)c(Cc2c(O)c3c(c(C(=O)C=Cc4ccccc4)c2O)OC(C)(C)C=C3)c1O,Blocker,Blocker,,DEZFNHCVIZBHBI-UHFFFAOYSA-N,DEZFNHCVIZBHBI,eval_set_herg_60.csv,,
Cc1ccc(O)c(CNCC23CC4CC(CC(C4)C2)C3)n1,Non-blocker,Non-blocker,0,BDYLAZAFKOJENQ-UHFFFAOYSA-N,BDYLAZAFKOJENQ,data_herg_dev,CHEMBL3393867,
COc1cc(/C=C/c2nc(N)c3c4c(sc3n2)CCCCC4)ccc1-n1cnc(C)c1,Blocker,Blocker,1,FYIAXSYXQPAMIK-PKNBQFBNSA-N,FYIAXSYXQPAMIK,PubChem,53318698,21190851
Cc1c(NC(=O)c2ccc(C(C)(C)C)cc2)cccc1-c1nc(Nc2ccc(C(=O)N3CCOCC3)cc2)c2nc[nH]c2n1,Non-blocker,Non-blocker,0,IGXJXMLDIIGDNE-UHFFFAOYSA-N,IGXJXMLDIIGDNE,data_herg_dev,CHEMBL3263640,
Cc1ccccc1-n1nnnc1Sc1nnnn1-c1ccccc1,Non-blocker,Non-blocker,0,NSQKAUNDMZCXQV-UHFFFAOYSA-N,NSQKAUNDMZCXQV,PubChem,4885033,
C(=N/Nc1nc2ccccc2[nH]1)\c1ccc2c(c1)OCCO2,Non-blocker,Non-blocker,0,JJUQDPFYFUJRRH-LICLKQGHSA-N,JJUQDPFYFUJRRH,PubChem,9663155,
NC1=N[C@@]2(CO1)c1cc(-c3cccnc3F)ccc1Oc1c2cc(C2=COCCC2)nc1F,Non-blocker,Non-blocker,0,CXEKKMGVKYONSU-DEOSSOPVSA-N,CXEKKMGVKYONSU,data_herg_dev,CHEMBL3394218,
O=S(=O)(NCCN1CC=C(c2c[nH]c3ccc(Cl)cc23)CC1)c1cccc(Cl)c1,Blocker,Blocker,1,QSXMGLLVLGBRNL-UHFFFAOYSA-N,QSXMGLLVLGBRNL,data_herg_dev,CHEMBL4066532,
CCOC(=O)CC(=O)C(=O)OCC,Blocker,Blocker,1,JDXYSCUOABNLIR-UHFFFAOYSA-N,JDXYSCUOABNLIR,PubChem,16663655,
CSc1nnc2n(Cc3ccccc3)c(=O)c3c4c(sc3n12)CO[C@@H](C(C)C)C4,Non-blocker,Non-blocker,0,XHQGXJOJEASMNJ-OAHLLOKOSA-N,XHQGXJOJEASMNJ,PubChem,5102409,
O=C(CN1CCOCC1)N1c2ccccc2Sc2ccc(Cl)cc21,Non-blocker,Non-blocker,0,PQZBOHRAUKGCDL-UHFFFAOYSA-N,PQZBOHRAUKGCDL,PubChem,6456530,
COc1ccc(CCNC(=O)COC(=O)/C=C/c2cccc(F)c2)cc1,Non-blocker,Non-blocker,0,QDQXOKKFKCUBNE-JXMROGBWSA-N,QDQXOKKFKCUBNE,PubChem,2423213,
COC(=O)c1ccc(-n2cc(C3CCN(CCN4CCNC4=O)CC3)c3cc(Cl)ccc32)cc1,Blocker,Blocker,1,WQAXQECJUSMGPP-UHFFFAOYSA-N,WQAXQECJUSMGPP,CUPID,44297083,12729675
CC[N+](CC)CCCN(CC(=O)N(C1CCCCC1)C1CCCCC1)C(=O)c1ccc([N+](=O)[O-])cc1,Blocker,Blocker,1,TWALCELCFWKCMR-UHFFFAOYSA-N,TWALCELCFWKCMR,data_herg_dev,,
Nc1nccc(Sc2cnc3[nH]c(N4CCC5(CC4)Cc4ccccc4[C@H]5N)nc3n2)c1Cl,Blocker,Blocker,1,IHIKNAQWTTVBFU-GOSISDBHSA-N,IHIKNAQWTTVBFU,PubChem,155796591,36793438
N[C@@]1(C(=O)O)[C@H](OCc2ccc(Cl)c(Cl)c2)[C@@H](O)[C@@H]2[C@H]1[C@H]2C(=O)O,Blocker,Non-blocker,0,WNOZOUHFGZKGNT-ANYOLZDRSA-N,WNOZOUHFGZKGNT,data_herg_dev,CHEMBL3947221,
C[C@H]1C[C@H]2CSC(N)=N[C@@]2(c2nc(NC(=O)c3ccc(C#N)cn3)cs2)CO1,Blocker,Non-blocker,0,TYNXFCODUDWTAD-RSNWOKGLSA-N,TYNXFCODUDWTAD,data_herg_dev,CHEMBL4211913,
COCC(=O)N(C)C[C@H]1N[C@@](Cc2ccccc2)(C(=O)OC)[C@H]2C(=O)N(Cc3ccccc3)C(=O)[C@@H]12,Non-blocker,Non-blocker,0,IEOZITPNGUNYCW-FLRRRYEYSA-N,IEOZITPNGUNYCW,PubChem,44247059,
O=C1C[C@@H](c2nc(-c3cccc(Cl)c3)no2)CN1c1ccc(F)cc1,Blocker,Blocker,1,PKRXUANONKHENC-GFCCVEGCSA-N,PKRXUANONKHENC,PubChem,16955923,22832311
Cc1ccc(C(=O)NCc2cn(C)nn2)cc1S(=O)(=O)Nc1ccc(Cl)cc1,Non-blocker,Non-blocker,0,BAXYWZLAFRQNMU-UHFFFAOYSA-N,BAXYWZLAFRQNMU,data_herg_dev,CHEMBL4175004,
O=[N+]([O-])c1ccc(CCN2CCN(CCc3ccc4nonc4c3)CC2)cc1,Blocker,Blocker,1,SEWIXNYQXNASBQ-UHFFFAOYSA-N,SEWIXNYQXNASBQ,PubChem,68071788,24900480
C[C@H]1OC2(CCN(CCc3ccccc3F)CC2)CN(c2cnccc2C(F)(F)F)C1=O,Blocker,Blocker,1,INCPDVXLHDEOLM-MRXNPFEDSA-N,INCPDVXLHDEOLM,PubChem,126744972,31743642
COCC(=O)Nc1cc(Sc2ccccc2)ccc1N/C(=N\C(=O)OC)NC(=O)OC,Non-blocker,Blocker,1,HMCCXLBXIJMERM-UHFFFAOYSA-N,HMCCXLBXIJMERM,PubChem,135449328,
CC(O)(c1cc(Cl)c(NC(=O)CC2CCCCC2)c(Cl)c1)C(F)(F)F,Non-blocker,Blocker,,ZAGKILKOITVECB-UHFFFAOYSA-N,ZAGKILKOITVECB,eval_set_herg_60.csv,,
Cc1cc(C#Cc2sc(NC(=O)NC[C@H](C)OCC3CC3)nc2C)cnc1C,Non-blocker,Non-blocker,0,OZANXNDKKYVVMJ-AWEZNQCLSA-N,OZANXNDKKYVVMJ,data_herg_dev,CHEMBL4756664,
O=C(O)C1=C[C@H](c2ccc(F)cc2)C[C@H](OCCCCO)O1,Non-blocker,Non-blocker,0,NJPABYQXFFFBJI-SWLSCSKDSA-N,NJPABYQXFFFBJI,PubChem,16682600,
Cc1ccc2c(N3CCN(CCCc4cccc5c4OCC(=O)N5C)[C@H](C)C3)cccc2n1,Blocker,Blocker,1,GIQHYUIXZZZJQF-HXUWFJFHSA-N,GIQHYUIXZZZJQF,PubChem,44592333,19286377
Cc1csc(NC(=O)c2cc(F)cc(Oc3cncnc3)c2)n1,Non-blocker,Blocker,1,AXVLPJHYYFHCHK-UHFFFAOYSA-N,AXVLPJHYYFHCHK,data_herg_dev,CHEMBL2440659,
c1ccc2c(-c3nc4ccccc4[nH]3)cccc2c1,Non-blocker,Blocker,1,PAOHHYDZFURJKA-UHFFFAOYSA-N,PAOHHYDZFURJKA,PubChem,286183,
CCOC(=O)[C@@H]1CCCN(S(=O)(=O)c2c(C)noc2C)C1,Non-blocker,Non-blocker,0,SKWVULAHHBOBES-LLVKDONJSA-N,SKWVULAHHBOBES,PubChem,2812656,
Cc1c(OCCNCCCF)ccnc1[C@@H]1c2[nH]c3ccccc3c2C[C@@H](C)N1CC(F)(F)CO,Non-blocker,Blocker,1,AECNYUDGYFTMJZ-CRICUBBOSA-N,AECNYUDGYFTMJZ,data_herg_dev,,
Fc1ccc2c(C3C[N+]CCC3F)c(C3=CNC=CC3)[nH]c2c1,Blocker,Blocker,,KEVXRPSKOOLJFC-UHFFFAOYSA-N,KEVXRPSKOOLJFC,eval_set_herg_70.csv,,
COc1c(NC(=O)Nc2ccc(Oc3ccnc(Nc4ccccc4)c3)c3ccccc23)cc(C(C)(C)C)cc1C(=O)NC1COC1,Blocker,Blocker,,PKPIKMRNRASAMG-UHFFFAOYSA-N,PKPIKMRNRASAMG,eval_set_herg_70.csv,,
COc1cccc(NC(=O)c2c(F)cccc2F)c1,Non-blocker,Non-blocker,0,UKERRYQGHATEEO-UHFFFAOYSA-N,UKERRYQGHATEEO,PubChem,16640753,
O[C@]1(c2ccc(F)c(F)c2)CCNC[C@@H]1c1onc(-c2ccccc2Cl)c1Br,Blocker,Blocker,1,KYKXDBASGIWWGF-XCLFUZPHSA-N,KYKXDBASGIWWGF,PubChem,46932049,22450130
COCc1c(C(=O)Nc2ccc(Cl)cc2F)oc2ccccc12,Non-blocker,Non-blocker,0,JGZLBKPRNGKCSE-UHFFFAOYSA-N,JGZLBKPRNGKCSE,PubChem,2525858,
O=C(NC1CCCCC1)[C@H](c1cccs1)N(C(=O)c1ccco1)c1ccc2c(c1)OCCO2,Non-blocker,Non-blocker,0,YKYYXRHHCSFBGY-QHCPKHFHSA-N,YKYYXRHHCSFBGY,PubChem,3191419,
C[C@H]1CN(c2ccc(C#N)cn2)CC[C@H]1Nc1c(C(N)=O)cnc2[nH]ccc12,Non-blocker,Non-blocker,0,CYKGBNVCNYNGDQ-BLLLJJGKSA-N,CYKGBNVCNYNGDQ,data_herg_dev,CHEMBL3593779,
COCCC1C[C@H]2CN3CCc4c([nH]c5ccccc45)C(C(=O)OC)(C2)C13,Blocker,Non-blocker,,DTJQBBHYRQYDEG-FPBGVPCVSA-N,DTJQBBHYRQYDEG,eval_set_herg_70.csv,,
CN1CCN(c2nccnc2C(O)c2ccc(F)c(-c3ncnc4cc(N5CCOCC5)ccc34)c2)C1=O,Non-blocker,Non-blocker,0,YOWUVCMEWRRBJL-UHFFFAOYSA-N,YOWUVCMEWRRBJL,data_herg_dev,,
CCCCn1c(N)c(N(CC(C)C)C(=O)c2ccc(S(=O)(=O)N(CC)c3ccccc3)cc2)c(=O)[nH]c1=O,Non-blocker,Non-blocker,0,VDJWHWJQNCPQRO-UHFFFAOYSA-N,VDJWHWJQNCPQRO,PubChem,24980898,
O=C1COc2cc(Cl)c(CNC34CCC(CC5(O)Cn6c(=O)ccc7ncc(F)c5c76)(CC3)OC4)nc2N1,Non-blocker,Non-blocker,0,YHAZSVKXAXRPMF-UHFFFAOYSA-N,YHAZSVKXAXRPMF,data_herg_dev,,
Cc1ncoc1-c1nnc(SCCCN2CC3CCN(c4ccc(Cl)cc4Cl)C3C2)n1C,Blocker,Blocker,1,LJXBPSXSJHVHOV-UHFFFAOYSA-N,LJXBPSXSJHVHOV,PubChem,CUPID,
CCOC(=O)Cn1/c(=N/C(=O)c2sc3ccccc3c2Cl)sc2cc(S(N)(=O)=O)ccc21,Non-blocker,Non-blocker,0,PFUIZHAZQWAOBU-ATJXCDBQSA-N,PFUIZHAZQWAOBU,PubChem,4625720,
CCN(CC)CCSc1nc(-c2cc(OC)c(Cl)cc2Cl)c2c(C#N)c[nH]c2n1,Blocker,Blocker,1,BMPOOCYRLGEDIG-UHFFFAOYSA-N,BMPOOCYRLGEDIG,CUPID,24875749,23018093
N#Cc1ccc2cc1Oc1ccc(Br)c(c1)CN1CC[C@@H](NCc3cncn3C2)C1=O,Blocker,Blocker,1,OUQYWOOMZNKZCC-OAQYLSRUSA-N,OUQYWOOMZNKZCC,PubChem,23644676,19534531
C[C@H](CCC(=O)O)[C@H]1CC[C@H]2[C@@H]3CC[C@@H]4C[C@H](O)CC[C@]4(C)[C@H]3CC[C@@]21C,Non-blocker,Non-blocker,0,SMEROWZSTRWXGI-HVATVPOCSA-N,SMEROWZSTRWXGI,data_herg_dev,CHEMBL1478,
Fc1ccccc1C(Cc1ccccc1OC(F)F)N1CCNCC1,Non-blocker,Blocker,1,FCEXIPULXFOGIW-UHFFFAOYSA-N,FCEXIPULXFOGIW,PubChem,CUPID,
CCCC[C@H]1C(=O)N(C[C@H]2CC[C@H](OCC)CC2)CCC12CCN(C1(C)CCN(C(=O)c3c(C)ncnc3C)CC1)CC2,Non-blocker,Blocker,1,QOJYCEFGDGHBCC-DTXPUJKBSA-N,QOJYCEFGDGHBCC,PubChem,25230828,19014885
FCCCN1CC(Nc2ccc([C@@H]3[C@@H]4CC[C@H]5NNC[C@H]5[C@@H]4C[C@@H](C(F)F)N3CC(F)F)nc2)C1,Blocker,Blocker,1,NGTSZWLHHWWNQE-PAPWPDHHSA-N,NGTSZWLHHWWNQE,PubChem,137554022,
O=C(O)c1ccc2cccnc2c1N1CCN(CCc2ccc(OCCCN3CCCCCC3)cc2)CC1,Non-blocker,Non-blocker,0,AUJBUPBEDOLIFD-UHFFFAOYSA-N,AUJBUPBEDOLIFD,data_herg_dev,CHEMBL3925977,
CN1CCN(Cc2ccc3c(c2)Cc2c(-c4csc(C#CCNC(=O)c5ccccc5)c4)n[nH]c2-3)CC1,Blocker,Blocker,1,MSCSBWUJPPGNKY-UHFFFAOYSA-N,MSCSBWUJPPGNKY,CUPID,16220957,17425296
CCCC[C@H]1COCCS(=O)(=O)N1Cc1cccc([N+](=O)[O-])c1,Non-blocker,Non-blocker,0,DEZHLFWDQRRFOT-HNNXBMFYSA-N,DEZHLFWDQRRFOT,PubChem,24789452,
CCN(CC)S(=O)(=O)c1ccc(N2C[C@H](C(=O)N[C@]3(C)CCS(=O)(=O)C3)CC2=O)cc1,Non-blocker,Non-blocker,0,NSOGRHRWMLBUBQ-FOIQADDNSA-N,NSOGRHRWMLBUBQ,PubChem,16286403,
CCOC(=O)NC[C@@H](C#CCN(CC)CC)N(CC)CC,Non-blocker,Non-blocker,0,HUXCUZAZHPAEQL-OAHLLOKOSA-N,HUXCUZAZHPAEQL,PubChem,660391,
CC(C)(C)c1cc(NC(=O)n2ccc3cc(O)c(Oc4ncnc5c4CNC5)cc32)no1,Non-blocker,Non-blocker,0,KUMMXHWMDSWNSK-UHFFFAOYSA-N,KUMMXHWMDSWNSK,data_herg_dev,,
COc1ccc(-c2csc(C3=C(N)N(C(C)C)CC3=O)n2)cc1OC,Non-blocker,Non-blocker,0,REOALZQNOIUFGL-UHFFFAOYSA-N,REOALZQNOIUFGL,PubChem,135400766,
CC(=O)N1C[C@H](C)N(c2cccc(-c3cc(-c4ccnn4C4CCOCC4)c4c(N)ncnn34)c2)[C@H](C)C1,Non-blocker,Blocker,1,JHCGWQGKIHGVDU-KDURUIRLSA-N,JHCGWQGKIHGVDU,data_herg_dev,CHEMBL4061855,
CC[N+](CC)CCCC(C)Nc1ccnc2cc(Cl)ccc12,Blocker,Blocker,,SPZFQVGCRNKKKI-UHFFFAOYSA-N,SPZFQVGCRNKKKI,eval_set_herg_70.csv,,
Clc1ccc(-c2cnn(Cc3cn4ccccc4n3)c2)cc1,Blocker,Blocker,,WQTXJFYTZBONCP-UHFFFAOYSA-N,WQTXJFYTZBONCP,eval_set_herg_60.csv,,
CC(C)N1CCN(C(=O)N2CCC(C(=O)N3CC4CCC(CC4)C3)CC2)CC1,Non-blocker,Non-blocker,0,UQKFKOGOHFMDDR-UHFFFAOYSA-N,UQKFKOGOHFMDDR,data_herg_dev,CHEMBL218834,
CCCc1cc(=O)[nH]c(SCC(=O)NC2CC2)n1,Non-blocker,Non-blocker,0,MXZIONKNXHMVTI-UHFFFAOYSA-N,MXZIONKNXHMVTI,PubChem,135470074,
O=C(Nc1ccc(N2CCOCC2)c(Cl)c1)c1ccc(Cl)cc1,Non-blocker,Non-blocker,0,OQWYBMHNBITLBX-UHFFFAOYSA-N,OQWYBMHNBITLBX,PubChem,1114260,
COc1ccc(NC(=O)COC(=O)/C=C/c2cccs2)c(OC)c1,Non-blocker,Non-blocker,0,AVILIZGEZTZRIA-SOFGYWHQSA-N,AVILIZGEZTZRIA,PubChem,8648327,
COc1cc([C@](O)(CCN(C)C)[C@@H](c2cc3cc(C#N)ccc3nc2OC)c2cccc(C)c2F)cc(OC(F)F)n1,Blocker,Non-blocker,0,SDKPYUVMRXCYRP-DLFZDVPBSA-N,SDKPYUVMRXCYRP,data_herg_dev,CHEMBL4639550,
Cc1nc2ccccn2c(=O)c1CCN1CCC(C(=O)c2ccc(F)cc2)CC1,Blocker,Blocker,1,HXCNRYXBZNHDNE-UHFFFAOYSA-N,HXCNRYXBZNHDNE,PubChem,4847,
C=C1/C(=C\C=C2/CCC[C@@]3(C)[C@H]2CC[C@@H]3[C@H](C)/C=C/[C@@H](O)C2CC2)C[C@@H](O)C[C@@H]1O,Non-blocker,Non-blocker,,LWQQLNNNIPYSNX-UROSTWAQSA-N,LWQQLNNNIPYSNX,eval_set_herg_70.csv,,
COc1cc(/C=N/NC(=O)c2cccnc2)ccc1OC(=O)c1cccc(Br)c1,Non-blocker,Non-blocker,0,ZVHMUDHNXOEDIJ-WYMPLXKRSA-N,ZVHMUDHNXOEDIJ,PubChem,5340144,
NC(=O)c1cccc(O[C@H]2C[C@H]3CC[C@@H](C2)N3Cc2ccccc2)c1,Blocker,Blocker,1,NBLFFMILGMAYPO-RUYXUALKSA-N,NBLFFMILGMAYPO,PubChem,49865733,20727752
CC(C)(C)c1ccc(C(O)CCCN2CCC(C(O)(c3ccccc3)c3ccccc3)CC2)cc1,Blocker,Blocker,1,GUGOEEXESWIERI-UHFFFAOYSA-N,GUGOEEXESWIERI,CUPID,CUPID,
O=C(c1ccc(OC2CC(N3CCCCC3)C2)cc1)N1CCOCC1,Non-blocker,Non-blocker,0,XXEKBDMBDCTQCR-UHFFFAOYSA-N,XXEKBDMBDCTQCR,data_herg_dev,,
CNC(=O)c1nn(C)c2c(C)cc(Nc3nccc(-c4cc(CN(C)C)n(C)n4)n3)cc12,Non-blocker,Non-blocker,0,MXMXGPIDCZRPRS-UHFFFAOYSA-N,MXMXGPIDCZRPRS,data_herg_dev,CHEMBL4790107,
Sc1[nH]cnc2c1sc1nc(=[N+]3CCOCC3)c3c(c12)CCCC3,Blocker,Blocker,1,KVVASTRPZBEADU-UHFFFAOYSA-O,KVVASTRPZBEADU,PubChem,1325691,
Cc1ccc(C(=O)Nc2ccc(C(=O)O)cc2NC(=O)c2ccc(C)cc2)cc1,Non-blocker,Non-blocker,0,CPMAIBZPAIATEN-UHFFFAOYSA-N,CPMAIBZPAIATEN,PubChem,1296278,
CCC(O)(CC)c1cn(-c2ccc(F)cc2)c2ccc(Cl)cc12,Blocker,Non-blocker,0,XOSACJAQDPAKSG-UHFFFAOYSA-N,XOSACJAQDPAKSG,data_herg_dev,CHEMBL53871,
OCCc1nccn1Cc1cn(-c2ccc(S(F)(F)(F)(F)F)cc2)nn1,Blocker,Blocker,,KSYNJOQTXRFSTA-UHFFFAOYSA-N,KSYNJOQTXRFSTA,eval_set_herg_70.csv,,
CCN(CC)[C@@H](NC(=O)c1ccccc1)C(=O)c1ccccc1,Non-blocker,Non-blocker,0,UARXKDKTPHIBCN-GOSISDBHSA-N,UARXKDKTPHIBCN,PubChem,645039,
CNCCO,Non-blocker,Non-blocker,0,OPKOKAMJFNKNAS-UHFFFAOYSA-N,OPKOKAMJFNKNAS,PubChem,8016,
Cc1ccc(NC(=O)c2c(-c3ccccc3)csc2NC(=O)CC(C)C)c(C)c1,Non-blocker,Non-blocker,0,QQVHDRFXALQZIK-UHFFFAOYSA-N,QQVHDRFXALQZIK,PubChem,2195944,
Cc1cc(O)c(C(C)(C)C)cc1C(C)(C)C,Non-blocker,Non-blocker,,WYSSJDOPILWQDC-UHFFFAOYSA-N,WYSSJDOPILWQDC,eval_set_herg_70.csv,,
Cn1c(CNC(=O)c2cccs2)nnc1SCC(=O)Nc1ccccc1,Non-blocker,Non-blocker,0,FTWZJTGDELZLRD-UHFFFAOYSA-N,FTWZJTGDELZLRD,PubChem,986499,
Cc1cccc(-n2ncc3c(N4C[C@H](C)C[C@@H](C)C4)ncnc32)c1,Non-blocker,Non-blocker,0,DLJHKUKZXUWCQO-HUUCEWRRSA-N,DLJHKUKZXUWCQO,PubChem,3709075,
N#Cc1cnc(Nc2cc(NC[C@@H]3CNCCO3)c(-c3ccc(F)cc3)cn2)cn1,Blocker,Blocker,1,OKBSVWMOYSAQKV-KRWDZBQOSA-N,OKBSVWMOYSAQKV,data_herg_dev,CHEMBL4740662,
CN(C)[P@](=O)(Nc1ccccc1)C(Cl)Cl,Non-blocker,Non-blocker,0,NFPGBUKGDCHVAO-OAHLLOKOSA-N,NFPGBUKGDCHVAO,PubChem,2326446,
O=C(Nc1cccc2ccccc12)/C(=C/c1ccc([N+](=O)[O-])cc1)NC(=O)c1ccccc1,Non-blocker,Non-blocker,0,NLHHNUMTIRZZQZ-ULJHMMPZSA-N,NLHHNUMTIRZZQZ,PubChem,6504838,
Br.CCCN1CCc2cc(O)cc3c2[C@H]1Cc1ccc(O)c(O)c1-3,Non-blocker,Blocker,1,KIAIFHTWTMKEDI-XFULWGLBSA-N,KIAIFHTWTMKEDI,data_herg_dev,CHEMBL1613539,
Nc1cnc(COc2ccc(C3(c4ccc(-c5nnco5)nc4)CCCO3)cc2)cn1,Blocker,Non-blocker,,ABPVDVWWLANDBC-UHFFFAOYSA-N,ABPVDVWWLANDBC,eval_set_herg_60.csv,,
Cc1ccc2[nH]c(-c3ccc(-c4ccc(O[C@H]5CC[C@@H](CC(=O)O)CC5)nc4)nc3)nc2n1,Non-blocker,Non-blocker,0,FNWZYYCFELRHJC-UWUNEBHHSA-N,FNWZYYCFELRHJC,data_herg_dev,CHEMBL4542552,
O=C(c1ccccc1)c1ccc(OCCOCCN2CCN(Cc3ccccc3)CC2)cc1,Blocker,Non-blocker,0,ZSTJHRUCJAHTDK-UHFFFAOYSA-N,ZSTJHRUCJAHTDK,PubChem,2977648,
Cc1ccc(S(=O)(=O)C[C@](C)(O)C(=O)Nc2cccc(C(F)(F)F)c2)cc1,Non-blocker,Non-blocker,0,OOORFTSUBJMPJT-KRWDZBQOSA-N,OOORFTSUBJMPJT,PubChem,3512423,
CCN(CC)Cc1c(C)[nH]c2ccc(NC(C)=O)cc2c1=O,Non-blocker,Non-blocker,0,HDOKWGNPIKVSEX-UHFFFAOYSA-N,HDOKWGNPIKVSEX,PubChem,321832,
CCCCCC[C@@H]1C[C@](C)(C(=O)CNc2nncs2)OC1=O,Non-blocker,Non-blocker,0,SKBKJNVKTVVHAV-IAQYHMDHSA-N,SKBKJNVKTVVHAV,PubChem,12005586,
N#Cc1ccc(CNC(=O)N(c2cccc(F)c2)C2CCN(CCC3(c4cccc(F)c4)CCN(C(=O)c4ccc(F)cc4O)CC3)CC2)cc1,Blocker,Blocker,1,AUXLEXOOIRAZSB-UHFFFAOYSA-N,AUXLEXOOIRAZSB,PubChem,52949290,21055933
CC[C@@H](C)NC(=O)Nc1ccc(Br)cc1Cl,Non-blocker,Non-blocker,0,JWLVUMDTLQKCBN-SSDOTTSWSA-N,JWLVUMDTLQKCBN,PubChem,6466772,
Cc1ccc(NC(=O)NCc2ccccn2)cc1,Non-blocker,Blocker,1,HOGKDEGSFNCKPD-UHFFFAOYSA-N,HOGKDEGSFNCKPD,PubChem,2560368,
O=C1OC2(CCC(c3nc4cc(OC(F)(F)F)ccc4[nH]3)CC2)CN1c1cccc(F)n1,Blocker,Blocker,1,YRFZDCNXFCWVLF-UHFFFAOYSA-N,YRFZDCNXFCWVLF,PubChem,CUPID,
CCN(C(=O)Cc1ccc(S(C)(=O)=O)cc1)C1CCN(CC[C@@H](c2ccccc2)C2CCN(S(C)(=O)=O)CC2)CC1,Non-blocker,Non-blocker,0,PPYMERDBEMQHQM-PMERELPUSA-N,PPYMERDBEMQHQM,data_herg_dev,CHEMBL1951906,
CNC[C@@H](c1ccc(Cl)c(Cl)c1)[C@@H](O)c1ccsc1,Blocker,Blocker,,OBLQTDRIHYWTHA-FZMZJTMJSA-N,OBLQTDRIHYWTHA,eval_set_herg_70.csv,,
COc1cc(C(=O)N2CCN(c3ccccc3)CC2)c([N+](=O)[O-])cc1OC,Non-blocker,Non-blocker,0,KWBGMKHJLMAMSJ-UHFFFAOYSA-N,KWBGMKHJLMAMSJ,PubChem,1116202,
COC(C[C@H](O)CC(=O)COCc1ccccc1)OC,Non-blocker,Non-blocker,0,VRRQHLXPGPZWBF-CYBMUJFWSA-N,VRRQHLXPGPZWBF,PubChem,16745985,
COc1cc(CCC(C)(C)N2Cc3cc4c(cc3C2)OCO4)ccc1OCCO,Blocker,Blocker,1,ZSXSCBZZKDDDST-UHFFFAOYSA-N,ZSXSCBZZKDDDST,data_herg_dev,,
CCOC(=O)c1ccc(C2CCC(NC[C@H](O)COc3ccc(O)c(NS(C)(=O)=O)c3)CC2)cc1.Cl,Blocker,Non-blocker,0,VEZDPEGPNPRTOH-JSZWSAAYSA-N,VEZDPEGPNPRTOH,data_herg_dev,,16654936
COCC1CCCN1N1CCN(c2cccc(Cl)c2)C1=O,Blocker,Blocker,1,AQPYEVVJFZDJNJ-UHFFFAOYSA-N,AQPYEVVJFZDJNJ,CUPID,CUPID,
O=C(COc1cccc(NC(=O)c2ccccc2)c1)c1ccccc1,Non-blocker,Non-blocker,0,DSIGERPHEMPZEN-UHFFFAOYSA-N,DSIGERPHEMPZEN,PubChem,3594017,
Cc1cccc(S(=O)(=O)NCCCCN2CCC(c3noc4cc(F)ccc34)CC2)c1,Blocker,Blocker,1,BPVLKJSAFIGBKX-UHFFFAOYSA-N,BPVLKJSAFIGBKX,data_herg_dev,CHEMBL3289992,
COc1cc(-c2cn([C@H]3C[C@@H](C(F)(F)F)CCN(CC(F)(F)F)C3=O)nn2)ccc1-n1cnc(C)c1,Blocker,Non-blocker,0,FNGBGXPVVBCEGE-YJBOKZPZSA-N,FNGBGXPVVBCEGE,data_herg_dev,CHEMBL2017582,
O=C(Cc1c(F)cccc1Cl)Nc1ccc(S(=O)(=O)N2CCCC2)cc1,Non-blocker,Non-blocker,0,GESRJIYNACIFBP-UHFFFAOYSA-N,GESRJIYNACIFBP,PubChem,1025715,
Nc1nccn1Cc1cn(-c2ccc(Cl)c(OC(F)F)c2)nn1,Blocker,Blocker,1,BRINTJVXMVTOJY-UHFFFAOYSA-N,BRINTJVXMVTOJY,data_herg_dev,,
Cc1nccn1Cc1cn(-c2ccc(C(F)(F)F)cc2)nn1,Blocker,Blocker,1,BLCNKRJMNGQWJU-UHFFFAOYSA-N,BLCNKRJMNGQWJU,data_herg_dev,,
COc1cccc(-c2cccc(C3(c4ccncc4)N=C(N)CS3)c2)c1,Non-blocker,Non-blocker,0,PEXWMBKSLYMVGI-UHFFFAOYSA-N,PEXWMBKSLYMVGI,data_herg_dev,CHEMBL2380456,
Cc1n[nH]c(C)c1CCn1cc(-c2ccc(Cl)c(OC(F)F)c2)cn1,Blocker,Blocker,1,CRTYJRKVIQBRIW-UHFFFAOYSA-N,CRTYJRKVIQBRIW,data_herg_dev,,
CCn1nc(C(=O)Nc2ccc(Cl)c(S(=O)(=O)N3CCOCC3)c2)c2ccccc2c1=O,Non-blocker,Non-blocker,0,NESFBVIIRZDCCD-UHFFFAOYSA-N,NESFBVIIRZDCCD,PubChem,16235321,
CC(C)(C)C(=O)COC(=O)c1ccc(O)cc1,Non-blocker,Non-blocker,0,XTNXYJJPWAGEKG-UHFFFAOYSA-N,XTNXYJJPWAGEKG,PubChem,2431286,
COc1ccc(OCCNCCCF)cc1[C@@H]1c2[nH]c3ccccc3c2C[C@@H](C)N1CC(F)F,Blocker,Blocker,1,HLEVNGBZPKFBLQ-WGDIFIGCSA-N,HLEVNGBZPKFBLQ,PubChem,135277092,
Cc1nc2ccccc2c(=O)n1-c1ccc(OCCCN2CCCC(C)C2)cc1,Blocker,Blocker,1,JJPQJBHHIMNRNW-UHFFFAOYSA-N,JJPQJBHHIMNRNW,PubChem,CUPID,
Fc1ccc(C(c2ccc(F)cc2)N2CCNCC2)cc1,Blocker,Blocker,,TTXIFFYPVGWLSE-UHFFFAOYSA-N,TTXIFFYPVGWLSE,eval_set_herg_60.csv,,
CCN1CCN(C(=O)c2ccc(N3C[C@@H]4C[C@H](C3)c3cccc(=O)n3C4)c(NC(=O)c3cc(OC)cc(OC)c3)c2)CC1,Non-blocker,Non-blocker,0,RPXCBOUCHPUGIK-WIOPSUGQSA-N,RPXCBOUCHPUGIK,PubChem,6616600,
Cc1nc2ncccc2cc1-c1ccc2cc(CCN3CCC[C@H]3C)ccc2n1,Blocker,Blocker,1,VLKAMDZYTNJHHG-QGZVFWFLSA-N,VLKAMDZYTNJHHG,PubChem,11710694,20457525
O=[N+]([O-])c1ccccc1S(=O)(=O)c1ccccc1[N+](=O)[O-],Non-blocker,Non-blocker,0,IHZVFZOUXUNSPQ-UHFFFAOYSA-N,IHZVFZOUXUNSPQ,PubChem,365388,
NC(=O)c1cnc2cc(Cl)c(-c3cccnc3)cc2c1NC1CCOCC1,Blocker,Blocker,1,XCXQCDZGZFSADX-UHFFFAOYSA-N,XCXQCDZGZFSADX,PubChem,155510524,27259031
COc1ccccc1Oc1ccccc1CN1CCC2(CC1)CCN(C(=O)c1ccncn1)CC2,Blocker,Blocker,1,GMCICJZIANWTML-UHFFFAOYSA-N,GMCICJZIANWTML,PubChem,44598821,19954248
Cl.Cn1c(=O)c2c(nc(N3CCC[C@@H](N)C3)n2Cc2cc(F)ccc2Cl)c2ccc(C(=O)O)cc21,Non-blocker,Blocker,1,PAVGMVFHWIYGKG-PKLMIRHRSA-N,PAVGMVFHWIYGKG,data_herg_dev,CHEMBL2147070,
CCOC(=O)N1CCC(O)(CN2CC[C@H](N3C(=O)Cc4ccccc43)C2)CC1,Non-blocker,Blocker,1,UNDGBOSCPSZNOO-KRWDZBQOSA-N,UNDGBOSCPSZNOO,PubChem,71528088,24900656
CCS(=O)(=O)N1CC(CC#N)(n2cc(-c3ncnc4[nH]ccc34)cc2C#N)C1,Non-blocker,Non-blocker,,MJNRVLDPXSZXRB-UHFFFAOYSA-N,MJNRVLDPXSZXRB,eval_set_herg_60.csv,,
CN(C)CCN1C2CCC1CC(OC(c1ccc(F)cc1)c1ccc(F)cc1)C2,Blocker,Blocker,1,BUKVGHYPCOCXBN-UHFFFAOYSA-N,BUKVGHYPCOCXBN,CUPID,CUPID,
O=C(CSc1ncnc2sc(-c3ccccc3)cc12)N[C@@H]1CCS(=O)(=O)C1,Non-blocker,Non-blocker,0,MHGBQHVOWZEXKW-CYBMUJFWSA-N,MHGBQHVOWZEXKW,PubChem,4876398,
CCCCCCCCCC(CC)c1ccc(S(=O)(=O)O)cc1,Non-blocker,Non-blocker,0,QJRVOJKLQNSNDB-UHFFFAOYSA-N,QJRVOJKLQNSNDB,data_herg_dev,,29249
Cn1c(=O)sc2ccc(-c3ccc(C[C@@H](C#N)NC(=O)[C@@H]4CNCCCO4)cc3)cc21,Non-blocker,Non-blocker,0,DRQDONWWFWYTII-ICSRJNTNSA-N,DRQDONWWFWYTII,data_herg_dev,CHEMBL3972563,
OCCNCc1ccccc1,Non-blocker,Blocker,,XNIOWJUQPMKCIJ-UHFFFAOYSA-N,XNIOWJUQPMKCIJ,eval_set_herg_70.csv,,
Cc1cccc(N2CCN(c3cc(C)nc4nnnn34)C[C@H]2C)c1,Non-blocker,Non-blocker,0,YTYSUZDZMUFJDW-CQSZACIVSA-N,YTYSUZDZMUFJDW,PubChem,3242632,
COc1ccc([C@@H]2/C(=C(/O)c3ccc4c(c3)C[C@@H](C)O4)C(=O)C(=O)N2CCCN2CCOCC2)cc1OC,Non-blocker,Non-blocker,0,OOWAFQVYQZQUCF-KXWKXPMXSA-N,OOWAFQVYQZQUCF,PubChem,16430203,
CCN1CCCC(C(=O)N2CCN(C(=O)Nc3ccc(Cl)c(Cl)c3)CC2)C1,Non-blocker,Blocker,1,USNLEYVXXNQTEL-UHFFFAOYSA-N,USNLEYVXXNQTEL,CUPID,CUPID,
COC(=O)N(NC(=O)c1c(CN2CCN(C3CCCCC3)CC2)c(-c2ccccc2)nc2ccccc12)c1ccccc1,Blocker,Blocker,1,OSZCHXOPUIXZNT-UHFFFAOYSA-N,OSZCHXOPUIXZNT,PubChem,44418978,16950617
Fc1ccc2cc(CO[C@@H]3CCNC3)ccc2c1,Blocker,Non-blocker,0,LMGLVWVNPWWAAK-OAHLLOKOSA-N,LMGLVWVNPWWAAK,data_herg_dev,CHEMBL469811,
CC(C)N1C(=O)[C@H](NC(=O)[C@@H](Cc2cc(F)ccc2F)NC(=O)c2ccc(F)cc2C(F)(F)F)CCc2cc(Cl)ccc21,Blocker,Blocker,1,DTFSVSIXYYLVRO-JWQCQUIFSA-N,DTFSVSIXYYLVRO,data_herg_dev,CHEMBL398620,
CCN(c1ccccc1)S(=O)(=O)c1ccc(NC[C@@H]2COc3ccccc3O2)nc1,Non-blocker,Non-blocker,0,BAEWUJRANKALKZ-GOSISDBHSA-N,BAEWUJRANKALKZ,PubChem,2998477,
COc1ccccc1NC(=O)[C@@H]1CCCN(S(=O)(=O)c2c[nH]cn2)C1,Non-blocker,Non-blocker,0,JFTVNEHHRCYIFE-GFCCVEGCSA-N,JFTVNEHHRCYIFE,PubChem,5307461,
CNS(=O)(=O)c1ccc2c(C(=O)NC[C@@H](O)CN3CCC(Oc4ccc(Cl)c(Cl)c4)CC3)c[nH]c(=O)c2c1,Blocker,Blocker,1,AMEQLQYPRVOFMB-OAHLLOKOSA-N,AMEQLQYPRVOFMB,PubChem,59296048,23116889
CCCOc1ccc(N2C(=O)C[C@@H](N(CCC)C(=O)CCC(=O)O)C2=O)cc1,Non-blocker,Non-blocker,0,VBEFZFRKYHLSSB-MRXNPFEDSA-N,VBEFZFRKYHLSSB,PubChem,660482,
N#Cc1ccc2ncc(C#N)c(CC[C@]34CC[C@](NCc5ccc6c(n5)NC(=O)CO6)(CC3)CO4)c2n1,Blocker,Blocker,1,JIQBBLTUYJYCFO-MCZWQBSQSA-N,JIQBBLTUYJYCFO,PubChem,71153161,25911300
CCOc1ccccc1N(CC(=O)Nc1cc(OC)ccc1OC)S(C)(=O)=O,Non-blocker,Non-blocker,0,ILUXQMCHWTVZNJ-UHFFFAOYSA-N,ILUXQMCHWTVZNJ,PubChem,1100065,
CC(=O)Oc1ccccc1C(=O)O,Non-blocker,Non-blocker,,BSYNRYMUTXBXSQ-UHFFFAOYSA-N,BSYNRYMUTXBXSQ,eval_set_herg_60.csv,,
O=C(N/N=C\c1ccc2c(c1)OCO2)c1ccc(Cn2cc(Br)c([N+](=O)[O-])n2)o1,Non-blocker,Non-blocker,0,WSELNTPLNGUPIV-SWNXQHNESA-N,WSELNTPLNGUPIV,PubChem,5433960,
Cc1nc2ccc(F)cc2n1C1C[C@H]2CC[C@H](C1)N2CC[C@H](NC(=O)[C@H]1CC[S@@+]([O-])CC1)c1ccc(F)cc1,Blocker,Blocker,1,VIQOPVNZGWSKEX-YEKAMDGCSA-N,VIQOPVNZGWSKEX,data_herg_dev,,
Cc1ccc(-c2nn(-c3ccccc3)c3[nH]c(=O)c(CNCc4ccccc4)cc23)cc1,Non-blocker,Non-blocker,0,ONNPHLSASLYLQP-UHFFFAOYSA-N,ONNPHLSASLYLQP,PubChem,135418010,
N#Cc1nc(NCc2ccccn2)c2c(-c3ccccc3)cccc2n1,Blocker,Non-blocker,0,VHMIVHVYUOEJTK-UHFFFAOYSA-N,VHMIVHVYUOEJTK,data_herg_dev,CHEMBL4450487,
Cc1cc(=O)oc2c(Cl)c(OCCCCN3CCC(c4noc5cc(F)ccc45)CC3)ccc12,Blocker,Blocker,1,QBXXUIOGPPBTJN-UHFFFAOYSA-N,QBXXUIOGPPBTJN,PubChem,57334553,23675993
C[C@@H]1CCCN1CCc1cc2cc(-c3cn[nH]c3)ccc2o1,Blocker,Blocker,,DATDVQKGDSNVRT-CYBMUJFWSA-N,DATDVQKGDSNVRT,eval_set_herg_70.csv,,
C[C@@H]1Cc2c([nH]c3ccccc23)[C@@H](c2c(F)ccc(OCCNCCCF)c2F)N1CC(F)(F)CO,Blocker,Blocker,1,MULLTNVDYCQIAT-PUAOIOHZSA-N,MULLTNVDYCQIAT,PubChem,135277137,
O=c1ccc2c([nH]1)CCC(NCCCCCCCCNc1c3c(nc4cc(Cl)ccc14)CCCC3)C2,Blocker,Blocker,1,MJGWIGHIQLEJMP-UHFFFAOYSA-N,MJGWIGHIQLEJMP,PubChem,CUPID,
O=C(c1ccc(F)cc1)C1CCN(CCn2c(=O)[nH]c3ccccc3c2=O)CC1,Blocker,Blocker,1,FPCCSQOGAWCVBH-UHFFFAOYSA-N,FPCCSQOGAWCVBH,PubChem,44246718,
CCc1nc2ccc(Cl)cn2c1C(=O)NCc1ccc(N2CCC(c3ccc(OC(F)(F)F)cc3)CC2)cc1,Blocker,Blocker,1,OJICYBSWSZGRFB-UHFFFAOYSA-N,OJICYBSWSZGRFB,data_herg_dev,CHEMBL3298910,
CC(=O)Nc1cccc(C2CCN(Cc3ccc(Cc4nc5ccccc5n4-c4ccc(F)cc4)cc3C#N)CC2)c1,Blocker,Blocker,1,ZVZUAXPVZQOROV-UHFFFAOYSA-N,ZVZUAXPVZQOROV,data_herg_dev,CHEMBL3218998,
O=C(c1ccc(F)cc1)C1CC[N+](CCn2c(=O)[nH]c3ccccc3c2=O)CC1,Blocker,Blocker,1,FQSWGCUYFICFFX-UHFFFAOYSA-N,FQSWGCUYFICFFX,data_herg_dev,,
Cc1c([C@@H](O)CN2CCC3(CC2)CCN(c2ccc(S(C)(=O)=O)nc2)C3)ccc2c1COC2=O,Non-blocker,Non-blocker,0,AJOOFYNEBGXCFI-QFIPXVFZSA-N,AJOOFYNEBGXCFI,data_herg_dev,CHEMBL4087218,
CCN1CCN([C@@H](CNS(=O)(=O)c2ccc(Cl)cc2)c2cccnc2)CC1,Non-blocker,Non-blocker,0,DVYOJEXFPKIDKK-IBGZPJMESA-N,DVYOJEXFPKIDKK,PubChem,16806772,
CNC(C)C1(c2ccc(Cl)c(Cl)c2)CCCCC1,Non-blocker,Non-blocker,0,ZJNJPYFFMXVAGY-UHFFFAOYSA-N,ZJNJPYFFMXVAGY,data_herg_dev,CHEMBL1684045CHEMBL1684057,
CC(=O)Nc1cc(C(C)C)c(O)c(C(C)C)c1,Non-blocker,Non-blocker,0,PHSJJLICQTWSOW-UHFFFAOYSA-N,PHSJJLICQTWSOW,PubChem,835028,
CCOc1ccc(S(=O)(=O)NCCC(=O)OCC(=O)c2ccc(NC(C)=O)cc2)cc1,Non-blocker,Non-blocker,0,NHEVGVUNWUZALA-UHFFFAOYSA-N,NHEVGVUNWUZALA,PubChem,24687639,
C[C@@H](C1=C(CCN(C)C)Cc2ccccc21)c1ccccn1,Blocker,Blocker,1,MVMQESMQSYOVGV-OAHLLOKOSA-N,MVMQESMQSYOVGV,PubChem,56972160,
Cn1c(NNC(=O)C(c2ccccc2)c2ccccc2)cc(=O)n(C)c1=O,Non-blocker,Blocker,1,YKOBBDAGJQFROM-UHFFFAOYSA-N,YKOBBDAGJQFROM,PubChem,2145336,
CC(C)Cn1ccc(N2CCC(c3ccccc3)CC2)c(Cl)c1=O,Blocker,Blocker,1,JDKWNHPOHQWVSN-UHFFFAOYSA-N,JDKWNHPOHQWVSN,data_herg_dev,CHEMBL3337526,
CCOc1ccc(S(=O)(=O)N(C)c2ccc(OCC(=O)NC[C@H]3CCCO3)cc2)cc1,Non-blocker,Non-blocker,0,CDCQKASYZALFRI-HXUWFJFHSA-N,CDCQKASYZALFRI,PubChem,3402169,
Cc1cc(Cl)ccc1OC1CCN(C[C@H](O)CNC(=O)c2c[nH]c(=O)c3ccc(S(C)(=O)=O)cc23)CC1,Blocker,Non-blocker,0,GJJRSPSNZFRQIQ-GOSISDBHSA-N,GJJRSPSNZFRQIQ,data_herg_dev,CHEMBL2207277,
CC(C)c1ccc2c(c1)C(=O)C1(CCN(CC3CC3)CC1)N2,Blocker,Blocker,1,GHIRBTDTNWKUID-UHFFFAOYSA-N,GHIRBTDTNWKUID,data_herg_dev,CHEMBL4641459,
COC(=O)c1cn(NC(=O)CCC2CCCC2)c(=O)c2ccccc12,Non-blocker,Blocker,1,NRQUSSPHVLYWNP-UHFFFAOYSA-N,NRQUSSPHVLYWNP,PubChem,3491391,
Cc1ccc(NC(=O)c2cccc(C(F)(F)F)c2)cc1C#Cc1nn(C2CCN(C)C2)c2ncnc(N)c12,Blocker,Blocker,1,ZNLOMIKOARFGGZ-UHFFFAOYSA-N,ZNLOMIKOARFGGZ,PubChem,CUPID,
COc1ccccc1N1CCN(CCCCNC(=O)c2ccc(-c3ccc(C(C)=O)cc3)cc2)CC1,Blocker,Blocker,1,JARNORYOPMINDY-UHFFFAOYSA-N,JARNORYOPMINDY,PubChem,4302960,
COC(=O)c1scc(S(=O)(=O)C(C)(C)C)c1N,Non-blocker,Non-blocker,0,BWGFQBTYIMTGIW-UHFFFAOYSA-N,BWGFQBTYIMTGIW,PubChem,2819475,
CN1c2ccccc2[C@]2(OC[C@](C)([N+](=O)[O-])CO2)C1=O,Blocker,Blocker,1,NAWXMKLQYPGUBU-BETUJISGSA-N,NAWXMKLQYPGUBU,PubChem,4036780,
C[C@@H]1c2nnn(-c3cc(F)ccn3)c2CCN1C(=O)c1cccc(C(F)(F)F)c1Cl,Blocker,Blocker,1,ZBNSIPDAEHDWPC-SNVBAGLBSA-N,ZBNSIPDAEHDWPC,data_herg_dev,CHEMBL4094806,
CCC(=O)N1CCc2c(nc(C)n2[C@H]2C[C@H]3CC[C@@H](C2)N3CC[C@H](NC(C)=O)c2cccc(F)c2)C1,Blocker,Blocker,1,WXXISHFEQSMQJE-LIONHTAISA-N,WXXISHFEQSMQJE,PubChem,11785237,21128663
Cc1cccn2c(=O)c(/C=C(\C#N)C(=O)N[C@@H]3CCS(=O)(=O)C3)c(Oc3ccc(F)cc3)nc12,Non-blocker,Non-blocker,0,ANTLQBMMFPNGQF-GSPCDJLXSA-N,ANTLQBMMFPNGQF,PubChem,6150569,
COc1ccc(NC(=O)c2cc([N+](=O)[O-])ccc2N2CCCCC2)cc1,Non-blocker,Non-blocker,0,ZQJBFNMDPLGZRA-UHFFFAOYSA-N,ZQJBFNMDPLGZRA,PubChem,2871098,
C=C1C2CC3(C1O)C1CC4C5(C)CCC(O)C4(C1N(CC)C5)C3CC2=O,Non-blocker,Non-blocker,,CBOSLVQFGANWTL-UHFFFAOYSA-N,CBOSLVQFGANWTL,eval_set_herg_70.csv,,
O=C([C@H]1CNCC[C@@]12OCc1cc(F)c(F)cc12)N(Cc1cccc(C(F)(F)F)c1Cl)C1CC1,Blocker,Non-blocker,0,PRVWMJVSFWNIFV-JPYJTQIMSA-N,PRVWMJVSFWNIFV,data_herg_dev,CHEMBL1923118,
CCOc1ccc2cc(-c3nn(C4CCCCC4)c(N)c3C(N)=O)ccc2n1,Non-blocker,Non-blocker,0,ONQFGFIAOHMNST-UHFFFAOYSA-N,ONQFGFIAOHMNST,data_herg_dev,CHEMBL3770802,
Cc1nc(CNS(=O)(=O)c2cc(C)c(C)cc2C)cs1,Non-blocker,Non-blocker,0,SEHMRQKXZMEZBL-UHFFFAOYSA-N,SEHMRQKXZMEZBL,PubChem,3238536,
N#CCSC1=Nc2ccccc2C2=N[C@H](CCC(=O)N3CCN(c4ccccc4)CC3)C(=O)N12,Non-blocker,Non-blocker,0,MHVVVUUHOWVVLK-OAQYLSRUSA-N,MHVVVUUHOWVVLK,PubChem,3241993,
C=C1[C@H]2CC3(C4C[C@H]5C6(C4N(CC)C[C@]5(C)CC[C@@H]6O)[C@@H]3C[C@@H]2O)[C@@H]1O,Non-blocker,Non-blocker,,AZAZKLKDEOMJBJ-OLOAVZRQSA-N,AZAZKLKDEOMJBJ,eval_set_herg_70.csv,,
CN1[C@H]2CCC[C@@H]1CN(CC(=O)c1nn(C)c3ccccc13)C2,Non-blocker,Blocker,,IMGGWISNLMKMPR-OKILXGFUSA-N,IMGGWISNLMKMPR,eval_set_herg_60.csv,,
CC[C@H](C(=O)NC1CCCC1)N(C(=O)c1snc(C(N)=O)c1N)c1ccc(OC)c(OC)c1,Non-blocker,Non-blocker,0,SCWZWEAHRDFLER-CQSZACIVSA-N,SCWZWEAHRDFLER,PubChem,3179972,
c1ccc(-c2cccc3nc(-c4cncs4)nc(NCc4ccccn4)c23)cc1,Non-blocker,Blocker,1,PWBWOYXKXHHDGJ-UHFFFAOYSA-N,PWBWOYXKXHHDGJ,PubChem,68204898,27660686
COC(=O)c1ccc(NC(=O)CSc2nc(=O)cc(N)n2-c2ccccc2)cc1,Non-blocker,Non-blocker,0,DOIVUIMOHLEYDI-UHFFFAOYSA-N,DOIVUIMOHLEYDI,PubChem,1308533,
CC(C)Oc1cc([C@@H](C2=CCC(=O)N=C2)C2=CNC(C(C)(C)O)C=C2)ccc1OC(F)F,Non-blocker,Non-blocker,,NEOCIRBUHOQWHN-LWMIZPGFSA-N,NEOCIRBUHOQWHN,eval_set_herg_70.csv,,
O=C(c1ccc2cc(Oc3ccc(S(=O)(=O)C(F)(F)F)cc3)ccc2n1)N1CCNCC1,Blocker,Blocker,1,REGLDXIVBNZLDY-UHFFFAOYSA-N,REGLDXIVBNZLDY,PubChem,118274011,35436748
CN(C)C1CCC2(Cc3ccccc3Cc3ccccc32)C1,Blocker,Blocker,,IYDOAHOHMRQFTJ-UHFFFAOYSA-N,IYDOAHOHMRQFTJ,eval_set_herg_70.csv,,
CCOc1ccc(NC2=[N+](CCOC)Cc3cc4cc(C)ccc4nc3S2)cc1,Non-blocker,Non-blocker,0,ZMORNKOPLONKIQ-UHFFFAOYSA-O,ZMORNKOPLONKIQ,PubChem,3221532,
O=S1(=O)N(CCN2CC=C(c3c[nH]c4cc(F)ccc34)CC2)c2cccc3c2N1CCC3,Blocker,Blocker,1,BJIPVHLRWSDKOS-UHFFFAOYSA-N,BJIPVHLRWSDKOS,PubChem,4605800,
Cc1c([C@@H]2c3[nH]c4ccccc4c3C[C@@H](C)N2C[C@@H](C)C(=O)O)ccnc1OCCN(C)CCCF,Non-blocker,Non-blocker,0,UYQMGGVHIFKJLM-LJKQEARRSA-N,UYQMGGVHIFKJLM,data_herg_dev,,
COc1cc(CO)ccc1-c1cc2c(N[C@H](CO)c3ccccc3)ncnc2[nH]1,Non-blocker,Non-blocker,0,XASIDLKFOKNOHS-LJQANCHMSA-N,XASIDLKFOKNOHS,data_herg_dev,CHEMBL4164805,
C[C@@H]1Cc2ccccc2N1C(=O)COC(=O)CSc1ccc(F)cc1,Non-blocker,Non-blocker,0,URODSUJZMOXTKA-CYBMUJFWSA-N,URODSUJZMOXTKA,PubChem,24980657,
NS(=O)(=O)c1ccncc1-c1nc(NCc2ccccn2)c2c(-c3ccccc3)cccc2n1,Blocker,Non-blocker,0,CUBOBKCPPOSHOE-UHFFFAOYSA-N,CUBOBKCPPOSHOE,data_herg_dev,CHEMBL4077920,
COc1cc(C(=O)N2CCN(Cc3ccc4c(c3)OCO4)CC2)c([N+](=O)[O-])cc1OC,Non-blocker,Non-blocker,0,QKNSBHUUQTXINE-UHFFFAOYSA-N,QKNSBHUUQTXINE,PubChem,1346837,
FC(F)(F)c1ccc(Nc2ncnc3cc(-c4ncccc4C(F)(F)F)ccc23)cc1,Blocker,Blocker,1,VTANGSDRFFLTSQ-UHFFFAOYSA-N,VTANGSDRFFLTSQ,data_herg_dev,CHEMBL214796,
O=C1CC2(CCCCC2)Oc2ccccc21,Non-blocker,Blocker,1,DBQLMDVZSFDTRL-UHFFFAOYSA-N,DBQLMDVZSFDTRL,PubChem,11106781,
Cc1c2c(nn1-c1nnc(-c3ccc(OC(C)C)c(Cl)c3)s1)CCN(CCC(=O)O)C2,Blocker,Non-blocker,0,BGAJNPLDJJBRHK-UHFFFAOYSA-N,BGAJNPLDJJBRHK,data_herg_dev,CHEMBL3769933,
Cn1cnc2c(C(O)c3ccc(F)c(-c4ncnc5cc(N6CCOCC6)ccc45)c3)ncnc21,Non-blocker,Non-blocker,0,KPHDWKKIMJUEFT-UHFFFAOYSA-N,KPHDWKKIMJUEFT,data_herg_dev,,
CCCn1c(N)c(N(CCOC)C(=O)c2ccc(F)cc2)c(=O)[nH]c1=O,Non-blocker,Non-blocker,0,DIRMBWCPAHRQRP-UHFFFAOYSA-N,DIRMBWCPAHRQRP,PubChem,4791020,
COC(=O)c1c(NC(=O)c2ccc([N+](=O)[O-])o2)sc2c1CCN(C(C)C)C2,Non-blocker,Non-blocker,0,JMDRJNKTQIRTJV-UHFFFAOYSA-N,JMDRJNKTQIRTJV,PubChem,24892684,
Cc1cc(/C=C2/SC(=O)N=C2O)c(C)n1-c1ccc(N2CCOCC2)cc1,Non-blocker,Non-blocker,0,AXIRJHLOCNKGFU-LDADJPATSA-N,AXIRJHLOCNKGFU,PubChem,1275696,
COCCNC(=O)c1ccc(OC2CCN(Cc3ccc(F)c(F)c3)CC2)c(Cl)c1,Blocker,Non-blocker,0,NDVQELHLBFVILT-UHFFFAOYSA-N,NDVQELHLBFVILT,data_herg_dev,CHEMBL533921,
CN1C(=O)c2ccccc2NC(=O)[C@]12O[C@@H]2c1ccccc1,Non-blocker,Non-blocker,0,APLKWZASYUZSBL-PBHICJAKSA-N,APLKWZASYUZSBL,PubChem,73525,
CCc1cc(CNC(=O)CNCC(=O)N2CCN(C(c3ccccc3)c3ccc(Cl)cc3)CC2)cc(CC)c1CC,Blocker,Non-blocker,,IVPYLWCXKMTLSS-UHFFFAOYSA-N,IVPYLWCXKMTLSS,eval_set_herg_60.csv,,
NC1=N[C@@]2(CO1)c1cc(-c3cccnc3F)ccc1Oc1c2cc(C2CCOCC2)nc1F,Non-blocker,Non-blocker,0,GKNHZGHUSLOLRK-DEOSSOPVSA-N,GKNHZGHUSLOLRK,data_herg_dev,CHEMBL3394223,
CCOC1COCCC1NC1CCC(C(=O)N2CCN(c3cc(C(F)(F)F)ccn3)CC2)(C(C)C)C1,Blocker,Blocker,1,BFASFNFZHNRMQV-UHFFFAOYSA-N,BFASFNFZHNRMQV,CUPID,CUPID,
Cc1ccc(CCNC(=O)CN2CCN(Cc3ccccc3F)C2=O)cc1,Non-blocker,Non-blocker,0,KJQHZRZRIDGVEG-UHFFFAOYSA-N,KJQHZRZRIDGVEG,PubChem,3245977,
FC(F)(F)c1cccc(-c2c[nH]c(C3CCCCC3)n2)c1,Non-blocker,Blocker,,AGUDQAGJEVFOJY-UHFFFAOYSA-N,AGUDQAGJEVFOJY,eval_set_herg_70.csv,,
CC(C)(C)NC1=NN=C(c2cc3ccccc3o2)CS1,Non-blocker,Non-blocker,0,IIQIUUMIPHKIBY-UHFFFAOYSA-N,IIQIUUMIPHKIBY,PubChem,135517195,
O=C(CCCN1CCC(O)(c2ccccc2)CC1)c1ccccc1,Blocker,Blocker,,IOCMJUXJUBZFSJ-UHFFFAOYSA-N,IOCMJUXJUBZFSJ,eval_set_herg_70.csv,,
O=C(N[C@H]1CC[C@H](c2ccc(O)cc2)CC1)C1Cc2ccccc2CN1,Blocker,Non-blocker,0,WSRMPOSDHQOTMA-PRESFXJZSA-N,WSRMPOSDHQOTMA,data_herg_dev,CHEMBL237102,
Cc1ccc(C)c(OCCC(=O)OCC(=O)NC(=O)NC2CCCCC2)c1,Non-blocker,Non-blocker,0,OBMCOVHWHQZKGB-UHFFFAOYSA-N,OBMCOVHWHQZKGB,PubChem,5112291,
CCCC[n+]1ccn(-c2nc3ccccc3nc2NS(=O)(=O)c2ccccc2)c1,Non-blocker,Non-blocker,0,DMECQUIIQRMTBD-UHFFFAOYSA-N,DMECQUIIQRMTBD,PubChem,1595670,
CCOC(=O)N1CCC(CN2CCC3(CC2)CC(=O)N(C)c2ncccc23)CC1,Blocker,Blocker,1,IMKSIJGBYUNDJM-UHFFFAOYSA-N,IMKSIJGBYUNDJM,CUPID,56952776,23816371
CN(C)c1ccnc(Nc2ccc(O)cc2)c1C#N,Non-blocker,Non-blocker,0,WOIJPBCYCOVADS-UHFFFAOYSA-N,WOIJPBCYCOVADS,PubChem,1471003,
Cc1cc([C@@H]2C[C@@H]3CC[C@H]2C3)n(O)c(=O)c1.NCCO,Non-blocker,Non-blocker,0,OIWZMFRAWARYEC-QJQMQQLTSA-N,OIWZMFRAWARYEC,data_herg_dev,CHEMBL4455404,
Cn1ccc(Cn2cc(-c3ccc(F)c(C(F)F)c3)cn2)n1,Blocker,Blocker,1,POUMWMHGHUZSLS-UHFFFAOYSA-N,POUMWMHGHUZSLS,data_herg_dev,,
Cc1noc(-c2cnc(Nc3cnc(C#N)cn3)cc2NCC2CCNCC2)n1,Blocker,Blocker,1,DLCWOIUMTMBPNM-UHFFFAOYSA-N,DLCWOIUMTMBPNM,data_herg_dev,CHEMBL4752942,
Cc1ccccc1NC(=O)c1cccc(C(=O)Nc2ccccc2C)c1,Blocker,Non-blocker,0,SVXXMMUKZOAHCZ-UHFFFAOYSA-N,SVXXMMUKZOAHCZ,PubChem,690015,
O=C(NCCNC(=O)c1cc(OCC(F)(F)F)ccc1OCC(F)(F)F)Nc1ccc(OC(F)(F)F)cc1,Non-blocker,Non-blocker,0,UPENEFXSLFBXIK-UHFFFAOYSA-N,UPENEFXSLFBXIK,PubChem,3847342,
CCC(=O)Nc1ccc(S(=O)(=O)Nc2c(C)nc3ncnn3c2O)cc1,Non-blocker,Non-blocker,0,MJPHEXHSRCHYBA-UHFFFAOYSA-N,MJPHEXHSRCHYBA,PubChem,22432661,
OC(CCCN1CCC(O)(c2ccc(Cl)cc2)CC1)c1ccc(F)cc1,Blocker,Blocker,,WNZBBTJFOIOEMP-UHFFFAOYSA-N,WNZBBTJFOIOEMP,eval_set_herg_70.csv,,
CCN(CC)CCC(=O)N1c2ccccc2Sc2ccc(C(F)(F)F)cc21,Blocker,Non-blocker,0,VHEOUJNDDFHPGJ-UHFFFAOYSA-N,VHEOUJNDDFHPGJ,data_herg_dev,,161562
COC(=O)CCSc1cc([N+](=O)[O-])cc2c1c([C@@H]1OCCS1)nn2-c1ccccc1,Non-blocker,Non-blocker,0,KOIQELYDMNKNLV-HXUWFJFHSA-N,KOIQELYDMNKNLV,PubChem,3608992,
CCN(CCn1cccn1)C(=O)c1cc(COc2c(F)cccc2F)on1,Non-blocker,Non-blocker,0,VKOVBORJSNANPQ-UHFFFAOYSA-N,VKOVBORJSNANPQ,PubChem,16190599,
CCN(C(=O)Cc1ccc(OC)cc1)C1CC2CCC(C1)N2CCC(NC(=O)C1CCC1)c1ccccc1,Blocker,Blocker,1,UGRYBQQJOKDQHB-UHFFFAOYSA-N,UGRYBQQJOKDQHB,CUPID,CUPID,
CCOc1ccccc1N1CCN(CC(=O)c2c(N)n(C)c(=O)n(C)c2=O)CC1,Non-blocker,Non-blocker,0,FEYWEURMPVMBDW-UHFFFAOYSA-N,FEYWEURMPVMBDW,PubChem,2451457,
Nc1ncnc2c1ncn2CCOCP(=O)(O)O,Blocker,Blocker,,SUPKOOSCJHTBAH-UHFFFAOYSA-N,SUPKOOSCJHTBAH,eval_set_herg_70.csv,,
COc1cccc(CSc2nc3ccccc3[nH]2)c1,Non-blocker,Non-blocker,0,LAWRJWNPRQNQIW-UHFFFAOYSA-N,LAWRJWNPRQNQIW,PubChem,2083716,
O=C(NCc1ccc(Cl)cc1)[C@@H]1[C@H]2C(=O)N(Cc3cccnc3)C[C@]23C=C[C@H]1O3,Non-blocker,Non-blocker,0,IWHAHSURAGHBBL-MDPIYQRISA-N,IWHAHSURAGHBBL,PubChem,3236150,
CC(C)(C)NC(=O)NCCN1CCOC(CNC(=O)c2cc(Cl)cc(Cl)c2)C1,Non-blocker,Non-blocker,0,VJRFWUNVUAFEDP-UHFFFAOYSA-N,VJRFWUNVUAFEDP,data_herg_dev,CHEMBL2338408,
O=C(COC(=O)CCc1nc2ccccc2c(=O)[nH]1)Nc1ccccc1OC(F)F,Non-blocker,Non-blocker,0,JSMOIPKPAPOBHW-UHFFFAOYSA-N,JSMOIPKPAPOBHW,PubChem,135463891,
CC(C)c1nccn1S(=O)(=O)c1cc(Cl)ccc1Cl,Blocker,Non-blocker,0,QDZGXGTWFYTNRW-UHFFFAOYSA-N,QDZGXGTWFYTNRW,PubChem,794380,
CC(OC(=O)N1C[C@@H]2C[C@H]1CN2C(=O)[C@@]1(C(C)C)CC[C@@H](NC2CCOCC2F)C1)C(F)(F)F,Blocker,Blocker,1,AYBACIIUMAZHGP-XHCWLKBBSA-N,AYBACIIUMAZHGP,data_herg_dev,CHEMBL1684706,
COCCNC(=O)[C@H]1CC(c2ccccc2[N+](=O)[O-])=NO1,Non-blocker,Non-blocker,0,MHYVINCRJYRSSH-GFCCVEGCSA-N,MHYVINCRJYRSSH,PubChem,11958815,
COc1ccc(CNC(=O)C[C@@H](NC(N)=O)c2ccccc2Cl)cc1OC,Non-blocker,Non-blocker,0,ZMLMTLWUWNUUNY-OAHLLOKOSA-N,ZMLMTLWUWNUUNY,PubChem,4883302,
COc1cccc(C(=O)NNC(=O)C(=O)Nc2cccc3ccccc23)c1,Blocker,Blocker,1,SCELOHKTFHMTBB-UHFFFAOYSA-N,SCELOHKTFHMTBB,PubChem,3117708,
CS(=O)(=O)c1ccc(C(=O)N2CCC(N(C3CC3)S(=O)(=O)c3cccc(C(F)(F)F)c3)CC2)c(C(F)(F)F)c1,Blocker,Blocker,1,KYCPTKDTPGARDF-UHFFFAOYSA-N,KYCPTKDTPGARDF,data_herg_dev,CHEMBL3092205,
COc1ccc(CC(=O)N[C@H](C)c2ccc(Cl)c(Cl)c2)cc1S(=O)(=O)N1CCOCC1,Non-blocker,Non-blocker,0,RMPFRQFUFBUKAL-CQSZACIVSA-N,RMPFRQFUFBUKAL,PubChem,25163215,
O=S1(=O)C[C@@H]2SC(=S)N(Cc3ccccc3)[C@@H]2C1,Non-blocker,Non-blocker,0,INJKOAVJNCZLQI-MNOVXSKESA-N,INJKOAVJNCZLQI,PubChem,3758232,
Cn1cc(Cn2cc(-c3ccc(Cl)cc3)cn2)cn1,Non-blocker,Blocker,,HXXKCCOYYFKOHT-UHFFFAOYSA-N,HXXKCCOYYFKOHT,eval_set_herg_70.csv,,
COc1ccc(C(=O)Nn2cnnc2)c(OC)c1,Non-blocker,Non-blocker,0,IANDGRGNCWIRDR-UHFFFAOYSA-N,IANDGRGNCWIRDR,PubChem,936109,
Cc1ccc(S(=O)(=O)Nc2ccncc2)c(C)c1N(C)S(=O)(=O)c1ccc(Cl)cc1,Non-blocker,Non-blocker,0,XYUMIKMGIGGVKG-UHFFFAOYSA-N,XYUMIKMGIGGVKG,PubChem,2940359,
Cn1ccc(Cn2cc(-c3cccc(OC(F)(F)F)c3)cn2)n1,Blocker,Blocker,,CPBUZCHPDATVEU-UHFFFAOYSA-N,CPBUZCHPDATVEU,eval_set_herg_70.csv,,
CCN(CC)C(=O)c1ccc(C(=C2CCN(Cc3ccc(F)cc3)CC2)c2ccccn2)cc1,Blocker,Blocker,1,HYHLRMXRROJIRV-UHFFFAOYSA-N,HYHLRMXRROJIRV,CUPID,57394195,22197137
COC(=O)CCN(C(=O)c1ccc(OC(C)=O)cc1)c1ccccn1,Non-blocker,Non-blocker,0,XROYIRPYAPKDQM-UHFFFAOYSA-N,XROYIRPYAPKDQM,PubChem,2918735,
O=C(CSc1nnc(-c2cccnc2)o1)Nc1ccccn1,Non-blocker,Non-blocker,0,AEKHNNIENKHATR-UHFFFAOYSA-N,AEKHNNIENKHATR,PubChem,974453,
CCS(=O)(=O)C[N+]C1c2cc(C[N+])ccc2OC(C)(C)C1O,Blocker,Blocker,,OGXKOXVZGAIVJE-UHFFFAOYSA-N,OGXKOXVZGAIVJE,eval_set_herg_60.csv,,
COc1ccc(C(=O)COC(=O)COc2cc(C)cc(C)c2)cc1,Non-blocker,Non-blocker,0,VGJWDCGUEUUTIK-UHFFFAOYSA-N,VGJWDCGUEUUTIK,PubChem,821588,
Cc1cc(OC(=O)c2ccccc2F)c([N+](=O)[O-])c(=O)[nH]1,Non-blocker,Non-blocker,0,HAECQMBQLFXLMQ-UHFFFAOYSA-N,HAECQMBQLFXLMQ,PubChem,7150661,
Cl.O=C(O)CNC(=O)c1c(O)cc(CCc2ccccc2)n2ncnc12,Non-blocker,Non-blocker,0,BPZAJOSLAXGKFI-UHFFFAOYSA-N,BPZAJOSLAXGKFI,data_herg_dev,CHEMBL4166742,
c1cc(-c2cnc3nc(N4CCC(N5CCCCC5)CC4)oc3c2)n2nccc2c1,Blocker,Blocker,1,NUJOTGYKFPUQJP-UHFFFAOYSA-N,NUJOTGYKFPUQJP,data_herg_dev,CHEMBL1958177,
OC(c1ccc(F)c(-c2ncnc3cc(N4CCOCC4)ccc23)c1)c1ncccc1Cl,Non-blocker,Non-blocker,0,IKPAUHLVUSUQBQ-UHFFFAOYSA-N,IKPAUHLVUSUQBQ,data_herg_dev,,
Cc1cc(Oc2nccc3occc23)ccc1-c1c(C)ncc2nccn12,Blocker,Non-blocker,0,HWAIAGZSWHOLLK-UHFFFAOYSA-N,HWAIAGZSWHOLLK,data_herg_dev,CHEMBL4277264,
Cn1cc(-c2cc3nccnc3c(NC[C@H]3CCCNC3)n2)cn1,Non-blocker,Non-blocker,0,YFVHXPJXPIIXGA-LBPRGKRZSA-N,YFVHXPJXPIIXGA,data_herg_dev,CHEMBL4458845,
Cc1nc2ccccc2n1Cc1cn(-c2ccc(Cl)c(Cl)c2)nn1,Blocker,Blocker,,NBDNSJRTVZQEOU-UHFFFAOYSA-N,NBDNSJRTVZQEOU,eval_set_herg_60.csv,,
CCNC(=O)[C@H](Cc1ccc(O)c(C(C)(C)C)c1)NC(=O)[C@H](C(C)C)N(C)C(=O)[C@H](Cc1ccc(F)cc1)NC,Blocker,Blocker,,KSDWAJPUTRBIRR-KLJDGLGGSA-N,KSDWAJPUTRBIRR,eval_set_herg_60.csv,,
COc1ccc(-c2ccn3c(CC4CC4(F)F)nnc3c2Cl)cc1F,Non-blocker,Non-blocker,,IEEMODLUHCUAEF-UHFFFAOYSA-N,IEEMODLUHCUAEF,eval_set_herg_70.csv,,
COc1ccc(N2CCN(C(=O)[C@@H]3CCCN(S(=O)(=O)c4cccc5cccnc45)C3)CC2)cc1,Non-blocker,Non-blocker,0,GYNFKFFKXBADSN-OAQYLSRUSA-N,GYNFKFFKXBADSN,PubChem,5309633,
Cc1cc(C(=O)Nc2ccc3[nH]ccc3c2)no1,Non-blocker,Non-blocker,0,VJGHVVSAQTZVLK-UHFFFAOYSA-N,VJGHVVSAQTZVLK,PubChem,2814136,
CN(C)C1CCN(c2ccc(Cl)c(Cl)c2)c2ccccc21,Blocker,Blocker,1,UEPBVWIBDNMJPA-UHFFFAOYSA-N,UEPBVWIBDNMJPA,CUPID,CUPID,
CN1C(=O)[C@H](NC(=O)Cc2ccccc2)N=C(c2ccccc2)c2ccccc21,Blocker,Blocker,1,GUWGGVBBJNORBJ-HSZRJFAPSA-N,GUWGGVBBJNORBJ,data_herg_dev,CHEMBL124306,
CC(=O)c1ccc(C2=CCC(N(CCN3CCCC3)C(=O)Nc3ccc(F)c(Cl)c3)CC2)s1,Blocker,Blocker,1,JPJRQKREDRIUHQ-UHFFFAOYSA-N,JPJRQKREDRIUHQ,data_herg_dev,CHEMBL390290,
CCC=O,Non-blocker,Non-blocker,0,NBBJYMSMWIIQGU-UHFFFAOYSA-N,NBBJYMSMWIIQGU,PubChem,527,
CC(O)CN(C)C1CCN(c2ccc(Nc3ncc4c5ccncc5n(C5CCC(C)CC5)c4n3)nn2)CC1,Blocker,Blocker,1,CQMZJAORBQTGTR-UHFFFAOYSA-N,CQMZJAORBQTGTR,CUPID,CUPID,
CN(C(=O)Cc1ccc(S(C)(=O)=O)cc1)C1CCN(Cc2nc3cc(F)ccc3s2)CC1F,Blocker,Blocker,1,BKCLNIGTOQSNPO-UHFFFAOYSA-N,BKCLNIGTOQSNPO,CUPID,CUPID,
N#Cc1ccc(Cn2cncc2CN(CCN2CCNCC2)[C@H]2CCN(Cc3cccc(Cl)c3)C2=O)cc1,Blocker,Blocker,1,OAOZPXOXMVMQBZ-NDEPHWFRSA-N,OAOZPXOXMVMQBZ,PubChem,9807068,11520202
C1=C(c2ccccn2)CCCN1c1nnc(N2CCC(N3CCCCC3)CC2)s1,Blocker,Blocker,1,KGTSVLOKRNDHFU-UHFFFAOYSA-N,KGTSVLOKRNDHFU,data_herg_dev,CHEMBL2048589,
C=CCn1c(C)cc(C(=O)COC(=O)CCc2cc(OC)c(OC)c(OC)c2)c1C,Non-blocker,Non-blocker,0,YRLVSFJHIYFGRW-UHFFFAOYSA-N,YRLVSFJHIYFGRW,PubChem,2398662,
CCN1CCC[C@H]1CNC(=O)c1c(O)c(Cl)cc(Cl)c1OC,Blocker,Non-blocker,0,WAOQONBSWFLFPE-VIFPVBQESA-N,WAOQONBSWFLFPE,data_herg_dev,,
O=c1oc2ccccc2c(O)c1Cc1c(O)c2ccccc2oc1=O,Blocker,Blocker,1,DOBMPNYZJYQDGZ-UHFFFAOYSA-N,DOBMPNYZJYQDGZ,data_herg_dev,,54676038
COC(=O)C1=C(c2ccc(Cl)c(C(F)(F)F)c2)C[C@@H]2CC[C@H]1N2C(=O)NCCOc1ccc(OC)cc1,Blocker,Non-blocker,0,AXHYDEZUGDGNNC-KSFYIVLOSA-N,AXHYDEZUGDGNNC,PubChem,25068491,
COc1ccc2ncc(F)c(C/C(=N\O)[C@]34CC[C@](NCc5ccc6c(n5)NC(=O)CO6)(CC3)CO4)c2n1,Blocker,Blocker,1,XBKXMNKOELLBBC-YKSRDQCSSA-N,XBKXMNKOELLBBC,PubChem,89315866,
Cn1c(SCCCN2CC3CC3(c3ccc(C(F)(F)F)cc3)C2)nnc1-c1ccccc1,Blocker,Blocker,1,KPSCTAUZOJQHBV-UHFFFAOYSA-N,KPSCTAUZOJQHBV,PubChem,CUPID,
O=C(NCc1ccccc1)N(c1ccc(Br)cc1)C1CCN(Cc2ccncc2)CC1,Blocker,Blocker,1,FEBDAKOQKSERSG-UHFFFAOYSA-N,FEBDAKOQKSERSG,PubChem,46883918,20188550
O=C(OC1C[C@@H]2CC3C[C@H](C1)[NH+]2CC3=O)C1=c2ccccc2=NC1,Non-blocker,Blocker,,TWTUKHSBMLITSH-AKJUYKBHSA-O,TWTUKHSBMLITSH,eval_set_herg_60.csv,,
Cc1nc2c(Cl)cccc2c(=O)n1-c1ccc(OC2CCN(C3CCC3)CC2)cc1,Blocker,Blocker,1,SVGSNZOKYBSPDW-UHFFFAOYSA-N,SVGSNZOKYBSPDW,PubChem,25139758,18841880
C[S@@](=O)c1cccc(-c2ccc3ncc(-c4cccc([S@@](C)=O)c4)n3n2)c1,Blocker,Blocker,1,LYCGFALANCIGKS-KAYWLYCHSA-N,LYCGFALANCIGKS,PubChem,155537745,30429978
COc1nccnc1[C@H](C)C1=C(CCN(C)C)Cc2cc(F)ccc21,Blocker,Blocker,1,ABDWUBPDHWDFCV-CYBMUJFWSA-N,ABDWUBPDHWDFCV,PubChem,46884734,20227880
Cc1cc(-c2cc3c(N[C@@H]4CC[C@](C)(N)C4(C)C)c(C(N)=O)cnn3c2)ccn1,Non-blocker,Non-blocker,0,QBNPDTYLZZYINV-GCJKJVERSA-N,QBNPDTYLZZYINV,data_herg_dev,CHEMBL4073562,
NC(N)=NC(=O)c1nc(Cl)c(N)nc1N,Blocker,Non-blocker,,XSDQTOBWRPYKKA-UHFFFAOYSA-N,XSDQTOBWRPYKKA,eval_set_herg_70.csv,,
O[C@]1(c2ccc(F)c(F)c2)CCNC[C@@H]1c1cc(-c2ccc(F)cc2Br)no1,Blocker,Blocker,1,CXHZPUIYOWOMEL-VLIAUNLRSA-N,CXHZPUIYOWOMEL,PubChem,46932044,22450130
CCN(CC)S(=O)(=O)c1cccc(-c2nnc(SCc3nnc(-c4cccs4)o3)n2N)c1,Non-blocker,Non-blocker,0,JTJRAVGOIVSUDT-UHFFFAOYSA-N,JTJRAVGOIVSUDT,PubChem,2565152,
O=C(NN=C1CCCCCC1)c1ccc(Br)o1,Non-blocker,Non-blocker,0,LTGPLPDAYODTGM-UHFFFAOYSA-N,LTGPLPDAYODTGM,PubChem,3283870,
O=C(O)Cc1ccccc1N1CCC(CN2CCC(Oc3ccc(Cl)c(Cl)c3)CC2)CC1,Non-blocker,Non-blocker,0,CCXXDPNVVABEGJ-UHFFFAOYSA-N,CCXXDPNVVABEGJ,data_herg_dev,CHEMBL2158825,
CNc1nc(SC)nc2ccccc12,Non-blocker,Blocker,1,VSPFGWZJQAHKLL-UHFFFAOYSA-N,VSPFGWZJQAHKLL,PubChem,5193836,
CC(C)(C)OC(=O)N[C@H](Cc1cccc(F)c1C(F)(F)F)C(=O)NCc1nc2cccnc2n1C1(c2ccccc2)CC1,Blocker,Blocker,1,GFFRRUFVZMBJGA-HSZRJFAPSA-N,GFFRRUFVZMBJGA,data_herg_dev,CHEMBL252240,
CCc1[nH]nc(C(=O)Nc2ccc([C@H]3CNCCO3)cc2)c1C,Non-blocker,Non-blocker,,XHHXGKRFUPEPFM-OAHLLOKOSA-N,XHHXGKRFUPEPFM,eval_set_herg_70.csv,,
COc1ccc(/C=C/C(=O)c2cc(OC)ccc2O)cc1,Blocker,Blocker,1,SXCVUHOMRYMCHH-WEVVVXLNSA-N,SXCVUHOMRYMCHH,data_herg_dev,CHEMBL4082217,
O=C(OCC(=O)N1CCCc2ccccc21)c1cccc(S(=O)(=O)N2CCOCC2)c1,Non-blocker,Non-blocker,0,GWZPAZUVQCKYLX-UHFFFAOYSA-N,GWZPAZUVQCKYLX,PubChem,16521670,
CCN1CCN(c2cc(C)c3cc(NC(=O)c4ccc(OC)c(OC)c4)ccc3n2)CC1,Non-blocker,Non-blocker,0,YGHVMEYBSUHIGF-UHFFFAOYSA-N,YGHVMEYBSUHIGF,data_herg_dev,CHEMBL547269,
COc1ccc(C(=O)Nc2ccc[n+](-c3nc4ccccc4nc3NS(=O)(=O)c3ccccc3)c2)cc1,Non-blocker,Non-blocker,0,IGIVLGKQXTZJCS-UHFFFAOYSA-O,IGIVLGKQXTZJCS,PubChem,1977761,
Cl.O=C(C[C@@H]1NCCC[C@H]1O)Cn1cnc2cc(Br)c(Cl)cc2c1=O,Blocker,Non-blocker,0,XFFYBQUXAJOKAL-LDXVYITESA-N,XFFYBQUXAJOKAL,data_herg_dev,,60196305
CCOC(=O)C(=O)Nc1ccc2c(c1)OCO2,Non-blocker,Non-blocker,0,DUSMJVDYLPHSKA-UHFFFAOYSA-N,DUSMJVDYLPHSKA,PubChem,2171518,
COc1ccc2ncc(F)c(C(O)CC3OCC(NCc4ccc5c(c4)OCCO5)CO3)c2c1,Blocker,Blocker,1,OWUGLCKBNARAPP-UHFFFAOYSA-N,OWUGLCKBNARAPP,CUPID,CUPID,
CCOC(=O)c1ncn2c1COc1c(CCN3CCN(c4cccc5nc(C)ccc45)CC3)cccc1-2,Blocker,Blocker,1,ULXBTCAXCQWKDE-UHFFFAOYSA-N,ULXBTCAXCQWKDE,PubChem,46900610,20590088
OC(c1cc(-c2ncnc3cc(N4CCOCC4)ccc23)c(F)cc1Cl)c1nccn2ccnc12,Non-blocker,Non-blocker,0,SRSGLQYXZLUTFB-UHFFFAOYSA-N,SRSGLQYXZLUTFB,data_herg_dev,,
CCN(Cc1ccccc1)C(=O)c1oc2ccc(C)cc2c1C,Non-blocker,Blocker,1,XHRUFYIVQLOUBF-UHFFFAOYSA-N,XHRUFYIVQLOUBF,PubChem,23723702,
O=S(=O)(NCCN1CC2CN(CCc3ccccc3)CC(C1)O2)c1ccc(F)cc1,Non-blocker,Non-blocker,0,OWSPEALEKGPJMA-UHFFFAOYSA-N,OWSPEALEKGPJMA,data_herg_dev,CHEMBL3938857,
CCOC(=O)c1c(C)[nH]c(C(=O)O[C@H](C)C(=O)NC2(C#N)CCCCC2)c1C,Non-blocker,Non-blocker,0,UCLBQEBVGHRAGJ-CQSZACIVSA-N,UCLBQEBVGHRAGJ,PubChem,16508566,
Fc1ccc(-n2c(-c3cnc(NCC4CC4)nc3)nc3ccncc32)cc1,Blocker,Blocker,,WFZPGJBHFFWPJO-UHFFFAOYSA-N,WFZPGJBHFFWPJO,eval_set_herg_70.csv,,
O[C@H]1c2ccccc2CCC12CCN(CCc1ccccc1)CC2,Blocker,Blocker,1,XKIGTQXAOLOQJD-NRFANRHFSA-N,XKIGTQXAOLOQJD,PubChem,3083481,11784153
O=C(Nc1ccc(Cl)cc1)[C@H]1CCCN1C(=O)NCc1ccccc1,Non-blocker,Non-blocker,0,ZNAHZYGMPSBSAG-QGZVFWFLSA-N,ZNAHZYGMPSBSAG,PubChem,3219744,
C[C@@H]1CCc2sc(-c3nnc(S)o3)cc2C1,Blocker,Blocker,1,MTQXIHOGDKIHRU-ZCFIWIBFSA-N,MTQXIHOGDKIHRU,PubChem,3838952,
Cc1cc(-c2cnc3ccn(CC(=O)N(C)C)c3c2)ccc1F,Blocker,Blocker,1,ISGNQURUMOYRMQ-UHFFFAOYSA-N,ISGNQURUMOYRMQ,PubChem,124176028,30891123
CCC(=O)N1CCc2cc(S(=O)(=O)N3CCCC3)ccc21,Non-blocker,Non-blocker,0,HQLXLUZBMHZJFL-UHFFFAOYSA-N,HQLXLUZBMHZJFL,PubChem,5078401,
CCOCN(c1ccc(Cl)c(Cl)c1)C1CCNCC1,Blocker,Blocker,,MCYBRBNWERXVCC-UHFFFAOYSA-N,MCYBRBNWERXVCC,eval_set_herg_70.csv,,
CCc1nc2cc3c(c(C)c2o1)CCN(CCSc1nnc(-c2cccc4nc(C)ccc24)n1C)CC3,Non-blocker,Blocker,1,HGTGAIQIJPCZMF-UHFFFAOYSA-N,HGTGAIQIJPCZMF,CUPID,44454219,18248991
COc1ccc(NC(=O)CN2c3cccc4cccc(c34)S2(=O)=O)cc1,Non-blocker,Non-blocker,0,TVIZPNGXSGZMPA-UHFFFAOYSA-N,TVIZPNGXSGZMPA,PubChem,1016562,
CN(C)C(=O)Cn1ccc2ncc(-c3ccc(F)c(C(F)F)c3)cc21,Blocker,Blocker,1,DNBUFJYOCPLTQY-UHFFFAOYSA-N,DNBUFJYOCPLTQY,data_herg_dev,CHEMBL4547576,
CCc1nc2cc3c(c(C)c2o1)CCN(CCCCSc1nnc(-c2cccc4nc(C)ccc24)n1C)CC3,Blocker,Blocker,1,DYDLMZLLICKPBG-UHFFFAOYSA-N,DYDLMZLLICKPBG,CUPID,11692376,18248991
O=C(c1cnn2cccnc12)N1CCN(c2ccc(OCCCN3CCCCC3)cc2)C(=O)C1.O=CO,Non-blocker,Non-blocker,0,QUXZAXNZEZALDL-UHFFFAOYSA-N,QUXZAXNZEZALDL,data_herg_dev,CHEMBL238504,
Cc1c(CCN2CCN(C(=O)Cc3cnc(-n4cnnn4)cn3)CC2)ccc2c1COC2=O,Non-blocker,Non-blocker,0,KQKGZDNRWOXOMB-UHFFFAOYSA-N,KQKGZDNRWOXOMB,data_herg_dev,CHEMBL3793143,
Cc1nnc2n1-c1ccc(Cl)cc1C(c1ccccc1Cl)=NC2,Blocker,Non-blocker,,JOFWLTCLBGQGBO-UHFFFAOYSA-N,JOFWLTCLBGQGBO,eval_set_herg_60.csv,,
CC(=O)NCCc1nccn1CCN1CCC2(CC1)COC1c3cc(Cl)ccc3OC(C)(C)C1C2,Blocker,Blocker,1,DUGJPTAGBLAXGO-UHFFFAOYSA-N,DUGJPTAGBLAXGO,data_herg_dev,,
O=C(N1CCOCC1)N(Cc1cccs1)C1CCCC1,Non-blocker,Blocker,1,WBXGRUSAFKEVEG-UHFFFAOYSA-N,WBXGRUSAFKEVEG,PubChem,665523,
C[C@]1(COc2ccc(OC(F)(F)F)cc2)Cn2cc([N+](=O)[O-])nc2O1,Blocker,Non-blocker,0,GPWIINYCHXCGQH-CYBMUJFWSA-N,GPWIINYCHXCGQH,data_herg_dev,CHEMBL218974,
COc1ccc2c(c1)C(=O)N(c1ccccc1OC)C(=O)C2,Non-blocker,Non-blocker,0,ZQKOYKRWNALQKQ-UHFFFAOYSA-N,ZQKOYKRWNALQKQ,PubChem,833493,
CC(=O)Nc1ccc(C(=O)Nc2cc(-c3cccs3)ccc2N)cc1,Non-blocker,Non-blocker,,ABZSPJVXTTUFAA-UHFFFAOYSA-N,ABZSPJVXTTUFAA,eval_set_herg_70.csv,,
O=C(CN1C(=O)[C@@H]2CCCC[C@H]2C1=O)OCc1nnc(-c2ccccc2)o1,Non-blocker,Non-blocker,0,GIGZCJMRLOCWIU-ZIAGYGMSSA-N,GIGZCJMRLOCWIU,PubChem,4233572,
Cc1nc(N(CCO)C2CCCCC2)c2nnn(Cc3ccccc3)c2n1,Non-blocker,Non-blocker,0,YYFLBSBQMIOTAQ-UHFFFAOYSA-N,YYFLBSBQMIOTAQ,PubChem,1446189,
Cc1ccc(-n2c(-c3ccc(N4CCOCC4)nc3)nc3ccncc32)cc1,Blocker,Blocker,1,BZKHLYNNXBBFQJ-UHFFFAOYSA-N,BZKHLYNNXBBFQJ,data_herg_dev,,
Nc1n[nH]c(N2CCC(N(CCc3ccc(Cl)cc3)Cc3ccc(Cl)cc3)CC2)n1,Blocker,Blocker,1,VPHWJWWRIXCKKS-UHFFFAOYSA-N,VPHWJWWRIXCKKS,CUPID,118165378,32551005
c1ccc(CN2CCN(CCOCCOc3ccc4c(c3)CCC4)CC2)cc1,Blocker,Non-blocker,0,YHFVPJXVMYHWHX-UHFFFAOYSA-N,YHFVPJXVMYHWHX,PubChem,2976408,
CCc1sc(-c2cn(CC3CCOCC3)c3c(Cl)cccc23)nc1CN(CCO)C(C)C,Blocker,Blocker,1,UOOSSCSYZUFFSO-UHFFFAOYSA-N,UOOSSCSYZUFFSO,PubChem,54582093,21411321
COc1ccc(CCN(CCC[C@@](C)(C#N)c2ccc(OC)c(OC)c2)C(C)C)cc1OC,Blocker,Blocker,,VYLABSMQLHGDJB-MHZLTWQESA-N,VYLABSMQLHGDJB,eval_set_herg_60.csv,,
CC1(c2cc(NC(=O)c3ccc(F)cn3)ccc2F)Cn2nc(C#N)cc2C(=N)N1,Blocker,Blocker,1,AMWCDMOOTAVMSV-UHFFFAOYSA-N,AMWCDMOOTAVMSV,CUPID,CUPID,
CC1OC2(CCN(CCc3ccccn3)CC2)CN(c2ccccc2)C1=O,Blocker,Blocker,1,QPMLJPMWNURBDC-UHFFFAOYSA-N,QPMLJPMWNURBDC,CUPID,CUPID,
Cc1onc(-c2c(F)cccc2Cl)c1C(=O)/N=C(\N)N1C[C@@H](C)O[C@H](C)C1,Non-blocker,Non-blocker,0,PTJVYXIBOHPIRR-NXEZZACHSA-N,PTJVYXIBOHPIRR,PubChem,2804949,
CC(=O)c1oc2ccccc2c1NC(=O)CN1CCCCC1,Non-blocker,Non-blocker,0,GIKNNAAIZDFLIA-UHFFFAOYSA-N,GIKNNAAIZDFLIA,PubChem,2916581,
CC(CC1c2ccccc2CCc2ccccc21)CN(C)C,Blocker,Non-blocker,0,ALELTFCQZDXAMQ-UHFFFAOYSA-N,ALELTFCQZDXAMQ,data_herg_dev,,21772
CCSCN(c1ccc(Cl)c(Cl)c1)C1CCNCC1,Blocker,Blocker,,RCTBNUPUXPZKMD-UHFFFAOYSA-N,RCTBNUPUXPZKMD,eval_set_herg_70.csv,,
COc1ccc(N(C[C@H](O)Cn2c(C)nc3ccccc32)S(=O)(=O)c2ccc(C)cc2)cc1,Non-blocker,Non-blocker,0,DINSBPGJMCGVAB-OAQYLSRUSA-N,DINSBPGJMCGVAB,PubChem,2909411,
O=[N+]([O-])c1ccc(C2=Nc3cc(Cl)ccc3OC2)cc1,Blocker,Non-blocker,0,AAIYJZKKBMDVSP-UHFFFAOYSA-N,AAIYJZKKBMDVSP,PubChem,1489679,
CC(=O)c1ccc(S(=O)(=O)Nc2ccc(N3CCOCC3)cc2)cc1,Non-blocker,Non-blocker,0,GNOMIQANUINIGR-UHFFFAOYSA-N,GNOMIQANUINIGR,PubChem,2118303,
CC(=O)Oc1ccc2c3c1O[C@H]1[C@@H](OC(C)=O)C=C[C@H]4[C@@H](C2)N(C)CC[C@]314,Blocker,Non-blocker,,GVGLGOZIDCSQPN-PVHGPHFFSA-N,GVGLGOZIDCSQPN,eval_set_herg_70.csv,,
COCCNC(=O)[C@@H](c1ccc(C)o1)N(Cc1ccc(OC)cc1)C(=O)Cn1nnc2ccccc21,Non-blocker,Blocker,1,QGPFHOMUYPRZKL-RUZDIDTESA-N,QGPFHOMUYPRZKL,PubChem,647835,
NC(=O)NC1(C(=O)O)CCCC1,Non-blocker,Non-blocker,0,YDLPVKMKYCXPAQ-UHFFFAOYSA-N,YDLPVKMKYCXPAQ,PubChem,234095,
CS(=O)(=O)Nc1ccc(Nc2ncc3cnn(C4CCCCCC4)c3n2)cn1,Non-blocker,Blocker,1,PARUULGUCQEWNM-UHFFFAOYSA-N,PARUULGUCQEWNM,data_herg_dev,CHEMBL1825096,
C[C@@H]1C[C@@H](OC(=O)C2CCN(S(=O)(=O)c3ccc(F)cc3)CC2)C(=O)O1,Non-blocker,Non-blocker,0,HMAOGMJYBRJCHN-IAQYHMDHSA-N,HMAOGMJYBRJCHN,PubChem,16304329,
Cc1c(N)cccc1C[C@@H](C)NC(=O)C(F)(F)F,Non-blocker,Non-blocker,,MHTDCZHUHNZKNA-SSDOTTSWSA-N,MHTDCZHUHNZKNA,eval_set_herg_60.csv,,
COc1cccc2nc(-c3ccc(OC4CCN(C5CCC5)CC4)cc3)n(C)c(=O)c12,Blocker,Blocker,1,HVRHVFJBNXLKGN-UHFFFAOYSA-N,HVRHVFJBNXLKGN,data_herg_dev,CHEMBL453653,
O=C(Nc1ccc2[nH]c3c(c2c1)CCCC3)c1ccco1,Non-blocker,Non-blocker,0,CONWFXWOGDRZKN-UHFFFAOYSA-N,CONWFXWOGDRZKN,PubChem,852322,
N[C@H]1C[C@@H](N2Cc3cn(S(=O)(=O)C4CC4)nc3C2)CO[C@@H]1c1cc(F)ccc1F,Non-blocker,Non-blocker,0,MOXGYTJGIKCZID-XVGQJIODSA-N,MOXGYTJGIKCZID,data_herg_dev,CHEMBL3735329,
COc1ncnc(Cn2cc(C(=O)NCC(F)F)c3ncc(C)cc32)c1C,Non-blocker,Non-blocker,0,HAXIOICGNCICAB-UHFFFAOYSA-N,HAXIOICGNCICAB,data_herg_dev,CHEMBL3291422,
CCN(CC)S(=O)(=O)c1cccc(NC(=O)COc2ccc(Cl)cc2Br)c1,Non-blocker,Non-blocker,0,VISHWHHLTXNJGJ-UHFFFAOYSA-N,VISHWHHLTXNJGJ,PubChem,15945396,
O=C(Nc1nc(-c2ccccc2Cl)cs1)c1cccnc1,Non-blocker,Non-blocker,0,BSEPVYLWWGAWBA-UHFFFAOYSA-N,BSEPVYLWWGAWBA,PubChem,1246088,
CCC(=O)c1ccc2c(c1)N(CCCN(C)C)c1ccccc1S2.Cl,Blocker,Blocker,1,ZFWVWZODBGTOIL-UHFFFAOYSA-N,ZFWVWZODBGTOIL,data_herg_dev,CHEMBL1256661,
Cc1ccnc(NS(=O)(=O)Cc2ccccc2)c1,Non-blocker,Non-blocker,0,FPWXPXBDWQXIFV-UHFFFAOYSA-N,FPWXPXBDWQXIFV,PubChem,743631,
Cc1ccc2oc(C(=O)N[C@@H]3C4CCN(CC4)[C@H]3Cc3cccnc3)c(C)c2c1,Blocker,Blocker,1,GLDKDAVDPFANSF-RBBKRZOGSA-N,GLDKDAVDPFANSF,data_herg_dev,CHEMBL2180257,
CCCc1oc(C(=O)O)cc1CN1CCOCC1,Blocker,Non-blocker,0,YGFYCKVYNCRJHA-UHFFFAOYSA-N,YGFYCKVYNCRJHA,PubChem,2968710,
CCN1CCN([C@@H](CNS(=O)(=O)c2cccs2)c2cccnc2)CC1,Non-blocker,Non-blocker,0,ROFVIGVNDRSCAJ-INIZCTEOSA-N,ROFVIGVNDRSCAJ,PubChem,16194574,
CC(C)(C)Oc1cc(CCC(C)(C)N2Cc3c(F)ccc(F)c3C2)ccc1O,Non-blocker,Non-blocker,0,VKZZDEPAWFRBMZ-UHFFFAOYSA-N,VKZZDEPAWFRBMZ,data_herg_dev,,
CN(C)CCCN1c2ccccc2CCc2ccccc21,Blocker,Blocker,1,BCGWQEUPMDMJNV-UHFFFAOYSA-N,BCGWQEUPMDMJNV,CUPID,3696,15745831
CC[C@@]1(Cc2ccccc2)NC(=O)c2ccccc2O1,Non-blocker,Non-blocker,0,CXVCOIDGWFPMBV-QGZVFWFLSA-N,CXVCOIDGWFPMBV,PubChem,2852893,
CCCCOC(=O)CCCN1C(=O)/C(=C2/SC(=S)N(CCCC(=O)OCCCC)C2=O)SC1=S,Non-blocker,Non-blocker,0,WKFAYNMFGPXVRK-ZCXUNETKSA-N,WKFAYNMFGPXVRK,PubChem,5927992,
O=C(O)C[C@H](CN1CC[C@@H](CCc2ccc3c(n2)NCCC3)C1)c1cccc(-n2cnnc2)c1,Non-blocker,Non-blocker,0,ZHKXSTJFXIMBBI-DENIHFKCSA-N,ZHKXSTJFXIMBBI,data_herg_dev,CHEMBL4246111,
CN1CCc2cccc3c2C1Cc1ccc(O)c(O)c1-3.Cl,Blocker,Non-blocker,0,SKYZYDSNJIOXRL-UHFFFAOYSA-N,SKYZYDSNJIOXRL,data_herg_dev,CHEMBL1315821,
Cc1nc2nc(CNC(=O)OC(C)(C)C)nn2c(C)c1CCC(=O)Nc1ccc2c(c1)OCO2,Non-blocker,Non-blocker,0,SZQFJXFBBVZYRZ-UHFFFAOYSA-N,SZQFJXFBBVZYRZ,PubChem,24791701,
O=C(Nc1cccc(Cl)c1)c1cc2c(=O)n3ccccc3nc2s1,Non-blocker,Non-blocker,0,NCEBMNCDBKYKDS-UHFFFAOYSA-N,NCEBMNCDBKYKDS,PubChem,1249448,
Nc1ccc(-c2ccncc2)cc1NC(=O)c1cnc(N2CCNCC2)s1,Non-blocker,Non-blocker,,ZTRWHUJIONDEEE-UHFFFAOYSA-N,ZTRWHUJIONDEEE,eval_set_herg_70.csv,,
Cc1cc(NC(=O)Cn2c(=O)c3c(ncn3CC(C)C)n(Cc3ccccc3)c2=O)no1,Non-blocker,Non-blocker,0,XUAUSSMPOJGPPG-UHFFFAOYSA-N,XUAUSSMPOJGPPG,PubChem,2997651,
Nc1nc2cc3c(cc2s1)CCN(CCO)CC3,Non-blocker,Non-blocker,0,XHEBHLZOXYYZHW-UHFFFAOYSA-N,XHEBHLZOXYYZHW,data_herg_dev,CHEMBL2326474,
Cc1ccc(/C(=C(\CCCO)c2ccccc2)c2ccc(N3CCNCC3)cc2)cc1,Blocker,Blocker,1,HKHZCGLOODLGDB-DQSJHHFOSA-N,HKHZCGLOODLGDB,PubChem,155516697,30657313
CS(=O)(=O)Cc1cc(N2CCOCC2)nc(-c2ccc(NC(=O)Nc3ccc(F)cc3)cc2)n1,Non-blocker,Non-blocker,0,CTTXJIASTBIXRL-UHFFFAOYSA-N,CTTXJIASTBIXRL,data_herg_dev,CHEMBL2030451,
O=C1O[C@@H](O)c2cccc3cccc1c23,Non-blocker,Blocker,1,IKHBRFXMNHCNDC-LLVKDONJSA-N,IKHBRFXMNHCNDC,PubChem,99733,
Cc1ccc([N+](=O)[O-])cc1[N+](=O)[O-],Non-blocker,Non-blocker,0,RMBFBMJGBANMMK-UHFFFAOYSA-N,RMBFBMJGBANMMK,data_herg_dev,CHEMBL259865,
O=C(c1ccco1)N1CCN(S(=O)(=O)c2ccc(C3CCCCC3)cc2)CC1,Non-blocker,Blocker,1,MIVLAVCVJVWBJV-UHFFFAOYSA-N,MIVLAVCVJVWBJV,PubChem,3240519,
O=C(c1ccc(C2=CC3(CCNCC3)Oc3ccccc32)cc1)N1CCOCC1,Non-blocker,Non-blocker,0,KKHZZAJHZSMPMV-UHFFFAOYSA-N,KKHZZAJHZSMPMV,data_herg_dev,CHEMBL551414,
CCOC(=O)c1c(N)sc(C(=O)Nc2ccc3c(c2)OCO3)c1C,Non-blocker,Non-blocker,0,CWEXNJGCFLHLPU-UHFFFAOYSA-N,CWEXNJGCFLHLPU,PubChem,846401,
O=C(CNC(=O)c1cccc(C(F)(F)F)c1)NC1CN([C@H]2CC[C@@](O)(c3ccccc3)CC2)C1,Blocker,Blocker,1,QCPLMEBVJKAVGY-SAIGFBBZSA-N,QCPLMEBVJKAVGY,PubChem,46927116,21783361
Fc1ccc2c(C3NCCCC3F)c(-c3ccccc3)[nH]c2c1,Blocker,Blocker,,FBMKUZGGLYYTIT-UHFFFAOYSA-N,FBMKUZGGLYYTIT,eval_set_herg_70.csv,,
c1ccc(C2(c3ccccc3)CC2C2=[NH+]CC[N]2)cc1,Blocker,Non-blocker,,GAQHCFHAMKAGOE-UHFFFAOYSA-O,GAQHCFHAMKAGOE,eval_set_herg_60.csv,,
COc1ccc(OCCCC(=O)NCC(C)C)cc1,Non-blocker,Non-blocker,0,ITHUWUUKERECAU-UHFFFAOYSA-N,ITHUWUUKERECAU,PubChem,1569037,
C=CCc1ccc(OCCOCCOc2cccc3ccc(C)nc23)c(OC)c1,Non-blocker,Non-blocker,0,BBRBGFKERWBPAT-UHFFFAOYSA-N,BBRBGFKERWBPAT,PubChem,2935553,
CCn1cc(C(=O)O)c(=O)c2cc(F)c(N3CCNCC3)cc21,Non-blocker,Non-blocker,,OGJPXUAPXNRGGI-UHFFFAOYSA-N,OGJPXUAPXNRGGI,eval_set_herg_70.csv,,
Cc1ncoc1-c1nnc(SCCCN2CCc3ccc4oc(C(F)(F)C(F)(F)F)nc4c3CC2)n1C,Blocker,Blocker,1,VCJRZGBNXMAJCB-UHFFFAOYSA-N,VCJRZGBNXMAJCB,PubChem,11699532,18178090
CC1=NC(c2ccc(F)cc2)(c2cccc(-c3cccnc3)c2)N=C1N,Non-blocker,Non-blocker,0,PXUUVOWXCHBBOB-UHFFFAOYSA-N,PXUUVOWXCHBBOB,data_herg_dev,CHEMBL2180024,
Clc1ccc(CO[C@@H](Cn2ccnc2)c2ccc(Cl)cc2Cl)cc1,Blocker,Blocker,1,LEZWWPYKPKIXLL-SFHVURJKSA-N,LEZWWPYKPKIXLL,PubChem,68589,
CCCCN([C@H](CO)C(C)C)S(=O)(=O)c1ccccc1Br,Non-blocker,Non-blocker,0,BCUXLFBWRVMTLY-CQSZACIVSA-N,BCUXLFBWRVMTLY,PubChem,44602067,
COc1ccnc2c(-c3cnc4nc(N5CCC(N6CCCCC6)CC5)oc4c3)cccc12,Blocker,Blocker,1,CRGIVHAIVXZOCG-UHFFFAOYSA-N,CRGIVHAIVXZOCG,data_herg_dev,CHEMBL1958172,
CC[C@](O)(c1cn(Cc2ccc3c(-c4ccc(F)cc4)c(C(N)=O)sc3c2)nn1)C(F)(F)F,Blocker,Non-blocker,0,PKOMUVLYYAJHID-NRFANRHFSA-N,PKOMUVLYYAJHID,data_herg_dev,CHEMBL1289558,
Cc1oc(-c2ccccc2F)nc1CS(=O)(=O)CC(=O)NCCCN1C[C@H](C)C[C@@H](C)C1,Non-blocker,Non-blocker,0,CVMKGGFPFPVYKR-IAGOWNOFSA-N,CVMKGGFPFPVYKR,PubChem,20860844,
O=c1c2c3c(sc2nc2n1CCCCC2)CCCC3,Blocker,Non-blocker,0,NNKREBHGPQQYOG-UHFFFAOYSA-N,NNKREBHGPQQYOG,PubChem,623689,
COC(=O)C1(CNC(=O)c2cc(OC)cc(OC)c2)CCN(Cc2ccccc2C(F)(F)F)CC1,Blocker,Blocker,1,VJXCFGVLZTZESE-UHFFFAOYSA-N,VJXCFGVLZTZESE,CUPID,56679818,21843937
CCN1CCC(N(C(=O)NCc2ccc(F)cc2)c2ccc(Cl)cn2)CC1,Blocker,Blocker,1,HVPUGUKUEQHDMX-UHFFFAOYSA-N,HVPUGUKUEQHDMX,CUPID,46884463,20188550
COc1ccc(S(=O)(=O)NC2CCCCC2)cc1C,Non-blocker,Non-blocker,0,OCDCZINIWUEMFY-UHFFFAOYSA-N,OCDCZINIWUEMFY,PubChem,847796,
CCOC(=O)N[C@@]1(C(F)(F)F)C(=O)NC(C)=C1C(=O)OC,Non-blocker,Blocker,1,UQWDYEJQTWTUHO-SNVBAGLBSA-N,UQWDYEJQTWTUHO,PubChem,2962150,
O=C(NCC[C@H]1CCCCN1S(=O)(=O)c1cccs1)C(=O)Nc1ccccc1,Non-blocker,Non-blocker,0,DZVAFRSRXJGHOX-MRXNPFEDSA-N,DZVAFRSRXJGHOX,PubChem,16829767,
[Cl-],Non-blocker,Blocker,,VEXZGXHMUGYJMC-UHFFFAOYSA-M,VEXZGXHMUGYJMC,eval_set_herg_60.csv,,
COc1ccc(CCNC(=O)C(=O)N/N=C/c2cccs2)cc1OC,Non-blocker,Non-blocker,0,VKUKVHVVNRDEEO-YBFXNURJSA-N,VKUKVHVVNRDEEO,PubChem,9591258,
Cc1cc(=O)c2c(O)c3c(O)cc(=O)c4c3c3c(cc(O)c1c23)C(C)(C)C=4O,Non-blocker,Blocker,1,MJKDGCARCYPVQG-UHFFFAOYSA-N,MJKDGCARCYPVQG,data_herg_dev,,135430323
Nc1ncc(-c2ccc(C(=O)N3CCOCC3)cc2)cc1-c1ccc(C(F)(F)F)nc1,Blocker,Non-blocker,0,HBUVPJCWKMCZHV-UHFFFAOYSA-N,HBUVPJCWKMCZHV,data_herg_dev,CHEMBL2181488,
C/C(=N\NC(=O)c1cc(C)nc2ccccc12)c1ccncc1,Non-blocker,Non-blocker,0,ARTGZFHGFKVRLE-FYJGNVAPSA-N,ARTGZFHGFKVRLE,PubChem,44120503,
O=S(=O)(c1ccc(F)cc1)N1CCc2nc(OC3CCN(C4CCC4)CC3)ccc2C1,Non-blocker,Blocker,,GNHCIEJXXWVTRN-UHFFFAOYSA-N,GNHCIEJXXWVTRN,eval_set_herg_60.csv,,
Cc1nc(NC(=O)C2CCCCC2)sc1C,Non-blocker,Non-blocker,0,ONHVSTCBBDWPOI-UHFFFAOYSA-N,ONHVSTCBBDWPOI,PubChem,903390,
CCOC(=O)C1(c2ccccc2)CCN(CCc2ccc(N)cc2)CC1,Blocker,Blocker,1,LKYQLAWMNBFNJT-UHFFFAOYSA-N,LKYQLAWMNBFNJT,PubChem,8944,
O=[N+]([O-])c1ccc2c(c1)ncn2Cc1ccc(O)c2ncccc12,Non-blocker,Non-blocker,0,CPIHNVDLTFAAEW-UHFFFAOYSA-N,CPIHNVDLTFAAEW,data_herg_dev,CHEMBL4518465,
CCN(CC)CCCNC(=O)c1cn(CCOC)c(=O)c2c1c1ccccc1n2C,Non-blocker,Non-blocker,0,GPLXBBFJOMYIMW-UHFFFAOYSA-N,GPLXBBFJOMYIMW,PubChem,3238525,
CCOC(=O)N1CCC(CN2CCC(NC(=O)c3cc(Cl)c(N)cc3OC)C(OC)C2)CC1,Blocker,Blocker,1,ZFFOQTMIAQPJJG-UHFFFAOYSA-N,ZFFOQTMIAQPJJG,CUPID,CUPID,
CN(C)CCN1C2CCC1CC(NC(c1ccc(F)cc1)c1ccc(F)cc1)C2,Blocker,Blocker,1,TUKRLSWWPGKJAA-UHFFFAOYSA-N,TUKRLSWWPGKJAA,CUPID,CUPID,
CCOc1ccc(Cc2cc(C3CCN(C[C@H]4CN([C@@H](C(=O)O)[C@@H](C)CC)C[C@@H]4c4cccc(F)c4)CC3)n(CC)n2)cc1,Blocker,Non-blocker,0,VWVXJUWUORALDD-KJCODNFBSA-N,VWVXJUWUORALDD,data_herg_dev,CHEMBL367700,
Cl.O=C(c1ccccc1)N1CCN(c2ccc(OCCCN3CCCCC3)cc2)C(=O)C1,Non-blocker,Non-blocker,0,WEVNWEYCEGALHH-UHFFFAOYSA-N,WEVNWEYCEGALHH,data_herg_dev,CHEMBL559206,
C[C@]12CCC(=O)C[C@H]1C[C@@H](N1CCC[C@@H](N)C1)[C@@H]2Oc1ccc(C#N)cc1,Non-blocker,Non-blocker,0,ZHIVJKLMVJUNNQ-HFQQBTNDSA-N,ZHIVJKLMVJUNNQ,data_herg_dev,CHEMBL4127600,
COc1ccc(C2C(=O)c3ccccc3C2=O)cc1,Non-blocker,Non-blocker,0,XRCFXMGQEVUZFC-UHFFFAOYSA-N,XRCFXMGQEVUZFC,data_herg_dev,,2197
Cc1ncc2n1-c1ccc(Cl)cc1C(c1ccccc1F)=NC2,Blocker,Non-blocker,,DDLIGBOFAVUZHB-UHFFFAOYSA-N,DDLIGBOFAVUZHB,eval_set_herg_60.csv,,
CC(C)CC1=NC(C(F)(F)F)(C(F)(F)F)c2c(O)nc(=O)n(CC(C)C)c2N1,Non-blocker,Non-blocker,0,LHEBRMUUINIKDO-UHFFFAOYSA-N,LHEBRMUUINIKDO,PubChem,2304340,
CN1CCN(c2ccc(NC(=O)C(C)(c3ccccc3)c3ccccc3)cc2)CC1,Non-blocker,Non-blocker,0,AVACMHYVATYPKG-UHFFFAOYSA-N,AVACMHYVATYPKG,PubChem,1892345,
O=C(COc1cccc(Cl)c1)NC1CCN(Cc2ccn(-c3ccc(OC(F)(F)F)cc3)c2)CC1,Blocker,Blocker,1,KNFCUBWPKYSSNK-UHFFFAOYSA-N,KNFCUBWPKYSSNK,PubChem,11511776,18682323
COc1cnc(Cl)c([C@H](O)c2ccc(F)c(-c3ncnc4cc(N5CCOCC5)ccc34)c2)c1,Blocker,Blocker,1,WXRISZAPVAJOEF-XMMPIXPASA-N,WXRISZAPVAJOEF,PubChem,86291666,
Cc1[nH]n(-c2cccc3ccccc23)c(=O)c1/C=N/c1sc2c(c1C#N)CCC2,Non-blocker,Blocker,,OUAMUESDSDOQPV-DHRITJCHSA-N,OUAMUESDSDOQPV,eval_set_herg_70.csv,,
Cc1ccc(C(=O)c2nccn2Cc2cn(-c3ccc(Cl)cc3)nn2)cc1,Blocker,Blocker,,FMXPLHPTIXIQOD-UHFFFAOYSA-N,FMXPLHPTIXIQOD,eval_set_herg_70.csv,,
CC(C)CN1C(=O)CN(Cc2ccc(-c3cccc(CN4CCCCC4)n3)cc2)C1=O,Blocker,Blocker,1,JYJNQKZFUWAVRM-UHFFFAOYSA-N,JYJNQKZFUWAVRM,PubChem,46207960,21923175
O=Cc1cn(-c2ccccc2)nc1-c1ccccc1,Non-blocker,Non-blocker,0,LZGBMIZREYTWRI-UHFFFAOYSA-N,LZGBMIZREYTWRI,PubChem,555820,
Cc1c(N2CC(C)(CNCCC#N)C2)c(F)cc2c(=O)c(C(=O)O)cn(C3CC3)c12,Non-blocker,Non-blocker,0,VMFMOVFETQULFB-UHFFFAOYSA-N,VMFMOVFETQULFB,data_herg_dev,CHEMBL231016,
CNc1nc(C)nc(N2CCC(C(=O)NCc3ccc(Br)cc3OC(F)(F)F)CC2)n1,Blocker,Blocker,1,PVTFEAGMCGMRRS-UHFFFAOYSA-N,PVTFEAGMCGMRRS,data_herg_dev,CHEMBL2392692,
CCCN(CCc1cccs1)[C@H]1CCc2c(O)cccc2C1,Blocker,Blocker,1,KFQYTPMOWPVWEJ-INIZCTEOSA-N,KFQYTPMOWPVWEJ,PubChem,59227,
O=C(CN1C(=O)[C@@H]2[C@H](C1=O)[C@H]1C=C[C@@H]2C1)/N=c1/[nH]nc(SCc2ccc(Cl)cc2)[nH]1,Blocker,Non-blocker,0,NWSJRKVKWADPHV-CRJCFHLZSA-N,NWSJRKVKWADPHV,PubChem,3000223,
O=C(OCc1ccccc1)c1ccccc1,Non-blocker,Non-blocker,,SESFRYSPDFLNCH-UHFFFAOYSA-N,SESFRYSPDFLNCH,eval_set_herg_70.csv,,
N#Cc1cccnc1N1CCN([C@@H]2CN[C@H](C(=O)N3CCC(F)(F)C3)C2)CC1,Blocker,Blocker,1,NOMKZQKLENFAJZ-HOTGVXAUSA-N,NOMKZQKLENFAJZ,data_herg_dev,CHEMBL514011,
CC(C)C(=O)N[C@@H]1CCc2ccc(CCN3CCN(c4nsc5ccccc45)CC3)cc21,Blocker,Blocker,1,NDCFZCPGTKKFMD-HSZRJFAPSA-N,NDCFZCPGTKKFMD,PubChem,44447007,18160289
C=CC(=O)N1CCC(CNc2ncnc(N)c2-c2ccc(Oc3ccccc3)cc2)CC1,Blocker,Blocker,1,QUIWHXQETADMGN-UHFFFAOYSA-N,QUIWHXQETADMGN,PubChem,71479709,31368705
CCOC(=O)c1c(C)oc2ccc(OC(=O)c3cccs3)cc12,Non-blocker,Non-blocker,0,WIWTURDIRZFYBL-UHFFFAOYSA-N,WIWTURDIRZFYBL,PubChem,719960,
CCCCc1cc(OC2CCN(CCCCS(=O)(=O)C(C)(C)C)CC2)c2ncccc2c1.Cl.Cl,Blocker,Blocker,1,VZEFGPJSAPUASC-UHFFFAOYSA-N,VZEFGPJSAPUASC,data_herg_dev,CHEMBL4095759,
CSc1nnc(-c2ccccc2/N=C/c2c(C)nn(-c3ccccc3)c2O)c(O)n1,Blocker,Non-blocker,0,VDMGUYHCOOMNKT-WSDLNYQXSA-N,VDMGUYHCOOMNKT,PubChem,135435648,
COc1ccc2c(c1)CC(C(=O)NC1CCN(Cc3ccc4c(c3)OCO4)CC1)=CC2=O,Non-blocker,Non-blocker,0,YICFNWLYXDQXNE-UHFFFAOYSA-N,YICFNWLYXDQXNE,data_herg_dev,,
CCCC(=O)N1CCN(c2ccc(NC(=O)c3ccc(OCC)c([N+](=O)[O-])c3)cc2)CC1,Non-blocker,Non-blocker,0,QSOFWYKLHNGPFW-UHFFFAOYSA-N,QSOFWYKLHNGPFW,PubChem,2950226,
N#Cc1ccc(-c2ccc3c(ccc(=O)n3CCN3CCCCC3)c2)cc1,Blocker,Blocker,1,DHPIMHFFFCMLQJ-UHFFFAOYSA-N,DHPIMHFFFCMLQJ,PubChem,168274355,35436748
C=CCSCC1Nc2cc(Cl)c(S(N)(=O)=O)cc2S(=O)(=O)N1,Non-blocker,Non-blocker,,VGLGVJVUHYTIIU-UHFFFAOYSA-N,VGLGVJVUHYTIIU,eval_set_herg_70.csv,,
C(#Cc1ncn2c1COc1ccccc1-2)c1ccccc1,Blocker,Blocker,1,GZHRZQIKHYTBFX-UHFFFAOYSA-N,GZHRZQIKHYTBFX,data_herg_dev,CHEMBL3410207,
O=C(/C=C/c1ccc2c(c1)CN(S(=O)(=O)c1ccc(C(F)(F)F)cc1)C2)NO,Non-blocker,Non-blocker,0,RBVBZUIONHBODA-KRXBUXKQSA-N,RBVBZUIONHBODA,data_herg_dev,CHEMBL1808638,
COc1ccc2c(c1OC)C(=O)N1c3ccccc3C(=O)N(c3ccccc3)[C@@H]21,Non-blocker,Non-blocker,0,LJZQPEUGCZRGBA-OAQYLSRUSA-N,LJZQPEUGCZRGBA,PubChem,659111,
COc1cccc(N(CC(=O)NCCSCc2ccc(Cl)cc2)S(C)(=O)=O)c1,Non-blocker,Non-blocker,0,FCSPCWBMPHCDOX-UHFFFAOYSA-N,FCSPCWBMPHCDOX,PubChem,2284683,
CC[N+]1=C(NCCc2ccc(Br)cc2)N[C@@H](c2ccccc2)[C@H](C(=O)OC)[C@H]1C,Blocker,Blocker,1,VDJYKOOKOFMGBN-HBGVWJBISA-O,VDJYKOOKOFMGBN,PubChem,135871464,
CCC(=O)N1CCc2cc(OC)c(O)cc2C1,Non-blocker,Non-blocker,,BEDYMEDICHGLSE-UHFFFAOYSA-N,BEDYMEDICHGLSE,eval_set_herg_60.csv,,
O=C(NCc1ccc(Cl)cc1O)C1CCN(Cc2ccn(-c3ccc(C(F)(F)F)cc3)c2)CC1,Blocker,Blocker,1,HNKPRPIHOBAVIG-UHFFFAOYSA-N,HNKPRPIHOBAVIG,PubChem,11577588,19500979
CCCCc1cc(OC2CCN(CCS(=O)(=O)CC)CC2)c2ncccc2c1.Cl.Cl,Blocker,Blocker,1,UHSJPSKXCWJZMX-UHFFFAOYSA-N,UHSJPSKXCWJZMX,data_herg_dev,CHEMBL4085417,
O=C(O)CCC(=O)C(=O)O,Non-blocker,Non-blocker,0,KPGXRSRHYNQIFN-UHFFFAOYSA-N,KPGXRSRHYNQIFN,PubChem,51,
CCOc1cccc(F)c1[C@]1(O)C(N)=Nc2ccc(Cl)cc21,Blocker,Non-blocker,,KNFXVTATVGJJAA-INIZCTEOSA-N,KNFXVTATVGJJAA,eval_set_herg_60.csv,,
C(#Cc1cccc(C#Cc2ccccc2)c1)c1ccccc1,Blocker,Blocker,,OYEDTTNTNYKSFX-UHFFFAOYSA-N,OYEDTTNTNYKSFX,eval_set_herg_60.csv,,
CC(C)NC(=O)c1cn(-c2cccc(Br)c2)c2ncccc2c1=O,Non-blocker,Non-blocker,0,YJSFOXRIOGEQKP-UHFFFAOYSA-N,YJSFOXRIOGEQKP,data_herg_dev,CHEMBL456172,
Nc1ccc(Cl)cc1C(=O)c1ccccc1,Non-blocker,Non-blocker,,ZUWXHHBROGLWNH-UHFFFAOYSA-N,ZUWXHHBROGLWNH,eval_set_herg_70.csv,,
N#Cc1c(N2CCCCC2)nc(N2CCCCC2)c2c1CCN(Cc1ccccc1)C2,Non-blocker,Non-blocker,0,NFWFNKQJHIUIBD-UHFFFAOYSA-N,NFWFNKQJHIUIBD,PubChem,657586,
CCN(CC)CCC/N=C(\C)Nc1c2ccc(Cl)cc2nc2ccc(OC)nc12,Blocker,Blocker,1,TVNIBQGXSGDIKQ-UHFFFAOYSA-N,TVNIBQGXSGDIKQ,data_herg_dev,CHEMBL3422025,
NC(=O)c1cccc(OC2CC3CCC(C2)N3Cc2cccnc2)c1,Blocker,Blocker,1,NEVDMWBUYBQSHQ-UHFFFAOYSA-N,NEVDMWBUYBQSHQ,PubChem,CUPID,
COC(=O)C1=CCCN(C)C1,Non-blocker,Non-blocker,,HJJPJSXJAXAIPN-UHFFFAOYSA-N,HJJPJSXJAXAIPN,eval_set_herg_70.csv,,
N#Cc1ccc(Cn2cncc2CNC2CCN(C(=O)c3cccnc3N)C2)cc1,Non-blocker,Non-blocker,0,FVDAOYOQPWBPHV-UHFFFAOYSA-N,FVDAOYOQPWBPHV,data_herg_dev,,
CCCOc1ccc2[nH]c(C(=O)N/N=C/c3cc(OC)c(OC)c(OC)c3)cc2c1,Non-blocker,Non-blocker,0,QCCYKFXIVXUHFI-YDZHTSKRSA-N,QCCYKFXIVXUHFI,PubChem,9696279,
CC(C)c1nc2cc(C(=O)N(C)Cc3ccc(F)cc3)ccc2o1,Non-blocker,Non-blocker,0,HPULYTVTKILPLE-UHFFFAOYSA-N,HPULYTVTKILPLE,PubChem,24817750,
Cc1ccc(C(=O)NCc2ccc(F)cc2)s1,Non-blocker,Non-blocker,0,UJYNHOPWLAADSC-UHFFFAOYSA-N,UJYNHOPWLAADSC,PubChem,841357,
Cc1nn2cnc3sc4c(c3c2nc1=O)CCCC4,Non-blocker,Non-blocker,0,NRETZMXGYFXNHS-UHFFFAOYSA-N,NRETZMXGYFXNHS,PubChem,660556,
Cc1ccccc1NC(=O)[C@@H](C#N)Cc1cccnc1,Non-blocker,Non-blocker,0,NJTZMIHDOWMIPK-CQSZACIVSA-N,NJTZMIHDOWMIPK,PubChem,644795,
CCOC(=O)N/N=C(\C)c1ccc(C)o1,Non-blocker,Non-blocker,0,LOUUMWJCIMLLJS-DHZHZOJOSA-N,LOUUMWJCIMLLJS,PubChem,6271527,
Cc1ccc(OP(=O)(Nc2cccc(C)c2)Oc2ccc(C)cc2)cc1,Non-blocker,Non-blocker,0,FCGBDIFLQYBBHM-UHFFFAOYSA-N,FCGBDIFLQYBBHM,PubChem,2305384,
C/C1=C\[C@H](C)C[C@H](C)OC(=O)C[C@H](c2ccc(O)cc2)NC(=O)[C@@H](Cc2c(Br)[nH]c3ccccc23)N(C)C(=O)[C@H](C)NC(=O)[C@H](C)C1,Non-blocker,Non-blocker,,GQWYWHOHRVVHAP-HZIRKPFGSA-N,GQWYWHOHRVVHAP,eval_set_herg_60.csv,,
COc1ccccc1CCC(=O)Oc1ccc(C#N)cc1OC,Non-blocker,Non-blocker,0,LLIDWFQCDOJBJT-UHFFFAOYSA-N,LLIDWFQCDOJBJT,PubChem,24687981,
CCCCNc1nc(N)nc(C)c1Cc1ccc(CN(CC)CC(=O)O)cc1OC,Blocker,Blocker,1,ZXPNPUZYBKVZFN-UHFFFAOYSA-N,ZXPNPUZYBKVZFN,data_herg_dev,,
CCCn1c(C)c(C(=O)c2ccc3ccccc3c2)c2ccccc21,Non-blocker,Blocker,1,ZNIBIJIBEXSCNO-UHFFFAOYSA-N,ZNIBIJIBEXSCNO,PubChem,6603892,
NC1=N[C@@]2(c3cc(NC(=O)c4ccc(F)cn4)ccc3F)CN(c3ncc(F)cn3)C[C@H]2CS1,Blocker,Blocker,1,RNPOMBJFPXUWGB-YTEVENLXSA-N,RNPOMBJFPXUWGB,PubChem,90402017,34081466
CCc1cc2c(=O)c(-c3ccon3)c(N)oc2cc1OC,Non-blocker,Blocker,1,ZEBJUTVOURFQCN-UHFFFAOYSA-N,ZEBJUTVOURFQCN,PubChem,1548053,
CCOc1cc(CNC(C)C(O)c2ccccc2)cc(Cl)c1OCC,Non-blocker,Blocker,1,GPNXIOHGRPOPIQ-UHFFFAOYSA-N,GPNXIOHGRPOPIQ,data_herg_dev,CHEMBL1619026,
CNC(C)CCC=C(C)C.Cl,Non-blocker,Blocker,1,AUERTJOCDMCUAL-UHFFFAOYSA-N,AUERTJOCDMCUAL,data_herg_dev,,22549
COc1cc(/C=C(\C#N)C(=O)Nc2ccc3ccccc3c2)c([N+](=O)[O-])cc1OC,Non-blocker,Non-blocker,0,CNGKTZCNXQMODT-RQZCQDPDSA-N,CNGKTZCNXQMODT,PubChem,1118789,
COc1cc(NC(=S)NCCCn2cncc2C)ccc1OCc1ccc(C2CCNCC2)cc1,Blocker,Blocker,1,LCWWYEHVPHUMNY-UHFFFAOYSA-N,LCWWYEHVPHUMNY,data_herg_dev,CHEMBL4213886,
CC1(C)[C@@H]2CC[C@@]1(CC(=O)O)[C@H](Cl)C2,Non-blocker,Blocker,1,OXJNTOQBZAXOPC-SOCHQFKDSA-N,OXJNTOQBZAXOPC,PubChem,222202,
COc1cc(C2=NO[C@@H](C(=O)NCc3ccccn3)C2)cc(OC)c1OC,Non-blocker,Non-blocker,0,AZJVHDLLIIYXSZ-QGZVFWFLSA-N,AZJVHDLLIIYXSZ,PubChem,9551140,
CC(C)N1CC=C(c2ccc(/C(=C(/CCCO)c3ccccc3)c3ccc(O)cc3)cc2)CC1.Cl,Non-blocker,Blocker,1,HTBFUVXJBZTWPQ-FJISBNMDSA-N,HTBFUVXJBZTWPQ,data_herg_dev,CHEMBL4741828,
COc1c(N2CC3(CC3)[C@](C)(N)C2)c(F)cc2c(=O)c(C(=O)O)cn([C@@H]3C[C@@H]3F)c12.O,Non-blocker,Non-blocker,0,TYRYXJGJZMSHDI-VQORJFASSA-N,TYRYXJGJZMSHDI,data_herg_dev,CHEMBL563211,
COC(=O)Cc1c(C)nc(SCc2ccccc2)[nH]c1=O,Non-blocker,Non-blocker,0,OHRZLFWPDCEKNU-UHFFFAOYSA-N,OHRZLFWPDCEKNU,PubChem,135490159,
CN(c1ccc(C(=O)Nc2cccc(O)c2)cc1)S(=O)(=O)c1ccccc1,Non-blocker,Non-blocker,0,IGGFNTFJFVQLTL-UHFFFAOYSA-N,IGGFNTFJFVQLTL,PubChem,1310433,
CC(C)CN(C(=O)CCNC(=O)c1ccccc1Cl)[C@@H]1CCS(=O)(=O)C1,Non-blocker,Non-blocker,0,UINJGHQFEUFYAC-CQSZACIVSA-N,UINJGHQFEUFYAC,PubChem,16314534,
O=S(=O)(Nc1cccc(-c2nc(N3CCC(F)(F)CC3)sc2-c2ccncc2)c1F)c1cc(F)ccc1F,Blocker,Blocker,,SBBRGPWRBVNCGM-UHFFFAOYSA-N,SBBRGPWRBVNCGM,eval_set_herg_70.csv,,
O=c1c2ccccc2[nH]c(=S)n1CCC1=CCCCC1,Blocker,Blocker,1,JDECVXZEQNKTCE-UHFFFAOYSA-N,JDECVXZEQNKTCE,PubChem,807484,
COc1cc(N2CCN(C(C)=O)CC2)ccc1Nc1ncc(Cl)c(Nc2ccc(N3CCN(C(C)=O)CC3)cc2OC)n1,Non-blocker,Non-blocker,,TXDIRJCYNAWBOS-UHFFFAOYSA-N,TXDIRJCYNAWBOS,eval_set_herg_70.csv,,
[H]/N=C1C(=C\c2ccc(OCCOc3ccc(NC(C)=O)cc3)cc2)/C(=O)N=C2SC(CC)=NN2/1,Non-blocker,Non-blocker,0,NINWHGRBYJVYKT-SOBQFDRLSA-N,NINWHGRBYJVYKT,PubChem,24762067,
C=CC(=O)N1CCC(Oc2cc3c(Nc4ccc(Cl)c(Cl)c4F)ncnc3cc2OC2CCOC2)CC1,Blocker,Blocker,1,NAUMQOWVCNOPGB-UHFFFAOYSA-N,NAUMQOWVCNOPGB,CUPID,CUPID,
CC(=O)CNC(=O)C1CCC(c2nc(-c3cccc(Br)c3)c[nH]2)CC1,Blocker,Blocker,,FHTXCGJNDDPSQI-UHFFFAOYSA-N,FHTXCGJNDDPSQI,eval_set_herg_60.csv,,
CCOc1ccc(N2Nc3[nH]nc(N)c3N2)cc1,Non-blocker,Blocker,1,FUDDSTYMFRJTBK-UHFFFAOYSA-N,FUDDSTYMFRJTBK,PubChem,1237001,
CCOC(=O)C1CCN([C@H](c2ccc(OC)c(OC)c2)c2sc3nc(C)nn3c2O)CC1,Non-blocker,Non-blocker,0,HEKLZPMWTCAHRL-GOSISDBHSA-N,HEKLZPMWTCAHRL,PubChem,3378036,
COC(=O)N1CCC(CN2CCC(CNC(=O)c3cccc4[nH]c(C(C)C)nc34)CC2)CC1,Blocker,Blocker,1,MZOITCJKGUIQEI-UHFFFAOYSA-N,MZOITCJKGUIQEI,data_herg_dev,CHEMBL2402904,
C=CC(=O)OCCOc1ccccc1,Non-blocker,Non-blocker,,RZVINYQDSSQUKO-UHFFFAOYSA-N,RZVINYQDSSQUKO,eval_set_herg_70.csv,,
CO[C@@H](C(=O)N/N=C(\C)c1ccc(O)cc1)c1ccccc1,Non-blocker,Blocker,1,SWLKGSAZGCJSME-YAJBTMAUSA-N,SWLKGSAZGCJSME,PubChem,135537541,
NC(c1cc(Cl)c(NC(=O)NCc2ccc(C(F)(F)F)nc2)c(Cl)c1)C(F)(F)F,Blocker,Blocker,,WYRSKUBUFKBAFT-UHFFFAOYSA-N,WYRSKUBUFKBAFT,eval_set_herg_60.csv,,
O=C(N(CCOc1ccc([N+](=O)[O-])cc1)CCc1ccc([N+](=O)[O-])cc1)C(F)(F)F,Blocker,Blocker,1,DKNASAFVZPVTRW-UHFFFAOYSA-N,DKNASAFVZPVTRW,PubChem,122181601,26125327
Cn1c(-c2ccc(OCCCN3CCCCC3)cc2)nc2ccccc2c1=O,Blocker,Blocker,1,NYZWASOCJLRCHC-UHFFFAOYSA-N,NYZWASOCJLRCHC,PubChem,11516386,18952421
COc1ccc2c3c1O[C@H]1C[C@@H](O)C=C[C@@]31CCN(C)C2,Non-blocker,Non-blocker,,ASUTZQLVASHGKV-JDFRZJQESA-N,ASUTZQLVASHGKV,eval_set_herg_60.csv,,
CC(C)CN1C(=O)N[C@@](NC(=O)c2cccs2)(C(F)(F)F)C1=O,Non-blocker,Non-blocker,0,LKNPXWGRIQWFQI-GFCCVEGCSA-N,LKNPXWGRIQWFQI,PubChem,3245898,
O=C(NC1CCN(Cc2ccc3c(c2)OCO3)CC1)C1=CC(=O)c2ccc(OC(F)F)cc2C1,Blocker,Blocker,1,IWEALWQDRFHRDD-UHFFFAOYSA-N,IWEALWQDRFHRDD,data_herg_dev,,
CCN(CCCCOC(=O)c1ccc(OC)c(OC)c1)C(C)Cc1ccc(OC)cc1.Cl,Non-blocker,Blocker,1,PLGQWYOULXPJRE-UHFFFAOYSA-N,PLGQWYOULXPJRE,data_herg_dev,,17683
CCCCOc1c(Cl)cc(CNC(C)(C)CO)cc1OCC,Non-blocker,Non-blocker,0,MKNGOCGJZZHOPN-UHFFFAOYSA-N,MKNGOCGJZZHOPN,PubChem,2217251,
CC(C)(C)Cc1nnc(NS(=O)(=O)c2ccc(F)cc2)s1,Non-blocker,Non-blocker,0,RPODJOFYGYNBRW-UHFFFAOYSA-N,RPODJOFYGYNBRW,PubChem,656064,
OC(c1ccc(F)c(-c2ncnc3cc(N4CCOCC4)ccc23)c1)c1nncc2sccc12,Non-blocker,Non-blocker,0,AHYKWBDALRQZLR-UHFFFAOYSA-N,AHYKWBDALRQZLR,data_herg_dev,,
COC1COCCC1N[C@@H]1C[C@H]2C[C@@H](C(F)(F)F)C[C@@]2(C(=O)N2CCc3ncc(C(F)(F)F)cc3C2)C1,Non-blocker,Non-blocker,0,DVAMLNLIEXHHFO-GTQABJMGSA-N,DVAMLNLIEXHHFO,data_herg_dev,CHEMBL2313775,
O=C(Cn1c(CO)nc2ccccc21)NCCc1ccccc1,Non-blocker,Blocker,1,ZECXQCFUUUSPPY-UHFFFAOYSA-N,ZECXQCFUUUSPPY,PubChem,4882839,
COc1ccccc1C[C@@H](NC(C)=O)C(=O)NC1CCN(C(=O)Nc2ccccc2C)CC1,Non-blocker,Non-blocker,0,NCBQQMJHPMTGES-JOCHJYFZSA-N,NCBQQMJHPMTGES,PubChem,6487353,
COc1ccc(CCn2ncc(C(=O)c3ccc(C)c(C)c3)n2)cc1,Non-blocker,Non-blocker,,GFAWLUIEPMDUPY-UHFFFAOYSA-N,GFAWLUIEPMDUPY,eval_set_herg_60.csv,,
COc1ccc2nc(NC3=NC[C@@]4(CN5CCC4CC5)O3)sc2c1,Blocker,Blocker,1,KIDXXFXVPLATJJ-KRWDZBQOSA-N,KIDXXFXVPLATJJ,PubChem,134145411,27958732
CCC(COC(=O)c1cc(OC)c(OC)c(OC)c1)(c1ccccc1)[N+](C)C,Blocker,Non-blocker,,HQQBZBRAVHDCNS-UHFFFAOYSA-N,HQQBZBRAVHDCNS,eval_set_herg_70.csv,,
CCCOc1ccc(N2C(=O)C[C@@H](N(Cc3ccc(S(N)(=O)=O)cc3)C(=O)CC)C2=O)cc1,Non-blocker,Non-blocker,0,GHKCSIBLMLLHTB-HXUWFJFHSA-N,GHKCSIBLMLLHTB,PubChem,660616,
N#Cc1nc(CCC(=O)O)cc(-c2cccc(C(F)(F)F)c2)n1,Non-blocker,Blocker,1,UWVQMEQXRBAOKY-UHFFFAOYSA-N,UWVQMEQXRBAOKY,data_herg_dev,CHEMBL1271274,
COc1ccc(NC(=O)CNCc2ccc(Cl)cc2)cc1S(=O)(=O)N1CCOCC1,Non-blocker,Non-blocker,0,YYRGRRCORRXUAX-UHFFFAOYSA-N,YYRGRRCORRXUAX,PubChem,16244709,
Cn1ccc(Cn2cc(-c3ccccn3)cn2)n1,Blocker,Blocker,,MYVGSZBCKCBYMQ-UHFFFAOYSA-N,MYVGSZBCKCBYMQ,eval_set_herg_70.csv,,
O=C(CCc1ccccc1)N[C@@H]1CCc2ccc(CCN3CCN(c4nsc5ccccc45)CC3)cc21,Blocker,Blocker,1,WLZVXPFXXASTLW-MUUNZHRXSA-N,WLZVXPFXXASTLW,PubChem,44447028,18160289
C=C(C)COc1ccc(-c2nc(N)ncc2Oc2ccc(OC)cc2)c(O)c1,Non-blocker,Non-blocker,0,DCWVJNHRWVAOOD-UHFFFAOYSA-N,DCWVJNHRWVAOOD,PubChem,665557,
COc1cc(/C=N/NC(=S)N[C@@H]2C[C@H]3C[C@@H]2[C@@H]2C=CC[C@H]32)ccc1O,Non-blocker,Non-blocker,0,NTMXTSMAUQTNMD-GLXPEQDNSA-N,NTMXTSMAUQTNMD,PubChem,135520585,
CN(C)CCN1CCN(c2nc(-c3ccc(Cl)cc3Cl)c3c(n2)N(c2c(Cl)cccc2Cl)C(=O)NC3)CC1,Blocker,Blocker,1,OJBGOJDIJOUKKY-UHFFFAOYSA-N,OJBGOJDIJOUKKY,PubChem,23647642,16750629
COC(=O)C1C(C)=NC(C)=C(C(=O)OCC(C)C)C1c1ccccc1[N+](=O)[O-],Non-blocker,Non-blocker,0,CMRUBVBRILWITQ-UHFFFAOYSA-N,CMRUBVBRILWITQ,data_herg_dev,,53729257
CN1CCN([C@@H]2c3ccccc3Nc3ccc(Cl)cc3N2O)CC1,Blocker,Non-blocker,,LTRSQBSUNYICJX-SFHVURJKSA-N,LTRSQBSUNYICJX,eval_set_herg_60.csv,,
O=C(c1ccccc1)[C@@](O)(Cc1ccccc1)c1ccccc1,Non-blocker,Non-blocker,0,YOJAHTBCSGPSOR-OAQYLSRUSA-N,YOJAHTBCSGPSOR,PubChem,285844,
COc1ccc(-n2c(C)nnc2SCc2nc(-c3ccc(OC)c(OC)c3)no2)cc1,Non-blocker,Non-blocker,0,HQPRJYQZDYZZOA-UHFFFAOYSA-N,HQPRJYQZDYZZOA,data_herg_dev,CHEMBL1867804,
Cc1nc2cnc(Oc3ccc4ncsc4c3)cc2c(=O)n1CC1CCCN(C(C)C)C1,Blocker,Blocker,1,IAOJMVQPBCXIRY-UHFFFAOYSA-N,IAOJMVQPBCXIRY,PubChem,CUPID,
Cc1cnc(NC(=O)[C@H](CN2CC(O)C2)Oc2ncnc3c2cnn3-c2c(Cl)cccc2Cl)cn1,Non-blocker,Non-blocker,0,CWLOTRFEEPFEKP-KRWDZBQOSA-N,CWLOTRFEEPFEKP,data_herg_dev,CHEMBL3221531,
CCOc1ccc(-n2ncc(-c3ccc4cc(CCN5CCC[C@H]5C)ccc4n3)c2C)nn1,Blocker,Blocker,1,JBAFEJCXHMAIBL-GOSISDBHSA-N,JBAFEJCXHMAIBL,PubChem,11554040,20457525
Cc1cc(C)nc(Nc2cc(N[C@@H]3CS(=O)(=O)CC[C@@H]3N)cnc2C(N)=O)c1,Non-blocker,Non-blocker,0,OVSQQNNOSFCOQB-DZGCQCFKSA-N,OVSQQNNOSFCOQB,data_herg_dev,CHEMBL3415589,
COc1ccc(-c2nnn(CC(=O)N(C[C@H]3CCCO3)[C@@H](C(=O)NC(C)(C)C)c3ccco3)n2)cc1OC,Non-blocker,Non-blocker,0,JSRWRLODEGPMOQ-WZONZLPQSA-N,JSRWRLODEGPMOQ,PubChem,3174622,
COc1cc2c(cc1O)[C@@H](Cc1ccc(O)c(Oc3ccc(C[C@@H]4c5cc(OC)c(OC)cc5CCN4C)cc3)c1)N(C)CC2,Blocker,Blocker,1,BURJAQFYNVMZDV-FIRIVFDPSA-N,BURJAQFYNVMZDV,PubChem,51106,22974355
COP(=S)(OC)Oc1cc(Cl)c(Br)cc1Cl,Non-blocker,Non-blocker,0,NYQDCVLCJXRDSK-UHFFFAOYSA-N,NYQDCVLCJXRDSK,data_herg_dev,,16422
CCNC(=O)CC[C@@H](CO)N(C)C(=O)c1ccc2c(c1)c1c(n2C)CC[C@@H](C2CCOCC2)C1,Non-blocker,Non-blocker,0,GMNVCBCXIRKAHE-CTNGQTDRSA-N,GMNVCBCXIRKAHE,data_herg_dev,CHEMBL2029736,
CN1C(N)=NC(C)(c2cc(NC(=O)c3ccc(F)cn3)ccc2F)CS1(=O)=O,Blocker,Blocker,1,YHYKUSGACIYRML-UHFFFAOYSA-N,YHYKUSGACIYRML,CUPID,CUPID,
O=C(C1CCC1)N1CCc2cc(S(=O)(=O)NCc3cccnc3)ccc21,Non-blocker,Non-blocker,0,NKCMFDQBACROML-UHFFFAOYSA-N,NKCMFDQBACROML,PubChem,3240796,
N#Cc1cc(CN2CCC2)cnc1-c1ccc(C(=O)Nc2ccccc2N)cc1,Non-blocker,Non-blocker,0,MGOAWIRTPOOEAO-UHFFFAOYSA-N,MGOAWIRTPOOEAO,data_herg_dev,CHEMBL403813,
Cc1nccn1Cc1cn(-c2ccc(Cl)c(C(F)(F)F)c2)nn1,Blocker,Blocker,1,DRHMCKZRSIYNSH-UHFFFAOYSA-N,DRHMCKZRSIYNSH,data_herg_dev,,
O=C(c1ccccc1C(F)(F)F)N(c1ccccc1)[C@H]1CCNC1,Blocker,Non-blocker,0,HDXRSCIIKGHXQP-AWEZNQCLSA-N,HDXRSCIIKGHXQP,data_herg_dev,CHEMBL562533,
CC(C)(O)c1ccc(C(O)CCC[N+]2CCC(C(O)(c3ccccc3)c3ccccc3)CC2)cc1,Non-blocker,Non-blocker,,QZZLQXZHKPPSLA-UHFFFAOYSA-N,QZZLQXZHKPPSLA,eval_set_herg_70.csv,,
Oc1ccc(C2CNCc3sccc32)cc1O,Non-blocker,Non-blocker,0,QDKUSZZMIFQVPN-UHFFFAOYSA-N,QDKUSZZMIFQVPN,data_herg_dev,,
CCCC[Sn](Cl)(Cl)CCCC,Non-blocker,Non-blocker,,RJGHQTVXGKYATR-UHFFFAOYSA-L,RJGHQTVXGKYATR,eval_set_herg_70.csv,,
COc1ccc2ncc(F)c(C(O)CC34CCC(NCc5ccc6c(n5)NC(=O)CO6)(CC3)CO4)c2n1,Blocker,Blocker,1,HPPWFRFBBQNSJX-UHFFFAOYSA-N,HPPWFRFBBQNSJX,CUPID,CUPID,
COc1ccc([C@H]2N[C@]3(CCCN(CC4CCCCC4)C3=O)[C@H]3C(=O)N(C)C(=O)[C@@H]23)cc1,Non-blocker,Non-blocker,0,USGWRABDSFGDMU-QTDDQOEGSA-N,USGWRABDSFGDMU,PubChem,46904617,
O=c1ccc2cc(O)c(O)cc2o1,Non-blocker,Non-blocker,0,ILEDWLMCKZNDJK-UHFFFAOYSA-N,ILEDWLMCKZNDJK,PubChem,5281416,
Cc1cccc(-c2nnc([C@@H](C)Nc3cccc(C(=O)NC4CC4)c3)o2)c1,Non-blocker,Blocker,1,FXOGZPFFQBASQB-CQSZACIVSA-N,FXOGZPFFQBASQB,PubChem,16299658,
O=C(NCC1CCN(C(=O)CCCCC(c2ccc(F)cc2)c2ccc(F)cc2)C1)c1cc(C(F)(F)F)cc(C(F)(F)F)c1,Blocker,Blocker,1,HGCZQSGYYYCBCL-UHFFFAOYSA-N,HGCZQSGYYYCBCL,PubChem,CUPID,
CCOC(C)(C)c1cnc2n1C[C@H](c1cccc(F)c1F)CC[C@H]2NC(=O)N1CCC2(CC1)OC(=O)Nc1ncccc12,Blocker,Blocker,1,OSEQHUYSRMIQBM-AUSIDOKSSA-N,OSEQHUYSRMIQBM,data_herg_dev,,
N#Cc1ccc(O[C@@H]2[C@@H]3CC(=O)[C@@H]3C[C@H]2N2CCC[C@@H](N)C2)cc1,Non-blocker,Non-blocker,0,ZHFFQIKHYAWUBX-OAIGWWADSA-N,ZHFFQIKHYAWUBX,data_herg_dev,CHEMBL4130214,
O=C(NNC(=O)[C@]12C[C@H]3C[C@H](C[C@H](C3)C1)C2)[C@@H]1C[C@H]1c1ccccc1,Non-blocker,Non-blocker,0,PIPKSJQWWUXIRL-BHYYFBTJSA-N,PIPKSJQWWUXIRL,PubChem,5286593,
Cc1cc(NC(=O)NC(=O)c2ccccc2NC(=O)[C@@H](C)N)ccc1Oc1ncc(Br)cn1,Blocker,Non-blocker,0,PLLJSVYLRCMYEJ-CYBMUJFWSA-N,PLLJSVYLRCMYEJ,PubChem,375121,
COC(=O)c1cccc(C(=O)N2CCC(CCN3C4CCC3CC(n3c(C)nc5ccccc53)C4)(c3ccccc3)CC2)c1,Non-blocker,Blocker,1,DNHRQMMBAAKVNY-UHFFFAOYSA-N,DNHRQMMBAAKVNY,CUPID,CUPID,
CCCc1cc(CNC(=O)[C@@H]2CCC(=O)N(Cc3ccccc3OC)C2)on1,Non-blocker,Non-blocker,0,SBVCRKWFIKOLEU-MRXNPFEDSA-N,SBVCRKWFIKOLEU,PubChem,24817213,
CCCCc1nc(Cl)c(CO)n1Cc1ccc(-c2ccccc2-c2nn[n-]n2)cc1,Blocker,Blocker,,MDMTUGIZSFHDIC-UHFFFAOYSA-N,MDMTUGIZSFHDIC,eval_set_herg_70.csv,,
Cc1ccc(CCOCCCc2cccc(CCCOCCc3ccc(C)cc3)[n+]2C)cc1,Blocker,Blocker,1,CKCOFHYCXMELMP-UHFFFAOYSA-N,CKCOFHYCXMELMP,PubChem,71604550,23473309
Nc1ccc(-c2ccccc2)cc1NC(=O)c1ccc(CNC(=O)OCc2ccccn2)cc1,Blocker,Blocker,1,OGJRGWPKYVXPJS-UHFFFAOYSA-N,OGJRGWPKYVXPJS,data_herg_dev,CHEMBL253870,
NC(=O)c1cn(Cc2c(F)cccc2F)nn1,Non-blocker,Non-blocker,,POGQSBRIGCQNEG-UHFFFAOYSA-N,POGQSBRIGCQNEG,eval_set_herg_60.csv,,
OC(c1ccc(F)c(-c2ncnc3cc(N4CCOCC4)sc23)c1)c1nccs1,Non-blocker,Non-blocker,0,AIDFNPQAXSJWSH-UHFFFAOYSA-N,AIDFNPQAXSJWSH,data_herg_dev,,
COC(=O)c1c(C(=O)OC)c(-c2ccc(F)cc2)n2c1CS(=O)(=O)C2,Non-blocker,Non-blocker,0,FLWRJBGLLLEOBE-UHFFFAOYSA-N,FLWRJBGLLLEOBE,PubChem,1488430,
COc1ccc(NC(=O)CN2C(=O)COc3ccc(S(=O)(=O)N4CCCCCC4)cc32)cc1,Non-blocker,Non-blocker,0,GZYBGCNADDVGJO-UHFFFAOYSA-N,GZYBGCNADDVGJO,PubChem,16034637,
COc1ccc([C@@H]2C(C(=O)c3ccc(C)o3)=C(O)C(=O)N2Cc2ccco2)cc1OC,Non-blocker,Non-blocker,0,XNAYWQXMTJUYAE-HXUWFJFHSA-N,XNAYWQXMTJUYAE,PubChem,4231843,
COc1ccc(CCN2C(=O)N(NS(C)(=O)=O)C[C@H]2c2ccc(C3CC3)cc2)cc1,Non-blocker,Blocker,1,DGHURJYXAQLSSM-NRFANRHFSA-N,DGHURJYXAQLSSM,PubChem,25018252,19888755
COc1ccnc(C[S+]([O-])c2nc3ccc(OC(F)F)cc3[nH]2)c1OC,Non-blocker,Non-blocker,,IQPSEEYGBUAQFF-UHFFFAOYSA-N,IQPSEEYGBUAQFF,eval_set_herg_70.csv,,
O=C1CC2CN(c3ccc(N4C[C@H](Cn5ccnn5)OC4=O)cc3F)CC2C1,Non-blocker,Non-blocker,,PDYJJRWURVZIHK-ZUEPYMLJSA-N,PDYJJRWURVZIHK,eval_set_herg_70.csv,,
COc1nc(-c2nc(Nc3cc(F)cc(C(F)(F)F)c3)n(C)n2)ccc1-n1cnc(C)c1,Blocker,Blocker,1,IEXICYSIZWDQOD-UHFFFAOYSA-N,IEXICYSIZWDQOD,data_herg_dev,CHEMBL4466805,
CS(=O)(=O)Cc1cc(N2CCOCC2)nc(NC(=O)c2ccno2)n1,Non-blocker,Non-blocker,0,PDUSMTDBBDWQRB-UHFFFAOYSA-N,PDUSMTDBBDWQRB,data_herg_dev,CHEMBL2030450,
O=C(COC(=O)/C=C/c1ccc(F)cc1)Nc1ccc2[nH]c(=O)[nH]c2c1,Blocker,Non-blocker,0,SNANUKNMTGOIMU-FPYGCLRLSA-N,SNANUKNMTGOIMU,PubChem,24981817,
N#Cc1c(-c2ccccc2)cc(-c2ccccc2)nc1NC(=S)Nc1ccccc1,Blocker,Non-blocker,0,OYDUHWONWXSSKP-UHFFFAOYSA-N,OYDUHWONWXSSKP,data_herg_dev,CHEMBL3408381,
O=C(c1ccccc1C(F)(F)F)N(CC1CC1)[C@H]1CCNC1,Non-blocker,Non-blocker,0,NQUQUDJZIDCEFJ-LBPRGKRZSA-N,NQUQUDJZIDCEFJ,data_herg_dev,CHEMBL559802,
C/C(Cl)=C\Cn1c(N2CCCC2)nc2c1c(=O)n(C)c(=O)n2C,Non-blocker,Non-blocker,0,TZXLROIEGGQFOO-UXBLZVDNSA-N,TZXLROIEGGQFOO,PubChem,6341368,
O=S(=O)(CC1CC1)NC1CN(c2ccc3c(c2)[C@@H](Cc2ccccc2)[C@@H](N2CCC2)CO3)C1,Non-blocker,Non-blocker,0,GOGNWHCPOVLYOW-NOZRDPDXSA-N,GOGNWHCPOVLYOW,data_herg_dev,CHEMBL4164312,
c1ccc2c(N3CCN(CCCCOc4ccc5c(c4)CNC5)CC3)cccc2c1,Blocker,Blocker,1,JKWVQRPLWQNRNL-UHFFFAOYSA-N,JKWVQRPLWQNRNL,PubChem,25068850,20801650
COc1ccc(N(C)S(=O)(=O)c2ccc3c(c2)CCN3C(=O)C2CC2)c(OC)c1,Non-blocker,Non-blocker,0,OBHVLJIHYOZUFI-UHFFFAOYSA-N,OBHVLJIHYOZUFI,PubChem,15997273,
CNCCC(O)(c1cccc2ccccc12)C(c1ccccc1)c1ccc(-c2ccc(Cl)cc2)nc1OC,Blocker,Blocker,1,YTGHVZZHIDYGBB-UHFFFAOYSA-N,YTGHVZZHIDYGBB,CUPID,CUPID,
Cc1cccc(C)c1NC(=S)NN1CCN(C)CC1,Non-blocker,Non-blocker,0,VFAWGTAVLCQOIK-UHFFFAOYSA-N,VFAWGTAVLCQOIK,PubChem,2377815,
COCCCn1cc(CN(C(=O)[C@H]2CNCC[C@@H]2c2ccn(C)c(=O)c2)C2CC2)c2c(Cl)cccc21,Non-blocker,Non-blocker,0,AUOWJTDDNOBEPP-PKTZIBPZSA-N,AUOWJTDDNOBEPP,data_herg_dev,CHEMBL1796070,
NCCOc1ccc(Cc2ccc(N)cc2)c(C(F)(F)F)c1,Blocker,Blocker,1,YWPLEWGQWULTHY-UHFFFAOYSA-N,YWPLEWGQWULTHY,data_herg_dev,CHEMBL4740833,
Cc1cc(Cl)cc(-c2ccnc3cc(Cn4c(O)ccc4O)sc23)c1CN1C(C)CNCC1C,Blocker,Blocker,1,AKDMTQVORFUVJD-UHFFFAOYSA-N,AKDMTQVORFUVJD,PubChem,CUPID,
CC(=O)c1ccc(S(=O)(=O)NCc2cccnc2)cc1,Non-blocker,Non-blocker,0,PQSCMSYWIGWNCK-UHFFFAOYSA-N,PQSCMSYWIGWNCK,PubChem,746813,
O=C1NCc2c(nc(=O)[nH]c2-c2ccccc2Cl)N1c1c(Cl)cccc1Cl,Blocker,Blocker,1,YTQLAJDGTJISOD-UHFFFAOYSA-N,YTQLAJDGTJISOD,PubChem,23647637,16750629
CN1CC(=O)N(CC(=O)Nc2ccc(Cl)c(C(F)(F)F)c2)C1=O,Blocker,Blocker,1,YPBKSQDRKIFGAS-UHFFFAOYSA-N,YPBKSQDRKIFGAS,PubChem,2100439,
COc1ccc(O)c(C(=O)/C=C/c2ccc(OC)c(OC)c2)c1,Blocker,Blocker,1,IMKDKCPLUHCOBP-QPJJXVBHSA-N,IMKDKCPLUHCOBP,data_herg_dev,CHEMBL4063079,
Cc1cc(NC(=O)Nc2cccc(C(F)(F)F)c2)no1,Non-blocker,Non-blocker,0,IKVBVRXRCHJSEN-UHFFFAOYSA-N,IKVBVRXRCHJSEN,PubChem,978129,
COc1cc(-c2cnc3nc(N4CCC(N5CCCCC5)CC4)sc3c2)ccn1,Blocker,Blocker,1,CQCYZYXYLGEQJN-UHFFFAOYSA-N,CQCYZYXYLGEQJN,CUPID,45482679,21802950
O=C(NCc1ccco1)C1CCN(S(=O)(=O)c2ccc(Cl)cc2)CC1,Non-blocker,Blocker,1,LETUQHBGUBCUTE-UHFFFAOYSA-N,LETUQHBGUBCUTE,data_herg_dev,CHEMBL527131,
Cc1ccc(C(=O)N[C@@H]2CCCCNC2=O)cc1,Non-blocker,Non-blocker,0,UNUWYBQTODGHCJ-GFCCVEGCSA-N,UNUWYBQTODGHCJ,PubChem,2813200,
CS(=O)(=O)Cc1cc(N2CCOCC2)nc(-c2ccc3[nH]ccc3c2)n1,Non-blocker,Non-blocker,0,CGCKKFFDYBVAMW-UHFFFAOYSA-N,CGCKKFFDYBVAMW,data_herg_dev,CHEMBL2030436,
CC(C)N1CCN(C2CSCCSC2)C[C@H]1CCO,Non-blocker,Non-blocker,0,GUDLXTFNNCOYNM-CYBMUJFWSA-N,GUDLXTFNNCOYNM,PubChem,16190117,
O=C(NCCN1CCOCC1)c1ccc(-c2nccc3ccccc23)cc1,Blocker,Blocker,1,JZHDIGBWZULPFR-UHFFFAOYSA-N,JZHDIGBWZULPFR,data_herg_dev,CHEMBL2035651,
CCc1nccn1Cc1cn(-c2ccc(Cl)c(Cl)c2)nn1,Blocker,Blocker,1,ACNAPZHYUZOZJN-UHFFFAOYSA-N,ACNAPZHYUZOZJN,data_herg_dev,,
O=C(CO)NC1CCN(Cc2ccc(Oc3nc4ccccc4s3)cc2)CC1,Non-blocker,Blocker,1,IJHSPFFWIXGDBB-UHFFFAOYSA-N,IJHSPFFWIXGDBB,PubChem,11200344,23127888
Fc1cccc2sc(Nc3nc4cc5c(cc4s3)OCO5)nc12,Blocker,Blocker,1,JJKHOQBSMMMHLO-UHFFFAOYSA-N,JJKHOQBSMMMHLO,PubChem,7110101,
Cc1cccc(N(CC(=O)NCc2ccc(F)cc2)C(=O)c2ccco2)c1,Non-blocker,Non-blocker,0,XEXCLKQJOFAWNI-UHFFFAOYSA-N,XEXCLKQJOFAWNI,PubChem,1449925,
COc1cccc(-n2c(SCC(=O)NC3CCCC3)nnc2-c2ccco2)c1,Non-blocker,Non-blocker,0,SJGKERCFIJFIND-UHFFFAOYSA-N,SJGKERCFIJFIND,PubChem,1432513,
O=C([O-])COCC[N+]1CC[N+](C(c2ccccc2)c2ccc(Cl)cc2)CC1,Blocker,Non-blocker,,GMJFZBHEMFCZIR-UHFFFAOYSA-M,GMJFZBHEMFCZIR,eval_set_herg_60.csv,,
CCNc1nc2c(c(C(N)=O)n1)CN(C(=O)CCc1ccc(C(C)C)cc1)CC2,Blocker,Blocker,1,BXJNYBTXBRHAEU-UHFFFAOYSA-N,BXJNYBTXBRHAEU,data_herg_dev,CHEMBL2331646,
Oc1[nH]c2c(Cl)cc(Cl)cc2c1/N=N/C(=S)NC[C@H]1CCCO1,Blocker,Blocker,1,VYKPQMDLIBVXSJ-IMAVIWKISA-N,VYKPQMDLIBVXSJ,PubChem,4133699,
O=[N+]([O-])c1cn2c(n1)OC[C@H](Oc1ccc(OC(F)(F)F)cc1)C2,Blocker,Non-blocker,0,IXUWKDINJWESQG-SNVBAGLBSA-N,IXUWKDINJWESQG,data_herg_dev,CHEMBL4078293,
COc1ccccc1N1CCN(Cc2ccco2)CC1,Non-blocker,Non-blocker,0,XZPPMVVQWVMEEF-UHFFFAOYSA-N,XZPPMVVQWVMEEF,PubChem,656303,
CCN(CC)C(=O)c1ccc([C@H](c2cccc(NC(=O)C3CC3)c2)N2CCN(Cc3ccc(F)cc3)CC2)cc1,Non-blocker,Non-blocker,0,DTQRXXAMMSJGIJ-WJOKGBTCSA-N,DTQRXXAMMSJGIJ,data_herg_dev,CHEMBL1939737,
CN(C)C(=O)N1NC(c2cc(F)ccc2F)=C[C@@]1(CC[C@@H](N)C(F)F)c1ccccc1,Non-blocker,Non-blocker,,WEVPTJAEKGQKSS-GCJKJVERSA-N,WEVPTJAEKGQKSS,eval_set_herg_70.csv,,
CC1Sc2c(C(=O)O)c(=O)c3cc(F)c(N4CCNCC4)cc3n21,Non-blocker,Non-blocker,,SUXQDLLXIBLQHW-UHFFFAOYSA-N,SUXQDLLXIBLQHW,eval_set_herg_70.csv,,
COc1ccc2ccc(=O)n(CCN3CCC(NCc4ccc5c(n4)NC(=O)CO5)CC3)c2n1,Non-blocker,Non-blocker,0,NBGOQUKSSZOVOU-UHFFFAOYSA-N,NBGOQUKSSZOVOU,data_herg_dev,CHEMBL3290336,
Cc1cc(C)cc(NC(=O)c2ccc(CNc3c(N4CCOCC4)c(=O)c3=O)cc2)c1,Non-blocker,Non-blocker,0,LNWUBOXMYLNTSS-UHFFFAOYSA-N,LNWUBOXMYLNTSS,PubChem,9550437,
Cc1cc(NCCCN2CCOCC2)n2ncc(-c3ccc(Cl)cc3)c2n1,Non-blocker,Non-blocker,0,SBFMYJSRQFTRIZ-UHFFFAOYSA-N,SBFMYJSRQFTRIZ,PubChem,667170,
C[C@@H](NC(=O)c1ccc(S(=O)(=O)Nc2ccccc2)cc1)c1ccc(S(N)(=O)=O)cc1,Non-blocker,Non-blocker,0,AHLBCPKNVXITFV-OAHLLOKOSA-N,AHLBCPKNVXITFV,PubChem,4836049,
C[C@H]1C[C@@H](c2ccncc2NC(=O)c2ccc(F)c(-c3c(F)cccc3F)n2)C[C@@H](O)[C@]1(C)O,Non-blocker,Non-blocker,0,WJRJPWULDYZVOK-CPBVFMMISA-N,WJRJPWULDYZVOK,data_herg_dev,CHEMBL4741855,
CCN=S1(=O)NC(=O)c2ccccc21,Non-blocker,Non-blocker,0,MIZDKDPHENPBJR-UHFFFAOYSA-N,MIZDKDPHENPBJR,data_herg_dev,CHEMBL4065115,
C[N+]1([O-])CCC2(CC1)C(=O)Nc1cc(/C=C3\c4ccccc4COc4cc(F)ccc43)ccc12,Blocker,Blocker,1,SPOXLGWYPOBCPZ-OEAKJJBVSA-N,SPOXLGWYPOBCPZ,data_herg_dev,CHEMBL3774852,
COC(=O)c1ccc(OC(=O)CCS(=O)(=O)c2ccc(C)cc2)cc1,Non-blocker,Non-blocker,0,ONNAGVRRLQWVJF-UHFFFAOYSA-N,ONNAGVRRLQWVJF,PubChem,7956892,
O=C1[C@@H]2[C@@H](N=NN2CC(=O)N2N=C(c3ccccc3)C[C@@H]2c2ccc([N+](=O)[O-])cc2)C(=O)N1c1ccccc1,Non-blocker,Non-blocker,0,MWFFXGVMTFYORY-GPXOXTDOSA-N,MWFFXGVMTFYORY,PubChem,4137044,
CCCCOc1ccc(N2C(=O)C[C@@H](NCc3ccncc3)C2=O)cc1,Non-blocker,Non-blocker,0,TZHPSZIZGIRPJN-GOSISDBHSA-N,TZHPSZIZGIRPJN,PubChem,2869035,
Cc1cccnc1CCNC(=O)C[C@@H]1C(=O)NCCN1CC1CCCCC1,Non-blocker,Non-blocker,0,BYXORYFINNDUCW-LJQANCHMSA-N,BYXORYFINNDUCW,PubChem,16191636,
CN(CCOc1ccccc1)CCc1ccc([N+](=O)[O-])cc1,Blocker,Blocker,1,OFTLCNYVYXIADQ-UHFFFAOYSA-N,OFTLCNYVYXIADQ,data_herg_dev,,
COc1cccc(N2CCN(CCN(C)C[C@]34CC[C@H](CC3)C4(C)C)C2=O)c1,Blocker,Blocker,1,NCXRDDKPZUSAQF-QRTMHTFLSA-N,NCXRDDKPZUSAQF,PubChem,45273545,19560918
CSc1ncccc1C(=O)NNc1cc(Cl)ccc1Cl,Non-blocker,Non-blocker,0,NXAFAVTZLWXGJT-UHFFFAOYSA-N,NXAFAVTZLWXGJT,PubChem,2810930,
Cc1c([C@@H](O)CN2CCC3(CC2)CCN(c2ccncc2)C3=O)ccc2c1COC2=O,Non-blocker,Non-blocker,0,RSXZHMMKTWSARQ-NRFANRHFSA-N,RSXZHMMKTWSARQ,data_herg_dev,CHEMBL4092262,
Cc1nn(-c2c(Cl)cccc2NS(C)(=O)=O)cc1CN1CCC2(CC1)OCc1ccccc12,Blocker,Non-blocker,0,JWHOPIWZAFADGZ-UHFFFAOYSA-N,JWHOPIWZAFADGZ,data_herg_dev,CHEMBL471299,
CN1CCN(c2cnc3cc(C(F)(F)F)cc(NCc4ccc5cccnc5c4)c3c2)CC1,Blocker,Non-blocker,0,XXERFIJBIUXNLE-UHFFFAOYSA-N,XXERFIJBIUXNLE,data_herg_dev,CHEMBL3221126,
CS(=O)(=O)c1ccc(C2=C(CNC(=O)c3cccs3)[C@H]3CC[C@@H](C2)N3CCOc2ccccc2)cc1,Blocker,Blocker,1,IXCFAGIXBLFCBH-HFZDXXHNSA-N,IXCFAGIXBLFCBH,PubChem,46904735,
COc1ccc(Nc2nc(N[C@@H]3CCOC[C@@H]3N)ncc2C(N)=O)cc1,Non-blocker,Non-blocker,0,GFFNRPFLOPELKU-UONOGXRCSA-N,GFFNRPFLOPELKU,data_herg_dev,CHEMBL1835072,
COc1cc(C(=O)OCC(=O)Nc2ccc(SC(F)F)cc2)cc(OC)c1OC,Non-blocker,Non-blocker,0,OEQXKYVYYFJOOH-UHFFFAOYSA-N,OEQXKYVYYFJOOH,PubChem,2355493,
CCCNCc1ccc(CCn2ccc(OCc3ccc(F)cc3)cc2=O)cc1,Blocker,Blocker,1,YYCDRZDDLBLWPS-UHFFFAOYSA-N,YYCDRZDDLBLWPS,CUPID,44469273,19632840
CCN1C(=O)[C@H]2[C@@H](c3ccc(C)cc3)N[C@]3(CCCN(Cc4ccc(C(F)(F)F)cc4)C3=O)[C@H]2C1=O,Non-blocker,Non-blocker,0,TYEANSWOHXXNEV-PIXQIBFHSA-N,TYEANSWOHXXNEV,PubChem,46904573,
COc1cc(F)ccc1-c1cnn(Cc2cc(C)nn2C)c1,Blocker,Blocker,,UYFOFEJPPDSOCE-UHFFFAOYSA-N,UYFOFEJPPDSOCE,eval_set_herg_70.csv,,
CC(=O)OCOC(=O)CN(CC(=O)OCOC(C)=O)c1ccccc1OCCOc1ccccc1N(CC(=O)OCOC(C)=O)CC(=O)OCOC(C)=O,Blocker,Blocker,,YJIYWYAMZFVECX-UHFFFAOYSA-N,YJIYWYAMZFVECX,eval_set_herg_60.csv,,
CCCn1c(=O)n(C)c(=O)c2c(=S)[nH]c(C(C)(C)C)nc21,Blocker,Blocker,1,JDVUKNWVXXVUPM-UHFFFAOYSA-N,JDVUKNWVXXVUPM,PubChem,2450201,
COC(=O)[C@H]1SCCN1S(=O)(=O)c1ccc(Cl)cc1,Non-blocker,Non-blocker,0,YQPUZYVCMAJOPL-SNVBAGLBSA-N,YQPUZYVCMAJOPL,PubChem,2821246,
O=c1c(NCc2ccccn2)c(Nc2ccc(N3CCSCC3)cc2)c1=O,Blocker,Non-blocker,0,IQUGUGAWXKMBBV-UHFFFAOYSA-N,IQUGUGAWXKMBBV,data_herg_dev,CHEMBL4785407,
Cc1cccc(OCC(=O)NNC(=O)Cn2c(=O)cnc3ccccc32)c1,Non-blocker,Non-blocker,0,NYMOCOIBGIKJGS-UHFFFAOYSA-N,NYMOCOIBGIKJGS,PubChem,24980077,
Cc1ccc(-c2nn(-c3ccccc3)cc2C(=O)NCCCN2CCCC2=O)cc1,Non-blocker,Non-blocker,0,KRKBCYMUZIYRRU-UHFFFAOYSA-N,KRKBCYMUZIYRRU,PubChem,24982065,
Cc1[nH]ncc1C(=O)NC1CC(C)(C)Oc2nc(-c3ccc(Cl)cc3Cl)c(-c3ccc(Cl)cc3)cc21,Blocker,Blocker,1,WBWAIAQQPSJRLP-UHFFFAOYSA-N,WBWAIAQQPSJRLP,PubChem,CUPID,
O=[N+]([O-])c1ccccc1CCl,Non-blocker,Blocker,1,BXCBUWKTXLWPSB-UHFFFAOYSA-N,BXCBUWKTXLWPSB,data_herg_dev,CHEMBL175193,
CNCC(CCc1ccccc1)[C@H](O)c1ccccc1,Blocker,Non-blocker,,MOEHGFZIHNMYIW-QRWMCTBCSA-N,MOEHGFZIHNMYIW,eval_set_herg_60.csv,,
C#CCNC(=O)C1=C[C@H](C2CCCCC2)[C@@H](CCCO)[C@H](OCC)O1,Non-blocker,Non-blocker,0,KJUKQGITUIYQSM-MBOZVWFJSA-N,KJUKQGITUIYQSM,PubChem,16197023,
O=S(=O)(c1ccc(OC[C@H](O)CNCc2ccco2)c(Cl)c1)N1CCOCC1,Non-blocker,Non-blocker,0,WGZVLJQLIGVFHQ-CQSZACIVSA-N,WGZVLJQLIGVFHQ,PubChem,6603537,
COc1ccc(-n2cc(CN(C)[C@H](C)c3ccncn3)c(-c3cccc(F)c3)n2)cc1,Non-blocker,Non-blocker,0,FWCRHJYCKFZIAA-QGZVFWFLSA-N,FWCRHJYCKFZIAA,PubChem,16187255,
CN(CCOCc1ccc(F)cc1)C(=O)c1cccc(S(=O)(=O)N2CCc3ccccc3C2)c1,Non-blocker,Blocker,,VKTKASGXLLSXMD-UHFFFAOYSA-N,VKTKASGXLLSXMD,eval_set_herg_60.csv,,
COc1ccc(C2CN(CCC3(O)CCOCC3)CC2CC(=O)Nc2cccc(Cl)c2)cc1,Blocker,Blocker,1,OLINDOIRFAZHRH-UHFFFAOYSA-N,OLINDOIRFAZHRH,CUPID,CUPID,
NC1=Nc2ccc(Cl)cc2[C@]1(O)c1ccccc1,Blocker,Non-blocker,,AUHPEHFGZROMSA-CQSZACIVSA-N,AUHPEHFGZROMSA,eval_set_herg_60.csv,,
COc1ccc(-c2nnc(C(=O)N3CC(Oc4ccc(CN(C)C)c(C)c4)C3)o2)cc1,Non-blocker,Blocker,1,LMMYTKUIDPWMNY-UHFFFAOYSA-N,LMMYTKUIDPWMNY,PubChem,56597851,26741166
Cc1nn(-c2ncccn2)c2c1C(=O)CC(C)(C)[C@H]2Br,Non-blocker,Blocker,1,IWPCBZOMIPTGSG-LBPRGKRZSA-N,IWPCBZOMIPTGSG,PubChem,44825758,
O=C(Nc1ccc(F)cc1F)[C@H]1CCCN1S(=O)(=O)c1cccc2nsnc12,Non-blocker,Non-blocker,0,NMHOODMBOSDXKV-CQSZACIVSA-N,NMHOODMBOSDXKV,PubChem,16008246,
Cc1ccccc1[C@@H]1CCc2c(C(=O)N(C)C)cc3c(nc(C)n3C)c2O1,Blocker,Blocker,1,BGFVNNRXZMCPRA-IBGZPJMESA-N,BGFVNNRXZMCPRA,data_herg_dev,CHEMBL1098860,
NC1CCN(c2c(NC(=O)c3ccccc3)cncc2-c2cc(Cl)cc(Cl)c2)CC1,Blocker,Blocker,1,UQKFVSMUQOTCRS-UHFFFAOYSA-N,UQKFVSMUQOTCRS,PubChem,164610738,34626901
O=C(NCc1ccc(OC(F)(F)F)cc1)C1c2ccccc2C(=O)N1CCC1CCOCC1,Non-blocker,Non-blocker,0,LWAACTJZSQSIBS-UHFFFAOYSA-N,LWAACTJZSQSIBS,data_herg_dev,CHEMBL2164397,
Cc1ccc([C@@]2(C)NC(=O)N(CC(=O)NNC(=O)c3ccoc3C)C2=O)cc1,Non-blocker,Non-blocker,0,TUYGXMKAQSHRBA-LJQANCHMSA-N,TUYGXMKAQSHRBA,PubChem,24981567,
CCOC(=O)Nc1ccc([C@@H](c2ccc(C(=O)N(CC)CC)cc2)N2CCN(Cc3cscn3)CC2)cc1,Blocker,Blocker,1,BBOKUHUUNUYCGA-HHHXNRCGSA-N,BBOKUHUUNUYCGA,PubChem,57400695,22197139
O=C(Nc1ccc(Br)cc1)c1ccc(Br)c(S(=O)(=O)Nc2cccnc2)c1,Non-blocker,Non-blocker,0,IBBGHBKTIHFQNK-UHFFFAOYSA-N,IBBGHBKTIHFQNK,PubChem,1079046,
CCOC(=O)CSc1[nH]c2cc(OC)ccc2c1[N+](=O)[O-],Non-blocker,Non-blocker,0,UNDOHLXSGSKZHZ-UHFFFAOYSA-N,UNDOHLXSGSKZHZ,PubChem,975916,
Cc1cc(-c2ccc3c(c2)CCN(CCCSc2nnc(C4CCOCC4)n2C)CC3)no1,Blocker,Blocker,1,TVMNFBNOOMKBOO-UHFFFAOYSA-N,TVMNFBNOOMKBOO,PubChem,23631172,17867665
CCOc1ccc(-n2c(SCc3nc(-c4cccs4)no3)nnc2-c2ccncc2)cc1,Non-blocker,Non-blocker,0,OVWBCEWVKHLYOQ-UHFFFAOYSA-N,OVWBCEWVKHLYOQ,PubChem,1250656,
O=c1cc(-c2cc3ccncc3n2-c2ccc(Cl)cc2)cc[nH]1,Blocker,Blocker,,VMYXNYIVDBBERD-UHFFFAOYSA-N,VMYXNYIVDBBERD,eval_set_herg_70.csv,,
CC1(C(F)(F)F)NCCc2c1oc1cc(S(=O)(=O)c3cccc(F)c3)ccc21,Non-blocker,Non-blocker,0,MXILMRCUZDBQJR-UHFFFAOYSA-N,MXILMRCUZDBQJR,data_herg_dev,CHEMBL1935596,
C[C@@H]1CN(c2cc(=O)n(Cc3ccc(F)cc3)c(=O)[nH]2)C[C@@H](C)O1,Non-blocker,Non-blocker,0,JYJIRPZPQKWYKD-VXGBXAGGSA-N,JYJIRPZPQKWYKD,PubChem,5310075,
CC1(C)CCC(NC(=O)c2cc3c(Cl)cc(Cl)cc3[nH]2)CC1,Non-blocker,Non-blocker,,NKNGAORFGPSYJG-UHFFFAOYSA-N,NKNGAORFGPSYJG,eval_set_herg_60.csv,,
CC(C)(C)c1ccc(C(=O)NC[C@H]2CCN(C(=O)CCCCC(c3ccc(F)cc3)c3ccc(F)cc3)C2)cc1,Blocker,Blocker,1,PCKDRCJVDUGDSR-XMMPIXPASA-N,PCKDRCJVDUGDSR,PubChem,11226573,22579422
Cl.O=C(OCCN1CCCCC1)C(O)(c1ccccc1)c1ccccc1,Blocker,Non-blocker,0,ZJVKLBBPLUXEAC-UHFFFAOYSA-N,ZJVKLBBPLUXEAC,data_herg_dev,,23724801
C[C@@H]1OCC2(CCN(c3cnc4c(-c5cccc(Cl)c5Cl)c[nH]c4n3)CC2)[C@@H]1N,Blocker,Blocker,1,SJLQMBIPYINRMF-HXPMCKFVSA-N,SJLQMBIPYINRMF,PubChem,124148108,30688462
C=C(N(C)Cc1ccc(-c2ccccc2)cc1)N1CCN(C(C)C)CC1,Blocker,Blocker,1,ZIQPYQDHSBARGA-UHFFFAOYSA-N,ZIQPYQDHSBARGA,CUPID,56670257,21802950
CC(C)(C)c1ccc(OC(=O)N2CCCCC2)cc1,Non-blocker,Non-blocker,0,OXPPGXNQBIWJMN-UHFFFAOYSA-N,OXPPGXNQBIWJMN,PubChem,975065,
CC(C)c1nc(CN(C)C(=O)N[C@H](C(=O)N[C@@H](Cc2ccccc2)C[C@H](O)[C@H](Cc2ccccc2)NC(=O)OCc2cncs2)C(C)C)cs1,Non-blocker,Blocker,,NCDNCNXCDXHOMX-XGKFQTDJSA-N,NCDNCNXCDXHOMX,eval_set_herg_60.csv,,
Cc1nc(C(=O)NCCCN2CCN(c3cccc(Cl)c3Cl)CC2)cc(C(C)C)n1,Blocker,Blocker,1,APKZQWLQNBJLOL-UHFFFAOYSA-N,APKZQWLQNBJLOL,PubChem,50899744,20933409
Cc1ccc(C(=O)COC(=O)c2cnccn2)cc1C,Non-blocker,Non-blocker,0,HIKOIVKWRDMEQQ-UHFFFAOYSA-N,HIKOIVKWRDMEQQ,PubChem,761855,
COc1ccc([C@H]2CN(CCc3ccc(OC)c(OC)c3)C[C@@H]2CCc2cc3ccc(Cl)cc3[nH]2)cc1,Blocker,Blocker,1,DYAJAGSJIXWNAW-RBJSKKJNSA-N,DYAJAGSJIXWNAW,PubChem,54579972,21414780
CCc1ccc(N(CC(=O)Nc2sc3c(c2C(=O)OC)CCCC3)S(C)(=O)=O)cc1,Blocker,Non-blocker,0,ZFJXAEVBIAUKEM-UHFFFAOYSA-N,ZFJXAEVBIAUKEM,PubChem,2420316,
CC(C)N(C(=O)SCC(Cl)=CCl)C(C)C,Non-blocker,Non-blocker,,SPANOECCGNXGNR-UHFFFAOYSA-N,SPANOECCGNXGNR,eval_set_herg_70.csv,,
Cc1cc(Oc2ccccc2)nc(N2CCC3(CC2)CNCCO3)n1,Blocker,Blocker,1,NLLQBYDAGGXFCP-UHFFFAOYSA-N,NLLQBYDAGGXFCP,PubChem,118960378,
CN1CCN(c2ccc(C(=O)Nc3cc(-c4ccncc4)ccc3N)nc2)CC1,Non-blocker,Non-blocker,,LILLLPCBSKFLTE-UHFFFAOYSA-N,LILLLPCBSKFLTE,eval_set_herg_70.csv,,
O=C(Nc1ccccc1)NS(=O)(=O)c1ccc(OCCCCN2CCCC2)cc1,Non-blocker,Non-blocker,0,UBCVQAHQZLITCX-UHFFFAOYSA-N,UBCVQAHQZLITCX,data_herg_dev,CHEMBL2021971,
FC(F)Oc1cc(-c2cnn(Cc3ccn(C4CCCC4)n3)c2)ccc1Cl,Blocker,Blocker,,LRTTWINCSMBJMM-UHFFFAOYSA-N,LRTTWINCSMBJMM,eval_set_herg_70.csv,,
COCCCc1cc(Cl)cc(CN(C(=O)[C@H]2CNCC[C@@H]2c2ccn(C)c(=O)c2)C2CC2)c1,Non-blocker,Blocker,1,KCBMYLVNMPXDOY-RPWUZVMVSA-N,KCBMYLVNMPXDOY,PubChem,44481862,21621998
CCCCc1nc(Cl)c(CO)n1Cc1ccc(-c2ccccc2C2=N[N-]NN2)cc1,Non-blocker,Blocker,,DTYZGPWHZUIKKN-UHFFFAOYSA-N,DTYZGPWHZUIKKN,eval_set_herg_70.csv,,
Cc1ncoc1-c1nnc(SCCCN2CC3CC3(c3cc(F)cc(C(F)(F)F)c3)C2)n1C.Cl,Blocker,Blocker,1,SRLBIQJDNDNSNU-UHFFFAOYSA-N,SRLBIQJDNDNSNU,data_herg_dev,CHEMBL1204409,
CNC(=O)[C@@H]1C[C@H](N2CCc3c(cccc3OCCOC)C2)CN1C(=O)c1ccc(CN)c(OC)c1,Non-blocker,Non-blocker,0,OBAPCSRNRUUGDW-GMAHTHKFSA-N,OBAPCSRNRUUGDW,data_herg_dev,CHEMBL4550207,
O=C(c1cc(F)cc(F)c1)N1CCN(c2ccc(OC3CCN(C4CCC4)CC3)cc2)C(=O)C1.O=CO,Blocker,Non-blocker,0,HTCLEEXSMMUUES-UHFFFAOYSA-N,HTCLEEXSMMUUES,data_herg_dev,CHEMBL239101,
Oc1c(F)cc(Br)cc1CNCC12CC3CC(CC(C3)C1)C2,Non-blocker,Non-blocker,0,DKGJJHRTQVTXNQ-UHFFFAOYSA-N,DKGJJHRTQVTXNQ,data_herg_dev,CHEMBL3393869,
CC(C)(C)CCc1ccc2c(c1)[C@]1(COC(N)=N1)c1cc(-c3cncnc3)ccc1O2,Blocker,Blocker,1,MSMLICOHMGLKMX-RUZDIDTESA-N,MSMLICOHMGLKMX,PubChem,45256296,25389560
CCCCc1nc(Cl)c(CO)n1Cc1ccc(-c2ccccc2-c2nnn[nH]2)cc1,Blocker,Blocker,,PSIFNNKUMBGKDQ-UHFFFAOYSA-N,PSIFNNKUMBGKDQ,eval_set_herg_70.csv,,
CCOC(=O)CN1C(=O)C(=O)c2cccc(C)c21,Non-blocker,Non-blocker,0,LWUXEIAMFDJIGP-UHFFFAOYSA-N,LWUXEIAMFDJIGP,PubChem,2141777,
CCc1nc2c(Cc3ccc(C(=O)NO)cc3)cccc2c(=O)n1CCc1ccccc1,Non-blocker,Blocker,1,HPCPCLJRBNRLLW-UHFFFAOYSA-N,HPCPCLJRBNRLLW,CUPID,71811261,23905680
O=C(O)[C@H](Cc1ccc(F)cc1)N1CCC(CN2CCC(Oc3ccc(Cl)c(Cl)c3)CC2)CC1,Non-blocker,Blocker,1,UJDYUOWUTALBPP-VWLOTQADSA-N,UJDYUOWUTALBPP,data_herg_dev,CHEMBL2158841,
CC(C)C(=O)N1CCN(c2ccccc2NC(=O)c2ccc([N+](=O)[O-])o2)CC1,Non-blocker,Non-blocker,0,ZKFSOTRFUFUSTP-UHFFFAOYSA-N,ZKFSOTRFUFUSTP,PubChem,1091600,
COc1ccc(/C=N/S(=O)(=O)c2ccc(C)cc2)cc1,Non-blocker,Non-blocker,0,NMFPHUIOZBSQGW-LFIBNONCSA-N,NMFPHUIOZBSQGW,PubChem,5706325,
CCOC(=O)c1cnn(-c2cc(C)nc3c(-c4ccccc4)cnn23)c1N,Non-blocker,Non-blocker,0,IJAQEFPTCOPSMD-UHFFFAOYSA-N,IJAQEFPTCOPSMD,PubChem,665447,
CCOC(=O)CC([O-])C(=O)OCC.[Na+],Non-blocker,Non-blocker,0,PACMHGAHAZERQD-UHFFFAOYSA-N,PACMHGAHAZERQD,data_herg_dev,,23685849
CN1CCN(Cc2ccc(OCCCN3CCC(c4noc5cc(F)ccc45)CC3)cc2)CC1,Blocker,Blocker,1,MVVKKFHFADVKMW-UHFFFAOYSA-N,MVVKKFHFADVKMW,CUPID,164620109,33705900
CC[N+](CC)CCOc1ccc(/C(=C(/Cl)c2ccccc2)c2ccccc2)cc1,Blocker,Blocker,,SEAREBDZGMUOLJ-OCEACIFDSA-N,SEAREBDZGMUOLJ,eval_set_herg_70.csv,,
C[C@@H]1CCO[C@]2(O1)C(=O)Nc1ccccc12,Non-blocker,Non-blocker,0,CABHZQQZJZDWNZ-PRHODGIISA-N,CABHZQQZJZDWNZ,PubChem,2921040,
Clc1ccc(-n2c(-c3ccc(N4CCOCC4)nc3)nc3ccncc32)cc1,Blocker,Blocker,1,BZDVHQGBESBFIO-UHFFFAOYSA-N,BZDVHQGBESBFIO,data_herg_dev,,
Cc1ccc([C@H](C(=O)NC(C)(C)C)N(Cc2cccnc2)C(=O)C(=O)NC2CCCCC2)o1,Non-blocker,Blocker,1,KVUPVCQWLOJANH-OAQYLSRUSA-N,KVUPVCQWLOJANH,PubChem,3220029,
COc1ccc2c(C(=O)NCc3ccc(F)cc3)c(O)n(O)c(=O)c2c1,Non-blocker,Blocker,1,LQIFQLWSECZXKO-UHFFFAOYSA-N,LQIFQLWSECZXKO,data_herg_dev,CHEMBL3288273,
COc1cc2nc(-c3cc(F)ccc3O)nc(N[C@@H]3CNC[C@H]3C(C)(C)O)c2cc1OC,Blocker,Blocker,1,HZASIAXCPXTISQ-NVXWUHKLSA-N,HZASIAXCPXTISQ,data_herg_dev,CHEMBL1236782,
COc1ccc(S(=O)(=O)NCC(=O)N(CC(=O)NCc2ccco2)Cc2ccc(F)cc2)cc1,Non-blocker,Non-blocker,0,HRERUHBWBPCCEH-UHFFFAOYSA-N,HRERUHBWBPCCEH,PubChem,3206963,
O=C(C1CC1c1ccc(C(F)(F)F)cc1)N1CCN(S(=O)(=O)c2cc(-c3c[nH]nn3)cc(C(F)(F)F)c2)CC1,Blocker,Blocker,1,KHIVVJPXJZJALG-UHFFFAOYSA-N,KHIVVJPXJZJALG,PubChem,CUPID,
CC(C)(C)OC(=O)N1CCC(C(=O)N2CCC[C@H]2C(=O)O)CC1,Non-blocker,Non-blocker,0,SFPANDZRFRLKER-LBPRGKRZSA-N,SFPANDZRFRLKER,PubChem,663178,
NCc1ncc([C@]23CC[C@@H](N(CCN4CCCC4)C(=O)Nc4ccc(F)c(C(F)(F)F)c4)C2C3)s1,Blocker,Blocker,1,KVOBDYCIQQYMER-PNYWAOBFSA-N,KVOBDYCIQQYMER,data_herg_dev,CHEMBL236889,
CCN1CCC(S(=O)(=O)c2c(Cl)ccc(NC(=O)Nc3cccc(F)c3Cl)c2O)CC1,Non-blocker,Non-blocker,0,KPWMJSHPCOCWOW-UHFFFAOYSA-N,KPWMJSHPCOCWOW,data_herg_dev,CHEMBL3818331,
Cc1nsc(-c2nnc3n2CCN(C(=O)c2ccc(F)cc2F)[C@@H]3C)n1,Non-blocker,Non-blocker,0,OZEMPZBRQPJERB-MRVPVSSYSA-N,OZEMPZBRQPJERB,data_herg_dev,CHEMBL4110224,
C[C@@H](CNCc1ccccc1)N1C[C@H](CCCNC(=N)N)N(CCc2cccc(F)c2)C1=S,Non-blocker,Blocker,,DSJVYEAOYVHUJW-CVDCTZTESA-N,DSJVYEAOYVHUJW,eval_set_herg_60.csv,,
N#Cc1cc(C(O)(c2ccc3c(cnn3-c3ccc(F)cc3)c2)C(F)(F)F)ccc1F,Blocker,Blocker,1,DXRCWRDHBIVBIS-UHFFFAOYSA-N,DXRCWRDHBIVBIS,data_herg_dev,CHEMBL1094536CHEMBL1096467,
CCCCCCCCCCCCN1CCOCC1,Blocker,Non-blocker,0,ZRIILUSQBDFVNY-UHFFFAOYSA-N,ZRIILUSQBDFVNY,data_herg_dev,,73764
CN1Cc2cncn2Cc2ccc(C#N)c(c2)Oc2ccc3c(c2)C(CC3)N2CCC1C2=O,Blocker,Blocker,1,KPRXKFKHZVTBIT-UHFFFAOYSA-N,KPRXKFKHZVTBIT,CUPID,CUPID,
Clc1ccc(-n2c(-c3ccc(N4CCNCC4)nc3)nc3ccncc32)cc1,Blocker,Blocker,1,PSMHHQMMFQRLKJ-UHFFFAOYSA-N,PSMHHQMMFQRLKJ,data_herg_dev,,
CNCC[C@H](Oc1ccc2ccccc2c1)c1cccs1,Blocker,Blocker,,HNYYXWMFLVMBCN-KRWDZBQOSA-N,HNYYXWMFLVMBCN,eval_set_herg_70.csv,,
CONC(=O)N(Cc1ccsc1)C1CCN([C@H](C)CCNC(=O)c2c(C)cc(C(=O)NC(C)C)nc2C)CC1,Blocker,Non-blocker,0,UKQKNLSWCMOIOV-HXUWFJFHSA-N,UKQKNLSWCMOIOV,data_herg_dev,CHEMBL2164208,
O=C(NC1CC1)c1cn(-c2cccc(C#Cc3cccnc3)c2)c2ncccc2c1=O,Non-blocker,Non-blocker,0,JQKSFYBCJSWDGS-UHFFFAOYSA-N,JQKSFYBCJSWDGS,data_herg_dev,CHEMBL521509,
CC(CN(C)C)CN1c2ccccc2CCc2ccccc21.O=C(O)/C=C\C(=O)O,Non-blocker,Non-blocker,0,YDGHCKHAXOUQOS-BTJKTKAUSA-N,YDGHCKHAXOUQOS,data_herg_dev,CHEMBL1200948,
O=C(NCc1ccc(Cl)cc1)c1cccc2c1C(=O)N(C[C@H]1CCCO1)C2,Non-blocker,Non-blocker,0,TUYHBRHINUANJA-QGZVFWFLSA-N,TUYHBRHINUANJA,PubChem,20855312,
CCN1CCN(NCc2cnc(-c3ccc(C(=O)Nc4ccccc4N)cc3)c(Cl)c2)CC1,Blocker,Blocker,1,CGANZKLZVPNVFS-UHFFFAOYSA-N,CGANZKLZVPNVFS,data_herg_dev,,
Nc1ccn(C2CO[C@H](CO)O2)c(=O)n1,Blocker,Non-blocker,,RXRGZNYSEHTMHC-MLWJPKLSSA-N,RXRGZNYSEHTMHC,eval_set_herg_70.csv,,
Oc1ccc(-c2ccc(CNCCc3c[nH]c4ncc(F)cc34)o2)cc1,Blocker,Blocker,1,VTRMFVAGEAFJTR-UHFFFAOYSA-N,VTRMFVAGEAFJTR,data_herg_dev,CHEMBL4442855,
C[C@H]1C[C@H]2CSC(N)=N[C@@]2(c2nc(NC(=O)c3ccc(F)cn3)cs2)CO1,Blocker,Non-blocker,0,QQBRRRLRJBDPNK-YMNVWFMLSA-N,QQBRRRLRJBDPNK,data_herg_dev,CHEMBL3979124,
CC(C)(C)OC(=O)N1C[C@H](O)C[C@H]1C(=O)OCC(=O)c1ccc([N+](=O)[O-])cc1,Non-blocker,Non-blocker,0,SDHVMLQOMPGBRQ-KGLIPLIRSA-N,SDHVMLQOMPGBRQ,PubChem,11901278,
Cc1ccc(OCC(=O)Nc2ccc3c(c2)C(=O)N(CCC(=O)O)C3=O)cc1,Non-blocker,Non-blocker,0,DQCOIEABTDTEPX-UHFFFAOYSA-N,DQCOIEABTDTEPX,PubChem,2975013,
CC1(C)O[C@H]2C[C@@H]3[C@H]4CCC5=CC(=O)C=C[C@]5(C)[C@@]4(F)[C@@H](O)C[C@]3(C)[C@@]2(C(=O)CO)O1,Non-blocker,Non-blocker,0,YNDXUCZADRHECN-LAESQJQUSA-N,YNDXUCZADRHECN,PubChem,73265394,
O=C(Cc1ccc(Cl)cc1)OCc1nnc(-c2ccccc2)o1,Non-blocker,Non-blocker,0,NQLDMSKMCORQQS-UHFFFAOYSA-N,NQLDMSKMCORQQS,PubChem,2079860,
COc1ccc(-c2cc(C(=O)/N=C3\NCCS3)c3ccccc3n2)cc1OC,Non-blocker,Non-blocker,0,GKWRDKNGWXNNSU-UHFFFAOYSA-N,GKWRDKNGWXNNSU,PubChem,2365279,
CC(C)(C)c1ccc(C(=O)Nc2nonc2-c2nc3ccccc3[nH]2)cc1,Non-blocker,Non-blocker,0,JNTZMFKURPCXTR-UHFFFAOYSA-N,JNTZMFKURPCXTR,PubChem,1303272,
CS(=O)(=O)N(CCN1CCOCC1)c1ccc(Nc2ncc3cnn(C4CCCCCC4)c3n2)cc1,Blocker,Blocker,1,XFWNXRYYGPIPLI-UHFFFAOYSA-N,XFWNXRYYGPIPLI,data_herg_dev,CHEMBL1825089,
Cc1cc(Cl)cc(N2C=Nc3cc(C)c(-c4cc(O)ccc4F)cc3C2C(=O)N(C)CC2CCCN2)c1,Blocker,Blocker,1,FAKPIERXJUNKAR-UHFFFAOYSA-N,FAKPIERXJUNKAR,PubChem,CUPID,
COc1cccc2cc3n(c12)CCN(CCCCNC(=O)c1cc2ccccc2cn1)C3,Blocker,Blocker,,UTOISRMSYNWABJ-UHFFFAOYSA-N,UTOISRMSYNWABJ,eval_set_herg_70.csv,,
CC(=O)Cc1nsc(Nc2cccc(C)c2)n1,Non-blocker,Non-blocker,0,YLFVOBCWPLEZDX-UHFFFAOYSA-N,YLFVOBCWPLEZDX,PubChem,4051152,
O=C1N[C@@H](c2cccc(Cl)c2)Oc2ccccc21,Non-blocker,Blocker,1,SUQHPWHGWMUOJD-CQSZACIVSA-N,SUQHPWHGWMUOJD,PubChem,6489064,
ClC(Cl)Cl,Blocker,Non-blocker,,HEDRZPFGACZZDS-UHFFFAOYSA-N,HEDRZPFGACZZDS,eval_set_herg_60.csv,,
Cc1ccc(C(C)C)c(OCCN(C)C)c1,Non-blocker,Blocker,1,MZPZTGNMUWMDBQ-UHFFFAOYSA-N,MZPZTGNMUWMDBQ,PubChem,2935497,
COc1cc(C2=CC3=NOC[C@H](c4cc(F)c(F)c(F)c4)N3CCC2)ccc1-n1cnc(C)c1,Blocker,Blocker,1,QMLSYCXFYJARPA-JOCHJYFZSA-N,QMLSYCXFYJARPA,PubChem,156016959,32786237
O=NC(c1ccc(CN2CCC3(CC2)OCc2cc(F)ncc23)cc1)c1ccc(F)c(F)c1,Blocker,Blocker,1,GUSAOPYZFQQULB-UHFFFAOYSA-N,GUSAOPYZFQQULB,data_herg_dev,CHEMBL565614CHEMBL582978,
CC(CC(c1ccccc1)c1ccccc1)[N+]C(C)(C)C,Blocker,Blocker,,MMMVCRCPRDJPIZ-UHFFFAOYSA-N,MMMVCRCPRDJPIZ,eval_set_herg_60.csv,,
CS(=O)(=O)NCc1cc2cc(CN3CCOCC3)cc3c(=O)c(C(=O)NCc4ccc(Cl)cc4)cn1c23,Blocker,Blocker,1,JTRKCXWBRQFIHV-UHFFFAOYSA-N,JTRKCXWBRQFIHV,PubChem,171351934,37037115
Fc1ccc(C(OCCN2CCCC2)c2nncn2Cc2ccccc2)cc1,Blocker,Blocker,,ZWZLOTRNIARCOD-UHFFFAOYSA-N,ZWZLOTRNIARCOD,eval_set_herg_60.csv,,
CNC[C@H](c1ccc(Cl)c(Cl)c1)[C@@H](O)c1ccccc1[N+](=O)[O-],Non-blocker,Non-blocker,,MHQWTMHITCVCBY-WBMJQRKESA-N,MHQWTMHITCVCBY,eval_set_herg_70.csv,,
CCC1Nc2cc(Cl)c(S(N)(=O)=O)cc2S(=O)(=O)N1,Blocker,Non-blocker,,VXLCNTLWWUDBSO-UHFFFAOYSA-N,VXLCNTLWWUDBSO,eval_set_herg_70.csv,,
Cc1cc(-c2ccc(C)c(S(=O)(=O)NCCN3CCC(C)CC3)c2)on1,Non-blocker,Non-blocker,0,GIQHCIZZMPJRTC-UHFFFAOYSA-N,GIQHCIZZMPJRTC,PubChem,20935781,
N#Cc1cnn2c(O)c3c(nc12)CCCC3,Non-blocker,Blocker,1,HZGGBKSHPDXANX-UHFFFAOYSA-N,HZGGBKSHPDXANX,PubChem,736587,
CC(C)c1cc(CNCCN2CCC(c3ccccc3)CC2)on1,Non-blocker,Blocker,1,BUWGUNXFUYHXOP-UHFFFAOYSA-N,BUWGUNXFUYHXOP,data_herg_dev,,
O=C1CCCC=CCCCCCCCCCC1,Non-blocker,Non-blocker,,ABRIMXGLNHCLIP-UHFFFAOYSA-N,ABRIMXGLNHCLIP,eval_set_herg_70.csv,,
Cn1nc(-c2ccc(Cl)cc2)c2cc(C(=O)NC[C@H]3CCCO3)sc21,Non-blocker,Non-blocker,0,PYJPAEPWXQGLJF-CYBMUJFWSA-N,PYJPAEPWXQGLJF,PubChem,5307848,
CC(C)c1ccc(NC(=S)N(C)CCc2ccccn2)cc1,Non-blocker,Blocker,1,SLMBOBUURXHRJS-UHFFFAOYSA-N,SLMBOBUURXHRJS,PubChem,4109817,
Cc1c2cc[n+](CCN3CCCCC3)cc2c(C)c2c1[nH]c1ccc(O)cc12,Blocker,Blocker,1,FYCLDNIGWUYSFQ-UHFFFAOYSA-O,FYCLDNIGWUYSFQ,PubChem,3086132,
C[C@]12N[C@H](Cc3ccccc31)c1ccccc12.O=C(O)/C=C\C(=O)O,Non-blocker,Blocker,1,QLTXKCWMEZIHBJ-PJGJYSAQSA-N,QLTXKCWMEZIHBJ,data_herg_dev,,6420042
COc1cc2c3c(c1)C(C)=CC(C)(C)N3C(=O)C2=O,Non-blocker,Non-blocker,0,BCSGQDMAQOOCSY-UHFFFAOYSA-N,BCSGQDMAQOOCSY,PubChem,1603092,
CCc1ncn(CC(=O)N2CCN(c3sc(C(F)(F)F)nc3-c3cnc(C(F)(F)F)nc3)CC2C)n1,Blocker,Blocker,1,BYNZSRRNMOCSHJ-UHFFFAOYSA-N,BYNZSRRNMOCSHJ,CUPID,CUPID,
Cc1cc(C)n(C[C@@H](C)NCc2cn[nH]c2-c2ccc(C)c(C)c2)n1,Non-blocker,Non-blocker,0,LVIXRLUCTYKDHK-MRXNPFEDSA-N,LVIXRLUCTYKDHK,PubChem,16190441,
CCOc1ccc(OCCC(=O)OCC(=O)NC2CCCCC2)cc1,Non-blocker,Non-blocker,0,VSRYFPCTOYDXIF-UHFFFAOYSA-N,VSRYFPCTOYDXIF,PubChem,16535329,
NC(=O)c1ccc(N[C@H]2CCCNC2)c2cc(-c3ccc(Cl)cc3)[nH]c12,Non-blocker,Blocker,1,WXDMZOUNYQLVLK-AWEZNQCLSA-N,WXDMZOUNYQLVLK,PubChem,11952437,29301085
CN(C(=O)c1ccncc1)c1ccc(OCc2ccc3ccccc3n2)cc1,Blocker,Non-blocker,0,OUKKASCLDKRILK-UHFFFAOYSA-N,OUKKASCLDKRILK,data_herg_dev,CHEMBL2419564,
O=C(O[C@@H](C(=O)NCc1ccco1)c1ccc(Cl)cc1)c1cccs1,Non-blocker,Non-blocker,0,IMKQJKRVZIUETI-MRXNPFEDSA-N,IMKQJKRVZIUETI,PubChem,3220319,
CCC[C@H]1S/C(=N/N=C/c2ccco2)NC1=O,Non-blocker,Non-blocker,0,ADRLPVMPPUQSNY-SZJBZFAYSA-N,ADRLPVMPPUQSNY,PubChem,135401461,
CCCC[N+](CCCC)CC(O)c1cc(Cl)cc2c1-c1ccc(Cl)cc1/C2=C\c1ccc(Cl)cc1,Blocker,Blocker,,QOPBRVUVSGSTDY-MFKUBSTISA-N,QOPBRVUVSGSTDY,eval_set_herg_70.csv,,
Fc1ccc(-c2cnn(CCc3cn[nH]c3)c2)cc1C(F)F,Blocker,Blocker,,JPDCMOOBLLIEFK-UHFFFAOYSA-N,JPDCMOOBLLIEFK,eval_set_herg_70.csv,,
Cc1cc(C)n(-c2cc(NC(=O)Cc3ccc(S(C)(=O)=O)cc3)nc(-c3ccccn3)n2)n1,Non-blocker,Blocker,,ZKEREZNJKGRMFY-UHFFFAOYSA-N,ZKEREZNJKGRMFY,eval_set_herg_60.csv,,
CNC(=O)CN1CCC(n2nc(C)c(Nc3ncc(Cl)c(-c4cnn5ccccc45)n3)c2C)CC1,Blocker,Non-blocker,0,CPBLOMTVTOMHRT-UHFFFAOYSA-N,CPBLOMTVTOMHRT,data_herg_dev,CHEMBL3823962,
N#Cc1c(N2CCC(c3c(F)cccc3F)CC2)ccn(CC2CC2)c1=O,Blocker,Blocker,1,USGOUABIEQPQLW-UHFFFAOYSA-N,USGOUABIEQPQLW,data_herg_dev,CHEMBL3337522,
Cc1cc(C)n(-c2cc(NC(=O)CN3CCC(N(C)C)C3)nc(-c3ccc(C)o3)n2)n1,Blocker,Blocker,1,FJQPCZJPOCTEEK-UHFFFAOYSA-N,FJQPCZJPOCTEEK,PubChem,CUPID,
CC(C)CCOC(=O)c1ccc(N(C)C)cc1,Non-blocker,Non-blocker,0,OFSAUHSCHWRZKM-UHFFFAOYSA-N,OFSAUHSCHWRZKM,data_herg_dev,,88836
CO[P@@](=S)(Oc1cc(Cl)c(Br)cc1Cl)c1ccccc1,Non-blocker,Non-blocker,0,CVRALZAYCYJELZ-LJQANCHMSA-N,CVRALZAYCYJELZ,PubChem,30709,
O=C(NCc1nc2cccnc2n1C1(c2ccccc2)CC1)[C@@H](Cc1ccccc1C(F)(F)F)NC(=O)C1(C(F)(F)F)CC1,Blocker,Blocker,1,TZRWXVQERJBYNA-HSZRJFAPSA-N,TZRWXVQERJBYNA,data_herg_dev,CHEMBL400261,
O=C(O)COCCN1CCN([C@H](c2ccccc2)c2ccc(Cl)cc2)CC1,Blocker,Non-blocker,0,ZKLPARSLTMPFCP-OAQYLSRUSA-N,ZKLPARSLTMPFCP,data_herg_dev,,
N#Cc1ccc(OCCN2CC3CN(CCNS(=O)(=O)Cc4ccccc4)CC(C2)O3)c(F)c1,Non-blocker,Non-blocker,0,QPXUUZXZTDCPDM-UHFFFAOYSA-N,QPXUUZXZTDCPDM,data_herg_dev,CHEMBL3948224,
C=CCn1c(Br)nc2c1c(=O)[nH]c(=O)n2C,Non-blocker,Blocker,1,MPVNGWYRZVGKAT-UHFFFAOYSA-N,MPVNGWYRZVGKAT,PubChem,649644,
CN(C)CC(C)(C)Cn1nc(-c2ccc3nc(OC4CC4)ccc3c2)c2c(N)ncnc21,Blocker,Blocker,1,ULEWURLSYSOHEP-UHFFFAOYSA-N,ULEWURLSYSOHEP,CUPID,122442363,27309760
O/C(=C(\C(=S)Nc1ccc(SC(F)F)cc1)[n+]1ccccc1)c1cc(Cl)ccc1Cl,Non-blocker,Non-blocker,0,NLKBMPCLHRUFGE-UHFFFAOYSA-O,NLKBMPCLHRUFGE,PubChem,16195927,
Cc1cc(C)c2c(n1)sc1c(N3CCN(C)CC3)ncnc12,Blocker,Non-blocker,0,JMYTXWSBHSDZNI-UHFFFAOYSA-N,JMYTXWSBHSDZNI,PubChem,2816105,
CCOC(=O)C1CCN(C(=O)[C@@H]2CC(=O)N(c3ccc(C)cc3)C2)CC1,Non-blocker,Non-blocker,0,OGSXFVRSOCAUOW-MRXNPFEDSA-N,OGSXFVRSOCAUOW,PubChem,2963144,
CCn1c(N2CCNC[C@H]2C)nc2c([N+](=O)[O-])c(Br)c(Br)cc21,Blocker,Blocker,1,YUODAIKJHMEFDT-MRVPVSSYSA-N,YUODAIKJHMEFDT,PubChem,118528922,
O=C(c1ccccc1C1CCCC1)N(CC1CCC1)[C@H]1CCNC1,Non-blocker,Blocker,1,YFOORSARAMYVQM-SFHVURJKSA-N,YFOORSARAMYVQM,PubChem,45271001,19616432
Cc1cc(Cc2cc(C)cc(C(C)(C)C)c2O)c(O)c(C(C)(C)C)c1,Non-blocker,Non-blocker,,KGRVJHAUYBGFFP-UHFFFAOYSA-N,KGRVJHAUYBGFFP,eval_set_herg_70.csv,,
CC#Cc1cncc(-c2cc(C3(C4CC4)N=C(C)C(N)=N3)ccc2O)c1,Non-blocker,Non-blocker,0,AHRMUGFBTQOUNO-UHFFFAOYSA-N,AHRMUGFBTQOUNO,data_herg_dev,CHEMBL2180014,
O=c1[nH]c2nc(S)[nH]c(=S)c2[nH]1,Non-blocker,Blocker,1,SOQYJXVHBQVRDB-UHFFFAOYSA-N,SOQYJXVHBQVRDB,PubChem,3246111,
CC(C)[C@H](CC(=O)[C@H]1Cc2ccc(C(N)=O)cc2CN1)CN1CC[C@@](C)(c2cccc(C(N)=O)c2)[C@@H](C)C1,Blocker,Blocker,1,RPGQIBCKSXOLPP-LVKJRMJISA-N,RPGQIBCKSXOLPP,data_herg_dev,CHEMBL3326793,
Br.CCn1c2c(c(=N)c3c1CCC3)CCCC2,Non-blocker,Non-blocker,0,KDEBGIMNCASXLM-UHFFFAOYSA-N,KDEBGIMNCASXLM,data_herg_dev,CHEMBL592044,
C[C@@H]1Cc2c([nH]c3cccc(F)c23)[C@@H](c2c(F)ccc(OCCNCCCF)c2F)N1CC(F)(F)CO,Blocker,Blocker,1,BPNUJHRNCIAXDS-SGANQWHYSA-N,BPNUJHRNCIAXDS,PubChem,135263124,
Cn1c(O)c(C(=O)NNC(=O)c2cccc(Cl)c2)c(=O)c2ccccc21,Blocker,Non-blocker,0,UAGQQEVZQNQSHK-UHFFFAOYSA-N,UAGQQEVZQNQSHK,PubChem,54679653,
O=C1N(CCN2Cc3ccccc3C2)CCN1Cc1ccccc1,Blocker,Non-blocker,0,WFTWXCASVFKOAM-UHFFFAOYSA-N,WFTWXCASVFKOAM,data_herg_dev,CHEMBL554914,
Cc1nc(N2CCC(N3CCOCC3)CC2)nc2ccc(NC(=O)COc3ccc(OC(F)(F)F)cc3)cc12,Blocker,Blocker,1,FXOJSGMTYREKGV-UHFFFAOYSA-N,FXOJSGMTYREKGV,data_herg_dev,CHEMBL2016775,
CC(=O)NCc1cccc([C@]23CC[C@@H](N(CCN(C(C)C)C(C)C)C(=O)Nc4ccc(F)c(Cl)c4)CC2C3)c1,Blocker,Blocker,1,JOPIHJAFZWEPQJ-YSPRKPHLSA-N,JOPIHJAFZWEPQJ,data_herg_dev,CHEMBL229178,
O=C(CNC(=O)c1cccc(C(F)(F)F)c1)N[C@@H]1CCN(CCN2CCN(C(=O)c3ccccc3Cl)CC2)C1,Blocker,Blocker,1,HTXMSBSZASVVFP-OAQYLSRUSA-N,HTXMSBSZASVVFP,data_herg_dev,CHEMBL1092238,
COc1ccc(NC(=O)CCCN(C)S(=O)(=O)c2ccc(C)cc2)cc1,Non-blocker,Non-blocker,0,NXJRBWYDUICHIR-UHFFFAOYSA-N,NXJRBWYDUICHIR,PubChem,4639063,
N[C@H]1CN(Cc2ccc(F)c(F)c2)C[C@H]1C(=O)N1CCCC1,Non-blocker,Non-blocker,,ZEWAIPRWPQISNU-DOMZBBRYSA-N,ZEWAIPRWPQISNU,eval_set_herg_60.csv,,
CC[C@@H](NC(=O)c1cc(C(=O)N[C@H](CC)c2ccc(OC)nc2)n2c1COCC2)c1ccccc1,Blocker,Blocker,1,HKEPMSLDUUTCJS-FGZHOGPDSA-N,HKEPMSLDUUTCJS,data_herg_dev,CHEMBL4110602,
CC1(C)C=C2Nc3ccccc3N[C@H](c3ccc(F)cc3)C2=C(O)C1,Non-blocker,Non-blocker,0,XZCUYRJXTGTAGI-HXUWFJFHSA-N,XZCUYRJXTGTAGI,PubChem,2885983,
COc1ccc2ncc(F)c(CCC34CCC(NCc5ccc6c(n5)NC(=O)CO6)(CC3)CO4)c2n1.Cl,Blocker,Blocker,1,IWKKRNUVSHNOBS-UHFFFAOYSA-N,IWKKRNUVSHNOBS,data_herg_dev,CHEMBL3288810,
CCOC(CN1CCN(CCc2ccc(C#N)c(OC)c2)CC1)c1ccc2c(c1C)COC2=O,Blocker,Blocker,1,RSBBJPVZLDQMDD-UHFFFAOYSA-N,RSBBJPVZLDQMDD,CUPID,CUPID,
COc1cnc(C(O)c2ccc(F)c(-c3ncnc4cc(N5CCOCC5)ccc34)c2)nc1,Non-blocker,Non-blocker,0,FPGGVKYDWGTPRN-UHFFFAOYSA-N,FPGGVKYDWGTPRN,data_herg_dev,,
NC(=O)c1ccc(OC2CC3CCC(C2)N3Cc2ccccc2)cc1,Blocker,Blocker,1,MXQRIZAKRVYJHN-UHFFFAOYSA-N,MXQRIZAKRVYJHN,PubChem,CUPID,
CC(C(O)c1ccc2c(c1)CCC(=O)N2)N1CCC(O)(c2ccc(Cl)cc2)CC1,Non-blocker,Blocker,1,NFGNMJPMZYHRDW-UHFFFAOYSA-N,NFGNMJPMZYHRDW,CUPID,CUPID,
O=C1c2cc(-c3ccc(C(F)(F)F)cc3)ccc2OCCN1Cc1cn2ccccc2n1,Blocker,Blocker,1,LHJGGACWZLWEPD-UHFFFAOYSA-N,LHJGGACWZLWEPD,data_herg_dev,CHEMBL3979410,
CCCc1nn(C)c(C(=O)Nc2cccc(C)c2)c1Cl,Non-blocker,Non-blocker,0,PRJLHQKDFHUXRR-UHFFFAOYSA-N,PRJLHQKDFHUXRR,PubChem,850817,
CC(C)[C@]1(C(=O)NCc2cc(C(F)(F)F)cc(C(F)(F)F)c2)CC[C@@H](N2CCC(c3cc(Cl)ncn3)CC2)C1,Blocker,Blocker,1,ZUQHPBCHCUTNSK-BWKNWUBXSA-N,ZUQHPBCHCUTNSK,data_herg_dev,,
COc1cc(NC(=O)COc2cccc3c2OC(C)(C)C3)cc(OC)c1OC,Blocker,Non-blocker,0,AZYYPGUDHGSGSY-UHFFFAOYSA-N,AZYYPGUDHGSGSY,PubChem,4827244,
COc1cc(-c2cn(CC(=O)N(Cc3ccccc3)CC(F)(F)F)nn2)ccc1-n1cnc(C)c1,Blocker,Blocker,1,QDPOURKDLLMWIX-UHFFFAOYSA-N,QDPOURKDLLMWIX,CUPID,59472815,22497762
Clc1ccc(Nc2nnc(Cc3ccncc3)c3ccccc23)cc1,Non-blocker,Non-blocker,0,YCOYDOIWSSHVCK-UHFFFAOYSA-N,YCOYDOIWSSHVCK,data_herg_dev,,151194
Cc1cccc(CCNCc2cc3cccc(C)c3[nH]c2=O)c1,Non-blocker,Non-blocker,0,PAUKZWZGQWSTHC-UHFFFAOYSA-N,PAUKZWZGQWSTHC,PubChem,3176404,
COC(=O)c1ccc(C(O)c2cc(-c3ncnc4cc(N5CCOCC5)ccc34)c(F)cc2Cl)nn1,Non-blocker,Non-blocker,0,VYOFGBFGFQHJOU-UHFFFAOYSA-N,VYOFGBFGFQHJOU,data_herg_dev,,
NS(=O)(=O)c1ccc(Oc2ccc3ccc(=O)n(CCN4CCC(NCc5ccc6c(n5)NC(=O)CO6)CC4)c3n2)cc1,Non-blocker,Non-blocker,0,MIRDMQMKFMHKMB-UHFFFAOYSA-N,MIRDMQMKFMHKMB,data_herg_dev,CHEMBL3608743,
Cc1nc(C)c(-c2nnc(SCCCN3CCC4(CCc5ccc(Cl)cc54)C3)n2C)s1,Blocker,Blocker,1,HXLACIAZOWDZEP-UHFFFAOYSA-N,HXLACIAZOWDZEP,PubChem,CUPID,
CS(=O)(=O)O.OCCn1cc(-c2cnc3nnn(Cc4ccc5ncccc5c4)c3n2)cn1,Non-blocker,Non-blocker,0,HBEMHKVWZJTVOC-UHFFFAOYSA-N,HBEMHKVWZJTVOC,data_herg_dev,CHEMBL2170804,
COc1ccc(NC(=O)CSc2ccc3c4c(cccc24)C(=O)c2ccccc2-3)cc1,Non-blocker,Non-blocker,0,DHGLAYBCLKFLFD-UHFFFAOYSA-N,DHGLAYBCLKFLFD,PubChem,4966967,
COCC(=O)Nc1ccc(S(=O)(=O)NCCc2ccccc2)cc1,Non-blocker,Non-blocker,0,KCKDMRHIUOVCIT-UHFFFAOYSA-N,KCKDMRHIUOVCIT,PubChem,889485,
Nc1ccc(-c2c(C3CCNCC3)c3ccncc3n2-c2ccc(Cl)cc2)cn1,Blocker,Blocker,1,RTQLWGNETFXQIL-UHFFFAOYSA-N,RTQLWGNETFXQIL,data_herg_dev,,
O=C1CN2NC(=S)N(c3ccc(Cl)cc3)C2=CN1c1ccc(Cl)cc1,Blocker,Non-blocker,0,JITCIEVLVACGOO-UHFFFAOYSA-N,JITCIEVLVACGOO,PubChem,990365,
CCn1nc(C)c(/C=N/NC(=O)CSc2nnc(-c3ccc(Br)cc3)n2C)c1C,Non-blocker,Non-blocker,0,BBONKYVCQJKGLL-UFFVCSGVSA-N,BBONKYVCQJKGLL,PubChem,6889534,
COc1ccc2nccc(CC[C@H]3OC[C@H](NC(=O)c4ccc5c(c4)OCCO5)CO3)c2c1,Non-blocker,Non-blocker,0,MWGJNNJHMCWFRO-XZMJRDFISA-N,MWGJNNJHMCWFRO,data_herg_dev,CHEMBL4751243,
Cc1cccc(NC(=O)CNC(=O)CSc2nnc(C(F)(F)F)n2C)c1C,Non-blocker,Blocker,1,WLIBQTNQWJBXAY-UHFFFAOYSA-N,WLIBQTNQWJBXAY,PubChem,8160454,
CS(=O)(=O)c1ccc(-c2cnc3ccc(-c4cccc(S(=O)(=O)CCCN)c4)nn23)cc1,Blocker,Non-blocker,0,JNINMUNZXPHUNF-UHFFFAOYSA-N,JNINMUNZXPHUNF,data_herg_dev,CHEMBL3355626,
OC(c1ccc(Cl)nn1)c1cc(-c2ncnc3cc(N4CCOCC4)ccc23)c(F)cc1Cl,Non-blocker,Non-blocker,0,SXLLMNZBCYWXBH-UHFFFAOYSA-N,SXLLMNZBCYWXBH,data_herg_dev,,
Cc1nc2c(c(-c3ccc(Cl)cc3Cl)c1CN)CN(CC(=O)N1CCOCC1)C2=O,Non-blocker,Non-blocker,0,SOFQOASLSXGZBR-UHFFFAOYSA-N,SOFQOASLSXGZBR,data_herg_dev,,
C/C=C1\CN2CCC1C[C@H]2[C@H](O)c1ccnc2ccc(OCCO)cc12,Blocker,Non-blocker,,MKHIZHXCNKIHEJ-IUOCJHTLSA-N,MKHIZHXCNKIHEJ,eval_set_herg_70.csv,,
Cc1c([N+](=O)[O-])cc(C(=O)Nc2ccc(NC(=O)c3ccco3)cc2)cc1[N+](=O)[O-],Non-blocker,Non-blocker,0,KQWPDAMGADGALY-UHFFFAOYSA-N,KQWPDAMGADGALY,PubChem,3119288,
C[C@H]1Cn2c(nnc2-c2ccc(F)cc2)CN1C(=O)c1cccc(C(F)(F)F)c1Cl,Blocker,Blocker,1,UJTOQBQDAYTWPS-NSHDSACASA-N,UJTOQBQDAYTWPS,data_herg_dev,CHEMBL3604421,
O=c1c(O)c(-c2csc3ccccc23)oc2cc(Cl)ccc12,Blocker,Blocker,1,QQRSIWDBLBYWOX-UHFFFAOYSA-N,QQRSIWDBLBYWOX,data_herg_dev,CHEMBL4448476,
CCCCCCCN(CC)CCCC(O)c1ccc(Cl)cc1,Blocker,Blocker,,NMSIFXMRSOFUEO-UHFFFAOYSA-N,NMSIFXMRSOFUEO,eval_set_herg_70.csv,,
Cc1ccc(-c2nc3cc(Br)cnc3nc2-c2ccc(C)cc2)cc1,Blocker,Non-blocker,0,DDOAPVLJUQBFRW-UHFFFAOYSA-N,DDOAPVLJUQBFRW,PubChem,2544769,
C=CC(=O)N[C@H]1CCN(c2ccc(C(N)=O)c(Nc3ccc(N4C[C@H](C)O[C@H](C)C4)cc3)n2)C1,Blocker,Blocker,1,YQBSMRRMOZCNRZ-SCTDSRPQSA-N,YQBSMRRMOZCNRZ,data_herg_dev,CHEMBL4281335,
CSc1ncc2nc([C@H](O)c3ccccc3)[nH]c2n1,Non-blocker,Non-blocker,0,GTRCHOWLVXZROM-SNVBAGLBSA-N,GTRCHOWLVXZROM,PubChem,256042,
COCCOc1cc(NC(=O)N2CCCc3cc(CN(CCN(C)C)C(C)=O)c(C=O)nc32)ncc1C#N,Non-blocker,Non-blocker,0,IAEBQFAVUQNUCZ-UHFFFAOYSA-N,IAEBQFAVUQNUCZ,data_herg_dev,CHEMBL4780066,
COC1COCCC1N(C)C1CCC(C(=O)N2CCN(c3cc(C(F)(F)F)cnn3)CC2)(C(C)C)C1,Blocker,Non-blocker,0,MRJZQHBWCLENCQ-UHFFFAOYSA-N,MRJZQHBWCLENCQ,data_herg_dev,,
O=C(NCC1(N2CCOCC2)CCCC1)N1CCC(c2nc(-c3ccc4ccccc4n3)no2)CC1,Blocker,Blocker,1,NBJILRZVNWFATM-UHFFFAOYSA-N,NBJILRZVNWFATM,PubChem,56682216,21802943
O=C(OC1CC2CC3CC(C1)[NH+]2CC3O)c1c[nH]c2ccccc12,Non-blocker,Non-blocker,,MLWGAEVSWJXOQJ-UHFFFAOYSA-O,MLWGAEVSWJXOQJ,eval_set_herg_70.csv,,
COc1ccnc(C[S+]([O-])c2nc3cc(OC(F)F)ccc3[n-]2)c1OC.[Na+],Non-blocker,Non-blocker,,YNWDKZIIWCEDEE-UHFFFAOYSA-N,YNWDKZIIWCEDEE,eval_set_herg_70.csv,,
CCC(C)(C)NC(=O)CN(Cc1cccs1)C(=O)CNS(=O)(=O)c1ccc(C)cc1,Non-blocker,Non-blocker,0,XSTANNVREGNUQF-UHFFFAOYSA-N,XSTANNVREGNUQF,PubChem,3206929,
CC1CC(O)(CCc2cccc3ccccc23)C(C)CN1C,Blocker,Blocker,1,JYWKRWWPTYARAS-UHFFFAOYSA-N,JYWKRWWPTYARAS,data_herg_dev,CHEMBL1270058,
CC[C@H](Cc1ccccc1)NC(=O)C1CCCCC1,Non-blocker,Non-blocker,0,CJVSMQUQSJMRCR-MRXNPFEDSA-N,CJVSMQUQSJMRCR,PubChem,2971987,
CC(C)(C)[C@]1(O)CCN2C[C@H]3c4ccccc4CCc4cccc(c43)[C@@H]2C1.Cl,Blocker,Blocker,1,QZRUMKUMFJJARD-AAJWHBHYSA-N,QZRUMKUMFJJARD,data_herg_dev,CHEMBL1256753,
CCCn1c(N)c(-c2nc(C3CCCC3)c(C(=O)c3ccc(NC(C)=O)cc3)s2)c(=O)n(C)c1=O,Non-blocker,Non-blocker,0,OMHGVONHAACROF-UHFFFAOYSA-N,OMHGVONHAACROF,PubChem,2123263,
Cn1c(=O)cc(NC2CCN(Cc3ccc4ccccc4c3)CC2)c2cc(Cl)ccc21,Blocker,Blocker,1,KXJVMFXTTSRQMV-UHFFFAOYSA-N,KXJVMFXTTSRQMV,PubChem,20817821,16524729
CC(C)(C)c1ccc(CSc2cnn(C(C)(C)C)c(=O)c2Cl)cc1,Non-blocker,Non-blocker,0,DWFZBUWUXWZWKD-UHFFFAOYSA-N,DWFZBUWUXWZWKD,data_herg_dev,,91754
CC(C)c1cc(F)cc2c1C[C@](CCN(C)CCCc1nc3ccccc3[nH]1)(OC(=O)C1CC1)CC2.Cl.Cl,Blocker,Blocker,1,RHXQMLWWDYVAER-ARIINYJRSA-N,RHXQMLWWDYVAER,data_herg_dev,CHEMBL1528565,
O=C(CCC(=O)N1CCN(c2ccccc2F)CC1)N1CCN(c2ccc(F)cc2)CC1,Non-blocker,Non-blocker,0,NTBGXJKISKJGEP-UHFFFAOYSA-N,NTBGXJKISKJGEP,PubChem,5240258,
CO/N=C1\CC[C@@]2(C)[C@@H](C1)C[C@@H](N1CCC[C@@H](N)C1)[C@@H]2Oc1ccc(C#N)cc1,Non-blocker,Non-blocker,0,VJSJQQNZCOIINF-BCPRUYEDSA-N,VJSJQQNZCOIINF,data_herg_dev,CHEMBL4128782,
CC(=O)NC[C@@H]1OC(=O)N2c3cc(F)c(C4=CCN(C(=O)CO)CC4)cc3OC[C@@H]12,Non-blocker,Non-blocker,0,RVDLDQGZCRPPDI-WMZOPIPTSA-N,RVDLDQGZCRPPDI,data_herg_dev,CHEMBL4079081,
Cn1nnc([C@@H]2[C@H]3CN(C(=O)c4ccc(C[C@@H]5CC[C@H]([C@H](O)c6ccccc6)N5)cc4)C[C@H]32)n1,Non-blocker,Non-blocker,0,WHNAPNLSRNYPOS-ZJCHSKCTSA-N,WHNAPNLSRNYPOS,data_herg_dev,CHEMBL3745890,
CCCN(CCC)C(=O)Cc1c(-c2ccc(Cl)cc2)nc2ccc(Cl)cn12,Blocker,Non-blocker,0,JRTIDHTUMYMPRU-UHFFFAOYSA-N,JRTIDHTUMYMPRU,data_herg_dev,,54897
CC1(C)Oc2ccc(Cl)cc2C2OCC3(CCN(Cc4c[nH]cn4)CC3)CC21,Blocker,Blocker,1,UPGUEMWSDMQHJH-UHFFFAOYSA-N,UPGUEMWSDMQHJH,data_herg_dev,,
O=C(CCCCCCC(=O)Nc1ccc2ccnc(Nc3cccc(Cl)c3F)c2c1)NO,Non-blocker,Non-blocker,0,LYWPEQFLYUJPIU-UHFFFAOYSA-N,LYWPEQFLYUJPIU,data_herg_dev,CHEMBL3601332,
C[C@@H](NC(=O)CCCn1cc([N+](=O)[O-])cn1)c1ccccc1,Non-blocker,Non-blocker,0,SJXIOCZFEUCUKL-GFCCVEGCSA-N,SJXIOCZFEUCUKL,PubChem,5296242,
FC(F)(F)c1cnc(Sc2nnc(-c3cccs3)n2C[C@H]2CCCO2)c(Cl)c1,Non-blocker,Non-blocker,0,ZLNBTOKSNFPADP-LLVKDONJSA-N,ZLNBTOKSNFPADP,PubChem,3484307,
C=CCn1c(=S)[nH]c2scc(-c3cccs3)c2c1=O,Blocker,Blocker,1,RWZJMNXCCWGBGH-UHFFFAOYSA-N,RWZJMNXCCWGBGH,PubChem,1414561,
CCc1ccc(NC(=O)[C@@H]2CCCN(S(=O)(=O)c3c(C)nc(O)[nH]c3=O)C2)cc1,Non-blocker,Non-blocker,0,DJHXYJDANYMMNY-CQSZACIVSA-N,DJHXYJDANYMMNY,PubChem,15989748,
O=C(CN1C(=O)[C@]2(CCOC[C@H]2F)OC1c1cccc(Cl)c1)Nc1cc2c(cn1)C[C@]1(C2)C(=O)Nc2ncccc21,Non-blocker,Non-blocker,,LREUBQQMJXJGNU-ZGFZYKMBSA-N,LREUBQQMJXJGNU,eval_set_herg_60.csv,,
CCOC(=O)c1sc2nc(C(C)C)c3c(c2c1N)CCC3,Non-blocker,Non-blocker,0,KDROOZVOLAYLFO-UHFFFAOYSA-N,KDROOZVOLAYLFO,PubChem,930004,
COc1ccc(CN2C(=O)CC[C@]2(C)C(=O)NC2CCCCCC2)cc1,Non-blocker,Non-blocker,0,TZKGHNGKSVOVAF-OAQYLSRUSA-N,TZKGHNGKSVOVAF,PubChem,3242227,
Cc1ccc2cc(CN(CCN(C)C)C(=S)Nc3ccccc3)c(=O)[nH]c2c1C,Non-blocker,Blocker,1,JITHWUMWXBHDAZ-UHFFFAOYSA-N,JITHWUMWXBHDAZ,PubChem,1138269,
CN1CCN(c2ccc3cc(C(=O)Nc4cc(-c5ccco5)ccc4N)ncc3c2)CC1,Blocker,Blocker,,OURXBHWDTWTBSH-UHFFFAOYSA-N,OURXBHWDTWTBSH,eval_set_herg_70.csv,,
C[C@H](Nc1nc(N)nc(N)c1Cl)c1nc2c(Cl)cc(F)cc2c(=O)n1-c1cc[nH]n1,Non-blocker,Non-blocker,0,SAWISWWSHNTVLW-LURJTMIESA-N,SAWISWWSHNTVLW,data_herg_dev,CHEMBL4082978,
O=C1CC2(CCCC2)CC(=O)N1CCCCN1CCN(c2cccc3sccc23)CC1,Blocker,Blocker,1,PAZJLCGVFVMKKH-UHFFFAOYSA-N,PAZJLCGVFVMKKH,PubChem,145993493,29324345
O=C1Cc2cc(OC3CN(c4c5c(nc6ccnn46)CCNCC5)C3)ccc2N1,Blocker,Blocker,1,BLAATJSMNSTOKH-UHFFFAOYSA-N,BLAATJSMNSTOKH,data_herg_dev,CHEMBL1643859,
Cc1csc(-c2cnc3ccn(CC(=O)N(C)C)c3c2)c1,Blocker,Blocker,1,GFVHWHJSAPNZOO-UHFFFAOYSA-N,GFVHWHJSAPNZOO,data_herg_dev,CHEMBL4529810,
CN(C)c1ccc(-c2cc3ncccc3c(NC[C@H]3CCCNC3)n2)cn1,Non-blocker,Non-blocker,0,BYMPQGHXDOZTHZ-HNNXBMFYSA-N,BYMPQGHXDOZTHZ,data_herg_dev,CHEMBL4468047,
O=C(OCCN1CCOCC1)c1ccc(OCCN2CCOCC2)cc1,Non-blocker,Non-blocker,0,UBNMBEFRRHKITP-UHFFFAOYSA-N,UBNMBEFRRHKITP,PubChem,6603062,
CN(C)C(=O)[C@H](c1ccc(-c2cccc(-c3nnn[nH]3)c2)cc1)[C@H](N)C(=O)N1CC[C@@H](F)C1,Non-blocker,Non-blocker,,SDUGQQAAQSICAW-AQNXPRMDSA-N,SDUGQQAAQSICAW,eval_set_herg_70.csv,,
COc1ccc2c(=O)n(C)c(C#N)c(-c3ccccc3)c2c1,Non-blocker,Non-blocker,,VUTWLIQMSKQEAU-UHFFFAOYSA-N,VUTWLIQMSKQEAU,eval_set_herg_70.csv,,
COc1ccc2c3c1O[C@H]1C(=O)CC[C@@]4(O)C(C2)N(CC2CC2)CCC314.Cl,Non-blocker,Non-blocker,0,BWFKBOSEDNYSHX-LUGHZJQXSA-N,BWFKBOSEDNYSHX,data_herg_dev,CHEMBL2373666,
COc1ccc2c3c1O[C@H]1C(=O)CC[C@@]4(O)[C@@H](C2)N(C)CC[C@]314,Non-blocker,Blocker,1,BRUQQQPBMZOVGD-XFKAJCMBSA-N,BRUQQQPBMZOVGD,data_herg_dev,CHEMBL656,
COc1cc(Nc2cccc3c2nc(-c2ccc(F)cc2)n3C)ccc1-n1cnc(C)c1,Blocker,Blocker,1,CBZHFCPGQAUEJE-UHFFFAOYSA-N,CBZHFCPGQAUEJE,CUPID,66679405,22650177
O=C1N[C@H]2CCCCN2C12CCN(CCCN1c3ccccc3CCc3ccc(Cl)cc31)CC2,Blocker,Blocker,1,PXUIZULXJVRBPC-AREMUKBSSA-N,PXUIZULXJVRBPC,PubChem,4257,
CCc1cccc(CC)c1N(COC)C(=O)Cn1c(CO)nc2ccccc21,Non-blocker,Non-blocker,0,VTAUMGDVQHDJBL-UHFFFAOYSA-N,VTAUMGDVQHDJBL,PubChem,645478,
NC1=NC(=O)C[C@H](C(=O)NCc2ccccc2)S1,Non-blocker,Non-blocker,0,LWKJZLHQETUZTO-SECBINFHSA-N,LWKJZLHQETUZTO,PubChem,2892879,
CCn1cncc1Cn1cc(-c2ccc(Cl)cc2)cn1,Blocker,Blocker,,LBYWWSCGWDYKNX-UHFFFAOYSA-N,LBYWWSCGWDYKNX,eval_set_herg_70.csv,,
COc1ccc2nc(NC(=O)CN3CCOCC3)sc2c1,Non-blocker,Blocker,1,RYYBUTNUEKNHTK-UHFFFAOYSA-N,RYYBUTNUEKNHTK,PubChem,709709,
Fc1cccc(-n2cc(NCCN3CCCCC3)nn2)c1,Blocker,Blocker,1,XKLFAHZMALMKGF-UHFFFAOYSA-N,XKLFAHZMALMKGF,PubChem,76684214,25658964
Sc1ccc2ccccc2c1CNCc1ccccc1,Non-blocker,Non-blocker,0,BLEHTALMHJHORQ-UHFFFAOYSA-N,BLEHTALMHJHORQ,PubChem,255831,
O=Cc1c[nH]c2ccc(S(=O)(=O)N3CCOCC3)cc12,Non-blocker,Non-blocker,0,SFWDZMXLECIUMV-UHFFFAOYSA-N,SFWDZMXLECIUMV,PubChem,4102629,
O=C1COc2ccc(CNC3CCN(CCN4C(=O)COc5ccc(C(=O)O)cc54)CC3)nc2N1,Non-blocker,Non-blocker,0,ZPJNSZPJBCRZQR-UHFFFAOYSA-N,ZPJNSZPJBCRZQR,data_herg_dev,CHEMBL1824033,
CCN(CC(=O)Nc1c(F)cccc1F)C(=O)CSc1nc2ccccc2o1,Non-blocker,Non-blocker,0,CQMPTFLDFJZJTH-UHFFFAOYSA-N,CQMPTFLDFJZJTH,PubChem,24981549,
Cc1nncn1-c1cccc([C@H](CC(=O)O)CN2CC[C@@H](CCc3ccc4c(n3)NCCC4)C2)c1,Non-blocker,Non-blocker,0,DRMIWPCMCBXOEN-NFBKMPQASA-N,DRMIWPCMCBXOEN,data_herg_dev,CHEMBL4237919,
CN1C(=O)CN=C(c2ccccc2)c2cc(Cl)ccc21,Non-blocker,Non-blocker,,AAOVKJBEBIDNHE-UHFFFAOYSA-N,AAOVKJBEBIDNHE,eval_set_herg_70.csv,,
CNC(=O)c1c(-c2ccc(O)c(F)c2)oc2ccc(O)c(CN3CCC4(COC4)C3)c12,Blocker,Blocker,1,CLGYBKWKICSQGN-UHFFFAOYSA-N,CLGYBKWKICSQGN,CUPID,166625796,34910486
CC(=O)C1=NN2c3cc(F)ccc3OCC2C1(CCCN)c1ccccc1,Blocker,Blocker,1,RZCZKNPTZMHVSH-UHFFFAOYSA-N,RZCZKNPTZMHVSH,CUPID,CUPID,
Cc1cc(Cl)cnc1C(=O)Nc1ccc(F)c([C@@]2(C)N=C(N)CO[C@@H]2F)c1,Blocker,Blocker,1,CQTYPCIWXALTQA-ZWKOTPCHSA-N,CQTYPCIWXALTQA,data_herg_dev,CHEMBL3634341,
COc1cc(O)sc1/C=N/c1ccc(Cl)cc1,Blocker,Non-blocker,0,NXIGRSUCNGBXTK-VGOFMYFVSA-N,NXIGRSUCNGBXTK,PubChem,3464762,
Cn1c(SCCCN2CC3CCN(c4ccc(C(F)(F)F)cc4)C3C2)nnc1N1CCOCC1,Blocker,Blocker,1,CLYZVNJXJPXTED-UHFFFAOYSA-N,CLYZVNJXJPXTED,PubChem,CUPID,
N#Cc1ccc(S(=O)(=O)NCCN2CC3CN(Cc4ccc(F)cc4)CC(C2)O3)cc1,Non-blocker,Non-blocker,0,AXQFGWUGUCVEGW-UHFFFAOYSA-N,AXQFGWUGUCVEGW,data_herg_dev,CHEMBL3986453,
C[C@H](C(=O)Nc1ccc(O)cc1C(=O)O)N1C(=O)/C(=C\c2cccs2)SC1=S,Non-blocker,Non-blocker,0,KDRHPXARYADUMY-MBBDXHFBSA-N,KDRHPXARYADUMY,PubChem,6227369,
CCCCN1CCCC1Cn1nc(Cc2ccc(Cl)cc2)c2cccnc2c1=O,Blocker,Blocker,1,UXQVMDVKHFQOEU-UHFFFAOYSA-N,UXQVMDVKHFQOEU,CUPID,CUPID,
Cc1ccc(COC(=O)N2CCC(CN(C)c3ncccn3)CC2)cc1,Blocker,Blocker,,IQPLYVYZAILDSZ-UHFFFAOYSA-N,IQPLYVYZAILDSZ,eval_set_herg_70.csv,,
CSc1cccc(N2C[C@H](C(=O)NCCN3C(=O)S/C(=C\c4cccnc4)C3=O)CC2=O)c1,Non-blocker,Non-blocker,0,BNJQKZDJELTZGU-DZGUVLCISA-N,BNJQKZDJELTZGU,PubChem,24979400,
NC(=O)c1cc(-c2cccc(-c3ccccc3OC(F)(F)F)c2)n[nH]1,Blocker,Blocker,1,JSQSMCDHAOMPGH-UHFFFAOYSA-N,JSQSMCDHAOMPGH,data_herg_dev,CHEMBL1224267,
CCN1CC[C@H](NC(=O)c2cc(-c3ccc(F)cc3F)on2)[C@@H](C(=O)NC2(c3ncccn3)CC2)C1,Blocker,Blocker,1,CIFTVUDJNAGXBF-HKUYNNGSSA-N,CIFTVUDJNAGXBF,data_herg_dev,CHEMBL4762800,
CC(C)c1ccc(NC(=O)N2C[C@H]3C[C@@H](C2)c2cccc(=O)n2C3)cc1,Non-blocker,Non-blocker,0,IIJCXRQMGKKPRD-WBVHZDCISA-N,IIJCXRQMGKKPRD,PubChem,1775377,
O=C(Nc1ccccc1)c1cccc(=O)o1,Non-blocker,Non-blocker,0,WXLCJALZCQOYMW-UHFFFAOYSA-N,WXLCJALZCQOYMW,PubChem,2739561,
CN(C)C(=O)CNCCc1cccc(OCC(F)(F)C(F)(F)C(F)(F)F)c1.Cl,Blocker,Blocker,1,JBZXCNBKZGZNII-UHFFFAOYSA-N,JBZXCNBKZGZNII,data_herg_dev,CHEMBL4287987,
CCc1cccc(NC(=O)N2CCc3nc(-c4ccc5c(c4)OCO5)nc(-c4ccccc4C)c3C2)c1,Blocker,Blocker,1,DLXNCEJKEWNGNI-UHFFFAOYSA-N,DLXNCEJKEWNGNI,data_herg_dev,CHEMBL1771456,
[H]/N=c1/cc2n(-c3cccc4ccccc34)c3cc(N)c4ccccc4c3nc-2c2ccccc12,Blocker,Blocker,1,MSRNUZLAOUFGEV-QLTSDVKISA-N,MSRNUZLAOUFGEV,PubChem,11980115,
COc1ccc(C(=O)O)cc1S(=O)(=O)Nc1ccccc1Cc1ccccc1,Non-blocker,Non-blocker,0,FEHQFUCXUMYKQQ-UHFFFAOYSA-N,FEHQFUCXUMYKQQ,PubChem,2441958,
C/C(=N\NC(=O)c1ccccc1F)c1ccccn1,Non-blocker,Non-blocker,0,HICWLIRXXOHZKD-LICLKQGHSA-N,HICWLIRXXOHZKD,PubChem,5335659,
COc1ccc(-n2nnnc2-c2ccc(S(C)(=O)=O)cc2Cl)cc1,Non-blocker,Non-blocker,0,OXYCSTDBNQDOIG-UHFFFAOYSA-N,OXYCSTDBNQDOIG,PubChem,1488278,
CC(C)(CCc1ccc(O)c(OC(F)(F)F)c1)N1Cc2ccc(S(C)(=O)=O)cc2C1,Non-blocker,Blocker,1,GOMIDUKJIYVMRM-UHFFFAOYSA-N,GOMIDUKJIYVMRM,data_herg_dev,,
COc1ccc(-c2ccn3c(CC4CC4(F)F)nnc3c2)cc1F,Non-blocker,Non-blocker,0,UAIGIVFJJJDDKC-UHFFFAOYSA-N,UAIGIVFJJJDDKC,data_herg_dev,,
O=C(NC1CCCCC1)c1ccc(S(=O)(=O)NCc2cccnc2)cc1,Non-blocker,Non-blocker,0,CNSDZXRUJHLHSO-UHFFFAOYSA-N,CNSDZXRUJHLHSO,PubChem,648798,
Cc1cccnc1CN1CCC2(CC1)C(=O)N(c1ccc(-c3ccccc3)cc1)c1ccccc12,Blocker,Blocker,1,OENWMSHFDNZIBX-UHFFFAOYSA-N,OENWMSHFDNZIBX,data_herg_dev,,
O=C(c1ccc(F)cc1)c1ccc(F)cc1,Non-blocker,Non-blocker,,LSQARZALBDFYQZ-UHFFFAOYSA-N,LSQARZALBDFYQZ,eval_set_herg_60.csv,,
Nc1ccc(S(=O)(=O)Nc2nccc(/C=C/c3ccc(Br)s3)n2)cc1,Non-blocker,Non-blocker,0,DCYZLTSBWTZACF-ONEGZZNKSA-N,DCYZLTSBWTZACF,PubChem,5730684,
CC1CCN(S(=O)(=O)c2cn(CC(=O)Nc3cccc(C#N)c3)cn2)CC1,Non-blocker,Non-blocker,0,LACVJBNEONNBCM-UHFFFAOYSA-N,LACVJBNEONNBCM,PubChem,24790985,
CN(C)c1ccc(NC(=O)CCCCCn2nnc3ccccc3c2=O)cc1,Non-blocker,Non-blocker,0,YRCUCKWCQPARHB-UHFFFAOYSA-N,YRCUCKWCQPARHB,PubChem,4904094,
CC1(C#Cc2cnc3c(c2)[C@]2(COC(N)=N2)c2cc(-c4cccnc4F)ccc2O3)COC1,Blocker,Blocker,1,GKKFBOARESVMBW-VWLOTQADSA-N,GKKFBOARESVMBW,data_herg_dev,CHEMBL3359763,
Cc1cc(Nc2nc(Nc3ccccc3S(=O)(=O)C(C)C)c3cn[nH]c3n2)c(OC(C)C)cc1C1CCN(C)CC1,Blocker,Blocker,1,CWXBESRGEPLREF-UHFFFAOYSA-N,CWXBESRGEPLREF,PubChem,25160544,26750252
COc1ccc(OC)c(-c2cc(C(=O)N/N=C/c3cc(OC)c(OC)cc3OC)c3ccccc3n2)c1,Non-blocker,Non-blocker,0,VKSFOWRDLYDHON-MUFRIFMGSA-N,VKSFOWRDLYDHON,PubChem,6874748,
O=C(Nc1ccc(C2(C(=O)Nc3ccc(Cl)nc3)CCC2)cc1)c1cccc(Cl)c1,Blocker,Blocker,1,TTXKXLJFSQNVKD-UHFFFAOYSA-N,TTXKXLJFSQNVKD,PubChem,138543849,32292563
O=C(O)C[C@H]1CC[C@@H](Oc2ccc(-c3ccc(-c4nc5cc(C(F)(F)F)cnc5[nH]4)cn3)cn2)CC1,Blocker,Non-blocker,0,UNWXUCUCEFLFIK-UJKQEGAGSA-N,UNWXUCUCEFLFIK,data_herg_dev,CHEMBL4530290,
CCCC1=N[N+](C)=C2C(=O)N=C(c3cc(S(=O)(=O)N4CC[NH+](C)CC4)ccc3OCC)N=C12,Non-blocker,Non-blocker,,CRIDMDBQMURTEF-UHFFFAOYSA-O,CRIDMDBQMURTEF,eval_set_herg_60.csv,,
O=C(N1CC[C@H](N[C@H]2CC[C@@](O)(c3ccc(-c4ncccn4)cn3)CC2)C1)C1(O)CCN(c2cc(C(F)(F)F)ccn2)CC1,Non-blocker,Non-blocker,0,GGMJCJBGFPYRGS-MOMDTQCHSA-N,GGMJCJBGFPYRGS,data_herg_dev,CHEMBL2029572,
CCCCC[C@@H]1Nc2cc(C(F)(F)F)c(S(N)(=O)=O)cc2S(=O)(=O)N1,Non-blocker,Blocker,1,AKHXXQAIVSMYIS-GFCCVEGCSA-N,AKHXXQAIVSMYIS,PubChem,4726,
NC(=O)c1cc2cc(C3(Cc4ccccc4)CCNC3)ccc2[nH]1,Blocker,Blocker,1,CRTQNTKRJCYBET-UHFFFAOYSA-N,CRTQNTKRJCYBET,data_herg_dev,CHEMBL457931,
CN1CCN(CCCNC(=O)c2ccc3c(c2)N(Cc2ccc(F)cc2)CCS3)CC1,Non-blocker,Non-blocker,0,JGZSGXTUCLJOMX-UHFFFAOYSA-N,JGZSGXTUCLJOMX,PubChem,20876328,
CCOc1ccc(C(=O)NCC(=O)NNC(=O)c2cc(C)oc2C)cc1OCC,Non-blocker,Non-blocker,0,QOTIYZSFAJJSLC-UHFFFAOYSA-N,QOTIYZSFAJJSLC,PubChem,4787471,
N#CC1(NC(=O)[C@@H]2CCCC[C@H]2C(=O)N2CCN(c3nc(C(F)(F)F)cs3)CC2)CC1,Non-blocker,Non-blocker,0,QVMBVVATXDOAND-ZIAGYGMSSA-N,QVMBVVATXDOAND,data_herg_dev,CHEMBL2070943,
CN1CCN(c2ncc3cc(-c4ccccc4)c(-c4ccc(CN5CCC(C6=NC(=C7C=CN(O)C=C7)N=N6)CC5)cc4)nc3n2)CC1,Blocker,Blocker,1,MZSJXPAFEPEHCO-UHFFFAOYSA-N,MZSJXPAFEPEHCO,data_herg_dev,,
CCN1CCN(CCC(=O)Nc2ccc(C)cc2)CC1,Non-blocker,Non-blocker,0,YWBDETADHUIETM-UHFFFAOYSA-N,YWBDETADHUIETM,PubChem,24746972,
N#C[C@H]1CCOC[C@@H]1n1cc(C(N)=O)c(Nc2ccnc(F)c2)n1,Non-blocker,Non-blocker,0,GGUONJQHHUWSQC-SKDRFNHKSA-N,GGUONJQHHUWSQC,data_herg_dev,CHEMBL4067915,
COc1ccccc1Oc1coc2cc(OC(=O)N3CCOCC3)ccc2c1=O,Non-blocker,Non-blocker,0,SIAYVAJLWJRQMR-UHFFFAOYSA-N,SIAYVAJLWJRQMR,PubChem,1302741,
COc1ccccc1NC(=O)COC(=O)Cn1c(C)csc1=O,Non-blocker,Non-blocker,0,HGYQNZVTICOZRL-UHFFFAOYSA-N,HGYQNZVTICOZRL,PubChem,24687324,
NC[C@]1(c2cccc(Cl)c2)CC[C@H](N2CCn3c(nnc3C(F)(F)F)C2=O)CC1,Blocker,Non-blocker,0,KXWVCAHIYMQJOK-PPUGGXLSSA-N,KXWVCAHIYMQJOK,data_herg_dev,CHEMBL3112967,
