Query_Smiles,Query_Predicted_Class,Query_Actual_Class,Query_InChIKey,Query_InChIKey_14,Query_Source,Query_Compound_ID,Query_PMID
O=C1C=CC[C@@H]2[C@H]3CCCN4CCC[C@@H](CN12)[C@@H]34,Non-blocker,Non-blocker,AAGFPTSOPGCENQ-JLNYLFASSA-N,AAGFPTSOPGCENQ,eval_set_herg_60.csv,,
O=[N+]([O-])c1ccc(C2=Nc3cc(Cl)ccc3OC2)cc1,Blocker,Non-blocker,AAIYJZKKBMDVSP-UHFFFAOYSA-N,AAIYJZKKBMDVSP,PubChem,1489679,
CN1C(=O)CN=C(c2ccccc2)c2cc(Cl)ccc21,Non-blocker,Non-blocker,AAOVKJBEBIDNHE-UHFFFAOYSA-N,AAOVKJBEBIDNHE,eval_set_herg_70.csv,,
CCN(CC)c1ccc(/C=C/[N+](=O)[O-])cc1,Non-blocker,Non-blocker,AATYCRRVMKWSAC-MDZDMXLPSA-N,AATYCRRVMKWSAC,PubChem,5375781,
Nc1cnc(COc2ccc(C3(c4ccc(-c5nnco5)nc4)CCCO3)cc2)cn1,Blocker,Non-blocker,ABPVDVWWLANDBC-UHFFFAOYSA-N,ABPVDVWWLANDBC,eval_set_herg_60.csv,,
O=C1CCCC=CCCCCCCCCCC1,Non-blocker,Non-blocker,ABRIMXGLNHCLIP-UHFFFAOYSA-N,ABRIMXGLNHCLIP,eval_set_herg_70.csv,,
NC[C@H](O)c1ccc(O)c(O)c1.O=C(O)C(O)C(O)C(=O)O.O=C(O)C(O)C(O)C(=O)O,Non-blocker,Non-blocker,SFLSHLFXELFNJZ-QMMMGPOBSA-N,ACFZEFCGESJKJH,data_herg_dev,,12305037
COC(=O)CSc1nc(-c2ccccc2)cc(-c2ccco2)c1C#N,Non-blocker,Non-blocker,ACIZZXXGRGTORB-UHFFFAOYSA-N,ACIZZXXGRGTORB,PubChem,658573,
Nc1nccc2cc(CNCCc3ccccc3)ccc12,Non-blocker,Blocker,ACQAMOITEMIUTC-UHFFFAOYSA-N,ACQAMOITEMIUTC,PubChem,53321650,21145740
Oc1c(CN2CCCC2)cc(Nc2ncnc3ccccc23)cc1CN1CCCC1,Blocker,Non-blocker,ADFVBEOHHMMWBZ-UHFFFAOYSA-N,ADFVBEOHHMMWBZ,eval_set_herg_60.csv,,
O/N=C1\CCCCc2ccccc21,Non-blocker,Non-blocker,ADICYZCHPFSRFC-VAWYXSNFSA-N,ADICYZCHPFSRFC,PubChem,5381210,
COCc1cc([S@](=O)c2ccc(Cl)cc2)nc(C)n1,Non-blocker,Non-blocker,ADJIMOHBRADXIH-LJQANCHMSA-N,ADJIMOHBRADXIH,PubChem,1476806,
COc1ccc(NC(=O)[C@H]2CCC(=O)N2S(=O)(=O)c2ccc(C)cc2)cc1Cl,Non-blocker,Non-blocker,ADQDKKFZLYNTFC-MRXNPFEDSA-N,ADQDKKFZLYNTFC,PubChem,2956558,
CC(C)(Oc1ccc(Cl)cc1)C(=O)NCc1n[nH]c(=O)c2ccccc12,Non-blocker,Non-blocker,AEBCBKZEUCHIMQ-UHFFFAOYSA-N,AEBCBKZEUCHIMQ,PubChem,7626400,
CCc1ccc(/N=C2\C=C(O)C(=O)c3ccccc32)cc1,Non-blocker,Non-blocker,AERRPULWPIGSEB-KNTRCKAVSA-N,AERRPULWPIGSEB,PubChem,3633677,
Cc1cccc(Oc2ccc(C(=O)N[C@@H]3CCSC3=O)cn2)c1C,Non-blocker,Non-blocker,AERVLKGIEFYKRQ-CQSZACIVSA-N,AERVLKGIEFYKRQ,PubChem,2769130,
COc1ccc(CCNC(=O)c2cc(-c3ccc(C)cc3O)n[nH]2)cc1OC,Non-blocker,Non-blocker,AFEIZXDZNYWHRW-UHFFFAOYSA-N,AFEIZXDZNYWHRW,PubChem,1851874,
CN(C)C(=O)[C@@H](c1ccc(-c2cccc(-n3cnnn3)c2)cc1)[C@H]([NH3+])C(=O)N1CC[C@H](F)C1,Non-blocker,Non-blocker,AFPXRCJVDFTWMT-JBACZVJFSA-O,AFPXRCJVDFTWMT,eval_set_herg_70.csv,,
FC(F)(F)c1cccc(-c2c[nH]c(C3CCCCC3)n2)c1,Non-blocker,Blocker,AGUDQAGJEVFOJY-UHFFFAOYSA-N,AGUDQAGJEVFOJY,eval_set_herg_70.csv,,
C[C@@H](NC(=O)c1ccc(S(=O)(=O)Nc2ccccc2)cc1)c1ccc(S(N)(=O)=O)cc1,Non-blocker,Non-blocker,AHLBCPKNVXITFV-OAHLLOKOSA-N,AHLBCPKNVXITFV,PubChem,4836049,
C[C@@H](Oc1ccccc1)C(=O)N1CCN(c2ncccn2)CC1,Non-blocker,Non-blocker,AHPCBBGBTGBTRT-CQSZACIVSA-N,AHPCBBGBTGBTRT,PubChem,4805359,
CC(=O)C1=C(c2ccc(Br)cc2)C(=O)c2ccccc2C1=O,Blocker,Non-blocker,AIFGMUQKEOBNOJ-UHFFFAOYSA-N,AIFGMUQKEOBNOJ,PubChem,1072148,
COc1ccc([C@@H]2CC(=O)c3c(O)cc(O)cc3O2)cc1O,Non-blocker,Non-blocker,AIONOLUJZLIMTK-AWEZNQCLSA-N,AIONOLUJZLIMTK,eval_set_herg_70.csv,,
CCOC(=O)c1c(C)[nH]c(C(=O)CSc2nnnn2-c2ccccc2)c1C,Non-blocker,Non-blocker,AIQXDIVCWNHJEF-UHFFFAOYSA-N,AIQXDIVCWNHJEF,PubChem,982844,
COc1ccccc1C(=O)NC(=O)CSc1nncn1C(C)C,Non-blocker,Non-blocker,AIZJPVHHISTBCS-UHFFFAOYSA-N,AIZJPVHHISTBCS,PubChem,7675654,
CCn1c(O)c(-[n+]2ccccc2)c(=O)c2ccccc21,Non-blocker,Blocker,AJDGGQDPGYCNTI-UHFFFAOYSA-O,AJDGGQDPGYCNTI,PubChem,54677772,
Cc1cc(C)cc(-n2ncc3c2CCC[C@H]3NC(=O)CN2CCCC2=O)c1,Non-blocker,Non-blocker,AJGYGMMEYDRXPD-GOSISDBHSA-N,AJGYGMMEYDRXPD,PubChem,24791625,
CC(C)CN1CC2CN(CC(C)C)CC(C1)C21CCCCC1,Blocker,Non-blocker,AKDSILHOBDFVFX-UHFFFAOYSA-N,AKDSILHOBDFVFX,eval_set_herg_60.csv,,
CCCCC[C@@H]1Nc2cc(C(F)(F)F)c(S(N)(=O)=O)cc2S(=O)(=O)N1,Non-blocker,Blocker,AKHXXQAIVSMYIS-GFCCVEGCSA-N,AKHXXQAIVSMYIS,PubChem,4726,
Clc1ccc(C2(Cn3cncn3)OCCO2)c(Cl)c1,Blocker,Blocker,AKNQMEBLVAMSNZ-UHFFFAOYSA-N,AKNQMEBLVAMSNZ,eval_set_herg_70.csv,,
O=C(CSc1nc2ccccc2c(=O)n1Cc1ccco1)c1ccccc1,Non-blocker,Non-blocker,AKRNQWJWQFZKEH-UHFFFAOYSA-N,AKRNQWJWQFZKEH,PubChem,557235,
CC1=C(C(N)=O)S(=O)(=O)c2ccccc21,Non-blocker,Non-blocker,AKRUDWPGTGSAGJ-UHFFFAOYSA-N,AKRUDWPGTGSAGJ,PubChem,268659,
CC(CC1c2ccccc2CCc2ccccc21)CN(C)C,Blocker,Non-blocker,ALELTFCQZDXAMQ-UHFFFAOYSA-N,ALELTFCQZDXAMQ,data_herg_dev,,21772
CCOC(=O)CN/C(=N\S(=O)(=O)c1ccc(Cl)cc1)c1ccccc1,Non-blocker,Non-blocker,ALKQCJAYMDFGMJ-UHFFFAOYSA-N,ALKQCJAYMDFGMJ,PubChem,2978913,
O=C(O)CCCCCNC(=O)Nc1ccc2c(c1)OCCO2,Non-blocker,Non-blocker,ALLDSSCVVDYGHF-UHFFFAOYSA-N,ALLDSSCVVDYGHF,PubChem,4360734,
O=C(c1ccc(F)cc1)N1CCc2nc(COc3cccc(F)c3)oc2C1,Non-blocker,Blocker,AMAVJINBCBZRCC-UHFFFAOYSA-N,AMAVJINBCBZRCC,data_herg_dev,CHEMBL3605277,
Nc1nc(SCc2ccccc2[N+](=O)[O-])c2ncn(Cc3ccccc3)c2n1,Non-blocker,Non-blocker,AMIPVQPVVMSVTB-UHFFFAOYSA-N,AMIPVQPVVMSVTB,PubChem,238854,
COCCCNC(=S)N1CCN(C(c2ccccc2)c2ccccc2)CC1,Non-blocker,Non-blocker,AMVMGLVFFIKVCT-UHFFFAOYSA-N,AMVMGLVFFIKVCT,PubChem,3430107,
COCCNC(=O)/C(C#N)=C/c1ccccc1Br,Non-blocker,Non-blocker,AMXAMOVUVIWCME-DHZHZOJOSA-N,AMXAMOVUVIWCME,PubChem,2381260,
COc1cc2ccccc2cc1C(=O)NCCCN1CCOCC1,Non-blocker,Non-blocker,AMZLCSLPXNQQFZ-UHFFFAOYSA-N,AMZLCSLPXNQQFZ,PubChem,17462757,
C[C@H](c1ccc(Nc2nc(C(F)(F)F)cs2)cc1)c1nnn[nH]1,Non-blocker,Blocker,ANDGBIBENVSINF-SSDOTTSWSA-N,ANDGBIBENVSINF,eval_set_herg_60.csv,,
O=c1cc(-c2cc3ccncc3n2-c2ccc(Cl)cc2)ccn1C1CC1,Blocker,Blocker,ANMSOARYIIUEQS-UHFFFAOYSA-N,ANMSOARYIIUEQS,eval_set_herg_70.csv,,
COc1cccc2c1O[C@]1(C)C[C@H]2NC(=O)N1,Non-blocker,Non-blocker,ANNYQLWWOKDEJI-PRHODGIISA-N,ANNYQLWWOKDEJI,PubChem,3661686,
COc1ccc(Nc2nccc(-c3c[nH]nc3-c3cccnc3)n2)cc1,Blocker,Blocker,ANTWQGSNXAZMBT-UHFFFAOYSA-N,ANTWQGSNXAZMBT,data_herg_dev,CHEMBL4798765,
COc1ccc2cc(C#CC3=CC(=O)C[C@H](c4ccc(F)cc4)C3)ccc2c1,Blocker,Non-blocker,AOFOXDPBTORAOE-JOCHJYFZSA-N,AOFOXDPBTORAOE,PubChem,46904810,
O=C(O)C/C(=C\c1ccc2c(c1)OCO2)c1nc2ccccc2s1,Non-blocker,Non-blocker,AOTVRDZAFREXAH-KPKJPENVSA-N,AOTVRDZAFREXAH,PubChem,6522604,
O=C(COC(=O)c1cnccn1)NCCc1ccccc1,Non-blocker,Non-blocker,APBYCCNDMYDAPM-UHFFFAOYSA-N,APBYCCNDMYDAPM,PubChem,2367993,
CC(C)Cn1c(=O)n(C)c(=O)c2nc[nH]c21,Non-blocker,Blocker,APIXJSLKIYYUKG-UHFFFAOYSA-N,APIXJSLKIYYUKG,eval_set_herg_60.csv,,
CN1C(=O)c2ccccc2NC(=O)[C@]12O[C@@H]2c1ccccc1,Non-blocker,Non-blocker,APLKWZASYUZSBL-PBHICJAKSA-N,APLKWZASYUZSBL,PubChem,73525,
CC(C)NC(=O)CN1C(=O)c2ccccc2S1(=O)=O,Non-blocker,Non-blocker,APPHDNMUAAJFSP-UHFFFAOYSA-N,APPHDNMUAAJFSP,PubChem,736235,
COc1ccccc1S(=O)(=O)Cc1ccc(C(=O)NCc2ccco2)o1,Non-blocker,Non-blocker,AQASZZWTNCKHEB-UHFFFAOYSA-N,AQASZZWTNCKHEB,PubChem,20859700,
Cc1ccc(-n2nccn2)c(C(=O)N2CCCO[C@H]2Cn2cc(-c3ccc(F)cc3)cn2)c1,Non-blocker,Blocker,AQFPGDOPAWNDQW-QHCPKHFHSA-N,AQFPGDOPAWNDQW,PubChem,156011286,32482533
O=C(CCn1cnnn1)Nc1ccccc1,Non-blocker,Non-blocker,AQGIEQFITJCJOY-UHFFFAOYSA-N,AQGIEQFITJCJOY,PubChem,1511455,
CN/C(=N\C#N)NCCSCc1nc[nH]c1C,Non-blocker,Non-blocker,AQIXAKUUQRKLND-UHFFFAOYSA-N,AQIXAKUUQRKLND,eval_set_herg_60.csv,,
COCC1CCCN1N1CCN(c2cccc(Cl)c2)C1=O,Blocker,Blocker,AQPYEVVJFZDJNJ-UHFFFAOYSA-N,AQPYEVVJFZDJNJ,CUPID,CUPID,
CCc1c(C)nc(S[C@@H](C(=O)O)c2ccccc2)c(C#N)c1C,Non-blocker,Non-blocker,AQQRHQRTRXHWHV-MRXNPFEDSA-N,AQQRHQRTRXHWHV,PubChem,3776307,
Cc1cccc(N/N=C/c2ccc(O)c(O)c2O)c1,Blocker,Non-blocker,AQSOZKVNPGTRAZ-OVCLIPMQSA-N,AQSOZKVNPGTRAZ,PubChem,135679290,
C/C(=N\NC(=O)c1cc(C)nc2ccccc12)c1ccncc1,Non-blocker,Non-blocker,ARTGZFHGFKVRLE-FYJGNVAPSA-N,ARTGZFHGFKVRLE,PubChem,44120503,
Cc1ccc(S(=O)(=O)N2CCOCC2)cc1C(=O)NCc1ccccn1,Non-blocker,Non-blocker,ASMXNOABFQVRMO-UHFFFAOYSA-N,ASMXNOABFQVRMO,PubChem,2531180,
COc1ccc2c3c1O[C@H]1C[C@@H](O)C=C[C@@]31CCN(C)C2,Non-blocker,Non-blocker,ASUTZQLVASHGKV-JDFRZJQESA-N,ASUTZQLVASHGKV,eval_set_herg_60.csv,,
CC(C)N1CCC(Nc2ccc3[nH]c(C(=O)N4CCCCC4)cc3c2)CC1,Non-blocker,Non-blocker,ATHXSUUALPPPJV-UHFFFAOYSA-N,ATHXSUUALPPPJV,eval_set_herg_60.csv,,
O=C(CCOc1ccccc1)Nc1ccc(S(=O)(=O)N2CCCC2)cc1,Blocker,Non-blocker,AUAPJHQWQFLQNX-UHFFFAOYSA-N,AUAPJHQWQFLQNX,PubChem,2114364,
Cc1ccc2nc(=O)c(NNc3ccccc3)cnc2c1,Non-blocker,Non-blocker,AUGULEYODXXYMM-UHFFFAOYSA-N,AUGULEYODXXYMM,PubChem,2322338,
NC1=Nc2ccc(Cl)cc2[C@]1(O)c1ccccc1,Blocker,Non-blocker,AUHPEHFGZROMSA-CQSZACIVSA-N,AUHPEHFGZROMSA,eval_set_herg_60.csv,,
COc1cc(N)c(Cl)cc1C(=O)NCC1CCN(CCCn2ccnn2)CC1,Blocker,Non-blocker,AULLTYAISZREAX-UHFFFAOYSA-N,AULLTYAISZREAX,eval_set_herg_60.csv,,
O=C(CNC(=S)N(CCCN1CCOCC1)Cc1cccs1)N1CCCCCC1,Non-blocker,Non-blocker,AUQSHKUNFZCVLH-UHFFFAOYSA-N,AUQSHKUNFZCVLH,PubChem,16193364,
CN1CCN(c2ccc(NC(=O)C(C)(c3ccccc3)c3ccccc3)cc2)CC1,Non-blocker,Non-blocker,AVACMHYVATYPKG-UHFFFAOYSA-N,AVACMHYVATYPKG,PubChem,1892345,
CC(C)CC(=O)NC(=S)Nc1ccccc1C(=O)Nc1ccccc1,Blocker,Non-blocker,AVEPIRUGHKMVQU-UHFFFAOYSA-N,AVEPIRUGHKMVQU,PubChem,1791737,
COc1ccc(/C=C2\N=C(C)OC2=O)cc1[N+](=O)[O-],Non-blocker,Non-blocker,AVHSXBWDROAZHU-UITAMQMPSA-N,AVHSXBWDROAZHU,PubChem,1920706,
COc1ccc(NC(=O)COC(=O)/C=C/c2cccs2)c(OC)c1,Non-blocker,Non-blocker,AVILIZGEZTZRIA-SOFGYWHQSA-N,AVILIZGEZTZRIA,PubChem,8648327,
O=c1cc[nH+]c(NCC2CCN(c3nc4ccccc4n3Cc3ccc(F)cc3)CC2)[nH]1,Blocker,Blocker,AVTBWIUBCJLMAN-UHFFFAOYSA-O,AVTBWIUBCJLMAN,eval_set_herg_60.csv,,
C[C@@H](NC(=O)CN1C(=O)NC2(CCCCCC2)C1=O)c1ccccc1Cl,Non-blocker,Non-blocker,AWAZSBFKDWDQOI-CYBMUJFWSA-N,AWAZSBFKDWDQOI,PubChem,16304183,
CN1C(=O)/C(=C/c2cccs2)S/C1=N/c1ccc(C(=O)O)cc1,Non-blocker,Non-blocker,AWFVWUJHIZWOEF-WBCCSYDZSA-N,AWFVWUJHIZWOEF,PubChem,1804392,
Cc1cc(C(=O)Cn2nnc(-c3ccc(Cl)cc3)n2)c(C)n1C[C@H]1CCCO1,Non-blocker,Non-blocker,AWIYYACPXIYKNL-QGZVFWFLSA-N,AWIYYACPXIYKNL,PubChem,2997704,
COC(=O)[C@@H](C)Sc1nc2c(cnn2-c2ccc(C)cc2)c(=O)[nH]1,Non-blocker,Non-blocker,AWYRDIXOAGCTEJ-SNVBAGLBSA-N,AWYRDIXOAGCTEJ,PubChem,135412488,
Cc1cc(/C=C2/SC(=O)N=C2O)c(C)n1-c1ccc(N2CCOCC2)cc1,Non-blocker,Non-blocker,AXIRJHLOCNKGFU-LDADJPATSA-N,AXIRJHLOCNKGFU,PubChem,1275696,
COC(=O)N[C@H](C(=O)N[C@@H](Cc1ccccc1)[C@@H](O)CN(Cc1ccc(-c2ccccn2)cc1)NC(=O)[C@@H](NC(=O)OC)C(C)(C)C)C(C)(C)C,Blocker,Blocker,AXRYRYVKAWYZBR-GASGPIRDSA-N,AXRYRYVKAWYZBR,eval_set_herg_60.csv,,
Cc1csc(NC(=O)c2cc(F)cc(Oc3cncnc3)c2)n1,Non-blocker,Blocker,AXVLPJHYYFHCHK-UHFFFAOYSA-N,AXVLPJHYYFHCHK,data_herg_dev,CHEMBL2440659,
Cc1nc(Nc2[nH]nc3c2CN(C(=O)N[C@H](CN(C)C)c2ccccc2)C3(C)C)c2sccc2n1,Blocker,Non-blocker,AYCPARAPKDAOEN-LJQANCHMSA-N,AYCPARAPKDAOEN,data_herg_dev,CHEMBL3128043,
Cc1ccc(/C=N/n2c(C)nnc2C)s1,Non-blocker,Non-blocker,AYGWBFXVAHGHPQ-IZZDOVSWSA-N,AYGWBFXVAHGHPQ,PubChem,9555054,
C=C1[C@H]2CC3(C4C[C@H]5C6(C4N(CC)C[C@]5(C)CC[C@@H]6O)[C@@H]3C[C@@H]2O)[C@@H]1O,Non-blocker,Non-blocker,AZAZKLKDEOMJBJ-OLOAVZRQSA-N,AZAZKLKDEOMJBJ,eval_set_herg_70.csv,,
O=C1C=C/C(=c2/ccc3n[nH]/c(=C4/C=NC=C(O[C@H]5CNCCC56CC6)N4)c3c2)C(F)=C1,Blocker,Blocker,AZIINZOWMGPPBZ-OAEYXCGJSA-N,AZIINZOWMGPPBZ,eval_set_herg_60.csv,,
COc1cc(NC(=O)COc2cccc3c2OC(C)(C)C3)cc(OC)c1OC,Blocker,Non-blocker,AZYYPGUDHGSGSY-UHFFFAOYSA-N,AZYYPGUDHGSGSY,PubChem,4827244,
C[C@@H]1Cc2ccccc2N1C(=S)/N=C(\O)c1ccc(Cl)cc1Cl,Blocker,Blocker,BACOIUYLDPSRCY-SNVBAGLBSA-N,BACOIUYLDPSRCY,PubChem,3647645,
CCN(c1ccccc1)S(=O)(=O)c1ccc(NC[C@@H]2COc3ccccc3O2)nc1,Non-blocker,Non-blocker,BAEWUJRANKALKZ-GOSISDBHSA-N,BAEWUJRANKALKZ,PubChem,2998477,
O=C(N/N=C1\CCCc2c1[nH]c1ccc([N+](=O)[O-])cc21)c1ccncc1,Non-blocker,Non-blocker,BAVUMXJNNFZFPE-LTGZKZEYSA-N,BAVUMXJNNFZFPE,PubChem,135425027,
O=C(C[C@H]1Oc2ccccc2NC1=O)NCCCN1CCOCC1,Non-blocker,Non-blocker,BBASNBUMLFTQBS-OAHLLOKOSA-N,BBASNBUMLFTQBS,PubChem,5307904,
O=C1C[C@@H](NS(=O)(=O)c2ccccc2F)CN1c1ccc2c(c1)OCCO2,Non-blocker,Non-blocker,BBCJBAGJICLITM-GFCCVEGCSA-N,BBCJBAGJICLITM,PubChem,16799573,
CCCNC(=O)[C@@H](Cc1ccc(I)cc1)NC(=O)C1CC1,Non-blocker,Non-blocker,BBGYOXQNWVBIRA-CQSZACIVSA-N,BBGYOXQNWVBIRA,PubChem,44142902,
CCn1nc(C)c(/C=N/NC(=O)CSc2nnc(-c3ccc(Br)cc3)n2C)c1C,Non-blocker,Non-blocker,BBONKYVCQJKGLL-UFFVCSGVSA-N,BBONKYVCQJKGLL,PubChem,6889534,
C=CCc1ccc(OCCOCCOc2cccc3ccc(C)nc23)c(OC)c1,Non-blocker,Non-blocker,BBRBGFKERWBPAT-UHFFFAOYSA-N,BBRBGFKERWBPAT,PubChem,2935553,
Cc1ccc(S(=O)(=O)N2[C@@H](c3ccc4c(c3)OCO4)C(C(=O)O)=C[C@H]2CC2CCCC2)cc1,Non-blocker,Non-blocker,BBTUOMOLUVKNSD-DVECYGJZSA-N,BBTUOMOLUVKNSD,PubChem,44263580,
CCCn1c(SCC(=O)NNC(=O)c2ccc(C)cc2)nnc1C(C)C,Non-blocker,Non-blocker,BBYOTVBKOGYIAU-UHFFFAOYSA-N,BBYOTVBKOGYIAU,PubChem,1457208,
CC1=C(C(=O)N2CCOCC2)[C@@H](c2cc(C)ccc2C)NC(=S)N1,Non-blocker,Non-blocker,BCRJHLLWQLYENG-MRXNPFEDSA-N,BCRJHLLWQLYENG,PubChem,3541552,
COc1cc2c3c(c1)C(C)=CC(C)(C)N3C(=O)C2=O,Non-blocker,Non-blocker,BCSGQDMAQOOCSY-UHFFFAOYSA-N,BCSGQDMAQOOCSY,PubChem,1603092,
CCCCN([C@H](CO)C(C)C)S(=O)(=O)c1ccccc1Br,Non-blocker,Non-blocker,BCUXLFBWRVMTLY-CQSZACIVSA-N,BCUXLFBWRVMTLY,PubChem,44602067,
O=C(C[C@@]12C[C@@H]3C[C@@H](C[C@@](Br)(C3)C1)C2)OCCN1CCCCC1,Non-blocker,Non-blocker,BDNLUVYZRWCVLO-YOQCTACHSA-N,BDNLUVYZRWCVLO,PubChem,4005216,
CCOc1cccc(Nc2ccc([N+](=O)[O-])cn2)c1,Non-blocker,Non-blocker,BDSJUNAVBMUSQD-UHFFFAOYSA-N,BDSJUNAVBMUSQD,PubChem,2849132,
Cc1ccc(O)c(CNCC23CC4CC(CC(C4)C2)C3)n1,Non-blocker,Non-blocker,BDYLAZAFKOJENQ-UHFFFAOYSA-N,BDYLAZAFKOJENQ,data_herg_dev,CHEMBL3393867,
CCC(=O)N1CCc2cc(OC)c(O)cc2C1,Non-blocker,Non-blocker,BEDYMEDICHGLSE-UHFFFAOYSA-N,BEDYMEDICHGLSE,eval_set_herg_60.csv,,
CCN(c1ccccc1)S(=O)(=O)c1ccc(Cl)c(NC(=O)CSc2nc[nH]n2)c1,Non-blocker,Non-blocker,BERYALSFLCUBIK-UHFFFAOYSA-N,BERYALSFLCUBIK,PubChem,3296635,
CCCCCCCCN[C@H](C)[C@@H](O)c1ccc(SC(C)C)cc1,Blocker,Blocker,BFCDFTHTSVTWOG-YLJYHZDGSA-N,BFCDFTHTSVTWOG,PubChem,657255,
Cc1c2c(nn1-c1nnc(-c3ccc(OC(C)C)c(Cl)c3)s1)CCN(CCC(=O)O)C2,Blocker,Non-blocker,BGAJNPLDJJBRHK-UHFFFAOYSA-N,BGAJNPLDJJBRHK,data_herg_dev,CHEMBL3769933,
CC(C)(C)c1cc(O)ccc1O,Non-blocker,Non-blocker,BGNXCDMCOKJUMV-UHFFFAOYSA-N,BGNXCDMCOKJUMV,eval_set_herg_70.csv,,
O=C(Cn1nnc2ccccc21)N/N=C\C=C\c1ccccc1,Non-blocker,Blocker,BHWQEGFXPFAJBZ-YKYHQJSKSA-N,BHWQEGFXPFAJBZ,PubChem,5540181,
COc1cc(/C=C/C(=O)OCC(=O)N2CCCc3ccccc32)ccc1OCC#N,Non-blocker,Non-blocker,BIEMKTYNNYVUJG-PKNBQFBNSA-N,BIEMKTYNNYVUJG,PubChem,6212491,
C[C@@H]1CCCN(C(=O)COc2ccc3c(c2)OCO3)C1,Non-blocker,Non-blocker,BIKOCNNLAKEMDA-LLVKDONJSA-N,BIKOCNNLAKEMDA,PubChem,6457630,
N#CC(=C1C=C(Br)C(=NO)C=C1Cl)c1cccc2ccccc12,Blocker,Non-blocker,BJDKZONPNOGIEO-UHFFFAOYSA-N,BJDKZONPNOGIEO,PubChem,286266,
CCNC(=S)N1CCc2cc(OC)c(OC)cc2[C@@H]1COc1ccccc1OC,Non-blocker,Non-blocker,BJGHTOURUZXTCQ-KRWDZBQOSA-N,BJGHTOURUZXTCQ,PubChem,4143659,
O=S1(=O)N(CCN2CC=C(c3c[nH]c4cc(F)ccc34)CC2)c2cccc3c2N1CCC3,Blocker,Blocker,BJIPVHLRWSDKOS-UHFFFAOYSA-N,BJIPVHLRWSDKOS,PubChem,4605800,
O=C(NCc1ccc(F)cc1)C1CCN(S(=O)(=O)c2ccc3c(c2)OCCCO3)CC1,Non-blocker,Non-blocker,BJROQKFYPRCGFD-UHFFFAOYSA-N,BJROQKFYPRCGFD,PubChem,2668520,
O=C(c1ccc2ncccc2c1)N1CCC(N2CC[C@H](Cc3ccc(Cl)c(Cl)c3)[C@H](CO)C2)CC1,Blocker,Blocker,BKSRLDUBSLBPQQ-OFNKIYASSA-N,BKSRLDUBSLBPQQ,data_herg_dev,CHEMBL178447,
Sc1ccc2ccccc2c1CNCc1ccccc1,Non-blocker,Non-blocker,BLEHTALMHJHORQ-UHFFFAOYSA-N,BLEHTALMHJHORQ,PubChem,255831,
CCOc1ccc(N2C[C@H](C(=O)Nc3cccc(S(=O)(=O)/N=C4/CCCN4)c3)CC2=O)cc1,Non-blocker,Non-blocker,BLKBIUNAPMGGEY-MRXNPFEDSA-N,BLKBIUNAPMGGEY,PubChem,4266941,
C(=N/n1cnnc1)\c1cn(Cc2ccccc2)c2ccccc12,Non-blocker,Non-blocker,BLLNHWPEWLAAOP-UFFVCSGVSA-N,BLLNHWPEWLAAOP,PubChem,6858802,
CCCCCCCCCCCCC/C=C/[C@@H](O)[C@H](CO)NC(C)=O,Non-blocker,Non-blocker,BLTCBVOJNNKFKC-QUDYQQOWSA-N,BLTCBVOJNNKFKC,eval_set_herg_60.csv,,
Cc1nn(C)c(C)c1-c1nc2ncc(Br)c(N3CCN(Cc4cccnc4)CC3)c2[nH]1,Blocker,Non-blocker,BMSHQZWQPJMOJN-UHFFFAOYSA-N,BMSHQZWQPJMOJN,eval_set_herg_70.csv,,
COc1ccc(NC(=O)CSc2ncnc3c2nnn3-c2ccc(F)cc2)c(OC)c1,Non-blocker,Non-blocker,BNCYIBFZJQNGND-UHFFFAOYSA-N,BNCYIBFZJQNGND,PubChem,16187094,
CSc1cccc(N2C[C@H](C(=O)NCCN3C(=O)S/C(=C\c4cccnc4)C3=O)CC2=O)c1,Non-blocker,Non-blocker,BNJQKZDJELTZGU-DZGUVLCISA-N,BNJQKZDJELTZGU,PubChem,24979400,
C[C@@H](OC(=O)c1cccc(S(=O)(=O)Nc2ccc3c(c2)OCO3)c1)C(=O)c1c[nH]c2ccccc12,Non-blocker,Non-blocker,BNSZTNPXATWJNC-OAHLLOKOSA-N,BNSZTNPXATWJNC,eval_set_herg_60.csv,,
CCOC(=O)c1cc(-c2ccccc2)n(CC(=O)O)c1C,Non-blocker,Non-blocker,BNYIGLLVRXMHSH-UHFFFAOYSA-N,BNYIGLLVRXMHSH,PubChem,3235924,
Cc1oc(-c2cccc(Cl)c2)nc1CN1CCC(C(=O)N2CCN(c3ccccn3)CC2)CC1,Non-blocker,Non-blocker,BOAVAHFEIGAIHE-UHFFFAOYSA-N,BOAVAHFEIGAIHE,PubChem,5309347,
O=C(O)c1ccc(-n2nc(-c3ccccc3O)nc2-c2ccccc2O)cc1,Non-blocker,Non-blocker,BOFQWVMAQOTZIW-UHFFFAOYSA-N,BOFQWVMAQOTZIW,data_herg_dev,CHEMBL550348,
O=C(NC1CCN(Cc2ccccc2)CC1)c1cc2nc(-c3ccc(Cl)s3)cc(C(F)(F)F)n2n1,Blocker,Non-blocker,BOJAXOHWYZMMKZ-UHFFFAOYSA-N,BOJAXOHWYZMMKZ,data_herg_dev,CHEMBL2028045,
COc1ccccc1Oc1coc2c(CN3CCOCC3)c(O)ccc2c1=O,Non-blocker,Non-blocker,BOJRLSQUJNZUDN-UHFFFAOYSA-N,BOJRLSQUJNZUDN,PubChem,5939116,
O=C(NC1CCCCC1)N1CCN(c2ccc([N+](=O)[O-])cc2)CC1,Non-blocker,Non-blocker,BPEWVJKJZHYRTH-UHFFFAOYSA-N,BPEWVJKJZHYRTH,PubChem,2932747,
O=C(Cn1ncc2c3ccccc3n(Cc3ccccc3F)c2c1=O)NCCN1CCOCC1,Non-blocker,Non-blocker,BPFIGKXIMPFDKG-UHFFFAOYSA-N,BPFIGKXIMPFDKG,PubChem,20892215,
CCOC(=O)C1=C(Cc2ccc(C)cc2)C(=O)c2ccccc2C1=O,Non-blocker,Blocker,BPOJTSJPTIZJSW-UHFFFAOYSA-N,BPOJTSJPTIZJSW,PubChem,2841620,
CC(=O)NC1CCN(Cc2ccc(OCc3ccc(Cl)cc3)c(Cl)c2)C1,Blocker,Blocker,BPSNKHBRCPDEOJ-UHFFFAOYSA-N,BPSNKHBRCPDEOJ,eval_set_herg_60.csv,,
Cl.O=C(O)CNC(=O)c1c(O)cc(CCc2ccccc2)n2ncnc12,Non-blocker,Non-blocker,NALAUGMPMIVAOW-UHFFFAOYSA-N,BPZAJOSLAXGKFI,data_herg_dev,CHEMBL4166742,
COC(=O)C1CCN(c2nc3ccccc3nc2[C@H](C#N)C(=O)OCC(C)C)CC1,Non-blocker,Non-blocker,BQGSBXGPNMECGV-INIZCTEOSA-N,BQGSBXGPNMECGV,PubChem,662088,
CC(CCc1ccc(O)cc1)NCCc1ccc(O)c(O)c1.Cl,Blocker,Blocker,JRWZLRBJNMZMFE-UHFFFAOYSA-N,BQKADKWNRWCIJL,data_herg_dev,CHEMBL1200418,
COCCO/C(O)=C1/C(C)=Nc2ncnn2[C@@H]1c1ccccc1,Non-blocker,Non-blocker,BRDUNNLBQPTZRV-JNINTMOKSA-N,BRDUNNLBQPTZRV,PubChem,667365,
CCN(CC)S(=O)(=O)c1ccc2c(c1)c(=O)c(C(=O)N1CCN(c3ccccn3)CC1)cn2C,Non-blocker,Non-blocker,BRMKNYSVEADJFL-UHFFFAOYSA-N,BRMKNYSVEADJFL,PubChem,16000012,
COc1ccc(CNc2nnc(N3CCC4(CC3)CC(O)C4)c3ccc(C#N)cc23)cc1Cl,Blocker,Blocker,BROVXIYHWJSPHN-UHFFFAOYSA-N,BROVXIYHWJSPHN,eval_set_herg_60.csv,,
Clc1ccc(-n2nnc(-c3cccnc3Cl)n2)cn1,Blocker,Non-blocker,BRPMLPWIXTVLLF-UHFFFAOYSA-N,BRPMLPWIXTVLLF,PubChem,16066528,
CC(=O)c1ccc(NC(=O)[C@@H](C)N(C)CC(=O)Nc2ccc(N3CCOCC3)cc2)cc1,Non-blocker,Blocker,BRTWMHNNDJEDJL-QGZVFWFLSA-N,BRTWMHNNDJEDJL,PubChem,4968353,
CC(=O)Oc1ccccc1C(=O)O,Non-blocker,Non-blocker,BSYNRYMUTXBXSQ-UHFFFAOYSA-N,BSYNRYMUTXBXSQ,eval_set_herg_60.csv,,
Nc1ccccc1NC(=O)c1ccc2nc(N3CCNCC3)ccc2c1,Non-blocker,Non-blocker,BSYRUCVRUZESMD-UHFFFAOYSA-N,BSYRUCVRUZESMD,eval_set_herg_70.csv,,
Clc1ccc(-c2ccc(Cl)c(Cl)c2Cl)c(Cl)c1Cl,Non-blocker,Non-blocker,BTAGRXWGMYTPBY-UHFFFAOYSA-N,BTAGRXWGMYTPBY,PubChem,38018,
COc1ccc(NC(=O)Cn2c(C)cc(=O)c3ccccc32)cc1,Non-blocker,Non-blocker,BTBCTQNMORAHED-UHFFFAOYSA-N,BTBCTQNMORAHED,PubChem,948294,
COc1ccccc1-c1oc2ccccc2c1C#CC1(O)CCCCC1,Non-blocker,Non-blocker,BUEAKWMWJMNBTN-UHFFFAOYSA-N,BUEAKWMWJMNBTN,PubChem,25058342,
C/C(=N\NC=O)c1ccncc1,Non-blocker,Non-blocker,BUGCXDDICVNIJU-YRNVUSSQSA-N,BUGCXDDICVNIJU,PubChem,9657196,
CC[N+](CC)CCNC(=O)c1ccc(NS(C)(=O)=O)cc1,Blocker,Non-blocker,BUYNGLCEYIRVDH-UHFFFAOYSA-N,BUYNGLCEYIRVDH,eval_set_herg_70.csv,,
CC(C)Oc1ncc(-c2nc(-c3ccc4c(c3)CCNCC4)no2)cc1C#N,Blocker,Blocker,BVAJDOKRKXCEOR-UHFFFAOYSA-N,BVAJDOKRKXCEOR,CUPID,44129293,21838322
CC(C)(O)CNC(=O)c1ccc(C(c2ccc(OCc3ccccn3)cc2)C(C)(C)C)cn1,Non-blocker,Non-blocker,BVHLJIHSMAAKFM-UHFFFAOYSA-N,BVHLJIHSMAAKFM,eval_set_herg_60.csv,,
CC(=O)N1CCc2nc(-c3ccc(OCCCN4CCC[C@H]4C)cc3)sc2C1,Blocker,Blocker,BVHNVGSFGLCREV-MRXNPFEDSA-N,BVHNVGSFGLCREV,eval_set_herg_60.csv,,
N#Cc1ccccc1NC(=O)COC(=O)CN1C(=O)[C@@H]2CCCC[C@H]2C1=O,Non-blocker,Non-blocker,BVMYGJLPATXSFV-ZIAGYGMSSA-N,BVMYGJLPATXSFV,PubChem,4205462,
CCCc1cc(C(=O)Nc2sc3c(c2C#N)CCC3)no1,Non-blocker,Non-blocker,BVRIVRRUMJNENF-UHFFFAOYSA-N,BVRIVRRUMJNENF,PubChem,5309527,
CC(=O)c1nn(-c2cccc(Br)c2)cc1C(=O)c1ccc2ccccc2c1,Non-blocker,Non-blocker,BVWGUQMSVNDTLJ-UHFFFAOYSA-N,BVWGUQMSVNDTLJ,PubChem,1214648,
CCOC(=O)C1(S(=O)(=O)c2ccccc2)CCN(Cc2ccccc2)CC1,Non-blocker,Non-blocker,BWFLVWOFJXJIIY-UHFFFAOYSA-N,BWFLVWOFJXJIIY,PubChem,2766338,
CNC[C@@H](c1ccc(Cl)c(Cl)c1)[C@@H](OC)c1cccc(NS(=O)(=O)C(F)(F)F)c1,Non-blocker,Blocker,BXBUTKPGTGJGTQ-YOEHRIQHSA-N,BXBUTKPGTGJGTQ,eval_set_herg_60.csv,,
O=[N+]([O-])c1ccccc1CCl,Non-blocker,Blocker,BXCBUWKTXLWPSB-UHFFFAOYSA-N,BXCBUWKTXLWPSB,data_herg_dev,CHEMBL175193,
NC(=O)CNCCC(c1ccccc1)c1ccccc1,Blocker,Non-blocker,BYGXICRJQZKUPA-UHFFFAOYSA-N,BYGXICRJQZKUPA,data_herg_dev,CHEMBL1255662,
O=C1CC(Nc2ccccc2)=NN1c1ccccc1,Non-blocker,Non-blocker,BYHCBLSQLHOONI-UHFFFAOYSA-N,BYHCBLSQLHOONI,PubChem,135461894,
Cc1cccnc1CCNC(=O)C[C@@H]1C(=O)NCCN1CC1CCCCC1,Non-blocker,Non-blocker,BYXORYFINNDUCW-LJQANCHMSA-N,BYXORYFINNDUCW,PubChem,16191636,
CCOc1ccccc1N1CCN(C(=O)C(F)(F)F)CC1,Non-blocker,Non-blocker,BYZCRVDIHJSHCJ-UHFFFAOYSA-N,BYZCRVDIHJSHCJ,PubChem,873682,
CCOC(=O)Cn1nc(C(F)F)c(Br)c1C,Non-blocker,Non-blocker,BZFUGGJYLFKQBW-UHFFFAOYSA-N,BZFUGGJYLFKQBW,PubChem,3460028,
NC(=O)C1(c2ccc(F)cn2)CC2CCC(C1)N2C(c1ccccc1Cl)c1ccccc1Cl,Blocker,Blocker,BZGMTXHQYFWFDV-UHFFFAOYSA-N,BZGMTXHQYFWFDV,data_herg_dev,CHEMBL564020,
Cc1ccccc1-c1nnc(CN2CCC(C)CC2)o1,Non-blocker,Non-blocker,BZWUEJYBGRFDLO-UHFFFAOYSA-N,BZWUEJYBGRFDLO,PubChem,24761557,
C[C@@H]1CCO[C@]2(O1)C(=O)Nc1ccccc12,Non-blocker,Non-blocker,CABHZQQZJZDWNZ-PRHODGIISA-N,CABHZQQZJZDWNZ,PubChem,2921040,
Cc1cc(C#N)nc(C)c1C(=O)N1CCC(C)(N2CCC(N3C(=O)N(C4CCOCC4)C[C@H]3c3ccccc3)CC2)CC1,Non-blocker,Blocker,CAWUSVSAJWVLIE-PMERELPUSA-N,CAWUSVSAJWVLIE,PubChem,46890344,20457517
CC(C)NC(=O)CSCc1c(Cl)cccc1Cl,Non-blocker,Non-blocker,CBIVDKVLMQKERN-UHFFFAOYSA-N,CBIVDKVLMQKERN,PubChem,2467184,
C=C1C2CC3(C1O)C1CC4C5(C)CCC(O)C4(C1N(CC)C5)C3CC2=O,Non-blocker,Non-blocker,CBOSLVQFGANWTL-UHFFFAOYSA-N,CBOSLVQFGANWTL,eval_set_herg_70.csv,,
COC(=O)c1ccccc1NC(=O)CNC(=O)c1ccco1,Non-blocker,Non-blocker,CBPLAGGTAPCIPH-UHFFFAOYSA-N,CBPLAGGTAPCIPH,PubChem,1265073,
CC(C)OC(=O)CSc1nc(N)c(C#N)c(-c2ccco2)c1C#N,Non-blocker,Non-blocker,CBUIVCYBJOKTCZ-UHFFFAOYSA-N,CBUIVCYBJOKTCZ,PubChem,1861702,
CC[N+](CC)(CC)CC,Non-blocker,Non-blocker,CBXCPBUEXACCNR-UHFFFAOYSA-N,CBXCPBUEXACCNR,eval_set_herg_60.csv,,
Oc1cc(-c2cn[nH]c2)ccc1-c1ccc(N2CC3CNCC3C2)nn1,Blocker,Blocker,CCBCVDSDUWLFSE-UHFFFAOYSA-N,CCBCVDSDUWLFSE,PubChem,CUPID,
CC(C)(C)c1ccc2nc(C(C)(C)N)[nH]c2c1,Non-blocker,Non-blocker,CCGUDUAICHRNSB-UHFFFAOYSA-N,CCGUDUAICHRNSB,data_herg_dev,,84626694
COc1ccccc1CNCC(c1ccccc1)c1ccccc1,Non-blocker,Non-blocker,CCSNBFBXWPTYQY-UHFFFAOYSA-N,CCSNBFBXWPTYQY,PubChem,9509532,
CCOC(=O)c1cn2nc(-c3ccc(OCC)cc3)cc2nc1C1CCN(C(=O)OC(C)(C)C)CC1,Non-blocker,Non-blocker,CDAKFBHSPDXDRM-UHFFFAOYSA-N,CDAKFBHSPDXDRM,PubChem,9551262,
[NH2+]=C1[N]CC2c3ccccc3Cc3ccccc3N12,Blocker,Non-blocker,CDARLPUCXXLHNH-UHFFFAOYSA-O,CDARLPUCXXLHNH,eval_set_herg_70.csv,,
O=C(C1=C(O)C(=O)N(CCOCCO)[C@H]1c1ccccn1)c1ccccc1,Non-blocker,Non-blocker,CDKVKCXIQNIWFP-KRWDZBQOSA-N,CDKVKCXIQNIWFP,PubChem,5878100,
COc1ccc(S(=O)(=O)N2c3ccc(Cl)cc3[C@@](O)(c3ccccc3Cl)[C@H]2C(=O)N2CCC[C@@H]2C(N)=O)cc1OC,Blocker,Non-blocker,CEBYCSRFKCEUSW-OKEQGEBHSA-N,CEBYCSRFKCEUSW,data_herg_dev,,60196272
CCN(CC)C(=O)Cn1cc(C(=O)C(=O)N2CC=C(c3ccccc3)CC2)c2ccccc21,Non-blocker,Blocker,CESCCRNITIBUGD-UHFFFAOYSA-N,CESCCRNITIBUGD,PubChem,16194649,
CC(=O)c1sc(NC(=O)C=C(C)C)nc1C,Non-blocker,Non-blocker,CETPNMCFHWLATP-UHFFFAOYSA-N,CETPNMCFHWLATP,PubChem,733793,
NCc1cccc(-c2cccc(COc3ccccc3CC(=O)O)c2)c1,Blocker,Non-blocker,CFIDHIDGDXATPD-UHFFFAOYSA-N,CFIDHIDGDXATPD,data_herg_dev,CHEMBL4468000,
CCCCNC(=O)Nc1ccc([C@@](O)(C(=O)OC)C(F)(F)F)cc1,Non-blocker,Non-blocker,CFPOKRPHFYVLTK-CQSZACIVSA-N,CFPOKRPHFYVLTK,PubChem,660191,
Cc1cc2occ(CC(=O)NNC(=O)c3ccccc3)c2cc1C,Non-blocker,Non-blocker,CFZSUXAXNFTGPO-UHFFFAOYSA-N,CFZSUXAXNFTGPO,PubChem,18079669,
Cc1cccc(NC(=O)C[C@H]2S/C(=N/c3nccs3)N(C)C2=O)c1,Non-blocker,Non-blocker,CFZTVNPUPMJBGS-OHEASWGXSA-N,CFZTVNPUPMJBGS,PubChem,5786688,
COc1ccc(CC(=O)NC2CCN(Cc3nnnn3C(C)(C)C)CC2)cc1OC,Non-blocker,Non-blocker,CGJJZPKRBJGHMN-UHFFFAOYSA-N,CGJJZPKRBJGHMN,PubChem,652756,
CCCCC(CC)COP(=O)(Oc1ccccc1)Oc1ccccc1,Non-blocker,Non-blocker,CGSLYBDCEGBZCG-UHFFFAOYSA-N,CGSLYBDCEGBZCG,data_herg_dev,,14716
COc1cccc(/C=N/NC(=O)CNC(=O)c2cccnc2)c1O,Non-blocker,Non-blocker,CHQUHSHJFVPSMM-DJKKODMXSA-N,CHQUHSHJFVPSMM,PubChem,135549590,
CN(CC(=O)NCc1cccc(F)c1)C(=O)c1ccco1,Non-blocker,Blocker,CJLWKJDPSUMVEH-UHFFFAOYSA-N,CJLWKJDPSUMVEH,PubChem,3239530,
CC[C@H](Cc1ccccc1)NC(=O)C1CCCCC1,Non-blocker,Non-blocker,CJVSMQUQSJMRCR-MRXNPFEDSA-N,CJVSMQUQSJMRCR,PubChem,2971987,
N#Cc1cccc(NC(=O)c2nc(-c3ccccc3)n(-c3ccccc3)n2)c1,Non-blocker,Blocker,CKAFCEJUHNMRHZ-UHFFFAOYSA-N,CKAFCEJUHNMRHZ,PubChem,2161667,
N#Cc1c(N2C(=O)[C@@H]3[C@H](C2=O)[C@H]2C=C[C@@H]3C2)sc2c1CCC2,Non-blocker,Non-blocker,CLCLLWZMEUUPMJ-LPQAMYBRSA-N,CLCLLWZMEUUPMJ,PubChem,3244376,
Cc1cc(C)n(C(=O)CSc2nc3ccccc3o2)n1,Non-blocker,Non-blocker,CLJVWENMJSPRNG-UHFFFAOYSA-N,CLJVWENMJSPRNG,PubChem,658327,
OCCCC1CCCCC1,Non-blocker,Non-blocker,CLYAQFSQLQTVNO-UHFFFAOYSA-N,CLYAQFSQLQTVNO,PubChem,70763,
COCc1c(Cl)ccc2c1CCC2c1ncc[nH]1,Non-blocker,Blocker,CMNAOKMSNCWOHS-UHFFFAOYSA-N,CMNAOKMSNCWOHS,eval_set_herg_60.csv,,
COc1ccccc1C[C@@H](NC(C)=O)C(=O)NC1CCN(C(=O)c2ccc(C)cc2)CC1,Non-blocker,Non-blocker,CNAIEAGFKKNPAE-JOCHJYFZSA-N,CNAIEAGFKKNPAE,PubChem,3227033,
COc1cc(/C=C(\C#N)C(=O)Nc2ccc3ccccc3c2)c([N+](=O)[O-])cc1OC,Non-blocker,Non-blocker,CNGKTZCNXQMODT-RQZCQDPDSA-N,CNGKTZCNXQMODT,PubChem,1118789,
O=C(O)c1cc(Cl)cc(Cl)c1O,Non-blocker,Non-blocker,CNJGWCQEGROXEE-UHFFFAOYSA-N,CNJGWCQEGROXEE,data_herg_dev,,9445
O=C(Nc1ccc2[nH]c3c(c2c1)CCCC3)c1ccco1,Non-blocker,Non-blocker,CONWFXWOGDRZKN-UHFFFAOYSA-N,CONWFXWOGDRZKN,PubChem,852322,
CCCCC[C@@H](C)OC(=O)COc1ccc(Cl)c2cccnc12,Non-blocker,Blocker,COYBRKAVBMYYSF-CYBMUJFWSA-N,COYBRKAVBMYYSF,PubChem,93528,
Cc1ccc(C(=O)Nc2ccc(C(=O)O)cc2NC(=O)c2ccc(C)cc2)cc1,Non-blocker,Non-blocker,CPMAIBZPAIATEN-UHFFFAOYSA-N,CPMAIBZPAIATEN,PubChem,1296278,
Cc1ccccc1-c1cccc([C@@H]2C[C@H]3[C@H](CON3C)CN2Cc2cc(Cl)cc(Cl)c2)c1,Blocker,Non-blocker,CPYGRADTGOLGHJ-CAVYSCNFSA-N,CPYGRADTGOLGHJ,PubChem,44825809,
CCN1C[C@]2(COC)CCC(O)[C@]34C5C[C@]6(O)C(OC)C(O)[C@@](OC(=O)c7ccc(OC)c(OC)c7)(C5[C@H]6O)[C@H](C13)[C@H](OC)C24,Blocker,Non-blocker,CQEJOMCUMORDJA-IGMYMOLDSA-N,CQEJOMCUMORDJA,eval_set_herg_60.csv,,
N#Cc1c(O)nc(SCC(=O)Nc2nnc(C(F)(F)F)s2)nc1-c1ccccc1,Non-blocker,Non-blocker,CQEQGGXCAPZJAB-UHFFFAOYSA-N,CQEQGGXCAPZJAB,PubChem,135455188,
CC(O)CN(C)C1CCN(c2ccc(Nc3ncc4c5ccncc5n(C5CCC(C)CC5)c4n3)nn2)CC1,Blocker,Blocker,CQMZJAORBQTGTR-UHFFFAOYSA-N,CQMZJAORBQTGTR,CUPID,CUPID,
Cc1cc(S(=O)(=O)N(Cc2ccccc2Cl)c2ccc3c(c2)CCC3)ccc1-n1cnnn1,Non-blocker,Non-blocker,CQVDNJSFDLCPMI-UHFFFAOYSA-N,CQVDNJSFDLCPMI,PubChem,1451986,
CCCC1=N[N+](C)=C2C(=O)N=C(c3cc(S(=O)(=O)N4CC[NH+](C)CC4)ccc3OCC)N=C12,Non-blocker,Non-blocker,CRIDMDBQMURTEF-UHFFFAOYSA-O,CRIDMDBQMURTEF,eval_set_herg_60.csv,,
NS(=O)(=O)c1cc(NC(=O)Cc2ccccc2)ccc1Oc1cccc(Cl)c1,Non-blocker,Blocker,CSJYMAFXYMYNCK-UHFFFAOYSA-N,CSJYMAFXYMYNCK,data_herg_dev,CHEMBL4521594,
C[C@H]1CC(=O)NN=C1c1ccc(OC2CCN(C3CCC3)CC2)cc1,Non-blocker,Non-blocker,CSSVMZXGVYOUCF-AWEZNQCLSA-N,CSSVMZXGVYOUCF,eval_set_herg_70.csv,,
Cc1ccccc1-c1cc2nc(C)c(Cl)c(O)n2n1,Non-blocker,Non-blocker,CUGAPXWHQQAXTC-UHFFFAOYSA-N,CUGAPXWHQQAXTC,PubChem,810723,
N#C[C@@H]1C[C@H](F)CN1C(=O)[C@@H](N)Cc1cscn1,Non-blocker,Non-blocker,CUPCYUWUZVDHKW-HGNGGELXSA-N,CUPCYUWUZVDHKW,data_herg_dev,CHEMBL3127986,
CCC(O)c1ccc(Br)cc1NC(=O)c1cccc(Cl)c1,Non-blocker,Non-blocker,CUWSCNYUVZAUCL-UHFFFAOYSA-N,CUWSCNYUVZAUCL,data_herg_dev,CHEMBL529919,
COc1ccc2nccc([C@@H]3CN(C4CCN(Cc5cc6ccccc6[nH]5)CC4)C(=O)O3)c2c1,Blocker,Blocker,CUWYXEKZVGDQDJ-SANMLTNESA-N,CUWYXEKZVGDQDJ,PubChem,16112836,17267215
CCCC[C@@H](CC)C(=O)NCCc1ccc(S(N)(=O)=O)cc1,Non-blocker,Non-blocker,CVJDMKIHWMZJJW-CQSZACIVSA-N,CVJDMKIHWMZJJW,PubChem,2904652,
Cc1oc(-c2ccccc2F)nc1CS(=O)(=O)CC(=O)NCCCN1C[C@H](C)C[C@@H](C)C1,Non-blocker,Non-blocker,CVMKGGFPFPVYKR-IAGOWNOFSA-N,CVMKGGFPFPVYKR,PubChem,20860844,
CO[P@@](=S)(Oc1cc(Cl)c(Br)cc1Cl)c1ccccc1,Non-blocker,Non-blocker,CVRALZAYCYJELZ-LJQANCHMSA-N,CVRALZAYCYJELZ,PubChem,30709,
CS(=O)(=O)NCc1nnc(SCc2c(F)cccc2Cl)o1,Non-blocker,Non-blocker,CWMHYASFNSBFOP-UHFFFAOYSA-N,CWMHYASFNSBFOP,PubChem,1438565,
CC(C)N1CCC2(CC1)N[C@@H](C(=O)O)Cc1c2[nH]c2ccccc12,Non-blocker,Non-blocker,CWTAWOWBRXFHAJ-MRXNPFEDSA-N,CWTAWOWBRXFHAJ,PubChem,4587425,
O=C(/C=C/c1ccc(O)c(O)c1)OC1C[C@](O)(C(=O)O)C[C@@H](O)[C@H]1O,Non-blocker,Non-blocker,CWVRJTMFETXNAD-VQWGVLBKSA-N,CWVRJTMFETXNAD,data_herg_dev,CHEMBL1419611,
NCCc1c[nH]c(=S)n1[C@H]1COc2c(F)cc(F)cc2C1,Blocker,Non-blocker,CWWWTTYMUOYSQA-LLVKDONJSA-N,CWWWTTYMUOYSQA,eval_set_herg_60.csv,,
CCOc1ccccc1NC(=O)Cn1nnc(C(=O)NCc2ccco2)c1N,Non-blocker,Non-blocker,CXNFECFBSYNUCV-UHFFFAOYSA-N,CXNFECFBSYNUCV,PubChem,3236382,
CC[C@@]1(Cc2ccccc2)NC(=O)c2ccccc2O1,Non-blocker,Non-blocker,CXVCOIDGWFPMBV-QGZVFWFLSA-N,CXVCOIDGWFPMBV,PubChem,2852893,
CCCC[C@H]1CN(CC2CCOCC2)C(=O)OC12CCN(C1(C)CCN(C(=O)c3c(C)ncnc3C)CC1)CC2,Blocker,Blocker,CXXVJZRGOOIVOD-SANMLTNESA-N,CXXVJZRGOOIVOD,PubChem,44555481,19674898
CCCCCCCCCCCCc1ccccc1O,Non-blocker,Non-blocker,CYEJMVLDXAUOPN-UHFFFAOYSA-N,CYEJMVLDXAUOPN,eval_set_herg_70.csv,,
O=C1c2ccc(OCc3ccccc3)cc2CCC1CCN1CCC(c2ccccc2)CC1,Blocker,Blocker,CYZOBDVPCDGVGS-UHFFFAOYSA-N,CYZOBDVPCDGVGS,eval_set_herg_60.csv,,
COC(=O)COc1ccc([C@H]2NC(=O)NC(c3ccccc3)=C2C(C)=O)cc1Br,Non-blocker,Non-blocker,CZLGAIBOTMFVDJ-HXUWFJFHSA-N,CZLGAIBOTMFVDJ,PubChem,2978916,
CCCCNC(=O)c1ccccc1C(=O)NC1(C(=O)NCCCC)CCCC1,Blocker,Non-blocker,CZMVRLJXPGJEPT-UHFFFAOYSA-N,CZMVRLJXPGJEPT,PubChem,254457,
CC(C)n1c(S)nnc1-c1ccc(C(C)(C)C)cc1,Non-blocker,Non-blocker,DAEFPNAAMHBGJW-UHFFFAOYSA-N,DAEFPNAAMHBGJW,PubChem,970189,
COc1ccc2nccc(C3CN(C4CCN(Cc5ccc(C)c(C)c5)CC4)C(=O)O3)c2c1,Blocker,Blocker,DBMAUWVASVSMOE-UHFFFAOYSA-N,DBMAUWVASVSMOE,CUPID,CUPID,
O=C1CC2(CCCCC2)Oc2ccccc21,Non-blocker,Blocker,DBQLMDVZSFDTRL-UHFFFAOYSA-N,DBQLMDVZSFDTRL,PubChem,11106781,
CC1(C)C[C@]2(O[C@@H]2c2ccccc2)C(=O)c2ccccc21,Non-blocker,Non-blocker,DBSWOIVXLYIEDN-MJGOQNOKSA-N,DBSWOIVXLYIEDN,PubChem,314722,
CSCC[C@@H](N/C=C1\C(=O)NC(=O)N(c2ccc(Br)cc2)C1=O)C(=O)OC(C)(C)C,Non-blocker,Non-blocker,DCHVZOHFSKBYSQ-ATGUSINASA-N,DCHVZOHFSKBYSQ,PubChem,3886084,
C=C(C)COc1ccc(-c2nc(N)ncc2Oc2ccc(OC)cc2)c(O)c1,Non-blocker,Non-blocker,DCWVJNHRWVAOOD-UHFFFAOYSA-N,DCWVJNHRWVAOOD,PubChem,665557,
CC(C)C[C@@H](NS(=O)(=O)c1ccc2c(c1)oc(=O)n2C)C(=O)NCc1cccnc1,Non-blocker,Non-blocker,DDCQCKZBSJRRSG-MRXNPFEDSA-N,DDCQCKZBSJRRSG,PubChem,5307698,
CCOc1ccccc1NC(=O)C1CCN(C(=O)NCc2ccccc2)CC1,Non-blocker,Non-blocker,DDERTTDOTBXLMN-UHFFFAOYSA-N,DDERTTDOTBXLMN,PubChem,3222770,
Cc1ccc(CSCc2nnc(SCC(=O)N3CCN(c4ccccc4)CC3)n2C)cc1,Non-blocker,Non-blocker,DDFYAFXVSKTMKB-UHFFFAOYSA-N,DDFYAFXVSKTMKB,PubChem,1022010,
Cc1ncc2n1-c1ccc(Cl)cc1C(c1ccccc1F)=NC2,Blocker,Non-blocker,DDLIGBOFAVUZHB-UHFFFAOYSA-N,DDLIGBOFAVUZHB,eval_set_herg_60.csv,,
Cc1ccc(-c2nc3cc(Br)cnc3nc2-c2ccc(C)cc2)cc1,Blocker,Non-blocker,DDOAPVLJUQBFRW-UHFFFAOYSA-N,DDOAPVLJUQBFRW,PubChem,2544769,
COC1=CC(=O)C[C@@H](C)[C@]12Oc1c(Cl)c(OC)cc(OC)c1C2=O,Non-blocker,Non-blocker,DDUHZTYCFQRHIY-RBHXEPJQSA-N,DDUHZTYCFQRHIY,data_herg_dev,CHEMBL562,
CC(=O)c1c(O)c(C)c(O)c(Cc2c(O)c3c(c(C(=O)C=Cc4ccccc4)c2O)OC(C)(C)C=C3)c1O,Blocker,Blocker,DEZFNHCVIZBHBI-UHFFFAOYSA-N,DEZFNHCVIZBHBI,eval_set_herg_60.csv,,
CCCC[C@H]1COCCS(=O)(=O)N1Cc1cccc([N+](=O)[O-])c1,Non-blocker,Non-blocker,DEZHLFWDQRRFOT-HNNXBMFYSA-N,DEZHLFWDQRRFOT,PubChem,24789452,
CC(C)Oc1ccccc1[C@]1(O)C(N)=Nc2ccc(Cl)cc21,Blocker,Non-blocker,DFHFANKUDVSVRU-QGZVFWFLSA-N,DFHFANKUDVSVRU,eval_set_herg_60.csv,,
Nc1ccnc(N2CCC(C(=O)Nc3ccc4ccccc4n3)(c3ccccc3)CC2)c1,Blocker,Blocker,DFQNSXQWRIMKRB-UHFFFAOYSA-N,DFQNSXQWRIMKRB,PubChem,44573249,19231185
CCOCC(=O)N1CCN(c2cccc(Cl)c2)CC1,Non-blocker,Non-blocker,DGBFRCGWRMUYGD-UHFFFAOYSA-N,DGBFRCGWRMUYGD,PubChem,2162986,
CC(C)Oc1ccc(C(=O)Nc2cccc(S(=O)(=O)N3CCCC3)c2)cc1,Non-blocker,Blocker,DGRZUJGNHACFSI-UHFFFAOYSA-N,DGRZUJGNHACFSI,PubChem,4875100,
CN(C)CCCNc1cc(-c2ccccc2)nc2cc(-c3cccc(F)c3)nn12,Non-blocker,Non-blocker,DGZNIXGYVXEUIZ-UHFFFAOYSA-N,DGZNIXGYVXEUIZ,PubChem,3230059,
COc1ccc(NC(=O)CSc2ccc3c4c(cccc24)C(=O)c2ccccc2-3)cc1,Non-blocker,Non-blocker,DHGLAYBCLKFLFD-UHFFFAOYSA-N,DHGLAYBCLKFLFD,PubChem,4966967,
O[C@H](CCN1CCOCC1)c1ccccc1,Non-blocker,Blocker,DHICSGDXKJEROZ-CYBMUJFWSA-N,DHICSGDXKJEROZ,PubChem,3152333,
COc1cc(C=C2CCCC(=Cc3ccc(O)c(OC)c3)C2=O)ccc1O,Non-blocker,Non-blocker,DHKKONBXGAAFTB-UHFFFAOYSA-N,DHKKONBXGAAFTB,data_herg_dev,,11366
COc1ccc(N(C[C@H](O)Cn2c(C)nc3ccccc32)S(=O)(=O)c2ccc(C)cc2)cc1,Non-blocker,Non-blocker,DINSBPGJMCGVAB-OAQYLSRUSA-N,DINSBPGJMCGVAB,PubChem,2909411,
CCCn1c(N)c(N(CCOC)C(=O)c2ccc(F)cc2)c(=O)[nH]c1=O,Non-blocker,Non-blocker,DIRMBWCPAHRQRP-UHFFFAOYSA-N,DIRMBWCPAHRQRP,PubChem,4791020,
O=C(COC(=O)c1ccc([N+](=O)[O-])o1)Nc1ccc(N2CCOCC2)cc1,Non-blocker,Non-blocker,DJBUMMMLRLAOAF-UHFFFAOYSA-N,DJBUMMMLRLAOAF,PubChem,2387258,
Cc1c(Cl)ccc(OC2CCN(C3CCN(S(=O)(=O)/N=C(\O)c4ccccc4)CC3)CC2)c1Cl,Non-blocker,Blocker,DJGWTFPDOGEBKS-UHFFFAOYSA-N,DJGWTFPDOGEBKS,PubChem,23102749,23031591
CCc1ccc(NC(=O)[C@@H]2CCCN(S(=O)(=O)c3c(C)nc(O)[nH]c3=O)C2)cc1,Non-blocker,Non-blocker,DJHXYJDANYMMNY-CQSZACIVSA-N,DJHXYJDANYMMNY,PubChem,15989748,
O=C(NCCCN1CCOCC1)c1cc(-c2ccc(Br)cc2)nc2ccccc12,Non-blocker,Non-blocker,DJQAYSUYCLGAPN-UHFFFAOYSA-N,DJQAYSUYCLGAPN,PubChem,2163809,
Oc1c(F)cc(Br)cc1CNCC12CC3CC(CC(C3)C1)C2,Non-blocker,Non-blocker,DKGJJHRTQVTXNQ-UHFFFAOYSA-N,DKGJJHRTQVTXNQ,data_herg_dev,CHEMBL3393869,
CC(C)CN(C(=O)C1=NN(c2ccccc2)C(=O)CC1)c1c(N)n(Cc2ccccc2)c(=O)[nH]c1=O,Non-blocker,Non-blocker,DKQBWYOEWVZBNI-UHFFFAOYSA-N,DKQBWYOEWVZBNI,PubChem,16303751,
Oc1c(/N=N/c2ccccn2)ccc2ccccc12,Non-blocker,Blocker,DKWJRBBUVAQOAC-ISLYRVAYSA-N,DKWJRBBUVAQOAC,PubChem,2831996,
Cc1cccc(-n2ncc3c(N4C[C@H](C)C[C@@H](C)C4)ncnc32)c1,Non-blocker,Non-blocker,DLJHKUKZXUWCQO-HUUCEWRRSA-N,DLJHKUKZXUWCQO,PubChem,3709075,
O[C@@H]1c2ccc(OCc3ccccc3-c3ccccc3)cc2CC[C@H]1CCN1CCC(c2ccccc2)CC1,Blocker,Blocker,DMAQQUULTGXWQK-ARPOTICCSA-N,DMAQQUULTGXWQK,eval_set_herg_60.csv,,
CCCC[n+]1ccn(-c2nc3ccccc3nc2NS(=O)(=O)c2ccccc2)c1,Non-blocker,Non-blocker,DMECQUIIQRMTBD-UHFFFAOYSA-N,DMECQUIIQRMTBD,PubChem,1595670,
COC(=O)CSc1ncccc1-c1nc2ccccc2[nH]1,Non-blocker,Non-blocker,DNANXWGYBGVEIX-UHFFFAOYSA-N,DNANXWGYBGVEIX,PubChem,645213,
O=c1oc2ccccc2c(O)c1Cc1c(O)c2ccccc2oc1=O,Blocker,Blocker,DOBMPNYZJYQDGZ-UHFFFAOYSA-N,DOBMPNYZJYQDGZ,data_herg_dev,,54676038
COC(=O)c1ccc(NC(=O)CSc2nc(=O)cc(N)n2-c2ccccc2)cc1,Non-blocker,Non-blocker,DOIVUIMOHLEYDI-UHFFFAOYSA-N,DOIVUIMOHLEYDI,PubChem,1308533,
CS(=O)(=O)C1(c2nc(-c3cccc4[nH]ccc34)nc3c2OC[C@@H]2COCCN32)CCOCC1,Non-blocker,Non-blocker,DPGRLMCPNILHCM-HNNXBMFYSA-N,DPGRLMCPNILHCM,data_herg_dev,CHEMBL3921669,
Cc1ccc(C(=O)NCC(=O)OCC(=O)c2c(N)n(C)c(=O)n(C)c2=O)s1,Non-blocker,Non-blocker,DPYBMYPPKKJNDE-UHFFFAOYSA-N,DPYBMYPPKKJNDE,PubChem,2350790,
Cc1ccc(OCC(=O)Nc2ccc3c(c2)C(=O)N(CCC(=O)O)C3=O)cc1,Non-blocker,Non-blocker,DQCOIEABTDTEPX-UHFFFAOYSA-N,DQCOIEABTDTEPX,PubChem,2975013,
CCN(CC)CCCNC(=O)c1cn(-c2cccc(OC)c2)c(=O)c2ccccc12,Non-blocker,Blocker,DQDDJGGORNUYMR-UHFFFAOYSA-N,DQDDJGGORNUYMR,PubChem,22549748,
CN1C(=O)/C(=C/c2ccccc2Cl)Sc2ccc(C(=O)NCc3cccnc3)cc21,Non-blocker,Non-blocker,DQWWOGMLOVWNHI-MTJSOVHGSA-N,DQWWOGMLOVWNHI,PubChem,16194205,
O=C1NC(=O)C(c2c[nH]c3ccccc23)=C1c1c[nH]c2ccccc12,Non-blocker,Non-blocker,DQYBRTASHMYDJG-UHFFFAOYSA-N,DQYBRTASHMYDJG,eval_set_herg_60.csv,,
CCCOCc1ccc(O)c2ncccc12,Non-blocker,Non-blocker,DQZHKQYVEGZFRE-UHFFFAOYSA-N,DQZHKQYVEGZFRE,PubChem,1895574,
COc1cc(-c2ccc3c(n2)[C@@H](C)N(c2cnn(CC(F)(F)F)c2)C3=O)cnc1OC,Non-blocker,Non-blocker,DREWJJJKWOJZQM-LLVKDONJSA-N,DREWJJJKWOJZQM,data_herg_dev,CHEMBL4126773,
CC(C)(C)c1cc(NC(=O)n2ccc3ncc(OC4=NC=N[C@H]5CNC[C@@H]45)cc32)no1,Non-blocker,Non-blocker,DRPLFNCFTTTYDG-HIFRSBDPSA-N,DRPLFNCFTTTYDG,eval_set_herg_70.csv,,
Cc1ccc(/C(O)=N/S(=O)(=O)c2ccccc2)cc1,Non-blocker,Non-blocker,DRYCVXUWUGJHJZ-UHFFFAOYSA-N,DRYCVXUWUGJHJZ,PubChem,759524,
O=C(OCC(=O)N1CCCC1)c1ccc(NS(=O)(=O)c2cccs2)cc1O,Non-blocker,Non-blocker,DSEXYNPNHNCFIC-UHFFFAOYSA-N,DSEXYNPNHNCFIC,PubChem,2362329,
O=C(COc1cccc(NC(=O)c2ccccc2)c1)c1ccccc1,Non-blocker,Non-blocker,DSIGERPHEMPZEN-UHFFFAOYSA-N,DSIGERPHEMPZEN,PubChem,3594017,
C[C@@H](CNCc1ccccc1)N1C[C@H](CCCNC(=N)N)N(CCc2cccc(F)c2)C1=S,Non-blocker,Blocker,DSJVYEAOYVHUJW-CVDCTZTESA-N,DSJVYEAOYVHUJW,eval_set_herg_60.csv,,
CCc1c(C)c(C#N)c2nc3ccccc3n2c1NC,Non-blocker,Non-blocker,DSLDSOQPUFCHSI-UHFFFAOYSA-N,DSLDSOQPUFCHSI,PubChem,779734,
O=C(CCc1nc2cccnc2n1Cc1ccccc1)N1CCOCC1,Non-blocker,Non-blocker,DSMAPOQHBZOKGU-UHFFFAOYSA-N,DSMAPOQHBZOKGU,PubChem,9551264,
Cc1cc([N+](=O)[O-])nn1CC(=O)N/N=C/c1ccccc1F,Non-blocker,Non-blocker,DSROOZAFKQTPTF-VIZOYTHASA-N,DSROOZAFKQTPTF,PubChem,6887572,
O=[N+]([O-])c1cc(Oc2ccc([N+](=O)[O-])cc2C(F)(F)F)cc([N+](=O)[O-])c1,Blocker,Blocker,DSVDUSQUZBRRKE-UHFFFAOYSA-N,DSVDUSQUZBRRKE,PubChem,273767,
CC1(C)[C@@]2(C(=O)NCCCn3ccnc3)CC[C@]1(C)C(=O)O2,Non-blocker,Non-blocker,DTCKJQCNKMXCHA-CVEARBPZSA-N,DTCKJQCNKMXCHA,PubChem,2982180,
COCCC1C[C@H]2CN3CCc4c([nH]c5ccccc45)C(C(=O)OC)(C2)C13,Blocker,Non-blocker,DTJQBBHYRQYDEG-FPBGVPCVSA-N,DTJQBBHYRQYDEG,eval_set_herg_70.csv,,
Cc1cc(C(=O)N2CCN(C(=O)[C@H]3CCCO3)CC2)ccc1OCc1cccc(Cl)c1,Non-blocker,Blocker,DTLBYQYQJWIPEF-JOCHJYFZSA-N,DTLBYQYQJWIPEF,PubChem,25195087,19121937
CCCCc1ccc(NC(=S)N2CCN(C(=O)c3ccco3)CC2)cc1,Blocker,Non-blocker,DTMISLBSBVGBLZ-UHFFFAOYSA-N,DTMISLBSBVGBLZ,PubChem,2192934,
CCCCc1nc(Cl)c(CO)n1Cc1ccc(-c2ccccc2C2=N[N-]NN2)cc1,Non-blocker,Blocker,DTYZGPWHZUIKKN-UHFFFAOYSA-N,DTYZGPWHZUIKKN,eval_set_herg_70.csv,,
COc1nccnc1NS(=O)(=O)c1ccc(NC(=O)c2ccc(F)cc2)cc1,Non-blocker,Non-blocker,DUAWBLKLZKFSHT-UHFFFAOYSA-N,DUAWBLKLZKFSHT,PubChem,1194340,
COC(=O)C(c1ccccc1)C1CCCCN1,Blocker,Blocker,DUGOZIWVEXMGBE-UHFFFAOYSA-N,DUGOZIWVEXMGBE,eval_set_herg_60.csv,,
COc1ccc(NC(=O)c2ccc3c(c2)OCCO3)cc1OC,Non-blocker,Non-blocker,DUJDWXZEBDJCII-UHFFFAOYSA-N,DUJDWXZEBDJCII,PubChem,841491,
O=[N+]([O-])c1ccc(NN=Cc2cccc([N+](=O)[O-])c2)cc1,Non-blocker,Non-blocker,DUJGQCJQVKGBBA-UHFFFAOYSA-N,DUJGQCJQVKGBBA,PubChem,253353,
CNCCNC(=O)c1cc2c([nH]c3c(C)cccc32)c(-c2ccc(Cl)c(Cl)c2)n1,Blocker,Blocker,DUPVDGUWVRMGSA-UHFFFAOYSA-N,DUPVDGUWVRMGSA,CUPID,163196446,35300096
COc1ccc(F)cc1CN1CCN(C(=O)CCC(=O)Nc2nnc(C3CCCCC3)s2)CC1,Non-blocker,Non-blocker,DVESCTLOTGLOEN-UHFFFAOYSA-N,DVESCTLOTGLOEN,PubChem,3915892,
COCC(=O)NC1CCN(C(=O)Nc2ccc(Br)cc2)CC1,Non-blocker,Non-blocker,DVHIPGVTALULRJ-UHFFFAOYSA-N,DVHIPGVTALULRJ,PubChem,651185,
Cc1c(NC(=O)[C@@H](C)OC(=O)/C=C/c2ccc(OC(F)F)cc2)c(=O)n(-c2ccccc2)n1C,Non-blocker,Non-blocker,DVKNJUDRHAYEPS-WSYSLRRZSA-N,DVKNJUDRHAYEPS,PubChem,24686295,
O=[N+]([O-])c1ccc(-c2csc(NN=C3CCCC3)n2)cc1,Non-blocker,Non-blocker,DVNGUIAUHYPPNY-UHFFFAOYSA-N,DVNGUIAUHYPPNY,PubChem,747648,
CC(C)(C)c1ccc(CSc2cnn(C(C)(C)C)c(=O)c2Cl)cc1,Non-blocker,Non-blocker,DWFZBUWUXWZWKD-UHFFFAOYSA-N,DWFZBUWUXWZWKD,data_herg_dev,,91754
O=C(c1cnn(Cc2ccccc2)c1)N1CCN(S(=O)(=O)/C=C/c2ccccc2)CC1,Non-blocker,Non-blocker,DWZNZQCTGPIPQG-LFIBNONCSA-N,DWZNZQCTGPIPQG,PubChem,16313152,
Cc1cc2c3c([n+](C)c4cc(NC(=O)CC[S@@+](C)[O-])ccc4c3c1)-c1ccccc1N2C,Non-blocker,Non-blocker,DYHXKBFENQGZBU-JGCGQSQUSA-O,DYHXKBFENQGZBU,eval_set_herg_60.csv,,
O=C(NC[C@@H]1OC(=O)N2c3ccc(N4CCOCC4=O)cc3OC[C@@H]12)c1ccc(Cl)s1,Non-blocker,Non-blocker,FAHBXTXHOUMNTM-ZFWWWQNUSA-N,FAHBXTXHOUMNTM,data_herg_dev,CHEMBL3330442,
C[C@H](CS)C(=O)N1CCC[C@H]1C(=O)O,Non-blocker,Non-blocker,FAKRSMQSSFJEIM-RQJHMYQMSA-N,FAKRSMQSSFJEIM,eval_set_herg_60.csv,,
CSCC[C@@H](NC(=O)c1ccc([N+](=O)[O-])cc1Cl)C(=O)OCC(=O)[C@]12C[C@H]3C[C@H](C[C@H](C3)C1)C2,Non-blocker,Blocker,FAVRMHZHOQIBIC-PGVNOUAKSA-N,FAVRMHZHOQIBIC,PubChem,4641038,
COc1ccccc1CNC(=O)CN(C)CC(=O)Nc1ccc(F)c(F)c1F,Non-blocker,Non-blocker,FBGVCVDUNUCTDD-UHFFFAOYSA-N,FBGVCVDUNUCTDD,PubChem,4786388,
CC[C@@H]1CN2CCc3cc(OC)c(OC)cc3[C@H]2C[C@H]1CC1=NCCc2cc(OC)c(OC)cc21,Non-blocker,Non-blocker,FBRKYRSUSJWLHH-IOZGHAEBSA-N,FBRKYRSUSJWLHH,eval_set_herg_60.csv,,
C[C@@H]1CN([C@@H](C)CO)S(=O)(=O)c2ccc(C#CC3CCCCC3)cc2O[C@@H]1CN(C)Cc1cccnc1,Non-blocker,Non-blocker,FCFVTRPHYRUVKL-AWVRMFGXSA-N,FCFVTRPHYRUVKL,PubChem,46903422,
Cc1ccc(OP(=O)(Nc2cccc(C)c2)Oc2ccc(C)cc2)cc1,Non-blocker,Non-blocker,FCGBDIFLQYBBHM-UHFFFAOYSA-N,FCGBDIFLQYBBHM,PubChem,2305384,
O=C1C[C@@H]2c3c(cccc3CN1Cc1ccccc1F)C[C@@H](O)[C@H]2O,Blocker,Non-blocker,FCOTUPXYWHSIHU-MDYRTPRTSA-N,FCOTUPXYWHSIHU,PubChem,44142214,
COc1cccc(N(CC(=O)NCCSCc2ccc(Cl)cc2)S(C)(=O)=O)c1,Non-blocker,Non-blocker,FCSPCWBMPHCDOX-UHFFFAOYSA-N,FCSPCWBMPHCDOX,PubChem,2284683,
CC(=O)NC(=O)C1CCC(c2ncc(-c3cccc(Br)c3)[nH]2)CC1,Non-blocker,Blocker,FCTXLBYUGYESOW-UHFFFAOYSA-N,FCTXLBYUGYESOW,eval_set_herg_60.csv,,
O=C(CN1C(=O)CNC1=O)Nc1cccc(C(F)(F)F)c1,Non-blocker,Non-blocker,FDHIMVYDZPETKD-UHFFFAOYSA-N,FDHIMVYDZPETKD,PubChem,2215219,
O=C(NC(c1ccccc1)c1ccccc1)[C@H]1CCCO1,Non-blocker,Non-blocker,FEBNVVLYNYNCCP-MRXNPFEDSA-N,FEBNVVLYNYNCCP,PubChem,3155117,
COc1ccc(C(=O)O)cc1S(=O)(=O)Nc1ccccc1Cc1ccccc1,Non-blocker,Non-blocker,FEHQFUCXUMYKQQ-UHFFFAOYSA-N,FEHQFUCXUMYKQQ,PubChem,2441958,
FC(F)(F)Oc1ccc(-c2ccc3nnc(C(F)(F)F)n3c2)cc1,Blocker,Blocker,FEVBKJITJDHASC-UHFFFAOYSA-N,FEVBKJITJDHASC,data_herg_dev,CHEMBL3809595,
CCOc1ccccc1N1CCN(CC(=O)c2c(N)n(C)c(=O)n(C)c2=O)CC1,Non-blocker,Non-blocker,FEYWEURMPVMBDW-UHFFFAOYSA-N,FEYWEURMPVMBDW,PubChem,2451457,
COc1ccc(Cl)cc1NC(=O)CSc1nc(O)c/c(=N/S(=O)(=O)c2ccccc2)[nH]1,Non-blocker,Non-blocker,FFGKMQUNQAAKHA-UHFFFAOYSA-N,FFGKMQUNQAAKHA,PubChem,135485206,
COc1ccc(C(=O)Nc2nc3ccccc3c(NCc3ccccc3)c2C#N)cc1,Non-blocker,Non-blocker,FFHQNQNMELQOEF-UHFFFAOYSA-N,FFHQNQNMELQOEF,data_herg_dev,,10201497
FC(F)(F)c1cccc(-c2c[nH]c(-c3ccccc3)n2)c1,Blocker,Blocker,FFLKPRMUNQCFGJ-UHFFFAOYSA-N,FFLKPRMUNQCFGJ,eval_set_herg_60.csv,,
CC(=O)c1ccc(NC(=O)CN2CCC(NC(=O)C3CCCCC3)CC2)cc1,Non-blocker,Blocker,FFSYLZQGKTWBHF-UHFFFAOYSA-N,FFSYLZQGKTWBHF,PubChem,3220807,
O=C1N=c2ccccc2=[N+]1CCC[NH+]1CCC([N+]2=c3ccc(Cl)cc3=NC2=O)CC1,Non-blocker,Blocker,FFWLPSTYHBXBAE-UHFFFAOYSA-O,FFWLPSTYHBXBAE,eval_set_herg_60.csv,,
Clc1ccc(-n2c(-c3cnc(N4CCNCC4)o3)nc3ccncc32)cc1,Blocker,Blocker,FGEUFBBIOSZEBO-UHFFFAOYSA-N,FGEUFBBIOSZEBO,eval_set_herg_70.csv,,
O=[P@]1(Oc2ccccc2)OCCCS1,Non-blocker,Non-blocker,FGWCOYFJDUWMFN-CYBMUJFWSA-N,FGWCOYFJDUWMFN,PubChem,1898386,
CC(=O)CNC(=O)C1CCC(c2nc(-c3cccc(Br)c3)c[nH]2)CC1,Blocker,Blocker,FHTXCGJNDDPSQI-UHFFFAOYSA-N,FHTXCGJNDDPSQI,eval_set_herg_60.csv,,
COc1ccc(C(=O)c2c3ccccc3[n+]([O-])n2CCCN)cc1,Blocker,Non-blocker,FHWHZPXTGJSPSM-UHFFFAOYSA-N,FHWHZPXTGJSPSM,PubChem,24979715,
Cc1cc2c3c([n+](C)c4ccc(F)cc4c3c1)-c1cc(F)ccc1N2C,Blocker,Blocker,FJUYVGXXNUNWDT-UHFFFAOYSA-N,FJUYVGXXNUNWDT,eval_set_herg_60.csv,,
O=C(NCCc1ccccn1)[C@@H]1Cc2ccccc2CN1S(=O)(=O)c1ccc2ccccc2c1,Non-blocker,Non-blocker,FJWYRXZZNJNXER-SANMLTNESA-N,FJWYRXZZNJNXER,eval_set_herg_60.csv,,
O=[N+]([O-])c1ccc2nc(N3CCCC3)sc2c1,Non-blocker,Non-blocker,FKAKUGJMKRLVJR-UHFFFAOYSA-N,FKAKUGJMKRLVJR,PubChem,693993,
COC(=O)N1CC[C@H](N(Cc2cccc(F)c2F)c2ccc(C#N)c(Cl)c2)C1,Non-blocker,Blocker,FKSOCJRHXHEXDT-INIZCTEOSA-N,FKSOCJRHXHEXDT,eval_set_herg_60.csv,,
N[C@H]1CN(Cc2ccc(-c3csnn3)cc2)C[C@H]1C(=O)N1CCCC1,Non-blocker,Blocker,FLSQVTUPJGNXGP-CVEARBPZSA-N,FLSQVTUPJGNXGP,eval_set_herg_70.csv,,
C[C@@H](OC(=O)c1cccc(N2C(=O)c3ccccc3C2=O)c1)C(=O)Nc1ccc(N(C)C)cc1,Non-blocker,Non-blocker,FMBWZNXIWJUOLF-MRXNPFEDSA-N,FMBWZNXIWJUOLF,PubChem,3407698,
O=C(O)C[C@H]1S/C(=N/N=C/c2ccc(-c3ccc(Cl)c([N+](=O)[O-])c3)o2)NC1=O,Non-blocker,Non-blocker,FMMVOQOHIRLJRS-BPGOPIFBSA-N,FMMVOQOHIRLJRS,PubChem,135460572,
O=C(/C=C/c1ccco1)N1CCN(S(=O)(=O)/C=C/c2ccccc2)CC1,Non-blocker,Non-blocker,FNEJMNOWECBJGD-OFZPYADDSA-N,FNEJMNOWECBJGD,PubChem,2674585,
O=c1[nH]c(Nc2cc(Cl)cc(Cl)c2)nc2cccc(O)c12,Blocker,Blocker,FNLVTYGPKQQKMP-UHFFFAOYSA-N,FNLVTYGPKQQKMP,data_herg_dev,CHEMBL4761264,
Cc1occc1C(=O)NNC(=O)c1ccccc1Br,Non-blocker,Non-blocker,FNPSLCTXGUGSLA-UHFFFAOYSA-N,FNPSLCTXGUGSLA,PubChem,730167,
CCOc1ccc(NS(=O)(=O)c2ccc(C)c(C(=O)N3CCO[C@H](c4ccc(F)cc4)C3)c2)cc1,Non-blocker,Non-blocker,FNRMQXKIOYLKTO-VWLOTQADSA-N,FNRMQXKIOYLKTO,eval_set_herg_60.csv,,
CCN1CC2(COC)CCC(O)C34C5CC6C(OC)CC(O)(C5C6O)C(C(O)C23)C14,Non-blocker,Non-blocker,FNRMXORIKJLSGX-UHFFFAOYSA-N,FNRMXORIKJLSGX,eval_set_herg_70.csv,,
Cc1ccc(/C=N/Nc2nc(N3CCCCC3)nc(N3CCCCC3)n2)o1,Non-blocker,Non-blocker,FNSOKQUJLPEXHD-XSFVSMFZSA-N,FNSOKQUJLPEXHD,PubChem,5721465,
COc1cccc(NC(=O)c2nn([C@]34C[C@H]5C[C@H](C[C@H](C5)C3)C4)cc2[N+](=O)[O-])c1,Non-blocker,Non-blocker,FNWZABHTRYLBCB-FZUGUKJMSA-N,FNWZABHTRYLBCB,PubChem,4301753,
Nc1nc(N)c2nc(-c3ccccc3)c(N)nc2n1,Non-blocker,Non-blocker,FNYLWPVRPXGIIP-UHFFFAOYSA-N,FNYLWPVRPXGIIP,data_herg_dev,CHEMBL585,
COc1cccc(CC(=O)N=c2[nH]c3ccccc3[nH]2)c1,Non-blocker,Blocker,FOBBCJJJRMLXBO-UHFFFAOYSA-N,FOBBCJJJRMLXBO,PubChem,2081692,
Clc1ccccc1OCCn1cccc1/C=N/Nc1nc2ccccc2s1,Non-blocker,Non-blocker,FOSNNOYXDSEAMD-HYARGMPZSA-N,FOSNNOYXDSEAMD,PubChem,6891819,
CC(C)(C)NC(=O)C(=O)NNC(=O)c1ccc(C(C)(C)C)cc1,Blocker,Blocker,FOVXCIPEAIIQEH-UHFFFAOYSA-N,FOVXCIPEAIIQEH,PubChem,3108506,
CCN1C[C@]2(COC)CC[C@H](O)C34C1C([C@H](OC)[C@@H]32)[C@@]1(O)[C@@H](O)[C@H](OC)C2C[C@@H]4[C@@H]1[C@H]2O,Non-blocker,Non-blocker,FPECZWKKKKZPPP-JIHBGUTISA-N,FPECZWKKKKZPPP,eval_set_herg_70.csv,,
Cc1ccc(NC(=O)CN2C(=O)[C@@H]3[C@H](C2=O)[C@H]2C=C[C@@H]3C2)cc1S(=O)(=O)N(C)C,Non-blocker,Non-blocker,FPEJIUUKXBNUCO-VUWOVVPOSA-N,FPEJIUUKXBNUCO,PubChem,4208042,
Cc1ccnc(NS(=O)(=O)Cc2ccccc2)c1,Non-blocker,Non-blocker,FPWXPXBDWQXIFV-UHFFFAOYSA-N,FPWXPXBDWQXIFV,PubChem,743631,
Cc1cccc(C)c1NC(=O)C1CCCC[N+]1CC1CC1,Non-blocker,Non-blocker,FPYCEXHFFXGXBX-UHFFFAOYSA-N,FPYCEXHFFXGXBX,eval_set_herg_60.csv,,
C[N+]1C2CCC1C(C(=O)[O-])C(OC(=O)c1ccccc1)C2,Non-blocker,Non-blocker,FQMKIHAIJVUQMW-UHFFFAOYSA-M,FQMKIHAIJVUQMW,eval_set_herg_60.csv,,
CS(=O)(=O)Nc1ccc(OCC(=O)N2CCN(c3ccc(Cl)c(Cl)c3)CC2)cc1,Non-blocker,Blocker,FQRJEVZKXXYICG-UHFFFAOYSA-N,FQRJEVZKXXYICG,eval_set_herg_60.csv,,
C[N+]1CCCCC1c1c(-c2ccccc2)[nH]c2ccccc12,Blocker,Blocker,FRVUOTVOYLJPCA-UHFFFAOYSA-N,FRVUOTVOYLJPCA,eval_set_herg_60.csv,,
CCC(COC(=O)c1cc(OC)c(OC)c(OC)c1)(c1ccccc1)N(C)C.O=C(O)/C=C\C(=O)O,Non-blocker,Non-blocker,LORDFXWUHHSAQU-UHFFFAOYSA-N,FSRLGULMGJGKGI,eval_set_herg_70.csv,,
O=C(CN1C(=O)C2(CCCCC2)OC1c1cc(F)cc(F)c1)Nc1ccc2c(c1)C[C@@]1(C2)C(=O)Nc2ncccc21,Non-blocker,Non-blocker,FSYBENFNTMFBSX-DINWUYGQSA-N,FSYBENFNTMFBSX,eval_set_herg_70.csv,,
O=C(O)CCSc1ncnc2sc(-c3ccccc3)cc12,Non-blocker,Blocker,FSYCCAGLTIXHAB-UHFFFAOYSA-N,FSYCCAGLTIXHAB,PubChem,1277376,
O=C1CC(c2ccc(O)cc2)Oc2cc(O)cc(O)c21,Non-blocker,Non-blocker,FTVWIRXFELQLPI-UHFFFAOYSA-N,FTVWIRXFELQLPI,eval_set_herg_70.csv,,
CCOc1ccc(N2Nc3[nH]nc(N)c3N2)cc1,Non-blocker,Blocker,FUDDSTYMFRJTBK-UHFFFAOYSA-N,FUDDSTYMFRJTBK,PubChem,1237001,
N#Cc1ccc2c(c1)CCC2N1C[C@H](N)[C@H](C(=O)N2CCC[C@H]2C#N)C1,Non-blocker,Blocker,FUERRNCGMWRRBE-WSQYJPPESA-N,FUERRNCGMWRRBE,eval_set_herg_60.csv,,
Cc1ccc(OCc2nnc(N)s2)cc1C,Non-blocker,Non-blocker,FUGZFUYAEFQGEK-UHFFFAOYSA-N,FUGZFUYAEFQGEK,PubChem,685559,
Cc1cccc(N(C)C(=S)Oc2ccc3ccccc3c2)c1,Blocker,Blocker,FUSNMLFNXJSCDI-UHFFFAOYSA-N,FUSNMLFNXJSCDI,data_herg_dev,,5510
CNCCc1ccccn1.CS(=O)(=O)O,Blocker,Blocker,UUQMNUMQCIQDMZ-UHFFFAOYSA-N,FUWLKZQYMWTFBA,data_herg_dev,,6420033
O=c1[nH]c2ccccc2cc1-c1cc2cc(S(=O)(=O)N[C@@H]3CCNC3)ccc2[nH]1,Blocker,Blocker,FUZZKPYNTCKKSN-OAHLLOKOSA-N,FUZZKPYNTCKKSN,PubChem,5329383,14698157
CC(c1ccc([N+](=O)[O-])cc1)N1C[C@H](N)[C@H](C(=O)N2CCCC2)C1,Non-blocker,Non-blocker,FVEPPGNZFFPAJK-AGIABQAESA-N,FVEPPGNZFFPAJK,eval_set_herg_60.csv,,
C=CC(=O)N1C[C@@H]2C[C@H]1CN2c1ccc(C(N)=O)c(Oc2ccc(Oc3ccccc3)cc2)n1,Blocker,Blocker,FVEYIFISRORTDD-ROUUACIJSA-N,FVEYIFISRORTDD,PubChem,122513214,30122225
Cc1cccc(OCC(=O)NCC(C)(C)N2CCOCC2)c1,Non-blocker,Blocker,FWCCXWOTXUNFAM-UHFFFAOYSA-N,FWCCXWOTXUNFAM,PubChem,4792390,
COc1ccc(-n2cc(CN(C)[C@H](C)c3ccncn3)c(-c3cccc(F)c3)n2)cc1,Non-blocker,Non-blocker,FWCRHJYCKFZIAA-QGZVFWFLSA-N,FWCRHJYCKFZIAA,PubChem,16187255,
O=[N+]([O-])c1cccnc1NCc1cccs1,Non-blocker,Non-blocker,FXDAEWOXEHMLTC-UHFFFAOYSA-N,FXDAEWOXEHMLTC,PubChem,2800353,
O=C(OCc1nc2ccc(Cl)cc2n1CCO)c1ccc(O)cc1,Non-blocker,Non-blocker,FXEZSCODTKHQGT-UHFFFAOYSA-N,FXEZSCODTKHQGT,PubChem,4879552,
O=C(NCCCN1CCCC1)c1ccc(CS(=O)(=O)c2c(Cl)cccc2Cl)o1,Non-blocker,Non-blocker,FXJGXOWVTBPQEE-UHFFFAOYSA-N,FXJGXOWVTBPQEE,PubChem,20859756,
Cc1cccc(-c2nnc([C@@H](C)Nc3cccc(C(=O)NC4CC4)c3)o2)c1,Non-blocker,Blocker,FXOGZPFFQBASQB-CQSZACIVSA-N,FXOGZPFFQBASQB,PubChem,16299658,
CN(C)CCCNS(=O)(=O)c1ccc(N2CCC(c3ccc(Cl)cc3)=N2)cc1,Non-blocker,Blocker,FXYFDLSNCLJHMY-UHFFFAOYSA-N,FXYFDLSNCLJHMY,PubChem,2837694,
C[C@@H]1CC[C@H]2[C@@H](C)[C@@H](CC(=O)Nc3ccc(Cl)c(-c4ccccn4)c3)O[C@@H]3O[C@@]4(C)CC[C@@H]1[C@@]23OO4,Non-blocker,Non-blocker,FYBFXVILVGDINR-WSGLMESZSA-N,FYBFXVILVGDINR,data_herg_dev,,134142019
Cc1nn(C)cc1CNCc1c(C(=O)N2CCCCC2)nc2c(C)cccn12,Non-blocker,Non-blocker,FYFBDERHNGTKSD-UHFFFAOYSA-N,FYFBDERHNGTKSD,PubChem,16187575,
O=C(c1ccc(Cl)c(C(F)(F)F)c1)N1CCN(c2cc(=O)[nH]c(=O)n2Cc2ccc(OS(=O)(=O)c3cccc4cnccc34)cc2)CC1,Blocker,Non-blocker,FYNZNIRXAODRQU-UHFFFAOYSA-N,FYNZNIRXAODRQU,data_herg_dev,CHEMBL3741159,
CCOC(=O)CCN(SN(C)C(=O)Oc1cccc2c1OC(C)(C)C2)C(C)C,Blocker,Non-blocker,FYZBOYWSHKHDMT-UHFFFAOYSA-N,FYZBOYWSHKHDMT,data_herg_dev,,54886
CCOC(=O)N1CCN(C(=O)c2cn(CC(C)C)c(=O)c3c2c2ccccc2n3C)CC1,Non-blocker,Non-blocker,FZFFTCXHYOEUBD-UHFFFAOYSA-N,FZFFTCXHYOEUBD,PubChem,3243588,
Cc1nn(Cc2c(F)c(F)c(F)c(F)c2F)c(C)c1NC(=O)c1cccc(COc2ccc(Cl)cc2)c1,Blocker,Non-blocker,FZHMFUGXAAQGRH-UHFFFAOYSA-N,FZHMFUGXAAQGRH,PubChem,5075158,
COc1cc(Oc2ccncc2CN(C)C)ccc1SC,Blocker,Blocker,FZTUKFZQAANKSG-UHFFFAOYSA-N,FZTUKFZQAANKSG,eval_set_herg_60.csv,,
[H]/N=C(\N)SCCc1ccc(CCS/C(N)=N/[H])cc1,Blocker,Non-blocker,FZWGDUUJDZCYJR-UHFFFAOYSA-N,FZWGDUUJDZCYJR,PubChem,11957667,
COc1ccccc1NS(=O)(=O)c1cccc(C(=O)N/N=C/c2ccc(N3CCOCC3)cc2)c1,Non-blocker,Non-blocker,GADAZWFVXMXGHE-NLRVBDNBSA-N,GADAZWFVXMXGHE,PubChem,6900331,
O=S(=O)(NCc1nnc2c(C(F)(F)F)cc(Cl)cn12)c1ccccc1,Non-blocker,Non-blocker,GADCVLZPLLMOTL-UHFFFAOYSA-N,GADCVLZPLLMOTL,PubChem,7693535,
CC(=O)Oc1c(Sc2ccccc2[N+](=O)[O-])c(C)nn1C(C)(C)C,Non-blocker,Non-blocker,GAFJIGVVQLCBPY-UHFFFAOYSA-N,GAFJIGVVQLCBPY,PubChem,756445,
c1ccc(C2(c3ccccc3)CC2C2=[NH+]CC[N]2)cc1,Blocker,Non-blocker,GAQHCFHAMKAGOE-UHFFFAOYSA-O,GAQHCFHAMKAGOE,eval_set_herg_60.csv,,
COC[C@H](CCc1ccc(Cl)c(Cl)c1)N1Cc2ccc(F)cc2C1,Blocker,Blocker,GAVBLSFCTDBORN-KRWDZBQOSA-N,GAVBLSFCTDBORN,eval_set_herg_60.csv,,
CC1(C)CCC(N2CCC3(CC2)C(=O)NCN3c2ccccc2)c2cc(Cl)c(Cl)cc21,Blocker,Non-blocker,GAXICRLQZFWIKP-UHFFFAOYSA-N,GAXICRLQZFWIKP,data_herg_dev,CHEMBL393980,
Cc1cc(-c2c(Cl)cc(Cl)cc2OCCCC(F)(F)F)nc(N)n1,Blocker,Non-blocker,GBFWYMWIESHQSG-UHFFFAOYSA-N,GBFWYMWIESHQSG,data_herg_dev,CHEMBL1774835,
CO[C@@H](C)c1c(NC(=O)Nc2cnc(-n3nccn3)c(Cl)c2)cnc2cc(Cl)nn12,Non-blocker,Non-blocker,GBIASRXDYFFUED-VIFPVBQESA-N,GBIASRXDYFFUED,data_herg_dev,CHEMBL4748253,
COc1cc(O)c(C(=O)Nc2nc(C(=O)N(CCN(C(C)C)C(C)C)C(=O)c3cscn3)cs2)cc1OC,Non-blocker,Non-blocker,GBNIPMMBTXPOHB-UHFFFAOYSA-N,GBNIPMMBTXPOHB,eval_set_herg_60.csv,,
CCCC[Sn](Cl)(CCCC)CCCC,Non-blocker,Blocker,GCTFWCDSFPMHHS-UHFFFAOYSA-M,GCTFWCDSFPMHHS,eval_set_herg_70.csv,,
COC(=O)CC1=NN(c2nc(C)cc(C)n2)C(=O)C1,Non-blocker,Non-blocker,GEIGROSBPKCYRF-UHFFFAOYSA-N,GEIGROSBPKCYRF,PubChem,2989848,
COc1ccc(CCn2ncc(C(=O)c3ccc(C)c(C)c3)n2)cc1,Non-blocker,Non-blocker,GFAWLUIEPMDUPY-UHFFFAOYSA-N,GFAWLUIEPMDUPY,eval_set_herg_60.csv,,
Cc1ccc(C(=O)O/N=C/C2=C(Cl)c3ccccc3CC2)cc1,Non-blocker,Non-blocker,GFCVKSYILXHGEA-CIAFOILYSA-N,GFCVKSYILXHGEA,PubChem,9668050,
COCc1cc(CN(C)C(=O)c2oc3c(F)cccc3c2C)[nH]n1,Blocker,Non-blocker,GGRIKSORTXKOCP-UHFFFAOYSA-N,GGRIKSORTXKOCP,PubChem,24818861,
O=S1(=O)CCN(c2ccccc2CC(c2c[nH]c3ccccc23)c2c[nH]c3ccccc23)CC1,Non-blocker,Blocker,GGRMGYJJBCRHKM-UHFFFAOYSA-N,GGRMGYJJBCRHKM,PubChem,235012,
CC(C)c1ccc2c(c1)C(=O)C1(CCN(CC3CC3)CC1)N2,Blocker,Blocker,GHIRBTDTNWKUID-UHFFFAOYSA-N,GHIRBTDTNWKUID,data_herg_dev,CHEMBL4641459,
CCCOc1ccc(N2C(=O)C[C@@H](N(Cc3ccc(S(N)(=O)=O)cc3)C(=O)CC)C2=O)cc1,Non-blocker,Non-blocker,GHKCSIBLMLLHTB-HXUWFJFHSA-N,GHKCSIBLMLLHTB,PubChem,660616,
CN1Cc2cccc(Oc3ncccc3NC(=O)Nc3ccc(OC(F)(F)F)cc3)c2C1C(C)(C)C,Non-blocker,Blocker,GHKPMDDCMGRGGC-UHFFFAOYSA-N,GHKPMDDCMGRGGC,CUPID,CUPID,
CCOc1ccc(NS(=O)(=O)c2cccc(C(=O)N(C)Cc3nc4ccccc4s3)c2)cc1,Non-blocker,Blocker,GHQOKQYRSPUTQP-UHFFFAOYSA-N,GHQOKQYRSPUTQP,eval_set_herg_60.csv,,
O=C(CN1C(=O)[C@@H]2CCCC[C@H]2C1=O)OCc1nnc(-c2ccccc2)o1,Non-blocker,Non-blocker,GIGZCJMRLOCWIU-ZIAGYGMSSA-N,GIGZCJMRLOCWIU,PubChem,4233572,
CCOc1ccc(NC(=O)Nc2ccon2)cc1,Non-blocker,Non-blocker,GIHDMQMFIXBPEL-UHFFFAOYSA-N,GIHDMQMFIXBPEL,PubChem,6464671,
Cc1cc(-c2ccc(C)c(S(=O)(=O)NCCN3CCC(C)CC3)c2)on1,Non-blocker,Non-blocker,GIQHCIZZMPJRTC-UHFFFAOYSA-N,GIQHCIZZMPJRTC,PubChem,20935781,
Cc1ccc(C(=O)NCc2ccco2)cc1Br,Non-blocker,Non-blocker,GIVCCVDSSLCUQW-UHFFFAOYSA-N,GIVCCVDSSLCUQW,PubChem,935017,
Cc1[nH]c2ccccc2c1C(=O)CN1CCC(C)CC1,Non-blocker,Non-blocker,GJUXIAJLOGPNCR-UHFFFAOYSA-N,GJUXIAJLOGPNCR,PubChem,919704,
COc1ccc(CCN2C(=O)CS/C2=N\NC(=O)c2cccs2)cc1OC,Non-blocker,Non-blocker,GJZLSTBDIMNAKD-ZZEZOPTASA-N,GJZLSTBDIMNAKD,PubChem,9595199,
Cc1cc(C(=O)OCC(=O)N2c3ccccc3C[C@H]2C)c(C)o1,Non-blocker,Non-blocker,GKTOPKOFHOFTFU-LLVKDONJSA-N,GKTOPKOFHOFTFU,PubChem,2997857,
N#C[C@@H]1CCCN1C(=O)[C@@H]1CN(C2CCOc3ccccc32)C[C@@H]1N,Non-blocker,Non-blocker,GKUBXAODDPGLFL-FZVDNZMDSA-N,GKUBXAODDPGLFL,eval_set_herg_60.csv,,
COc1ccc(-c2cc(C(=O)/N=C3\NCCS3)c3ccccc3n2)cc1OC,Non-blocker,Non-blocker,GKWRDKNGWXNNSU-UHFFFAOYSA-N,GKWRDKNGWXNNSU,PubChem,2365279,
O=C(O)c1ccc2c(c1)nnn2C1CCCCC1,Non-blocker,Non-blocker,GLIAIPXYMCWRTG-UHFFFAOYSA-N,GLIAIPXYMCWRTG,PubChem,653819,
Cc1c(O)c(=O)ccn1-c1ccc(OCCCN2CCCC2)cc1,Blocker,Non-blocker,GLYIJXKREAPDJO-UHFFFAOYSA-N,GLYIJXKREAPDJO,eval_set_herg_60.csv,,
O=C(c1cc(F)c(F)cc1Cl)N1CCCc2ccccc21,Non-blocker,Non-blocker,GLZFHOGTCIRQTN-UHFFFAOYSA-N,GLZFHOGTCIRQTN,PubChem,790863,
c1ccc(CCc2cn(C[C@H]3CC[C@@H]([C@@H]4CC[C@H](Cn5cc(CCc6ccccc6)nn5)O4)O3)nn2)cc1,Non-blocker,Non-blocker,GLZSSDRBORHFKW-XAZDILKDSA-N,GLZSSDRBORHFKW,PubChem,23731396,
O=C([O-])COCC[N+]1CC[N+](C(c2ccccc2)c2ccc(Cl)cc2)CC1,Blocker,Non-blocker,GMJFZBHEMFCZIR-UHFFFAOYSA-M,GMJFZBHEMFCZIR,eval_set_herg_60.csv,,
CN[C@@H](C)[C@H]1[C@H](O)CC2(C)[C@@H]3CC[C@H]4C(C)(C)[C@@H](NC)CCC45CC35CC[C@]12C,Non-blocker,Non-blocker,GMNAPBAUIVITMI-BDKDDEIASA-N,GMNAPBAUIVITMI,eval_set_herg_60.csv,,
C=C1/C(=C\C=C2/CCC[C@@]3(C)[C@H]2CC[C@@H]3[C@H](C)CCCC(C)(C)O)C[C@@H](O)C[C@@H]1O,Non-blocker,Non-blocker,GMRQFYUYWCNGIN-NKMMMXOESA-N,GMRQFYUYWCNGIN,eval_set_herg_70.csv,,
Cc1nc(N2CCOCC2)nc(N2CCCCC2)c1[N+](=O)[O-],Non-blocker,Non-blocker,GMZKKELVJFEXPW-UHFFFAOYSA-N,GMZKKELVJFEXPW,PubChem,2910762,
O=S(=O)(c1ccc(F)cc1)N1CCc2nc(OC3CCN(C4CCC4)CC3)ccc2C1,Non-blocker,Blocker,GNHCIEJXXWVTRN-UHFFFAOYSA-N,GNHCIEJXXWVTRN,eval_set_herg_60.csv,,
CN1C[C@H]2CCN(c3ccc(-c4ccc(-n5ncccc5=O)cc4)cc3)[C@H]2C1,Blocker,Blocker,GNIRITULTPTAQW-KNQAVFIVSA-N,GNIRITULTPTAQW,PubChem,24743471,28797771
C[C@@H]1CCCC[C@@]12NC(=O)N(CC(=O)NCc1ccccc1Cl)C2=O,Non-blocker,Non-blocker,GNJQTAQYUMHNGE-KZULUSFZSA-N,GNJQTAQYUMHNGE,PubChem,4673479,
CC(=O)c1ccc(S(=O)(=O)Nc2ccc(N3CCOCC3)cc2)cc1,Non-blocker,Non-blocker,GNOMIQANUINIGR-UHFFFAOYSA-N,GNOMIQANUINIGR,PubChem,2118303,
COc1ccc(Cl)cc1C(=O)NNC(=O)COC(=O)C[C@@H](NC(C)=O)c1ccccc1,Non-blocker,Non-blocker,GNYGNFGWSPLACP-QGZVFWFLSA-N,GNYGNFGWSPLACP,PubChem,24687188,
N#Cc1cnc(Nc2cc(N)ncn2)s1,Blocker,Blocker,GPLUDMKPTRXKRC-UHFFFAOYSA-N,GPLUDMKPTRXKRC,eval_set_herg_70.csv,,
CCOc1cc(CNC(C)C(O)c2ccccc2)cc(Cl)c1OCC,Non-blocker,Blocker,GPNXIOHGRPOPIQ-UHFFFAOYSA-N,GPNXIOHGRPOPIQ,data_herg_dev,CHEMBL1619026,
COc1ccc(S(=O)(=O)N2CCN(Cc3cccnc3)CC2)cc1,Non-blocker,Non-blocker,GPSRTHRZQOONCJ-UHFFFAOYSA-N,GPSRTHRZQOONCJ,PubChem,828758,
C[NH+]1CCc2cc3c(cc2C(=O)Cc2ccc4c(c2C1)OCO4)OCO3,Non-blocker,Non-blocker,GPTFURBXHJWNHR-UHFFFAOYSA-O,GPTFURBXHJWNHR,eval_set_herg_70.csv,,
CCOC(=O)[C@@](NC(=O)c1ccc(OC)cc1)(OCC1(CC)COC1)C(F)(F)F,Non-blocker,Non-blocker,GQCGTXANJCXGEY-GOSISDBHSA-N,GQCGTXANJCXGEY,PubChem,658205,
Cc1cccc(N2C(=O)[C@H]3C[C@H]3C2=O)c1,Non-blocker,Non-blocker,GQKBFLIMLYQFOR-AOOOYVTPSA-N,GQKBFLIMLYQFOR,PubChem,3727884,
CCc1cccc(C)c1NC(=O)CN1C(=O)N[C@H](Cc2ccccc2)C1=O,Non-blocker,Non-blocker,GQMUBGWEFRSNFE-QGZVFWFLSA-N,GQMUBGWEFRSNFE,PubChem,3929571,
C/C1=C\[C@H](C)C[C@H](C)OC(=O)C[C@H](c2ccc(O)cc2)NC(=O)[C@@H](Cc2c(Br)[nH]c3ccccc23)N(C)C(=O)[C@H](C)NC(=O)[C@H](C)C1,Non-blocker,Non-blocker,GQWYWHOHRVVHAP-HZIRKPFGSA-N,GQWYWHOHRVVHAP,eval_set_herg_60.csv,,
CCCCn1c(N)c(N(CCC(C)C)C(=O)c2sc3nc4n(c(=O)c3c2C)CCC4)c(=O)[nH]c1=O,Non-blocker,Non-blocker,GSTRKPAFIXVREI-UHFFFAOYSA-N,GSTRKPAFIXVREI,PubChem,24818197,
CCOC(=O)c1sc(/N=C/c2ccc(O)cc2O)cc1C,Non-blocker,Non-blocker,GSXYVHWRDWQGOJ-LZYBPNLTSA-N,GSXYVHWRDWQGOJ,PubChem,135521632,
COc1ccc(CCNS(=O)(=O)c2cc(C(=O)O)c(Cl)cc2Cl)cc1,Blocker,Non-blocker,GTIRTRWMHRGQSY-UHFFFAOYSA-N,GTIRTRWMHRGQSY,PubChem,2119414,
Cc1cc(C)n2nc(C(=O)OCC(=O)c3ccc(F)cc3)nc2n1,Non-blocker,Non-blocker,GTPQDUKIEGZDSF-UHFFFAOYSA-N,GTPQDUKIEGZDSF,PubChem,7862895,
CSc1ncc2nc([C@H](O)c3ccccc3)[nH]c2n1,Non-blocker,Non-blocker,GTRCHOWLVXZROM-SNVBAGLBSA-N,GTRCHOWLVXZROM,PubChem,256042,
O=C(O)C=C(CC(=O)O)C(=O)O,Non-blocker,Non-blocker,GTZCVFVGUGFEME-UHFFFAOYSA-N,GTZCVFVGUGFEME,PubChem,309,
CC(C)N1CCN(C2CSCCSC2)C[C@H]1CCO,Non-blocker,Non-blocker,GUDLXTFNNCOYNM-CYBMUJFWSA-N,GUDLXTFNNCOYNM,PubChem,16190117,
C[C@H](C(=O)O)c1ccc(C(=O)c2ccccc2)s1,Non-blocker,Blocker,GUHPRPJDBZHYCJ-VIFPVBQESA-N,GUHPRPJDBZHYCJ,eval_set_herg_60.csv,,
C=C1CC23CC4C5C6(C)CC(C(=O)OC)CC57C2C(O)C1C(C(=O)OC)C3(O)C7N4C6,Blocker,Non-blocker,GUVKALIOCDHSBZ-UHFFFAOYSA-N,GUVKALIOCDHSBZ,eval_set_herg_60.csv,,
CN(c1ccccc1)S(=O)(=O)c1ccc(NC(=O)c2nc(S(C)(=O)=O)ncc2Cl)cc1,Non-blocker,Non-blocker,GVDDPQRQWABRJN-UHFFFAOYSA-N,GVDDPQRQWABRJN,PubChem,16012865,
CC(=O)Oc1ccc2c3c1O[C@H]1[C@@H](OC(C)=O)C=C[C@H]4[C@@H](C2)N(C)CC[C@]314,Blocker,Non-blocker,GVGLGOZIDCSQPN-PVHGPHFFSA-N,GVGLGOZIDCSQPN,eval_set_herg_70.csv,,
CCCN1[C@@H]2CCC[C@H]1C[C@H](NC(=O)c1cccc(Cl)c1)C2,Blocker,Non-blocker,GVPMEJDOHTYMEW-OSYLJGHBSA-N,GVPMEJDOHTYMEW,PubChem,3217984,
COc1ccc(Oc2nc3c(c(=O)n(C)c(=O)n3C)n2C)cc1,Non-blocker,Non-blocker,GWBNWRNVIHHFRS-UHFFFAOYSA-N,GWBNWRNVIHHFRS,PubChem,915026,
COc1ccc(CN(C[C@H]2CC[C@H](C(=O)O)CC2)C(=S)Nc2ccccc2OC)cc1,Non-blocker,Non-blocker,GWTFPMQVFXBOOD-UAPYVXQJSA-N,GWTFPMQVFXBOOD,PubChem,16189605,
O=C(OCC(=O)N1CCCc2ccccc21)c1cccc(S(=O)(=O)N2CCOCC2)c1,Non-blocker,Non-blocker,GWZPAZUVQCKYLX-UHFFFAOYSA-N,GWZPAZUVQCKYLX,PubChem,16521670,
CN(C)C[C@H]1CCc2cc(NC(=O)c3ccc(-c4ccc(F)cc4)cc3)ccc2C1,Blocker,Blocker,GXAQELJVODWLDD-SFHVURJKSA-N,GXAQELJVODWLDD,eval_set_herg_60.csv,,
CCOc1ccc(NC(=O)c2ccc3c(c2)CCN3S(C)(=O)=O)cc1,Non-blocker,Blocker,GXNSLDYOGYMHFQ-UHFFFAOYSA-N,GXNSLDYOGYMHFQ,PubChem,1085725,
Cc1cc2cc(CCNC(=O)c3cccc([N+](=O)[O-])c3)c(=O)[nH]c2cc1C,Non-blocker,Non-blocker,GYCARQRQTJZMGN-UHFFFAOYSA-N,GYCARQRQTJZMGN,PubChem,4083397,
CCc1nc(C)cn2nc(-c3cc(=O)n4cc(C5CCN(C)CC5)cc(C)c4n3)cc12,Blocker,Blocker,GYFRQCMDLBNZSF-UHFFFAOYSA-N,GYFRQCMDLBNZSF,CUPID,89741565,30044619
CCCCC(CC)C(=O)OCCOCCOCCOCCOC(=O)C(CC)CCCC,Non-blocker,Non-blocker,GYHPTPQZVBYHLC-UHFFFAOYSA-N,GYHPTPQZVBYHLC,data_herg_dev,,28999
COc1ccc(NC(=O)c2cccs2)c([N+](=O)[O-])c1,Non-blocker,Non-blocker,GYJDWRGHZAYMSR-UHFFFAOYSA-N,GYJDWRGHZAYMSR,PubChem,574268,
CCC(C)(C)NC(=O)[C@@H](c1ccco1)N(C(=O)CNC(=O)c1cccs1)c1cccnc1,Non-blocker,Non-blocker,GYTJISHWWXBYNU-HXUWFJFHSA-N,GYTJISHWWXBYNU,PubChem,3215310,
Cc1ccccc1NC(=S)N1CCOCC1,Non-blocker,Non-blocker,GYUXEKCEGBXHAJ-UHFFFAOYSA-N,GYUXEKCEGBXHAJ,PubChem,700015,
CNCCCOc1ccc(C)cc1OC,Non-blocker,Non-blocker,GZEHHQAEVCUZMA-UHFFFAOYSA-N,GZEHHQAEVCUZMA,PubChem,2949214,
Cc1noc(-c2ccc3c(c2)c2c(n3CCCSc3cc(F)cc(F)c3)CCCC2)n1,Blocker,Blocker,GZGZYDZBSNEDTO-UHFFFAOYSA-N,GZGZYDZBSNEDTO,data_herg_dev,CHEMBL2179510,
C(#Cc1ncn2c1COc1ccccc1-2)c1ccccc1,Blocker,Blocker,GZHRZQIKHYTBFX-UHFFFAOYSA-N,GZHRZQIKHYTBFX,data_herg_dev,CHEMBL3410207,
FC(F)(F)c1ccccc1-c1cc(C(F)(F)F)c2c(c1)=N/C(=C1\CC3(CCCCC3)ON1)N=2,Non-blocker,Non-blocker,GZINXHRSQAMEQY-ZZEZOPTASA-N,GZINXHRSQAMEQY,eval_set_herg_60.csv,,
COc1ccc(-c2c(C)oc3c(CN4CCN(CCO)CC4)c(O)ccc3c2=O)cc1OC,Blocker,Non-blocker,GZOBRNIEFUNYEM-UHFFFAOYSA-N,GZOBRNIEFUNYEM,PubChem,5389869,
CCN(CC)S(=O)(=O)c1ccc(N2CCOCC2)c(NC(=O)c2cccc(C#N)c2)c1,Non-blocker,Non-blocker,HADQBIPLYUFVCR-UHFFFAOYSA-N,HADQBIPLYUFVCR,PubChem,4834173,
Cc1oc2cc3oc(=O)c(CC(=O)O)c(C)c3cc2c1-c1ccccc1,Non-blocker,Non-blocker,HAYRZBNXGUAOJV-UHFFFAOYSA-N,HAYRZBNXGUAOJV,PubChem,906845,
Cc1csc(NC(=S)NC(=O)c2ccccc2)n1,Blocker,Blocker,HBEPPLPZWCJWJH-UHFFFAOYSA-N,HBEPPLPZWCJWJH,PubChem,1549394,
O=[S@](Cc1ccc(Br)cc1)Cc1nnc(SCc2ccc(Cl)cc2)n1-c1ccccc1,Non-blocker,Non-blocker,HCTYWNLENRYFCB-WJOKGBTCSA-N,HCTYWNLENRYFCB,PubChem,1483512,
CCOC(=O)CSc1nnc(/N=C(\O)c2cc([N+](=O)[O-])cc([N+](=O)[O-])c2)s1,Non-blocker,Non-blocker,HDCQTICIZFJLNY-UHFFFAOYSA-N,HDCQTICIZFJLNY,PubChem,4681537,
CCN(CC)Cc1c(C)[nH]c2ccc(NC(C)=O)cc2c1=O,Non-blocker,Non-blocker,HDOKWGNPIKVSEX-UHFFFAOYSA-N,HDOKWGNPIKVSEX,PubChem,321832,
NS(=O)(=O)c1cc2c(cc1C(F)(F)F)NC(Cc1ccccc1)NS2(=O)=O,Blocker,Blocker,HDWIHXWEUNVBIY-UHFFFAOYSA-N,HDWIHXWEUNVBIY,eval_set_herg_70.csv,,
ClC(Cl)Cl,Blocker,Non-blocker,HEDRZPFGACZZDS-UHFFFAOYSA-N,HEDRZPFGACZZDS,eval_set_herg_60.csv,,
CC(C)Cc1ccc([C@H](C)C(=O)O)cc1,Non-blocker,Blocker,HEFNNWSXXWATRW-JTQLQIEISA-N,HEFNNWSXXWATRW,eval_set_herg_60.csv,,
COc1ccc(C(=O)NNC(=O)[C@H]2CCCO2)cc1,Non-blocker,Non-blocker,HEIUUQGMOQAZJK-LLVKDONJSA-N,HEIUUQGMOQAZJK,PubChem,2862017,
O=C1C=C(N2CCN(c3ccccn3)CC2)C(=O)c2c(O)ccc(O)c21,Non-blocker,Blocker,HEWUHYSMTMXSKM-UHFFFAOYSA-N,HEWUHYSMTMXSKM,PubChem,376947,
Cc1nc(NC(=O)COC(=O)CCc2ccccc2)c(Cl)cc1Cl,Non-blocker,Non-blocker,HFGLAEQFSDFQIQ-UHFFFAOYSA-N,HFGLAEQFSDFQIQ,PubChem,4786926,
COc1cc2cncc(Cc3ccc(Cl)cc3)c2cc1OC,Non-blocker,Non-blocker,HFQNWJXWPXVHAD-UHFFFAOYSA-N,HFQNWJXWPXVHAD,PubChem,2723768,
Cc1nc2ccc(N)cc2s1,Non-blocker,Non-blocker,HFUJOSYKJMNSFQ-UHFFFAOYSA-N,HFUJOSYKJMNSFQ,PubChem,762831,
CCCCCCc1cc2cc(-c3csc(C=Cc4ccccc4)n3)c(=O)oc2cc1O,Blocker,Blocker,HGBMOUZLBAYJRN-UHFFFAOYSA-N,HGBMOUZLBAYJRN,data_herg_dev,CHEMBL530438,
CN(C)CCCNC(=O)c1cc(C(=O)c2ccccc2)c[nH]1,Non-blocker,Non-blocker,HGIOFYMWMGDEDF-UHFFFAOYSA-N,HGIOFYMWMGDEDF,PubChem,3371526,
O=C(O[C@H]1CN2CCC1CC2)C(O)(c1ccccc1)c1ccccc1,Blocker,Blocker,HGMITUYOCPPQLE-IBGZPJMESA-N,HGMITUYOCPPQLE,PubChem,425062,
COc1ccccc1NC(=O)COC(=O)Cn1c(C)csc1=O,Non-blocker,Non-blocker,HGYQNZVTICOZRL-UHFFFAOYSA-N,HGYQNZVTICOZRL,PubChem,24687324,
Cc1ccccc1NC(=O)CSc1nc2c(c(=O)n(C)c(=O)n2C)n1C,Non-blocker,Non-blocker,HHBTYQOGSCAOQR-UHFFFAOYSA-N,HHBTYQOGSCAOQR,PubChem,1172258,
CN(C)CCN/C=C1/C(=O)NC(=O)N(C2CCCCCC2)C1=O,Non-blocker,Non-blocker,HHGPTDHZUIICFA-QBFSEMIESA-N,HHGPTDHZUIICFA,PubChem,3811429,
Cc1ccc(C(=O)Nc2nc3c(s2)CCCC3)o1,Non-blocker,Non-blocker,HHHKLXMFVXBOOO-UHFFFAOYSA-N,HHHKLXMFVXBOOO,PubChem,841544,
O=C(COC(=O)[C@@H]1CCCC[C@H]1C(=O)N1CCc2ccccc21)NCc1ccco1,Non-blocker,Non-blocker,HHTLXNWTEWKWRD-RTBURBONSA-N,HHTLXNWTEWKWRD,PubChem,2998769,
C/C(=N\NC(=O)c1ccccc1F)c1ccccn1,Non-blocker,Non-blocker,HICWLIRXXOHZKD-LICLKQGHSA-N,HICWLIRXXOHZKD,PubChem,5335659,
Cc1ccc(C(=O)COC(=O)c2cnccn2)cc1C,Non-blocker,Non-blocker,HIKOIVKWRDMEQQ-UHFFFAOYSA-N,HIKOIVKWRDMEQQ,PubChem,761855,
CC(=O)Nc1cccc(Oc2cc(C#N)c(C#N)cc2N2CCOCC2)c1,Blocker,Non-blocker,HIUUBSLLUKNSTG-UHFFFAOYSA-N,HIUUBSLLUKNSTG,PubChem,1087089,
COC(=O)C1=CCCN(C)C1,Non-blocker,Non-blocker,HJJPJSXJAXAIPN-UHFFFAOYSA-N,HJJPJSXJAXAIPN,eval_set_herg_70.csv,,
Clc1ccc(C2(Cn3cncn3)CC(Br)CO2)c(Cl)c1,Blocker,Non-blocker,HJJVPARKXDDIQD-UHFFFAOYSA-N,HJJVPARKXDDIQD,eval_set_herg_70.csv,,
COc1ccc(C2CNC(=O)C2)cc1OC1CCCC1,Non-blocker,Non-blocker,HJORMJIFDVBMOB-UHFFFAOYSA-N,HJORMJIFDVBMOB,eval_set_herg_60.csv,,
CC(=O)Nc1nnc(SCC(=O)N2CCN(Cc3ccccc3)CC2)s1,Non-blocker,Non-blocker,HJQHVFMHJOJCJB-UHFFFAOYSA-N,HJQHVFMHJOJCJB,PubChem,980314,
CS(=O)(=O)Nc1ccc(OCC(=O)NCCCc2ccc(Cl)c(Cl)c2)cc1,Non-blocker,Non-blocker,HJWGMEHOJPIGHZ-UHFFFAOYSA-N,HJWGMEHOJPIGHZ,eval_set_herg_60.csv,,
COc1ccccc1N1CCN(CC(=O)Nc2c(C)n(C)n(-c3ccccc3)c2=O)CC1,Non-blocker,Non-blocker,HJWUOPKHXQOPPU-UHFFFAOYSA-N,HJWUOPKHXQOPPU,PubChem,16195948,
COc1cccc(/C=C/C(=O)OCC(=O)Nc2ccc(Cl)cn2)c1,Non-blocker,Blocker,HKHJDRLUNHFLSB-VMPITWQZSA-N,HKHJDRLUNHFLSB,PubChem,2096398,
Cc1c(CC(=O)O)c2cc(F)ccc2n1S(=O)(=O)c1ccc(S(C)(=O)=O)cc1,Non-blocker,Non-blocker,HKLGBZGYRPIFOH-UHFFFAOYSA-N,HKLGBZGYRPIFOH,eval_set_herg_60.csv,,
CCN1CC2(C)CCC(O)C34C5CC6C(OC)CC(O)(C(CC23)C14)C5C6O,Non-blocker,Non-blocker,HKQZUYOVMYOFIT-UHFFFAOYSA-N,HKQZUYOVMYOFIT,eval_set_herg_70.csv,,
COc1ccc(CCCOC(Cn2ccnc2)c2ccc(OC)cc2)cc1,Non-blocker,Blocker,HLMBXBGDBBCYII-UHFFFAOYSA-N,HLMBXBGDBBCYII,eval_set_herg_60.csv,,
Cc1cnc(-c2ccc3c(c2)CCN(CCCSC2=NN/C(=C4/C=c5ccccc5=N4)N2C)CC3)o1,Blocker,Blocker,HLOHOIBPGQBARU-OCEACIFDSA-N,HLOHOIBPGQBARU,eval_set_herg_60.csv,,
Cc1c(CC(=O)O)c2cccnc2n1S(=O)(=O)c1ccc(F)c(F)c1,Non-blocker,Blocker,HLSYGDSWXJGENX-UHFFFAOYSA-N,HLSYGDSWXJGENX,data_herg_dev,CHEMBL563949,
C[C@@H]1C[C@@H](OC(=O)C2CCN(S(=O)(=O)c3ccc(F)cc3)CC2)C(=O)O1,Non-blocker,Non-blocker,HMAOGMJYBRJCHN-IAQYHMDHSA-N,HMAOGMJYBRJCHN,PubChem,16304329,
COCC(=O)Nc1cc(Sc2ccccc2)ccc1N/C(=N\C(=O)OC)NC(=O)OC,Non-blocker,Blocker,HMCCXLBXIJMERM-UHFFFAOYSA-N,HMCCXLBXIJMERM,PubChem,135449328,
O=C(Nc1cccc2ccccc12)c1nn([C@]23C[C@H]4C[C@H](C[C@H](C4)C2)C3)cc1Br,Blocker,Non-blocker,HMLPGTKGYVKZLD-ONHXBKDTSA-N,HMLPGTKGYVKZLD,PubChem,3436226,
CCc1nnc(SCc2cn3c(C)cc(C)nc3n2)n1N,Non-blocker,Non-blocker,HMTRHIZZEVUPCO-UHFFFAOYSA-N,HMTRHIZZEVUPCO,PubChem,2999561,
CCc1c(C(=O)NN2CCCCC2)nn(-c2ccc(Cl)cc2Cl)c1-c1ccc(Br)cc1,Blocker,Blocker,HMXDWDSNPRNUKI-UHFFFAOYSA-N,HMXDWDSNPRNUKI,eval_set_herg_70.csv,,
Cc1ccc(NC(=O)NCc2ccccn2)cc1,Non-blocker,Blocker,HOGKDEGSFNCKPD-UHFFFAOYSA-N,HOGKDEGSFNCKPD,PubChem,2560368,
COc1cccc(/C=C(/C(=O)OCC(=O)NC[C@H]2CCCO2)c2ccccc2)c1,Non-blocker,Non-blocker,HOHRJVUMEDOOHD-DOAWATSRSA-N,HOHRJVUMEDOOHD,PubChem,6223703,
CCOC(=O)c1ccc(NC(=O)CSc2nc(SC)ns2)cc1,Non-blocker,Non-blocker,HOKYKAHREVSREA-UHFFFAOYSA-N,HOKYKAHREVSREA,PubChem,2222528,
CCc1nc2c(Cc3ccc(C(=O)NO)cc3)cccc2c(=O)n1CCc1ccccc1,Non-blocker,Blocker,HPCPCLJRBNRLLW-UHFFFAOYSA-N,HPCPCLJRBNRLLW,CUPID,71811261,23905680
O=C(c1cccc(S(=O)(=O)C2CCc3ccccc3C2)c1)N1CCO[C@H](c2ccc(F)cc2)C1,Non-blocker,Blocker,HPOUSNSHNPFEKM-AMVUTOCUSA-N,HPOUSNSHNPFEKM,eval_set_herg_60.csv,,
CC(C)c1nc2cc(C(=O)N(C)Cc3ccc(F)cc3)ccc2o1,Non-blocker,Non-blocker,HPULYTVTKILPLE-UHFFFAOYSA-N,HPULYTVTKILPLE,PubChem,24817750,
Cc1cccc(C(=O)OCC(=O)NC[C@H]2CCCO2)c1O,Non-blocker,Non-blocker,HQCKEDGCUUFEPE-LLVKDONJSA-N,HQCKEDGCUUFEPE,PubChem,4237988,
CCCCN(CCCC)CCCOC(=O)c1ccc(N)cc1,Blocker,Blocker,HQFWVSGBVLEQGA-UHFFFAOYSA-N,HQFWVSGBVLEQGA,eval_set_herg_70.csv,,
COC(=O)c1sc(NC(=O)c2ccc3c(c2)OCO3)c(C#N)c1C,Non-blocker,Non-blocker,HQLYXMOPLKUDAQ-UHFFFAOYSA-N,HQLYXMOPLKUDAQ,PubChem,959485,
CCOc1ccc(NC(=O)OCCN2CCN(CCc3ccccc3)[C@H](C)C2)cc1,Non-blocker,Blocker,HQNZUJSOBUCFOS-HXUWFJFHSA-N,HQNZUJSOBUCFOS,PubChem,258684,
CCC(COC(=O)c1cc(OC)c(OC)c(OC)c1)(c1ccccc1)[N+](C)C,Blocker,Non-blocker,HQQBZBRAVHDCNS-UHFFFAOYSA-N,HQQBZBRAVHDCNS,eval_set_herg_70.csv,,
O=C(Cc1csc(N2CCOCC2)n1)N/N=C/c1ccc(Cl)cc1Cl,Non-blocker,Non-blocker,HQSPAFFJTSFACZ-DJKKODMXSA-N,HQSPAFFJTSFACZ,PubChem,6902629,
CC(C)(O)COCc1cccc(Nc2sc(-c3c(F)cc(C(C)(C)O)cc3F)cc2C(N)=O)n1,Blocker,Non-blocker,HRQQSHKLURUDMQ-UHFFFAOYSA-N,HRQQSHKLURUDMQ,data_herg_dev,CHEMBL3234895,
N#Cc1c(Cl)cccc1OC[C@H](O)CN1CCC[C@H]1Cc1ccccc1,Non-blocker,Blocker,HSTMYWDURDPUMY-ZWKOTPCHSA-N,HSTMYWDURDPUMY,eval_set_herg_60.csv,,
Cc1ccc(SCCC(=O)OCC(=O)Nc2ccc(C(N)=O)cc2)cc1,Non-blocker,Non-blocker,HSXFAUUWXIXBBV-UHFFFAOYSA-N,HSXFAUUWXIXBBV,PubChem,2583621,
O=C(CSc1nc[nH]n1)Nc1ccc(Br)cc1Br,Non-blocker,Non-blocker,HTALSKNIUDJXRH-UHFFFAOYSA-N,HTALSKNIUDJXRH,PubChem,5074820,
Cc1nc2ccccc2c(=O)n1-c1ccc(Cl)cc1[N+](=O)[O-],Non-blocker,Non-blocker,HTAWKILCUXVZHX-UHFFFAOYSA-N,HTAWKILCUXVZHX,PubChem,973017,
O=C(NC1CCCC1)c1ccc(N2CCC(NCc3cccc(C(F)(F)F)c3)CC2)cc1,Blocker,Non-blocker,HTVRCTNPJQRBFZ-UHFFFAOYSA-N,HTVRCTNPJQRBFZ,data_herg_dev,CHEMBL535556,
C=CCc1cc(Cl)ccc1OCCOCCNC(C)(C)C,Blocker,Non-blocker,HTVVDYYDPMZDDC-UHFFFAOYSA-N,HTVVDYYDPMZDDC,PubChem,2924418,
O=C(c1cccc(S(=O)(=O)N2CCc3ccccc3C2)c1)N1CCC(OCc2ccccc2)CC1,Non-blocker,Blocker,HTYGLMAQMBADNY-UHFFFAOYSA-N,HTYGLMAQMBADNY,eval_set_herg_60.csv,,
O=C(Nc1ccccn1)c1cccc(S(=O)(=O)N2CCCC2)c1,Non-blocker,Non-blocker,HUMLSYVJRNYRLX-UHFFFAOYSA-N,HUMLSYVJRNYRLX,PubChem,768186,
CCOC(=O)NC[C@@H](C#CCN(CC)CC)N(CC)CC,Non-blocker,Non-blocker,HUXCUZAZHPAEQL-OAHLLOKOSA-N,HUXCUZAZHPAEQL,PubChem,660391,
CNCC(O)(Cc1sc2c(=O)c(C(=O)NCc3ccc(Cl)cc3)cn(C)c2c1C)c1ccccn1,Blocker,Blocker,HVNXWVFYQJXVPW-UHFFFAOYSA-N,HVNXWVFYQJXVPW,eval_set_herg_70.csv,,
COc1cccc2[nH]c(-c3nc(N[C@@H]4CCOC[C@@H]4N)cnc3C(N)=O)cc12,Blocker,Non-blocker,HVQAATXUCFUOMV-WCQYABFASA-N,HVQAATXUCFUOMV,data_herg_dev,CHEMBL3415610,
CCS(=O)(=O)N(C)[C@H]1c2cc(C#N)ccc2OC(C)(C)[C@@H]1O,Non-blocker,Blocker,HVSJHHXUORMCGK-UONOGXRCSA-N,HVSJHHXUORMCGK,eval_set_herg_60.csv,,
COc1ccc(CC(=O)Nc2cc3c(cc2[N+](=O)[O-])OC(C)(C)C(O)C3NC2CC2)cc1,Blocker,Non-blocker,HWADWMAQVCHLHJ-UHFFFAOYSA-N,HWADWMAQVCHLHJ,data_herg_dev,,
Cc1cc(Oc2nccc3occc23)ccc1-c1c(C)ncc2nccn12,Blocker,Non-blocker,HWAIAGZSWHOLLK-UHFFFAOYSA-N,HWAIAGZSWHOLLK,data_herg_dev,CHEMBL4277264,
Cc1cc(C)c(-c2csc(NC(=O)c3n[nH]c(=O)c4ccccc34)n2)c(C)c1,Non-blocker,Non-blocker,HWNZOTHZLVHIRA-UHFFFAOYSA-N,HWNZOTHZLVHIRA,PubChem,2402375,
Cc1c(F)c(N2CC[NH2+][C@H](C)C2)cc2c1C(=O)C(C(=O)[O-])C=[N+]2C1CC1,Non-blocker,Non-blocker,HWQPKBLZEKRMGK-VUUHIHSGSA-O,HWQPKBLZEKRMGK,eval_set_herg_60.csv,,
Cn1cccc1C(=O)N/N=C/c1c(Cl)cccc1Cl,Non-blocker,Non-blocker,HWRBKCKGDSRBJT-LZYBPNLTSA-N,HWRBKCKGDSRBJT,PubChem,9583542,
COC(=O)[C@@H](NCc1ccc(B(O)O)cc1)C(C)C,Non-blocker,Non-blocker,HWUVRZKSQIXRSI-LBPRGKRZSA-N,HWUVRZKSQIXRSI,PubChem,42609730,
Cc1nc2ccccn2c(=O)c1CCN1CCC(C(=O)c2ccc(F)cc2)CC1,Blocker,Blocker,HXCNRYXBZNHDNE-UHFFFAOYSA-N,HXCNRYXBZNHDNE,PubChem,4847,
Cc1ccc([C@H]2CC(=O)C(/C=N/CCN3CCN(CC(=O)Nc4cc(C)cc(C)c4)CC3)=C(O)C2)cc1,Non-blocker,Non-blocker,HXEOSYDNVNQTGW-OQIVHJAPSA-N,HXEOSYDNVNQTGW,PubChem,135426230,
CCCS(=O)(=O)c1nc(S(=O)(=O)c2ccc(C)cc2)c(NCCCN2CCOCC2)s1,Non-blocker,Non-blocker,HXIVQZXEEVYSEW-UHFFFAOYSA-N,HXIVQZXEEVYSEW,PubChem,2935074,
COc1ccc2c(c1OC)CN(C)CCc1cc3c(cc1C(=O)C2)OCO3,Blocker,Non-blocker,HYBRYAPKQCZIAE-UHFFFAOYSA-N,HYBRYAPKQCZIAE,eval_set_herg_60.csv,,
COc1ccccc1CCNC(=O)c1nc(-c2cccs2)no1,Non-blocker,Non-blocker,HYTDFXCEQBRDMT-UHFFFAOYSA-N,HYTDFXCEQBRDMT,PubChem,1506857,
Cc1coc2c1C(=O)C(=O)c1c-2ccc2c1CCCC2(C)C,Non-blocker,Non-blocker,HYXITZLLTYIPOF-UHFFFAOYSA-N,HYXITZLLTYIPOF,eval_set_herg_60.csv,,
COc1cc(CN2CCN(C3CCC3)C[C@H]2CCO)cc(OC)c1,Non-blocker,Non-blocker,HZBHAKQOSKJDCA-QGZVFWFLSA-N,HZBHAKQOSKJDCA,PubChem,23723568,
N#Cc1cnn2c(O)c3c(nc12)CCCC3,Non-blocker,Blocker,HZGGBKSHPDXANX-UHFFFAOYSA-N,HZGGBKSHPDXANX,PubChem,736587,
N#Cc1nc(-c2ccc(OCc3ccccc3)cc2)oc1N1CCOCC1,Non-blocker,Non-blocker,HZTLXVNEBJZNBB-UHFFFAOYSA-N,HZTLXVNEBJZNBB,PubChem,663563,
O=S1(=O)CCN(c2ccc(Nc3ncc4ccn(-c5ccccn5)c4n3)cc2)CC1,Blocker,Blocker,IADBDKSADXUIBX-UHFFFAOYSA-N,IADBDKSADXUIBX,eval_set_herg_60.csv,,
COc1ccc(C(=O)Nn2cnnc2)c(OC)c1,Non-blocker,Non-blocker,IANDGRGNCWIRDR-UHFFFAOYSA-N,IANDGRGNCWIRDR,PubChem,936109,
COC[C@H](O)CN(Cc1ccc(F)cc1)C(=O)CC1CCN(Cc2ccc(-c3ccc(Cl)cc3)o2)CC1,Blocker,Blocker,IASPSPWFDMHKDS-AREMUKBSSA-N,IASPSPWFDMHKDS,PubChem,45270803,19500979
O=C(Nc1ccc(Br)cc1)c1ccc(Br)c(S(=O)(=O)Nc2cccnc2)c1,Non-blocker,Non-blocker,IBBGHBKTIHFQNK-UHFFFAOYSA-N,IBBGHBKTIHFQNK,PubChem,1079046,
Cc1ncc([N+](=O)[O-])n1C,Non-blocker,Non-blocker,IBXPYPUJPLLOIN-UHFFFAOYSA-N,IBXPYPUJPLLOIN,PubChem,3090,
O=C(CN1CCCC1)N1CCCc2ccccc21,Non-blocker,Non-blocker,ICGXIVBKQSRQSE-UHFFFAOYSA-N,ICGXIVBKQSRQSE,PubChem,16188521,
CC(C)(C)c1ccc(O)c(C(C)(C)C)c1,Non-blocker,Non-blocker,ICKWICRCANNIBI-UHFFFAOYSA-N,ICKWICRCANNIBI,eval_set_herg_70.csv,,
CCCCOc1ccc(/C=c2\sc3ncnn3c2=O)cc1,Non-blocker,Non-blocker,ICMFAXCJZSLDPQ-LCYFTJDESA-N,ICMFAXCJZSLDPQ,PubChem,1600478,
CN1C(=O)N(Cc2cc(Cl)ccc2F)C(=O)[C@]12C(=O)N(CC(=O)O)c1ccc(Cl)cc12,Non-blocker,Non-blocker,IDAMFVNNSWRUTJ-FQEVSTJZSA-N,IDAMFVNNSWRUTJ,PubChem,68011817,24900359
CC[C@@H](C)c1ccc(S(=O)(=O)N2CCN(C(=O)COc3ccc4c(C)cc(=O)oc4c3)CC2)cc1,Non-blocker,Non-blocker,IDBCFVOKWQXYNE-GOSISDBHSA-N,IDBCFVOKWQXYNE,PubChem,4833562,
Cc1ccc(C2(c3ccc(C)c(O)c3C)CCN(C)CC2)c(C)c1O,Blocker,Blocker,IEBVPYMUUCMJCE-UHFFFAOYSA-N,IEBVPYMUUCMJCE,PubChem,408701,
CN(c1ccc(C(=O)Nc2cccc(O)c2)cc1)S(=O)(=O)c1ccccc1,Non-blocker,Non-blocker,IGGFNTFJFVQLTL-UHFFFAOYSA-N,IGGFNTFJFVQLTL,PubChem,1310433,
COc1ccc(C(=O)Nc2ccc[n+](-c3nc4ccccc4nc3NS(=O)(=O)c3ccccc3)c2)cc1,Non-blocker,Non-blocker,IGIVLGKQXTZJCS-UHFFFAOYSA-O,IGIVLGKQXTZJCS,PubChem,1977761,
O=C(COC(=O)/C=C/c1cccc(Cl)c1)Nc1ccccc1-c1ccccc1,Non-blocker,Non-blocker,IGJHYAFNVYFNCS-BUHFOSPRSA-N,IGJHYAFNVYFNCS,PubChem,2445696,
Cc1c(NC(=O)c2ccc(C(C)(C)C)cc2)cccc1-c1nc(Nc2ccc(C(=O)N3CCOCC3)cc2)c2nc[nH]c2n1,Non-blocker,Non-blocker,IGXJXMLDIIGDNE-UHFFFAOYSA-N,IGXJXMLDIIGDNE,data_herg_dev,CHEMBL3263640,
Cc1nc2scc(-c3cccs3)c2c(=O)n1N,Non-blocker,Non-blocker,IHKGXUXEUBUAJG-UHFFFAOYSA-N,IHKGXUXEUBUAJG,PubChem,706111,
CCCOc1ccc(C(=O)NNC(=S)NC(=O)c2ccco2)cc1,Blocker,Blocker,IHUNVKWDTAHGBY-UHFFFAOYSA-N,IHUNVKWDTAHGBY,PubChem,1933177,
O=[N+]([O-])c1ccccc1S(=O)(=O)c1ccccc1[N+](=O)[O-],Non-blocker,Non-blocker,IHZVFZOUXUNSPQ-UHFFFAOYSA-N,IHZVFZOUXUNSPQ,PubChem,365388,
O=C(CC(=O)c1ccccc1)O[C@H]1CN2CCC1CC2,Blocker,Blocker,IIAUBPLJCDXVKI-HNNXBMFYSA-N,IIAUBPLJCDXVKI,PubChem,416907,
O=C(Nc1cnc(Cl)nc1)c1ccc(F)c(F)c1,Non-blocker,Non-blocker,IIBSHMFXVWTQSJ-UHFFFAOYSA-N,IIBSHMFXVWTQSJ,data_herg_dev,CHEMBL2047521,
CC(C)(C)NC1=NN=C(c2cc3ccccc3o2)CS1,Non-blocker,Non-blocker,IIQIUUMIPHKIBY-UHFFFAOYSA-N,IIQIUUMIPHKIBY,PubChem,135517195,
O=[N+]([O-])c1cccc(/C(O)=N/c2nnc(-c3ccc(F)cc3)o2)c1,Non-blocker,Non-blocker,IIZXTDRKWVLPNT-UHFFFAOYSA-N,IIZXTDRKWVLPNT,PubChem,5187457,
CCOC(=O)c1cnn(-c2cc(C)nc3c(-c4ccccc4)cnn23)c1N,Non-blocker,Non-blocker,IJAQEFPTCOPSMD-UHFFFAOYSA-N,IJAQEFPTCOPSMD,PubChem,665447,
COc1ccc(CCN(C)S(=O)(=O)c2ccc(Cl)nc2)cc1OC,Non-blocker,Non-blocker,IJPOHLXHXRPTIF-UHFFFAOYSA-N,IJPOHLXHXRPTIF,PubChem,2552185,
Cc1ccc(Nc2c3c(nc4ncnn24)C[C@H](C)CC3)cc1,Non-blocker,Non-blocker,IKGHVWYQGAONOF-GFCCVEGCSA-N,IKGHVWYQGAONOF,PubChem,3231382,
O=C1O[C@@H](O)c2cccc3cccc1c23,Non-blocker,Blocker,IKHBRFXMNHCNDC-LLVKDONJSA-N,IKHBRFXMNHCNDC,PubChem,99733,
Clc1ccc(Sc2cn(-c3ccccc3)nc2-c2ccc3c(c2)OCCO3)cc1,Non-blocker,Non-blocker,IKQQULCSHLUYPQ-UHFFFAOYSA-N,IKQQULCSHLUYPQ,data_herg_dev,CHEMBL3287927,
Cc1cc(NC(=O)Nc2cccc(C(F)(F)F)c2)no1,Non-blocker,Non-blocker,IKVBVRXRCHJSEN-UHFFFAOYSA-N,IKVBVRXRCHJSEN,PubChem,978129,
O=c1ccc2cc(O)c(O)cc2o1,Non-blocker,Non-blocker,ILEDWLMCKZNDJK-UHFFFAOYSA-N,ILEDWLMCKZNDJK,PubChem,5281416,
Cn1c(SCC(=O)Nc2ccc(Cl)cc2F)nnc1-c1ccco1,Non-blocker,Non-blocker,ILELZJIATOAGLO-UHFFFAOYSA-N,ILELZJIATOAGLO,PubChem,6495867,
Cc1ccc(OC2CCN(CCS(=O)(=O)c3ccc(O)cc3)CC2)cc1,Blocker,Blocker,ILLXGKQRCIUUJG-UHFFFAOYSA-N,ILLXGKQRCIUUJG,eval_set_herg_70.csv,,
CCOc1ccccc1N(CC(=O)Nc1cc(OC)ccc1OC)S(C)(=O)=O,Non-blocker,Non-blocker,ILUXQMCHWTVZNJ-UHFFFAOYSA-N,ILUXQMCHWTVZNJ,PubChem,1100065,
CN1[C@H]2CCC[C@@H]1CN(CC(=O)c1nn(C)c3ccccc13)C2,Non-blocker,Blocker,IMGGWISNLMKMPR-OKILXGFUSA-N,IMGGWISNLMKMPR,eval_set_herg_60.csv,,
COC(=O)[C@](O)(NC(=O)NC(C)=O)C(F)(F)F,Non-blocker,Non-blocker,IMTJFLKWZPDFQI-ZCFIWIBFSA-N,IMTJFLKWZPDFQI,PubChem,657912,
COc1cc(NC(C)CCCN)c2ncccc2c1,Blocker,Non-blocker,INDBQLZJXZLFIT-UHFFFAOYSA-N,INDBQLZJXZLFIT,eval_set_herg_60.csv,,
Cc1ccc(-c2nc(Nc3ccccc3)n[nH]2)cc1,Non-blocker,Non-blocker,INDCVHFFYIEZRU-UHFFFAOYSA-N,INDCVHFFYIEZRU,PubChem,2951125,
CN(C)S(=O)(=O)c1ccc(Cl)c(C(=O)N[C@@H]2CCN(Cc3ccccc3)C2)c1,Non-blocker,Non-blocker,INFGNOVSRDDNEM-MRXNPFEDSA-N,INFGNOVSRDDNEM,PubChem,16286539,
CCOc1ccc(CCNC(=O)CN2C(=O)c3cccnc3Oc3ccc(C)cc32)cc1OCC,Non-blocker,Non-blocker,INFVULGQYLHMBR-UHFFFAOYSA-N,INFVULGQYLHMBR,PubChem,16021192,
C[C@@H](NC(=O)CNC(=O)[C@@H]1O[C@@H]2OC(C)(C)O[C@@H]2[C@H]2OC(C)(C)O[C@H]21)C(=O)O,Non-blocker,Non-blocker,ININKENJCYTHQQ-AXCAWDSFSA-N,ININKENJCYTHQQ,PubChem,16189548,
O=S1(=O)C[C@@H]2SC(=S)N(Cc3ccccc3)[C@@H]2C1,Non-blocker,Non-blocker,INJKOAVJNCZLQI-MNOVXSKESA-N,INJKOAVJNCZLQI,PubChem,3758232,
O=C(CCN1C(=O)[C@@H]2CC=CC[C@H]2C1=O)NC1CCCCC1,Non-blocker,Non-blocker,INLDBRIWVJVDJZ-ZIAGYGMSSA-N,INLDBRIWVJVDJZ,PubChem,6463520,
O=C(O)[C@@H]1C=C(O)N(c2ccc(OCc3ccc(Br)cc3)cc2)C1,Non-blocker,Non-blocker,INNWWQTZXSJWGN-CYBMUJFWSA-N,INNWWQTZXSJWGN,PubChem,3676271,
CCCCCCC(C(C)O)n1cnc2c(N)ncnc21,Blocker,Non-blocker,IOSAAWHGJUZBOG-UHFFFAOYSA-N,IOSAAWHGJUZBOG,eval_set_herg_60.csv,,
O=S(=O)(c1cccc(-c2nnc(-c3ccc(Br)cc3)o2)c1)N1CCCCCC1,Non-blocker,Non-blocker,IPDHDLPQTHABSO-UHFFFAOYSA-N,IPDHDLPQTHABSO,PubChem,1216983,
O=C1C=C/C(=C2\Nc3cc(Cl)c(Cl)cc3N2Cc2ccc(Cl)c(Cl)c2)C=N1,Blocker,Blocker,IPGZNUXPNMCQIA-ODLFYWEKSA-N,IPGZNUXPNMCQIA,eval_set_herg_60.csv,,
Nc1nnc(-c2ccc(C3(c4ccc(OCc5ccccn5)cc4)CCCO3)cn2)o1,Non-blocker,Non-blocker,IPJNVOACZCOOQN-UHFFFAOYSA-N,IPJNVOACZCOOQN,eval_set_herg_60.csv,,
N#C/C(=C\c1ccc([N+](=O)[O-])o1)C(=O)Nc1ccc(F)cc1,Blocker,Non-blocker,IPONPOKSOBJFDC-VQHVLOKHSA-N,IPONPOKSOBJFDC,PubChem,6027441,
CC[C@@H](C)[C@@H](NC(N)=O)C(=O)N[C@H]1CC[C@H](C)CC1,Non-blocker,Non-blocker,IQOMBUVLWAISLB-DDHJBXDOSA-N,IQOMBUVLWAISLB,PubChem,4222340,
COc1ccnc(C[S+]([O-])c2nc3ccc(OC(F)F)cc3[nH]2)c1OC,Non-blocker,Non-blocker,IQPSEEYGBUAQFF-UHFFFAOYSA-N,IQPSEEYGBUAQFF,eval_set_herg_70.csv,,
O=C(CSCc1cnn(-c2ccccc2)c1-n1cccc1)NCc1cccnc1,Non-blocker,Blocker,IRNQRRHGJPIZGE-UHFFFAOYSA-N,IRNQRRHGJPIZGE,PubChem,3552940,
O=[N+]([O-])c1ccc2[nH]c3c(c2c1)CCCC3,Non-blocker,Non-blocker,IROFVXNXPDWNEU-UHFFFAOYSA-N,IROFVXNXPDWNEU,PubChem,258747,
C(#Cc1ccc2ccccc2n1)c1ccccn1,Non-blocker,Non-blocker,IRXAEZFKUGBIIX-UHFFFAOYSA-N,IRXAEZFKUGBIIX,eval_set_herg_70.csv,,
CC(C)(C)CC(C)(C)c1ccc(O)cc1,Non-blocker,Non-blocker,ISAVYTVYFVQUDY-UHFFFAOYSA-N,ISAVYTVYFVQUDY,eval_set_herg_70.csv,,
CC/C=C/C#N,Non-blocker,Non-blocker,ISBHMJZRKAFTGE-ONEGZZNKSA-N,ISBHMJZRKAFTGE,PubChem,5364360,
CC[C@@H](C)NC(=O)c1cnc2n(c1=O)CCS2,Non-blocker,Non-blocker,ISLIBZLFPUGQMW-SSDOTTSWSA-N,ISLIBZLFPUGQMW,PubChem,4344057,
COc1ccc(OCCCC(=O)NCC(C)C)cc1,Non-blocker,Non-blocker,ITHUWUUKERECAU-UHFFFAOYSA-N,ITHUWUUKERECAU,PubChem,1569037,
Oc1ccc(C(c2ccc(O)cc2)C(Cl)(Cl)Cl)cc1,Non-blocker,Non-blocker,IUGDILGOLSSKNE-UHFFFAOYSA-N,IUGDILGOLSSKNE,eval_set_herg_70.csv,,
CNCC(O)(Cc1cc2c(=O)c(C(=O)NCc3ccc(Cl)cc3)cn(C)c2s1)c1ccccn1,Blocker,Blocker,IUPVZIBNXQRZJF-UHFFFAOYSA-N,IUPVZIBNXQRZJF,eval_set_herg_70.csv,,
O=C(NCc1cccc(CN2CCCC2=O)c1)NCC(c1ccccc1)c1ccccc1,Non-blocker,Non-blocker,IUQOZVTUICEYPX-UHFFFAOYSA-N,IUQOZVTUICEYPX,eval_set_herg_60.csv,,
Cc1ccc(-c2noc(-c3cc4ccccc4oc3=O)n2)cc1,Non-blocker,Non-blocker,IUYYAIYFKXGKKS-UHFFFAOYSA-N,IUYYAIYFKXGKKS,PubChem,851428,
CC(CCc1nc2ccccc2s1)(c1ccc(O)cc1)c1ccc(O)cc1,Non-blocker,Blocker,IVBASDRKBCHBSP-UHFFFAOYSA-N,IVBASDRKBCHBSP,PubChem,234772,
Cc1ccc(S(=O)(=O)NCCOC(=O)Nc2sc(=S)n(C)c2C)cc1,Non-blocker,Non-blocker,IVPXNHAPVKVMOO-UHFFFAOYSA-N,IVPXNHAPVKVMOO,PubChem,2287862,
CCc1cc(CNC(=O)CNCC(=O)N2CCN(C(c3ccccc3)c3ccc(Cl)cc3)CC2)cc(CC)c1CC,Blocker,Non-blocker,IVPYLWCXKMTLSS-UHFFFAOYSA-N,IVPYLWCXKMTLSS,eval_set_herg_60.csv,,
O=C(CN1CCN(C(=O)c2c(F)cccc2F)CC1)Nc1ccccc1C(F)(F)F,Non-blocker,Non-blocker,IVRJGAOKISUBAZ-UHFFFAOYSA-N,IVRJGAOKISUBAZ,PubChem,5077264,
O=C1[C@@H]2[C@H](C(=O)N1c1ccc3ccccc3c1)[C@H]1C=C[C@@H]2C1,Non-blocker,Non-blocker,IWEYLRTVUSIJEN-ULAZLLGUSA-N,IWEYLRTVUSIJEN,PubChem,3094951,
O=C(NCc1ccc(Cl)cc1)[C@@H]1[C@H]2C(=O)N(Cc3cccnc3)C[C@]23C=C[C@H]1O3,Non-blocker,Non-blocker,IWHAHSURAGHBBL-MDPIYQRISA-N,IWHAHSURAGHBBL,PubChem,3236150,
CN(C)C1(CNC(=O)c2cc(S(=O)(=O)N(C)Cc3ccccc3)ccc2Cl)CCCCC1,Non-blocker,Non-blocker,IWJKGPBZZCJYQP-UHFFFAOYSA-N,IWJKGPBZZCJYQP,PubChem,24978869,
Cc1nn(-c2ncccn2)c2c1C(=O)CC(C)(C)[C@H]2Br,Non-blocker,Blocker,IWPCBZOMIPTGSG-LBPRGKRZSA-N,IWPCBZOMIPTGSG,PubChem,44825758,
CCNC(=O)NC(=O)COC(=O)c1ccccc1SCC(=O)NC(=O)NCC,Non-blocker,Non-blocker,IWTGDPQQVJFJHY-UHFFFAOYSA-N,IWTGDPQQVJFJHY,PubChem,2999311,
Cc1cc(C)cc(OCC(=O)N/N=C/c2ccc([N+](=O)[O-])o2)c1,Non-blocker,Non-blocker,IXUHULLLDDBVHD-LZYBPNLTSA-N,IXUHULLLDDBVHD,PubChem,6898878,
O=[N+]([O-])c1cn2c(n1)OC[C@H](Oc1ccc(OC(F)(F)F)cc1)C2,Blocker,Non-blocker,IXUWKDINJWESQG-SNVBAGLBSA-N,IXUWKDINJWESQG,data_herg_dev,CHEMBL4078293,
O=C([C@@H]1CC[C@@H](N2CCOCC2)C[C@H]1c1ccc(Br)cc1)N1CC(c2ccccc2)(c2ccccc2)C1,Blocker,Blocker,IYAVTZWBGCXXFI-OCBJUFRSSA-N,IYAVTZWBGCXXFI,PubChem,72546989,24157366
CC(C)(C)CC(C)(C)c1ccc(O)c(-n2nc3ccccc3n2)c1,Non-blocker,Non-blocker,IYAZLDLPUNDVAG-UHFFFAOYSA-N,IYAZLDLPUNDVAG,data_herg_dev,,62485
CN(C)C1CCC2(Cc3ccccc3Cc3ccccc32)C1,Blocker,Blocker,IYDOAHOHMRQFTJ-UHFFFAOYSA-N,IYDOAHOHMRQFTJ,eval_set_herg_70.csv,,
C/C(=N\NS(=O)(=O)c1cccc([N+](=O)[O-])c1)c1cc2ccccc2o1,Non-blocker,Non-blocker,JADXIQMDAAPRIP-GZTJUZNOSA-N,JADXIQMDAAPRIP,PubChem,9620482,
COc1ccccc1N1CSC2=C(C#N)[C@@H](c3ccc(SC)cc3)CC(=O)N2C1,Non-blocker,Non-blocker,JAZQDHDQOMLUGI-QGZVFWFLSA-N,JAZQDHDQOMLUGI,PubChem,3160888,
Cc1ccc(S(=O)(=O)CC(=O)Nc2sc(C)c(C)c2C(N)=O)cc1,Non-blocker,Non-blocker,JCDRATXOOHWATR-UHFFFAOYSA-N,JCDRATXOOHWATR,PubChem,7287189,
C[C@@H](CNC(=O)c1ccc2c(c1)OCO2)c1ccc([N+](=O)[O-])cc1,Non-blocker,Non-blocker,JCHHLBASVILAJH-NSHDSACASA-N,JCHHLBASVILAJH,PubChem,2956497,
CS(=O)(=O)c1nn(Cc2nc3cc(Cl)ccc3n2CC2COC2)c2cnccc12,Blocker,Non-blocker,JCRHWUFAMLOIEZ-UHFFFAOYSA-N,JCRHWUFAMLOIEZ,data_herg_dev,CHEMBL4177457,
Clc1c(OCCNCc2cccs2)ccc2ccccc12,Non-blocker,Blocker,JCWJSNIUPWLSJT-UHFFFAOYSA-N,JCWJSNIUPWLSJT,eval_set_herg_70.csv,,
CCN1CCN(C(=O)/C=C/c2ccc(C)o2)CC1,Non-blocker,Non-blocker,JDDDFGSICKRJDW-VOTSOKGWSA-N,JDDDFGSICKRJDW,PubChem,896582,
CCN1C[C@]2([N+](=O)[O-])CC=C(OC)[C@]([N+](=O)[O-])(C1)C2,Non-blocker,Non-blocker,JDKWUZZQGAMSQJ-WDEREUQCSA-N,JDKWUZZQGAMSQJ,PubChem,4368792,
CCCn1c(=O)n(C)c(=O)c2c(=S)[nH]c(C(C)(C)C)nc21,Blocker,Blocker,JDVUKNWVXXVUPM-UHFFFAOYSA-N,JDVUKNWVXXVUPM,PubChem,2450201,
CCOC(=O)CC(=O)C(=O)OCC,Blocker,Blocker,JDXYSCUOABNLIR-UHFFFAOYSA-N,JDXYSCUOABNLIR,PubChem,16663655,
CCOC(=O)C(/C=N/c1ccc(Oc2cccnc2)nc1)C(=O)OCC,Blocker,Blocker,JEERUIGZOYNYNF-UDWIEESQSA-N,JEERUIGZOYNYNF,PubChem,2800186,
COc1ccc([N+](=O)[O-])cc1NC(=O)COC(=O)[C@@]12C[C@@H]3C[C@@H](C[C@@](O)(C3)C1)C2,Non-blocker,Non-blocker,JEKLWIHDPKZGFH-DJZHIFDRSA-N,JEKLWIHDPKZGFH,PubChem,4006178,
CCCN(c1ccon1)P(=O)(c1ccccc1)c1ccccc1,Non-blocker,Non-blocker,JFDYRYFOZRGFBC-UHFFFAOYSA-N,JFDYRYFOZRGFBC,data_herg_dev,CHEMBL2312918,
CC(C)(C[C@@](O)(Cc1cc2ccncc2[nH]1)C(F)(F)F)c1cc(F)ccc1O,Non-blocker,Blocker,JFUAWXPBHXKZGA-IBGZPJMESA-N,JFUAWXPBHXKZGA,eval_set_herg_60.csv,,
COc1ccc(N2C(=S)N=C(Nc3ccccc3)C23CCCCC3)cc1,Blocker,Non-blocker,JFYCXLMBPJHXDW-UHFFFAOYSA-N,JFYCXLMBPJHXDW,PubChem,1514935,
O=C(O)C[C@@H](NC(=O)COc1ccccc1)c1cccc([N+](=O)[O-])c1,Non-blocker,Non-blocker,JGHQYBLASGWIQP-OAHLLOKOSA-N,JGHQYBLASGWIQP,PubChem,3913158,
COCc1c(C(=O)Nc2ccc(Cl)cc2F)oc2ccccc12,Non-blocker,Non-blocker,JGZLBKPRNGKCSE-UHFFFAOYSA-N,JGZLBKPRNGKCSE,PubChem,2525858,
CC(=O)N1C[C@H](C)N(c2cccc(-c3cc(-c4ccnn4C4CCOCC4)c4c(N)ncnn34)c2)[C@H](C)C1,Non-blocker,Blocker,JHCGWQGKIHGVDU-KDURUIRLSA-N,JHCGWQGKIHGVDU,data_herg_dev,CHEMBL4061855,
O=C1CN2NC(=S)N(c3ccc(Cl)cc3)C2=CN1c1ccc(Cl)cc1,Blocker,Non-blocker,JITCIEVLVACGOO-UHFFFAOYSA-N,JITCIEVLVACGOO,PubChem,990365,
Cc1ccc2cc(CN(CCN(C)C)C(=S)Nc3ccccc3)c(=O)[nH]c2c1C,Non-blocker,Blocker,JITHWUMWXBHDAZ-UHFFFAOYSA-N,JITHWUMWXBHDAZ,PubChem,1138269,
C(=N/Nc1nc2ccccc2[nH]1)\c1ccc2c(c1)OCCO2,Non-blocker,Non-blocker,JJUQDPFYFUJRRH-LICLKQGHSA-N,JJUQDPFYFUJRRH,PubChem,9663155,
Cc1cc(C[C@@H](NC(=O)N2CCC(c3cc4ccccc4[nH]c3=O)CC2)C(=O)N2CCN(C3CCN(C)CC3)CC2)cc2cn[nH]c12,Non-blocker,Blocker,JJVAPHYEOZSKJZ-JGCGQSQUSA-N,JJVAPHYEOZSKJZ,data_herg_dev,CHEMBL2397415,
CC(=O)Nc1ccc2nc(/N=C(\O)C(Cl)(Cl)Cl)sc2c1,Non-blocker,Non-blocker,JJYMYGIXCXBANE-UHFFFAOYSA-N,JJYMYGIXCXBANE,PubChem,2958666,
C[C@@H]1CCCCN1CC(=O)NCc1ccc2c(c1)OCO2,Non-blocker,Non-blocker,JJYZSKBGDRSDGJ-GFCCVEGCSA-N,JJYZSKBGDRSDGJ,PubChem,2999501,
CC[C@H]1[C@@H](COc2nccc3cc(C(N)=O)c(OC)cc23)NC(=O)[C@H]1F,Non-blocker,Non-blocker,JKDGKIBAOAFRPJ-ZBINZKHDSA-N,JKDGKIBAOAFRPJ,data_herg_dev,CHEMBL4081711,
Cc1ccc(S(=O)(=O)N2CCN(S(=O)(=O)c3ccccc3Br)C2=O)cc1,Non-blocker,Non-blocker,JKEDRNRFZKNPIC-UHFFFAOYSA-N,JKEDRNRFZKNPIC,PubChem,44602022,
CC(=O)OC(c1ccccc1)C(Cl)(Cl)Cl,Non-blocker,Non-blocker,JKRWZLOCPLZZEI-UHFFFAOYSA-N,JKRWZLOCPLZZEI,data_herg_dev,,7007
Cc1cc(NS(=O)(=O)c2ccc(N)cc2)no1,Non-blocker,Non-blocker,JLKIGFTWXXRPMT-UHFFFAOYSA-N,JLKIGFTWXXRPMT,eval_set_herg_60.csv,,
O=C(O)CNC(=S)N(Cc1ccccc1)Cc1ccccc1F,Non-blocker,Non-blocker,JLOGSDADAQGUGE-UHFFFAOYSA-N,JLOGSDADAQGUGE,PubChem,4661982,
S=C(c1ccc(Br)cc1)N1CCN(Cc2ccccc2)CC1,Non-blocker,Non-blocker,JLPIWKNGEVSKFT-UHFFFAOYSA-N,JLPIWKNGEVSKFT,PubChem,2185493,
CC(C)(C)NC(=O)[C@@H](c1ccc(OCC(N)=O)cc1)N(C(=O)c1cccnc1)C1CC1,Non-blocker,Non-blocker,JLTBMZPBMUPNOY-HXUWFJFHSA-N,JLTBMZPBMUPNOY,PubChem,650934,
COC(=O)c1c(NC(=O)c2ccc([N+](=O)[O-])o2)sc2c1CCN(C(C)C)C2,Non-blocker,Non-blocker,JMDRJNKTQIRTJV-UHFFFAOYSA-N,JMDRJNKTQIRTJV,PubChem,24892684,
Cc1ccc(S(=O)(=O)N2CCN(CC(=O)N3CCOCC3)CC2)cc1,Non-blocker,Non-blocker,JMXJLUFECODSAG-UHFFFAOYSA-N,JMXJLUFECODSAG,PubChem,2815599,
Cc1cc(C)c2c(n1)sc1c(N3CCN(C)CC3)ncnc12,Blocker,Non-blocker,JMYTXWSBHSDZNI-UHFFFAOYSA-N,JMYTXWSBHSDZNI,PubChem,2816105,
Clc1ccc(CNCCOc2ccc3ccccc3c2Cl)o1,Blocker,Blocker,JNAZBAOZJHRDCG-UHFFFAOYSA-N,JNAZBAOZJHRDCG,eval_set_herg_70.csv,,
O=C(NCc1ccc(-c2nc3ccccc3s2)cc1)c1cc2ccccc2o1,Non-blocker,Non-blocker,JNFWXELAFXFWRH-UHFFFAOYSA-N,JNFWXELAFXFWRH,PubChem,1254657,
CC(C)(C)c1ccc(C(=O)Nc2nonc2-c2nc3ccccc3[nH]2)cc1,Non-blocker,Non-blocker,JNTZMFKURPCXTR-UHFFFAOYSA-N,JNTZMFKURPCXTR,PubChem,1303272,
Cc1nnc2n1-c1ccc(Cl)cc1C(c1ccccc1Cl)=NC2,Blocker,Non-blocker,JOFWLTCLBGQGBO-UHFFFAOYSA-N,JOFWLTCLBGQGBO,eval_set_herg_60.csv,,
CC1=C(C#N)[C@@H](c2ccoc2)C(C(=O)OCc2ccccc2)=C(N)S1,Non-blocker,Non-blocker,JORMHOILXHNTOR-MRXNPFEDSA-N,JORMHOILXHNTOR,PubChem,3239947,
Cn1ccc(O)c(C#N)c1=O,Non-blocker,Non-blocker,JOTXKBDAQVLFAX-UHFFFAOYSA-N,JOTXKBDAQVLFAX,PubChem,54686421,
O=S(=O)(O)c1cc(/N=[N+](\[O-])c2cc(S(=O)(=O)O)c3ccccc3c2)cc2ccccc12,Non-blocker,Blocker,JOYRCGQZVNLGGX-DQRAZIAOSA-N,JOYRCGQZVNLGGX,PubChem,235538,
CCOc1ccc(NC(=O)c2ccc(N3C[C@@H]4C[C@H](C3)c3cccc(=O)n3C4)c(N)c2)cc1,Non-blocker,Non-blocker,JPCOWQJOPHVNBS-PKOBYXMFSA-N,JPCOWQJOPHVNBS,PubChem,5070669,
O=S(=O)(/N=C(\O)Nc1cccc2[nH]ncc12)c1ccccc1,Non-blocker,Non-blocker,JPHHAHODLFPCDD-UHFFFAOYSA-N,JPHHAHODLFPCDD,PubChem,16413771,
NNC(=O)c1cc2c(N3CCC(Cc4ccccc4)CC3)ncnc2s1,Blocker,Non-blocker,JPNPFHNYFAIFNH-UHFFFAOYSA-N,JPNPFHNYFAIFNH,PubChem,1478208,
COc1ccc(NC(=O)[C@H]2CCCCN2S(=O)(=O)c2ccc(F)cc2)c(OC)c1,Non-blocker,Non-blocker,JQXWYJCUDRTLMO-GOSISDBHSA-N,JQXWYJCUDRTLMO,PubChem,3242199,
Cn1c(=O)c(=O)n(C)c2cc(S(=O)(=O)NCCOc3ccccc3)ccc21,Non-blocker,Non-blocker,JRPUFPUYIVGSBQ-UHFFFAOYSA-N,JRPUFPUYIVGSBQ,PubChem,4919706,
CCCN(CCC)C(=O)Cc1c(-c2ccc(Cl)cc2)nc2ccc(Cl)cn12,Blocker,Non-blocker,JRTIDHTUMYMPRU-UHFFFAOYSA-N,JRTIDHTUMYMPRU,data_herg_dev,,54897
C[C@H](CCc1ccc(O)cc1)NCCc1ccc(O)c(O)c1,Blocker,Blocker,JRWZLRBJNMZMFE-CYBMUJFWSA-N,JRWZLRBJNMZMFE,PubChem,36811,
NC(=O)c1c(NC(=O)Nc2ccc(Cl)cc2)sc2c1CCN(CCCNC(=O)CCc1c[nH]c3ccccc13)C2,Blocker,Non-blocker,JSGCPWMOHCOCSC-UHFFFAOYSA-N,JSGCPWMOHCOCSC,data_herg_dev,CHEMBL4101684,
O=C(COC(=O)CCc1nc2ccccc2c(=O)[nH]1)Nc1ccccc1OC(F)F,Non-blocker,Non-blocker,JSMOIPKPAPOBHW-UHFFFAOYSA-N,JSMOIPKPAPOBHW,PubChem,135463891,
CCOC(=O)c1cc(-c2ccccc2)n(CC(=O)NC(C)(C)C)c1C,Non-blocker,Non-blocker,JSRTXPSEKQNQQD-UHFFFAOYSA-N,JSRTXPSEKQNQQD,PubChem,4117540,
COc1ccc(-c2nnn(CC(=O)N(C[C@H]3CCCO3)[C@@H](C(=O)NC(C)(C)C)c3ccco3)n2)cc1OC,Non-blocker,Non-blocker,JSRWRLODEGPMOQ-WZONZLPQSA-N,JSRWRLODEGPMOQ,PubChem,3174622,
O=C(COC(=O)COc1ccc2ccccc2c1)Nc1cc(C(F)(F)F)ccc1N1CCOCC1,Non-blocker,Non-blocker,JSSMCSLJEXIZPT-UHFFFAOYSA-N,JSSMCSLJEXIZPT,PubChem,2364707,
Nc1ccn([C@H]2CS[C@@H](CO)O2)c(=O)n1,Non-blocker,Non-blocker,JTEGQNOMFQHVDC-RQJHMYQMSA-N,JTEGQNOMFQHVDC,eval_set_herg_70.csv,,
CCN(CC)S(=O)(=O)c1cccc(-c2nnc(SCc3nnc(-c4cccs4)o3)n2N)c1,Non-blocker,Non-blocker,JTJRAVGOIVSUDT-UHFFFAOYSA-N,JTJRAVGOIVSUDT,PubChem,2565152,
CCOC(=O)c1cnn2c(N)c(C#N)cnc12,Non-blocker,Non-blocker,JVOULPIPWYLYJP-UHFFFAOYSA-N,JVOULPIPWYLYJP,PubChem,721646,
CN1CCCC(=C(c2cccs2)c2cccs2)C1,Non-blocker,Blocker,JWIXXNLOKOAAQT-UHFFFAOYSA-N,JWIXXNLOKOAAQT,PubChem,5484,
C[C@]12C=CC(=O)N[C@@H]1CC[C@@H]1[C@@H]2CC[C@]2(C)[C@@H](C(=O)Nc3cc(C(F)(F)F)ccc3C(F)(F)F)CC[C@@H]12,Non-blocker,Blocker,JWJOTENAMICLJG-QWBYCMEYSA-N,JWJOTENAMICLJG,PubChem,6918296,
CC[C@@H](C)NC(=O)Nc1ccc(Br)cc1Cl,Non-blocker,Non-blocker,JWLVUMDTLQKCBN-SSDOTTSWSA-N,JWLVUMDTLQKCBN,PubChem,6466772,
COc1cccc(NC(=O)CCS(=O)(=O)c2cc3c(cc2Cl)NC(=O)CO3)c1,Non-blocker,Non-blocker,JWTRIJRIRWHREH-UHFFFAOYSA-N,JWTRIJRIRWHREH,PubChem,22551417,
COC(=O)CCN(C1CCCCC1)S(=O)(=O)c1ccc(S(=O)(=O)NC2CCCCC2)cc1,Non-blocker,Non-blocker,JWZASFRGICXVJY-UHFFFAOYSA-N,JWZASFRGICXVJY,PubChem,3191831,
Cc1cc(C)n(-c2nc(-c3ccccc3)cc(=O)[nH]2)n1,Non-blocker,Non-blocker,JXBDKWPDMSQNDQ-UHFFFAOYSA-N,JXBDKWPDMSQNDQ,data_herg_dev,,135433800
O=C(Nc1cccc(C(F)(F)F)c1)Nc1ccc(Br)cc1-c1nn[nH]n1,Non-blocker,Blocker,JXPULDIATMTIIN-UHFFFAOYSA-N,JXPULDIATMTIIN,PubChem,9954236,16825484
C[C@@H]1CN(c2cc(=O)n(Cc3ccc(F)cc3)c(=O)[nH]2)C[C@@H](C)O1,Non-blocker,Non-blocker,JYJIRPZPQKWYKD-VXGBXAGGSA-N,JYJIRPZPQKWYKD,PubChem,5310075,
C=CCN(C(=O)c1csnn1)[C@@H](C(=O)NCc1ccc(F)cc1)c1ccc(F)cc1,Non-blocker,Non-blocker,JYMTYVULBABVII-LJQANCHMSA-N,JYMTYVULBABVII,PubChem,3222502,
CC1CC(O)(CCc2cccc3ccccc23)C(C)CN1C,Blocker,Blocker,JYWKRWWPTYARAS-UHFFFAOYSA-N,JYWKRWWPTYARAS,data_herg_dev,CHEMBL1270058,
Cc1c(C(=O)NN2CCCCC2)nn(-c2ccc(Cl)cc2Cl)c1-c1ccc(Cl)cc1,Blocker,Blocker,JZCPYUJPEARBJL-UHFFFAOYSA-N,JZCPYUJPEARBJL,PubChem,104850,
O=C(NCCN1CCOCC1)c1ccc(-c2nccc3ccccc23)cc1,Blocker,Blocker,JZHDIGBWZULPFR-UHFFFAOYSA-N,JZHDIGBWZULPFR,data_herg_dev,CHEMBL2035651,
CC(C)(C)c1cc(O)c(C(C)(C)C)cc1O,Non-blocker,Non-blocker,JZODKRWQWUWGCD-UHFFFAOYSA-N,JZODKRWQWUWGCD,eval_set_herg_70.csv,,
COc1cccc(NC(=O)CCC2CCN(C(=O)c3scnc3C)CC2)c1,Non-blocker,Non-blocker,JZQQQCDISDAGOB-UHFFFAOYSA-N,JZQQQCDISDAGOB,PubChem,24817188,
COc1ccc2c(c1OC)C(=O)O[C@H]2[C@H]1c2cc3c(cc2CCN1C)OCO3,Blocker,Blocker,JZUTXVTYJDCMDU-RTBURBONSA-N,JZUTXVTYJDCMDU,PubChem,1309,
COC(=O)c1ccc(CSc2nc(C)nc3sc(C)c(C)c23)o1,Non-blocker,Non-blocker,KACYIDRIFUHBGE-UHFFFAOYSA-N,KACYIDRIFUHBGE,PubChem,2571463,
CN(C)CCCn1c2ccccc2c2cnccc21,Non-blocker,Blocker,KANHIRFMWXUGCA-UHFFFAOYSA-N,KANHIRFMWXUGCA,PubChem,424220,
CCN1C[C@]2(CO)CCC(O)[C@]34C5C[C@@H]6C(OC)C(O)[C@@](OC)(C5[C@H]6O)[C@](O)(C13)[C@H](O)C24,Non-blocker,Non-blocker,KAPXFTSEJFXDSG-SOHSDTSLSA-N,KAPXFTSEJFXDSG,eval_set_herg_60.csv,,
CCCn1c(CCc2ccccc2)n[nH]c1=S,Blocker,Non-blocker,KARPAFCPKLMQFH-UHFFFAOYSA-N,KARPAFCPKLMQFH,PubChem,951884,
CN(C)C[C@H](O)c1ccc(C=Cc2ccc(Cl)cc2)cc1,Blocker,Blocker,KBGPTRHFMZERIT-SFHVURJKSA-N,KBGPTRHFMZERIT,PubChem,230761,
Cc1ccc2ccc3cccc4ccc1c2c34,Blocker,Non-blocker,KBSPJIWZDWBDGM-UHFFFAOYSA-N,KBSPJIWZDWBDGM,data_herg_dev,CHEMBL1325152,
CCOC(=O)CC1(NC(=O)[C@@H]2CCC(=O)N(Cc3ccccc3OC)C2)CCCCC1,Non-blocker,Non-blocker,KCGCYNAQPFONNT-LJQANCHMSA-N,KCGCYNAQPFONNT,PubChem,24794011,
Cc1ccc(N(C(=O)c2ccn[nH]2)[C@H](C(=O)NC2CCCC2)c2cccs2)cc1,Non-blocker,Non-blocker,KCJPVRQGAWDAIM-FQEVSTJZSA-N,KCJPVRQGAWDAIM,PubChem,3153689,
COCC(=O)Nc1ccc(S(=O)(=O)NCCc2ccccc2)cc1,Non-blocker,Non-blocker,KCKDMRHIUOVCIT-UHFFFAOYSA-N,KCKDMRHIUOVCIT,PubChem,889485,
CC(CN(C)C)CN1c2ccccc2[S+]([O-])c2ccc(C#N)cc21,Blocker,Blocker,KCPHNCFJFKSBMD-UHFFFAOYSA-N,KCPHNCFJFKSBMD,eval_set_herg_70.csv,,
COc1ccc(S(=O)(=O)Nc2ccccc2C(=O)O[C@@H]2CCCN(C)C2)cc1OC,Non-blocker,Non-blocker,KCYGLJHIQOKFQT-OAHLLOKOSA-N,KCYGLJHIQOKFQT,PubChem,6603515,
Br.CCn1c2c(c(=N)c3c1CCC3)CCCC2,Non-blocker,Non-blocker,RDKPMNKWSNJWRL-UHFFFAOYSA-N,KDEBGIMNCASXLM,data_herg_dev,CHEMBL592044,
O=C1N=C(N2CCN(c3ccccc3)CC2)S/C1=C\c1cn[nH]c1-c1ccccc1,Non-blocker,Non-blocker,KDJWRYWTGWAZPJ-HKWRFOASSA-N,KDJWRYWTGWAZPJ,PubChem,1397416,
C[C@H](C(=O)Nc1ccc(O)cc1C(=O)O)N1C(=O)/C(=C\c2cccs2)SC1=S,Non-blocker,Non-blocker,KDRHPXARYADUMY-MBBDXHFBSA-N,KDRHPXARYADUMY,PubChem,6227369,
CCOC(=O)c1sc2nc(C(C)C)c3c(c2c1N)CCC3,Non-blocker,Non-blocker,KDROOZVOLAYLFO-UHFFFAOYSA-N,KDROOZVOLAYLFO,PubChem,930004,
CN(c1ccccc1)S(=O)(=O)c1cccc(C(=O)N2CCN(C(=O)Cc3ccc(F)cc3)CC2)c1,Non-blocker,Blocker,KDSHDUKPKXKQFE-UHFFFAOYSA-N,KDSHDUKPKXKQFE,eval_set_herg_60.csv,,
OCCN1CCN(CCSc2ccccc2)CC1,Non-blocker,Non-blocker,KFOJYYHUMVFMGT-UHFFFAOYSA-N,KFOJYYHUMVFMGT,PubChem,6603494,
COc1ccc(CN2C[C@H](C(=O)NCc3ccccn3)CC2=O)cc1,Non-blocker,Non-blocker,KFPJQBNZNLJKJG-OAHLLOKOSA-N,KFPJQBNZNLJKJG,PubChem,3239368,
CC(C)=CCN1CC[C@@]2(C)c3cc(O)ccc3C[C@@H]1[C@@H]2C.O=C(O)CCC(=O)O,Non-blocker,Non-blocker,KFPNZIZLGZZGHO-DTOXXUQYSA-N,KFPNZIZLGZZGHO,data_herg_dev,,12259683
O=C(COc1ccccc1)N1CCN=C1SCc1ccccc1,Non-blocker,Non-blocker,KFXISLMFCUAARK-UHFFFAOYSA-N,KFXISLMFCUAARK,PubChem,4127627,
N#CCc1cc(-c2ccc(Cl)c(Cl)c2)n[nH]1,Non-blocker,Blocker,KGBBJCBFCUHTTJ-UHFFFAOYSA-N,KGBBJCBFCUHTTJ,PubChem,902163,
C1=C(c2ccccn2)CCCN1c1nnc(N2CCC(N3CCCCC3)CC2)s1,Blocker,Blocker,KGTSVLOKRNDHFU-UHFFFAOYSA-N,KGTSVLOKRNDHFU,data_herg_dev,CHEMBL2048589,
CC[C@@H](C)Sc1ccc(-c2nc3ccc(C)cn3c2NCc2ccccc2)cc1,Blocker,Non-blocker,KHELVDMONQBQRT-LJQANCHMSA-N,KHELVDMONQBQRT,PubChem,53299539,
Cc1nc2ccccc2n1[C@@H]1C[C@H]2COC[C@@H](C1)N2C,Blocker,Blocker,KICCGGGRQKPBIH-BTTYYORXSA-N,KICCGGGRQKPBIH,eval_set_herg_60.csv,,
COc1ccc2nc(NC3=NC[C@@]4(CN5CCC4CC5)O3)sc2c1,Blocker,Blocker,KIDXXFXVPLATJJ-KRWDZBQOSA-N,KIDXXFXVPLATJJ,PubChem,134145411,27958732
CCc1cc(/C(C)=N/OCc2ccc(C3CCCCC3)c(C(F)(F)F)c2)ccc1CN1CC(C(=O)O)C1,Blocker,Non-blocker,KIHYPELVXPAIDH-HNSNBQBZSA-N,KIHYPELVXPAIDH,data_herg_dev,CHEMBL2336071,
CNC(=O)COC(=O)CNC(=O)c1cc(Cl)cc([N+](=O)[O-])c1,Non-blocker,Non-blocker,KJCNATKCIFXQBY-UHFFFAOYSA-N,KJCNATKCIFXQBY,PubChem,2434959,
Cc1cccc(C)c1OCC(=O)N[C@@H](Cc1ccccc1)[C@@H](O)C[C@H](Cc1ccccc1)NC(=O)[C@H](C(C)C)N1CCCNC1=O,Non-blocker,Blocker,KJHKTHWMRKYKJE-SUGCFTRWSA-N,KJHKTHWMRKYKJE,PubChem,92727,
Cc1ccc(CCNC(=O)CN2CCN(Cc3ccccc3F)C2=O)cc1,Non-blocker,Non-blocker,KJQHZRZRIDGVEG-UHFFFAOYSA-N,KJQHZRZRIDGVEG,PubChem,3245977,
C#CCNC(=O)C1=C[C@H](C2CCCCC2)[C@@H](CCCO)[C@H](OCC)O1,Non-blocker,Non-blocker,KJUKQGITUIYQSM-MBOZVWFJSA-N,KJUKQGITUIYQSM,PubChem,16197023,
O=C(CSCC(=O)N1CCCCC1)OCC(=O)c1c[nH]c2ccccc12,Non-blocker,Non-blocker,KKEYXYBFPQZMSH-UHFFFAOYSA-N,KKEYXYBFPQZMSH,PubChem,2612965,
O=c1nc(-c2ccc(C(F)(F)F)cc2)[nH]c2c1CSCC2,Non-blocker,Non-blocker,KLGQSVMIPOVQAX-UHFFFAOYSA-N,KLGQSVMIPOVQAX,eval_set_herg_60.csv,,
COc1ccc2c(c1)C(=O)N(c1nc(C(=O)Nc3cnccc3N3CCNCC3)cs1)C2,Non-blocker,Blocker,KLJVDMAOKMSBQX-UHFFFAOYSA-N,KLJVDMAOKMSBQX,data_herg_dev,CHEMBL2381116,
CN1C(=O)Cn2c1nc1nc(N3CCC[C@@H](N)C3)n(Cc3cc(F)ccc3C#N)c1c2=O,Non-blocker,Non-blocker,KMOYVYIQCXEQDG-OAHLLOKOSA-N,KMOYVYIQCXEQDG,data_herg_dev,CHEMBL3687984,
CCOc1cccc(F)c1[C@]1(O)C(N)=Nc2ccc(Cl)cc21,Blocker,Non-blocker,KNFXVTATVGJJAA-INIZCTEOSA-N,KNFXVTATVGJJAA,eval_set_herg_60.csv,,
O=C(O)CCC(=O)C(=O)O,Non-blocker,Non-blocker,KPGXRSRHYNQIFN-UHFFFAOYSA-N,KPGXRSRHYNQIFN,PubChem,51,
Cc1ncc([N+](=O)[O-])n1C[C@@H](C)O,Non-blocker,Non-blocker,KPQZUUQMTUIKBP-RXMQYKEDSA-N,KPQZUUQMTUIKBP,PubChem,71815,
CC(C)Cc1ccc(C(C)C(=O)NS(C)(=O)=O)cc1,Non-blocker,Blocker,KQDRVXQXKZXMHP-UHFFFAOYSA-N,KQDRVXQXKZXMHP,eval_set_herg_60.csv,,
Cl.OC(CN1CCN(c2cccc(Cl)c2)CC1)C(c1ccccc1)c1ccccc1,Blocker,Blocker,QJHCTHPYUOXOGM-UHFFFAOYSA-N,KQGJIKWDFWLCHO,data_herg_dev,CHEMBL534084,
CNS(=O)(=O)Cc1ccc2[nH]cc(CCN(C)C)c2c1,Non-blocker,Non-blocker,KQKPFRSPSRPDEB-UHFFFAOYSA-N,KQKPFRSPSRPDEB,eval_set_herg_70.csv,,
Cc1c([N+](=O)[O-])cc(C(=O)Nc2ccc(NC(=O)c3ccco3)cc2)cc1[N+](=O)[O-],Non-blocker,Non-blocker,KQWPDAMGADGALY-UHFFFAOYSA-N,KQWPDAMGADGALY,PubChem,3119288,
Cc1ccc(/N=C/c2c(C)nn(-c3ccccc3)c2O)nc1,Non-blocker,Non-blocker,KRERONJAJOUFKN-YBFXNURJSA-N,KRERONJAJOUFKN,PubChem,759053,
Cc1ccc(-c2nn(-c3ccccc3)cc2C(=O)NCCCN2CCCC2=O)cc1,Non-blocker,Non-blocker,KRKBCYMUZIYRRU-UHFFFAOYSA-N,KRKBCYMUZIYRRU,PubChem,24982065,
CON(C)C(=O)C[C@@H]1COCCN1C(=O)OC(C)(C)C,Non-blocker,Non-blocker,KRMFPINMEARYNY-SNVBAGLBSA-N,KRMFPINMEARYNY,PubChem,44202085,
CN(C)c1ccc(C(=N)c2ccc(N(C)C)cc2)cc1.Cl,Blocker,Non-blocker,JPIYZTWMUGTEHX-UHFFFAOYSA-N,KSCQDDRPFHTIRL,data_herg_dev,CHEMBL1612246,
CCNC(=O)[C@H](Cc1ccc(O)c(C(C)(C)C)c1)NC(=O)[C@H](C(C)C)N(C)C(=O)[C@H](Cc1ccc(F)cc1)NC,Blocker,Blocker,KSDWAJPUTRBIRR-KLJDGLGGSA-N,KSDWAJPUTRBIRR,eval_set_herg_60.csv,,
C[C@H](Oc1cc(-c2cnn(C3CCNCC3)c2)cnc1N)c1c(Cl)ccc(F)c1Cl,Blocker,Blocker,KTEIFNKAUNYNJU-LBPRGKRZSA-N,KTEIFNKAUNYNJU,eval_set_herg_60.csv,,
COC(=O)Nc1cc(C(F)(F)F)c(-c2nc(N3CCOCC3)c3cc(CN4CCN(S(C)(=O)=O)CC4)cn3n2)cn1,Non-blocker,Non-blocker,KTLQDDGRBDLKMN-UHFFFAOYSA-N,KTLQDDGRBDLKMN,data_herg_dev,CHEMBL4800252,
CS(=O)(=O)CN(c1ccc(Cl)c(Cl)c1)C1CCNCC1,Blocker,Non-blocker,KTQCRFSYZAJHFI-UHFFFAOYSA-N,KTQCRFSYZAJHFI,eval_set_herg_70.csv,,
Cc1ccc(NC(=O)c2ccc(CN3CCN(C)CC3)cc2)cc1Nc1nccc(-c2cccnc2)n1,Blocker,Non-blocker,KTUFNOKKBVMGRW-UHFFFAOYSA-N,KTUFNOKKBVMGRW,eval_set_herg_60.csv,,
Cc1cccc(NC(=O)c2nc(Br)cs2)n1,Non-blocker,Blocker,KTVHHINEFPPAGV-UHFFFAOYSA-N,KTVHHINEFPPAGV,data_herg_dev,CHEMBL3740015,
COc1ccccc1CC(=O)Nc1ccc(-c2noc(COc3ccc(Br)cc3)n2)cc1,Non-blocker,Non-blocker,KUDUPUYRWVQYFB-UHFFFAOYSA-N,KUDUPUYRWVQYFB,PubChem,1291616,
NC(=O)COC(=O)c1cc(Cl)cc(Cl)c1N,Non-blocker,Non-blocker,KUWZQLYBZPVLON-UHFFFAOYSA-N,KUWZQLYBZPVLON,PubChem,2389454,
COc1cccc(COC(=O)c2c(-c3ccc(OC)c(OC)c3)csc2N)c1,Blocker,Blocker,KUYKGKWALOSLME-UHFFFAOYSA-N,KUYKGKWALOSLME,PubChem,71009783,23566515
Cc1cc2nc3c(c(C(F)(F)F)n2n1)CCCC3,Non-blocker,Non-blocker,KVIBKWFEGFHKPH-UHFFFAOYSA-N,KVIBKWFEGFHKPH,PubChem,754722,
Cc1ccc([C@H](C(=O)NC(C)(C)C)N(Cc2cccnc2)C(=O)C(=O)NC2CCCCC2)o1,Non-blocker,Blocker,KVUPVCQWLOJANH-OAQYLSRUSA-N,KVUPVCQWLOJANH,PubChem,3220029,
Sc1[nH]cnc2c1sc1nc(=[N+]3CCOCC3)c3c(c12)CCCC3,Blocker,Blocker,KVVASTRPZBEADU-UHFFFAOYSA-O,KVVASTRPZBEADU,PubChem,1325691,
COc1cc(C(=O)N2CCN(c3ccccc3)CC2)c([N+](=O)[O-])cc1OC,Non-blocker,Non-blocker,KWBGMKHJLMAMSJ-UHFFFAOYSA-N,KWBGMKHJLMAMSJ,PubChem,1116202,
C/C(=C\C(=O)Nc1nccs1)c1ccccc1,Non-blocker,Non-blocker,KXMVAXLDAZPGOL-MDZDMXLPSA-N,KXMVAXLDAZPGOL,PubChem,2191773,
NC[C@]1(c2cccc(Cl)c2)CC[C@H](N2CCn3c(nnc3C(F)(F)F)C2=O)CC1,Blocker,Non-blocker,KXWVCAHIYMQJOK-PPUGGXLSSA-N,KXWVCAHIYMQJOK,data_herg_dev,CHEMBL3112967,
Cc1ccc(S(=O)(=O)N2CCN([C@@H]3C[C@@H]4CC[C@H]3C4)CC2)cc1,Non-blocker,Non-blocker,KYDNJCDNCBBPRQ-SOLBZPMBSA-N,KYDNJCDNCBBPRQ,PubChem,17366248,
COC[C@H]1CCCN1C(=O)c1cc(C)cc(C(=O)N[C@@H](Cc2cc(F)cc(F)c2)[C@H](O)[C@H]2C[C@@H](Oc3ccccc3)CN2)c1,Blocker,Blocker,KYHYNSQLYDXSNK-MXWGZHRFSA-N,KYHYNSQLYDXSNK,data_herg_dev,CHEMBL403195,
COC(=O)[C@H]1C(O)=CC(N2CCOCC2)=CC1(C)C,Non-blocker,Non-blocker,KYLVFNAYDQIGAU-GFCCVEGCSA-N,KYLVFNAYDQIGAU,PubChem,544174,
CC(C)(c1cc(Cl)c(O)c(Cl)c1)c1cc(Cl)c(O)c(Cl)c1,Non-blocker,Non-blocker,KYPYTERUKNKOLP-UHFFFAOYSA-N,KYPYTERUKNKOLP,PubChem,6619,
Cc1cccc(Cn2nc(C)c3c(NC(=O)c4csc5c(N)ncnc45)cccc32)n1,Non-blocker,Non-blocker,KZVIZFHCMVWFNT-UHFFFAOYSA-N,KZVIZFHCMVWFNT,data_herg_dev,CHEMBL4483816,
CC1CCN(S(=O)(=O)c2cn(CC(=O)Nc3cccc(C#N)c3)cn2)CC1,Non-blocker,Non-blocker,LACVJBNEONNBCM-UHFFFAOYSA-N,LACVJBNEONNBCM,PubChem,24790985,
COc1cccc(CSc2nc3ccccc3[nH]2)c1,Non-blocker,Non-blocker,LAWRJWNPRQNQIW-UHFFFAOYSA-N,LAWRJWNPRQNQIW,PubChem,2083716,
CN1CC=CCC(c2cc3ccccc3o2)C1,Non-blocker,Non-blocker,LBMMBEDCUJAMIZ-UHFFFAOYSA-N,LBMMBEDCUJAMIZ,data_herg_dev,CHEMBL2326689,
CCn1cncc1Cn1cc(-c2ccc(Cl)cc2)cn1,Blocker,Blocker,LBYWWSCGWDYKNX-UHFFFAOYSA-N,LBYWWSCGWDYKNX,eval_set_herg_70.csv,,
CC(C)Oc1ccc(C(=O)Nc2cccc3cccnc23)cc1,Non-blocker,Non-blocker,LCEUJENGMKMWJS-UHFFFAOYSA-N,LCEUJENGMKMWJS,PubChem,836753,
O=C(NCC(F)(F)F)c1ccc(S(=O)(=O)N2CCN(C(=O)[C@H]3CCCO3)CC2)cc1,Non-blocker,Non-blocker,LCLZROTWKVMKOV-OAHLLOKOSA-N,LCLZROTWKVMKOV,PubChem,16295755,
COc1cccc(-c2nn(C)c3sc(C(=O)NCCN4CCN(c5ccccc5F)CC4)cc23)c1,Non-blocker,Non-blocker,LCUDPYILJFKBKX-UHFFFAOYSA-N,LCUDPYILJFKBKX,data_herg_dev,CHEMBL586962,
COC(=O)/C=C\C(=O)OC,Non-blocker,Non-blocker,LDCRTTXIJACKKU-ARJAWSKDSA-N,LDCRTTXIJACKKU,PubChem,5271565,
CN1/C(=C\C(=O)COc2ccc3c(c2)OCO3)C(C)(C)c2ccccc21,Non-blocker,Non-blocker,LDQQTSNLIWMABB-JMIUGGIZSA-N,LDQQTSNLIWMABB,PubChem,2435404,
CCCCCN(C(=O)CCC(=O)OCc1cc(C)ccc1C)c1c(N)n(CCCC)c(=O)[nH]c1=O,Non-blocker,Non-blocker,LDYWEISOPLFEPY-UHFFFAOYSA-N,LDYWEISOPLFEPY,PubChem,24982869,
CCCCN(CCCC)CC[C@H](O)c1cc2c(Cl)cc(Cl)cc2c2c1=CC[C@H](C(F)(F)F)C=2,Blocker,Blocker,LEKUJLQQZVXLAU-GKVSMKOHSA-N,LEKUJLQQZVXLAU,eval_set_herg_60.csv,,
C/C(=N/NC(=O)c1ccc(Br)s1)c1ccncc1,Non-blocker,Non-blocker,LEXOTFKKIMTANP-NVNXTCNLSA-N,LEXOTFKKIMTANP,PubChem,25237459,
CCOC(=O)C1=C(Cc2ccc(F)cc2)C(=O)c2ccccc2C1=O,Non-blocker,Non-blocker,LFEASAQKZPZJMF-UHFFFAOYSA-N,LFEASAQKZPZJMF,PubChem,755636,
COc1ccc(CC(=O)O[C@H](C)C(=O)Nc2ccc(Cl)cn2)cc1,Non-blocker,Non-blocker,LFNWGVQCIVAMKI-LLVKDONJSA-N,LFNWGVQCIVAMKI,PubChem,4786321,
Cc1ccc([N+](=O)[O-])cc1-c1ccc(/C=N/NC(=O)c2cc3c(ccc4ccccc43)o2)o1,Non-blocker,Non-blocker,LFTIXZZEYOCEIE-VULFUBBASA-N,LFTIXZZEYOCEIE,PubChem,6876252,
COc1cc(NC(=O)c2nnn(Cc3ccc(CN4CCOCC4)cc3)c2N)ncn1,Non-blocker,Blocker,LFXWDAPQKPTLDU-UHFFFAOYSA-N,LFXWDAPQKPTLDU,CUPID,171342782,28844141
Cc1c(C(=O)OCC(=O)c2ccc3c(c2)OCCO3)oc2ccccc12,Non-blocker,Non-blocker,LGGICADJPQLUSF-UHFFFAOYSA-N,LGGICADJPQLUSF,PubChem,2997991,
O=c1oc2cc(O)ccc2c2oc3ccc(O)c(CN4CCC(F)CC4)c3c12,Blocker,Blocker,LGQUGSNVIXYSKO-UHFFFAOYSA-N,LGQUGSNVIXYSKO,PubChem,168272637,36174223
C[C@@H](NC(=O)c1ccc(Br)cc1)c1ccc2c(c1)CCCC2,Blocker,Blocker,LGRVTQRSFAJKGX-CYBMUJFWSA-N,LGRVTQRSFAJKGX,PubChem,2947526,
CN1CCN(CCN2CCn3c2nc2ccccc23)CC1,Non-blocker,Non-blocker,LGXKAGKITRVDGE-UHFFFAOYSA-N,LGXKAGKITRVDGE,PubChem,2882883,
CC(C)CC1=NC(C(F)(F)F)(C(F)(F)F)c2c(O)nc(=O)n(CC(C)C)c2N1,Non-blocker,Non-blocker,LHEBRMUUINIKDO-UHFFFAOYSA-N,LHEBRMUUINIKDO,PubChem,2304340,
Cc1ccc(CCNC(=O)[C@@H]2CCCN(S(=O)(=O)c3cccs3)C2)cc1,Non-blocker,Non-blocker,LHHGDVANXLICJB-QGZVFWFLSA-N,LHHGDVANXLICJB,PubChem,4089362,
Cn1ccc(C[N+]2=CC(c3cccc(C(F)(F)F)c3)C=N2)n1,Blocker,Blocker,LIHJHFVXLZSRNK-UHFFFAOYSA-N,LIHJHFVXLZSRNK,eval_set_herg_60.csv,,
CN1CCN(c2ccc(C(=O)Nc3cc(-c4ccncc4)ccc3N)nc2)CC1,Non-blocker,Non-blocker,LILLLPCBSKFLTE-UHFFFAOYSA-N,LILLLPCBSKFLTE,eval_set_herg_70.csv,,
CC(C)[C@H](NC(=O)c1cccc(S(=O)(=O)N2CCCC2)c1)c1nc2ccccc2[nH]1,Non-blocker,Non-blocker,LINSNJWZVMEBRR-FQEVSTJZSA-N,LINSNJWZVMEBRR,PubChem,2558673,
O=C(CN1CCCC2=C1C(=O)N(C1CC1)C2=O)Nc1ccc(-c2cccnc2)nn1,Non-blocker,Non-blocker,LJDCIVDNJQNMRY-UHFFFAOYSA-N,LJDCIVDNJQNMRY,data_herg_dev,CHEMBL4087906,
COc1cc(/C=C/c2ccc3c(Br)cc(Br)c(O)c3n2)ccc1O,Non-blocker,Blocker,LJHFHFMKDNYWHI-DUXPYHPUSA-N,LJHFHFMKDNYWHI,PubChem,135460261,
C[C@@H]([C@@H](O)c1ccc2c(c1)CCC(O)N2)N1CCC(O)(c2ccccc2)CC1,Blocker,Blocker,LJMDQOSAVJNIPL-GWGYHSHPSA-N,LJMDQOSAVJNIPL,eval_set_herg_60.csv,,
CCn1nc(C)c(NC(=O)C[C@]23C[C@H]4C[C@H](C[C@H](C4)C2)C3)c1C,Non-blocker,Non-blocker,LJNVAMCVDXOACC-HGYGSNGRSA-N,LJNVAMCVDXOACC,PubChem,4649296,
O=C(Cc1ccccc1)NNc1c2ccccc2nc2ccccc12,Non-blocker,Non-blocker,LJVNVNPZKNOHEB-UHFFFAOYSA-N,LJVNVNPZKNOHEB,PubChem,2962368,
COc1ccc2c(c1OC)C(=O)N1c3ccccc3C(=O)N(c3ccccc3)[C@@H]21,Non-blocker,Non-blocker,LJZQPEUGCZRGBA-OAQYLSRUSA-N,LJZQPEUGCZRGBA,PubChem,659111,
C[C@H](C(=O)Nc1cccc([N+](=O)[O-])c1)N(c1ccccc1)S(C)(=O)=O,Non-blocker,Non-blocker,LKCZCUXRQCDGKI-GFCCVEGCSA-N,LKCZCUXRQCDGKI,PubChem,2929896,
CCCCn1c(O)c(/C=C/C2=[N+](C)CCS2)sc1=S,Non-blocker,Non-blocker,LKHOSQNUTJPPBI-UHFFFAOYSA-O,LKHOSQNUTJPPBI,PubChem,5759277,
CCn1c(=O)[nH]c2cc(Cl)c(Cl)cc21,Non-blocker,Non-blocker,LKHRMULASXZCLG-UHFFFAOYSA-N,LKHRMULASXZCLG,PubChem,656765,
CCOC(=O)CN1C(=O)[C@@](O)([C@H]2CCc3ccccc3C2=O)c2ccccc21,Blocker,Non-blocker,LKISYEQMWLLLCO-JTSKRJEESA-N,LKISYEQMWLLLCO,PubChem,2977643,
CC(C)CN1C(=O)N[C@@](NC(=O)c2cccs2)(C(F)(F)F)C1=O,Non-blocker,Non-blocker,LKNPXWGRIQWFQI-GFCCVEGCSA-N,LKNPXWGRIQWFQI,PubChem,3245898,
Cc1ccccc1N1N/C(=c2/c(-c3ccc(F)cc3)nn3c2=NC[C@@H](CO)C3)C=CC1=O,Non-blocker,Non-blocker,LKQIFMKIEJDTEJ-BWORXHKJSA-N,LKQIFMKIEJDTEJ,eval_set_herg_60.csv,,
O=C(C[C@@H](Sc1nc(-c2ccccc2)n[nH]1)c1ccccc1)NCc1ccccc1,Non-blocker,Non-blocker,LLBHQKGAELZPKL-OAQYLSRUSA-N,LLBHQKGAELZPKL,PubChem,2984275,
O=S(=O)(c1ccc(F)cc1)n1ccc(-c2cccc(OCc3c(F)cccc3Cl)c2)n1,Blocker,Non-blocker,LLHKKDPTQAADSD-UHFFFAOYSA-N,LLHKKDPTQAADSD,PubChem,1477577,
COc1ccccc1CCC(=O)Oc1ccc(C#N)cc1OC,Non-blocker,Non-blocker,LLIDWFQCDOJBJT-UHFFFAOYSA-N,LLIDWFQCDOJBJT,PubChem,24687981,
CC(C)(C)c1cc(NC(=O)Cc2ccc(-n3cnc4cc(-c5ccc(S(C)(=O)=O)cc5)ccc43)cc2)no1,Blocker,Blocker,LMFNJXLDISVWLF-UHFFFAOYSA-N,LMFNJXLDISVWLF,CUPID,118559124,32298114
CC1CCOC1(c1ccc(-c2cnc(N)cn2)cc1)c1ccc(C(=O)NCC(C)(C)O)nc1,Non-blocker,Non-blocker,LMXIPLIXSFTUTJ-UHFFFAOYSA-N,LMXIPLIXSFTUTJ,eval_set_herg_60.csv,,
Cc1c(CN([C@@H]2CCNC2)S(C)(=O)=O)ccc2cc(F)ccc12,Blocker,Blocker,LNIDNIKEDAQTOW-MRXNPFEDSA-N,LNIDNIKEDAQTOW,PubChem,44610722,19740658
O=C(/C=C/c1ccco1)Nc1ccc2c(c1)OCO2,Non-blocker,Non-blocker,LNNIKLNELUQODG-GQCTYLIASA-N,LNNIKLNELUQODG,PubChem,2303048,
Cn1cc(S(=O)(=O)N2CCOCC2)cc1C(=O)O,Non-blocker,Non-blocker,LNPJLJXTMBERAA-UHFFFAOYSA-N,LNPJLJXTMBERAA,PubChem,8899740,
Cc1cnc(N2CCC(C3CC3CCOc3nc(C)cc(C#N)n3)CC2)nc1,Blocker,Blocker,LNSCXGSOFFKSIA-UHFFFAOYSA-N,LNSCXGSOFFKSIA,PubChem,CUPID,
Cc1cc(C)cc(NC(=O)c2ccc(CNc3c(N4CCOCC4)c(=O)c3=O)cc2)c1,Non-blocker,Non-blocker,LNWUBOXMYLNTSS-UHFFFAOYSA-N,LNWUBOXMYLNTSS,PubChem,9550437,
O=C(NCCCN1CCOCC1)c1ccc(CS(=O)(=O)c2cccc(C(F)(F)F)c2)o1,Non-blocker,Non-blocker,LOGZYAQWRSCUDZ-UHFFFAOYSA-N,LOGZYAQWRSCUDZ,PubChem,3244186,
CCC(COC(=O)c1cc(OC)c(OC)c(OC)c1)(c1ccccc1)[NH+](C)C,Non-blocker,Non-blocker,LORDFXWUHHSAQU-UHFFFAOYSA-O,LORDFXWUHHSAQU,eval_set_herg_70.csv,,
COc1cccc(NC(=O)NC(=O)c2c(C)cc(Cl)nc2Cl)c1,Non-blocker,Non-blocker,LORZNZKBPNDVNS-UHFFFAOYSA-N,LORZNZKBPNDVNS,PubChem,1265401,
CCOC(=O)N/N=C(\C)c1ccc(C)o1,Non-blocker,Non-blocker,LOUUMWJCIMLLJS-DHZHZOJOSA-N,LOUUMWJCIMLLJS,PubChem,6271527,
CNC(=O)[C@H](C)Cn1cnc2ccc(-c3cnc(OC)c(NS(=O)(=O)c4ccc(F)cc4Cl)c3)cc2c1=O,Blocker,Non-blocker,LPATWVFSBNDSHR-CQSZACIVSA-N,LPATWVFSBNDSHR,data_herg_dev,CHEMBL4632970,
C=C(C)C(=O)[O-].CCCC[Sn+](CCCC)CCCC,Non-blocker,Blocker,LPUCKLOWOWADAC-UHFFFAOYSA-M,LPUCKLOWOWADAC,eval_set_herg_70.csv,,
COc1cccc(O)c1O,Blocker,Non-blocker,LPYUENQFPVNPHY-UHFFFAOYSA-N,LPYUENQFPVNPHY,PubChem,13622,
C1CCC2(C1)C1C[N+](CC3CC3)CC2C[N+](CC2CC2)C1,Blocker,Blocker,LQHJNPOLJRIJNN-UHFFFAOYSA-N,LQHJNPOLJRIJNN,eval_set_herg_60.csv,,
COc1ccc2c(C(=O)NCc3ccc(F)cc3)c(O)n(O)c(=O)c2c1,Non-blocker,Blocker,LQIFQLWSECZXKO-UHFFFAOYSA-N,LQIFQLWSECZXKO,data_herg_dev,CHEMBL3288273,
COc1nnc(-c2ccc(N3CCCCC3)c(NC(C)=O)c2)c2ccccc12,Non-blocker,Non-blocker,LQULJHQENOUPKY-UHFFFAOYSA-N,LQULJHQENOUPKY,PubChem,3155247,
O=C(CN1C(=O)[C@]2(CCOC[C@H]2F)OC1c1cccc(Cl)c1)Nc1cc2c(cn1)C[C@]1(C2)C(=O)Nc2ncccc21,Non-blocker,Non-blocker,LREUBQQMJXJGNU-ZGFZYKMBSA-N,LREUBQQMJXJGNU,eval_set_herg_60.csv,,
CCCCC(=O)N1CCN(c2nc3ccc(Cl)cc3s2)CC1,Non-blocker,Non-blocker,LRLURLCMZHCHSB-UHFFFAOYSA-N,LRLURLCMZHCHSB,PubChem,7539085,
COc1cc(CNCc2ccccn2)ccc1OCc1ccc(Cl)cc1,Non-blocker,Non-blocker,LRSFFDRYGFKPIL-UHFFFAOYSA-N,LRSFFDRYGFKPIL,PubChem,2968829,
COc1cc2c(cc1OC)C(/C(C#N)=N\O)=NC(C)(C)C2,Non-blocker,Non-blocker,LSNJMZMIBWMKJT-WQRHYEAKSA-N,LSNJMZMIBWMKJT,PubChem,135544653,
CCN(CC)C(=O)[C@@H](C)OC(=O)c1ccc(O)cc1,Non-blocker,Non-blocker,LSPIQGHSKHAHRT-SNVBAGLBSA-N,LSPIQGHSKHAHRT,PubChem,2900944,
O=C(c1ccc(F)cc1)c1ccc(F)cc1,Non-blocker,Non-blocker,LSQARZALBDFYQZ-UHFFFAOYSA-N,LSQARZALBDFYQZ,eval_set_herg_60.csv,,
CCCCn1c(CCNC(=O)CCC)nc2ccccc21,Non-blocker,Non-blocker,LSSSVQVFNFTZKD-UHFFFAOYSA-N,LSSSVQVFNFTZKD,PubChem,5086459,
c1ccc([C@]2(CCNCc3scc4c3CCC4)CCO[C@]3(CCOC3)C2)nc1,Non-blocker,Non-blocker,LTBSXKNJCNNQFE-DHIUTWEWSA-N,LTBSXKNJCNNQFE,eval_set_herg_60.csv,,
Cc1ccccc1-c1c(N)c(C(=O)c2ccc(F)cc2F)cc[n+]1[O-],Non-blocker,Blocker,LTGBWAXSDFOJNJ-UHFFFAOYSA-N,LTGBWAXSDFOJNJ,data_herg_dev,CHEMBL551717,
O=C(NN=C1CCCCCC1)c1ccc(Br)o1,Non-blocker,Non-blocker,LTGPLPDAYODTGM-UHFFFAOYSA-N,LTGPLPDAYODTGM,PubChem,3283870,
CCc1ccc(CN(C)C(=O)CCc2nc3ccccc3n(-c3ccc(OC)cc3)c2=O)cc1,Non-blocker,Non-blocker,LTOPUBIXIPBCDP-UHFFFAOYSA-N,LTOPUBIXIPBCDP,PubChem,2476519,
CN1CCN([C@@H]2c3ccccc3Nc3ccc(Cl)cc3N2O)CC1,Blocker,Non-blocker,LTRSQBSUNYICJX-SFHVURJKSA-N,LTRSQBSUNYICJX,eval_set_herg_60.csv,,
C[C@]12C(=O)OC(=O)[C@H]1[C@H]1C=C[C@@H]2C1,Non-blocker,Non-blocker,LTVUCOSIZFEASK-MPXCPUAZSA-N,LTVUCOSIZFEASK,PubChem,6602188,
CCCCn1c(N)c(N(CCOC)C(=O)COC(=O)COc2c(C)cccc2C)c(O)nc1=O,Non-blocker,Non-blocker,LUSHITYAKBRSIF-UHFFFAOYSA-N,LUSHITYAKBRSIF,PubChem,24687088,
Cn1c(NC(=O)c2ccccc2)c(-c2ccccn2)c(=O)c2ccccc21,Non-blocker,Non-blocker,LVDSSVVYHUYOJL-UHFFFAOYSA-N,LVDSSVVYHUYOJL,PubChem,1960193,
Cc1cc(C)n(C[C@@H](C)NCc2cn[nH]c2-c2ccc(C)c(C)c2)n1,Non-blocker,Non-blocker,LVIXRLUCTYKDHK-MRXNPFEDSA-N,LVIXRLUCTYKDHK,PubChem,16190441,
Cc1ccc2c(=O)oc(N(C)C)nc2c1,Non-blocker,Non-blocker,LWFMPOUIUJQIFN-UHFFFAOYSA-N,LWFMPOUIUJQIFN,PubChem,1488244,
NC1=NC(=O)C[C@H](C(=O)NCc2ccccc2)S1,Non-blocker,Non-blocker,LWKJZLHQETUZTO-SECBINFHSA-N,LWKJZLHQETUZTO,PubChem,2892879,
C=C1/C(=C\C=C2/CCC[C@@]3(C)[C@H]2CC[C@@H]3[C@H](C)/C=C/[C@@H](O)C2CC2)C[C@@H](O)C[C@@H]1O,Non-blocker,Non-blocker,LWQQLNNNIPYSNX-UROSTWAQSA-N,LWQQLNNNIPYSNX,eval_set_herg_70.csv,,
Cc1ccc(S(=O)(=O)N2CCCCC2)cc1C(=O)NC1CC(C)(C)NC(C)(C)C1,Non-blocker,Non-blocker,LWULTINOGJGVII-UHFFFAOYSA-N,LWULTINOGJGVII,PubChem,24980747,
CCOC(=O)CN1C(=O)C(=O)c2cccc(C)c21,Non-blocker,Non-blocker,LWUXEIAMFDJIGP-UHFFFAOYSA-N,LWUXEIAMFDJIGP,PubChem,2141777,
C[N+]1CCc2cc3c(cc2C(=O)Cc2ccc4c(c2C1)OCO4)OCO3,Non-blocker,Non-blocker,LXKNIEWKZKBFNW-UHFFFAOYSA-N,LXKNIEWKZKBFNW,eval_set_herg_70.csv,,
O=C(Nc1ccccc1F)C1CCN(C(=O)NC2CCCCC2)CC1,Non-blocker,Non-blocker,LXPDIURSXORZOH-UHFFFAOYSA-N,LXPDIURSXORZOH,PubChem,24761899,
CCOC(=O)[C@H]1C(=O)C[C@@](C)(O)[C@H](C(=O)OCC)[C@H]1c1ccc(SC)cc1,Non-blocker,Non-blocker,LYAQGMNUNZHKRV-OGNFBWPZSA-N,LYAQGMNUNZHKRV,PubChem,2940153,
Oc1ccc(/C=C/c2ccc3cccc(O)c3n2)cc1Br,Blocker,Non-blocker,LYRHKHXPDLTBIP-QPJJXVBHSA-N,LYRHKHXPDLTBIP,PubChem,135461288,
Cc1cccc(NC(=O)CSc2n[nH]c(-c3cccnc3)n2)c1,Non-blocker,Non-blocker,LYXBKBAYUQZIMH-UHFFFAOYSA-N,LYXBKBAYUQZIMH,PubChem,856100,
O=Cc1cn(-c2ccccc2)nc1-c1ccccc1,Non-blocker,Non-blocker,LZGBMIZREYTWRI-UHFFFAOYSA-N,LZGBMIZREYTWRI,PubChem,555820,
O=c1c2cccnc2nc(S)n1CCC1=CCCCC1,Non-blocker,Blocker,LZSKRVYVQQWHRL-UHFFFAOYSA-N,LZSKRVYVQQWHRL,PubChem,3241468,
CC(C)(C)CCN1CCC(CNC(=O)C2(c3ccc(F)cc3)CCCCC2)CC1,Blocker,Blocker,MAMUSVZGQPEVAS-UHFFFAOYSA-N,MAMUSVZGQPEVAS,CUPID,25130210,18817368
[O-][n+]1c2c(c3c4non(O)c4ccc31)CCCC2,Non-blocker,Non-blocker,MCKKUNFESISYPW-UHFFFAOYSA-N,MCKKUNFESISYPW,PubChem,54689224,
COC(=O)c1sccc1-c1ccc(/C=N/OCc2c(Cl)cccc2Cl)o1,Non-blocker,Non-blocker,MDENLERQLJBEOG-ZVBGSRNCSA-N,MDENLERQLJBEOG,PubChem,9581611,
OC1(c2ccc(Cl)c(C(F)(F)F)c2)CCN(CCCC(c2ccc(F)cc2)c2ccc(F)cc2)CC1,Blocker,Blocker,MDLAAYDRRZXJIF-UHFFFAOYSA-N,MDLAAYDRRZXJIF,PubChem,33630,
CCCCc1nc(Cl)c(CO)n1Cc1ccc(-c2ccccc2-c2nn[n-]n2)cc1,Blocker,Blocker,MDMTUGIZSFHDIC-UHFFFAOYSA-N,MDMTUGIZSFHDIC,eval_set_herg_70.csv,,
CC[C@@H](C)c1ccc(NC(=O)CC(C)=O)cc1,Non-blocker,Non-blocker,MENBMIDWRMRXHX-SNVBAGLBSA-N,MENBMIDWRMRXHX,PubChem,2936669,
CCN(CC)CCOC(=O)c1ccc(N)cc1,Non-blocker,Non-blocker,MFDFERRIHVXMIY-UHFFFAOYSA-N,MFDFERRIHVXMIY,eval_set_herg_70.csv,,
O=C(CCNS(=O)(=O)c1ccccc1C(F)(F)F)NNC(=O)[C@H]1COc2ccccc2O1,Non-blocker,Non-blocker,MGEZFFOZWHMDRL-OAHLLOKOSA-N,MGEZFFOZWHMDRL,PubChem,24980027,
CC(C)OC(=O)CSc1nnc2c(n1)[nH]c1ccc(F)cc12,Non-blocker,Non-blocker,MGTBDLFYXNTYGI-UHFFFAOYSA-N,MGTBDLFYXNTYGI,PubChem,5770401,
C[C@H]1COc2c(N3CCN(C)CC3)c(F)c(N)c3c(=O)c(C(=O)O)cn1c23,Non-blocker,Non-blocker,MHFCVNDHFSOKMK-VIFPVBQESA-N,MHFCVNDHFSOKMK,eval_set_herg_70.csv,,
COc1ccccc1OCC(O)C[N+]1CC[N+](CC(=O)Nc2c(C)cccc2C)CC1,Blocker,Non-blocker,MHIRFBQJARARKL-UHFFFAOYSA-N,MHIRFBQJARARKL,eval_set_herg_70.csv,,
Cc1c(N)cccc1C[C@@H](C)NC(=O)C(F)(F)F,Non-blocker,Non-blocker,MHTDCZHUHNZKNA-SSDOTTSWSA-N,MHTDCZHUHNZKNA,eval_set_herg_60.csv,,
N#CCSC1=Nc2ccccc2C2=N[C@H](CCC(=O)N3CCN(c4ccccc4)CC3)C(=O)N12,Non-blocker,Non-blocker,MHVVVUUHOWVVLK-OAQYLSRUSA-N,MHVVVUUHOWVVLK,PubChem,3241993,
Oc1ccc([C@H](O)CN2CCC(O)(c3ccc(F)cc3)CC2)cc1,Blocker,Blocker,MISLLVIAQVULCL-GOSISDBHSA-N,MISLLVIAQVULCL,eval_set_herg_60.csv,,
O=C(c1ccco1)N1CCN(S(=O)(=O)c2ccc(C3CCCCC3)cc2)CC1,Non-blocker,Blocker,MIVLAVCVJVWBJV-UHFFFAOYSA-N,MIVLAVCVJVWBJV,PubChem,3240519,
CCN=S1(=O)NC(=O)c2ccccc21,Non-blocker,Non-blocker,MIZDKDPHENPBJR-UHFFFAOYSA-N,MIZDKDPHENPBJR,data_herg_dev,CHEMBL4065115,
Cc1cccc(OCC(=O)NCCN2CCOCC2)c1,Non-blocker,Non-blocker,MJABNDVQJWEDOB-UHFFFAOYSA-N,MJABNDVQJWEDOB,PubChem,891626,
CCCCCc1cc(=O)oc2c([C@H](CCN3CCC[C@@H](C)C3)c3ccc(OC)cc3)c(OC)cc(OC)c12,Non-blocker,Non-blocker,MJJIHQACZGUMQB-ATIYNZHBSA-N,MJJIHQACZGUMQB,PubChem,16746298,
Cc1cc(=O)c2c(O)c3c(O)cc(=O)c4c3c3c(cc(O)c1c23)C(C)(C)C=4O,Non-blocker,Blocker,MJKDGCARCYPVQG-UHFFFAOYSA-N,MJKDGCARCYPVQG,data_herg_dev,,135430323
CCS(=O)(=O)N1CC(CC#N)(n2cc(-c3ncnc4[nH]ccc34)cc2C#N)C1,Non-blocker,Non-blocker,MJNRVLDPXSZXRB-UHFFFAOYSA-N,MJNRVLDPXSZXRB,eval_set_herg_60.csv,,
CNC(=O)c1c(NC(=O)CCS(=O)(=O)c2ccccc2)sc2c1CCN(C(=O)OC)C2,Non-blocker,Non-blocker,MJWBSCASIIDWIN-UHFFFAOYSA-N,MJWBSCASIIDWIN,PubChem,18580102,
CC[C@H](C)[C@H](NC(=O)c1ccccc1)C(=O)Nc1ccc(S(=O)(=O)Nc2cc(C)nc(C)n2)cc1,Non-blocker,Non-blocker,MKBWSKAVMHFVBD-HJPURHCSSA-N,MKBWSKAVMHFVBD,PubChem,2449902,
CCCCOc1c(Cl)cc(CNC(C)(C)CO)cc1OCC,Non-blocker,Non-blocker,MKNGOCGJZZHOPN-UHFFFAOYSA-N,MKNGOCGJZZHOPN,PubChem,2217251,
Cc1sc2ncnc(N/N=C/c3ccc(O)cc3)c2c1C,Non-blocker,Non-blocker,MLFZDXGVWPRDOG-CNHKJKLMSA-N,MLFZDXGVWPRDOG,PubChem,135521501,
O=C(OC1CC2CC3CC(C1)[NH+]2CC3O)c1c[nH]c2ccccc12,Non-blocker,Non-blocker,MLWGAEVSWJXOQJ-UHFFFAOYSA-O,MLWGAEVSWJXOQJ,eval_set_herg_70.csv,,
CC[C@H]1C[C@H]2CN3CCc4c([nH]c5ccc(OC)cc45)C(C(=O)OC)(C2)[C@H]13,Non-blocker,Blocker,MMAYTCMMKJYIAM-HRAXFBLQSA-N,MMAYTCMMKJYIAM,eval_set_herg_70.csv,,
CC(CC(c1ccccc1)c1ccccc1)[N+]C(C)(C)C,Blocker,Blocker,MMMVCRCPRDJPIZ-UHFFFAOYSA-N,MMMVCRCPRDJPIZ,eval_set_herg_60.csv,,
CN1CCOCC1c1nc(C(=O)NCc2ccc(F)cc2)c(O)c(=O)n1C,Non-blocker,Non-blocker,MMPZNODECHHWIW-UHFFFAOYSA-N,MMPZNODECHHWIW,eval_set_herg_60.csv,,
Cc1cccc(C)c1NC(=O)CC12CCC[N+]1CCC2,Non-blocker,Non-blocker,MNVNPNBWOHKKPU-UHFFFAOYSA-N,MNVNPNBWOHKKPU,eval_set_herg_60.csv,,
CNCC(CCc1ccccc1)[C@H](O)c1ccccc1,Blocker,Non-blocker,MOEHGFZIHNMYIW-QRWMCTBCSA-N,MOEHGFZIHNMYIW,eval_set_herg_60.csv,,
COCCN(CCOC)C(=O)CSc1ccc(S(=O)(=O)N2CCN(C)CC2)cn1,Non-blocker,Non-blocker,MOEQOSIOGYWFEG-UHFFFAOYSA-N,MOEQOSIOGYWFEG,PubChem,16312301,
CC1(C)[C@@H](O)CC[C@@]2(C)[C@H]1CC[C@]1(C)[C@@H]2C(=O)C=C2[C@@H]3C[C@@](C)(C(=O)O)CC[C@]3(C)CC[C@]21C,Non-blocker,Non-blocker,MPDGHEJMBKOTSU-YKLVYJNSSA-N,MPDGHEJMBKOTSU,eval_set_herg_60.csv,,
O=C(C[C@@H]1C(=O)NCCN1Cc1ccoc1)NCc1cccc(OC(F)(F)F)c1,Non-blocker,Non-blocker,MPPBMGVBKVMUMD-MRXNPFEDSA-N,MPPBMGVBKVMUMD,PubChem,16190822,
O=C(CSc1n[nH]c(C2CCCC2)n1)NC1CCCC1,Non-blocker,Non-blocker,MPSMKGMKXNBOLW-UHFFFAOYSA-N,MPSMKGMKXNBOLW,PubChem,649215,
C=CCn1c(Br)nc2c1c(=O)[nH]c(=O)n2C,Non-blocker,Blocker,MPVNGWYRZVGKAT-UHFFFAOYSA-N,MPVNGWYRZVGKAT,PubChem,649644,
O=C(NCc1c(Cl)cccc1Cl)c1ccc2nnsc2c1,Non-blocker,Non-blocker,MQEDQJKDQMVZCH-UHFFFAOYSA-N,MQEDQJKDQMVZCH,PubChem,2726716,
CCC(C)(C)c1ccc(C[C@@H](C)CN2C[C@@H](C)O[C@@H](C)C2)cc1,Non-blocker,Blocker,MQHLMHIZUIDKOO-KURKYZTESA-N,MQHLMHIZUIDKOO,PubChem,54260,
CCOC(=O)[C@@H](C)N1C(=O)S/C(=C\c2ccc(-c3ccccc3C(=O)O)o2)C1=O,Blocker,Non-blocker,MRLTXEYLPCUWFS-FFCYNSPCSA-N,MRLTXEYLPCUWFS,PubChem,6517290,
CCOC(=O)c1cnc2c(C)cc(C)cc2c1Nc1ccc(OC)c(OC)c1,Non-blocker,Non-blocker,MSGARPVVCYTSLR-UHFFFAOYSA-N,MSGARPVVCYTSLR,data_herg_dev,CHEMBL604323,
C=CCOC(=O)[C@@H](C#N)c1nc2ccccc2nc1N1CCN(Cc2ccc3c(c2)OCO3)CC1,Non-blocker,Non-blocker,MSKCOSNECMKNJB-IBGZPJMESA-N,MSKCOSNECMKNJB,PubChem,660507,
[H]/N=c1/cc2n(-c3cccc4ccccc34)c3cc(N)c4ccccc4c3nc-2c2ccccc12,Blocker,Blocker,MSRNUZLAOUFGEV-QLTSDVKISA-N,MSRNUZLAOUFGEV,PubChem,11980115,
C[C@@H]1CCc2sc(-c3nnc(S)o3)cc2C1,Blocker,Blocker,MTQXIHOGDKIHRU-ZCFIWIBFSA-N,MTQXIHOGDKIHRU,PubChem,3838952,
O=[N+]([O-])c1ccc(Cl)cc1N1CCCCC1,Non-blocker,Non-blocker,MTVDYRBCOYNKQA-UHFFFAOYSA-N,MTVDYRBCOYNKQA,PubChem,3096079,
O=c1onc2n1-c1cc(Br)ccc1OC2,Non-blocker,Blocker,MUDRLQRJCGJJTB-UHFFFAOYSA-N,MUDRLQRJCGJJTB,data_herg_dev,CHEMBL507122,
CN(C(=O)Cn1cccc1C1=N[C@H](c2ccccc2)CO1)c1ccccc1,Blocker,Non-blocker,MUFANOZNTRPWEK-IBGZPJMESA-N,MUFANOZNTRPWEK,PubChem,6619248,
Cc1ccc(S(=O)(=O)N(CC(=O)NC[C@H]2CCCO2)Cc2cccc(C)c2)cc1,Non-blocker,Non-blocker,MVHBPIRVKAPOLK-HXUWFJFHSA-N,MVHBPIRVKAPOLK,PubChem,2939358,
O=C(NCc1ccccc1)Nc1cccn(Cc2ccccc2)c1=O,Non-blocker,Non-blocker,MVHHAVPGNLBAEC-UHFFFAOYSA-N,MVHHAVPGNLBAEC,PubChem,1450037,
Cn1nc(C(F)(F)F)c(C(=O)Nc2cccc(C(F)(F)F)c2)c1SCc1ccc(Cl)cc1,Non-blocker,Non-blocker,MVILFOOETZKOPT-UHFFFAOYSA-N,MVILFOOETZKOPT,PubChem,5108553,
CC(C)N(C(=O)SCC(Cl)=C(Cl)Cl)C(C)C,Non-blocker,Non-blocker,MWBPRDONLNQCFV-UHFFFAOYSA-N,MWBPRDONLNQCFV,eval_set_herg_70.csv,,
O=C1[C@@H]2[C@@H](N=NN2CC(=O)N2N=C(c3ccccc3)C[C@@H]2c2ccc([N+](=O)[O-])cc2)C(=O)N1c1ccccc1,Non-blocker,Non-blocker,MWFFXGVMTFYORY-GPXOXTDOSA-N,MWFFXGVMTFYORY,PubChem,4137044,
O=C1CN=C(c2ccccc2)c2cc(Cl)ccc2N1CC1CC1,Blocker,Non-blocker,MWQCHHACWWAQLJ-UHFFFAOYSA-N,MWQCHHACWWAQLJ,eval_set_herg_70.csv,,
CSc1ccccc1NC(=O)Nc1cccc(Cl)c1C,Non-blocker,Non-blocker,MXFZVMXWLDCGHD-UHFFFAOYSA-N,MXFZVMXWLDCGHD,PubChem,1298428,
C/C(=C\c1cccnc1)c1nc2cc(C)c(C)cc2n1Cc1ccc(Cl)cc1,Blocker,Blocker,MXQTZBCTXYVYLZ-WOJGMQOQSA-N,MXQTZBCTXYVYLZ,eval_set_herg_60.csv,,
CCCc1cc(=O)[nH]c(SCC(=O)NC2CC2)n1,Non-blocker,Non-blocker,MXZIONKNXHMVTI-UHFFFAOYSA-N,MXZIONKNXHMVTI,PubChem,135470074,
CCc1cc2cc(OC)c(OC)cc2c(Cc2ccccc2)n1,Non-blocker,Non-blocker,MYCMTMIGRXJNSO-UHFFFAOYSA-N,MYCMTMIGRXJNSO,data_herg_dev,,70882
O=C(Nc1ccc(OC(F)(F)F)cc1)c1cccc(CN2CCOCC2)c1,Non-blocker,Blocker,MYWULUKAXYAFSH-UHFFFAOYSA-N,MYWULUKAXYAFSH,PubChem,134814272,30137981
COC(=O)c1ccc2nc(NC(=O)C(C)(C)C)sc2c1,Blocker,Non-blocker,MZEDGLINFNOBRO-UHFFFAOYSA-N,MZEDGLINFNOBRO,PubChem,4461872,
CCOC(=O)CNC(=S)N(CCCN1CCN(C)CC1)Cc1cccs1,Non-blocker,Non-blocker,MZKDNIKCRNTJBU-UHFFFAOYSA-N,MZKDNIKCRNTJBU,PubChem,24761484,
Cc1ccc(C(C)C)c(OCCN(C)C)c1,Non-blocker,Blocker,MZPZTGNMUWMDBQ-UHFFFAOYSA-N,MZPZTGNMUWMDBQ,PubChem,2935497,
CCOc1ccc(C2N(C)c3ccccc3N2C)cc1,Non-blocker,Non-blocker,NAUNGXOLCAXCQZ-UHFFFAOYSA-N,NAUNGXOLCAXCQZ,data_herg_dev,CHEMBL579294,
CN1c2ccccc2[C@]2(OC[C@](C)([N+](=O)[O-])CO2)C1=O,Blocker,Blocker,NAWXMKLQYPGUBU-BETUJISGSA-N,NAWXMKLQYPGUBU,PubChem,4036780,
CCC=O,Non-blocker,Non-blocker,NBBJYMSMWIIQGU-UHFFFAOYSA-N,NBBJYMSMWIIQGU,PubChem,527,
Cc1nc2ccccc2n1Cc1cn(-c2ccc(Cl)c(Cl)c2)nn1,Blocker,Blocker,NBDNSJRTVZQEOU-UHFFFAOYSA-N,NBDNSJRTVZQEOU,eval_set_herg_60.csv,,
NS(=O)(=O)c1cccc(CN(c2cccc3[nH]ccc23)C2CCNCC2)c1,Blocker,Blocker,NBOMLQZMNMIYJK-UHFFFAOYSA-N,NBOMLQZMNMIYJK,eval_set_herg_70.csv,,
COc1ccccc1C[C@@H](NC(C)=O)C(=O)NC1CCN(C(=O)Nc2ccccc2C)CC1,Non-blocker,Non-blocker,NCBQQMJHPMTGES-JOCHJYFZSA-N,NCBQQMJHPMTGES,PubChem,6487353,
CC(C)c1nc(CN(C)C(=O)N[C@H](C(=O)N[C@@H](Cc2ccccc2)C[C@H](O)[C@H](Cc2ccccc2)NC(=O)OCc2cncs2)C(C)C)cs1,Non-blocker,Blocker,NCDNCNXCDXHOMX-XGKFQTDJSA-N,NCDNCNXCDXHOMX,eval_set_herg_60.csv,,
O=C(Nc1cccc(Cl)c1)c1cc2c(=O)n3ccccc3nc2s1,Non-blocker,Non-blocker,NCEBMNCDBKYKDS-UHFFFAOYSA-N,NCEBMNCDBKYKDS,PubChem,1249448,
CCN1C[C@]2(CO)CCC(OC)[C@]34C5C[C@@H]6C(OC)C[C@@](O)(C5[C@H]6O)[C@](O)(C13)[C@H](OC)C24,Non-blocker,Non-blocker,NCFXPSTWPUGLEA-PCDDXAEGSA-N,NCFXPSTWPUGLEA,eval_set_herg_60.csv,,
COc1ccccc1N1CCN(C(=O)c2ccc(N3CCCCS3(=O)=O)cc2)CC1,Non-blocker,Non-blocker,NCKIPAVSALWGOV-UHFFFAOYSA-N,NCKIPAVSALWGOV,PubChem,20962750,
CCOc1ccc(CCNC(=O)c2cc(C)nc3ccccc23)cc1OCC,Non-blocker,Non-blocker,NDKVZJUWHOFXSX-UHFFFAOYSA-N,NDKVZJUWHOFXSX,PubChem,9474027,
COc1ccc(C(=O)N/N=C(C)\C=C(\O)c2ccccc2)cc1,Non-blocker,Blocker,NDSBHADIGKLRGP-RRHLHDAOSA-N,NDSBHADIGKLRGP,PubChem,6374294,
C[N+](C)CCOC(c1ccccc1)c1ccccc1,Blocker,Non-blocker,NDUDJADOYQLVBP-UHFFFAOYSA-N,NDUDJADOYQLVBP,eval_set_herg_60.csv,,
CCOC(=O)N1CC/C(=C\C#Cc2cccc(C)n2)C1,Non-blocker,Non-blocker,NDVDBJIRXMBDOD-VGOFMYFVSA-N,NDVDBJIRXMBDOD,data_herg_dev,CHEMBL4551786,
CNc1nc(Nc2ccc(-n3cnc(C)n3)c(OC)c2)nc2c1CCC2c1ccc(F)cc1,Blocker,Blocker,NDVMOVOEROCRIO-UHFFFAOYSA-N,NDVMOVOEROCRIO,CUPID,CUPID,
COCCNC(=O)c1ccc(OC2CCN(Cc3ccc(F)c(F)c3)CC2)c(Cl)c1,Blocker,Non-blocker,NDVQELHLBFVILT-UHFFFAOYSA-N,NDVQELHLBFVILT,data_herg_dev,CHEMBL533921,
Cc1c(CNCCC2=CCCCC2)c(C(=O)O)c(C)n1Cc1ccccc1,Non-blocker,Blocker,NEXVWEFQLRSZFW-UHFFFAOYSA-N,NEXVWEFQLRSZFW,PubChem,16189366,
Nc1cc(Cl)ccc1C(=O)OCC(=O)N1CCCC1,Non-blocker,Non-blocker,NFMFEUVPYVMOEC-UHFFFAOYSA-N,NFMFEUVPYVMOEC,PubChem,2371657,
CN(C)[P@](=O)(Nc1ccccc1)C(Cl)Cl,Non-blocker,Non-blocker,NFPGBUKGDCHVAO-OAHLLOKOSA-N,NFPGBUKGDCHVAO,PubChem,2326446,
CCCCCCOc1cccc(N)c1,Blocker,Non-blocker,NFUUFPNUOVKOIG-UHFFFAOYSA-N,NFUUFPNUOVKOIG,PubChem,652414,
N#Cc1c(N2CCCCC2)nc(N2CCCCC2)c2c1CCN(Cc1ccccc1)C2,Non-blocker,Non-blocker,NFWFNKQJHIUIBD-UHFFFAOYSA-N,NFWFNKQJHIUIBD,PubChem,657586,
CC[C@@H](C)NC(=O)CN(c1ccc(OC)cc1)S(=O)(=O)c1ccccc1,Non-blocker,Non-blocker,NHBFDPJATOJYID-OAHLLOKOSA-N,NHBFDPJATOJYID,PubChem,2889705,
CCOc1ccc(S(=O)(=O)NCCC(=O)OCC(=O)c2ccc(NC(C)=O)cc2)cc1,Non-blocker,Non-blocker,NHEVGVUNWUZALA-UHFFFAOYSA-N,NHEVGVUNWUZALA,PubChem,24687639,
CCOc1ccc(-n2c(=S)sc3c(=O)[nH]c(SCC(=O)NCc4ccco4)nc32)cc1,Non-blocker,Non-blocker,NHTKFQSVGUXBFO-UHFFFAOYSA-N,NHTKFQSVGUXBFO,PubChem,135443163,
CNc1ccc2c3c(cccc13)C(=O)N(C)C2=O,Non-blocker,Non-blocker,NIHBGKWUSHKFSP-UHFFFAOYSA-N,NIHBGKWUSHKFSP,PubChem,3109741,
COC(=O)[C@@H](NC(=O)NCc1cccs1)C(C)C,Non-blocker,Non-blocker,NIXRZICGPKSOFH-JTQLQIEISA-N,NIXRZICGPKSOFH,PubChem,663465,
Cc1cc(C)n(-c2cc(NC(=O)COc3ccccc3CCN3CCOCC3)nc(-c3ccc(C)o3)n2)n1,Blocker,Blocker,NJNUNXVUFLFRNF-UHFFFAOYSA-N,NJNUNXVUFLFRNF,PubChem,44448053,18329269
O=C(O)C1=C[C@H](c2ccc(F)cc2)C[C@H](OCCCCO)O1,Non-blocker,Non-blocker,NJPABYQXFFFBJI-SWLSCSKDSA-N,NJPABYQXFFFBJI,PubChem,16682600,
COc1ccc(OC)c(C(=O)c2ccc(C(=O)N3CCN(Cc4csc(C)n4)CC3)cc2)c1,Non-blocker,Non-blocker,NJTYAYAQWFZYLS-UHFFFAOYSA-N,NJTYAYAQWFZYLS,PubChem,2945389,
Cc1ccccc1NC(=O)[C@@H](C#N)Cc1cccnc1,Non-blocker,Non-blocker,NJTZMIHDOWMIPK-CQSZACIVSA-N,NJTZMIHDOWMIPK,PubChem,644795,
Cc1ccc(S(=O)(=O)N2CCCO[C@@H]2CNC(=O)C(=O)NCCc2ccco2)cc1,Non-blocker,Non-blocker,NKBDHTOKDJVRCR-GOSISDBHSA-N,NKBDHTOKDJVRCR,PubChem,18562434,
O=C(C1CCC1)N1CCc2cc(S(=O)(=O)NCc3cccnc3)ccc21,Non-blocker,Non-blocker,NKCMFDQBACROML-UHFFFAOYSA-N,NKCMFDQBACROML,PubChem,3240796,
CC1(C)CCC(NC(=O)c2cc3c(Cl)cc(Cl)cc3[nH]2)CC1,Non-blocker,Non-blocker,NKNGAORFGPSYJG-UHFFFAOYSA-N,NKNGAORFGPSYJG,eval_set_herg_60.csv,,
CCC[NH+]1C[C@H](CSC)C[C@@H]2c3cccc4c3C(C=N4)C[C@H]21,Blocker,Blocker,NKPQTGNIPWSNNX-RILYDNKNSA-O,NKPQTGNIPWSNNX,eval_set_herg_60.csv,,
CC(=O)N(c1ccccc1)c1nc(COC(=O)[C@H]2CC(=O)N(c3cccc4ccccc34)C2)cs1,Non-blocker,Non-blocker,NKTPEOGOPSVFNX-FQEVSTJZSA-N,NKTPEOGOPSVFNX,eval_set_herg_60.csv,,
CC(C)(O)C(=O)c1oc2nc(-c3ccccc3Cl)c(-c3ccc(Cl)cc3)cc2c1NC(=O)CO,Blocker,Blocker,NLFVFVQFPLEKDA-UHFFFAOYSA-N,NLFVFVQFPLEKDA,CUPID,10028888,20096577
CCCC1=C(C(=O)OCC)[C@@H](c2ccccc2OC)NC(=O)N1,Non-blocker,Non-blocker,NLJKGRUBOHZKHG-OAHLLOKOSA-N,NLJKGRUBOHZKHG,PubChem,2866963,
O/C(=C(\C(=S)Nc1ccc(SC(F)F)cc1)[n+]1ccccc1)c1cc(Cl)ccc1Cl,Non-blocker,Non-blocker,NLKBMPCLHRUFGE-UHFFFAOYSA-O,NLKBMPCLHRUFGE,PubChem,16195927,
Cc1[nH]ncc1-c1cnc(N)c(O[C@@H](C)c2cc(F)ccc2-n2cccn2)c1,Blocker,Blocker,NLKNKFKEIUZQIO-ZDUSSCGKSA-N,NLKNKFKEIUZQIO,PubChem,155294520,33356244
CCCOc1ccc(C(=O)C2=C(O)C(=O)N(CCCn3ccnc3)[C@H]2c2ccco2)cc1,Non-blocker,Blocker,NLYHHMXJYZOMFU-NRFANRHFSA-N,NLYHHMXJYZOMFU,PubChem,9551652,
COc1ccc(/C=N/S(=O)(=O)c2ccc(C)cc2)cc1,Non-blocker,Non-blocker,NMFPHUIOZBSQGW-LFIBNONCSA-N,NMFPHUIOZBSQGW,PubChem,5706325,
O=C(Nc1ccc(F)cc1F)[C@H]1CCCN1S(=O)(=O)c1cccc2nsnc12,Non-blocker,Non-blocker,NMHOODMBOSDXKV-CQSZACIVSA-N,NMHOODMBOSDXKV,PubChem,16008246,
CC(C)OC(=O)C[C@]12CN(C)C[C@](CC(=O)OC(C)C)(CN(C)C1)C2=O,Non-blocker,Non-blocker,NMJLENPWQKRQHH-KDURUIRLSA-N,NMJLENPWQKRQHH,PubChem,1212787,
O=C(NCCc1ccccc1)C(=Cc1ccc(C(=O)O)cc1)C(=O)NCCc1ccccc1,Non-blocker,Non-blocker,NMYNTJPCISCZLH-UHFFFAOYSA-N,NMYNTJPCISCZLH,PubChem,2399361,
Clc1ccc(CCCOCCCN2CCCCC2)cc1,Blocker,Blocker,NNACHAUCXXVJSP-UHFFFAOYSA-N,NNACHAUCXXVJSP,PubChem,9948102,28797771
COC(=O)Cc1c(C)nc2nc(NCc3ccc(Cl)cc3)nn2c1O,Blocker,Non-blocker,NNECMNOPGSGBCF-UHFFFAOYSA-N,NNECMNOPGSGBCF,PubChem,665869,
O=c1c2c3c(sc2nc2n1CCCCC2)CCCC3,Blocker,Non-blocker,NNKREBHGPQQYOG-UHFFFAOYSA-N,NNKREBHGPQQYOG,PubChem,623689,
COc1nc(N(C)C)nc(-n2nnc(C(C)=O)c2C)n1,Non-blocker,Non-blocker,NOYKGIGZGBSKIQ-UHFFFAOYSA-N,NOYKGIGZGBSKIQ,PubChem,687952,
COc1cc(C=C2C(=O)c3ccccc3C2=O)ccc1O,Non-blocker,Non-blocker,NPHKQWBQYOBTKH-UHFFFAOYSA-N,NPHKQWBQYOBTKH,PubChem,698576,
C[N+]1CC[N+]([C@@H]2c3ccccc3Nc3ccc(Cl)cc3N2O)CC1,Non-blocker,Non-blocker,NQZYDIWYPVKGER-SFHVURJKSA-N,NQZYDIWYPVKGER,eval_set_herg_60.csv,,
Cc1nn2cnc3sc4c(c3c2nc1=O)CCCC4,Non-blocker,Non-blocker,NRETZMXGYFXNHS-UHFFFAOYSA-N,NRETZMXGYFXNHS,PubChem,660556,
O=C(OC1CC2CC3CC(C1)[N+]2CC3O)c1c[nH]c2ccccc12,Non-blocker,Non-blocker,NRNXGMAKBYHOCC-UHFFFAOYSA-N,NRNXGMAKBYHOCC,eval_set_herg_70.csv,,
COC(=O)C1C(O)CC2CCC1[N+]2C,Blocker,Non-blocker,NRQSZGRFSAAGML-UHFFFAOYSA-N,NRQSZGRFSAAGML,eval_set_herg_60.csv,,
COC(=O)c1cn(NC(=O)CCC2CCCC2)c(=O)c2ccccc12,Non-blocker,Blocker,NRQUSSPHVLYWNP-UHFFFAOYSA-N,NRQUSSPHVLYWNP,PubChem,3491391,
CCC(C)(C)c1ccc(O)cc1,Non-blocker,Non-blocker,NRZWYNLTFLDQQX-UHFFFAOYSA-N,NRZWYNLTFLDQQX,eval_set_herg_70.csv,,
CCN(CC)S(=O)(=O)c1ccc(N2C[C@H](C(=O)N[C@]3(C)CCS(=O)(=O)C3)CC2=O)cc1,Non-blocker,Non-blocker,NSOGRHRWMLBUBQ-FOIQADDNSA-N,NSOGRHRWMLBUBQ,PubChem,16286403,
COc1cc(/C=N/NC(=S)N[C@@H]2C[C@H]3C[C@@H]2[C@@H]2C=CC[C@H]32)ccc1O,Non-blocker,Non-blocker,NTMXTSMAUQTNMD-GLXPEQDNSA-N,NTMXTSMAUQTNMD,PubChem,135520585,
Cc1nn(-c2ccc(Cl)cc2)c2[nH]c(=O)c(CNCc3ccc4c(c3)OCO4)cc12,Blocker,Non-blocker,NTPBUPYNHWVJQR-UHFFFAOYSA-N,NTPBUPYNHWVJQR,PubChem,135418000,
CC(=O)Nc1cccc(C(=O)NCCc2ccco2)c1,Non-blocker,Non-blocker,NTQMBUNRISZRGA-UHFFFAOYSA-N,NTQMBUNRISZRGA,PubChem,9506757,
CC(=O)NN1C(=O)c2ccccc2N[C@H]1c1ccccc1F,Non-blocker,Non-blocker,NTXSOQIJJIEZKK-OAHLLOKOSA-N,NTXSOQIJJIEZKK,PubChem,3542370,
CC(C)n1cc(CN2CCN(C)[C@H](CCO)C2)c2ccccc21,Non-blocker,Non-blocker,NUHSFPCVQZCFES-QGZVFWFLSA-N,NUHSFPCVQZCFES,PubChem,23723244,
CN(C)c1nc(N(C)C)n(S(=O)(=O)c2cccc(C(F)(F)F)c2)n1,Non-blocker,Non-blocker,NUKFPHZUWRCJGT-UHFFFAOYSA-N,NUKFPHZUWRCJGT,PubChem,1488378,
CCN(Cc1ccccc1)S(=O)(=O)c1c(N)n(C)c(=O)n(C)c1=O,Non-blocker,Non-blocker,NUZYIBUNCULSLE-UHFFFAOYSA-N,NUZYIBUNCULSLE,PubChem,7197638,
COc1ccc(C(=O)C2=C(O)C(=O)N(C[C@H]3CCCO3)[C@@H]2c2ccc(OC)c(OC)c2)cc1,Non-blocker,Non-blocker,NVTNJVZQOPGZHW-XMSQKQJNSA-N,NVTNJVZQOPGZHW,PubChem,9549995,
Cc1ccc(S(=O)(=O)/C(C#N)=C/c2c(Oc3ccc(Cl)cc3)nc3c(C)cccn3c2=O)cc1,Non-blocker,Non-blocker,NWQDWFQOFDOUHJ-KGENOOAVSA-N,NWQDWFQOFDOUHJ,PubChem,2025022,
O=C(CN1C(=O)[C@@H]2[C@H](C1=O)[C@H]1C=C[C@@H]2C1)/N=c1/[nH]nc(SCc2ccc(Cl)cc2)[nH]1,Blocker,Non-blocker,NWSJRKVKWADPHV-CRJCFHLZSA-N,NWSJRKVKWADPHV,PubChem,3000223,
CSc1ncccc1C(=O)NNc1cc(Cl)ccc1Cl,Non-blocker,Non-blocker,NXAFAVTZLWXGJT-UHFFFAOYSA-N,NXAFAVTZLWXGJT,PubChem,2810930,
O=C1CN(N=Cc2ccc([N+](=O)[O-])o2)C(=O)N1,Blocker,Non-blocker,NXFQHRVNIOXGAQ-UHFFFAOYSA-N,NXFQHRVNIOXGAQ,data_herg_dev,,4509
COc1cc(O)sc1/C=N/c1ccc(Cl)cc1,Blocker,Non-blocker,NXIGRSUCNGBXTK-VGOFMYFVSA-N,NXIGRSUCNGBXTK,PubChem,3464762,
COc1ccc(NC(=O)CCCN(C)S(=O)(=O)c2ccc(C)cc2)cc1,Non-blocker,Non-blocker,NXJRBWYDUICHIR-UHFFFAOYSA-N,NXJRBWYDUICHIR,PubChem,4639063,
Cl.Cl.c1ccc(CNCCNCc2ccccc2)cc1,Non-blocker,Non-blocker,JUHORIMYRDESRB-UHFFFAOYSA-N,NZBGFGGNLREHFL,eval_set_herg_70.csv,,
CN(C)C(=O)COc1ccc2c(c1)C[C@@H](NC[C@H](O)c1ccc(O)c(CCO)c1)CC2,Blocker,Blocker,OANCEOSLKSTLTA-REWPJTCUSA-N,OANCEOSLKSTLTA,eval_set_herg_60.csv,,
CCOc1ccccc1C(=O)NC1CCNCC1,Non-blocker,Non-blocker,OANLMFBPQNBRKC-UHFFFAOYSA-N,OANLMFBPQNBRKC,PubChem,1445173,
COc1ccc(N(C)S(=O)(=O)c2ccc3c(c2)CCN3C(=O)C2CC2)c(OC)c1,Non-blocker,Non-blocker,OBHVLJIHYOZUFI-UHFFFAOYSA-N,OBHVLJIHYOZUFI,PubChem,15997273,
Cc1ccc(C)c(OCCC(=O)OCC(=O)NC(=O)NC2CCCCC2)c1,Non-blocker,Non-blocker,OBMCOVHWHQZKGB-UHFFFAOYSA-N,OBMCOVHWHQZKGB,PubChem,5112291,
CC(=O)N(/N=C1\Sc2ccccc2C1=O)c1ccccc1C,Blocker,Non-blocker,OBPOWEVMSNKZCM-ZCXUNETKSA-N,OBPOWEVMSNKZCM,PubChem,5401874,
C[C@@H]1CN(CCCCN2C(=O)c3ccccc3C2=O)C[C@@H](C)O1,Blocker,Non-blocker,OCMWTSBWJSCCOO-ZIAGYGMSSA-N,OCMWTSBWJSCCOO,PubChem,16196164,
Cc1ccc(C(=O)c2cc3ccccc3o2)cc1[N+](=O)[O-],Blocker,Non-blocker,ODGNRIQHXMHODO-UHFFFAOYSA-N,ODGNRIQHXMHODO,PubChem,921915,
CCN(C(=O)CCS(=O)(=O)c1ccc2c(c1)oc(=O)n2C)c1ccc(OC)cc1,Non-blocker,Non-blocker,ODOOJXJBCWXHIR-UHFFFAOYSA-N,ODOOJXJBCWXHIR,PubChem,16024552,
CCOc1cc(NC(=S)NCc2ccco2)c(OCC)cc1NC(=O)c1ccco1,Non-blocker,Non-blocker,ODUFWGFYXBTOHL-UHFFFAOYSA-N,ODUFWGFYXBTOHL,PubChem,1175834,
CC1(C)C(=O)N(Cc2c(F)cccc2Cl)c2cc(C(=O)NCc3c(F)cc(F)cc3F)ccc21,Non-blocker,Blocker,OEBVYNULNKSONR-UHFFFAOYSA-N,OEBVYNULNKSONR,data_herg_dev,CHEMBL4743888,
O=C(O[C@@H](C(=O)NC1CCCC1)c1cccnc1)C1=Cc2ccccc2OC1,Non-blocker,Non-blocker,OEDIXJAAHJWLBI-HXUWFJFHSA-N,OEDIXJAAHJWLBI,PubChem,3230507,
Cc1cc(C)cc(NC(=O)Nc2ccc(N3CCCCC3)cc2)c1,Non-blocker,Non-blocker,OEQVSQZBGNZZBB-UHFFFAOYSA-N,OEQVSQZBGNZZBB,PubChem,2814211,
COc1cc(C(=O)OCC(=O)Nc2ccc(SC(F)F)cc2)cc(OC)c1OC,Non-blocker,Non-blocker,OEQXKYVYYFJOOH-UHFFFAOYSA-N,OEQXKYVYYFJOOH,PubChem,2355493,
C[C@H](C(=O)N1CCCC1)N1CCN(c2ccccc2O)CC1,Non-blocker,Blocker,OESIKSSQRRZAOQ-CQSZACIVSA-N,OESIKSSQRRZAOQ,PubChem,4877515,
COc1c(Br)cc(Br)cc1/C=N/NC(=O)c1cccnc1,Non-blocker,Non-blocker,OFBDMSDYSSBPIG-QGMBQPNBSA-N,OFBDMSDYSSBPIG,PubChem,9589895,
CC(C)CCOC(=O)c1ccc(N(C)C)cc1,Non-blocker,Non-blocker,OFSAUHSCHWRZKM-UHFFFAOYSA-N,OFSAUHSCHWRZKM,data_herg_dev,,88836
CCOC(=O)[C@@H](C)n1cnc2c1c(=O)[nH]c(=O)n2C,Non-blocker,Non-blocker,OGLIATBUNONCSB-ZCFIWIBFSA-N,OGLIATBUNONCSB,PubChem,3093806,
C[N+]1CCCC1CCOC(C)(c1ccccc1)c1ccc(Cl)cc1,Blocker,Blocker,OGQHWELSDGZYOF-UHFFFAOYSA-N,OGQHWELSDGZYOF,eval_set_herg_60.csv,,
CCOC(=O)C1CCN(C(=O)[C@@H]2CC(=O)N(c3ccc(C)cc3)C2)CC1,Non-blocker,Non-blocker,OGSXFVRSOCAUOW-MRXNPFEDSA-N,OGSXFVRSOCAUOW,PubChem,2963144,
COc1ccc(NC(=O)c2ccccc2NC(=O)c2ccco2)c(OC)c1,Non-blocker,Non-blocker,OGWHEDXOONCYAM-UHFFFAOYSA-N,OGWHEDXOONCYAM,PubChem,1164705,
CCS(=O)(=O)C[N+]C1c2cc(C[N+])ccc2OC(C)(C)C1O,Blocker,Blocker,OGXKOXVZGAIVJE-UHFFFAOYSA-N,OGXKOXVZGAIVJE,eval_set_herg_60.csv,,
COC(=O)Cc1c(C)nc(SCc2ccccc2)[nH]c1=O,Non-blocker,Non-blocker,OHRZLFWPDCEKNU-UHFFFAOYSA-N,OHRZLFWPDCEKNU,PubChem,135490159,
c1ccc(-c2ccccc2-c2ccccc2)cc1,Non-blocker,Non-blocker,OIAQMFOKAXHPNH-UHFFFAOYSA-N,OIAQMFOKAXHPNH,eval_set_herg_70.csv,,
Cc1cc([C@@H]2C[C@@H]3CC[C@H]2C3)n(O)c(=O)c1.NCCO,Non-blocker,Non-blocker,OIWZMFRAWARYEC-QJQMQQLTSA-N,OIWZMFRAWARYEC,data_herg_dev,CHEMBL4455404,
CCCCCCN1CC(=O)C(c2nc3ccccc3[nH]2)=C1N,Blocker,Non-blocker,OJMYSGJGVBORFO-UHFFFAOYSA-N,OJMYSGJGVBORFO,PubChem,135415454,
O=C(Nc1cccc2ccccc12)/C(Cl)=C/c1ccccc1,Non-blocker,Non-blocker,OJQNTUGQLKZIAF-LGMDPLHJSA-N,OJQNTUGQLKZIAF,PubChem,686982,
C[C@@H](Sc1nnc(C2CC2)n1C1CC1)C(=O)c1ccc(Br)cc1,Blocker,Non-blocker,OKFPSDCSTMEAFJ-SNVBAGLBSA-N,OKFPSDCSTMEAFJ,PubChem,16316114,
O=[N+]([O-])c1ccc(Cl)cc1CNc1ccc(F)c(F)c1,Non-blocker,Non-blocker,OKWKUHCNDYJOAV-UHFFFAOYSA-N,OKWKUHCNDYJOAV,PubChem,784221,
O=C(O)CSc1cc(C(F)(F)F)nc(-c2ccccn2)n1,Non-blocker,Blocker,OLBQCQTXZIJZSQ-UHFFFAOYSA-N,OLBQCQTXZIJZSQ,PubChem,1475721,
O=C(N1Cc2ccccc2C1)N1CCC[C@H]1CN1CCCC1,Non-blocker,Non-blocker,OLLNICZPNGPQOG-KRWDZBQOSA-N,OLLNICZPNGPQOG,data_herg_dev,CHEMBL384427,
O=C(c1cnn2c(C(F)F)cc(-c3ccccc3)nc12)N1CCc2ccccc21,Non-blocker,Non-blocker,OMJXIVBRMWKUHU-UHFFFAOYSA-N,OMJXIVBRMWKUHU,PubChem,1093959,
Cn1nccc1Cc1cn(-c2ccc(F)c(Cl)c2)nn1,Blocker,Blocker,OMQQLDITRYIEHZ-UHFFFAOYSA-N,OMQQLDITRYIEHZ,eval_set_herg_60.csv,,
O=C(c1ccccc1)c1cc(Cl)ccc1O,Non-blocker,Non-blocker,OMWSZDODENFLSV-UHFFFAOYSA-N,OMWSZDODENFLSV,eval_set_herg_70.csv,,
Cc1cc(C)n2nc(C(=O)N3CCOCC3)nc2n1,Blocker,Blocker,ONBHCKYNNVAAEJ-UHFFFAOYSA-N,ONBHCKYNNVAAEJ,PubChem,644641,
Cc1ccc(-c2nn(-c3ccccc3)c3[nH]c(=O)c(CNCc4ccccc4)cc23)cc1,Non-blocker,Non-blocker,ONNPHLSASLYLQP-UHFFFAOYSA-N,ONNPHLSASLYLQP,PubChem,135418010,
CCCNCc1ccc(CCn2ccc(OCc3ccc(F)cc3)cc2=O)nc1,Blocker,Blocker,ONUBXRCAOBQBRS-UHFFFAOYSA-N,ONUBXRCAOBQBRS,CUPID,45487384,19632840
O=C(Nc1ccccc1)c1ccc(S(=O)(=O)N2CCC(C(=O)O)CC2)cc1,Blocker,Non-blocker,ONWLHRWDTHFGSO-UHFFFAOYSA-N,ONWLHRWDTHFGSO,PubChem,1262719,
CCOc1nc(C(=O)Nc2ccc[n+](C)c2)cc(N)c1C#N,Non-blocker,Non-blocker,ONYSJEFYBAEJEU-UHFFFAOYSA-O,ONYSJEFYBAEJEU,eval_set_herg_60.csv,,
COC(=O)c1ccc(-c2ccc(Cl)cc2)nc1C,Non-blocker,Non-blocker,OOEFUVBZCSVRNB-UHFFFAOYSA-N,OOEFUVBZCSVRNB,PubChem,822962,
Cc1ccc(S(=O)(=O)C[C@](C)(O)C(=O)Nc2cccc(C(F)(F)F)c2)cc1,Non-blocker,Non-blocker,OOORFTSUBJMPJT-KRWDZBQOSA-N,OOORFTSUBJMPJT,PubChem,3512423,
CC1(C)CN2C(CSC(=NC3CCCCC3)NC3CCCCC3)=CSC2=N1,Blocker,Non-blocker,OOSUDWRRWZVFEB-UHFFFAOYSA-N,OOSUDWRRWZVFEB,eval_set_herg_70.csv,,
CCCCC/C=C\C=C\C(=O)OCC,Non-blocker,Non-blocker,OPCRGEVPIBLWAY-QNRZBPGKSA-N,OPCRGEVPIBLWAY,data_herg_dev,,5281162
COc1cc(C)ccc1OCC(=O)OCC(=O)c1[nH]c(C)c(C(C)=O)c1C,Non-blocker,Non-blocker,OPDOTOAHZCRHQB-UHFFFAOYSA-N,OPDOTOAHZCRHQB,PubChem,2438410,
CNCCO,Non-blocker,Non-blocker,OPKOKAMJFNKNAS-UHFFFAOYSA-N,OPKOKAMJFNKNAS,PubChem,8016,
Clc1cc2cnc(Nc3cnn(C4CC4)c3Cl)nc2cc1C1CCN(C2COC2)CC1,Blocker,Blocker,OPPFIBBBZVPOMK-UHFFFAOYSA-N,OPPFIBBBZVPOMK,PubChem,156305050,34967623
CC(F)(C(=O)NS(C)(=O)=O)c1ccc(OS(=O)(=O)C(F)(F)F)cc1,Blocker,Blocker,OPUOULCEMAHGSK-UHFFFAOYSA-N,OPUOULCEMAHGSK,eval_set_herg_60.csv,,
Clc1ccccc1CN1CCOCC1,Non-blocker,Non-blocker,OPXOMKDSNYMMTQ-UHFFFAOYSA-N,OPXOMKDSNYMMTQ,eval_set_herg_60.csv,,
Cc1ccc(O)c(C(=O)c2ccccc2)c1,Blocker,Non-blocker,OQERFUGURPLBQH-UHFFFAOYSA-N,OQERFUGURPLBQH,eval_set_herg_70.csv,,
Cc1nn(C2(CC#N)CN(S(=O)(=O)C(C)C)C2)cc1-c1ncnc2[nH]ccc12,Non-blocker,Non-blocker,OQRZOIAWKDPWFN-UHFFFAOYSA-N,OQRZOIAWKDPWFN,eval_set_herg_70.csv,,
O=C(Nc1ccc(N2CCOCC2)c(Cl)c1)c1ccc(Cl)cc1,Non-blocker,Non-blocker,OQWYBMHNBITLBX-UHFFFAOYSA-N,OQWYBMHNBITLBX,PubChem,1114260,
COc1ccc(NC(=O)CCN2CCN(c3ccccc3F)CC2)c(OC)c1,Blocker,Non-blocker,OQZKGRNOBWRWAF-UHFFFAOYSA-N,OQZKGRNOBWRWAF,PubChem,3145297,
O=C(NC1CCCCCCC1)c1cccnc1,Non-blocker,Non-blocker,ORFDJENNCFHCQO-UHFFFAOYSA-N,ORFDJENNCFHCQO,PubChem,750344,
Cc1ccc(N(C)C2=NC(=O)CS2)cc1Cl,Non-blocker,Non-blocker,ORQLETZLSXPGHW-UHFFFAOYSA-N,ORQLETZLSXPGHW,PubChem,894949,
CCC[N+](CCC)(CCC)CCC,Non-blocker,Non-blocker,OSBSFAARYOCBHB-UHFFFAOYSA-N,OSBSFAARYOCBHB,eval_set_herg_60.csv,,
O=C1CCCCCCCCCCCCCC1,Non-blocker,Non-blocker,OSOIQJGOYGSIMF-UHFFFAOYSA-N,OSOIQJGOYGSIMF,eval_set_herg_70.csv,,
CCOCC(=O)OCC(=O)Nc1cc(OC)c([N+](=O)[O-])cc1C,Non-blocker,Blocker,OSTMUFCNYLKDNF-UHFFFAOYSA-N,OSTMUFCNYLKDNF,PubChem,4874977,
CC(C)(C)c1nnc2sc(SCC(=O)[C@H](C#N)c3nc4ccccc4[nH]3)nn2c1=O,Non-blocker,Non-blocker,OTDYBJYVFBJBSF-JTQLQIEISA-N,OTDYBJYVFBJBSF,PubChem,2546625,
CCCCCCCCCCCCCCC[C@H](O)[C@H](N)CO,Non-blocker,Non-blocker,OTKJDMGTUTTYMP-MSOLQXFVSA-N,OTKJDMGTUTTYMP,data_herg_dev,CHEMBL1487948,
O=C(O)C[C@]1(CC(F)(F)F)CCc2cc(-c3cnc(NC(=O)Nc4ccc(F)c(F)c4)cn3)ccc2C1=O,Non-blocker,Blocker,OTKTZEZTFCAULO-DEOSSOPVSA-N,OTKTZEZTFCAULO,data_herg_dev,CHEMBL4173715,
CC(O)(CS(=O)(=O)c1ccccc1OC(F)(F)F)C(=O)Nc1cc(C(F)(F)F)cc(C(F)(F)F)c1,Non-blocker,Non-blocker,OTOBJJJAGXIHFL-UHFFFAOYSA-N,OTOBJJJAGXIHFL,data_herg_dev,CHEMBL3828065,
C[C@H](C(=O)O)c1ccc(Nc2nc(C(F)(F)F)cs2)cc1,Non-blocker,Blocker,OUGCUPYREMACGK-ZETCQYMHSA-N,OUGCUPYREMACGK,eval_set_herg_60.csv,,
CN(C(=O)c1ccncc1)c1ccc(OCc2ccc3ccccc3n2)cc1,Blocker,Non-blocker,OUKKASCLDKRILK-UHFFFAOYSA-N,OUKKASCLDKRILK,data_herg_dev,CHEMBL2419564,
COc1cc(O)c([C@H](CCN2CCN(c3ccccc3)CC2)c2ccc3c(c2)OCO3)c(OC)c1,Blocker,Non-blocker,OUVGTTCEDAXVTN-HSZRJFAPSA-N,OUVGTTCEDAXVTN,PubChem,16746475,
O=C(/C=C/c1ccco1)NC[C@H]1CCCO1,Non-blocker,Non-blocker,OVVKKROODYGGJY-MVIFTORASA-N,OVVKKROODYGGJY,PubChem,5342190,
CC1=NNC(=O)[C@@H]1CC(=O)N/N=C/C=C/c1ccccc1,Non-blocker,Blocker,OWNCPXFPECSBMU-HUBOCSHCSA-N,OWNCPXFPECSBMU,PubChem,9593792,
Cc1ccc2c(c1)C=CC(C)(C)[S@]2=O,Non-blocker,Non-blocker,OWRDGESCAWHHGA-AWEZNQCLSA-N,OWRDGESCAWHHGA,PubChem,4143337,
CCOc1ccc(C(=O)OCCN(CC)CC)cc1,Non-blocker,Non-blocker,OWWVHQUOYSPNNE-UHFFFAOYSA-N,OWWVHQUOYSPNNE,eval_set_herg_70.csv,,
CC1(C)[C@@H]2CC[C@@]1(CC(=O)O)[C@H](Cl)C2,Non-blocker,Blocker,OXJNTOQBZAXOPC-SOCHQFKDSA-N,OXJNTOQBZAXOPC,PubChem,222202,
N[C@H]1CN(C(=O)c2cc3cc(Cl)ccc3o2)C[C@H]1C(=O)N1CCCC1,Non-blocker,Non-blocker,OXMNNXNJYBRVAW-KGLIPLIRSA-N,OXMNNXNJYBRVAW,eval_set_herg_60.csv,,
Fc1cccc(/C=N/Nc2ccc3ccccc3n2)c1,Non-blocker,Blocker,OXOWRQJOJPMAHC-WOJGMQOQSA-N,OXOWRQJOJPMAHC,PubChem,9670202,
COc1ccc(-n2nnnc2-c2ccc(S(C)(=O)=O)cc2Cl)cc1,Non-blocker,Non-blocker,OXYCSTDBNQDOIG-UHFFFAOYSA-N,OXYCSTDBNQDOIG,PubChem,1488278,
N#Cc1c(-c2ccccc2)cc(-c2ccccc2)nc1NC(=S)Nc1ccccc1,Blocker,Non-blocker,OYDUHWONWXSSKP-UHFFFAOYSA-N,OYDUHWONWXSSKP,data_herg_dev,CHEMBL3408381,
C(#Cc1cccc(C#Cc2ccccc2)c1)c1ccccc1,Blocker,Blocker,OYEDTTNTNYKSFX-UHFFFAOYSA-N,OYEDTTNTNYKSFX,eval_set_herg_60.csv,,
Nc1ccc(-c2ccsc2)cc1N,Non-blocker,Blocker,OZEWMDJTNVDPJN-UHFFFAOYSA-N,OZEWMDJTNVDPJN,PubChem,13007806,19138845
CCOC(=O)c1cc2sccc2n1CC(=O)Nc1ccc(OC)c(OC)c1,Non-blocker,Non-blocker,OZOLYLCGICSFNC-UHFFFAOYSA-N,OZOLYLCGICSFNC,PubChem,645798,
CC(C)n1c(=O)n(C(=O)NCC2CCC(CC3(C(=O)O)CCC3)CC2)c2ccccc21,Non-blocker,Non-blocker,OZPKJJKDNMHOQW-UHFFFAOYSA-N,OZPKJJKDNMHOQW,eval_set_herg_60.csv,,
COc1ccc(CC(=O)Nc2ccc(-c3nnc(-c4ccc(C)cc4)o3)cc2)cc1,Non-blocker,Non-blocker,PACKUEYOUHHCHU-UHFFFAOYSA-N,PACKUEYOUHHCHU,PubChem,1294322,
CCOC(=O)CC([O-])C(=O)OCC.[Na+],Non-blocker,Non-blocker,KZPVFNMCGBWPKR-UHFFFAOYSA-N,PACMHGAHAZERQD,data_herg_dev,,23685849
O=C(NC[C@@H](Cc1ccccc1)N1CCC(O)(C(F)(F)F)CC1)C1(c2ccc(Cl)cc2)CCCC1,Blocker,Blocker,PAEBEJVPSADOMC-HSZRJFAPSA-N,PAEBEJVPSADOMC,data_herg_dev,CHEMBL4208555,
C/C(=N\Nc1cc(-c2ccccc2)nc(-c2ccccc2)n1)c1ccc(O)c(C)c1,Blocker,Non-blocker,PAEZYXGJYVZIDT-MTDXEUNCSA-N,PAEZYXGJYVZIDT,PubChem,135458769,
CCOc1ccc(Br)cc1S(=O)(=O)NCc1ccc(S(N)(=O)=O)cc1,Non-blocker,Non-blocker,PAIZERVKCBUGRK-UHFFFAOYSA-N,PAIZERVKCBUGRK,PubChem,2524696,
c1ccc2c(-c3nc4ccccc4[nH]3)cccc2c1,Non-blocker,Blocker,PAOHHYDZFURJKA-UHFFFAOYSA-N,PAOHHYDZFURJKA,PubChem,286183,
O=c1nc2n(c3ncccc13)CCC2,Non-blocker,Non-blocker,PAQBMXVPXRLAPE-UHFFFAOYSA-N,PAQBMXVPXRLAPE,PubChem,2324372,
CS(=O)(=O)Nc1ccc(Nc2ncc3cnn(C4CCCCCC4)c3n2)cn1,Non-blocker,Blocker,PARUULGUCQEWNM-UHFFFAOYSA-N,PARUULGUCQEWNM,data_herg_dev,CHEMBL1825096,
Cc1cccc(CCNCc2cc3cccc(C)c3[nH]c2=O)c1,Non-blocker,Non-blocker,PAUKZWZGQWSTHC-UHFFFAOYSA-N,PAUKZWZGQWSTHC,PubChem,3176404,
CCOC[C@H](O)CNc1ccccc1,Non-blocker,Blocker,PBBMWKQVDGRHFO-LLVKDONJSA-N,PBBMWKQVDGRHFO,PubChem,3144954,
O=C(COc1cccnc1[N+](=O)[O-])N1CCc2ccccc21,Non-blocker,Non-blocker,PBDJNLWZCDVCDY-UHFFFAOYSA-N,PBDJNLWZCDVCDY,PubChem,4374081,
CN1CC[C@@]2(C)c3cc(O)ccc3N(C)C12.O=C(O)/C=C\C(=O)O,Blocker,Non-blocker,HKGWQUVGHPDEBZ-ABLWVSNPSA-N,PBZRRADJWNBPNY,data_herg_dev,CHEMBL1590378,
O=C(NCc1ccccc1CN1CCCC1)c1cccc(S(=O)(=O)Nc2ccc(F)cc2)c1,Non-blocker,Blocker,PCEOFPJRUBEJRR-UHFFFAOYSA-N,PCEOFPJRUBEJRR,PubChem,16297997,
CC(C)(N)c1ncc(-c2ccccc2)[nH]1,Non-blocker,Non-blocker,PCWRXBYSADPRLU-UHFFFAOYSA-N,PCWRXBYSADPRLU,eval_set_herg_70.csv,,
Cc1nnc(Sc2nc3cc(Cl)c(Cl)cc3nc2C(F)(F)F)s1,Non-blocker,Blocker,PDGUQPADGLCLCV-UHFFFAOYSA-N,PDGUQPADGLCLCV,eval_set_herg_60.csv,,
CS(=O)(=O)Cc1cc(N2CCOCC2)nc(NC(=O)c2ccno2)n1,Non-blocker,Non-blocker,PDUSMTDBBDWQRB-UHFFFAOYSA-N,PDUSMTDBBDWQRB,data_herg_dev,CHEMBL2030450,
N/C(=N\OC(=O)c1ccccc1F)c1ccc([N+](=O)[O-])cc1,Non-blocker,Non-blocker,PDVHJMJFGRFDBY-UHFFFAOYSA-N,PDVHJMJFGRFDBY,PubChem,5348240,
Cc1nc2ccc(NC3=NCCCCC3)cc2s1,Non-blocker,Non-blocker,PEBXETPRCGPURQ-UHFFFAOYSA-N,PEBXETPRCGPURQ,PubChem,6603555,
CN(CCN(C)S(=O)(=O)c1ccc(NS(C)(=O)=O)cc1)c1nc2ccccc2n1C,Non-blocker,Blocker,PELVIWZRAPOYAC-UHFFFAOYSA-N,PELVIWZRAPOYAC,eval_set_herg_60.csv,,
CN(CC(=O)N1CCN(C2CCCCC2)CC1)S(=O)(=O)c1cccc2nsnc12,Non-blocker,Non-blocker,PEOMWMHEYOVRJM-UHFFFAOYSA-N,PEOMWMHEYOVRJM,PubChem,3238650,
N=C(Nc1ccc(OCCCCCOc2ccc(NC(=N)c3ccccc3)cc2)cc1)c1ccccc1,Blocker,Blocker,PETGITKEGWIZEL-UHFFFAOYSA-N,PETGITKEGWIZEL,eval_set_herg_60.csv,,
CCOC(=O)c1c(N)sc2c1CCN(Cc1ccccc1)C2,Non-blocker,Non-blocker,PFENFDGYVLAFBR-UHFFFAOYSA-N,PFENFDGYVLAFBR,data_herg_dev,,5480
CCn1ncc(Cl)c1/C(O)=N/C(=S)Nc1c(C)cc(C)cc1[N+](=O)[O-],Blocker,Blocker,PGLDBNZKBZUTOW-UHFFFAOYSA-N,PGLDBNZKBZUTOW,PubChem,5059818,
Clc1ccc(Oc2ccccc2)cc1,Non-blocker,Non-blocker,PGPNJCAMHOJTEF-UHFFFAOYSA-N,PGPNJCAMHOJTEF,eval_set_herg_70.csv,,
COc1ccc(-c2nc(C(=O)O)cs2)cc1OC,Non-blocker,Non-blocker,PGSGSXVGWCROPO-UHFFFAOYSA-N,PGSGSXVGWCROPO,PubChem,1473790,
Cc1ccc(C(=O)N(CCCN)C(c2oc3cc(Cl)ccc3c(=O)c2Cc2ccccc2)C(C)C)cc1,Blocker,Blocker,PGXYIBJJCLWJST-UHFFFAOYSA-N,PGXYIBJJCLWJST,PubChem,CUPID,
O=C(Nc1ccccc1)N1CCC(=S)Nc2ccccc21,Non-blocker,Non-blocker,PHGNEFRAUMYAQJ-UHFFFAOYSA-N,PHGNEFRAUMYAQJ,PubChem,849656,
O=C(COc1c(C(=O)NCc2ccccc2)ccc2ccccc12)Nc1ccccc1N1CCCC1=O,Non-blocker,Non-blocker,PHHPLSLJGPCULR-UHFFFAOYSA-N,PHHPLSLJGPCULR,eval_set_herg_60.csv,,
O=C(NN(Cc1ccccc1)Cc1ccccc1)c1ccccc1,Non-blocker,Non-blocker,PHJSSXNJZBVIAR-UHFFFAOYSA-N,PHJSSXNJZBVIAR,PubChem,95922,
Fc1ccc([C@H](c2nnnn2CCc2ccccc2)N2CCCc3ccccc32)cc1,Non-blocker,Non-blocker,PHLXQWKNUVFUHP-XMMPIXPASA-N,PHLXQWKNUVFUHP,PubChem,3213453,
CC(=O)Nc1cc(C(C)C)c(O)c(C(C)C)c1,Non-blocker,Non-blocker,PHSJJLICQTWSOW-UHFFFAOYSA-N,PHSJJLICQTWSOW,PubChem,835028,
O=C(NNC(=O)[C@]12C[C@H]3C[C@H](C[C@H](C3)C1)C2)[C@@H]1C[C@H]1c1ccccc1,Non-blocker,Non-blocker,PIPKSJQWWUXIRL-BHYYFBTJSA-N,PIPKSJQWWUXIRL,PubChem,5286593,
CN1C(=O)c2ccccc2Sc2ccc(NC(=O)N3CCOCC3)cc21,Non-blocker,Non-blocker,PJLGTVZHUPKIKC-UHFFFAOYSA-N,PJLGTVZHUPKIKC,PubChem,4050102,
NC(=S)N/N=C1\C[C@H](c2ccc3c(c2)OCCO3)Oc2ccc(F)cc21,Non-blocker,Non-blocker,PJMFWFQNKWVXOR-WMRWHDLOSA-N,PJMFWFQNKWVXOR,PubChem,9665157,
CCCCNC(=S)N(CCCN(C)C)Cc1cc2cc3c(cc2[nH]c1=O)OCO3,Non-blocker,Non-blocker,PJVAUVZDZNJCFM-UHFFFAOYSA-N,PJVAUVZDZNJCFM,PubChem,3176050,
O=C(OCn1nnc2ccccc2c1=O)c1cccnc1,Non-blocker,Non-blocker,PJXSSNFDSOFYGC-UHFFFAOYSA-N,PJXSSNFDSOFYGC,PubChem,694194,
CCn1c(SCC(=O)OCC(=O)N2c3ccccc3NC(=O)C2(C)C)nnc1-c1ccco1,Non-blocker,Blocker,PKVKVVKAIKGAEA-UHFFFAOYSA-N,PKVKVVKAIKGAEA,PubChem,2570663,
COc1ccccc1C=O,Blocker,Non-blocker,PKZJLOCLABXVMC-UHFFFAOYSA-N,PKZJLOCLABXVMC,PubChem,8658,
O=C(N/N=C/c1ccc2cccc(OCc3ccccc3)c2n1)c1ccc(Br)cc1,Non-blocker,Blocker,PLKZSXWYWHHJJF-CVKSISIWSA-N,PLKZSXWYWHHJJF,PubChem,9774180,
Cc1cc(NC(=O)NC(=O)c2ccccc2NC(=O)[C@@H](C)N)ccc1Oc1ncc(Br)cn1,Blocker,Non-blocker,PLLJSVYLRCMYEJ-CYBMUJFWSA-N,PLLJSVYLRCMYEJ,PubChem,375121,
COC(=O)c1cc(Br)c(=O)n(CCN2CCOCC2)c1,Non-blocker,Non-blocker,PLNFZVGJBMUUJA-UHFFFAOYSA-N,PLNFZVGJBMUUJA,PubChem,661207,
FC(F)c1nnc2c(Cl)cc(C(F)(F)F)cn12,Non-blocker,Blocker,PLNGYKCXIDVVRW-UHFFFAOYSA-N,PLNGYKCXIDVVRW,PubChem,1489122,
O=C(COc1ccc(Cl)cc1)OCCNC12CC3CC(CC(C3)C1)C2,Non-blocker,Non-blocker,PLSMXIQMWYSHIV-UHFFFAOYSA-N,PLSMXIQMWYSHIV,data_herg_dev,,64517
Cc1nc(NC(=O)CSc2nnnn2Cc2ccccc2)sc1C,Non-blocker,Blocker,PNOURWZCNCSJJA-UHFFFAOYSA-N,PNOURWZCNCSJJA,PubChem,653360,
Cc1ccc(-c2cc(C(F)F)nc(NC[C@H]3CCCO3)n2)cc1,Non-blocker,Non-blocker,POEJNBCTRBLOCD-CYBMUJFWSA-N,POEJNBCTRBLOCD,PubChem,3244132,
NC(=O)c1cn(Cc2c(F)cccc2F)nn1,Non-blocker,Non-blocker,POGQSBRIGCQNEG-UHFFFAOYSA-N,POGQSBRIGCQNEG,eval_set_herg_60.csv,,
O=C(Oc1ccc(/C=N/NC(=O)c2ccccn2)cc1)c1cccc(Br)c1,Non-blocker,Non-blocker,POLKQQZDBZLYHU-YDZHTSKRSA-N,POLKQQZDBZLYHU,PubChem,5335269,
COc1cccc(CCc2ccccc2OCC(CN(C)C)OC(=O)CCC(=O)O)c1.Cl,Blocker,Non-blocker,FFYNAVGJSYHHFO-UHFFFAOYSA-N,POQBIDFFYCYHOB,data_herg_dev,,444005
CCN(CC)c1ccc(/C=N/c2ccc(C#N)cc2)c(O)c1,Non-blocker,Non-blocker,PPBBWBWEKMLMHL-DEDYPNTBSA-N,PPBBWBWEKMLMHL,PubChem,788959,
CCN(CC)CCNC(=S)Nc1ccc(Cl)cc1,Non-blocker,Non-blocker,PPGWSNADDUCESO-UHFFFAOYSA-N,PPGWSNADDUCESO,PubChem,2162147,
CCCCNc1ccc(C(=O)OCCN(C)C)cc1.Cl,Non-blocker,Non-blocker,GKCBAIGFKIBETG-UHFFFAOYSA-N,PPWHTZKZQNXVAE,eval_set_herg_70.csv,,
CCOc1ccc2oc(C(=O)NCc3nc4ccccc4[nH]3)c(C)c2c1,Non-blocker,Non-blocker,PPYGAMDNLKJKCD-UHFFFAOYSA-N,PPYGAMDNLKJKCD,PubChem,17539620,
O=C1/C(=C\c2cc([N+](=O)[O-])ccc2O)SC(=S)N1Cc1ccc(Cl)cc1,Non-blocker,Non-blocker,PQXPUDSXKHSHBY-OVCLIPMQSA-N,PQXPUDSXKHSHBY,PubChem,24761624,
O=C(CN1CCOCC1)N1c2ccccc2Sc2ccc(Cl)cc21,Non-blocker,Non-blocker,PQZBOHRAUKGCDL-UHFFFAOYSA-N,PQZBOHRAUKGCDL,PubChem,6456530,
CCCc1nn(C)c(C(=O)Nc2cccc(C)c2)c1Cl,Non-blocker,Non-blocker,PRJLHQKDFHUXRR-UHFFFAOYSA-N,PRJLHQKDFHUXRR,PubChem,850817,
O=C(CCC(=O)N1CCOc2ccccc21)NCc1ccccn1,Non-blocker,Non-blocker,PRRMJTGJEYLLCE-UHFFFAOYSA-N,PRRMJTGJEYLLCE,PubChem,22513043,
CCCCc1nc(Cl)c(CO)n1Cc1ccc(-c2ccccc2-c2nnn[nH]2)cc1,Blocker,Blocker,PSIFNNKUMBGKDQ-UHFFFAOYSA-N,PSIFNNKUMBGKDQ,eval_set_herg_70.csv,,
CC(C)(O)c1cccn2c(C3(c4ccc(Cl)cc4)CC3)nnc12,Non-blocker,Non-blocker,PTIFVLOBVCIMKL-UHFFFAOYSA-N,PTIFVLOBVCIMKL,data_herg_dev,CHEMBL4301600,
OCCc1nccn1Cn1cc(-c2ccc(S(F)(F)(F)(F)F)cc2)nn1,Non-blocker,Blocker,PTIUBUNBWISPMY-UHFFFAOYSA-N,PTIUBUNBWISPMY,eval_set_herg_60.csv,,
Cc1onc(-c2c(F)cccc2Cl)c1C(=O)/N=C(\N)N1C[C@@H](C)O[C@H](C)C1,Non-blocker,Non-blocker,PTJVYXIBOHPIRR-NXEZZACHSA-N,PTJVYXIBOHPIRR,PubChem,2804949,
CS(=O)(=O)N(CC(=O)N1CCN(c2ccccc2)CC1)c1cccc(Br)c1,Non-blocker,Non-blocker,PUBSPRZXVRZRAA-UHFFFAOYSA-N,PUBSPRZXVRZRAA,PubChem,1000784,
Cc1ccc(-c2nc(N)sc2CC(=O)OCC(=O)N[C@@H]2CCC[C@@H](C)[C@H]2C)cc1,Non-blocker,Non-blocker,PUDOZZTYLABBEU-BFYDXBDKSA-N,PUDOZZTYLABBEU,PubChem,5017051,
CCC(NCCc1ccccc1)=C1C(=O)NC(=O)NC1=O,Non-blocker,Non-blocker,PUMXDKQRJGQKLF-UHFFFAOYSA-N,PUMXDKQRJGQKLF,PubChem,1398862,
Cc1cc2nc(C3CCN(Cc4nnnn4Cc4cccs4)CC3)[nH]c2cc1C,Blocker,Non-blocker,PUUYHYGBZGDZJR-UHFFFAOYSA-N,PUUYHYGBZGDZJR,PubChem,655425,
CCOC(=O)Cn1nnc2c(sc3nc4c(c(-c5ccccc5)c32)CCC4)c1=O,Non-blocker,Non-blocker,PVTCNFFCFQDLGK-UHFFFAOYSA-N,PVTCNFFCFQDLGK,PubChem,8219179,
CNc1nc(C)nc(N2CCC(C(=O)NCc3ccc(Br)cc3OC(F)(F)F)CC2)n1,Blocker,Blocker,PVTFEAGMCGMRRS-UHFFFAOYSA-N,PVTFEAGMCGMRRS,data_herg_dev,CHEMBL2392692,
COc1cc(NC(=O)c2ccccc2)c(OC)cc1NC(=O)Cc1ccc(F)cc1,Non-blocker,Non-blocker,PWLPIGBGDXRUFT-UHFFFAOYSA-N,PWLPIGBGDXRUFT,PubChem,1318371,
Cc1oc(=O)oc1CN1CCN(c2cc3c(cc2F)c(=O)c(C(=O)O)c2n3C(C)S2)CC1,Blocker,Non-blocker,PWNMXPDKBYZCOO-UHFFFAOYSA-N,PWNMXPDKBYZCOO,eval_set_herg_70.csv,,
CCOc1ccc(-c2nc(CSCC(=O)NCCN3CCOCC3)c(C)o2)cc1,Non-blocker,Non-blocker,PWPWVSKNSIPQJT-UHFFFAOYSA-N,PWPWVSKNSIPQJT,PubChem,3245551,
C[C@@H](Oc1ccc(Cl)cc1Cl)C(=O)NNC(=O)C(=O)N1CCCC1,Non-blocker,Non-blocker,PWUKWJMMJUHIRR-SECBINFHSA-N,PWUKWJMMJUHIRR,PubChem,3120249,
Oc1ccc(-c2nccs2)cc1,Non-blocker,Blocker,PXNRJZLHXKIISI-UHFFFAOYSA-N,PXNRJZLHXKIISI,PubChem,223840,
CCn1c(COc2ccc(Cl)c(C)c2)nnc1SCC(=O)N1CCCC1,Non-blocker,Non-blocker,PXSMOSNRZTYHMJ-UHFFFAOYSA-N,PXSMOSNRZTYHMJ,PubChem,647076,
Cc1cc(=O)[nH]c2cc3oc4ccccc4c3cc12,Non-blocker,Non-blocker,PXTUEOYAGPJNRJ-UHFFFAOYSA-N,PXTUEOYAGPJNRJ,PubChem,341872,
O=C1N[C@H]2CCCCN2C12CCN(CCCN1c3ccccc3CCc3ccc(Cl)cc31)CC2,Blocker,Blocker,PXUIZULXJVRBPC-AREMUKBSSA-N,PXUIZULXJVRBPC,PubChem,4257,
O=C(Oc1ccc2oc(=O)sc2c1)c1ccccc1F,Non-blocker,Non-blocker,PXVLCFQXIMMCOL-UHFFFAOYSA-N,PXVLCFQXIMMCOL,PubChem,705270,
COc1ccc(CCNS(=O)(=O)c2ccc(Br)cc2)cc1,Non-blocker,Non-blocker,PXXXUXRFAPYCDZ-UHFFFAOYSA-N,PXXXUXRFAPYCDZ,PubChem,1092303,
CCCCNS(=O)(=O)/C=C/c1ccccc1,Non-blocker,Non-blocker,PZDKTCRAXMQZTK-PKNBQFBNSA-N,PZDKTCRAXMQZTK,PubChem,2442127,
Cc1[nH]c(=O)c(C#N)cc1-c1ccncc1,Non-blocker,Non-blocker,PZRHRDRVRGEVNW-UHFFFAOYSA-N,PZRHRDRVRGEVNW,eval_set_herg_60.csv,,
O=C(CN1CCN(c2ccc(Cl)cc2)CC1)Nc1ccc(F)c(F)c1,Non-blocker,Non-blocker,QATJTGDMWFQPQZ-UHFFFAOYSA-N,QATJTGDMWFQPQZ,PubChem,3239543,
CCOCCCNS(=O)(=O)c1ccc(NC(=O)Cc2c(F)cccc2Cl)cc1,Non-blocker,Non-blocker,QBNISVODXBGGSZ-UHFFFAOYSA-N,QBNISVODXBGGSZ,PubChem,2229490,
CCCOc1ccc2[nH]c(C(=O)N/N=C/c3cc(OC)c(OC)c(OC)c3)cc2c1,Non-blocker,Non-blocker,QCCYKFXIVXUHFI-YDZHTSKRSA-N,QCCYKFXIVXUHFI,PubChem,9696279,
CCOC(=O)c1c(CN2CCOCC2)n(-c2ccccc2)c2cc(Br)c(O)cc12,Non-blocker,Non-blocker,QCILYEVZKRWOPC-UHFFFAOYSA-N,QCILYEVZKRWOPC,PubChem,2882036,
Cc1ccc(OCCOc2cccc(/C=C3/C(=O)NC(=O)N=C3O)c2)cc1,Non-blocker,Non-blocker,QCQXOITVFPKAFQ-UHFFFAOYSA-N,QCQXOITVFPKAFQ,PubChem,2293976,
C[C@@H](OC(=O)c1cccc(O)c1)C(=O)N(C)Cc1ccccc1,Non-blocker,Non-blocker,QDFXNGGBWSSQBB-CYBMUJFWSA-N,QDFXNGGBWSSQBB,PubChem,24688026,
O=C(NCc1ccc2c(c1)OCO2)c1ccc([C@H]2SCC(=O)N2Cc2ccco2)cc1,Non-blocker,Non-blocker,QDKWQOVHUQNINE-HSZRJFAPSA-N,QDKWQOVHUQNINE,PubChem,2956931,
Cc1cc(C)cc(C(=O)NCCC(=O)NCc2cc(=O)n(C)c(=O)n2C)c1,Non-blocker,Non-blocker,QDPVTIMGDNTHOZ-UHFFFAOYSA-N,QDPVTIMGDNTHOZ,PubChem,8069639,
CC(C)c1nccn1S(=O)(=O)c1cc(Cl)ccc1Cl,Blocker,Non-blocker,QDZGXGTWFYTNRW-UHFFFAOYSA-N,QDZGXGTWFYTNRW,PubChem,794380,
CN(CC(=O)Nc1ccccc1C(=O)N1CCCC1)S(=O)(=O)c1ccc(Br)cc1,Non-blocker,Non-blocker,QEHJWKDNCOXHCA-UHFFFAOYSA-N,QEHJWKDNCOXHCA,PubChem,1255935,
Clc1ccc(CC2CC[N+](CCc3ccccc3)(CCc3ccccc3)CC2)cc1,Blocker,Blocker,QEPDZFYNUHRSGL-UHFFFAOYSA-N,QEPDZFYNUHRSGL,eval_set_herg_60.csv,,
COC(=O)c1c(NC(=O)c2ccc(C)cc2)csc1C,Non-blocker,Non-blocker,QESSUXRKIAMOIU-UHFFFAOYSA-N,QESSUXRKIAMOIU,PubChem,2808343,
Cc1ccc(OCCCc2cc(N)cc(CCCOc3ccc(C)cc3)n2)cc1,Blocker,Blocker,QFABWSMCBRDEAQ-UHFFFAOYSA-N,QFABWSMCBRDEAQ,CUPID,71605377,23473309
O=C(O)CCC(=O)NCCC1=c2ccccc2=N/C1=C\c1c(O)[nH]c(=S)n(Cc2ccc(F)cc2)c1=O,Non-blocker,Blocker,QFXGOLWITVIPJA-BKUYFWCQSA-N,QFXGOLWITVIPJA,PubChem,135630536,
Cc1ccc2[nH]c(C(=O)N3CCC(CC(C)(C)O)CC3)cc2c1,Non-blocker,Non-blocker,QGUMEWLTIYRZFH-UHFFFAOYSA-N,QGUMEWLTIYRZFH,data_herg_dev,CHEMBL2413849,
Cc1ccc(C)c(NC(=O)CN(C)C(=O)COc2ccc3ccccc3c2)c1,Non-blocker,Non-blocker,QGYUHIXUDPQIAD-UHFFFAOYSA-N,QGYUHIXUDPQIAD,PubChem,2517679,
CS(=O)(=O)Nc1ccc(C(=O)N2CC(=O)Nc3ccccc32)cc1,Non-blocker,Non-blocker,QHLIGAFFKXQGSR-UHFFFAOYSA-N,QHLIGAFFKXQGSR,PubChem,6458428,
CCN(CC)c1nc(C)cc(OP(=S)(OC)OC)n1,Non-blocker,Non-blocker,QHOQHJPRIBSPCY-UHFFFAOYSA-N,QHOQHJPRIBSPCY,data_herg_dev,,34526
CCN(CC)C(=O)SCc1ccc(Cl)cc1,Non-blocker,Non-blocker,QHTQREMOGMZHJV-UHFFFAOYSA-N,QHTQREMOGMZHJV,data_herg_dev,,34192
Cc1nn(-c2ccccc2)c(O)c1C(c1ccccc1C(=O)O)c1c(C)nn(-c2ccccc2)c1O,Non-blocker,Non-blocker,QIKHEXUSVZEXRA-UHFFFAOYSA-N,QIKHEXUSVZEXRA,PubChem,3656976,
CCC(O)C(CC(C)N(C)C)(c1ccccc1)c1ccccc1,Non-blocker,Non-blocker,QIRAYNIFEOXSPW-UHFFFAOYSA-N,QIRAYNIFEOXSPW,eval_set_herg_70.csv,,
O[C@@H](CN1CCN(c2cccc(Cl)c2)CC1)C(c1ccccc1)c1ccccc1,Blocker,Blocker,QJHCTHPYUOXOGM-DEOSSOPVSA-N,QJHCTHPYUOXOGM,PubChem,11957475,
Cc1cc(C(=O)NNC(=O)c2cccc([N+](=O)[O-])c2)n[nH]1,Blocker,Non-blocker,QKMVWKSVCHEOJQ-UHFFFAOYSA-N,QKMVWKSVCHEOJQ,PubChem,4028568,
C=CCSc1nc(C)c(CC=C)c(=O)[nH]1,Non-blocker,Non-blocker,QKOBFNINEWREKY-UHFFFAOYSA-N,QKOBFNINEWREKY,PubChem,135418926,
Cc1ccc(C(=O)Nc2ncccc2O)o1,Non-blocker,Non-blocker,QKOWCYNDVVPWMY-UHFFFAOYSA-N,QKOWCYNDVVPWMY,PubChem,24981940,
COc1ccc(CN2CCNC(=O)[C@H]2CC(=O)N(C)Cc2ccon2)c(OC)c1,Non-blocker,Non-blocker,QLFUMYAVGDXHHW-QGZVFWFLSA-N,QLFUMYAVGDXHHW,PubChem,16188496,
CN1Cc2cc(N3CCOCC3)ccc2C(c2ccc3sccc3c2)C1,Blocker,Blocker,QLQQUDCJVQOCBW-UHFFFAOYSA-N,QLQQUDCJVQOCBW,CUPID,CUPID,
C[C@]12N[C@H](Cc3ccccc31)c1ccccc12.O=C(O)/C=C\C(=O)O,Non-blocker,Blocker,LBOJYSIDWZQNJS-CVEARBPZSA-N,QLTXKCWMEZIHBJ,data_herg_dev,,6420042
CCOc1ncccc1C(=O)OCC(=O)Nc1ccc(C)c(S(=O)(=O)N(C)C)c1,Non-blocker,Non-blocker,QMHIQUUIBMTLEM-UHFFFAOYSA-N,QMHIQUUIBMTLEM,PubChem,3896374,
C[C@H](CCc1ccccc1)NC(=O)c1ccc(NC(=O)c2cccc(Br)c2)cc1,Non-blocker,Non-blocker,QMRYHVCFLOCYFD-QGZVFWFLSA-N,QMRYHVCFLOCYFD,PubChem,2946068,
Cc1cc([N+](=O)[O-])nn1CC(=O)Nc1c(C)n(C)n(-c2ccccc2)c1=O,Non-blocker,Non-blocker,QNDROVVEPPUVOD-UHFFFAOYSA-N,QNDROVVEPPUVOD,PubChem,1509705,
O=C1N(c2cccnc2C(F)(F)F)CC2(CCN(CCc3ccccc3F)CC2)OC12CC2,Blocker,Blocker,QNSPFRSAEHVDGL-UHFFFAOYSA-N,QNSPFRSAEHVDGL,data_herg_dev,CHEMBL4461774,
CCCC[C@H]1C(=O)N(C[C@H]2CC[C@H](OCC)CC2)CCC12CCN(C1(C)CCN(C(=O)c3c(C)ncnc3C)CC1)CC2,Non-blocker,Blocker,QOJYCEFGDGHBCC-DTXPUJKBSA-N,QOJYCEFGDGHBCC,PubChem,25230828,19014885
CC(C)(C)n1nnnc1[C@@H](c1cc2cc3c(cc2[nH]c1=O)OCCO3)N1CCSCC1,Non-blocker,Blocker,QOTDCCJXIFWQLX-GOSISDBHSA-N,QOTDCCJXIFWQLX,PubChem,651976,
CCOc1ccc(C(=O)NCC(=O)NNC(=O)c2cc(C)oc2C)cc1OCC,Non-blocker,Non-blocker,QOTIYZSFAJJSLC-UHFFFAOYSA-N,QOTIYZSFAJJSLC,PubChem,4787471,
CC(=O)N[C@@]12C[C@H]3C[C@@H](C1)C[C@](C(=O)N(C)CC(=O)Nc1cccc(F)c1)(C3)C2,Non-blocker,Non-blocker,QPDLTNBVAQLIPW-WGKKAQPQSA-N,QPDLTNBVAQLIPW,PubChem,25163719,
COCCN(C)c1ncc(-c2nc3ccncc3n2-c2ccc(C)cc2)cn1,Blocker,Blocker,QPDXCTUIFSTHQD-UHFFFAOYSA-N,QPDXCTUIFSTHQD,eval_set_herg_60.csv,,
Cc1cc(/C=N/n2cnnc2)c(C)n1-c1ccc(C(=O)O)cc1,Non-blocker,Non-blocker,QPPIHGNVNIMMFK-UFWORHAWSA-N,QPPIHGNVNIMMFK,PubChem,6858377,
O=C1c2ccccc2C(=O)N1C/C=C/CN1C(=O)c2ccccc2C1=O,Blocker,Non-blocker,QPWMZOCQKSFBNO-AATRIKPKSA-N,QPWMZOCQKSFBNO,PubChem,1551584,
Cc1ccc(S(=O)(=O)N/N=C\c2ccc3c(c2)OCO3)cc1C,Non-blocker,Non-blocker,QQAGEJZIKXNHQJ-MFOYZWKCSA-N,QQAGEJZIKXNHQJ,PubChem,25237235,
Cc1ccc(NC(=O)c2c(-c3ccccc3)csc2NC(=O)CC(C)C)c(C)c1,Non-blocker,Non-blocker,QQVHDRFXALQZIK-UHFFFAOYSA-N,QQVHDRFXALQZIK,PubChem,2195944,
N#CC1=C(N)Oc2ccc3ccccc3c2[C@H]1c1cccnc1,Non-blocker,Blocker,QRROZYHGCJIAJU-KRWDZBQOSA-N,QRROZYHGCJIAJU,PubChem,2839492,
CC(=O)COc1ccc2cc(-c3ccccc3)c(=O)oc2c1,Non-blocker,Non-blocker,QRWTUBWNGMPQJR-UHFFFAOYSA-N,QRWTUBWNGMPQJR,PubChem,1265303,
COC(=O)C1=C(C)N(Cc2ccccc2)C(=O)N[C@H]1c1cccs1,Non-blocker,Non-blocker,QSCSZGHILKIHDK-INIZCTEOSA-N,QSCSZGHILKIHDK,PubChem,16745569,
C/C(=N\Nc1ccc(S(=O)(=O)N2CCOCC2)cc1[N+](=O)[O-])C(C)C,Non-blocker,Non-blocker,QSEGVTDFOQPCDJ-FOWTUZBSSA-N,QSEGVTDFOQPCDJ,PubChem,9658789,
CC(C)N1CCC[C@H](Cn2c(CN(C)[C@H]3CCCc4cccnc43)nc3ccccc32)C1,Non-blocker,Blocker,QSKQVYGGIODIIN-OFVILXPXSA-N,QSKQVYGGIODIIN,PubChem,15959068,20207537
Cc1cc(/C=C2\SC(Nc3ccccc3)=NC2=O)c(C)n1-c1ccccc1,Non-blocker,Non-blocker,QTDBAHFMTAMGMZ-ZHZULCJRSA-N,QTDBAHFMTAMGMZ,eval_set_herg_60.csv,,
Cc1cccnc1CN1CCC2(NC(=O)N(c3ccc(-c4ccccc4)cc3)C2=O)C(C(=O)O)C1,Non-blocker,Non-blocker,QTFWXVJHEFHBIN-UHFFFAOYSA-N,QTFWXVJHEFHBIN,eval_set_herg_70.csv,,
O=S(=O)(NCC1(N2CCOCC2)CCCCC1)c1ccc(F)c(F)c1F,Non-blocker,Non-blocker,QTUYTGOLSQXABD-UHFFFAOYSA-N,QTUYTGOLSQXABD,PubChem,8351269,
Brc1cccc2nc(C#Cc3ccccn3)ccc12,Non-blocker,Non-blocker,QUNXIQXRXOIXOR-UHFFFAOYSA-N,QUNXIQXRXOIXOR,eval_set_herg_70.csv,,
COc1cccc(OC)c1-c1nnc(-c2cn(C)c3ccccc23)o1,Non-blocker,Non-blocker,QUOJXZWKBRKFRC-UHFFFAOYSA-N,QUOJXZWKBRKFRC,PubChem,647491,
O=C(c1cccc2c1OC(c1ccc(-c3ccccc3)cc1)CC2)N1CCCC1,Blocker,Blocker,QVBHCFGSOSHZJU-UHFFFAOYSA-N,QVBHCFGSOSHZJU,eval_set_herg_60.csv,,
Oc1ccc(-c2cc3c(CN4CCC5(COC5)C4)c(O)ccc3o2)cc1,Blocker,Blocker,QVXCPPOPYYJCBN-UHFFFAOYSA-N,QVXCPPOPYYJCBN,PubChem,166634297,34910486
C/C(=N\Nc1ccccc1)c1cccs1,Non-blocker,Non-blocker,QWAZWODLXPIHLO-JLHYYAGUSA-N,QWAZWODLXPIHLO,PubChem,5863488,
O=C(COC(=O)c1cc(S(=O)(=O)N2CCCC2)ccc1O)Nc1ccc(S(=O)(=O)N2CCOCC2)cc1,Non-blocker,Non-blocker,QWJPWZFRYMAAFU-UHFFFAOYSA-N,QWJPWZFRYMAAFU,PubChem,3970101,
COc1ccccc1NC(=S)NCc1ccco1,Non-blocker,Non-blocker,QWSMHDHCWJOETE-UHFFFAOYSA-N,QWSMHDHCWJOETE,PubChem,694028,
CCS(=O)(=O)Nc1cc(C(=O)OC)ccc1C(=O)OC,Non-blocker,Non-blocker,QXJMVVRILWFLCB-UHFFFAOYSA-N,QXJMVVRILWFLCB,PubChem,896631,
COc1ccc(S(=O)(=O)N2C[C@H](O)C[C@@H]2C(=O)OCC(=O)Nc2ccc(Cl)cn2)cc1,Non-blocker,Non-blocker,QYEIXNFTLDOHBA-CZUORRHYSA-N,QYEIXNFTLDOHBA,PubChem,2998188,
N[C@@H](C(=O)N[C@@H]1C(=O)N2C(C(=O)O)=C(Cl)CS[C@H]12)c1ccccc1,Non-blocker,Non-blocker,QYIYFLOTGYLRGG-GPCCPHFNSA-N,QYIYFLOTGYLRGG,PubChem,40958,
CCN(CCO)CCCOc1ccc2c(Nc3cc(CC(=O)Nc4cccc(F)c4)[nH]n3)ncnc2c1,Non-blocker,Non-blocker,QYZOGCMHVIGURT-UHFFFAOYSA-N,QYZOGCMHVIGURT,data_herg_dev,CHEMBL215152,
CC1=CC(=NOC(=O)c2cccc([N+](=O)[O-])c2)C=C(C)C1=O,Non-blocker,Non-blocker,QZWBWWQHXCDALU-UHFFFAOYSA-N,QZWBWWQHXCDALU,PubChem,885433,
CS(=O)(=O)Nc1ccc(OCC(O)CNCCOc2ccc(-n3ccnc3)cc2)cc1,Blocker,Blocker,QZWUQVSQIFFFKY-UHFFFAOYSA-N,QZWUQVSQIFFFKY,eval_set_herg_60.csv,,
CC(C)(O)c1ccc(C(O)CCC[N+]2CCC(C(O)(c3ccccc3)c3ccccc3)CC2)cc1,Non-blocker,Non-blocker,QZZLQXZHKPPSLA-UHFFFAOYSA-N,QZZLQXZHKPPSLA,eval_set_herg_70.csv,,
CON(C)C(=O)C[C@@H]1C[C@@H](O)CN1C(=O)OC(C)(C)C,Non-blocker,Non-blocker,RABYIHVGOJFWCZ-VHSXEESVSA-N,RABYIHVGOJFWCZ,PubChem,44202083,
CS(=O)(=O)c1cccc(-c2cnn(Cc3cc[nH]n3)c2)c1,Blocker,Blocker,RAFYHYBKKVGIIK-UHFFFAOYSA-N,RAFYHYBKKVGIIK,eval_set_herg_70.csv,,
COc1cc(CNC2CCCCCCC2)c(Br)cc1OCCO,Non-blocker,Non-blocker,RAZSTMZKMGDMBW-UHFFFAOYSA-N,RAZSTMZKMGDMBW,PubChem,2984812,
Cc1nc2n(c(=O)c1CCN1CCC(C(=O)c3ccc(F)cc3)CC1)CCS2,Blocker,Blocker,RBGAHDDQSRBDOG-UHFFFAOYSA-N,RBGAHDDQSRBDOG,PubChem,68604,
CCSCN(c1ccc(Cl)c(Cl)c1)C1CCNCC1,Blocker,Blocker,RCTBNUPUXPZKMD-UHFFFAOYSA-N,RCTBNUPUXPZKMD,eval_set_herg_70.csv,,
Cc1ccc(S(=O)(=O)c2nc(C)oc2NCc2ccccc2)cc1,Non-blocker,Non-blocker,RDCOWDPBDDSINA-UHFFFAOYSA-N,RDCOWDPBDDSINA,PubChem,747408,
NS(=O)(=O)c1ccc(NC(=O)COC(=O)CCNC(=O)N[C@]23C[C@H]4C[C@H](C[C@H](C4)C2)C3)cc1,Non-blocker,Non-blocker,RDEFQPLFUCRDMC-OFWUGVANSA-N,RDEFQPLFUCRDMC,PubChem,2998875,
Cc1nc2ccccc2c2c1C(=O)N=C2O,Non-blocker,Non-blocker,RDOYVWRCQYHNHO-UHFFFAOYSA-N,RDOYVWRCQYHNHO,PubChem,611339,
CN(C)c1ccc(-c2nc3ccncc3n2-c2ccc(F)cc2)cn1,Blocker,Blocker,RECFYTHQLNPCBY-UHFFFAOYSA-N,RECFYTHQLNPCBY,eval_set_herg_70.csv,,
O=C(O)COc1nc(Cl)c(Cl)cc1Cl,Non-blocker,Non-blocker,REEQLXCGVXDJSQ-UHFFFAOYSA-N,REEQLXCGVXDJSQ,PubChem,41428,
O=C(CCN1C(=O)/C(=C\C=C\c2ccccc2)SC1=S)Nc1cccc(C(=O)O)c1,Non-blocker,Blocker,REKMQJYETOXPRJ-VZGYRVSQSA-N,REKMQJYETOXPRJ,PubChem,1321268,
CCCc1cc(=O)[nH]c(Nc2ccc(OC)c(Cl)c2)n1,Non-blocker,Non-blocker,REMURMHSYHBNEX-UHFFFAOYSA-N,REMURMHSYHBNEX,PubChem,135459611,
COc1ccc(-c2csc(C3=C(N)N(C(C)C)CC3=O)n2)cc1OC,Non-blocker,Non-blocker,REOALZQNOIUFGL-UHFFFAOYSA-N,REOALZQNOIUFGL,PubChem,135400766,
CCCOc1ccccc1-c1nc2[nH]nnc2c(=O)[nH]1,Non-blocker,Non-blocker,REZGGXNDEMKIQB-UHFFFAOYSA-N,REZGGXNDEMKIQB,eval_set_herg_60.csv,,
OC(Cn1cncn1)(Cn1cncn1)c1ccc(F)cc1F,Non-blocker,Non-blocker,RFHAOTPXVQNOHP-UHFFFAOYSA-N,RFHAOTPXVQNOHP,eval_set_herg_60.csv,,
C[C@@H](NC(=O)c1cccc(Cl)c1)[C@@H]1C[C@@H]2CC[C@H]1C2,Non-blocker,Non-blocker,RFRFDCULURPQDK-FJJYHAOUSA-N,RFRFDCULURPQDK,PubChem,4402823,
C[C@]12Cc3nonc3C[C@@H]1CC[C@@H]1[C@@H]2CC[C@@]2(C)[C@H]1CC[C@]2(C)O,Non-blocker,Non-blocker,RGLLOUBXMOGLDQ-IVEVATEUSA-N,RGLLOUBXMOGLDQ,data_herg_dev,,14708
CCCC[Sn](Cl)(Cl)CCCC,Non-blocker,Non-blocker,RJGHQTVXGKYATR-UHFFFAOYSA-L,RJGHQTVXGKYATR,eval_set_herg_70.csv,,
COc1ccc(CC(=O)N2CCN(c3ccccc3)CC2)cc1OC,Non-blocker,Non-blocker,RKANZFVMJQLDRG-UHFFFAOYSA-N,RKANZFVMJQLDRG,PubChem,783637,
Cc1sc(/N=C(\O)C2=COCCO2)nc1-c1ccc(Cl)cc1,Non-blocker,Non-blocker,RKKWORPIGNLUSQ-UHFFFAOYSA-N,RKKWORPIGNLUSQ,PubChem,16583100,
CC(=O)c1c(S)nc(-c2ccccc2)nc1NC(=O)c1ccccc1,Non-blocker,Blocker,RKNWDNVKVPSWCW-UHFFFAOYSA-N,RKNWDNVKVPSWCW,PubChem,3327769,
COc1cccc(/C=N/NC(=O)c2cc3c(OC)c(OC)ccc3[nH]2)c1OC,Non-blocker,Non-blocker,RKSQGNNQXZLBHE-SRZZPIQSSA-N,RKSQGNNQXZLBHE,PubChem,6887243,
CCCOc1ccc(CN(CCC#N)C(=S)/N=C(\O)c2ccccc2)cc1,Non-blocker,Blocker,RKWQBNIOSHLFPE-UHFFFAOYSA-N,RKWQBNIOSHLFPE,PubChem,1910312,
c1cc2c3c(c1)ccc1cccc(c13)C2,Non-blocker,Non-blocker,RKZDZWJDQTZDLD-UHFFFAOYSA-N,RKZDZWJDQTZDLD,data_herg_dev,CHEMBL1491899,
CN[C@@H]1Cc2cccc3[nH]c(=O)n(c23)C1,Non-blocker,Blocker,RKZSNTNMEFVBDT-MRVPVSSYSA-N,RKZSNTNMEFVBDT,eval_set_herg_60.csv,,
Cc1cc(C(=O)Nc2ccccc2C(=O)O)ccc1NC(=O)COc1ccccc1Cl,Blocker,Non-blocker,RLXKQEJDCIUROD-UHFFFAOYSA-N,RLXKQEJDCIUROD,PubChem,2192862,
Cc1ccc([N+](=O)[O-])cc1[N+](=O)[O-],Non-blocker,Non-blocker,RMBFBMJGBANMMK-UHFFFAOYSA-N,RMBFBMJGBANMMK,data_herg_dev,CHEMBL259865,
COP(=O)(OC)C1(Nc2ccc(C)cc2)CCCCC1,Non-blocker,Non-blocker,RMBQRFBEFYHBGW-UHFFFAOYSA-N,RMBQRFBEFYHBGW,PubChem,2053661,
Cc1c(C(=O)c2ccc(Cl)c(Cl)c2)cnc2cc3c(cc12)OCO3,Non-blocker,Non-blocker,RMXHLEDDJIDKFQ-UHFFFAOYSA-N,RMXHLEDDJIDKFQ,PubChem,1046828,
CC(CO)c1ccccc1,Non-blocker,Non-blocker,RNDNSYIPLPAXAZ-UHFFFAOYSA-N,RNDNSYIPLPAXAZ,data_herg_dev,,14295
CC1(C)[C@@]2(C(=O)OC3CCCCC3)CC[C@]1(C)C(=O)O2,Non-blocker,Blocker,RNGQAUFDEMJDBY-CVEARBPZSA-N,RNGQAUFDEMJDBY,PubChem,6473162,
Nc1cc(-c2ccncc2)c[nH]c1=O,Blocker,Non-blocker,RNLQIBCLLYYYFJ-UHFFFAOYSA-N,RNLQIBCLLYYYFJ,eval_set_herg_60.csv,,
CCN1CCN([C@@H](CNS(=O)(=O)c2cccs2)c2cccnc2)CC1,Non-blocker,Non-blocker,ROFVIGVNDRSCAJ-INIZCTEOSA-N,ROFVIGVNDRSCAJ,PubChem,16194574,
CC(C)(C)c1ccc(NC(=O)N2CCN(c3ncccc3Cl)CC2)cc1,Non-blocker,Blocker,ROGUAPYLUCHQGK-UHFFFAOYSA-N,ROGUAPYLUCHQGK,CUPID,CUPID,
Cc1cc(NC(=O)CCOc2ccc(F)cc2)no1,Non-blocker,Non-blocker,ROHUPZWQDJRIOG-UHFFFAOYSA-N,ROHUPZWQDJRIOG,PubChem,2739505,
CCCN(CC(=O)Nc1ccccc1C)C(=O)Cc1cccs1,Non-blocker,Non-blocker,ROUHJURWDFEXOS-UHFFFAOYSA-N,ROUHJURWDFEXOS,PubChem,25161849,
Cn1c(C2CC2)nc2ccc(-n3ccc(OCc4ccc(Cl)s4)cc3=O)cc21,Blocker,Blocker,RPFBZAHRSRZYGF-UHFFFAOYSA-N,RPFBZAHRSRZYGF,data_herg_dev,CHEMBL3792516,
CC(C)(C)Cc1nnc(NS(=O)(=O)c2ccc(F)cc2)s1,Non-blocker,Non-blocker,RPODJOFYGYNBRW-UHFFFAOYSA-N,RPODJOFYGYNBRW,PubChem,656064,
COc1ccc(CCNC(=O)CSc2nc3ccsc3c(=O)n2Cc2ccccn2)cc1OC,Non-blocker,Non-blocker,RPSVQFIWXDSZAY-UHFFFAOYSA-N,RPSVQFIWXDSZAY,PubChem,4589215,
NNc1nncc2ccccc12,Non-blocker,Non-blocker,RPTUSVTUFVMDQK-UHFFFAOYSA-N,RPTUSVTUFVMDQK,data_herg_dev,,
CCN1CCN(C(=O)c2ccc(N3C[C@@H]4C[C@H](C3)c3cccc(=O)n3C4)c(NC(=O)c3cc(OC)cc(OC)c3)c2)CC1,Non-blocker,Non-blocker,RPXCBOUCHPUGIK-WIOPSUGQSA-N,RPXCBOUCHPUGIK,PubChem,6616600,
CC(C)n1c(N2CCNC[C@H]2C)nc2c([N+](=O)[O-])c(Br)c(Br)cc21,Blocker,Blocker,RQEZRSGZDBMWMH-SECBINFHSA-N,RQEZRSGZDBMWMH,PubChem,135144713,
N=C(N)NC(=O)c1nc(Cl)c(N2CCCCCC2)nc1N,Blocker,Blocker,RQQJJXVETXFINY-UHFFFAOYSA-N,RQQJJXVETXFINY,PubChem,1794,33799173
C/C(=N\NC(=O)c1cc(C)nc2ccc(C)cc12)c1ccncc1,Non-blocker,Non-blocker,RQQZAOAAESARSU-HYARGMPZSA-N,RQQZAOAAESARSU,PubChem,25237458,
CCOC(=O)c1cn(CC)c2cc(N3CCCCC3)c(F)cc2c1=O,Non-blocker,Non-blocker,RRDUBKZHUJXICD-UHFFFAOYSA-N,RRDUBKZHUJXICD,data_herg_dev,CHEMBL586310,
CC(O)C(=O)[O-].[Hg+]c1ccccc1,Non-blocker,Non-blocker,RRFGSWMKSSCUSU-UHFFFAOYSA-M,RRFGSWMKSSCUSU,eval_set_herg_70.csv,,
Fc1ccc(C(OCC[N+]2CC[N+](CCCc3ccccc3)CC2)c2ccc(F)cc2)cc1,Blocker,Blocker,RRNCWJLZTRYGBP-UHFFFAOYSA-N,RRNCWJLZTRYGBP,eval_set_herg_70.csv,,
NC(=O)c1cccc(/N=C/c2cc(Cl)cc(Cl)c2O)c1,Blocker,Blocker,RRSJFCZUAOKWEF-CNHKJKLMSA-N,RRSJFCZUAOKWEF,PubChem,693534,
CCCCCC(=O)N1c2ccccc2NC2=C(C(=O)CC(c3ccc(OC)c(OC)c3)C2)C1c1ccc(C(F)(F)F)cc1,Blocker,Blocker,RSEZBMBZLDGGCL-UHFFFAOYSA-N,RSEZBMBZLDGGCL,data_herg_dev,CHEMBL533563,
CCOCCCNC(=S)NCCCNc1nc2cc3c(cc2cc1C#N)OCO3,Non-blocker,Non-blocker,RSOYCKZHDINCSE-UHFFFAOYSA-N,RSOYCKZHDINCSE,PubChem,3221601,
CC[Hg]Sc1ccccc1C(=O)[O-].[Na+],Non-blocker,Non-blocker,HXQVQGWHFRNKMS-UHFFFAOYSA-L,RTKIYNMVFMVABJ,data_herg_dev,,16684434
Cc1cc2c3c([n+](C)c4ccccc4c3c1)-c1ccccc1S2,Non-blocker,Blocker,RTXWDRWCKYDECO-UHFFFAOYSA-N,RTXWDRWCKYDECO,eval_set_herg_60.csv,,
CC(=O)NC[C@@H]1OC(=O)N2c3cc(F)c(C4=CCN(C(=O)CO)CC4)cc3OC[C@@H]12,Non-blocker,Non-blocker,RVDLDQGZCRPPDI-WMZOPIPTSA-N,RVDLDQGZCRPPDI,data_herg_dev,CHEMBL4079081,
CCOC(=O)c1c(C)[nH]c(C)c1S(=O)(=O)NCc1ccccc1OCC,Non-blocker,Non-blocker,RVGMVTUTNLYDKN-UHFFFAOYSA-N,RVGMVTUTNLYDKN,PubChem,20938492,
C[C@@H](OC(=O)c1ccc(-n2cnnn2)cc1)C(=O)NCc1ccccc1,Non-blocker,Non-blocker,RVIXQIKVENWOEN-CYBMUJFWSA-N,RVIXQIKVENWOEN,PubChem,16276855,
CCN(CC(=O)Nc1ccc(NC(C)=O)cc1)C(=O)C1=NN(c2cc(C)ccc2C)C(=O)CC1,Non-blocker,Non-blocker,RWVJFNBJFAEPAH-UHFFFAOYSA-N,RWVJFNBJFAEPAH,PubChem,24687314,
CC(C)(C)OC(=O)N1CCN(c2nc3c([N+](=O)[O-])c(Br)c(Br)cc3[nH]2)CC1,Blocker,Blocker,RXGDDWPITVSKDR-UHFFFAOYSA-N,RXGDDWPITVSKDR,PubChem,90239675,
Nc1ccn(C2CO[C@H](CO)O2)c(=O)n1,Blocker,Non-blocker,RXRGZNYSEHTMHC-MLWJPKLSSA-N,RXRGZNYSEHTMHC,eval_set_herg_70.csv,,
CN1CCN(/C=N/c2c(C#N)cnn2C)CC1,Non-blocker,Non-blocker,RXZAFDNTQVGKFZ-UKTHLTGXSA-N,RXZAFDNTQVGKFZ,PubChem,9587693,
CC(C)CCCCCCCOP(=O)(Oc1ccccc1)Oc1ccccc1,Non-blocker,Non-blocker,RYUJRXVZSJCHDZ-UHFFFAOYSA-N,RYUJRXVZSJCHDZ,data_herg_dev,,34697
COc1ccc2nc(NC(=O)CN3CCOCC3)sc2c1,Non-blocker,Blocker,RYYBUTNUEKNHTK-UHFFFAOYSA-N,RYYBUTNUEKNHTK,PubChem,709709,
C[C@H]1CN(Cc2ccc(CC(=O)N3CCC(Nc4cccc(F)c4)CC3)cc2)CCN1,Non-blocker,Non-blocker,RZKDEGZIFSJVNA-IBGZPJMESA-N,RZKDEGZIFSJVNA,data_herg_dev,CHEMBL489095,
NCC1(O)CCN(c2cc(F)c(F)c(Oc3cccc(F)c3)c2)CC1,Blocker,Blocker,RZKJUZNVAKAQIB-UHFFFAOYSA-N,RZKJUZNVAKAQIB,eval_set_herg_70.csv,,
Oc1cc(-c2cn[nH]c2)ccc1-c1ccc(N2CC[C@@]3(CCCNC3)C2)nn1,Blocker,Blocker,RZKZALJPCPTXOQ-OAQYLSRUSA-N,RZKZALJPCPTXOQ,PubChem,136598257,30407821
C[C@@H](Oc1cccc2ncnc(Nc3ccc4c(cnn4Cc4nccs4)c3)c12)C(=O)N1CCOCC1,Non-blocker,Non-blocker,RZPOCZHUFDCVQZ-QGZVFWFLSA-N,RZPOCZHUFDCVQZ,eval_set_herg_60.csv,,
COc1ccc(CCNC(=O)Cn2cnc3c(nnn3Cc3ccccc3F)c2=O)cc1OC,Non-blocker,Non-blocker,RZWSFOOIESDEIA-UHFFFAOYSA-N,RZWSFOOIESDEIA,PubChem,3242547,
CCO/C(O)=C1\C(C)=Nc2ncnn2[C@H]1c1ccccc1F,Non-blocker,Non-blocker,RZXFWPFZXOSXKG-REQDGWNSSA-N,RZXFWPFZXOSXKG,PubChem,3237726,
COc1ccc(S(=O)(=O)N2CCN(C(=S)NC[C@H]3CCCO3)CC2)cc1OC,Non-blocker,Non-blocker,SAPQORKQAWTZAT-CQSZACIVSA-N,SAPQORKQAWTZAT,PubChem,2970641,
C[C@H](Nc1nc(N)nc(N)c1Cl)c1nc2c(Cl)cc(F)cc2c(=O)n1-c1cc[nH]n1,Non-blocker,Non-blocker,SAWISWWSHNTVLW-LURJTMIESA-N,SAWISWWSHNTVLW,data_herg_dev,CHEMBL4082978,
Cc1cc(NCCCN2CCOCC2)n2ncc(-c3ccc(Cl)cc3)c2n1,Non-blocker,Non-blocker,SBFMYJSRQFTRIZ-UHFFFAOYSA-N,SBFMYJSRQFTRIZ,PubChem,667170,
CCOc1ccc2nc(NCCNC(=O)CC)c(C#N)cc2c1,Non-blocker,Non-blocker,SBIFELRMHSAINV-UHFFFAOYSA-N,SBIFELRMHSAINV,PubChem,650115,
C[C@]1(CS(=O)(=O)N2CCC(Oc3ccc(OC(F)(F)C(F)F)cc3)CC2)NC(=O)NC1=O,Non-blocker,Non-blocker,SBVAXUGOISPYPX-QGZVFWFLSA-N,SBVAXUGOISPYPX,data_herg_dev,CHEMBL2409707,
COC(=O)CCC(=O)Nc1sc(Cc2ccccc2)c(C)c1C(N)=O,Non-blocker,Non-blocker,SBYCSVOUQFRMNP-UHFFFAOYSA-N,SBYCSVOUQFRMNP,PubChem,1071335,
Oc1c(Cl)cc(Cl)cc1/C=N/c1ccc(Br)cc1,Blocker,Blocker,SCFYGKJRFQUEST-REZTVBANSA-N,SCFYGKJRFQUEST,PubChem,710302,
C[C@@H](Sc1ccccc1)C(=O)NN=C1CCCCCC1,Non-blocker,Non-blocker,SCKIWEXVLOLPLV-CYBMUJFWSA-N,SCKIWEXVLOLPLV,PubChem,3110506,
COc1ccc(N(CC(=O)NC2CCCC2)C(=O)Cn2nnc(-c3ccc(F)cc3)n2)cc1OC,Non-blocker,Non-blocker,SDAVZZHRESASMU-UHFFFAOYSA-N,SDAVZZHRESASMU,PubChem,647440,
COc1ccc(-c2cnc(C(C)(C)N)[nH]2)cc1,Non-blocker,Non-blocker,SDCXTUBNZMRVIX-UHFFFAOYSA-N,SDCXTUBNZMRVIX,eval_set_herg_70.csv,,
CC(C)(C)OC(=O)N1C[C@H](O)C[C@H]1C(=O)OCC(=O)c1ccc([N+](=O)[O-])cc1,Non-blocker,Non-blocker,SDHVMLQOMPGBRQ-KGLIPLIRSA-N,SDHVMLQOMPGBRQ,PubChem,11901278,
CCc1nc(C)cn1S(=O)(=O)c1cc(Br)ccc1OC,Non-blocker,Non-blocker,SDMMYBHYEFOUHE-UHFFFAOYSA-N,SDMMYBHYEFOUHE,PubChem,1125097,
CC1(c2cc(NC(=O)c3ccn4cc(Oc5ncnc6c5CNC6)ccc34)n[nH]2)CC1,Non-blocker,Non-blocker,SDNAUQJDDNPZMF-UHFFFAOYSA-N,SDNAUQJDDNPZMF,data_herg_dev,CHEMBL3809144,
C/C(=N/NC(=O)c1ccc2c(c1)OCO2)c1ccc(Br)s1,Non-blocker,Non-blocker,SDOAIZHQPATQLO-PXNMLYILSA-N,SDOAIZHQPATQLO,PubChem,5348234,
CC[N+](CC)CCOc1ccc(/C(=C(/Cl)c2ccccc2)c2ccccc2)cc1,Blocker,Blocker,SEAREBDZGMUOLJ-OCEACIFDSA-N,SEAREBDZGMUOLJ,eval_set_herg_70.csv,,
Cc1nc(CNS(=O)(=O)c2cc(C)c(C)cc2C)cs1,Non-blocker,Non-blocker,SEHMRQKXZMEZBL-UHFFFAOYSA-N,SEHMRQKXZMEZBL,PubChem,3238536,
Cn1c(=O)[nH]c(=O)c2c1ncn2CCN1CCOCC1,Non-blocker,Non-blocker,SEJCBPIIDMEJAZ-UHFFFAOYSA-N,SEJCBPIIDMEJAZ,PubChem,694419,
CC(C)(C)OC(=O)N1CCC(C(=O)N2CCC[C@H]2C(=O)O)CC1,Non-blocker,Non-blocker,SFPANDZRFRLKER-LBPRGKRZSA-N,SFPANDZRFRLKER,PubChem,663178,
CCN(CCC#N)c1ccc(N2C(=O)CCCC2=O)cc1[N+](=O)[O-],Non-blocker,Non-blocker,SFSKWXSQQNQQFF-UHFFFAOYSA-N,SFSKWXSQQNQQFF,PubChem,5087365,
C[C@H](NC(=O)c1cc(C(F)(F)F)nn1C)c1nc(-c2ccnc(C(F)(F)F)c2)no1,Blocker,Non-blocker,SFSLHKNGLMRBTO-ZETCQYMHSA-N,SFSLHKNGLMRBTO,data_herg_dev,CHEMBL4741793,
O=Cc1c[nH]c2ccc(S(=O)(=O)N3CCOCC3)cc12,Non-blocker,Non-blocker,SFWDZMXLECIUMV-UHFFFAOYSA-N,SFWDZMXLECIUMV,PubChem,4102629,
CCc1cc(C(=O)N[C@@H]2CCCc3c2cnn3-c2cccc(C)c2C)n(C)n1,Non-blocker,Non-blocker,SGJMISOKPTWCGI-GOSISDBHSA-N,SGJMISOKPTWCGI,PubChem,24792090,
C[C@H](Cc1ccccc1)NC=O,Non-blocker,Non-blocker,SGSYPSYCGPLSML-SECBINFHSA-N,SGSYPSYCGPLSML,PubChem,65614,
COc1ccc(-c2cccc(C(=O)Nc3ccccc3C)c2)cc1,Non-blocker,Non-blocker,SHZTXOSVECDWHU-UHFFFAOYSA-N,SHZTXOSVECDWHU,PubChem,890400,
COc1ccccc1Oc1coc2cc(OC(=O)N3CCOCC3)ccc2c1=O,Non-blocker,Non-blocker,SIAYVAJLWJRQMR-UHFFFAOYSA-N,SIAYVAJLWJRQMR,PubChem,1302741,
Cc1cccc(NC(=O)c2cc(=O)c3ccccc3o2)n1,Non-blocker,Non-blocker,SIJCJORFQGILKX-UHFFFAOYSA-N,SIJCJORFQGILKX,PubChem,2312902,
Cc1ccc(C)c(NC(=O)/C(C#N)=C/c2ccc(Sc3nncn3C)c([N+](=O)[O-])c2)c1,Non-blocker,Non-blocker,SIZIDCYOWXEZNR-CXUHLZMHSA-N,SIZIDCYOWXEZNR,PubChem,2079173,
COc1ccc2[nH]cc(C(=O)CN3CCN(C4CCCCC4)CC3)c2c1,Non-blocker,Non-blocker,SJTNEGOQTOADLM-UHFFFAOYSA-N,SJTNEGOQTOADLM,PubChem,659165,
CCCCCC[C@@H]1C[C@](C)(C(=O)CNc2nncs2)OC1=O,Non-blocker,Non-blocker,SKBKJNVKTVVHAV-IAQYHMDHSA-N,SKBKJNVKTVVHAV,PubChem,12005586,
Fc1cccc(Oc2cc(C(F)(F)F)nc(N3CCC4NCCCC4C3)n2)c1,Blocker,Blocker,SKEFXGBGLIGVDP-UHFFFAOYSA-N,SKEFXGBGLIGVDP,eval_set_herg_60.csv,,
CCOC(=O)[C@@H]1CCCN(S(=O)(=O)c2c(C)noc2C)C1,Non-blocker,Non-blocker,SKWVULAHHBOBES-LLVKDONJSA-N,SKWVULAHHBOBES,PubChem,2812656,
CCc1cc2c(=O)c(-c3cscn3)coc2cc1O,Non-blocker,Non-blocker,SKYWLACZIYMUCG-UHFFFAOYSA-N,SKYWLACZIYMUCG,PubChem,5389037,
CCN1C(=O)N(CC)[C@H]2NC(=S)N[C@H]21,Non-blocker,Non-blocker,SLAZPVUEIVSDMW-OLQVQODUSA-N,SLAZPVUEIVSDMW,PubChem,3796181,
C[N+]1(C[C@@H](O)COC[C@@H]2COc3ccccc3O2)CCOCC1,Non-blocker,Non-blocker,SLJWLCJQRBGNKX-HUUCEWRRSA-N,SLJWLCJQRBGNKX,PubChem,16196113,
CC(C)c1ccc(NC(=S)N(C)CCc2ccccn2)cc1,Non-blocker,Blocker,SLMBOBUURXHRJS-UHFFFAOYSA-N,SLMBOBUURXHRJS,PubChem,4109817,
Cc1cc(C)n2nc(SCc3cc(=O)oc4ccc5ccccc5c34)nc2n1,Non-blocker,Non-blocker,SLSZAFOYSVDWSD-UHFFFAOYSA-N,SLSZAFOYSVDWSD,PubChem,2587056,
Cc1cccc(NC(=O)/C(C#N)=C/c2ccc[nH]2)c1C,Non-blocker,Non-blocker,SLZZVWDMVBCWCB-UKTHLTGXSA-N,SLZZVWDMVBCWCB,PubChem,24818448,
CN(C)c1cc[n+](CC(=O)Nc2ccc(Oc3ccccc3)cc2)cc1,Non-blocker,Non-blocker,SMIOHXYOEZYTOZ-UHFFFAOYSA-O,SMIOHXYOEZYTOZ,PubChem,16193005,
O=C(COC(=O)/C=C/c1ccc(F)cc1)Nc1ccc2[nH]c(=O)[nH]c2c1,Blocker,Non-blocker,SNANUKNMTGOIMU-FPYGCLRLSA-N,SNANUKNMTGOIMU,PubChem,24981817,
CCOc1ccc(NC(=O)[C@@H](C)O)c(NS(=O)(=O)c2ccc(CCNC(C)=O)cc2)c1,Non-blocker,Non-blocker,SNDXLAPIQDEAGW-CQSZACIVSA-N,SNDXLAPIQDEAGW,PubChem,2974906,
Cc1cc[n+](CC(=O)Nc2ccccc2)cc1,Non-blocker,Non-blocker,SNEMDTCMHCATEI-UHFFFAOYSA-O,SNEMDTCMHCATEI,PubChem,24746844,
O=c1[nH]ccc2cc(O[C@H]3CCCNC3)ccc12,Non-blocker,Non-blocker,SNQKPKFVSANKFP-LBPRGKRZSA-N,SNQKPKFVSANKFP,data_herg_dev,CHEMBL1667967,
CCc1nn(CC(=O)NCCc2ccc(S(N)(=O)=O)cc2)c(=O)c2cc3sccc3n12,Non-blocker,Non-blocker,SOOPRZSLXCEZKS-UHFFFAOYSA-N,SOOPRZSLXCEZKS,PubChem,20884325,
COc1ccc(COC(=O)Oc2ccc(CNC(C)=O)cc2OC)c([N+](=O)[O-])c1,Non-blocker,Non-blocker,SOQOQIMTJHQSJY-UHFFFAOYSA-N,SOQOQIMTJHQSJY,PubChem,3287045,
O=c1[nH]c2nc(S)[nH]c(=S)c2[nH]1,Non-blocker,Blocker,SOQYJXVHBQVRDB-UHFFFAOYSA-N,SOQYJXVHBQVRDB,PubChem,3246111,
Cn1c(SCC(=O)NCc2ccc3c(c2)OCO3)nc2scc(-c3cccs3)c2c1=O,Non-blocker,Non-blocker,SOUBHHITTGQVPZ-UHFFFAOYSA-N,SOUBHHITTGQVPZ,PubChem,2099531,
O=C1CC(c2ccccc2)(c2ccccc2)c2ccccc21,Non-blocker,Blocker,SOXFTCCVYBFENS-UHFFFAOYSA-N,SOXFTCCVYBFENS,PubChem,256086,
CC(C)N(C(=O)SCC(Cl)=CCl)C(C)C,Non-blocker,Non-blocker,SPANOECCGNXGNR-UHFFFAOYSA-N,SPANOECCGNXGNR,eval_set_herg_70.csv,,
CCOC(=O)c1ccc(NC(=S)NCCCn2ccnc2)cc1,Non-blocker,Non-blocker,SPJWAMXRKWZOQJ-UHFFFAOYSA-N,SPJWAMXRKWZOQJ,PubChem,2891425,
C=CCn1c(S[C@H](C)C(=O)NCc2ccc3c(c2)OCO3)nc2scc(-c3ccccc3)c2c1=O,Non-blocker,Non-blocker,SQHZDLDRIMPJDR-MRXNPFEDSA-N,SQHZDLDRIMPJDR,PubChem,4553929,
O=C(/C=C/c1ccccc1Cl)c1ccccc(=O)c1O,Blocker,Blocker,SQKUATVLPMTXAZ-MDZDMXLPSA-N,SQKUATVLPMTXAZ,PubChem,8219205,
O=C1N=c2ccccc2=[N+]1C1CC[NH+](CCCC(c2ccc(F)cc2)c2ccc(F)cc2)CC1,Blocker,Blocker,SRXDFTXYNLJBGD-UHFFFAOYSA-O,SRXDFTXYNLJBGD,eval_set_herg_60.csv,,
CCOC(=O)CN(C(=O)COC(=O)C1(c2ccccc2)CC1)c1ccc(F)cc1,Non-blocker,Non-blocker,SSGXTWBGAJVNHO-UHFFFAOYSA-N,SSGXTWBGAJVNHO,PubChem,24980642,
O=C(CSc1n[nH]c(-c2ccc(S(=O)(=O)N3CCCCC3)cc2)n1)Nc1nccs1,Non-blocker,Blocker,STBDGRDQNSSTBD-UHFFFAOYSA-N,STBDGRDQNSSTBD,PubChem,644597,
CCOc1ccc(C(=O)N2CCC(C(=O)c3ccc4c(c3)OCCO4)CC2)cc1,Non-blocker,Non-blocker,STDMZCYHIWDAFT-UHFFFAOYSA-N,STDMZCYHIWDAFT,PubChem,652073,
Cc1ccc(S(=O)(=O)N2CCN(C(=S)NCCc3ccccc3)CC2)cc1,Non-blocker,Non-blocker,STSABBCCWFEARJ-UHFFFAOYSA-N,STSABBCCWFEARJ,PubChem,2450652,
c1ccc([C@@H]2OCCNC[C@H]2c2ccc3ccccc3c2)cc1,Blocker,Non-blocker,STZQQINBQFSEJJ-SFTDATJTSA-N,STZQQINBQFSEJJ,eval_set_herg_60.csv,,
CCOC(=O)N1CCN(C(=O)c2c[nH]c3ccc(S(=O)(=O)N(C)c4cccc(C)c4)cc3c2=O)CC1,Non-blocker,Non-blocker,SUEOLPHUAOSAAP-UHFFFAOYSA-N,SUEOLPHUAOSAAP,PubChem,6617272,
Cc1cc(C)c(S(=O)(=O)c2ccccc2)c(OC(=O)c2c(F)cccc2Cl)n1,Non-blocker,Blocker,SUEWOMDHUSXHMK-UHFFFAOYSA-N,SUEWOMDHUSXHMK,PubChem,1478961,
O=c1oc(Cl)c(Cl)c2ccccc12,Non-blocker,Blocker,SUGXUUGGLDCZKB-UHFFFAOYSA-N,SUGXUUGGLDCZKB,data_herg_dev,CHEMBL24983,
O=C(NCc1ccncc1)c1cc(C(=O)C2CCCCC2)c[nH]1,Non-blocker,Blocker,SULFNUHQRLIFSL-UHFFFAOYSA-N,SULFNUHQRLIFSL,PubChem,1482733,
Nc1ncnc2c1ncn2CCOCP(=O)(O)O,Blocker,Blocker,SUPKOOSCJHTBAH-UHFFFAOYSA-N,SUPKOOSCJHTBAH,eval_set_herg_70.csv,,
O=C1N[C@@H](c2cccc(Cl)c2)Oc2ccccc21,Non-blocker,Blocker,SUQHPWHGWMUOJD-CQSZACIVSA-N,SUQHPWHGWMUOJD,PubChem,6489064,
CC1Sc2c(C(=O)O)c(=O)c3cc(F)c(N4CCNCC4)cc3n21,Non-blocker,Non-blocker,SUXQDLLXIBLQHW-UHFFFAOYSA-N,SUXQDLLXIBLQHW,eval_set_herg_70.csv,,
Oc1c(Br)c(Br)c(Br)c(Br)c1Br,Non-blocker,Non-blocker,SVHOVVJFOWGYJO-UHFFFAOYSA-N,SVHOVVJFOWGYJO,data_herg_dev,CHEMBL1235157,
Clc1ccc2c(N[C@H]3CC[C@@H](N4CCCCC4)CC3)ccnc2c1,Blocker,Blocker,SVJCZPVZDHLIEP-CALCHBBNSA-N,SVJCZPVZDHLIEP,PubChem,245078,
CCN1CCN(Cc2c(O)ccc3c2O/C(=C\C=C\c2ccccc2)C3=O)CC1,Non-blocker,Non-blocker,SVOGPOIFXQFHAB-DDIODMMUSA-N,SVOGPOIFXQFHAB,PubChem,1960092,
CCOc1ccc(C(=O)Nc2cc(C)on2)cc1OCC,Non-blocker,Blocker,SWEHIJYMMZCQCF-UHFFFAOYSA-N,SWEHIJYMMZCQCF,PubChem,717559,
CSc1ncc(Cl)c(C(=O)Nc2cccc(C)c2)n1,Non-blocker,Non-blocker,SWISVVFGINVCBP-UHFFFAOYSA-N,SWISVVFGINVCBP,PubChem,1258492,
CO[C@@H](C(=O)N/N=C(\C)c1ccc(O)cc1)c1ccccc1,Non-blocker,Blocker,SWLKGSAZGCJSME-YAJBTMAUSA-N,SWLKGSAZGCJSME,PubChem,135537541,
CC(C)(C)c1ccc(S(=O)(=O)N2C[C@H](C(=O)O)Oc3ccc(Cl)cc32)cc1,Non-blocker,Non-blocker,SWTUYKWSVHAWRJ-QGZVFWFLSA-N,SWTUYKWSVHAWRJ,PubChem,3816996,
Cc1cccc(C)c1NC(=O)c1ccc([N+](=O)[O-])o1,Non-blocker,Blocker,SYBVKUZANDMWMA-UHFFFAOYSA-N,SYBVKUZANDMWMA,PubChem,779411,
COc1ccc(/C=C2/N=C3CCCCCN3C2=O)cc1,Non-blocker,Non-blocker,SYKXZQRJPPFXRR-SDNWHVSQSA-N,SYKXZQRJPPFXRR,PubChem,2324258,
CC(C)(C)NC(=O)Cn1nnc(-c2ccccc2NC(=O)c2cnccn2)n1,Non-blocker,Non-blocker,SYSJWYPCBXZOIS-UHFFFAOYSA-N,SYSJWYPCBXZOIS,PubChem,1081043,
CC(C)(C)OC(=O)N1CCCN(C(=O)Nc2ccccc2)CC1,Non-blocker,Non-blocker,SYYLBPKUIJDLNC-UHFFFAOYSA-N,SYYLBPKUIJDLNC,PubChem,2815750,
CC(C)(CO)COC(=O)C(C)(C)CO,Non-blocker,Non-blocker,SZCWBURCISJFEZ-UHFFFAOYSA-N,SZCWBURCISJFEZ,PubChem,14218,
O=C(NCc1ccccc1C(F)(F)F)[C@@]12CN(Cc3ccccc3)C[C@@H]1C(c1ccc([N+](=O)[O-])cc1)=NO2,Non-blocker,Non-blocker,SZCXUFFUGMPRJU-ZEQKJWHPSA-N,SZCXUFFUGMPRJU,PubChem,11958506,
O=C(Nc1ccccc1-c1nnc(SCc2ccccc2)o1)c1ccccc1,Non-blocker,Non-blocker,SZDLTPNTPQQOML-UHFFFAOYSA-N,SZDLTPNTPQQOML,PubChem,1156646,
CO[C@H](C[C@@H](CCCCNCc1ccc(F)cc1)C(=O)NO)c1ccc(F)cc1,Blocker,Blocker,SZPWYHRMRFNOHH-WIYYLYMNSA-N,SZPWYHRMRFNOHH,PubChem,54582019,22342144
Cc1nc2nc(CNC(=O)OC(C)(C)C)nn2c(C)c1CCC(=O)Nc1ccc2c(c1)OCO2,Non-blocker,Non-blocker,SZQFJXFBBVZYRZ-UHFFFAOYSA-N,SZQFJXFBBVZYRZ,PubChem,24791701,
Cc1c(Cl)ccc2c1N1[C@H](CNC[C@H]1C)C2,Non-blocker,Blocker,SZWVUASESVZMCY-KCJUWKMLSA-N,SZWVUASESVZMCY,PubChem,9899500,16361098
Fc1ccc(C(c2ccc(F)cc2)N2CCNCC2)cc1,Blocker,Blocker,TTXIFFYPVGWLSE-UHFFFAOYSA-N,TTXIFFYPVGWLSE,eval_set_herg_60.csv,,
CN(C)CCN1C2CCC1CC(NC(c1ccc(F)cc1)c1ccc(F)cc1)C2,Blocker,Blocker,TUKRLSWWPGKJAA-UHFFFAOYSA-N,TUKRLSWWPGKJAA,CUPID,CUPID,
O=C(NCc1ccc(Cl)cc1)c1cccc2c1C(=O)N(C[C@H]1CCCO1)C2,Non-blocker,Non-blocker,TUYHBRHINUANJA-QGZVFWFLSA-N,TUYHBRHINUANJA,PubChem,20855312,
CC(C)NC(=O)CCn1nc(-c2ccccc2)ccc1=O,Blocker,Non-blocker,TVFJCUBUMAKIKF-UHFFFAOYSA-N,TVFJCUBUMAKIKF,PubChem,5077402,
COc1ccc(Nc2nnc(-c3ccncc3)s2)cc1Cl,Non-blocker,Non-blocker,TVVGFMVPLMLLTK-UHFFFAOYSA-N,TVVGFMVPLMLLTK,PubChem,5301279,
CCS(=O)(=O)c1ccc2oc(Nc3ccc(OC)cc3)nc2c1,Non-blocker,Non-blocker,TVXXOZRJLXWSTF-UHFFFAOYSA-N,TVXXOZRJLXWSTF,PubChem,2379388,
O=C(OC1C[C@@H]2CC3C[C@H](C1)[NH+]2CC3=O)C1=c2ccccc2=NC1,Non-blocker,Blocker,TWTUKHSBMLITSH-AKJUYKBHSA-O,TWTUKHSBMLITSH,eval_set_herg_60.csv,,
CCCCOC(=O)[C@@H](C)Oc1ccc(Oc2ccc(C#N)cc2F)cc1,Non-blocker,Blocker,TYIYMOAHACZAMQ-CQSZACIVSA-N,TYIYMOAHACZAMQ,PubChem,180089,
CCCCOc1ccc(N2C(=O)C[C@@H](NCc3ccncc3)C2=O)cc1,Non-blocker,Non-blocker,TZHPSZIZGIRPJN-GOSISDBHSA-N,TZHPSZIZGIRPJN,PubChem,2869035,
CSCc1ccc(C(=O)Nc2cc(C)cc(C)c2)cc1,Non-blocker,Non-blocker,TZKBRNIUVSLYNB-UHFFFAOYSA-N,TZKBRNIUVSLYNB,PubChem,2526025,
COc1ccc(CN2C(=O)CC[C@]2(C)C(=O)NC2CCCCCC2)cc1,Non-blocker,Non-blocker,TZKGHNGKSVOVAF-OAQYLSRUSA-N,TZKGHNGKSVOVAF,PubChem,3242227,
C/C(Cl)=C\Cn1c(N2CCCC2)nc2c1c(=O)n(C)c(=O)n2C,Non-blocker,Non-blocker,TZXLROIEGGQFOO-UXBLZVDNSA-N,TZXLROIEGGQFOO,PubChem,6341368,
Cn1c(O)c(C(=O)NNC(=O)c2cccc(Cl)c2)c(=O)c2ccccc21,Blocker,Non-blocker,UAGQQEVZQNQSHK-UHFFFAOYSA-N,UAGQQEVZQNQSHK,PubChem,54679653,
CCN(CC)[C@@H](NC(=O)c1ccccc1)C(=O)c1ccccc1,Non-blocker,Non-blocker,UARXKDKTPHIBCN-GOSISDBHSA-N,UARXKDKTPHIBCN,PubChem,645039,
COC(=O)C(C)(C(=O)OC)c1ccccc1[N+](=O)[O-],Non-blocker,Non-blocker,UBAZCFQMESGGPA-UHFFFAOYSA-N,UBAZCFQMESGGPA,PubChem,3724075,
O=C(CN1C(=O)[C@@H]2CC=CC[C@H]2C1=O)Nc1ccc(OC(F)(F)F)cc1,Non-blocker,Non-blocker,UBDREKUPTAWTRJ-CHWSQXEVSA-N,UBDREKUPTAWTRJ,PubChem,3955757,
O=C(OCCN1CCOCC1)c1ccc(OCCN2CCOCC2)cc1,Non-blocker,Non-blocker,UBNMBEFRRHKITP-UHFFFAOYSA-N,UBNMBEFRRHKITP,PubChem,6603062,
CC[N+]1(CC)CCC(=C(c2ccccc2)c2ccccc2)C1C.[Br-],Blocker,Non-blocker,ZYEPZINLLPPBMI-UHFFFAOYSA-N,UCGJZJXOPSNTGZ,data_herg_dev,,20749
Cn1cc([C@@H]2N[C@@H](c3nc(-c4ccc(F)cc4)c[nH]3)Cc3c2[nH]c2ccccc32)cn1,Blocker,Blocker,UCGLIDADIQNGPX-IRLDBZIGSA-N,UCGLIDADIQNGPX,PubChem,71457622,24900499
CCOC(=O)c1c(C)[nH]c(C(=O)O[C@H](C)C(=O)NC2(C#N)CCCCC2)c1C,Non-blocker,Non-blocker,UCLBQEBVGHRAGJ-CQSZACIVSA-N,UCLBQEBVGHRAGJ,PubChem,16508566,
CCOP(=O)(O)OCC,Non-blocker,Blocker,UCQFCFPECQILOL-UHFFFAOYSA-N,UCQFCFPECQILOL,PubChem,53316406,
CCCCc1ccc(-c2csc(/C(C#N)=C/c3ccco3)n2)cc1,Blocker,Non-blocker,UCXRYSYMEGEUDL-SFQUDFHCSA-N,UCXRYSYMEGEUDL,PubChem,5331263,
S=C1N(c2ccccc2)[C@@H](c2ccccc2)N2CCCN12,Non-blocker,Non-blocker,UDEODCYGUXPGKW-INIZCTEOSA-N,UDEODCYGUXPGKW,PubChem,2927919,
CN1CCN(c2ncc(C(=O)Nc3cc(-c4cccs4)ccc3N)s2)CC1,Blocker,Non-blocker,UFFPDLROZFWPBV-UHFFFAOYSA-N,UFFPDLROZFWPBV,eval_set_herg_70.csv,,
CCOC(=O)c1c2c3c(cccc3[nH]c1=O)C(=O)c1ccccc1-2,Non-blocker,Non-blocker,UFJGFNHRMPMALC-UHFFFAOYSA-N,UFJGFNHRMPMALC,PubChem,5522952,
O=C(c1c[nH]c2ccc(S(=O)(=O)N3CCOCC3)cc2c1=O)N1CCN(c2ccccn2)CC1,Non-blocker,Non-blocker,UFPSCPPSMMIRQP-UHFFFAOYSA-N,UFPSCPPSMMIRQP,PubChem,3237301,
O=S(=O)(O)C1CCNCC1,Non-blocker,Non-blocker,UGBJGGRINDTHIH-UHFFFAOYSA-N,UGBJGGRINDTHIH,data_herg_dev,CHEMBL34155,
CCN(C(=O)Cc1ccc(OC)cc1)C1CC2CCC(C1)N2CCC(NC(=O)C1CCC1)c1ccccc1,Blocker,Blocker,UGRYBQQJOKDQHB-UHFFFAOYSA-N,UGRYBQQJOKDQHB,CUPID,CUPID,
O=C(COc1ccccc1C(=O)O)N[C@@H]1CCCc2ccccc21,Non-blocker,Non-blocker,UGSWVZSMXDEPPC-MRXNPFEDSA-N,UGSWVZSMXDEPPC,PubChem,4877005,
C[C@@H](n1cnc2cc(Cl)ccc2c1=O)[C@](O)(Cn1cncn1)c1ccc(F)cc1F,Non-blocker,Non-blocker,UHIXWHUVLCAJQL-MPBGBICISA-N,UHIXWHUVLCAJQL,eval_set_herg_60.csv,,
CCn1nc(C(=O)OCC(=O)N(CCC#N)c2ccccc2)c2ccccc2c1=O,Non-blocker,Non-blocker,UHQLGUMAZUJFNT-UHFFFAOYSA-N,UHQLGUMAZUJFNT,PubChem,2400162,
CC(C)CN(C(=O)CCNC(=O)c1ccccc1Cl)[C@@H]1CCS(=O)(=O)C1,Non-blocker,Non-blocker,UINJGHQFEUFYAC-CQSZACIVSA-N,UINJGHQFEUFYAC,PubChem,16314534,
Cc1cccn2c(=O)c3cc(C(=O)N4CCN(C(=O)c5ccco5)CC4)n(C)c3nc12,Non-blocker,Non-blocker,UJBRRGUQDYTTLV-UHFFFAOYSA-N,UJBRRGUQDYTTLV,PubChem,3244378,
Cc1ccc(C(=O)NCc2ccc(F)cc2)s1,Non-blocker,Non-blocker,UJYNHOPWLAADSC-UHFFFAOYSA-N,UJYNHOPWLAADSC,PubChem,841357,
COc1cc(/C=N/NC(=O)CSCc2ccc([N+](=O)[O-])cc2)cc(OC)c1OC,Non-blocker,Non-blocker,UKALBKWMMQFNAY-KEBDBYFISA-N,UKALBKWMMQFNAY,PubChem,5337760,
COc1cccc(NC(=O)c2c(F)cccc2F)c1,Non-blocker,Non-blocker,UKERRYQGHATEEO-UHFFFAOYSA-N,UKERRYQGHATEEO,PubChem,16640753,
Cc1cc2c3c([n+](C)c4ccccc4c3c1)-c1ccccc1O2,Blocker,Blocker,UKFQZLLXRFQIPE-UHFFFAOYSA-N,UKFQZLLXRFQIPE,eval_set_herg_60.csv,,
CC(C)OCCCNC(=O)C(=O)N/N=C/c1ccc(OCc2ccccc2)cc1,Non-blocker,Non-blocker,ULEDJGJLTNWCAI-BUVRLJJBSA-N,ULEDJGJLTNWCAI,PubChem,9677984,
N=C(N)SCCc1ccc(OCc2ccc([N+](=O)[O-])cc2)cc1,Non-blocker,Blocker,UMJUNUMSJDTYTM-UHFFFAOYSA-N,UMJUNUMSJDTYTM,eval_set_herg_60.csv,,
CCOC(=O)CSc1[nH]c2cc(OC)ccc2c1[N+](=O)[O-],Non-blocker,Non-blocker,UNDOHLXSGSKZHZ-UHFFFAOYSA-N,UNDOHLXSGSKZHZ,PubChem,975916,
Cc1ccc(C)c(C(=O)CCC(=O)Nc2ccc(N3CCN(C)CC3)cc2C)c1,Non-blocker,Blocker,UNLSBJSUCXSGEG-UHFFFAOYSA-N,UNLSBJSUCXSGEG,PubChem,4787567,
O=C(/C=C/c1ccc(CNCCc2cnc3ccccn23)cc1)NO,Non-blocker,Non-blocker,UNPUPHZKXHNIRL-CMDGGOBGSA-N,UNPUPHZKXHNIRL,data_herg_dev,CHEMBL1819268,
Cc1ccc(C(=O)N[C@@H]2CCCCNC2=O)cc1,Non-blocker,Non-blocker,UNUWYBQTODGHCJ-GFCCVEGCSA-N,UNUWYBQTODGHCJ,PubChem,2813200,
C[C@@H]1c2cccn2CCN1S(=O)(=O)c1ccccc1,Non-blocker,Non-blocker,UOMZWMWQWDVAOS-GFCCVEGCSA-N,UOMZWMWQWDVAOS,PubChem,16251676,
CN(C)C[C@H](c1ccc2ccccc2c1)[C@H](N)c1ccccc1,Non-blocker,Non-blocker,UOYWGKDKOJANLM-NHCUHLMSSA-N,UOYWGKDKOJANLM,eval_set_herg_70.csv,,
Cc1cccc(N2CCN(C(=O)CSCc3c(C)noc3C)CC2)c1C,Non-blocker,Non-blocker,UOYXGXJBTVISCR-UHFFFAOYSA-N,UOYXGXJBTVISCR,PubChem,2537506,
COC(=O)c1sccc1NC(=O)CSc1ccc(Cl)cc1,Non-blocker,Non-blocker,UOZNOXMWCRKJFD-UHFFFAOYSA-N,UOZNOXMWCRKJFD,PubChem,700464,
O=c1c2[nH]c3ccc(F)cc3c2ncn1CCN1CCN(Cc2ccccc2)CC1,Non-blocker,Non-blocker,UPEDMFCEEDKPJR-UHFFFAOYSA-N,UPEDMFCEEDKPJR,PubChem,5307125,
COC1CCC2(CC1)Cc1ccc(C#N)cc1C21N=C(N)N(CC2CCCO2)C1=O,Non-blocker,Blocker,UPHWMYMEWKSHEJ-UHFFFAOYSA-N,UPHWMYMEWKSHEJ,eval_set_herg_60.csv,,
CC(C)N1CCN(C(=O)N2CCC(C(=O)N3CC4CCC(CC4)C3)CC2)CC1,Non-blocker,Non-blocker,UQKFKOGOHFMDDR-UHFFFAOYSA-N,UQKFKOGOHFMDDR,data_herg_dev,CHEMBL218834,
NS(=O)(=O)c1cccc2c1c([N+](=O)[O-])cc1[nH]c(=O)c(=O)[nH]c12,Non-blocker,Non-blocker,UQNAFPHGVPVTAL-UHFFFAOYSA-N,UQNAFPHGVPVTAL,PubChem,6098006,
CCOC(=O)N[C@@]1(C(F)(F)F)C(=O)NC(C)=C1C(=O)OC,Non-blocker,Blocker,UQWDYEJQTWTUHO-SNVBAGLBSA-N,UQWDYEJQTWTUHO,PubChem,2962150,
Cc1ccn2c(=O)nc(SCC(=O)N3CCC(Cc4ccccc4)CC3)nc2c1,Non-blocker,Non-blocker,URLKDRAVWWKPKE-UHFFFAOYSA-N,URLKDRAVWWKPKE,PubChem,7259104,
C[C@@H]1Cc2ccccc2N1C(=O)COC(=O)CSc1ccc(F)cc1,Non-blocker,Non-blocker,URODSUJZMOXTKA-CYBMUJFWSA-N,URODSUJZMOXTKA,PubChem,24980657,
CCc1nnc(NC(=O)COc2ccccc2[N+](=O)[O-])s1,Non-blocker,Non-blocker,URPQKVCCIJEOEW-UHFFFAOYSA-N,URPQKVCCIJEOEW,PubChem,729831,
COc1ccc(CC(=O)OCc2nnc([C@H]3COc4ccccc4O3)o2)cc1OC,Non-blocker,Non-blocker,URVKERJZWXTQFJ-GOSISDBHSA-N,URVKERJZWXTQFJ,PubChem,2997735,
COc1ccc([C@H]2N[C@]3(CCCN(CC4CCCCC4)C3=O)[C@H]3C(=O)N(C)C(=O)[C@@H]23)cc1,Non-blocker,Non-blocker,USGWRABDSFGDMU-QTDDQOEGSA-N,USGWRABDSFGDMU,PubChem,46904617,
C/C(O)=N/C(=S)NNC(=O)C(c1ccccc1)c1ccccc1,Blocker,Non-blocker,USJUFFJYKDUOFR-UHFFFAOYSA-N,USJUFFJYKDUOFR,PubChem,3138367,
O=C(NC1CCCCC1)c1cc(Cl)nc2ccccc12,Non-blocker,Non-blocker,UTBBKCQKBPBMAX-UHFFFAOYSA-N,UTBBKCQKBPBMAX,PubChem,3615037,
CCOc1ccc(C(C)C)cc1S(=O)(=O)N1CCOCC1,Non-blocker,Non-blocker,UTKLFCYTBLMXAG-UHFFFAOYSA-N,UTKLFCYTBLMXAG,PubChem,850074,
Fc1ccc2c(C3C[NH2+]CCC3F)c(C3=CNC=CC3)[nH]c2c1,Blocker,Blocker,UTMPBYAPGSEZCC-UHFFFAOYSA-O,UTMPBYAPGSEZCC,eval_set_herg_70.csv,,
Cc1nc2ccc(NC(=O)c3oc4ccc(F)cc4c3C)cc2s1,Non-blocker,Non-blocker,UTTFFDFRBMUFAV-UHFFFAOYSA-N,UTTFFDFRBMUFAV,PubChem,9085542,
COCC(=O)Nc1sc2c(c1C(=O)OC)CC[C@@H](C)C2,Blocker,Non-blocker,UUFQPZKQSZMCKL-MRVPVSSYSA-N,UUFQPZKQSZMCKL,PubChem,649845,
O=C(CCC[N@@H+]1CC=C([N+]2=c3ccccc3=NC2=O)CC1)c1ccc(F)cc1,Non-blocker,Blocker,UUSFDYSLDWOTOB-UHFFFAOYSA-O,UUSFDYSLDWOTOB,eval_set_herg_60.csv,,
CCn1c(SCC(=O)NCc2ccco2)nnc1-c1cccs1,Non-blocker,Blocker,UWGNHWSPIFQVMW-UHFFFAOYSA-N,UWGNHWSPIFQVMW,PubChem,832348,
Cc1cc(N2CCC[C@@H](N)C2)c2c(n1)n(C)c(=O)n2Cc1ccccc1C#N,Non-blocker,Non-blocker,UWSKGQJKQNVRJZ-QGZVFWFLSA-N,UWSKGQJKQNVRJZ,data_herg_dev,CHEMBL3329696,
CCOC(=O)C1(CC2CC2)CCN(Cc2ccc(OC)cc2F)CC1,Non-blocker,Non-blocker,UWUPTKFUSXZFGD-UHFFFAOYSA-N,UWUPTKFUSXZFGD,PubChem,16191791,
N#Cc1cccc(S(=O)(=O)NCC(=O)OCC(=O)c2ccc[nH]2)c1,Non-blocker,Non-blocker,UWYYLETVVUMXDE-UHFFFAOYSA-N,UWYYLETVVUMXDE,PubChem,2547421,
c1ccc2c(c1)CCNC2,Non-blocker,Non-blocker,UWYZHKAOTLEWKK-UHFFFAOYSA-N,UWYZHKAOTLEWKK,data_herg_dev,,7046
CC(=O)C1=C(O)C(=O)N(c2nccs2)[C@H]1c1ccccc1F,Non-blocker,Non-blocker,UXBLGCGXRGKAES-LBPRGKRZSA-N,UXBLGCGXRGKAES,PubChem,5214206,
COc1ccc(OC)c(NC(=O)c2ccc(NS(C)(=O)=O)cc2)c1,Non-blocker,Non-blocker,UXDXDSVZZXRUQS-UHFFFAOYSA-N,UXDXDSVZZXRUQS,PubChem,1241929,
COc1nccnc1CC(C)C,Non-blocker,Non-blocker,UXFSPRAGHGMRSQ-UHFFFAOYSA-N,UXFSPRAGHGMRSQ,PubChem,32594,
CC(=O)[O-].c1ccc([Pb+](c2ccccc2)c2ccccc2)cc1,Blocker,Blocker,ALJQFYXBHVSDSZ-UHFFFAOYSA-N,UXLLXTLQVAJJIB,eval_set_herg_70.csv,,
CC(C)(C)c1cc(-c2nnc(SCc3ccc(Cl)c(Cl)c3)s2)cc(C(C)(C)C)c1O,Non-blocker,Non-blocker,UYWJSVWWLKLHND-UHFFFAOYSA-N,UYWJSVWWLKLHND,eval_set_herg_60.csv,,
Sc1nc(Cc2ccccc2)nc2ccccc12,Blocker,Blocker,UYYOSQDRLIXLIH-UHFFFAOYSA-N,UYYOSQDRLIXLIH,PubChem,806173,
O=c1c2nccn2c2cc(F)c(-c3ccncc3)cc2n1C1CC1,Blocker,Non-blocker,UZAPAHIWOLYIFO-UHFFFAOYSA-N,UZAPAHIWOLYIFO,data_herg_dev,CHEMBL4203118,
C[n+]1c(C#CC2CCCCC2)cccc1C#CC1CCCCC1,Non-blocker,Blocker,UZAQXCMNQMXFBY-UHFFFAOYSA-N,UZAQXCMNQMXFBY,PubChem,71606230,26125327
CN(C)c1cccc(C(=O)OCC(=O)Nc2ccccc2Sc2ccccc2)c1,Non-blocker,Non-blocker,VAMMCJXAOIUTKH-UHFFFAOYSA-N,VAMMCJXAOIUTKH,PubChem,2079073,
COc1ccc(O)c(CN2C[C@H]3CC[C@H](CC3)C2)c1,Non-blocker,Non-blocker,VAMWGLGPDWSEBU-BETUJISGSA-N,VAMWGLGPDWSEBU,PubChem,262148,
CC(=O)N1CCc2cc(S(=O)(=O)[C@H](C)CC(=O)NCc3ccco3)ccc21,Non-blocker,Non-blocker,VASCHLIGROPNIM-CYBMUJFWSA-N,VASCHLIGROPNIM,PubChem,20914871,
CC(C)Oc1ccc(NC(=O)c2cc(N(C)Cc3ccc(F)cc3)ncn2)cc1,Blocker,Blocker,VAXILCQJXAOMEM-UHFFFAOYSA-N,VAXILCQJXAOMEM,CUPID,137644180,29148755
CCCOc1ccc(N2C(=O)C[C@@H](N(CCC)C(=O)CCC(=O)O)C2=O)cc1,Non-blocker,Non-blocker,VBEFZFRKYHLSSB-MRXNPFEDSA-N,VBEFZFRKYHLSSB,PubChem,660482,
C[C@H]1CC[C@H](NC(=O)Cn2c(=O)[nH]c3ccsc3c2=O)CC1,Non-blocker,Non-blocker,VBXOBCIZKNNJQW-MGCOHNPYSA-N,VBXOBCIZKNNJQW,PubChem,3240619,
Cc1nccnc1/C(C(=O)O)=C1/C=CC(=O)C(c2ncnc3cc(N4CCOCC4)ccc23)=C1,Non-blocker,Non-blocker,VDDZZCZXKACKKC-CJLVFECKSA-N,VDDZZCZXKACKKC,eval_set_herg_60.csv,,
CC(C)(O)C(=O)NN(C(=O)c1ccccc1)c1ccc2ccccc2c1,Blocker,Non-blocker,VDLJNNDLAOOMLZ-UHFFFAOYSA-N,VDLJNNDLAOOMLZ,PubChem,921812,
CSc1nnc(-c2ccccc2/N=C/c2c(C)nn(-c3ccccc3)c2O)c(O)n1,Blocker,Non-blocker,VDMGUYHCOOMNKT-WSDLNYQXSA-N,VDMGUYHCOOMNKT,PubChem,135435648,
Cn1c(C(=O)N/N=C/c2ccccc2)cc2ccccc21,Non-blocker,Non-blocker,VDXFWTPZWJJCIZ-LDADJPATSA-N,VDXFWTPZWJJCIZ,PubChem,6894459,
CCO[C@@H]1OC(C(=O)N2CCN(Cc3ccc4c(c3)OCO4)CC2)=C[C@H](c2cn(C(C)=O)c3ccccc23)[C@H]1CCCO,Non-blocker,Non-blocker,VDZIRWDDZHZACR-YPMZNXIVSA-N,VDZIRWDDZHZACR,PubChem,6671169,
CCOC(=O)c1ccc(-n2c(C)nc3c(cnn3-c3ccccc3Cl)c2=O)cc1,Non-blocker,Non-blocker,VEHIEJLKEOVGFO-UHFFFAOYSA-N,VEHIEJLKEOVGFO,PubChem,9550264,
[Cl-],Non-blocker,Blocker,,VEXZGXHMUGYJMC,eval_set_herg_60.csv,,
CCOC(=O)c1ccc(C2CCC(NC[C@H](O)COc3ccc(O)c(NS(C)(=O)=O)c3)CC2)cc1.Cl,Blocker,Non-blocker,WCPJDRQPTLGHOD-MNLRITNHSA-N,VEZDPEGPNPRTOH,data_herg_dev,,16654936
Cc1cccc(C)c1NC(=S)NN1CCN(C)CC1,Non-blocker,Non-blocker,VFAWGTAVLCQOIK-UHFFFAOYSA-N,VFAWGTAVLCQOIK,PubChem,2377815,
O=C(Cc1cccs1)Nc1cccc(C(=O)Nc2ccco2)c1,Non-blocker,Blocker,VGFUOIZPRCLXSO-UHFFFAOYSA-N,VGFUOIZPRCLXSO,PubChem,976770,
COc1ccc(C(=O)COC(=O)COc2cc(C)cc(C)c2)cc1,Non-blocker,Non-blocker,VGJWDCGUEUUTIK-UHFFFAOYSA-N,VGJWDCGUEUUTIK,PubChem,821588,
C=CCSCC1Nc2cc(Cl)c(S(N)(=O)=O)cc2S(=O)(=O)N1,Non-blocker,Non-blocker,VGLGVJVUHYTIIU-UHFFFAOYSA-N,VGLGVJVUHYTIIU,eval_set_herg_70.csv,,
CCc1ccccc1NC(=O)c1cc(-c2cccc(O)c2)on1,Non-blocker,Non-blocker,VGQGTNVENAUVGJ-UHFFFAOYSA-N,VGQGTNVENAUVGJ,PubChem,5308609,
Cc1cccc(C)c1OC[C@H](O)Cn1nnc2ccccc21,Non-blocker,Non-blocker,VIIAYQRLIHJEHR-CQSZACIVSA-N,VIIAYQRLIHJEHR,PubChem,3586180,
COc1cc2c(cc1OC)-c1c(-c3cnc(C(=O)N(C)C(C)(C)C)s3)ncn1CC2,Blocker,Blocker,VIQYGEOSRSOQKW-UHFFFAOYSA-N,VIQYGEOSRSOQKW,data_herg_dev,CHEMBL2017057,
CCN(CC)S(=O)(=O)c1cccc(NC(=O)COc2ccc(Cl)cc2Br)c1,Non-blocker,Non-blocker,VISHWHHLTXNJGJ-UHFFFAOYSA-N,VISHWHHLTXNJGJ,PubChem,15945396,
Cc1cc(C(=O)Nc2ccc3[nH]ccc3c2)no1,Non-blocker,Non-blocker,VJGHVVSAQTZVLK-UHFFFAOYSA-N,VJGHVVSAQTZVLK,PubChem,2814136,
CC#CC(=O)N[C@H]1CCCN(c2c(F)cc(C(N)=O)c3[nH]c(C)c(C)c23)C1,Non-blocker,Non-blocker,VJPPLCNBDLZIFG-ZDUSSCGKSA-N,VJPPLCNBDLZIFG,data_herg_dev,CHEMBL4297674,
O=C(NC1CCN(C(=O)c2ccccc2Br)CC1)c1ccccc1,Non-blocker,Non-blocker,VKAFKDUFCDCDSB-UHFFFAOYSA-N,VKAFKDUFCDCDSB,PubChem,2729512,
Cc1ccc(C(=O)c2sc3nc4c(cc3c2N)CCC4)cc1,Non-blocker,Non-blocker,VKCSIFCPBDIWDM-UHFFFAOYSA-N,VKCSIFCPBDIWDM,PubChem,716201,
Cc1ccc(CC2(O)CCN(CCOc3ccc(O)cc3)CC2)cc1,Blocker,Blocker,VKMFDKYCIKEDMR-UHFFFAOYSA-N,VKMFDKYCIKEDMR,eval_set_herg_60.csv,,
CCN(CCn1cccn1)C(=O)c1cc(COc2c(F)cccc2F)on1,Non-blocker,Non-blocker,VKOVBORJSNANPQ-UHFFFAOYSA-N,VKOVBORJSNANPQ,PubChem,16190599,
CN(CCOCc1ccc(F)cc1)C(=O)c1cccc(S(=O)(=O)N2CCc3ccccc3C2)c1,Non-blocker,Blocker,VKTKASGXLLSXMD-UHFFFAOYSA-N,VKTKASGXLLSXMD,eval_set_herg_60.csv,,
COc1ccc(CCNC(=O)C(=O)N/N=C/c2cccs2)cc1OC,Non-blocker,Non-blocker,VKUKVHVVNRDEEO-YBFXNURJSA-N,VKUKVHVVNRDEEO,PubChem,9591258,
O=S(=O)(c1cncc2ccccc12)N1CCC[C@H]1CCN1CCN(c2nsc3ccccc23)CC1,Blocker,Blocker,VKVJQSCYLIOFEN-NRFANRHFSA-N,VKVJQSCYLIOFEN,PubChem,145984299,29407591
Cc1ccc(C)c(/C(O)=C2\C(=O)C(=O)N(Cc3cccnc3)[C@@H]2c2cccnc2)c1,Non-blocker,Non-blocker,VMPMLHYZTROLCQ-JBCNATCCSA-N,VMPMLHYZTROLCQ,PubChem,5769011,
C[C@@]1(C2(O)CCCCC2)NCCc2ccccc21,Blocker,Non-blocker,VMXYNNOLPQQSFF-OAHLLOKOSA-N,VMXYNNOLPQQSFF,PubChem,3983838,
CN(C)Cc1cc(C(C)(C)C)c(O)c(C(C)(C)C)c1,Non-blocker,Non-blocker,VMZVBRIIHDRYGK-UHFFFAOYSA-N,VMZVBRIIHDRYGK,data_herg_dev,,66609
C[C@@H](NC(=O)c1ccco1)C(=O)O,Non-blocker,Blocker,VNYWJRJEGHPIQW-RXMQYKEDSA-N,VNYWJRJEGHPIQW,PubChem,2827446,
CCOc1cc2c(cc1OC)[C@H](NC(=O)C(F)(F)F)CC2=O,Non-blocker,Non-blocker,VOBBHULYUCVFAR-SECBINFHSA-N,VOBBHULYUCVFAR,PubChem,3325306,
COc1ccccc1N1CCN(/N=C/c2cc(OC)c(O)c(OC)c2)CC1,Non-blocker,Non-blocker,VOTFODZYDPTJJL-KGENOOAVSA-N,VOTFODZYDPTJJL,PubChem,135498032,
O=C(CCCCCCC(=O)Nc1ccccc1)NOC(c1ccccc1)(c1ccccc1)c1ccccc1,Blocker,Non-blocker,VOZQRPZNBJISMA-UHFFFAOYSA-N,VOZQRPZNBJISMA,data_herg_dev,CHEMBL4640366,
Cn1c(SCc2c(F)cccc2Cl)nc2ccccc2c1=O,Non-blocker,Non-blocker,VPFGHGHPLWGLRM-UHFFFAOYSA-N,VPFGHGHPLWGLRM,PubChem,2172316,
CC(=O)c1ccc(-c2nnc(CCC(=O)N(C)Cc3c(C)nc4ccccn34)o2)s1,Non-blocker,Blocker,VPIPNHBHPFQEEQ-UHFFFAOYSA-N,VPIPNHBHPFQEEQ,PubChem,16191297,
Cc1cc2c3c([n+](C)c4cc(CN)ccc4c3c1)-c1ccccc1N2C,Blocker,Non-blocker,VQAPRZXSTQAINR-UHFFFAOYSA-N,VQAPRZXSTQAINR,eval_set_herg_60.csv,,
O=C(c1ccncc1)N1CCN(C2CCCCC2)CC1,Non-blocker,Non-blocker,VQNGPERVKJMHDR-UHFFFAOYSA-N,VQNGPERVKJMHDR,PubChem,2879989,
Cc1ccccc1CCl,Non-blocker,Non-blocker,VQRBXYBBGHOGFT-UHFFFAOYSA-N,VQRBXYBBGHOGFT,data_herg_dev,,11093
COC(C[C@H](O)CC(=O)COCc1ccccc1)OC,Non-blocker,Non-blocker,VRRQHLXPGPZWBF-CYBMUJFWSA-N,VRRQHLXPGPZWBF,PubChem,16745985,
O=C(CN1CCN(c2ccccc2O)CC1)NC(=O)NCc1ccccc1,Non-blocker,Non-blocker,VRVTZZKSCVPFRZ-UHFFFAOYSA-N,VRVTZZKSCVPFRZ,PubChem,2454527,
Cc1ccc(S(=O)(=O)N(C)c2ccc(OC(=O)CN3C(=O)NC4(CCCC4)C3=O)cc2)cc1C,Non-blocker,Non-blocker,VRYLKDPLQJNREN-UHFFFAOYSA-N,VRYLKDPLQJNREN,PubChem,24402384,
FC(F)(F)c1ccccc1-c1cc(C(F)(F)F)c2[nH]c(C3=NOC4(CCCCC4)C3)nc2c1,Non-blocker,Non-blocker,VSMFCZZEKTVDHM-UHFFFAOYSA-N,VSMFCZZEKTVDHM,data_herg_dev,CHEMBL1650511,
O=C(Oc1c(-c2ccccc2)c(=O)n2c3c(cccc13)CC2)c1cccc([N+](=O)[O-])c1,Non-blocker,Non-blocker,VSNVBXRWSQTAIL-UHFFFAOYSA-N,VSNVBXRWSQTAIL,PubChem,2816455,
CNc1nc(SC)nc2ccccc12,Non-blocker,Blocker,VSPFGWZJQAHKLL-UHFFFAOYSA-N,VSPFGWZJQAHKLL,PubChem,5193836,
CCOc1ccc(OCCC(=O)OCC(=O)NC2CCCCC2)cc1,Non-blocker,Non-blocker,VSRYFPCTOYDXIF-UHFFFAOYSA-N,VSRYFPCTOYDXIF,PubChem,16535329,
S=C(S)N1CCCC1,Blocker,Blocker,VSWDORGPIHIGNW-UHFFFAOYSA-N,VSWDORGPIHIGNW,PubChem,517348,
CCc1cccc(CC)c1N(COC)C(=O)Cn1c(CO)nc2ccccc21,Non-blocker,Non-blocker,VTAUMGDVQHDJBL-UHFFFAOYSA-N,VTAUMGDVQHDJBL,PubChem,645478,
Oc1ccc(-c2ccc(CNCCc3c[nH]c4ncc(F)cc34)o2)cc1,Blocker,Blocker,VTRMFVAGEAFJTR-UHFFFAOYSA-N,VTRMFVAGEAFJTR,data_herg_dev,CHEMBL4442855,
CCN(c1ccccc1)S(=O)(=O)c1ccc(NN)nc1,Non-blocker,Non-blocker,VTUBMCBPPGZPTD-UHFFFAOYSA-N,VTUBMCBPPGZPTD,PubChem,2095679,
COc1ncc(NC(=O)Nc2cnc3ccc(F)cc3c2N(C)C2CCCN(C)C2)cc1Cl,Blocker,Blocker,VVAWSCAKBGGGTH-UHFFFAOYSA-N,VVAWSCAKBGGGTH,PubChem,CUPID,
Cc1ccc(NC(=O)c2noc3c2CCc2ccccc2-3)cc1,Non-blocker,Non-blocker,VVSWRBLWQYCVKI-UHFFFAOYSA-N,VVSWRBLWQYCVKI,PubChem,6619226,
CCC1Nc2cc(Cl)c(S(N)(=O)=O)cc2S(=O)(=O)N1,Blocker,Non-blocker,VXLCNTLWWUDBSO-UHFFFAOYSA-N,VXLCNTLWWUDBSO,eval_set_herg_70.csv,,
Oc1[nH]c2c(Cl)cc(Cl)cc2c1/N=N/C(=S)NC[C@H]1CCCO1,Blocker,Blocker,VYKPQMDLIBVXSJ-IMAVIWKISA-N,VYKPQMDLIBVXSJ,PubChem,4133699,
COc1ccc(CCN(CCC[C@@](C)(C#N)c2ccc(OC)c(OC)c2)C(C)C)cc1OC,Blocker,Blocker,VYLABSMQLHGDJB-MHZLTWQESA-N,VYLABSMQLHGDJB,eval_set_herg_60.csv,,
C#CCN(C[C@H]1[C@H](OC(=O)NC2CCCC2)[C@H](OC(=O)NC2CCCC2)C[C@@H](C(=O)OC)[C@H]1C(=O)OC)S(=O)(=O)c1ccc(C)cc1,Blocker,Non-blocker,VYLDWNSIQQWPJI-JPHCZMGXSA-N,VYLDWNSIQQWPJI,PubChem,46904315,
O=C(CSc1nnc(N2CCOCC2)n1-c1ccccc1)NCc1cccc(NC(=O)C2CC2)c1,Non-blocker,Non-blocker,VYNLDXGRJIMEOF-UHFFFAOYSA-N,VYNLDXGRJIMEOF,eval_set_herg_60.csv,,
O=[N+]([O-])c1ccc(Cl)c([N+](=O)[O-])c1,Non-blocker,Blocker,VYZAHLCBVHPDDF-UHFFFAOYSA-N,VYZAHLCBVHPDDF,data_herg_dev,,6
Cl.Cn1c(=O)n(C)c2cc(CNCCNc3ccnc4cc(Cl)ccc34)ccc21,Blocker,Blocker,NPWXHTXMBIOHKI-UHFFFAOYSA-N,VZVZSYKIWZHYQN,data_herg_dev,CHEMBL548469,
CCS(=O)(=O)C[NH2+]C1c2cc(C[NH3+])ccc2OC(C)(C)C1O,Blocker,Blocker,WBVSOLNLFCLORC-UHFFFAOYSA-P,WBVSOLNLFCLORC,eval_set_herg_60.csv,,
O=C(N1CCOCC1)N(Cc1cccs1)C1CCCC1,Non-blocker,Blocker,WBXGRUSAFKEVEG-UHFFFAOYSA-N,WBXGRUSAFKEVEG,PubChem,665523,
O=C(NC[C@H](c1ccco1)N1CCOCC1)C1CCCCC1,Non-blocker,Non-blocker,WCIGUMRSZGMIPK-OAHLLOKOSA-N,WCIGUMRSZGMIPK,PubChem,16809733,
OC(c1ccc(F)cc1)c1ccc(F)cc1,Non-blocker,Non-blocker,WCTZPQWLFWZYJE-UHFFFAOYSA-N,WCTZPQWLFWZYJE,eval_set_herg_60.csv,,
Cc1nc2ccc(NC(=O)c3cc(S(=O)(=O)N(C)c4ccccc4)ccc3Cl)cc2s1,Non-blocker,Non-blocker,WCXHFSIMJBENOZ-UHFFFAOYSA-N,WCXHFSIMJBENOZ,PubChem,2102299,
O=C(O/C(=C/c1ccccc1)C(F)(F)F)c1ccccc1,Non-blocker,Non-blocker,WDBHYWQLMJOLRO-SDNWHVSQSA-N,WDBHYWQLMJOLRO,PubChem,6383558,
COc1ccc(-n2nc(C(=O)NC[C@H]3CCCO3)c3ccccc3c2=O)cc1,Non-blocker,Non-blocker,WDDLEFAJXDCHNS-MRXNPFEDSA-N,WDDLEFAJXDCHNS,PubChem,5130611,
NS(=O)(=O)c1cc(Nc2cc(Oc3cn(C4CC4)nc3C3CCOCC3)ccn2)ccc1F,Blocker,Non-blocker,WDKDULZYHWXVIZ-UHFFFAOYSA-N,WDKDULZYHWXVIZ,data_herg_dev,CHEMBL4646566,
C[N+]1CCCC1c1cccnc1,Non-blocker,Non-blocker,WDLCRPUFOKJNEU-UHFFFAOYSA-N,WDLCRPUFOKJNEU,eval_set_herg_60.csv,,
CC(C)/N=c1\cc2n(-c3ccc(Cl)cc3)c3ccccc3nc-2cc1Nc1ccc(Cl)cc1,Blocker,Blocker,WDQPAMHFFCXSNU-BGABXYSRSA-N,WDQPAMHFFCXSNU,PubChem,2794,
C=CCn1c(-c2ccccc2)ccc(C#N)c1=O,Blocker,Non-blocker,WERKLXJPXQLJPJ-UHFFFAOYSA-N,WERKLXJPXQLJPJ,PubChem,1488306,
CCCCCCc1ccc(O)cc1O,Non-blocker,Non-blocker,WFJIVOKAWHGMBH-UHFFFAOYSA-N,WFJIVOKAWHGMBH,eval_set_herg_70.csv,,
CS(=O)(=O)N1CCN=C1SCc1ccccc1,Non-blocker,Non-blocker,WFOYMSDJTZLOAI-UHFFFAOYSA-N,WFOYMSDJTZLOAI,PubChem,2148558,
CC[C@@H]1CN(C(=O)NCc2cccc(OC)c2)c2cc(Cl)ccc2O1,Non-blocker,Non-blocker,WFSJWOZHEWHPAL-OAHLLOKOSA-N,WFSJWOZHEWHPAL,PubChem,16018023,
Fc1cccc(CCN2C(=S)NC[C@@H]2c2ccccc2)c1,Non-blocker,Non-blocker,WGEILCMTSPZUCT-MRXNPFEDSA-N,WGEILCMTSPZUCT,PubChem,16682596,
O=S(=O)(c1ccc(OC[C@H](O)CNCc2ccco2)c(Cl)c1)N1CCOCC1,Non-blocker,Non-blocker,WGZVLJQLIGVFHQ-CQSZACIVSA-N,WGZVLJQLIGVFHQ,PubChem,6603537,
O=C(N[C@]12C[C@H]3C[C@H](C[C@H](C3)C1)C2)c1ccc([N+](=O)[O-])cc1,Non-blocker,Non-blocker,WHDVTOHVLBQCAP-FBBPANFNSA-N,WHDVTOHVLBQCAP,PubChem,477706,
NC(=O)C12CC3CC(C1)C(NC(=O)C1SCCN1S(=O)(=O)c1ccccc1F)C(C3)C2,Non-blocker,Non-blocker,WIDBTZLJSHUYHO-UHFFFAOYSA-N,WIDBTZLJSHUYHO,eval_set_herg_70.csv,,
O=C(N[C@H](CO)[C@H](O)c1ccc([N+](=O)[O-])cc1)C(Cl)Cl,Non-blocker,Non-blocker,WIIZWVCIJKGZOK-RKDXNWHRSA-N,WIIZWVCIJKGZOK,eval_set_herg_60.csv,,
CCOC(=O)c1c(C)oc2ccc(OC(=O)c3cccs3)cc12,Non-blocker,Non-blocker,WIWTURDIRZFYBL-UHFFFAOYSA-N,WIWTURDIRZFYBL,PubChem,719960,
N#CC(=C\c1ccc(-c2ccccc2[N+](=O)[O-])o1)/C(O)=N/c1nc(-c2cccs2)cs1,Non-blocker,Blocker,WJEGUJCOTMRGFR-JLHYYAGUSA-N,WJEGUJCOTMRGFR,PubChem,2328885,
O=C(Nc1ccc2c(c1)OCO2)N1CCN(c2ccccc2)CC1,Non-blocker,Non-blocker,WJKCRMPGICZWPM-UHFFFAOYSA-N,WJKCRMPGICZWPM,PubChem,6465087,
CN(C)CCc1c[nH]c2ccc(CS(=O)(=O)N3CCCC3)cc12,Non-blocker,Non-blocker,WKEMJKQOLOHJLZ-UHFFFAOYSA-N,WKEMJKQOLOHJLZ,eval_set_herg_70.csv,,
CCCCOC(=O)CCCN1C(=O)/C(=C2/SC(=S)N(CCCC(=O)OCCCC)C2=O)SC1=S,Non-blocker,Non-blocker,WKFAYNMFGPXVRK-ZCXUNETKSA-N,WKFAYNMFGPXVRK,PubChem,5927992,
NC(=O)OCC(COC(N)=O)c1ccccc1,Non-blocker,Blocker,WKGXYQFOCVYPAC-UHFFFAOYSA-N,WKGXYQFOCVYPAC,data_herg_dev,CHEMBL1094,
COC(=O)C1=CCC2CCC1[N+]2C,Non-blocker,Non-blocker,WKIDXYNSLWZPGZ-UHFFFAOYSA-N,WKIDXYNSLWZPGZ,eval_set_herg_60.csv,,
CC1CCN(Cc2c(O)ccc3cc(-c4nc5ccccc5s4)c(=O)oc23)CC1,Non-blocker,Non-blocker,WKMNOOGFBWXMIY-UHFFFAOYSA-N,WKMNOOGFBWXMIY,data_herg_dev,CHEMBL582495,
Cc1cccc(OCc2nnc(SCC(=O)Nc3ncc(C)s3)o2)c1,Non-blocker,Non-blocker,WKNYVTZSGCJHKK-UHFFFAOYSA-N,WKNYVTZSGCJHKK,PubChem,1315581,
Cc1cccc(NC(=O)CNC(=O)CSc2nnc(C(F)(F)F)n2C)c1C,Non-blocker,Blocker,WLIBQTNQWJBXAY-UHFFFAOYSA-N,WLIBQTNQWJBXAY,PubChem,8160454,
CCCCC(CC)CN1C(=O)C2C3C=CC(C3)C2C1=O,Blocker,Non-blocker,WLLGXSLBOPFWQV-UHFFFAOYSA-N,WLLGXSLBOPFWQV,data_herg_dev,,8227
C[C@@H]1CC=C[C@@H]2[C@H]1C(=O)N(Cc1ccccc1)[C@H]2c1cccc(C#Cc2ccccc2)c1,Non-blocker,Non-blocker,WLLOAMLICPWKSE-BWUJXXCWSA-N,WLLOAMLICPWKSE,PubChem,16060130,
COc1ccc(-c2csc(N[C@H](C)c3nc4cc(Cl)c(N5CCCCC5)cc4n3CCOCCO)n2)cc1,Non-blocker,Non-blocker,WMEPUTKYSBZXIA-LJQANCHMSA-N,WMEPUTKYSBZXIA,PubChem,23724087,
Cc1ccccc1C(=O)/N=c1\c(C#N)cc2c(=O)n3cccc(C)c3nc2n1Cc1ccco1,Non-blocker,Non-blocker,WMMHVAPAZLFBOI-BYNJWEBRSA-N,WMMHVAPAZLFBOI,PubChem,1991742,
Cn1cc(Cn2cc(-c3cccc(S(C)(=O)=O)c3)cn2)cn1,Non-blocker,Blocker,WMUAUDVHENODTB-UHFFFAOYSA-N,WMUAUDVHENODTB,eval_set_herg_70.csv,,
CCCOc1ccc(CNC(=O)CCC(=O)n2ncc3cc(C)ccc32)cc1,Non-blocker,Non-blocker,WNAOQYVQDNZMOB-UHFFFAOYSA-N,WNAOQYVQDNZMOB,PubChem,22510225,
O=C(CSc1ccc2nnc(-c3ccc(Cl)cc3)n2n1)N1CCc2ccccc21,Non-blocker,Non-blocker,WNGYLUZQMKAJHL-UHFFFAOYSA-N,WNGYLUZQMKAJHL,PubChem,9550848,
N[C@@]1(C(=O)O)[C@H](OCc2ccc(Cl)c(Cl)c2)[C@@H](O)[C@@H]2[C@H]1[C@H]2C(=O)O,Blocker,Non-blocker,WNOZOUHFGZKGNT-ANYOLZDRSA-N,WNOZOUHFGZKGNT,data_herg_dev,CHEMBL3947221,
C[C@@]1(c2cccc(NC(=O)c3ccc(C#N)cn3)c2)Cn2nccc2C(N)=N1,Blocker,Blocker,WNSFYBCKLLABCJ-FQEVSTJZSA-N,WNSFYBCKLLABCJ,PubChem,60194610,35059126
CCOC(=O)c1ccc(N2C(=O)Cc3ccccc3C2=O)cc1,Non-blocker,Non-blocker,WODLXPUSDXNVEF-UHFFFAOYSA-N,WODLXPUSDXNVEF,PubChem,362861,
CN(C)c1ccnc(Nc2ccc(O)cc2)c1C#N,Non-blocker,Non-blocker,WOIJPBCYCOVADS-UHFFFAOYSA-N,WOIJPBCYCOVADS,PubChem,1471003,
CC(=O)N1CCN(C(=O)c2cc(-c3cccc4ccccc34)nc3ccccc23)CC1,Non-blocker,Non-blocker,WOKRPEOZZTXUSE-UHFFFAOYSA-N,WOKRPEOZZTXUSE,PubChem,24818217,
NS(=O)(=O)c1cccnc1Nc1cccc(C(F)(F)F)c1,Non-blocker,Non-blocker,WOYXTNYWFYWXFO-UHFFFAOYSA-N,WOYXTNYWFYWXFO,PubChem,902072,
CC(C)(C)C(=O)OCOP(=O)(COCCn1cnc2c(N)ncnc21)OCOC(=O)C(C)(C)C,Non-blocker,Non-blocker,WOZSCQDILHKSGG-UHFFFAOYSA-N,WOZSCQDILHKSGG,eval_set_herg_70.csv,,
Fc1cnn(Cc2c(F)ccc3c2CCC3c2ncc[nH]2)c1,Blocker,Blocker,WPBINAIKMINNER-UHFFFAOYSA-N,WPBINAIKMINNER,eval_set_herg_60.csv,,
COCCCNC(=O)Cn1cc(/C=C(\C#N)C(=O)NC2CC2)c2ccccc21,Non-blocker,Non-blocker,WQLDECMXBAVHFY-RVDMUPIBSA-N,WQLDECMXBAVHFY,PubChem,5767292,
Clc1ccc(-c2cnn(Cc3cn4ccccc4n3)c2)cc1,Blocker,Blocker,WQTXJFYTZBONCP-UHFFFAOYSA-N,WQTXJFYTZBONCP,eval_set_herg_60.csv,,
C=C[C@]1(C)C[C@@H](OC(=O)COc2ccc3c(c2F)B(O)OC3)[C@]2(C)[C@H](C)CC[C@]3(CCC(=O)[C@H]32)[C@@H](C)[C@@H]1O,Blocker,Non-blocker,WQVDRQUAJNEZSV-PTUZOVCBSA-N,WQVDRQUAJNEZSV,data_herg_dev,CHEMBL4535824,
COC[C@@H](C)NC(=O)C1c2ccccc2Oc2ccccc21,Non-blocker,Non-blocker,WQXAKWGCQICCTF-GFCCVEGCSA-N,WQXAKWGCQICCTF,PubChem,2905426,
CN(C)CCC[C@@H]1c2ccccc2Oc2ccc(C(F)(F)F)cc21,Blocker,Blocker,WRNDGAGUUNVEEO-CQSZACIVSA-N,WRNDGAGUUNVEEO,PubChem,30996,
CS(=O)(=O)O.Cc1nccn1-c1ccc(Sc2cccc(C3(C(N)=O)CCOCC3)c2)cc1,Non-blocker,Non-blocker,VPTONMHDLLMOOV-UHFFFAOYSA-N,WRQQAESBKZTAFL,data_herg_dev,,9935274
Cc1ccc(N(C)C(=O)c2c(-c3ccccc3Cl)noc2C)cc1Cl,Non-blocker,Non-blocker,WRRGABWWSIAMMJ-UHFFFAOYSA-N,WRRGABWWSIAMMJ,data_herg_dev,CHEMBL576138,
O=C(N/N=C\c1ccc2c(c1)OCO2)c1ccc(Cn2cc(Br)c([N+](=O)[O-])n2)o1,Non-blocker,Non-blocker,WSELNTPLNGUPIV-SWNXQHNESA-N,WSELNTPLNGUPIV,PubChem,5433960,
C=C[C@H]1C[C@]1(NC(=O)[C@@H]1C[C@@H]2CN1C(=O)[C@H](C(C)(C)C)NC(=O)OCCCC=Cc1ccc3ccnc(c3c1)O2)C(=O)NS(=O)(=O)C1CC1,Blocker,Non-blocker,WSIXKAHFCWLWHX-NHWGVUCVSA-N,WSIXKAHFCWLWHX,eval_set_herg_60.csv,,
O=C(N[C@H]1CC[C@H](c2ccc(O)cc2)CC1)C1Cc2ccccc2CN1,Blocker,Non-blocker,WSRMPOSDHQOTMA-PRESFXJZSA-N,WSRMPOSDHQOTMA,data_herg_dev,CHEMBL237102,
CC1CC(OC(=O)c2ccccc2O)CC(C)(C)C1,Non-blocker,Blocker,WSSJONWNBBTCMG-UHFFFAOYSA-N,WSSJONWNBBTCMG,data_herg_dev,CHEMBL1377575,
O=C(OCc1ccccc1)N1CCC(CNC2N=CC=[SH]2)CC1,Blocker,Blocker,ZEAZTFCBLCVQRU-UHFFFAOYSA-N,WSZUPYCNEWBHKR,eval_set_herg_60.csv,,
O=C(Cc1ccc(Cl)cc1)NCC(=O)N1CCCCCC1,Non-blocker,Non-blocker,WTMYVSNVRDFGMG-UHFFFAOYSA-N,WTMYVSNVRDFGMG,PubChem,2233784,
CC(=O)c1cn(CC(=O)Nc2ccc(C)cc2)c2ccccc12,Non-blocker,Non-blocker,WTYPEEJVHTVGMX-UHFFFAOYSA-N,WTYPEEJVHTVGMX,PubChem,1088584,
O=C(Nc1c(Br)cc2c(c1Br)Cc1ccccc1-2)C(Cl)Cl,Non-blocker,Non-blocker,WUBVLUXSJWJAAV-UHFFFAOYSA-N,WUBVLUXSJWJAAV,PubChem,274936,
Nc1n(CC(=O)c2cccc([N+](=O)[O-])c2)c2ccccc2[n+]1CCN1CCCCC1,Non-blocker,Non-blocker,WUPRQQSXICDUSQ-UHFFFAOYSA-O,WUPRQQSXICDUSQ,PubChem,2881787,
CN(C)CC(C)(c1ccc2ccccc2c1)C(O)c1ccccc1,Blocker,Blocker,WVMRNJPSSWNSQF-UHFFFAOYSA-N,WVMRNJPSSWNSQF,eval_set_herg_60.csv,,
O=C(NCCN1CCCC1)c1ccc2c(=O)n(CCc3ccccc3)c(=O)[nH]c2c1,Blocker,Non-blocker,WVPJAFXNQKLHTA-UHFFFAOYSA-N,WVPJAFXNQKLHTA,PubChem,3241648,
COc1ccc(OCCOC(=O)c2cccs2)cc1,Non-blocker,Non-blocker,WWECCYNEBMTHCK-UHFFFAOYSA-N,WWECCYNEBMTHCK,PubChem,2095591,
CCOc1ccc(N(CC(=O)NCCSCc2ccccc2Cl)S(C)(=O)=O)cc1,Non-blocker,Non-blocker,WWOFBQZQNGOCBY-UHFFFAOYSA-N,WWOFBQZQNGOCBY,PubChem,3120093,
CC(=O)O[C@@H]1CC[C@]2(C)[C@H](CC[C@@H]3[C@H]2CC(=O)[C@]2(C)[C@@H]3C[C@@H](C(C(C)=O)C(C)=O)[C@H]2C(C)=O)C1,Non-blocker,Non-blocker,WWSXFPXFVRGNOL-FMONEYRHSA-N,WWSXFPXFVRGNOL,PubChem,4555064,
COc1ccc2cc(C3=CCC[C@@]3(C)C(=O)O)ccc2c1,Non-blocker,Non-blocker,WWXNQHOSLAYQII-GOSISDBHSA-N,WWXNQHOSLAYQII,PubChem,247583,
Cc1nc(CN[C@H]2CC[C@@H](F)C2)c(C(C)C)n1-c1cc(F)cc(F)c1,Blocker,Non-blocker,WXGFDISGDAGZCW-CJNGLKHVSA-N,WXGFDISGDAGZCW,data_herg_dev,CHEMBL556300,
O=C(Nc1ccccc1)c1cccc(=O)o1,Non-blocker,Non-blocker,WXLCJALZCQOYMW-UHFFFAOYSA-N,WXLCJALZCQOYMW,PubChem,2739561,
CC(Cc1ccccc1)[N+]CCC(c1ccccc1)c1ccccc1,Blocker,Blocker,WXPOYNLWAIDRCF-UHFFFAOYSA-N,WXPOYNLWAIDRCF,eval_set_herg_60.csv,,
Cc1cc(C)c(S(=O)(=O)N2CCN(C(=O)c3ccc4c(c3)OCO4)CC2)c(C)c1,Non-blocker,Non-blocker,WXQMBXSZDJKOOJ-UHFFFAOYSA-N,WXQMBXSZDJKOOJ,PubChem,6493498,
COc1cc(-c2nc3n(n2)[C@H](c2cccc(OC)c2OC)C2=C(O)CCC=C2N3)cc(OC)c1OC,Non-blocker,Non-blocker,WXTQNNUGVCOEQW-JOCHJYFZSA-N,WXTQNNUGVCOEQW,PubChem,3238390,
COc1ccc(NC(=O)CN2C(=O)S/C(=C/c3cccn3-c3ccc(C(=O)O)cc3)C2=O)cc1,Non-blocker,Blocker,WYDOJXDGAYAMSS-DEDYPNTBSA-N,WYDOJXDGAYAMSS,PubChem,1815744,
N#CCCN1CCN(CCC#N)c2ccccc21,Non-blocker,Non-blocker,WYMJLMZYLJBEJG-UHFFFAOYSA-N,WYMJLMZYLJBEJG,PubChem,264325,
NC(c1cc(Cl)c(NC(=O)NCc2ccc(C(F)(F)F)nc2)c(Cl)c1)C(F)(F)F,Blocker,Blocker,WYRSKUBUFKBAFT-UHFFFAOYSA-N,WYRSKUBUFKBAFT,eval_set_herg_60.csv,,
Cc1cc(O)c(C(C)(C)C)cc1C(C)(C)C,Non-blocker,Non-blocker,WYSSJDOPILWQDC-UHFFFAOYSA-N,WYSSJDOPILWQDC,eval_set_herg_70.csv,,
O=C(CN(CCc1ccccc1)S(=O)(=O)c1ccc(Br)cc1)N/N=C/c1ccccc1C(=O)O,Non-blocker,Non-blocker,XBAHMULXXIBZKP-WGOQTCKBSA-N,XBAHMULXXIBZKP,PubChem,9594309,
CCC(=O)Nc1ccc(OCc2nc3ccccc3s2)cc1,Non-blocker,Non-blocker,XBPKXMIAFDUGNP-UHFFFAOYSA-N,XBPKXMIAFDUGNP,PubChem,851643,
CC(C)(C)c1cc(C(=O)Nc2nc(CN)cs2)n(Cc2ccccc2)n1,Non-blocker,Blocker,XCKWZWHQTKSVSW-UHFFFAOYSA-N,XCKWZWHQTKSVSW,CUPID,56643478,21966980
Fc1ccc(-n2cc(Cc3cc[nH]n3)nn2)cc1C(F)F,Blocker,Blocker,XCUYCJFGWDLGRI-UHFFFAOYSA-N,XCUYCJFGWDLGRI,eval_set_herg_60.csv,,
CC(C)(C(=O)O)n1cncn1,Non-blocker,Non-blocker,XCYWDFDMXREMCT-UHFFFAOYSA-N,XCYWDFDMXREMCT,PubChem,16192989,
Nc1nc(N)c(CCCCc2ccccc2)c(N)n1,Blocker,Blocker,XDVRXWVIQZDMRG-UHFFFAOYSA-N,XDVRXWVIQZDMRG,PubChem,259669,
COc1ccc(CCNCCCNC(=O)c2ccc([N+](=O)[O-])cc2)cc1OC,Non-blocker,Blocker,XEAKAKKNLOUHDV-UHFFFAOYSA-N,XEAKAKKNLOUHDV,CUPID,9845214,15324906
Oc1cc(Cl)ccc1Oc1ccc(Cl)cc1Cl,Non-blocker,Non-blocker,XEFQLINVKFYRCS-UHFFFAOYSA-N,XEFQLINVKFYRCS,data_herg_dev,,5564
O=C(NCC(=O)N1CCN(C(c2ccccc2)c2ccccc2)CC1)c1ccccc1Br,Blocker,Non-blocker,XERFGESMWYEBEE-UHFFFAOYSA-N,XERFGESMWYEBEE,PubChem,25603007,
Cc1cccc(N(CC(=O)NCc2ccc(F)cc2)C(=O)c2ccco2)c1,Non-blocker,Non-blocker,XEXCLKQJOFAWNI-UHFFFAOYSA-N,XEXCLKQJOFAWNI,PubChem,1449925,
Cl.O=C(C[C@@H]1NCCC[C@H]1O)Cn1cnc2cc(Br)c(Cl)cc2c1=O,Blocker,Non-blocker,LVASCWIMLIKXLA-LSDHHAIUSA-N,XFFYBQUXAJOKAL,data_herg_dev,,60196305
O=c1c(Br)c(N2CCCC2)cnn1-c1ccccc1,Non-blocker,Non-blocker,XFJJNOCAWMYKKE-UHFFFAOYSA-N,XFJJNOCAWMYKKE,PubChem,737756,
CCN1C[C@@]2(COC)C3[C@@H](OC)[C@H]4C1[C@]3(C(OC)C[C@H]2O)C1C[C@]2(O)C(OC)C(O)[C@@]4(OC(C)=O)C1[C@H]2OC(=O)c1ccccc1,Blocker,Non-blocker,XFSBVAOIAHNAPC-CLEAKMIKSA-N,XFSBVAOIAHNAPC,eval_set_herg_60.csv,,
CC(C)c1nc(SCC(=O)Nc2ccc([N+](=O)[O-])cc2Br)n[nH]1,Non-blocker,Blocker,XFTQRQAYSLSXPM-UHFFFAOYSA-N,XFTQRQAYSLSXPM,PubChem,4415053,
CS(=O)(=O)N(CCN1CCOCC1)c1ccc(Nc2ncc3cnn(C4CCCCCC4)c3n2)cc1,Blocker,Blocker,XFWNXRYYGPIPLI-UHFFFAOYSA-N,XFWNXRYYGPIPLI,data_herg_dev,CHEMBL1825089,
Clc1ccc2nsnc2c1NC1=NCCN1,Blocker,Non-blocker,XFYDIVBRZNQMJC-UHFFFAOYSA-N,XFYDIVBRZNQMJC,eval_set_herg_60.csv,,
COc1cc2ncnc(Nc3ccc(F)c(Cl)c3)c2cc1OCCCN1CCOCC1,Blocker,Non-blocker,XGALLCVXEZPNRQ-UHFFFAOYSA-N,XGALLCVXEZPNRQ,eval_set_herg_70.csv,,
COc1ccccc1NC(=O)c1ccccc1S(=O)(=O)c1ccc([N+](=O)[O-])cc1,Non-blocker,Non-blocker,XGYUNGSPWLTXHR-UHFFFAOYSA-N,XGYUNGSPWLTXHR,PubChem,1310211,
CCc1[nH]nc(C(=O)Nc2ccc([C@H]3CNCCO3)cc2)c1C,Non-blocker,Non-blocker,XHHXGKRFUPEPFM-OAHLLOKOSA-N,XHHXGKRFUPEPFM,eval_set_herg_70.csv,,
CSc1nnc2n(Cc3ccccc3)c(=O)c3c4c(sc3n12)CO[C@@H](C(C)C)C4,Non-blocker,Non-blocker,XHQGXJOJEASMNJ-OAHLLOKOSA-N,XHQGXJOJEASMNJ,PubChem,5102409,
CCN(Cc1ccccc1)C(=O)c1oc2ccc(C)cc2c1C,Non-blocker,Blocker,XHRUFYIVQLOUBF-UHFFFAOYSA-N,XHRUFYIVQLOUBF,PubChem,23723702,
Cc1[nH]c2ccccc2c(=O)c1CN1CCCCC1,Non-blocker,Non-blocker,XHTAAEZHPPFTSB-UHFFFAOYSA-N,XHTAAEZHPPFTSB,PubChem,710590,
O[C@H]1c2ccccc2CCC12CCN(CCc1ccccc1)CC2,Blocker,Blocker,XKIGTQXAOLOQJD-NRFANRHFSA-N,XKIGTQXAOLOQJD,PubChem,3083481,11784153
Cc1ccc([C@@H]2c3c(-c4ccccc4O)n[nH]c3C(=O)N2Cc2ccncc2)cc1,Non-blocker,Blocker,XKLGLMOCXWEWRD-HSZRJFAPSA-N,XKLGLMOCXWEWRD,PubChem,666075,
N#Cc1ccccc1OCc1cn(CC(=O)c2ccc(O)cc2)nn1,Blocker,Non-blocker,XKYYQMYEDQTWBB-UHFFFAOYSA-N,XKYYQMYEDQTWBB,PubChem,45480016,
O=C1Oc2cc(O)ccc2[C@@H]2c3sc(=O)[nH]c3S[C@@H](C(=O)O)[C@@H]12,Non-blocker,Non-blocker,XLLALKBLIJIEGD-OYNCUSHFSA-N,XLLALKBLIJIEGD,PubChem,4615770,
COc1ccc([C@@H]2C(C(=O)c3ccc(C)o3)=C(O)C(=O)N2Cc2ccco2)cc1OC,Non-blocker,Non-blocker,XNAYWQXMTJUYAE-HXUWFJFHSA-N,XNAYWQXMTJUYAE,PubChem,4231843,
CSc1ccc2c(c1)c(CCN)c(C)n2Cc1ccccc1Cl,Blocker,Blocker,XNGZKLFCPYJUAT-UHFFFAOYSA-N,XNGZKLFCPYJUAT,PubChem,408974,
OCCNCc1ccccc1,Non-blocker,Blocker,XNIOWJUQPMKCIJ-UHFFFAOYSA-N,XNIOWJUQPMKCIJ,eval_set_herg_70.csv,,
CC[C@@]1([C@@H]2O[C@@H]([C@H]3O[C@@](O)(CO)[C@H](C)C[C@@H]3C)C[C@@H]2C)CC[C@H]([C@]2(C)CC[C@]3(C[C@H](O)[C@@H](C)[C@@H]([C@@H](C)[C@@H](OC)[C@H](C)C(=O)[O-])O3)O2)O1.[Na+],Non-blocker,Non-blocker,GAOZTHIDHYLHMS-KEOBGNEYSA-M,XOIQMTLWECTKJL,data_herg_dev,,23667299
Cc1nc(C(=O)Nc2ccnc(Cl)n2)c(C)n1-c1ccc(F)cc1,Non-blocker,Blocker,XPFKYNBOVJBSDC-UHFFFAOYSA-N,XPFKYNBOVJBSDC,data_herg_dev,CHEMBL2346737,
COc1ccc(C2C(=O)c3ccccc3C2=O)cc1,Non-blocker,Non-blocker,XRCFXMGQEVUZFC-UHFFFAOYSA-N,XRCFXMGQEVUZFC,data_herg_dev,,2197
Cc1cc(Nc2ccc(C)c(C)c2)n2nc(C)nc2n1,Non-blocker,Non-blocker,XRJCWTJMHMNQSW-UHFFFAOYSA-N,XRJCWTJMHMNQSW,PubChem,5308127,
COC(=O)CCN(C(=O)c1ccc(OC(C)=O)cc1)c1ccccn1,Non-blocker,Non-blocker,XROYIRPYAPKDQM-UHFFFAOYSA-N,XROYIRPYAPKDQM,PubChem,2918735,
CCc1ccc(-c2cc(C)no2)cc1S(=O)(=O)N[C@H](C)Cc1ccco1,Non-blocker,Non-blocker,XRZRQUQGJMVUDT-CQSZACIVSA-N,XRZRQUQGJMVUDT,PubChem,20936427,
NC(N)=NC(=O)c1nc(Cl)c(N)nc1N,Blocker,Non-blocker,XSDQTOBWRPYKKA-UHFFFAOYSA-N,XSDQTOBWRPYKKA,eval_set_herg_70.csv,,
CCCCNc1ccc(C(=O)OCC[NH+](CC)CC)cc1.[Cl-],Non-blocker,Non-blocker,JQMCLLAJJLVYOC-UHFFFAOYSA-O,XTIUAXFQEAMQRU,eval_set_herg_70.csv,,
CC(C)(C)C(=O)COC(=O)c1ccc(O)cc1,Non-blocker,Non-blocker,XTNXYJJPWAGEKG-UHFFFAOYSA-N,XTNXYJJPWAGEKG,PubChem,2431286,
Cc1cc(NC(=O)Cn2c(=O)c3c(ncn3CC(C)C)n(Cc3ccccc3)c2=O)no1,Non-blocker,Non-blocker,XUAUSSMPOJGPPG-UHFFFAOYSA-N,XUAUSSMPOJGPPG,PubChem,2997651,
COc1cccc(-c2ccc(=O)n(CC(=O)NCCN3CCOCC3)n2)c1,Non-blocker,Non-blocker,XUBLBEDIDYLYTR-UHFFFAOYSA-N,XUBLBEDIDYLYTR,PubChem,653204,
NC(N)=Nc1nc(CSCC/C(N)=N\S(N)(=O)=O)cs1,Non-blocker,Non-blocker,XUFQPHANEAPEMJ-UHFFFAOYSA-N,XUFQPHANEAPEMJ,eval_set_herg_60.csv,,
CCOC(=O)CSc1ncnc2c1cnn2-c1ccc(C)cc1,Blocker,Non-blocker,XUVHWWHRMKGYMV-UHFFFAOYSA-N,XUVHWWHRMKGYMV,PubChem,655144,
COc1ccc(/C=N/Nc2nonc2N)c(OC)c1,Non-blocker,Non-blocker,XVFAGIUJZJQTPJ-AWNIVKPZSA-N,XVFAGIUJZJQTPJ,PubChem,9646867,
Cc1cc(OCc2nc(-c3ccncc3)no2)cc(C)c1Cl,Non-blocker,Non-blocker,XVSWJBRMACOBTP-UHFFFAOYSA-N,XVSWJBRMACOBTP,PubChem,706146,
O=C(Nc1ccccc1Oc1ccccc1)c1cnccn1,Non-blocker,Non-blocker,XVWBWNNYBVXVGF-UHFFFAOYSA-N,XVWBWNNYBVXVGF,PubChem,862103,
COc1ccc(C2C(C(=O)Nc3cccc(OC)c3)c3ccccc3C(=O)N2C2CCCCC2)cc1,Non-blocker,Non-blocker,XVZPJJOTGNAWKX-UHFFFAOYSA-N,XVZPJJOTGNAWKX,data_herg_dev,CHEMBL584655,
CC(C)(C)c1c(C(=O)NC2C3CC4CC(C3)CC2C4)cnn1-c1ccc(C(=O)O)cc1,Non-blocker,Non-blocker,XWBXJBSVYVJAMZ-UHFFFAOYSA-N,XWBXJBSVYVJAMZ,data_herg_dev,CHEMBL2177609,
Cc1ccccc1NC(=O)c1cnc2ccccn2c1=O,Non-blocker,Non-blocker,XWHKHNXFNKFALO-UHFFFAOYSA-N,XWHKHNXFNKFALO,PubChem,3075179,
CCCc1ccc(N[C@H](C)C(=O)Nc2ccc(S(=O)(=O)N3CCOCC3)cc2)cc1,Non-blocker,Non-blocker,XWXAQHBISROOKG-QGZVFWFLSA-N,XWXAQHBISROOKG,PubChem,16305064,
CCOC(=O)c1c(S(=O)(=O)NCc2ccc(C)o2)c(C)n(C)c1C,Non-blocker,Non-blocker,XXDGJFBDGXSBEE-UHFFFAOYSA-N,XXDGJFBDGXSBEE,PubChem,20927333,
CCOc1cc(N2CCOCC2)c(OCC)cc1NC(=O)c1ccc(NC(C)=O)cc1,Non-blocker,Blocker,XXVRMIWYLJOZCI-UHFFFAOYSA-N,XXVRMIWYLJOZCI,PubChem,3881157,
COc1ccc(-c2csc3ncnc(Oc4cccc(NC(C)=O)c4)c23)cc1,Non-blocker,Non-blocker,XYBWIUKCLRFISN-UHFFFAOYSA-N,XYBWIUKCLRFISN,PubChem,1186229,
COc1ccc(S(=O)(=O)Nc2ccc(S(=O)(=O)N3CCOCC3)cc2)cc1,Non-blocker,Non-blocker,XYNDNVXXBQVIAK-UHFFFAOYSA-N,XYNDNVXXBQVIAK,PubChem,1144952,
CCCn1c2ccc(C)cc2c2nnc(S)nc21,Blocker,Non-blocker,XYQNZKJFVKLKFG-UHFFFAOYSA-N,XYQNZKJFVKLKFG,PubChem,941411,
Cc1ccc(S(=O)(=O)Nc2ccncc2)c(C)c1N(C)S(=O)(=O)c1ccc(Cl)cc1,Non-blocker,Non-blocker,XYUMIKMGIGGVKG-UHFFFAOYSA-N,XYUMIKMGIGGVKG,PubChem,2940359,
CC1(C)C=C2Nc3ccccc3N[C@H](c3ccc(F)cc3)C2=C(O)C1,Non-blocker,Non-blocker,XZCUYRJXTGTAGI-HXUWFJFHSA-N,XZCUYRJXTGTAGI,PubChem,2885983,
COc1ccc(C(=O)Nc2ccccc2N2CCOCC2)cc1S(=O)(=O)N1CCCC1,Non-blocker,Non-blocker,XZDJEFQSFLROHQ-UHFFFAOYSA-N,XZDJEFQSFLROHQ,PubChem,16249716,
COc1ccccc1CNS(=O)(=O)CCNC1CCCCC1,Non-blocker,Non-blocker,XZFKBVJLTHLVOO-UHFFFAOYSA-N,XZFKBVJLTHLVOO,PubChem,45479975,
COc1ccccc1N1CCN(Cc2ccco2)CC1,Non-blocker,Non-blocker,XZPPMVVQWVMEEF-UHFFFAOYSA-N,XZPPMVVQWVMEEF,PubChem,656303,
Cc1csc2nc(CNS(=O)(=O)c3cccnc3)cn12,Non-blocker,Non-blocker,YAGFXKVWNFGGHG-UHFFFAOYSA-N,YAGFXKVWNFGGHG,PubChem,3244249,
Cc1nc(NN)nc(NCc2ccccc2)n1,Non-blocker,Blocker,YAOKCXGYFUKHBL-UHFFFAOYSA-N,YAOKCXGYFUKHBL,PubChem,767984,
CN(CCOc1ccc(CC2SC(=O)NC2=O)cc1)c1ccccn1,Non-blocker,Non-blocker,YASAKCUCGLMORW-UHFFFAOYSA-N,YASAKCUCGLMORW,data_herg_dev,CHEMBL121,
CCOC(=O)c1c(-c2ccc(N(C)C)cc2)csc1N,Blocker,Blocker,YAZWNGDLKIJVLM-UHFFFAOYSA-N,YAZWNGDLKIJVLM,data_herg_dev,CHEMBL2393448,
O=C(Nc1ccc2cccnc2c1)c1ccc(Br)cc1,Non-blocker,Non-blocker,YBCZFMFZZNLLRH-UHFFFAOYSA-N,YBCZFMFZZNLLRH,PubChem,831408,
C[C@@H]1CCCN1CCc1ccc2cc(-n3ncccc3=O)ccc2c1,Blocker,Blocker,YBHLETUAEBDXIP-MRXNPFEDSA-N,YBHLETUAEBDXIP,eval_set_herg_60.csv,,
Clc1ccc(Nc2nnc(Cc3ccncc3)c3ccccc23)cc1,Non-blocker,Non-blocker,YCOYDOIWSSHVCK-UHFFFAOYSA-N,YCOYDOIWSSHVCK,data_herg_dev,,151194
CC(C)(C)C1CCC(=NNC(=O)c2ccccc2-n2cccc2)CC1,Non-blocker,Non-blocker,YCSUPEIWSHATCP-UHFFFAOYSA-N,YCSUPEIWSHATCP,PubChem,4521335,
NC(=O)NC1(C(=O)O)CCCC1,Non-blocker,Non-blocker,YDLPVKMKYCXPAQ-UHFFFAOYSA-N,YDLPVKMKYCXPAQ,PubChem,234095,
Cc1onc(-c2c(Cl)cccc2Cl)c1NC(=O)NN(C)c1ccc([N+](=O)[O-])cn1,Non-blocker,Non-blocker,YDVCQRYDUVBVNV-UHFFFAOYSA-N,YDVCQRYDUVBVNV,PubChem,2804698,
COc1cc(C(=O)NS(=O)(=O)c2ccccc2C)ccc1Cc1cn(C)c2ccc(NC(=O)OC3CCCC3)cc12,Blocker,Non-blocker,YEEZWCHGZNKEEK-UHFFFAOYSA-N,YEEZWCHGZNKEEK,eval_set_herg_60.csv,,
O/C(=C\C=N\c1ccc(Oc2ccccc2Cl)cc1)c1ccco1,Non-blocker,Non-blocker,YFFSDXZRCUBVJT-NHJUXKLCSA-N,YFFSDXZRCUBVJT,PubChem,2196420,
[H]/N=C(/N)SCCC1(CC)C(=O)NC(=O)NC1=O,Non-blocker,Blocker,YFJVJSRNDAPRCF-UHFFFAOYSA-N,YFJVJSRNDAPRCF,PubChem,254020,
CCn1c(=O)c2[nH]c(SC)nc2n(CC)c1=O,Non-blocker,Non-blocker,YFTKWDDUVMANGC-UHFFFAOYSA-N,YFTKWDDUVMANGC,PubChem,326134,
CC(C)Cn1c(=O)c2ccccc2n2c(CCC(=O)NC3CCN(Cc4ccccc4)CC3)nnc12,Non-blocker,Non-blocker,YGNHZYXSYRATQZ-UHFFFAOYSA-N,YGNHZYXSYRATQZ,PubChem,20881143,
c1ccc(CN2CCN(CCOCCOc3ccc4c(c3)CCC4)CC2)cc1,Blocker,Non-blocker,YHFVPJXVMYHWHX-UHFFFAOYSA-N,YHFVPJXVMYHWHX,PubChem,2976408,
CN1C(N)=NC(C)(c2cc(NC(=O)c3ccc(F)cn3)ccc2F)CS1(=O)=O,Blocker,Blocker,YHYKUSGACIYRML-UHFFFAOYSA-N,YHYKUSGACIYRML,CUPID,CUPID,
Cc1ccc(NC(=O)COc2ccccc2)c(NC(=O)c2ccccc2C)c1,Non-blocker,Non-blocker,YHZDNWOXHMABRN-UHFFFAOYSA-N,YHZDNWOXHMABRN,PubChem,1293428,
Cn1c(=O)n(C)c2cc([N+](=O)[O-])c(N3CCN(C(=O)c4ccc(Cl)cc4)CC3)cc21,Blocker,Non-blocker,YIWWMBNFTSXNNW-UHFFFAOYSA-N,YIWWMBNFTSXNNW,PubChem,2955935,
COc1cc2cc(Oc3ccc4ccc(=O)oc4c3)c(=O)oc2cc1OC(=O)C=C(C)C,Non-blocker,Non-blocker,YJGBOQUCAJWEGE-UHFFFAOYSA-N,YJGBOQUCAJWEGE,PubChem,16745541,
CC(=O)OCOC(=O)CN(CC(=O)OCOC(C)=O)c1ccccc1OCCOc1ccccc1N(CC(=O)OCOC(C)=O)CC(=O)OCOC(C)=O,Blocker,Blocker,YJIYWYAMZFVECX-UHFFFAOYSA-N,YJIYWYAMZFVECX,eval_set_herg_60.csv,,
Cc1nc2sc3c(c2c2nnc(SCC(=O)NCc4ccco4)n12)CCCC3,Blocker,Non-blocker,YJKJJNYITUWYHD-UHFFFAOYSA-N,YJKJJNYITUWYHD,PubChem,644450,
Cn1c(NNC(=O)C(c2ccccc2)c2ccccc2)cc(=O)n(C)c1=O,Non-blocker,Blocker,YKOBBDAGJQFROM-UHFFFAOYSA-N,YKOBBDAGJQFROM,PubChem,2145336,
O=C(NC1CCCCC1)[C@H](c1cccs1)N(C(=O)c1ccco1)c1ccc2c(c1)OCCO2,Non-blocker,Non-blocker,YKYYXRHHCSFBGY-QHCPKHFHSA-N,YKYYXRHHCSFBGY,PubChem,3191419,
CC(=O)Cc1nsc(Nc2cccc(C)c2)n1,Non-blocker,Non-blocker,YLFVOBCWPLEZDX-UHFFFAOYSA-N,YLFVOBCWPLEZDX,PubChem,4051152,
COc1cc(/C=C2\C(=O)ON=C2c2ccccc2)cc(Cl)c1O,Blocker,Non-blocker,YLHPIBGTWWOHJL-GHXNOFRVSA-N,YLHPIBGTWWOHJL,PubChem,890568,
Cc1ccc(S(=O)(=O)N2CC=C(C(=O)NCc3ccc(F)cc3)CC2)cc1,Non-blocker,Non-blocker,YLKYMQMDYVFLAH-UHFFFAOYSA-N,YLKYMQMDYVFLAH,PubChem,3396880,
CC(C)(C)c1ccc(OCCN2CCCC2)cc1,Blocker,Non-blocker,YLNWTFCVXGJXPF-UHFFFAOYSA-N,YLNWTFCVXGJXPF,PubChem,867345,
CCN(CC(=O)Nc1ccc(NC(C)=O)cc1)C(=O)/C=C/c1cccs1,Non-blocker,Non-blocker,YLYAXNHNCQGMQJ-ZHACJKMWSA-N,YLYAXNHNCQGMQJ,PubChem,2450658,
C[C@H](NC(=O)c1cc(S(=O)(=O)N2CCOCC2)ccc1N1CCCCC1)c1cc2ccccc2o1,Non-blocker,Blocker,YMKQHDAHIYZQBF-IBGZPJMESA-N,YMKQHDAHIYZQBF,eval_set_herg_60.csv,,
NC(=S)/N=N/c1ccc(O)cc1,Blocker,Non-blocker,YNRDWJDYBGDMRB-MDZDMXLPSA-N,YNRDWJDYBGDMRB,PubChem,4243942,
CCCCN(CC)C(=O)CN1C(=O)c2ccccc2C1=O,Non-blocker,Non-blocker,YNTAZECPJDMLFK-UHFFFAOYSA-N,YNTAZECPJDMLFK,PubChem,1582689,
COc1ccnc(C[S+]([O-])c2nc3cc(OC(F)F)ccc3[n-]2)c1OC.[Na+],Non-blocker,Non-blocker,HEYBXKVTQOEUTP-UHFFFAOYSA-N,YNWDKZIIWCEDEE,eval_set_herg_70.csv,,
O=C(c1ccccc1)[C@@](O)(Cc1ccccc1)c1ccccc1,Non-blocker,Non-blocker,YOJAHTBCSGPSOR-OAQYLSRUSA-N,YOJAHTBCSGPSOR,PubChem,285844,
O=C(Cc1cn2ccsc2n1)Nc1cccc2cnccc12,Non-blocker,Non-blocker,YOJJBMVDKPHKOO-UHFFFAOYSA-N,YOJJBMVDKPHKOO,PubChem,2998007,
C[C@@H]1C[C@@H](C)CN(C(=O)C2CCN(S(=O)(=O)c3c(Cl)cccc3Cl)CC2)C1,Non-blocker,Non-blocker,YOUIJQJVYXDGSP-ZIAGYGMSSA-N,YOUIJQJVYXDGSP,PubChem,17533389,
Nc1ccc(C(=O)OCCCOC(=O)c2ccc(N)cc2)cc1,Non-blocker,Non-blocker,YPACMOORZSDQDQ-UHFFFAOYSA-N,YPACMOORZSDQDQ,eval_set_herg_70.csv,,
CN1CC(=O)N(CC(=O)Nc2ccc(Cl)c(C(F)(F)F)c2)C1=O,Blocker,Blocker,YPBKSQDRKIFGAS-UHFFFAOYSA-N,YPBKSQDRKIFGAS,PubChem,2100439,
NC(=O)c1cnc(-c2cnc3c(Nc4ccc(C(F)(F)F)cn4)ccnc3n2)c(C(F)(F)F)c1,Blocker,Blocker,YPYYPOYQUMYMKR-UHFFFAOYSA-N,YPYYPOYQUMYMKR,PubChem,46911175,20615696
[Cr+6].[Cr+6].[K+].[K+].[O-2].[O-2].[O-2].[O-2].[O-2].[O-2].[O-2],Non-blocker,Non-blocker,NZIQHMQXVUSGHY-UHFFFAOYSA-N,YQDKEQIFTJGXKJ,data_herg_dev,,24502
COC(=O)[C@H]1SCCN1S(=O)(=O)c1ccc(Cl)cc1,Non-blocker,Non-blocker,YQPUZYVCMAJOPL-SNVBAGLBSA-N,YQPUZYVCMAJOPL,PubChem,2821246,
COc1cccc(/C=C2\Sc3ccc(C(=O)NC[C@H]4CCCO4)cc3N(C)C2=O)c1,Non-blocker,Non-blocker,YQRDIEKCIIZKEC-UZQMFHLOSA-N,YQRDIEKCIIZKEC,PubChem,24789907,
O=C(NCc1ccncc1)C1CCN(S(=O)(=O)c2cc(Cl)ccc2Cl)CC1,Non-blocker,Non-blocker,YRAUVDAHAFUMRH-UHFFFAOYSA-N,YRAUVDAHAFUMRH,PubChem,1078708,
CN(C)c1ccc(NC(=O)CCCCCn2nnc3ccccc3c2=O)cc1,Non-blocker,Non-blocker,YRCUCKWCQPARHB-UHFFFAOYSA-N,YRCUCKWCQPARHB,PubChem,4904094,
CCOC(=O)C1(CCOc2ccccc2)CCN(Cc2ccc(COC)o2)CC1,Non-blocker,Non-blocker,YRFZEPMOJVTLIU-UHFFFAOYSA-N,YRFZEPMOJVTLIU,PubChem,16191323,
C=CCn1c(C)cc(C(=O)COC(=O)CCc2cc(OC)c(OC)c(OC)c2)c1C,Non-blocker,Non-blocker,YRLVSFJHIYFGRW-UHFFFAOYSA-N,YRLVSFJHIYFGRW,PubChem,2398662,
Fc1cccc(Oc2cc(C(F)(F)F)nc(N3CCc4nc[nH]c4C3)n2)c1,Blocker,Blocker,YRSBMPKJFDYYFO-UHFFFAOYSA-N,YRSBMPKJFDYYFO,eval_set_herg_60.csv,,
O=C(c1[nH]ncc1-c1cccc(Br)c1)[C@H]1CO1,Non-blocker,Non-blocker,YSJDEWTWCAJZCB-SNVBAGLBSA-N,YSJDEWTWCAJZCB,PubChem,3504598,
O=c1c2ccccc2nc(-c2cccs2)n1-c1ccc2ccccc2c1,Non-blocker,Non-blocker,YSLSIJXGHOYVRU-UHFFFAOYSA-N,YSLSIJXGHOYVRU,PubChem,1116973,
COc1ccc(CCN/C(=N/S(=O)(=O)c2ccccc2)c2ccccc2)cc1OC,Non-blocker,Blocker,YSRONXZYDOACAX-UHFFFAOYSA-N,YSRONXZYDOACAX,PubChem,4421035,
C=CC(=O)[O-].CCCC[Sn+](CCCC)CCCC,Non-blocker,Blocker,YSUXTNDMKYYZPR-UHFFFAOYSA-M,YSUXTNDMKYYZPR,eval_set_herg_70.csv,,
COC(=O)c1[nH]c2ccc(C)cc2c1NC(=O)Nc1ccccc1OC,Non-blocker,Non-blocker,YTCIAWJRYPJVJZ-UHFFFAOYSA-N,YTCIAWJRYPJVJZ,PubChem,660519,
O=C1c2nc3cccc(C(F)(F)F)c3n2CCN1CC1CC2CCC1C2,Non-blocker,Blocker,YTGVOXRCRXENCO-UHFFFAOYSA-N,YTGVOXRCRXENCO,PubChem,CUPID,
Nc1ccc(Oc2ccc(Cl)cc2)cc1,Non-blocker,Non-blocker,YTISFYMPVILQRL-UHFFFAOYSA-N,YTISFYMPVILQRL,eval_set_herg_70.csv,,
COc1ccc(C)cc1NC(=O)CNc1ccccc1CN(C)C1CCCCC1,Blocker,Non-blocker,YTKIIMAVUBQKDV-UHFFFAOYSA-N,YTKIIMAVUBQKDV,PubChem,2532479,
O=C(CCN1C(=O)S/C(=C\c2ccc(F)cc2)C1=O)Nc1ccc(O)cc1C(=O)O,Non-blocker,Non-blocker,YTNXFSOZFAOWDP-SXGWCWSVSA-N,YTNXFSOZFAOWDP,PubChem,6237225,
Cc1cccc(N2CCN(c3cc(C)nc4nnnn34)C[C@H]2C)c1,Non-blocker,Non-blocker,YTYSUZDZMUFJDW-CQSZACIVSA-N,YTYSUZDZMUFJDW,PubChem,3242632,
CN(C)c1oc(-c2ccccc2[N+](=O)[O-])nc1C#N,Blocker,Blocker,YUAQULQYKXKMIA-UHFFFAOYSA-N,YUAQULQYKXKMIA,PubChem,942148,
Cc1ccc(-c2c(C(=O)O)c3ccccc3[nH]c2=O)cc1,Non-blocker,Non-blocker,YUGURCXDWBLOAU-UHFFFAOYSA-N,YUGURCXDWBLOAU,PubChem,1476800,
N#CCCSc1nc(N2CCOCC2)c2c(c1C#N)CCCC2,Non-blocker,Non-blocker,YUWFIDIIQWBREK-UHFFFAOYSA-N,YUWFIDIIQWBREK,PubChem,658830,
C[C@@H]1C[C@@H](N(C(=O)c2ccccc2Cl)c2ccccc2)c2ccccc2N1,Non-blocker,Non-blocker,YVVXFSUFBIJTJU-OPAMFIHVSA-N,YVVXFSUFBIJTJU,PubChem,2905219,
Cc1ccc(NC(=O)c2ncn(CCCN(CCCn3cnc(C(=O)Nc4ccc(C)c(C)c4)n3)Cc3ccc4[nH]ccc4c3)n2)cc1C,Blocker,Blocker,YVZOMXLCKXYVEA-UHFFFAOYSA-N,YVZOMXLCKXYVEA,PubChem,45281094,
c1ccc(CN(c2cccc3sccc23)C2CCNCC2)cc1,Blocker,Blocker,YWBYAAXIALYEHT-UHFFFAOYSA-N,YWBYAAXIALYEHT,eval_set_herg_60.csv,,
Nc1ccc(-c2ccco2)cc1NC(=O)c1ccc2nc(N3CCNCC3)ccc2c1,Blocker,Blocker,YWEQSQFXPQSOOT-UHFFFAOYSA-N,YWEQSQFXPQSOOT,eval_set_herg_70.csv,,
C=CCN(CC=C)CCOc1ccccc1F,Non-blocker,Non-blocker,YWFKZEHEOQIXKV-UHFFFAOYSA-N,YWFKZEHEOQIXKV,PubChem,2944158,
NCCOc1ccc(Cc2ccc(N)cc2)c(C(F)(F)F)c1,Blocker,Blocker,YWPLEWGQWULTHY-UHFFFAOYSA-N,YWPLEWGQWULTHY,data_herg_dev,CHEMBL4740833,
O=C(NC1CCCCCC1)c1ccc(N2CCCC2=O)cc1,Non-blocker,Non-blocker,YWPSYMQPSXAFTK-UHFFFAOYSA-N,YWPSYMQPSXAFTK,PubChem,774210,
CCC(CC)CN(Cc1ccc(F)cc1)C1CCN(Cc2ccc(N(CC)CC)cc2)CC1,Blocker,Non-blocker,YWTYQMOCEJQDIR-UHFFFAOYSA-N,YWTYQMOCEJQDIR,eval_set_herg_60.csv,,
COc1ccccc1OCc1nc(-c2ccc([N+](=O)[O-])cc2)no1,Non-blocker,Non-blocker,YWVWXHLYVSCGTD-UHFFFAOYSA-N,YWVWXHLYVSCGTD,PubChem,753471,
Cc1c(C(=O)Nc2ccc([C@H]3CNCCO3)cc2)n[nH]c1-c1ccccc1,Non-blocker,Non-blocker,YXMBEECTJRWXGW-GOSISDBHSA-N,YXMBEECTJRWXGW,eval_set_herg_70.csv,,
CCO/C=N/Nc1nc(C(F)(F)F)nc2c1cnn2Cc1ccccc1,Non-blocker,Non-blocker,YYBAJAGEMJFNSF-KEBDBYFISA-N,YYBAJAGEMJFNSF,PubChem,9684303,
CCCNCc1ccc(CCn2ccc(OCc3ccc(F)cc3)cc2=O)cc1,Blocker,Blocker,YYCDRZDDLBLWPS-UHFFFAOYSA-N,YYCDRZDDLBLWPS,CUPID,44469273,19632840
Cc1nc(N(CCO)C2CCCCC2)c2nnn(Cc3ccccc3)c2n1,Non-blocker,Non-blocker,YYFLBSBQMIOTAQ-UHFFFAOYSA-N,YYFLBSBQMIOTAQ,PubChem,1446189,
Cc1noc(/C(=C/c2cccc(-c3cc(C(C)(C)S(C)(=O)=O)cc4cccnc34)c2)c2ccc(S(C)(=O)=O)cc2)n1,Blocker,Non-blocker,YYGZHVJDHMMABU-OGLMXYFKSA-N,YYGZHVJDHMMABU,data_herg_dev,CHEMBL372575,
CCOC(=O)c1cc(CC)sc1NC(=O)c1ccc(N2CCOCC2)c([N+](=O)[O-])c1,Non-blocker,Non-blocker,YYJVPYWIACAWJS-UHFFFAOYSA-N,YYJVPYWIACAWJS,PubChem,2876795,
O[C@H](CNCCc1ccc(C(F)(F)F)cc1)COc1cccc2ccccc12,Blocker,Blocker,YZGTUSIIFSUYJX-LJQANCHMSA-N,YZGTUSIIFSUYJX,PubChem,3605184,
COC(=O)c1sc(NC(=O)COc2cccc3ccccc23)nc1C,Non-blocker,Blocker,YZKRHZKXBMHYCK-UHFFFAOYSA-N,YZKRHZKXBMHYCK,PubChem,1317019,
CC1=CC[C@@H](C(=O)O)[C@H](C(=O)O)C1,Non-blocker,Non-blocker,YZPUIHVHPSUCHD-RNFRBKRXSA-N,YZPUIHVHPSUCHD,PubChem,263032,
CC(O)(c1cc(Cl)c(NC(=O)CC2CCCCC2)c(Cl)c1)C(F)(F)F,Non-blocker,Blocker,ZAGKILKOITVECB-UHFFFAOYSA-N,ZAGKILKOITVECB,eval_set_herg_60.csv,,
Cc1cc(/C=C/C(=O)c2cc3ccccc3s2)cc(C)c1OC(C)(C)C(=O)O,Blocker,Blocker,ZAJBALGZMIMWGY-MDZDMXLPSA-N,ZAJBALGZMIMWGY,eval_set_herg_70.csv,,
N[C@H]1CN(C(=O)c2ccc3ncsc3c2)C[C@H]1C(=O)N1CCCC1,Non-blocker,Non-blocker,ZAUSYVOHDJOJCH-OLZOCXBDSA-N,ZAUSYVOHDJOJCH,eval_set_herg_60.csv,,
COc1ccccc1O[P@](C)(=O)Nc1ccccc1Br,Non-blocker,Blocker,ZCLCHGKTKOATKL-FQEVSTJZSA-N,ZCLCHGKTKOATKL,PubChem,1101260,
O=C(C1CCCC1)N1CCC(C[C@@H]2CC(c3cccc(Br)c3)=NO2)(C(=O)NCC2CCCCC2)CC1,Non-blocker,Non-blocker,ZCTQTMUVKCQADC-VWLOTQADSA-N,ZCTQTMUVKCQADC,PubChem,24820089,
C[C@@H]1COc2ccccc2N1S(=O)(=O)c1ccc(Cl)cc1,Non-blocker,Non-blocker,ZDKPGCVIAFEFJW-LLVKDONJSA-N,ZDKPGCVIAFEFJW,PubChem,3418940,
CCCCCCCN(CC)CCCCc1ccc(NC=O)cc1,Blocker,Blocker,ZDMQHMYHAWGOFZ-UHFFFAOYSA-N,ZDMQHMYHAWGOFZ,eval_set_herg_70.csv,,
Cc1cc(C)cc(OCc2cncc(-c3cc(C)cc(C)c3)c2N2CCC(N)CC2)c1,Blocker,Blocker,ZDQHFPUNJBKNAA-UHFFFAOYSA-N,ZDQHFPUNJBKNAA,PubChem,90070225,34626901
N#CN=C(NCc1ccccc1)NN1CCC(CNc2ncccn2)CC1,Non-blocker,Blocker,ZDRPBJDDRMAOKL-UHFFFAOYSA-N,ZDRPBJDDRMAOKL,eval_set_herg_60.csv,,
COc1ccc(NC(=O)c2cccc(N3C(=O)[C@@H]4[C@@H]5CC[C@@H](C5)[C@@H]4C3=O)c2)cc1,Non-blocker,Non-blocker,ZDVNCHVIPKHPLT-YKLJGAPNSA-N,ZDVNCHVIPKHPLT,PubChem,2930631,
CCCCC(CC)COC(=O)CCCCCCCC(=O)OCC(CC)CCCC,Non-blocker,Non-blocker,ZDWGXBPVPXVXMQ-UHFFFAOYSA-N,ZDWGXBPVPXVXMQ,data_herg_dev,,7642
COC(=O)c1ccccc1S(=O)(=O)/N=C(\O)Nc1nc(C)cc(C)n1,Non-blocker,Non-blocker,ZDXMLEQEMNLCQG-UHFFFAOYSA-N,ZDXMLEQEMNLCQG,PubChem,52997,
CCc1cc2c(=O)c(-c3ccon3)c(N)oc2cc1OC,Non-blocker,Blocker,ZEBJUTVOURFQCN-UHFFFAOYSA-N,ZEBJUTVOURFQCN,PubChem,1548053,
O=C(Cn1c(CO)nc2ccccc21)NCCc1ccccc1,Non-blocker,Blocker,ZECXQCFUUUSPPY-UHFFFAOYSA-N,ZECXQCFUUUSPPY,PubChem,4882839,
CCOC(=O)C1CCN(C[C@@H](O)COc2ccc(C(C)(C)C)cc2)CC1,Non-blocker,Non-blocker,ZEFHKLGXBVHNDC-GOSISDBHSA-N,ZEFHKLGXBVHNDC,PubChem,6603396,
N[C@H]1CN(Cc2ccc(F)c(F)c2)C[C@H]1C(=O)N1CCCC1,Non-blocker,Non-blocker,ZEWAIPRWPQISNU-DOMZBBRYSA-N,ZEWAIPRWPQISNU,eval_set_herg_60.csv,,
c1sc2[n+](c1CS/C(=N\C1CCCCC1)NC1CCCCC1)CCN2,Non-blocker,Blocker,ZEZPDHKACVMMCD-UHFFFAOYSA-O,ZEZPDHKACVMMCD,PubChem,11176403,19053768
Fc1ccc(NC(=S)Nc2nccs2)cc1,Non-blocker,Blocker,ZFAMDCCGNXBKRF-UHFFFAOYSA-N,ZFAMDCCGNXBKRF,PubChem,773605,
COc1cccc(/C(O)=N/C(=S)Nc2ccc(N(C)C)cc2)c1,Blocker,Non-blocker,ZFIJJDPVZOSOIG-UHFFFAOYSA-N,ZFIJJDPVZOSOIG,PubChem,883668,
CCc1ccc(N(CC(=O)Nc2sc3c(c2C(=O)OC)CCCC3)S(C)(=O)=O)cc1,Blocker,Non-blocker,ZFJXAEVBIAUKEM-UHFFFAOYSA-N,ZFJXAEVBIAUKEM,PubChem,2420316,
CCON=C(c1ccc(Br)cc1)C1CCN(C2(C)CCN(C(=O)c3c(C)cc[n+]([O-])c3C)CC2)CC1,Non-blocker,Blocker,ZGDKVKUWTCGYOA-UHFFFAOYSA-N,ZGDKVKUWTCGYOA,eval_set_herg_60.csv,,
Cc1cc(NC(=O)c2cccc(C(F)(F)F)c2)n(-c2nc(-c3ccc4c(c3)OCO4)cs2)n1,Non-blocker,Blocker,ZGEHZPOONRJVHB-UHFFFAOYSA-N,ZGEHZPOONRJVHB,data_herg_dev,CHEMBL2028054,
O=C(NCCOc1ccccc1)c1ncn[nH]1,Non-blocker,Non-blocker,ZINLFCBRSAHZFK-UHFFFAOYSA-N,ZINLFCBRSAHZFK,PubChem,2229845,
Cc1cccc(C)c1NC(=O)C[N+]1CC[N+](CCCC(c2ccc(F)cc2)c2ccc(F)cc2)CC1,Blocker,Blocker,ZIPQKDKLZNUXFM-UHFFFAOYSA-N,ZIPQKDKLZNUXFM,eval_set_herg_70.csv,,
c1ccc2oc(Oc3ccc(OCCN4CCCCC4)cc3)nc2c1,Non-blocker,Blocker,ZIQGASWXUSSORV-UHFFFAOYSA-N,ZIQGASWXUSSORV,PubChem,11739248,18588282
COc1cc(/C=C2\SC(=S)N(N3CCOCC3)C2=O)ccc1O,Non-blocker,Non-blocker,ZISPWOKNJXQCGQ-LCYFTJDESA-N,ZISPWOKNJXQCGQ,PubChem,1860024,
Cc1cc(C)n(-c2cc(NC(=O)Cc3ccc(S(C)(=O)=O)cc3)nc(-c3ccccn3)n2)n1,Non-blocker,Blocker,ZKEREZNJKGRMFY-UHFFFAOYSA-N,ZKEREZNJKGRMFY,eval_set_herg_60.csv,,
CC(C)C(=O)N1CCN(c2ccccc2NC(=O)c2ccc([N+](=O)[O-])o2)CC1,Non-blocker,Non-blocker,ZKFSOTRFUFUSTP-UHFFFAOYSA-N,ZKFSOTRFUFUSTP,PubChem,1091600,
CCOC(=O)c1ccc2c(c1)NCc1cccc(OC)c1O2,Non-blocker,Non-blocker,ZKMRNPBEBOXDCJ-UHFFFAOYSA-N,ZKMRNPBEBOXDCJ,PubChem,339237,
Cc1ccc(CN(C)C(=O)CN2C(=O)N[C@@]3(CCCc4ccccc43)C2=O)c(C)c1,Non-blocker,Non-blocker,ZKRADNUFIUDZCC-XMMPIXPASA-N,ZKRADNUFIUDZCC,PubChem,16315499,
Cc1ccc2c(c1N)C(=O)c1ccccc1C2=O,Blocker,Non-blocker,ZLCUIOWQYBYEBG-UHFFFAOYSA-N,ZLCUIOWQYBYEBG,data_herg_dev,CHEMBL1413787,
O=C(COc1ccc(Cl)cc1Cl)NCCSc1ccc(Cl)cc1,Blocker,Non-blocker,ZLELNHSWZLCSIM-UHFFFAOYSA-N,ZLELNHSWZLCSIM,PubChem,2278923,
Cc1ccc(C)c(N2N=C(/C(O)=N/c3nccs3)CCC2=O)c1,Non-blocker,Non-blocker,ZLEXTCJSZDVHNF-UHFFFAOYSA-N,ZLEXTCJSZDVHNF,PubChem,4883117,
Cc1ccc(S(=O)(=O)c2nc(Nc3nccs3)sc2Cl)cc1,Non-blocker,Non-blocker,ZLIRQUKNUPCUDB-UHFFFAOYSA-N,ZLIRQUKNUPCUDB,PubChem,2136921,
FC(F)(F)c1cnc(Sc2nnc(-c3cccs3)n2C[C@H]2CCCO2)c(Cl)c1,Non-blocker,Non-blocker,ZLNBTOKSNFPADP-LLVKDONJSA-N,ZLNBTOKSNFPADP,PubChem,3484307,
CCOC1Cc2cc(C(F)(F)F)ccc2C1N1CCN(C2(C)CCN(C(=O)c3c(C)ncnc3C)CC2)CC1C,Blocker,Blocker,ZMCJFJZOSKEMOM-UHFFFAOYSA-N,ZMCJFJZOSKEMOM,CUPID,CUPID,
CC1=C(C(=O)OC[C@H]2CCCO2)[C@H](c2ccsc2)C2=C(O)CC(C)(C)C=C2N1,Non-blocker,Non-blocker,ZMFUMFNMHWZRFG-BEFAXECRSA-N,ZMFUMFNMHWZRFG,PubChem,2872705,
CCC[S+]([O-])CCC[N+](CC)CC(O)COc1ccc(C#N)cc1,Blocker,Blocker,ZMIXNTFGXGIDHD-UHFFFAOYSA-N,ZMIXNTFGXGIDHD,eval_set_herg_70.csv,,
COc1ccc(CNC(=O)C[C@@H](NC(N)=O)c2ccccc2Cl)cc1OC,Non-blocker,Non-blocker,ZMLMTLWUWNUUNY-OAHLLOKOSA-N,ZMLMTLWUWNUUNY,PubChem,4883302,
CCOc1ccc(NC2=[N+](CCOC)Cc3cc4cc(C)ccc4nc3S2)cc1,Non-blocker,Non-blocker,ZMORNKOPLONKIQ-UHFFFAOYSA-O,ZMORNKOPLONKIQ,PubChem,3221532,
C[N+]1CCCCC1CCN1c2ccccc2Sc2ccc([S+](C)[O-])cc21,Blocker,Blocker,ZMSOBBRPDJQSNR-UHFFFAOYSA-N,ZMSOBBRPDJQSNR,eval_set_herg_70.csv,,
O=C(Nc1ccc(Cl)cc1)[C@H]1CCCN1C(=O)NCc1ccccc1,Non-blocker,Non-blocker,ZNAHZYGMPSBSAG-QGZVFWFLSA-N,ZNAHZYGMPSBSAG,PubChem,3219744,
CCCn1c(C)c(C(=O)c2ccc3ccccc3c2)c2ccccc21,Non-blocker,Blocker,ZNIBIJIBEXSCNO-UHFFFAOYSA-N,ZNIBIJIBEXSCNO,PubChem,6603892,
CCOC(=O)CSc1nnc2c(n1)[C@@]1(C)CC[C@@H]2C1(C)C,Blocker,Non-blocker,ZNMKSGIVCSDKRG-BJOHPYRUSA-N,ZNMKSGIVCSDKRG,PubChem,651180,
COCCNC(=O)c1nn2c(C(F)(F)F)cc(-c3ccccc3)nc2c1Cl,Non-blocker,Non-blocker,ZNWRWQGIAIZDBU-UHFFFAOYSA-N,ZNWRWQGIAIZDBU,PubChem,3104830,
COc1cc(NS(=O)(=O)c2ccc(NC(=O)/C=C/c3ccc([N+](=O)[O-])cc3)cc2)ncn1,Non-blocker,Non-blocker,ZOUCSHRDSFNYNL-NYYWCZLTSA-N,ZOUCSHRDSFNYNL,PubChem,2580740,
O=C(c1ccco1)N1CCC[C@@H](c2nc(-c3ccc(S(=O)(=O)NCc4ccccc4)cc3)no2)C1,Non-blocker,Non-blocker,ZPIQTKFMNQCPAX-HXUWFJFHSA-N,ZPIQTKFMNQCPAX,PubChem,655414,
CNC(=O)c1cnn(-c2nc(-c3ccc(OC)cc3)cs2)c1C(F)(F)F,Non-blocker,Non-blocker,ZQIDWPHXGSPJPL-UHFFFAOYSA-N,ZQIDWPHXGSPJPL,PubChem,1488491,
COc1ccc2c(c1)C(=O)N(c1ccccc1OC)C(=O)C2,Non-blocker,Non-blocker,ZQKOYKRWNALQKQ-UHFFFAOYSA-N,ZQKOYKRWNALQKQ,PubChem,833493,
Cc1ccc(S(=O)(=O)N2CCSC2C(=O)NC2C3CC4CC2CC(C(N)=O)(C4)C3)cc1,Non-blocker,Non-blocker,ZQLZVPJNENBVOL-UHFFFAOYSA-N,ZQLZVPJNENBVOL,eval_set_herg_70.csv,,
CCOC(=O)c1cc(Cl)c2c(ccc3ccccc32)n1,Non-blocker,Non-blocker,ZQSMZRDGDQIYOU-UHFFFAOYSA-N,ZQSMZRDGDQIYOU,PubChem,307135,
NS(=O)(=O)c1ccc(NC(=O)CSc2nnc(Cc3cccs3)n2-c2ccccc2)cc1,Non-blocker,Non-blocker,ZRAWNCUPBJISSB-UHFFFAOYSA-N,ZRAWNCUPBJISSB,PubChem,2218975,
CCCCCCCCCCCCN1CCOCC1,Blocker,Non-blocker,ZRIILUSQBDFVNY-UHFFFAOYSA-N,ZRIILUSQBDFVNY,data_herg_dev,,73764
CC(C)(NC(=O)c1nn(-c2ccc(Cl)cc2Cl)c(-c2ccc(Cl)cc2)c1CO)c1noc(C(F)(F)F)n1,Non-blocker,Non-blocker,ZROUTFNRVAQKHJ-UHFFFAOYSA-N,ZROUTFNRVAQKHJ,data_herg_dev,CHEMBL1814331,
O=C1CCC[C@H]2[C@@H]3CCCN4CCC[C@H](CN12)[C@H]34,Non-blocker,Non-blocker,ZSBXGIUJOOQZMP-UKTARXLSSA-N,ZSBXGIUJOOQZMP,eval_set_herg_60.csv,,
Cc1cccc(-[n+]2nc([N+](=O)[O-])c(NC3CCN(Cc4ccccc4)CC3)n2O)c1,Blocker,Non-blocker,ZSEYFLVXUDVIEZ-UHFFFAOYSA-O,ZSEYFLVXUDVIEZ,PubChem,16193114,
C[C@@H](O)[C@H]1C(=O)N2C(C(=O)O)=C(SCCN=CN)C[C@H]12,Non-blocker,Blocker,ZSKVGTPCRGIANV-ZXFLCMHBSA-N,ZSKVGTPCRGIANV,data_herg_dev,,104838
NC(=O)NN=C(C1CC1)C1CC1,Non-blocker,Non-blocker,ZSRPYVXTCPWHMR-UHFFFAOYSA-N,ZSRPYVXTCPWHMR,PubChem,228176,
O=C(c1ccccc1)c1ccc(OCCOCCN2CCN(Cc3ccccc3)CC2)cc1,Blocker,Non-blocker,ZSTJHRUCJAHTDK-UHFFFAOYSA-N,ZSTJHRUCJAHTDK,PubChem,2977648,
Nc1ccc(-c2ccncc2)cc1NC(=O)c1cnc(N2CCNCC2)s1,Non-blocker,Non-blocker,ZTRWHUJIONDEEE-UHFFFAOYSA-N,ZTRWHUJIONDEEE,eval_set_herg_70.csv,,
CN(C)C(=O)[C@H]1CC2(CCN(c3cc(N)ccn3)CC2)c2ccccc21,Non-blocker,Blocker,ZUCLPYSGDNZUOF-KRWDZBQOSA-N,ZUCLPYSGDNZUOF,PubChem,16730814,19231185
Cc1ccccc1N1CCN([C@@H]2CCCN(C(=O)c3cc(C(C)C)[nH]n3)C2)CC1,Non-blocker,Non-blocker,ZUUUUCNQPCMSSP-LJQANCHMSA-N,ZUUUUCNQPCMSSP,PubChem,24790365,
Nc1ccc(Cl)cc1C(=O)c1ccccc1,Non-blocker,Non-blocker,ZUWXHHBROGLWNH-UHFFFAOYSA-N,ZUWXHHBROGLWNH,eval_set_herg_70.csv,,
Nc1cc(CNC(=O)c2ccc(Oc3ccc(OCc4cccc(F)c4)cc3)nc2)ccn1,Blocker,Non-blocker,ZVDHXNWPBXOHJF-UHFFFAOYSA-N,ZVDHXNWPBXOHJF,eval_set_herg_60.csv,,
Cc1nn(-c2cc(N3CCCC3)ccc2[N+](=O)[O-])c(=O)c2ccccc12,Non-blocker,Non-blocker,ZVTUYYJGQBTYGB-UHFFFAOYSA-N,ZVTUYYJGQBTYGB,PubChem,3567095,
CCOC(=O)CNC(=O)CSc1nnc(-c2ccco2)n1N,Non-blocker,Non-blocker,ZWSMYJQTLMLREW-UHFFFAOYSA-N,ZWSMYJQTLMLREW,PubChem,662462,
Nc1ccc2c(c1)C(=Cc1cccnc1)c1ccccc1-2,Non-blocker,Non-blocker,ZWYUFWNKPCVDMB-UHFFFAOYSA-N,ZWYUFWNKPCVDMB,PubChem,259941,
Fc1ccc(C(OCCN2CCCC2)c2nncn2Cc2ccccc2)cc1,Blocker,Blocker,ZWZLOTRNIARCOD-UHFFFAOYSA-N,ZWZLOTRNIARCOD,eval_set_herg_60.csv,,
C=CCn1c(S)nnc1-c1cc(-c2ccc(C)cc2)nc2ccccc12,Non-blocker,Blocker,ZXOWZIPIVCJZBG-UHFFFAOYSA-N,ZXOWZIPIVCJZBG,PubChem,998960,
COCCNC(=S)c1ccc(Br)cc1,Non-blocker,Non-blocker,ZXZRXSNUITWWIR-UHFFFAOYSA-N,ZXZRXSNUITWWIR,PubChem,2239591,
CC/C=C(/NCc1ccccc1)C1=C(O)[C@H](C(=O)OC)C(C)(C)CC1=O,Non-blocker,Non-blocker,ZYHYYPNTWFFZHN-IKFRKZOMSA-N,ZYHYYPNTWFFZHN,PubChem,135423506,
C[C@H]1CN(c2c(F)c(N)c3c(c2F)[N+](C2CC2)=CC(C(=O)[O-])C3=O)C[C@@H](C)[NH2+]1,Non-blocker,Non-blocker,ZYKYNFRMWCELGH-SLHIUPAKSA-O,ZYKYNFRMWCELGH,eval_set_herg_60.csv,,
CN(C)/C=C(\C#N)C(=O)c1cccnc1Oc1cccc(F)c1,Non-blocker,Non-blocker,ZZLDZNMYOSKCPO-VAWYXSNFSA-N,ZZLDZNMYOSKCPO,PubChem,5903782,
C[C@](CN)(Cc1cccnc1)c1ccc2ccccc2c1,Blocker,Non-blocker,ZZLLQFDJKBAKCE-LJQANCHMSA-N,ZZLLQFDJKBAKCE,eval_set_herg_60.csv,,
O=C(c1cccs1)c1ccc(-c2cccs2)s1,Non-blocker,Non-blocker,ZZXVQKQWUPAJOI-UHFFFAOYSA-N,ZZXVQKQWUPAJOI,PubChem,659191,
