Query_smiles,Query_label,Query_InChIKey,Query_InChIKey_14,Query_Source,Query_Compound_ID,Query_PMID,Query_Source_File,Query_hERG,Query_hERG_confidence,Max_Tanimoto_Similarity
[Cl-],1,,VEXZGXHMUGYJMC,"Konda et al., 2019",,,eval_set_herg_60.csv,0,54.0%,0
O=[P@@]1(N(CCCl)CCCl)OCCCS1,0,VLMLHORXARLXME-ZDUSSCGKSA-N,VLMLHORXARLXME,PubChem,248422,,kav_test.csv,0,76.8%,0.162162154912949
[O-][n+]1c2c(c3c4non(O)c4ccc31)CCCC2,0,MCKKUNFESISYPW-UHFFFAOYSA-N,MCKKUNFESISYPW,PubChem,54689224,,kav_test.csv,0,58.1%,0.182926833629608
C[N+](C)(C)C,0,QEMXHQIAXOOASZ-UHFFFAOYSA-N,QEMXHQIAXOOASZ,"Didziapetris et al., 2016",,,eval_set_herg_60.csv,0,68.0%,0.1875
CC1=CS(=O)(=O)C[C@@H]1Sc1nc(C)n[nH]1,0,ZLXQZVRHZQIISA-ZETCQYMHSA-N,ZLXQZVRHZQIISA,PubChem,2896347,,kav_test.csv,0,72.4%,0.191489368677139
N#CC1=C(N)SC(N)=C(C#N)C1[C@H]1CC=CCC1,0,IPZCDWLMVIKJAK-QMMMGPOBSA-N,IPZCDWLMVIKJAK,PubChem,2848765,,kav_test.csv,0,72.3%,0.193548381328583
Cc1ccsc1[C@@H]1C(C#N)=C(N)N(N(C)C)C2=CCCC(O)=C21,1,QENKZNQLXSAKIE-CQSZACIVSA-N,QENKZNQLXSAKIE,PubChem,3605090,,kav_test.csv,0,58.8%,0.197530865669251
C=C1/C(=C\C=C2/CCC[C@@]3(C)[C@H]2CC[C@@H]3[C@H](C)/C=C/[C@@H](O)C2CC2)C[C@@H](O)C[C@@H]1O,0,LWQQLNNNIPYSNX-UROSTWAQSA-N,LWQQLNNNIPYSNX,PubChem,5288783,,eval_set_herg_70.csv,0,74.5%,0.202380955219269
CC[C@@H]1C[C@]2(C)C3=C(CCC3)CC[N@+]2(C)C1,0,YOCUVURHTLTTOB-DAXOMENPSA-N,YOCUVURHTLTTOB,PubChem,16192853,,kav_test.csv,0,69.7%,0.205128207802773
OC[C@@H](O)[C@H]1O[C@H]2NC(=S)O[C@H]2[C@@H]1O,1,PKBVCSNCOXHULL-DGPNFKTASA-N,PKBVCSNCOXHULL,PubChem,16189303,,kav_test.csv,0,75.2%,0.209302321076393
CC(C)(CNC(=O)[C@@]1(C)CC1(Br)Br)CNC(=O)[C@@]1(C)CC1(Br)Br,0,VRHSIFMIEKSMHZ-CHWSQXEVSA-N,VRHSIFMIEKSMHZ,PubChem,4318604,,kav_test.csv,0,68.4%,0.212121218442917
C[C@@H](OC(=O)[C@@H]1CC=CC[C@H]1C(N)=O)C(Cl)=C(Cl)Cl,0,QHERVRWMFPILRD-BWZBUEFSSA-N,QHERVRWMFPILRD,PubChem,2832686,,kav_test.csv,0,74.4%,0.213114753365517
CC(C)NC(=S)NNC(=O)[C@]12C[C@H]3C[C@H](C[C@H](C3)C1)C2,0,PQBSCROEISMHIA-WUQLGEGHSA-N,PQBSCROEISMHIA,PubChem,2954370,,kav_test.csv,0,70.6%,0.213114753365517
NCCc1c[nH]c(=S)n1[C@H]1COc2c(F)cc(F)cc2C1,0,CWWWTTYMUOYSQA-LLVKDONJSA-N,CWWWTTYMUOYSQA,"Didziapetris et al., 2016",,,eval_set_herg_60.csv,0,51.2%,0.215189874172211
CC1(C)[C@@H](O)CC[C@@]2(C)[C@H]1CC[C@]1(C)[C@@H]2C(=O)C=C2[C@@H]3C[C@@](C)(C(=O)O)CC[C@]3(C)CC[C@]21C,0,MPDGHEJMBKOTSU-YKLVYJNSSA-N,MPDGHEJMBKOTSU,"Didziapetris et al., 2016",,,eval_set_herg_60.csv,0,73.1%,0.217391297221184
CCCCn1c(N)c(C(=S)NC(=O)CC(C)(C)C)c(=O)n(C)c1=O,1,YNSKNQRKJXYDBQ-UHFFFAOYSA-N,YNSKNQRKJXYDBQ,PubChem,2489483,,kav_test.csv,0,66.2%,0.21875
COc1cc(C)c2c(c1C=O)Oc1c(c(C)c(O)c3c1[C@H](O)OC3=O)OC2=O,0,SKCUFZLDTAYNBZ-LJQANCHMSA-N,SKCUFZLDTAYNBZ,PubChem,73677,,kav_test.csv,0,56.2%,0.21875
c1sc2[n+](c1CS/C(=N\C1CCCCC1)NC1CCCCC1)CCN2,1,ZEZPDHKACVMMCD-UHFFFAOYSA-O,ZEZPDHKACVMMCD,PubChem,11176403,19053768,kav_test.csv,0,52.2%,0.219178080558777
C[C@@H]1CCc2sc(-c3nnc(S)o3)cc2C1,1,MTQXIHOGDKIHRU-ZCFIWIBFSA-N,MTQXIHOGDKIHRU,PubChem,3838952,,kav_test.csv,0,52.1%,0.219512194395065
CC1=CS(=O)(=O)C[C@@H]1Sc1ncn[nH]1,1,KQQQZFRGGZECOI-LURJTMIESA-N,KQQQZFRGGZECOI,PubChem,2835674,,kav_test.csv,0,72.8%,0.220588237047195
C=C1C2CC3(C1O)C1CC4C5(C)CCC(O)C4(C1N(CC)C5)C3CC2=O,0,CBOSLVQFGANWTL-UHFFFAOYSA-N,CBOSLVQFGANWTL,"Didziapetris et al., 2016",,,eval_set_herg_70.csv,0,65.5%,0.220930233597755
CCN(CC)C[C@@H](O)CN1C(=O)NC(C)(C)C1=O,0,NVZJRQFSGFQQHN-SECBINFHSA-N,NVZJRQFSGFQQHN,PubChem,2909095,,kav_test.csv,0,84.8%,0.222222223877907
C=Cc1c(C)c2cc3[nH]c(cc4nc(cc5nc(cc1[nH]2)C(C)=C5CCC(=O)O)C(CCC(=O)O)=C4C)c(C)c3C=C,0,ZCFFYALKHPIRKJ-UHFFFAOYSA-N,ZCFFYALKHPIRKJ,PubChem,4971,,kav_test.csv,1,52.9%,0.222222223877907
OCC[C@@H]1C[C@H](O)[C@@H](O)[C@@]2(Cc3ccccc3CO2)O1,0,GDFYVUADKOQXIF-LXTVHRRPSA-N,GDFYVUADKOQXIF,PubChem,24818227,,kav_test.csv,0,68.2%,0.223880603909493
CN[C@@H](C)[C@H]1[C@H](O)CC2(C)[C@@H]3CC[C@H]4C(C)(C)[C@@H](NC)CCC45CC35CC[C@]12C,0,GMNAPBAUIVITMI-BDKDDEIASA-N,GMNAPBAUIVITMI,"Didziapetris et al., 2016",,,eval_set_herg_60.csv,0,62.5%,0.224137932062149
[H]/N=C(\N)SC,0,SDDKIZNHOCEXTF-UHFFFAOYSA-N,SDDKIZNHOCEXTF,PubChem,13347,,kav_test.csv,0,73.6%,0.225806444883347
C=CCn1c(C)cc(C(=O)CSc2nnc3c(Cl)cc(Cl)cn23)c1C,0,DMSNNKUGNXQHCY-UHFFFAOYSA-N,DMSNNKUGNXQHCY,PubChem,2083109,,kav_test.csv,1,60.6%,0.225806444883347
CC(C)N(C(=O)SCC(Cl)=C(Cl)Cl)C(C)C,0,MWBPRDONLNQCFV-UHFFFAOYSA-N,MWBPRDONLNQCFV,PubChem,5543,,eval_set_herg_70.csv,0,74.6%,0.227272734045982
COC(=O)[C@@H]1O[C@H](SCCN)[C@H](O)[C@H](O)[C@H]1O,0,RFHOUCJSGFDVLE-DMKSXPFUSA-N,RFHOUCJSGFDVLE,PubChem,330639,,kav_test.csv,0,82.5%,0.227272734045982
C=CS(=O)(=O)O,0,NLVXSWCKKBEXTG-UHFFFAOYSA-N,NLVXSWCKKBEXTG,PubChem,3270262,,kav_test.csv,0,69.8%,0.227272734045982
CCC(NN1CCCCC1)=C1C(=O)NC(=O)NC1=O,0,UNRUANVSNRYURP-UHFFFAOYSA-N,UNRUANVSNRYURP,PubChem,135420772,,kav_test.csv,0,80.3%,0.227272734045982
CC[C@H](C)/C=C(C)/C=C/C1=CC2=C(Cl)C(=O)[C@@](C)(OC(C)=O)C(=O)C2=CO1,0,SWJLTKXURNHVHE-SGAXEVNMSA-N,SWJLTKXURNHVHE,PubChem,40517364,,kav_test.csv,0,67.5%,0.227848097681999
O=C1[C@@H]2[C@H](C(=O)N1/N=C/c1cc(Br)cc([N+](=O)[O-])c1O)[C@H]1C=C[C@@H]2C12CC2,0,NTXWQPVPXPLLPV-XPZFUYTCSA-N,NTXWQPVPXPLLPV,PubChem,135411407,,kav_test.csv,0,55.4%,0.228571429848671
C=C1[C@H]2CC3(C4C[C@H]5C6(C4N(CC)C[C@]5(C)CC[C@@H]6O)[C@@H]3C[C@@H]2O)[C@@H]1O,0,AZAZKLKDEOMJBJ-OLOAVZRQSA-N,AZAZKLKDEOMJBJ,"Didziapetris et al., 2016",,,eval_set_herg_70.csv,0,66.6%,0.22891566157341
CCSC1(SCC)N=C(N)[C@@]2(C#N)[C@@H](c3ccccc3)NC(C)=C[C@@]12C#N,0,XJNIDPXCCOSCQA-NZSAHSFTSA-N,XJNIDPXCCOSCQA,PubChem,2879589,,kav_test.csv,0,50.4%,0.229508191347122
C=CCN1C(=O)C2(OCCCO2)c2c(C)ccc(C)c21,0,WFRSMSFVBNPSLQ-UHFFFAOYSA-N,WFRSMSFVBNPSLQ,PubChem,9125973,,kav_test.csv,0,58.2%,0.229508191347122
CC/C(=N\N=C1\S[C@H](C)C(=O)N1Cc1ccco1)c1ccccc1,0,IOQGCFQJRDDVBG-WHDXICKISA-N,IOQGCFQJRDDVBG,PubChem,6160635,,kav_test.csv,1,61.5%,0.230769231915474
Cc1nnc(Sc2nc3cc(Cl)c(Cl)cc3nc2C(F)(F)F)s1,1,PDGUQPADGLCLCV-UHFFFAOYSA-N,PDGUQPADGLCLCV,"Didziapetris et al., 2016",,,eval_set_herg_60.csv,1,51.7%,0.231707319617271
CCCCn1c(O)c(/C=C/C2=[N+](C)c3ccccc3C2(C)C)sc1=S,0,ICCYRAKGFFQZQU-UHFFFAOYSA-O,ICCYRAKGFFQZQU,PubChem,5763292,,kav_test.csv,1,54.8%,0.234375
COP(C)(=O)OC,0,VONWDASPFIQPDY-UHFFFAOYSA-N,VONWDASPFIQPDY,PubChem,12958,,kav_test.csv,0,80.6%,0.235294118523598
CCOC1=C/C(=C/c2c(N)n3nc(S(=O)(=O)CC)sc3nc2=O)C=CC1=O,0,KKAUXICVRUIAFH-VQHVLOKHSA-N,KKAUXICVRUIAFH,PubChem,16195421,,kav_test.csv,0,56.9%,0.235294118523598
CC1(C)CN2C(CSC(=NC3CCCCC3)NC3CCCCC3)=CSC2=N1,0,OOSUDWRRWZVFEB-UHFFFAOYSA-N,OOSUDWRRWZVFEB,"Didziapetris et al., 2016",,,eval_set_herg_70.csv,0,52.7%,0.236842110753059
C/N=C(O)/C(C#N)=c1\s/c(=C/C(=O)OC)c(=O)n1-c1ccccc1,0,DWOXOLJEIWWYBF-VRDXCEGKSA-N,DWOXOLJEIWWYBF,PubChem,1868305,,kav_test.csv,1,51.2%,0.237288132309914
CC1(C)Oc2ccc3ccc(=O)oc3c2/C(=C/Nc2ccccc2)C1=O,0,CJEQLVHKYYCCMD-QINSGFPZSA-N,CJEQLVHKYYCCMD,PubChem,5410883,,kav_test.csv,1,54.1%,0.238805964589119
COC(=O)CCCC1=CC2=CC(=O)[C@@](C)(OC(=O)C3CCCC3)C(=O)C2=CO1,0,ZRVYBMPHJCOKOU-OAQYLSRUSA-N,ZRVYBMPHJCOKOU,PubChem,16745664,,kav_test.csv,0,71.8%,0.238805964589119
Cc1ccccc1Nc1nc(N)nc(CSc2nnnn2-c2ccccc2)n1,0,BEHAEYNTXBLZFA-UHFFFAOYSA-N,BEHAEYNTXBLZFA,PubChem,2621245,,kav_test.csv,1,56.5%,0.239436626434326
C=CCSc1nnc2c(n1)O[C@H](c1ccccn1)N(C(C)=O)c1ccccc1-2,0,UKBNWFLFPSDVEU-LJQANCHMSA-N,UKBNWFLFPSDVEU,PubChem,5730194,,kav_test.csv,1,51.2%,0.23958332836628
Cc1cc2c(cc1C)N[C@]1(C[C@H]3CCCC(=O)N4CC[C@@H](C1)[C@@H]34)C(NC(C)(C)CC(C)(C)C)=N2,0,LWZFYJHYNPKEAN-YVHTVYCOSA-N,LWZFYJHYNPKEAN,PubChem,135896301,,kav_test.csv,1,55.2%,0.240384608507156
NC(N)=Nc1nc(CSCC/C(N)=N\S(N)(=O)=O)cs1,0,XUFQPHANEAPEMJ-UHFFFAOYSA-N,XUFQPHANEAPEMJ,"Didziapetris et al., 2016",,,eval_set_herg_60.csv,0,59.1%,0.240740746259689
CC=C(C)C(=O)O[C@@H]1CCN2CC=C(COC(=O)[C@@](O)([C@@H](C)OC)C(C)(C)O)[C@H]12,0,QHOZSLCIKHUPSU-OILHZVAOSA-N,QHOZSLCIKHUPSU,PubChem,613201,,kav_test.csv,0,65.2%,0.240963861346245
CC1=NN(c2ccccc2)C(=O)[C@@H]1/N=N/c1ccc([As@](=O)([O-])O)c(O)c1,1,ZOTUZVQXFGIAFG-AMGRQBIBSA-M,ZOTUZVQXFGIAFG,PubChem,271056,,kav_test.csv,0,54.5%,0.241935476660728
C=Cn1ccnc1P(=S)(c1cc(N(CC)CC)ns1)c1nccn1C=C,0,DKFSLHUOFJUDKN-UHFFFAOYSA-N,DKFSLHUOFJUDKN,PubChem,2999486,,kav_test.csv,0,55.7%,0.241935476660728
O=C1NC(=S)SC1=C1CCCCCC1,1,LBNZBMZVSDLBMK-UHFFFAOYSA-N,LBNZBMZVSDLBMK,PubChem,659551,,kav_test.csv,0,76.7%,0.242424249649048
C=CCO/C(O)=C1/C(C)=Nc2nnnn2[C@@H]1c1ccc(OC)cc1OC,0,YJUKSWDGFSKNDG-VZHUHSAUSA-N,YJUKSWDGFSKNDG,PubChem,5233074,,kav_test.csv,0,61.9%,0.243243247270584
CCCC[C@H](C(=O)NC(C)(C)C)N(Cc1ccccc1Cl)C(=O)c1snc(C(N)=O)c1N,0,FJEFTBHZJRFWKG-OAHLLOKOSA-N,FJEFTBHZJRFWKG,PubChem,3178783,,kav_test.csv,0,51.6%,0.243589743971825
CSCC[C@@H](N/C=C1\C(=O)NC(=O)N(c2ccc(Br)cc2)C1=O)C(=O)OC(C)(C)C,0,DCHVZOHFSKBYSQ-ATGUSINASA-N,DCHVZOHFSKBYSQ,PubChem,3886084,,kav_test.csv,0,53.2%,0.243902444839478
CC(C)N(C(=O)SCC(Cl)=CCl)C(C)C,0,SPANOECCGNXGNR-UHFFFAOYSA-N,SPANOECCGNXGNR,PubChem,28700,,eval_set_herg_70.csv,0,71.2%,0.244444444775581
C[C@@]12CCCC[C@H]1N(O)C(=O)C(=O)N2O,0,RGABPWWTSWRCKN-HZGVNTEJSA-N,RGABPWWTSWRCKN,PubChem,2842220,,kav_test.csv,0,71.5%,0.246153846383095
CC(=NNC(=S)N1C[C@H]2CC[C@H](CC2)C1)c1cnccn1,0,HCNCHPUSRLRNJS-BETUJISGSA-N,HCNCHPUSRLRNJS,PubChem,3001882,,kav_test.csv,1,52.1%,0.246575340628624
O=C(/N=C1\S[C@H]2CS(=O)(=O)C[C@H]2N1c1ccc(F)cc1F)C1CC1,0,SJMFVAXABCVSMA-QLTQQZPISA-N,SJMFVAXABCVSMA,PubChem,4909274,,kav_test.csv,0,57.0%,0.24705882370472
CC(=O)N(c1ccccc1)c1nc(COC(=O)[C@H]2CC(=O)N(c3cccc4ccccc34)C2)cs1,0,NKTPEOGOPSVFNX-FQEVSTJZSA-N,NKTPEOGOPSVFNX,"Didziapetris et al., 2016",,,eval_set_herg_60.csv,1,61.8%,0.25
CC(C)SCc1ccco1,0,WCHRNAKORAINOJ-UHFFFAOYSA-N,WCHRNAKORAINOJ,PubChem,61282,,kav_test.csv,0,80.3%,0.25
Cc1c(C(=O)O)sc2nc3n(c(=O)c12)CC[C@H](C)CC3,0,DDELXPVQAUVKJF-SSDOTTSWSA-N,DDELXPVQAUVKJF,PubChem,3239982,,kav_test.csv,0,57.1%,0.25
CCNc1nc(NCC)nc(N(C)/N=C/c2ccco2)n1,0,GNSURKTXPMLIOK-CXUHLZMHSA-N,GNSURKTXPMLIOK,PubChem,9635659,,kav_test.csv,1,51.8%,0.25
CN1CCC(=NNC(=O)C(=O)NC(C)(C)C)CC1,0,HQHMOQVDKGUCTF-UHFFFAOYSA-N,HQHMOQVDKGUCTF,PubChem,2859123,,kav_test.csv,0,76.1%,0.25
Oc1cccc(-n2nnnc2SCc2ccccc2F)c1,0,ZZNVPRZEYHMDHX-UHFFFAOYSA-N,ZZNVPRZEYHMDHX,PubChem,949809,,kav_test.csv,1,56.1%,0.25
Cn1nc(C(F)(F)F)c(CN2CC(C)(C)C2=O)c1N1CCOCC1,1,GFJKPQMXELBNIV-UHFFFAOYSA-N,GFJKPQMXELBNIV,PubChem,1485611,,kav_test.csv,0,64.7%,0.252631574869156
Cc1nc(CSc2nsc(C)c2C#N)cs1,0,CQMDYUHWQPQXFN-UHFFFAOYSA-N,CQMDYUHWQPQXFN,PubChem,3599723,,kav_test.csv,0,63.1%,0.253521114587784
CCOC(=O)c1c(C)[nH]c(C(=O)O[C@H](C)C(=O)NC2(C#N)CCCCC2)c1C,0,UCLBQEBVGHRAGJ-CQSZACIVSA-N,UCLBQEBVGHRAGJ,PubChem,16508566,,kav_test.csv,0,62.7%,0.253521114587784
CCOC(=O)[C@@H](CC)Sc1nnc2c3cc(C)ccc3n(C)c2n1,0,MOSLYWPZBKDZKW-CYBMUJFWSA-N,MOSLYWPZBKDZKW,PubChem,3216472,,kav_test.csv,1,50.5%,0.253521114587784
CCS(=O)(=O)CCSc1nc(C)cc(C)c1C#N,0,TUSMDRDIDCPQRO-UHFFFAOYSA-N,TUSMDRDIDCPQRO,PubChem,894238,,kav_test.csv,0,68.3%,0.253521114587784
CC1=CC(=O)C=C/C1=C(/c1ccc(O)cc1C)c1ccccc1S(=O)(=O)O,0,APQRURLENAYZRH-DYTRJAOYSA-N,APQRURLENAYZRH,PubChem,23719920,,kav_test.csv,0,55.7%,0.253521114587784
COCc1c(Cl)ccc2c1CCC2c1ncc[nH]1,1,CMNAOKMSNCWOHS-UHFFFAOYSA-N,CMNAOKMSNCWOHS,"Didziapetris et al., 2016",,,eval_set_herg_60.csv,1,50.1%,0.253968268632889
CC/C(=C\c1sc2ccc(OC)cc2[n+]1CCO)Cc1sc2ccc(OC)cc2[n+]1CCO,0,RAPUIUZGHSTMKG-GHRIWEEISA-N,RAPUIUZGHSTMKG,PubChem,12004742,,kav_test.csv,1,61.1%,0.254237294197083
Cc1cc(SCC(=O)N/N=C/c2ccc(O)c(O)c2O)c(C)cc1Br,0,MHXNCTXMKNIAOZ-FBCYGCLPSA-N,MHXNCTXMKNIAOZ,PubChem,135490251,,kav_test.csv,0,52.6%,0.254237294197083
Cc1ccn(CC(=O)N2CCN(c3sc(C(F)(F)F)nc3-c3cnc(C(F)(F)F)nc3)C[C@@H]2CCO)n1,1,NTFKMMZGMLEXET-AWEZNQCLSA-N,NTFKMMZGMLEXET,PubChem,145440630,36883854,kav_test.csv,0,56.3%,0.255102038383484
CC(C)=N/N=c1\[nH]c(-c2ccccc2)cs1,0,SIGXFKDDWLYFHN-UHFFFAOYSA-N,SIGXFKDDWLYFHN,PubChem,5150870,,kav_test.csv,0,60.6%,0.25806450843811
S=c1nc[nH]c2scc(-c3ccc(Br)cc3)c12,1,YHAFHQXSBPFUKB-UHFFFAOYSA-N,YHAFHQXSBPFUKB,PubChem,725238,,kav_test.csv,0,54.6%,0.25806450843811
COC(=O)CN1C(=O)[C@H]2[C@@H](c3ccc(C)o3)N3C(=O)CN(CCO)C(=O)[C@@]3(C)[C@H]2C1=O,0,JTHLFOPSFLRFBQ-AXHMDWHKSA-N,JTHLFOPSFLRFBQ,PubChem,23731325,,kav_test.csv,0,69.5%,0.25842696428299
Cc1c/c(=N/c2ccc3c(c2)c(N)cc(C)[n+]3C)nc(N)n1C,1,KMJWBVJQFGRCEB-UHFFFAOYSA-O,KMJWBVJQFGRCEB,PubChem,122993,,kav_test.csv,1,52.2%,0.25862067937851
C=C1/C(=C\C=C2/CCC[C@@]3(C)[C@H]2CC[C@@H]3[C@H](C)CCCC(C)(C)O)C[C@@H](O)C[C@@H]1O,0,GMRQFYUYWCNGIN-NKMMMXOESA-N,GMRQFYUYWCNGIN,PubChem,5280453,,eval_set_herg_70.csv,0,81.6%,0.259259253740311
COC(=O)c1c(NC(=O)C[C@H]2Sc3ccc(C(F)(F)F)cc3NC2=O)sc(C)c1C,0,KXQMCEUATLEIRD-CYBMUJFWSA-N,KXQMCEUATLEIRD,PubChem,3794158,,kav_test.csv,1,52.6%,0.259740263223648
CN=C=S,0,LGDSHSYDSCRFAB-UHFFFAOYSA-N,LGDSHSYDSCRFAB,PubChem,11167,,kav_test.csv,0,75.6%,0.260869562625885
CCN1C[C@]2(COC)CCC(O)[C@]34C5C[C@]6(O)C(OC)C(O)[C@@](OC(=O)c7ccc(OC)c(OC)c7)(C5[C@H]6O)[C@H](C13)[C@H](OC)C24,0,CQEJOMCUMORDJA-IGMYMOLDSA-N,CQEJOMCUMORDJA,"Didziapetris et al., 2016",,,eval_set_herg_60.csv,0,64.9%,0.262135922908783
CSc1cccc(N2C[C@H](C(=O)NCCN3C(=O)S/C(=C\c4cccnc4)C3=O)CC2=O)c1,0,BNJQKZDJELTZGU-DZGUVLCISA-N,BNJQKZDJELTZGU,PubChem,24979400,,kav_test.csv,0,56.5%,0.262135922908783
CCCn1c(=O)n(C)c(=O)c2c(=S)[nH]c(C(C)(C)C)nc21,1,JDVUKNWVXXVUPM-UHFFFAOYSA-N,JDVUKNWVXXVUPM,PubChem,2450201,,kav_test.csv,0,66.4%,0.262295067310333
CCCCn1c(N)c(N(CCOC)C(=O)CCCn2c(=O)oc3ccccc32)c(=O)[nH]c1=O,0,PTZXQTNLUIGKBM-UHFFFAOYSA-N,PTZXQTNLUIGKBM,PubChem,25163393,,kav_test.csv,0,56.9%,0.262499988079071
CC(C)CC(C)(N)COc1cnc(-c2ccnc(C(F)F)c2)cc1C(F)F,1,HVHRHDHQHUAOQI-UHFFFAOYSA-N,HVHRHDHQHUAOQI,CUPID,CUPID,,kav_test.csv,1,53.2%,0.262499988079071
Cc1c(CN(C)C(=O)c2ccc(Br)o2)cnn1C,0,UCGLXXLRYCQMMA-UHFFFAOYSA-N,UCGLXXLRYCQMMA,PubChem,844714,,kav_test.csv,1,54.8%,0.263157904148102
CCCCn1c(N)c(NCCC(C)C)c(O)nc1=O,0,MYVXAFZUGGZIAF-UHFFFAOYSA-N,MYVXAFZUGGZIAF,PubChem,2341172,,kav_test.csv,0,68.1%,0.263157904148102
N#CC(C#N)=C1C=CC=CN1/C(=C\c1ccco1)C(=O)c1ccc(Cl)cc1,1,SEGOWRUWFNZQGT-NDENLUEZSA-N,SEGOWRUWFNZQGT,PubChem,5806576,,kav_test.csv,1,56.6%,0.263157904148102
CC(C)[C@@H]1C(=O)N(Cc2cn(Cc3ccco3)nn2)CCS(=O)(=O)N1Cc1ccc(-c2ccncc2)cc1,0,OSKJLCWBHYNNSU-AREMUKBSSA-N,OSKJLCWBHYNNSU,PubChem,46902997,,kav_test.csv,1,51.4%,0.263157904148102
c1coc(-c2ccnc(-n3cccc3)n2)c1,0,RNRUXSMPKQHGOL-UHFFFAOYSA-N,RNRUXSMPKQHGOL,PubChem,1481666,,kav_test.csv,0,58.7%,0.264150947332382
CC(C)CCNC(=O)c1onc(CSc2ccncc2)c1C(=O)NCCC(C)C,0,VNZLZGOHHCLHTL-UHFFFAOYSA-N,VNZLZGOHHCLHTL,PubChem,16682128,,kav_test.csv,1,55.4%,0.264150947332382
CC(=O)O[C@@H]1[C@H](N2CCCCC2)c2c(ccc(/C=C/C(=O)N3CCCCC3)c2O)OC1(C)C,0,FRDWBYRDTKNHAO-CQUZACSDSA-N,FRDWBYRDTKNHAO,PubChem,5750686,,kav_test.csv,0,54.8%,0.264367818832397
C=C[C@H]1C[C@]1(NC(=O)[C@@H]1C[C@@H]2CN1C(=O)[C@H](C(C)(C)C)NC(=O)OCCCC=Cc1ccc3ccnc(c3c1)O2)C(=O)NS(=O)(=O)C1CC1,0,WSIXKAHFCWLWHX-NHWGVUCVSA-N,WSIXKAHFCWLWHX,"Doddareddy et al., 2010",,,eval_set_herg_60.csv,0,54.4%,0.264900654554367
CC1=C(C(=O)OC[C@H]2CCCO2)[C@H](c2ccsc2)C2=C(O)CC(C)(C)C=C2N1,0,ZMFUMFNMHWZRFG-BEFAXECRSA-N,ZMFUMFNMHWZRFG,PubChem,2872705,,kav_test.csv,0,57.3%,0.265060245990753
CC(C)[C@H](NC(=O)OC(C)(C)C)c1nnc(SCC(=O)Nc2ccc(Br)cc2)o1,0,WPWJXQYRFIKQJT-HNNXBMFYSA-N,WPWJXQYRFIKQJT,PubChem,662310,,kav_test.csv,1,51.2%,0.265306115150452
COc1cc([C@@H]2C(C#N)=C(N)Oc3n[nH]c(-c4ccccn4)c32)cc(OC)c1OC,0,FSOCYNUFLUAOHV-MRXNPFEDSA-N,FSOCYNUFLUAOHV,PubChem,3236045,,kav_test.csv,0,57.1%,0.265822798013687
Cc1ccc(NC(=O)CN2C(=O)S/C(=C\c3cccn3-c3cccc(C(=O)O)c3)C2=O)c(C)c1,1,TYNCKJHZTHKMLM-BKUYFWCQSA-N,TYNCKJHZTHKMLM,PubChem,11839290,,kav_test.csv,0,51.5%,0.265957444906235
CCCNC(=O)c1oc2ccc3c(c2c1C)[C@H](O)CC(C)(C)O3,0,QNDIEWROODTTBC-LLVKDONJSA-N,QNDIEWROODTTBC,PubChem,20916474,,kav_test.csv,0,59.0%,0.266666680574417
FC(F)c1nnc2c(Cl)cc(C(F)(F)F)cn12,1,PLNGYKCXIDVVRW-UHFFFAOYSA-N,PLNGYKCXIDVVRW,PubChem,1489122,,kav_test.csv,0,56.4%,0.266666680574417
Cc1c(C)c(C)c(/C=[N+](/C)[O-])c(C)c1C,0,AIAKNHJNHSNETH-AUWJEWJLSA-N,AIAKNHJNHSNETH,PubChem,9497288,,kav_test.csv,0,72.6%,0.266666680574417
CC(C)OC=O,0,RMOUBSOVHSONPZ-UHFFFAOYSA-N,RMOUBSOVHSONPZ,PubChem,12257,,kav_test.csv,0,80.2%,0.266666680574417
C/C1=C\[C@H](C)C[C@H](C)OC(=O)C[C@H](c2ccc(O)cc2)NC(=O)[C@@H](Cc2c(Br)[nH]c3ccccc23)N(C)C(=O)[C@H](C)NC(=O)[C@H](C)C1,0,GQWYWHOHRVVHAP-HZIRKPFGSA-N,GQWYWHOHRVVHAP,"Didziapetris et al., 2016",,,eval_set_herg_60.csv,1,59.9%,0.266666680574417
N#Cc1cccc2c1C=Cc1ncc(N3CCCCC3)cc1[C@@H]2O,1,JWCSZYROKFVMOU-HXUWFJFHSA-N,JWCSZYROKFVMOU,PubChem,10313748,19648007,kav_test.csv,1,51.5%,0.267605632543564
N#Cc1cccc2c1C=Cc1ncc(N3CCCCCC3)cc1[C@@H]2O,1,XAKRAMKPUKOQFY-OAQYLSRUSA-N,XAKRAMKPUKOQFY,PubChem,10471901,19648007,kav_test.csv,1,61.7%,0.267605632543564
O=C(O)c1cccc(N2C(=S)N=C(Nc3ccccc3)C23CCCCC3)c1,0,XJSDIYGWAFKVCU-UHFFFAOYSA-N,XJSDIYGWAFKVCU,PubChem,1202013,,kav_test.csv,0,55.5%,0.267857134342194
Cc1cc2nc3n(c2cc1C)C[C@H]1C[C@H](C(=O)NCCC(C)C)N(C)[C@@H]31,0,DYGXQRQTIDQEEG-ATZDWAIDSA-N,DYGXQRQTIDQEEG,PubChem,23640974,,kav_test.csv,1,51.0%,0.26829269528389
Oc1c(Br)cc(Br)cc1/C=N/c1ccc2[nH]ncc2c1,1,PVDFUUOBJHKMRT-UBKPWBPPSA-N,PVDFUUOBJHKMRT,PubChem,1087466,,kav_test.csv,0,50.2%,0.268656730651855
CC(C)Cn1c(N)c(-c2nc(C(C)C)c(C(=O)c3ccccc3F)s2)c(=O)n(C)c1=O,0,FJXPYEDWHISJSA-UHFFFAOYSA-N,FJXPYEDWHISJSA,PubChem,2100921,,kav_test.csv,0,53.5%,0.268817216157913
Cc1ccc(C)c(NC(=O)CCNC(=O)N2C[C@H]3C[C@@H](C2)c2cccc(=O)n2C3)c1,0,FHFGOYBCCNYCBA-MSOLQXFVSA-N,FHFGOYBCCNYCBA,PubChem,1750446,,kav_test.csv,1,54.0%,0.269662916660309
O=C1N=C(O)/C(=C\c2ccc(N3CCCCC3)o2)C(=O)N1c1ccc2c(c1)OCO2,0,UTOWQUZMHXAQNL-RVDMUPIBSA-N,UTOWQUZMHXAQNL,PubChem,1976948,,kav_test.csv,0,55.4%,0.269662916660309
C#CCNC(=O)C1=C[C@@H](c2ccc(Br)cc2)C[C@@H](OCCCCO)O1,0,MZEVHPWCZKMRKU-QAPCUYQASA-N,MZEVHPWCZKMRKU,PubChem,16197142,,kav_test.csv,0,51.5%,0.269662916660309
Cc1ccc2c(c1)NC(=O)[C@@]1(C)[C@@H](c3ccccc3)[C@H]3COc4ccccc4[C@@H]3N1C2=O,0,VGMIFHXFRKOEND-MBPYSEENSA-N,VGMIFHXFRKOEND,PubChem,25102755,,kav_test.csv,1,58.4%,0.269662916660309
CC(C)(C)C1CCC(=NNC(=O)c2ccccc2-n2cccc2)CC1,0,YCSUPEIWSHATCP-UHFFFAOYSA-N,YCSUPEIWSHATCP,PubChem,4521335,,kav_test.csv,1,60.2%,0.269841283559799
CN1C[C@@H]2[C@@H](c3ccc(Cl)nc3)[C@]3(c4ccccc4)C[C@]2(C3)[C@@H]1c1ccccc1,0,XILORIGEVHNAMQ-XDXGNBCUSA-N,XILORIGEVHNAMQ,PubChem,11949172,,kav_test.csv,1,73.1%,0.269841283559799
CCc1cc2c(=O)c(-c3cscn3)coc2cc1O,0,SKYWLACZIYMUCG-UHFFFAOYSA-N,SKYWLACZIYMUCG,PubChem,5389037,,kav_test.csv,1,56.3%,0.269841283559799
CC(/C=C1\SC(=S)N(c2ccc(C(=O)O)cc2)C1=O)=C\c1ccccc1,1,RDOICLHGZLWRBO-YMGXUNRSSA-N,RDOICLHGZLWRBO,PubChem,1608030,,kav_test.csv,0,53.2%,0.269841283559799
Fc1cnn(Cc2c(F)ccc3c2CCC3c2ncc[nH]2)c1,1,WPBINAIKMINNER-UHFFFAOYSA-N,WPBINAIKMINNER,"Didziapetris et al., 2016",,,eval_set_herg_60.csv,1,63.5%,0.270270258188248
O=[P@]1(Oc2ccccc2)OCCCS1,0,FGWCOYFJDUWMFN-CYBMUJFWSA-N,FGWCOYFJDUWMFN,PubChem,1898386,,kav_test.csv,0,81.1%,0.270270258188248
Cc1cc(/C=C2/C(=O)N(C)C(=S)N2C)c(C)n1C1CC1,0,JXIHJHXQVDFVFD-JYRVWZFOSA-N,JXIHJHXQVDFVFD,PubChem,900431,,kav_test.csv,0,53.6%,0.270270258188248
CC[C@@]12C(=O)N(c3cccc(F)c3)C(=O)N1[C@H](c1ccc(Br)cc1)[C@@H]1C(=O)N(C(C)(C)C)C(=O)[C@@H]12,0,KNQFHAQOXATFON-QIRMHMFVSA-N,KNQFHAQOXATFON,PubChem,23640964,,kav_test.csv,0,50.6%,0.270588248968124
CC(C)C[C@H]1CN([C@@H](CC(C)C)CN2CCC[C@@H]2CN2C(=S)NC[C@@H]2Cc2ccc(O)cc2)C(=S)N1CC1CCCCCC1,0,WNPHLDLXBWNIPR-GJBCSVNNSA-N,WNPHLDLXBWNIPR,PubChem,45280950,,kav_test.csv,1,59.6%,0.270588248968124
O=C(O)C[C@@H]1CCC(=C(Cl)Cl)C1,0,NGHNFRFGKLOIMG-RXMQYKEDSA-N,NGHNFRFGKLOIMG,PubChem,649064,,kav_test.csv,0,76.4%,0.27118644118309
COCc1cc([S@](=O)c2ccc(Cl)cc2)nc(C)n1,0,ADJIMOHBRADXIH-LJQANCHMSA-N,ADJIMOHBRADXIH,PubChem,1476806,,kav_test.csv,0,51.8%,0.27118644118309
N#CC1=C(N)Oc2c(c(=O)oc3ccccc23)[C@@H]1c1cccnc1,1,FJYAQUOTZFKJKE-CQSZACIVSA-N,FJYAQUOTZFKJKE,PubChem,648004,,kav_test.csv,0,50.2%,0.27118644118309
Cc1ccc2cc(CN(C(=O)c3ccco3)c3ccccc3)c(=O)[nH]c2c1,0,GVLPPLYACLUDJH-UHFFFAOYSA-N,GVLPPLYACLUDJH,PubChem,662245,,kav_test.csv,1,58.7%,0.27142858505249
CCOC(=O)/C=C1\SCC(=O)N1CC(=O)NC1CCCCC1,0,GFZXJBAPBCMKNN-ZSOIEALJSA-N,GFZXJBAPBCMKNN,PubChem,2695328,,kav_test.csv,0,67.9%,0.27142858505249
COc1ccc(N2/C(=N/C(=O)C3CC3)S[C@H]3CS(=O)(=O)C[C@H]32)cc1Cl,0,FKEMSVVLGAYSFN-JSYSADPWSA-N,FKEMSVVLGAYSFN,PubChem,4911313,,kav_test.csv,0,51.1%,0.271604925394058
C[C@@H]1CN(c2sc(C(F)(F)F)nc2-c2cnc(C(F)(F)F)nc2)CCN1C(=O)Cn1cnc(C(C)(C)C)n1,1,GHQQXFVYIYQRDG-GFCCVEGCSA-N,GHQQXFVYIYQRDG,PubChem,121485368,36883854,kav_test.csv,1,50.3%,0.27173912525177
N#CC(=C\c1ccc(-c2ccccc2[N+](=O)[O-])o1)/C(O)=N/c1nc(-c2cccs2)cs1,1,WJEGUJCOTMRGFR-JLHYYAGUSA-N,WJEGUJCOTMRGFR,PubChem,2328885,,kav_test.csv,1,53.8%,0.272727280855179
CCOCCCN(C)C1CCN(S(=O)(=O)c2csc(C(N)=O)c2)CC1,0,GSMKCMGBJGWMEH-UHFFFAOYSA-N,GSMKCMGBJGWMEH,PubChem,20937292,,kav_test.csv,0,64.2%,0.272727280855179
O=C1C=CC[C@@H]2[C@H]3CCCN4CCC[C@@H](CN12)[C@@H]34,0,AAGFPTSOPGCENQ-JLNYLFASSA-N,AAGFPTSOPGCENQ,"Didziapetris et al., 2016",,,eval_set_herg_60.csv,0,75.9%,0.272727280855179
Cc1cc(Cl)cc(Br)c1OCCCN1C(=O)NC(C)(C)C1=O,0,ONMCTLPHPVCUBU-UHFFFAOYSA-N,ONMCTLPHPVCUBU,PubChem,2215854,,kav_test.csv,0,57.1%,0.272727280855179
CCc1ccc(NC(=O)C[S@](=O)CC(=O)NC[C@@H]2OCCc3ccccc32)cc1,0,SWYHBYWDWIYXPS-AFJIDDCJSA-N,SWYHBYWDWIYXPS,PubChem,646035,,kav_test.csv,1,52.3%,0.272727280855179
CN(C)CCN1C[C@H](C(=O)O)CC1=O,0,YLZBIUIUXVYRRQ-SSDOTTSWSA-N,YLZBIUIUXVYRRQ,PubChem,654521,,kav_test.csv,0,79.0%,0.272727280855179
CC(=O)N1CCn2c3c(c4cc(C)ccc42)CCC[C@H]31,0,TVYGDDMZPBKRPM-MRXNPFEDSA-N,TVYGDDMZPBKRPM,PubChem,2829167,,kav_test.csv,1,51.8%,0.272727280855179
Cc1coc2c1C(=O)C(=O)c1c-2ccc2c1CCCC2(C)C,0,HYXITZLLTYIPOF-UHFFFAOYSA-N,HYXITZLLTYIPOF,"Didziapetris et al., 2016",,,eval_set_herg_60.csv,0,55.4%,0.272727280855179
N#C/C(=C\Nc1ccc2cn[nH]c2c1)c1nc(-c2ccccc2)cs1,0,LYUYEVBJISQBJB-XNTDXEJSSA-N,LYUYEVBJISQBJB,PubChem,1934348,,kav_test.csv,1,58.0%,0.272727280855179
CCOc1ccc(C(C)=O)cc1CC1C(=O)NC(=S)NC1=O,0,CZHBDLOEOFHPRM-UHFFFAOYSA-N,CZHBDLOEOFHPRM,PubChem,684593,,kav_test.csv,0,57.9%,0.273809522390366
COc1cc(O)c(C(=O)Nc2nc(C(=O)N(CCN(C(C)C)C(C)C)C(=O)c3cscn3)cs2)cc1OC,0,GBNIPMMBTXPOHB-UHFFFAOYSA-N,GBNIPMMBTXPOHB,"Didziapetris et al., 2016",,,eval_set_herg_60.csv,0,50.5%,0.273972600698471
c1ccc(-c2nc3nc4ccccc4nc3n2Cc2ccco2)cc1,0,CAHGAIITDRJNTB-UHFFFAOYSA-N,CAHGAIITDRJNTB,PubChem,661942,,kav_test.csv,1,62.8%,0.273972600698471
C=CCn1c(COc2ccccc2F)nnc1SCCN1C(=O)c2ccccc2C1=O,0,ZHJGVOUQDIXEKR-UHFFFAOYSA-N,ZHJGVOUQDIXEKR,PubChem,2529114,,kav_test.csv,0,55.2%,0.273972600698471
Cc1ccc(C(=O)O/N=C(\N)c2ccc(Br)cc2)cc1C,1,LDEQWNMZRYQTAB-UHFFFAOYSA-N,LDEQWNMZRYQTAB,PubChem,9550052,,kav_test.csv,1,51.8%,0.274193555116653
Oc1ccc(Cl)cc1C1=NN[C@@H](c2cccs2)C1,1,AHIZOMCHRPASHW-LLVKDONJSA-N,AHIZOMCHRPASHW,PubChem,3389832,,kav_test.csv,0,53.3%,0.274193555116653
O=C(NCCCl)[C@H]1Cc2c(ccc3ccccc23)O1,0,NVHBUVISLQXQMY-CQSZACIVSA-N,NVHBUVISLQXQMY,PubChem,3472985,,kav_test.csv,0,52.1%,0.274509817361832
CC(=O)c1cc2c(cc1NC(=O)CCCC(=O)O)OCO2,0,ALVHBXNJMJLRQZ-UHFFFAOYSA-N,ALVHBXNJMJLRQZ,PubChem,842004,,kav_test.csv,0,67.6%,0.274509817361832
CN/C(=N\C#N)NCCSCc1nc[nH]c1C,0,AQIXAKUUQRKLND-UHFFFAOYSA-N,AQIXAKUUQRKLND,"Didziapetris et al., 2016",,,eval_set_herg_60.csv,0,62.9%,0.275862067937851
Cc1ccc(S(=O)(=O)CCC(=O)O[C@H](C)C(=O)c2c(C)[nH]c3ccccc23)cc1,0,PCFAEGLDXSKNBF-MRXNPFEDSA-N,PCFAEGLDXSKNBF,PubChem,4259186,,kav_test.csv,0,56.9%,0.276315778493881
N[C@@H]1CC[C@@]2(CN=C(N3CCc4ccccc4[C@@H]3c3ccc(F)cc3)O2)C1,1,SLQDPMUDTLRKND-CBQOVEMMSA-N,SLQDPMUDTLRKND,PubChem,156297055,36368496,kav_test.csv,1,72.1%,0.276315778493881
C[C@]1(C(=O)NNC(=S)NC[C@H]2CCCO2)CC1(Cl)Cl,0,ZUIZJYQOZTUDAN-GMSGAONNSA-N,ZUIZJYQOZTUDAN,PubChem,2955428,,kav_test.csv,0,69.1%,0.276315778493881
CCc1ccc(C2=C/C(=C/c3cccnc3)C(=O)O2)cc1,0,WGGCMPMKURTQTJ-YBEGLDIGSA-N,WGGCMPMKURTQTJ,PubChem,1722957,,kav_test.csv,1,51.4%,0.276595741510391
CC(=O)c1cnc(Nc2nc(C)c3cc(C)c(C)cc3n2)nc1C,1,GGOBEHBONSQGEV-UHFFFAOYSA-N,GGOBEHBONSQGEV,PubChem,942701,,kav_test.csv,1,55.1%,0.276923090219498
CCCCN1C(=O)[C@@H](CC(=O)NCc2cccc3ccccc23)CC(C(=O)N(C)C)=C1C,1,RLRMIRLWOZZCPK-OAQYLSRUSA-N,RLRMIRLWOZZCPK,PubChem,46902853,,kav_test.csv,1,52.2%,0.276923090219498
CCCCc1cc(=O)oc2cc(C)cc(OCC(=O)N3C[C@H]4C[C@@H](C3)c3cccc(=O)n3C4)c12,0,RCHIKMXYFFYNTC-QUCCMNQESA-N,RCHIKMXYFFYNTC,PubChem,16406768,,kav_test.csv,1,55.8%,0.277108430862427
CCn1c(S[C@H](C)C(=O)O)nc2sc3c(c2c1=O)CCC3,1,BWDMSMJXEZXAPE-SSDOTTSWSA-N,BWDMSMJXEZXAPE,PubChem,658014,,kav_test.csv,0,59.3%,0.277108430862427
CCNC(=O)CCSc1nnc(-c2ccncc2)o1,0,SFHSHRYNGYOFGE-UHFFFAOYSA-N,SFHSHRYNGYOFGE,PubChem,851274,,kav_test.csv,0,60.4%,0.277777791023254
Cc1ccc(C(=O)COC(=O)CN2C(=O)[C@@H]3[C@@H]4CC[C@@H](C4)[C@@H]3C2=O)cc1C,0,CZFRBNRMYDNMLM-FDCRZUCXSA-N,CZFRBNRMYDNMLM,PubChem,4083880,,kav_test.csv,0,53.4%,0.277777791023254
Cc1ccc(S(=O)(=O)/N=C2/C=C(C3=C(O)CC(C)(C)CC3=O)C(=O)c3ccccc32)cc1,0,AKTNFQUNCDCLGF-QOMWVZHYSA-N,AKTNFQUNCDCLGF,PubChem,5440971,,kav_test.csv,0,54.0%,0.277777791023254
Cc1ccccc1-n1nnnc1Sc1nnnn1-c1ccccc1,0,NSQKAUNDMZCXQV-UHFFFAOYSA-N,NSQKAUNDMZCXQV,PubChem,4885033,,kav_test.csv,0,50.0%,0.277777791023254
COc1ccc(N(CC(=O)NCCSCc2ccco2)S(=O)(=O)c2ccccc2)cc1OC,0,TVTSBOYYILDJMH-UHFFFAOYSA-N,TVTSBOYYILDJMH,PubChem,2914172,,kav_test.csv,1,54.1%,0.278481006622314
C=CCOC(=O)[C@H]1C(=O)C[C@@](C)(O)[C@H](C(=O)OCC=C)[C@H]1c1ccc(N(C)C)cc1,0,XMTUKCOKLQMUHG-IHFIDZABSA-N,XMTUKCOKLQMUHG,PubChem,4244347,,kav_test.csv,0,64.0%,0.2786885201931
Cc1ccccc1Oc1ccc2c(c1)[C@@H]1C[C@H](N(C)C(=O)NC3CCCCC3)[C@H]([C@H](C)O)C(=O)N1CC2,0,UXICQDYJEQBMTQ-LKBBJFEPSA-N,UXICQDYJEQBMTQ,PubChem,44825944,,kav_test.csv,1,61.8%,0.278846144676209
COc1cc(C[C@@H](NC(C)=O)C(=O)NC2CCN(c3c4c(nc5ncnn35)CCC4)CC2)cc(OC)c1,0,QVADQTHGKSZEFV-HSZRJFAPSA-N,QVADQTHGKSZEFV,PubChem,3232485,,kav_test.csv,1,51.3%,0.279069781303406
Clc1cccc(Cl)c1CSc1nnc2ccccn12,0,RVNLFMZPAGBSNC-UHFFFAOYSA-N,RVNLFMZPAGBSNC,PubChem,2622703,,kav_test.csv,0,50.8%,0.279069781303406
NS(=O)(=O)c1ccc(N/N=C/c2cn(-c3ccccc3)nc2-c2ccccc2)c([N+](=O)[O-])c1,0,PWDPAXJOJLOALK-ZVHZXABRSA-N,PWDPAXJOJLOALK,PubChem,9667104,,kav_test.csv,1,56.0%,0.279411762952805
COC(=O)C1=C(c2ccc(-c3ccccc3)c(F)c2)C[C@@H]2CC[C@H]1N2C(=O)NCCO,0,TYUFBECRRDMEDQ-LAUBAEHRSA-N,TYUFBECRRDMEDQ,PubChem,44143864,,kav_test.csv,0,59.5%,0.279411762952805
CN1C(=O)[C@@]2(c3ccccc31)c1c(oc3ccccc3c1=O)C(=O)N2CCO,0,RTMKTOMBCOTABA-OAQYLSRUSA-N,RTMKTOMBCOTABA,PubChem,3536892,,kav_test.csv,0,53.7%,0.279411762952805
Cc1cccc([C@]2(CN)[C@@H]3CN(c4cnc5c(-c6ccc7nn(C)cc7c6Cl)[nH]nc5n4)C[C@@H]32)n1,1,WJALGVISRRVDHM-MSQBMUPWSA-N,WJALGVISRRVDHM,PubChem,170430953,37197453,kav_test.csv,1,57.2%,0.280000001192093
O=C1N=c2ccccc2=[N+]1CCC[NH+]1CCC([N+]2=c3ccc(Cl)cc3=NC2=O)CC1,1,FFWLPSTYHBXBAE-UHFFFAOYSA-O,FFWLPSTYHBXBAE,"Konda et al., 2019",,,eval_set_herg_60.csv,1,68.6%,0.280000001192093
CCN(C(=O)CCS(=O)(=O)c1ccc2c(c1)oc(=O)n2C)c1ccc(OC)cc1,0,ODOOJXJBCWXHIR-UHFFFAOYSA-N,ODOOJXJBCWXHIR,PubChem,16024552,,kav_test.csv,0,61.9%,0.280000001192093
Cc1ccc(S(=O)(=O)N2[C@@H](c3ccc(Cl)cc3)C(C(=O)O)=CC[C@H]2c2cccc(C)c2)cc1,0,XHMCZCORZMBXGX-DQEYMECFSA-N,XHMCZCORZMBXGX,PubChem,25102744,,kav_test.csv,1,56.4%,0.280487805604935
Cc1cc(C)cc(OCC(=O)/N=C2\NCCS2)c1,0,YFKMJXRRLCZZPY-UHFFFAOYSA-N,YFKMJXRRLCZZPY,PubChem,801462,,kav_test.csv,0,51.8%,0.280701756477356
c1ccc2c(c1)COc1c3ncccc3nn1-2,0,UKNGZCWWROBLQU-UHFFFAOYSA-N,UKNGZCWWROBLQU,PubChem,46904962,,kav_test.csv,0,60.4%,0.280701756477356
CCCCCCCc1c(O)nc(SCCN(C)C)[nH]c1=O,0,OJTBXBHJBYZDIZ-UHFFFAOYSA-N,OJTBXBHJBYZDIZ,PubChem,16682155,,kav_test.csv,0,64.6%,0.280701756477356
CSc1ncccc1C(=O)OCC(=O)N(CC(C)C)c1c(N)n(Cc2ccccc2)c(=O)[nH]c1=O,0,UZXDXAMYISTAEK-UHFFFAOYSA-N,UZXDXAMYISTAEK,PubChem,24819798,,kav_test.csv,0,54.9%,0.281553387641907
Cc1ccc(-c2nnn(CC(=O)N(C[C@H]3CCCO3)[C@@H](C(=O)NC3CCCC3)c3ccc(F)cc3)n2)o1,0,PRHNDIIFUQLEKH-ZJSXRUAMSA-N,PRHNDIIFUQLEKH,PubChem,3174716,,kav_test.csv,0,50.7%,0.281553387641907
Cc1cc(OCc2nn[nH]n2)c2c3c(c(=O)oc2c1)CCCC3,0,TVPKALLWKKKSBI-UHFFFAOYSA-N,TVPKALLWKKKSBI,PubChem,665992,,kav_test.csv,0,55.1%,0.281690150499344
COC(=O)c1cc(COC(=O)c2ccc3ccccc3n2)oc1C,0,YHEASMSYCBJLMI-UHFFFAOYSA-N,YHEASMSYCBJLMI,PubChem,2099355,,kav_test.csv,0,57.0%,0.281690150499344
Cc1c(Cc2ccccc2)sc(/N=C/c2ccc3ccccc3c2)c1C(N)=O,0,GEAGDHRIXNWKKF-CVKSISIWSA-N,GEAGDHRIXNWKKF,PubChem,9593558,,kav_test.csv,1,56.0%,0.281690150499344
C/C=C(\C)C(=O)NCCN1C2=NC[C@H](Cc3ccccc3)N2C[C@H]1Cc1ccc(O)cc1,0,CFESMTKAFGQIKE-MZEMYVJWSA-N,CFESMTKAFGQIKE,PubChem,16195682,,kav_test.csv,1,58.9%,0.282051295042038
CC(C)(C)NC(=S)NCc1ccncc1,0,BKTLPDABOIZVJT-UHFFFAOYSA-N,BKTLPDABOIZVJT,PubChem,3537256,,kav_test.csv,0,61.8%,0.282051295042038
N#Cc1c(N)c(C(=O)c2ccccc2)n2c1CCC2,0,FBXJWKUKZNYWEE-UHFFFAOYSA-N,FBXJWKUKZNYWEE,PubChem,741280,,kav_test.csv,0,59.9%,0.282608687877655
Cc1[nH]nc(-c2ccc(O)c(C)c2O)c1Oc1ccccc1,0,HXVFRQYCTJRNBG-UHFFFAOYSA-N,HXVFRQYCTJRNBG,PubChem,764670,,kav_test.csv,1,53.9%,0.282608687877655
Cc1nc(NC(C)c2cccc(C(F)F)c2F)c2cc3c(cc2n1)OCC1CN(C(=O)C2CCOC2)CCN31,1,HGHGNXYWUVTGMS-UHFFFAOYSA-N,HGHGNXYWUVTGMS,PubChem,CUPID,,kav_test.csv,1,64.7%,0.282608687877655
CC(C)Cn1c(=O)n(C)c(=O)c2nc[nH]c21,1,APIXJSLKIYYUKG-UHFFFAOYSA-N,APIXJSLKIYYUKG,"Konda et al., 2019",,,eval_set_herg_60.csv,0,61.8%,0.282608687877655
Cn1c(N)c(/N=N/c2ccc(S(N)(=O)=O)cc2)c(=O)n(C)c1=O,1,DXHQOEXYYLJONN-FOCLMDBBSA-N,DXHQOEXYYLJONN,PubChem,271063,,kav_test.csv,0,59.0%,0.283018857240677
O=C1c2ccccc2[C@]2(c3ccc(Cl)cc3)NCCN12,1,WUFFYAFXNGRHNO-MRXNPFEDSA-N,WUFFYAFXNGRHNO,PubChem,2999410,,kav_test.csv,1,52.7%,0.283333331346512
O=S(=O)(Nc1cccc(-c2ccc(N3CCCCCC3)nn2)c1)c1ccccc1F,0,BBRUSNBCZZVKHY-UHFFFAOYSA-N,BBRUSNBCZZVKHY,PubChem,16029076,,kav_test.csv,1,68.3%,0.283582091331482
CCOC(=O)CSc1n[nH]c(NC(=O)NC(C)C)n1,0,AZHYVTGHLXHBLX-UHFFFAOYSA-N,AZHYVTGHLXHBLX,PubChem,3768800,,kav_test.csv,0,69.5%,0.283582091331482
CC1=NN(c2ccccc2)C(=O)/C1=C/c1c(O)[nH]c(=S)[nH]c1=O,0,NWTASFROTWVQMI-JXMROGBWSA-N,NWTASFROTWVQMI,PubChem,135510995,,kav_test.csv,1,50.5%,0.283783793449402
Cc1[nH]nc2c1[C@H](c1ccsc1)C(C#N)=C(N)O2,0,MBKSCGSOCYPGBV-SNVBAGLBSA-N,MBKSCGSOCYPGBV,PubChem,3154734,,kav_test.csv,0,52.0%,0.283950626850128
COc1cccc2sc(Nc3nnc(-c4ccccc4Cl)o3)nc12,1,SQWSXISXTZNXPK-UHFFFAOYSA-N,SQWSXISXTZNXPK,PubChem,5310555,,kav_test.csv,1,58.8%,0.283950626850128
CCC(=O)N1CCc2cc(S(=O)(=O)CCC(=O)N3CCN(c4ccc(C(C)=O)cc4)CC3)ccc21,0,PWGHJFJORHZADV-UHFFFAOYSA-N,PWGHJFJORHZADV,PubChem,15990823,,kav_test.csv,0,57.1%,0.284090906381607
Cc1ccc([C@H]2C[C@@H](O)[C@H](n3cc(C4CC4)nn3)CN2CC2CCCCC2)cc1,0,QFKTVSIMNBHXAU-WXFUMESZSA-N,QFKTVSIMNBHXAU,PubChem,46902611,,kav_test.csv,1,69.0%,0.284210532903671
COCc1ncn(CC(=O)N2CCN(c3sc(C(F)(F)F)nc3-c3cnc(C(F)(F)F)nc3)CC2C)n1,1,LZZYJVMGDLEHFH-UHFFFAOYSA-N,LZZYJVMGDLEHFH,CUPID,CUPID,,kav_test.csv,0,53.7%,0.2843137383461
C/C=C(\C)C(=O)Nc1cccc(C2=NO[C@@]3(C2)C[C@H](C(N)=O)N(C(=O)C(c2ccccc2)c2ccccc2)C3)c1,0,DNQFBEJTLBDYIK-ORXYPAPZSA-N,DNQFBEJTLBDYIK,PubChem,16681921,,kav_test.csv,1,62.7%,0.28571429848671
C[C@H](CO)N1C[C@H](C)[C@@H](CN(C)Cc2ccc3c(c2)OCO3)OCc2cnnn2CCCC1=O,0,GOEWTOAFXZXQCM-YZZKKUAISA-N,GOEWTOAFXZXQCM,PubChem,44505210,,kav_test.csv,0,52.5%,0.28571429848671
COc1ccccc1NC(=O)[C@@H](C)n1cnc2c(oc3nc4c(cc32)CCCC4)c1=O,0,SZGIEQHEXMMNAU-CYBMUJFWSA-N,SZGIEQHEXMMNAU,PubChem,4891889,,kav_test.csv,1,51.3%,0.28571429848671
CC(C)Cn1c(N)c(C(=O)COC(=O)[C@@H]2CC(=O)N(Cc3ccccc3Cl)C2)c(=O)n(C)c1=O,0,DOFFVXZILVOGSF-OAHLLOKOSA-N,DOFFVXZILVOGSF,PubChem,4875429,,kav_test.csv,0,54.5%,0.28571429848671
O=C1[C@@H](Cc2ccccc2)S/C(=N/N=C/c2ccco2)N1c1ccccc1,0,WWJBBAVZMXDREP-IQRJPBLOSA-N,WWJBBAVZMXDREP,PubChem,5340239,,kav_test.csv,1,61.1%,0.28571429848671
O=c1ccc2cc(O)c(O)cc2o1,0,ILEDWLMCKZNDJK-UHFFFAOYSA-N,ILEDWLMCKZNDJK,PubChem,5281416,,kav_test.csv,1,53.0%,0.28571429848671
COc1ccc(Cl)cc1N1C(=O)/C(=C/c2sccc2C)N=C1SCC(=O)NC1CC1,0,JEKBQPQHBREVFS-GDNBJRDFSA-N,JEKBQPQHBREVFS,PubChem,44825343,,kav_test.csv,1,65.3%,0.28571429848671
CCn1c(COc2ccc(Cl)cc2)nnc1S[C@@H]1CCc2ccccc2C1=O,0,KNRDFPKLWOKZGA-GOSISDBHSA-N,KNRDFPKLWOKZGA,PubChem,3168536,,kav_test.csv,1,74.5%,0.28571429848671
C[C@@H]1CN(c2sc(C(F)(F)F)nc2-c2nc3ccccc3[nH]2)CCN1C(=O)Cn1cnc2cccnc21,1,ZXDZWWNBSQEKTQ-CQSZACIVSA-N,ZXDZWWNBSQEKTQ,PubChem,71679146,35969159,kav_test.csv,1,56.1%,0.28571429848671
Cc1nn2c(O)cc(C(C)(C)C)nc2c1-c1ccccc1,1,YKHYRTQNOMSHBV-UHFFFAOYSA-N,YKHYRTQNOMSHBV,PubChem,665720,,kav_test.csv,0,61.4%,0.28571429848671
Cc1ccc2[nH]c(=O)c(CN(Cc3cccnc3)Cc3nnnn3C[C@H]3CCCO3)cc2c1,0,YXANOUPCQVZBNH-OAQYLSRUSA-N,YXANOUPCQVZBNH,PubChem,3186189,,kav_test.csv,1,59.6%,0.28712871670723
Cc1ccc(Oc2nc3ccccn3c(=O)c2/C=C(\C#N)C(=O)N[C@@H]2CCS(=O)(=O)C2)cc1,0,KAGDBNLJVHYWND-NWNNTGRJSA-N,KAGDBNLJVHYWND,PubChem,5943296,,kav_test.csv,0,52.4%,0.287234038114548
O=C1N[C@H](Cc2ccc(O)cc2)c2nc3ccccc3c(=O)n2-c2ncccc21,0,ZMIAAKXFISUVOD-GOSISDBHSA-N,ZMIAAKXFISUVOD,PubChem,46904344,,kav_test.csv,0,53.2%,0.287356317043304
CC[C@@H](C)c1c(O)nc(SCC(=O)c2ccccc2)[nH]c1=O,0,AAVWRZDXNBQTSL-SNVBAGLBSA-N,AAVWRZDXNBQTSL,PubChem,2843982,,kav_test.csv,0,55.8%,0.287499994039536
COc1ccc(-n2cc(CN(C)[C@H](C)c3ccncn3)c(-c3cccc(F)c3)n2)cc1,0,FWCRHJYCKFZIAA-QGZVFWFLSA-N,FWCRHJYCKFZIAA,PubChem,16187255,,kav_test.csv,1,80.6%,0.287499994039536
CN1C(=O)[C@H]2[C@@H](c3ccc(C(F)(F)F)cc3)N[C@]3(CCCN(Cc4ccc(Br)cc4)C3=O)[C@H]2C1=O,0,RISSEPMNTWBCNG-DBYOASNMSA-N,RISSEPMNTWBCNG,PubChem,46904665,,kav_test.csv,1,70.2%,0.287499994039536
CCN(CC)CC[C@H](c1ccc(N(C)C)cc1)c1c(OC)cc(OC)c2c(-c3ccccc3)cc(=O)oc12,1,UPXQBLPCYIPMQK-RUZDIDTESA-N,UPXQBLPCYIPMQK,PubChem,16746409,,kav_test.csv,1,69.8%,0.287499994039536
CCc1ccc(-c2cc(C(=O)N/N=C/c3ccccn3)[nH]n2)cc1,0,KSTBYPZYRDPHJC-UDWIEESQSA-N,KSTBYPZYRDPHJC,PubChem,6869513,,kav_test.csv,1,53.6%,0.287671238183975
COc1ccccc1Nc1nnc(SC[C@H]2CCCCO2)s1,0,CYMXWYNXVNFQKH-LLVKDONJSA-N,CYMXWYNXVNFQKH,PubChem,16196311,,kav_test.csv,1,59.6%,0.287671238183975
Fc1ccc(C2c3ccccc3CCN2C2=NCC(C3CNC3)O2)cc1,1,GRNAPJNONDNEMN-UHFFFAOYSA-N,GRNAPJNONDNEMN,PubChem,CUPID,,kav_test.csv,1,76.6%,0.287671238183975
C=CCOc1c(Br)cc(CNn2nnnc2N)cc1OCC,0,OVOXVZUSFCTVLM-UHFFFAOYSA-N,OVOXVZUSFCTVLM,PubChem,2301774,,kav_test.csv,1,51.8%,0.287671238183975
Fc1ccc(-c2nnc(CSc3nnc(-c4cccs4)o3)o2)cc1,0,NQWDNKCLSUAXEH-UHFFFAOYSA-N,NQWDNKCLSUAXEH,PubChem,2563873,,kav_test.csv,0,50.4%,0.288135588169098
O=C(CCCN1C(=O)/C(=C/c2ccccc2)SC1=S)Nc1ccccc1O,0,RAMDEYBXJWGGCT-LGMDPLHJSA-N,RAMDEYBXJWGGCT,PubChem,1416927,,kav_test.csv,0,56.9%,0.288135588169098
Cc1cc(C)c2c(n1)nn1c(C3CC3)cc(C(F)(F)F)nc21,0,DQMKKWKIILIDNM-UHFFFAOYSA-N,DQMKKWKIILIDNM,PubChem,3245884,,kav_test.csv,1,51.6%,0.288135588169098
Cc1ccc(N[C@@H]2CC(=O)N(c3ccc(N4CCCCC4)cc3)C2=O)cc1,0,WTUGCHHKIDYYPT-HXUWFJFHSA-N,WTUGCHHKIDYYPT,PubChem,2973613,,kav_test.csv,1,65.3%,0.288135588169098
CNC(=O)c1c[nH]c2ccc(S(=O)(=O)Nc3cccc(SC)c3)cc2c1=O,0,BEMKOCUNPVTHAR-UHFFFAOYSA-N,BEMKOCUNPVTHAR,PubChem,20854303,,kav_test.csv,0,50.5%,0.2891566157341
O=C(O)Cc1ccc2c(c1)Cc1cccnc1O2,0,KFCLXFOOVXFBNL-UHFFFAOYSA-N,KFCLXFOOVXFBNL,PubChem,323005,,kav_test.csv,0,57.8%,0.2891566157341
C[C@@H]1CN(Cc2cc(=O)oc3cc(O)c(Cl)cc23)C[C@@H](C)O1,0,LZXNLEXDEHQBQT-NXEZZACHSA-N,LZXNLEXDEHQBQT,PubChem,16807630,,kav_test.csv,1,54.0%,0.289473682641983
Cc1cc(C)cc(OCc2cncc(-c3cc(C)cc(C)c3)c2N2CCC(N)CC2)c1,1,ZDQHFPUNJBKNAA-UHFFFAOYSA-N,ZDQHFPUNJBKNAA,PubChem,90070225,34626901,kav_test.csv,1,67.0%,0.289855062961578
CC(=O)Nc1nc(C)c(CCC2OCCO2)c(=O)[nH]1,0,HAIXCKFQYOPLRQ-UHFFFAOYSA-N,HAIXCKFQYOPLRQ,PubChem,135453997,,kav_test.csv,0,68.1%,0.289855062961578
CC1(C)Cc2c(ccc3ccccc23)C2=C(C(=O)N3CCCC3)C(=O)C(=O)N21,1,RXGBUQBDVWZDMM-UHFFFAOYSA-N,RXGBUQBDVWZDMM,PubChem,5026241,,kav_test.csv,0,52.6%,0.289855062961578
COC(=O)N[C@H](C(=O)N[C@@H](Cc1ccccc1)[C@@H](O)CN(Cc1ccc(-c2ccccn2)cc1)NC(=O)[C@@H](NC(=O)OC)C(C)(C)C)C(C)(C)C,1,AXRYRYVKAWYZBR-GASGPIRDSA-N,AXRYRYVKAWYZBR,"Didziapetris et al., 2016",,,eval_set_herg_60.csv,0,53.2%,0.28999999165535
Cc1[nH]c(=O)c(C#N)cc1-c1ccncc1,0,PZRHRDRVRGEVNW-UHFFFAOYSA-N,PZRHRDRVRGEVNW,"Didziapetris et al., 2016",,,eval_set_herg_60.csv,0,56.7%,0.290322571992874
CCCn1c(N)c(-c2nc(C3CC3)c(C(=O)c3ccc(F)cc3)s2)c(=O)n(C)c1=O,0,ILLHHXFCYYULFJ-UHFFFAOYSA-N,ILLHHXFCYYULFJ,PubChem,2123195,,kav_test.csv,0,50.1%,0.290322571992874
COc1ccc(-c2nn3c(=O)c(C)nnc3s2)cc1,0,OVZPEKSGFDRZRB-UHFFFAOYSA-N,OVZPEKSGFDRZRB,PubChem,8070202,,kav_test.csv,0,53.8%,0.290322571992874
CCc1cc2c(C)cc(=O)oc2cc1OC(=O)[C@H]1CCCN1C(=O)OC(C)(C)C,0,PEKSTCSHJJNYQZ-MRXNPFEDSA-N,PEKSTCSHJJNYQZ,PubChem,2999462,,kav_test.csv,0,51.7%,0.290697664022446
CCC(=O)N1CCc2cc(S(=O)(=O)N[C@@H](C(=O)Nc3cccc(C)n3)C(C)C)ccc21,0,KPXNGFNVPMHGRO-OAQYLSRUSA-N,KPXNGFNVPMHGRO,PubChem,3238392,,kav_test.csv,0,58.8%,0.290697664022446
CC(C)Oc1ccccc1[C@]1(O)C(N)=Nc2ccc(Cl)cc21,0,DFHFANKUDVSVRU-QGZVFWFLSA-N,DFHFANKUDVSVRU,"Didziapetris et al., 2016",,,eval_set_herg_60.csv,0,50.3%,0.290909081697464
COc1ccccc1[C@@H](C[N+](=O)[O-])c1c(N)n(C)c(=O)n(C)c1=O,0,RCJPUSOUOAULCR-SNVBAGLBSA-N,RCJPUSOUOAULCR,PubChem,2732574,,kav_test.csv,0,58.1%,0.290909081697464
CCn1c(CSc2nnc(-c3ccoc3C)n2C)nc2cc(S(=O)(=O)N(C)C)ccc21,1,LLOWTJTXNFUTQZ-UHFFFAOYSA-N,LLOWTJTXNFUTQZ,PubChem,2999984,,kav_test.csv,0,51.9%,0.291139245033264
Cc1noc(C)c1C(=O)OCC(=O)NCCc1ccc(S(N)(=O)=O)cc1,1,QTQNWJNKMBPTPC-UHFFFAOYSA-N,QTQNWJNKMBPTPC,PubChem,4846505,,kav_test.csv,0,63.0%,0.291139245033264
COC(=O)c1c(NC(=O)c2cccnc2Cl)sc(C(=O)N(C)C)c1C,0,PBVWWEHNUCDXHA-UHFFFAOYSA-N,PBVWWEHNUCDXHA,PubChem,1001392,,kav_test.csv,0,55.0%,0.291139245033264
COc1ccc(S(=O)(=O)N(C)C)cc1NCC(=O)Nc1ccc(Br)c(C)c1,0,HSFYVDXFQQBFHR-UHFFFAOYSA-N,HSFYVDXFQQBFHR,PubChem,4884058,,kav_test.csv,0,51.5%,0.291666656732559
CN1c2ccccc2C(=O)C(=C2SCCCS2)S1(=O)=O,0,KRYLYFHWMVBMOH-UHFFFAOYSA-N,KRYLYFHWMVBMOH,PubChem,2822489,,kav_test.csv,0,61.2%,0.291666656732559
Cn1/c(=N/C(=O)c2ccccc2NC(=O)C(C)(C)C)[nH]c2ccccc21,0,FXOKVFWLVUMPRO-UHFFFAOYSA-N,FXOKVFWLVUMPRO,PubChem,1076051,,kav_test.csv,0,51.7%,0.291666656732559
CNCC(O)(Cc1sc2c(=O)c(C(=O)NCc3ccc(Cl)cc3)cn(C)c2c1C)c1ccccn1,1,HVNXWVFYQJXVPW-UHFFFAOYSA-N,HVNXWVFYQJXVPW,"Doddareddy et al., 2010",,,eval_set_herg_70.csv,1,58.2%,0.291666656732559
Cc1onc(-c2ccc(F)cc2)c1COc1ccc2c(n1)CCN(C(=O)C1CCS(=O)(=O)CC1)C2,1,DDRXKTPRVSLWJP-UHFFFAOYSA-N,DDRXKTPRVSLWJP,PubChem,153553340,35584373,kav_test.csv,1,59.7%,0.291666656732559
COc1ccc(CN(CCN)[C@@H]2C[C@@H](C)N(C)C[C@H]2C)cc1,0,UAAWLEXGHZWUTA-IIDMSEBBSA-N,UAAWLEXGHZWUTA,PubChem,23724452,,kav_test.csv,1,57.0%,0.291666656732559
CCN(CC)S(=O)(=O)c1cccc(-c2nnc(SCc3nnc(-c4cccs4)o3)n2N)c1,0,JTJRAVGOIVSUDT-UHFFFAOYSA-N,JTJRAVGOIVSUDT,PubChem,2565152,,kav_test.csv,0,52.4%,0.291666656732559
C[C@@H]1CN([C@@H](C)CO)C(=O)CCCn2nncc2CO[C@H]1CN(C)C,0,PFQPPSPXSKCUPO-YCPHGPKFSA-N,PFQPPSPXSKCUPO,PubChem,44492063,,kav_test.csv,0,59.4%,0.292035400867462
O=C(Nc1nc(C(F)(F)F)n[nH]1)C1CC1,1,QJGJBPQNWUQFTG-UHFFFAOYSA-N,QJGJBPQNWUQFTG,PubChem,2427403,,kav_test.csv,0,62.5%,0.292307704687119
COc1ccc(N2C(=S)N=C(Nc3ccccc3)C23CCCCC3)cc1,0,JFYCXLMBPJHXDW-UHFFFAOYSA-N,JFYCXLMBPJHXDW,PubChem,1514935,,kav_test.csv,1,77.8%,0.292307704687119
Sc1nnc(-c2ccc(Br)cc2)n1Cc1ccco1,0,XTADONHSYKULFZ-UHFFFAOYSA-N,XTADONHSYKULFZ,PubChem,3238361,,kav_test.csv,1,59.2%,0.292307704687119
Cc1ccc(C)c(CN2C(=O)C3(OCCCO3)c3ccccc32)c1,0,UZCSHZCAEXCBSD-UHFFFAOYSA-N,UZCSHZCAEXCBSD,PubChem,3238323,,kav_test.csv,1,56.5%,0.29268291592598
CC1=C(Sc2ccccn2)C(=O)NC(C)(C)C1,0,LYIOYMUIZFUFJR-UHFFFAOYSA-N,LYIOYMUIZFUFJR,PubChem,658844,,kav_test.csv,0,66.4%,0.29268291592598
C[C@@H](Oc1ccccc1F)c1nnc(SCC(=O)N(c2ccccc2)[C@@H]2CCS(=O)(=O)C2)o1,0,PHSDVOPGGLENSW-NVXWUHKLSA-N,PHSDVOPGGLENSW,PubChem,16329671,,kav_test.csv,0,51.9%,0.29268291592598
CCOCCCNC(=O)Cc1cc(=O)[nH]c(=O)[nH]1,0,OEZHHXISYDPCAE-UHFFFAOYSA-N,OEZHHXISYDPCAE,PubChem,2149971,,kav_test.csv,0,67.5%,0.29268291592598
CC(C)(C)NC1=NN=C(c2cc3ccccc3o2)CS1,0,IIQIUUMIPHKIBY-UHFFFAOYSA-N,IIQIUUMIPHKIBY,PubChem,135517195,,kav_test.csv,1,54.7%,0.293103456497192
COC(=O)c1ccccc1NC(=O)CSc1nc[nH]n1,0,MRYHYHRSJQIPFM-UHFFFAOYSA-N,MRYHYHRSJQIPFM,PubChem,877813,,kav_test.csv,0,58.2%,0.293333321809769
COc1cc(/C=C2/C(=O)NN(c3ccc(Cl)c(Cl)c3)C2=O)cc([N+](=O)[O-])c1O,1,UXPDAIRBPHPGNP-WMZJFQQLSA-N,UXPDAIRBPHPGNP,PubChem,24793693,,kav_test.csv,0,50.3%,0.294117659330368
CCn1nc(C)c(/C=N/NC(=S)Nc2ccc(Cl)cc2Cl)c1C,1,CGOZCMXITNVFLP-QGMBQPNBSA-N,CGOZCMXITNVFLP,PubChem,6884691,,kav_test.csv,1,61.8%,0.294117659330368
COc1ccc(N(Cc2cc3ccccc3[nH]c2=O)S(=O)(=O)c2ccccc2)cc1,0,ZJZMLSVXEDQORL-UHFFFAOYSA-N,ZJZMLSVXEDQORL,PubChem,4886994,,kav_test.csv,1,62.3%,0.294117659330368
CN(C(=O)c1ccco1)c1ccccc1C(=O)O,0,XUTOVKFGVYNJCP-UHFFFAOYSA-N,XUTOVKFGVYNJCP,PubChem,792367,,kav_test.csv,0,59.5%,0.294117659330368
CC(C)COc1ccc(C2(C#N)CC[N+](C)(C)CC2)cc1,0,MFIWMIIMROMGLW-UHFFFAOYSA-N,MFIWMIIMROMGLW,PubChem,11958734,,kav_test.csv,1,55.6%,0.294117659330368
CC[C@@]1(C(=O)c2ccccc2)[C@H]2c3cc(Br)ccc3OC(=O)[C@]21C(=O)N1CCOCC1,0,TWWVNHQBPPSVEJ-VEXUSMLFSA-N,TWWVNHQBPPSVEJ,PubChem,2951678,,kav_test.csv,1,51.4%,0.294736832380295
COc1cc([C@@H]2C(C#N)=C(N)N(Nc3ccccc3)C3=CC(C)(C)CC(O)=C32)ccc1OCc1cccc(F)c1,0,NUJWETJDMULYBV-GDLZYMKVSA-N,NUJWETJDMULYBV,PubChem,3344652,,kav_test.csv,1,68.7%,0.294736832380295
Cc1cc(C)c2c(N)c(C(=O)Nc3ccccc3Cl)sc2n1,0,QPCXMDKFNQKVIC-UHFFFAOYSA-N,QPCXMDKFNQKVIC,PubChem,734380,,kav_test.csv,1,52.8%,0.294871807098389
COc1ccnc(C[S+]([O-])c2nc3cc(OC(F)F)ccc3[n-]2)c1OC.[Na+],0,HEYBXKVTQOEUTP-UHFFFAOYSA-N,YNWDKZIIWCEDEE,PubChem,15008962,,eval_set_herg_70.csv,0,56.8%,0.294871807098389
COc1c(C)c2c(c(O)c1CC=C(C)CCC(=O)OCCN1CCOCC1)C(=O)OC2,0,RTGDFNSFWBGLEC-UHFFFAOYSA-N,RTGDFNSFWBGLEC,PubChem,4271,,kav_test.csv,0,57.0%,0.294871807098389
C[C@H](c1ccc(Nc2nc(C(F)(F)F)cs2)cc1)c1nnn[nH]1,1,ANDGBIBENVSINF-SSDOTTSWSA-N,ANDGBIBENVSINF,"Didziapetris et al., 2016",,,eval_set_herg_60.csv,1,54.1%,0.295081973075867
C/C(N)=C(/C#N)C(=O)CSc1cc(Cl)ccc1Cl,0,UXWWIMORCCTJCT-VQHVLOKHSA-N,UXWWIMORCCTJCT,PubChem,6309180,,kav_test.csv,0,50.1%,0.295081973075867
CC(C)OC(=O)CSc1nc(N)c(C#N)c(-c2ccco2)c1C#N,0,CBUIVCYBJOKTCZ-UHFFFAOYSA-N,CBUIVCYBJOKTCZ,PubChem,1861702,,kav_test.csv,0,55.9%,0.295454531908035
Cc1ccc(NC(=O)c2ncn(CCCN(CCCn3cnc(C(=O)Nc4ccc(C)c(C)c4)n3)Cc3ccc4[nH]ccc4c3)n2)cc1C,1,YVZOMXLCKXYVEA-UHFFFAOYSA-N,YVZOMXLCKXYVEA,PubChem,45281094,,kav_test.csv,1,61.5%,0.295454531908035
O=S(=O)(c1nnc(/N=C(\O)COc2ccccc2)s1)N1CCCCCC1,0,MGHOXSZUTJIWOL-UHFFFAOYSA-N,MGHOXSZUTJIWOL,PubChem,16017616,,kav_test.csv,0,54.2%,0.295774638652802
CC1(C)Cc2c(sc3[nH]c(=S)n(Cc4ccccc4)c(=O)c23)CO1,1,YXVJROUYSNWFDB-UHFFFAOYSA-N,YXVJROUYSNWFDB,PubChem,1046983,,kav_test.csv,1,67.3%,0.295774638652802
CN(C)CCNC(=O)Cn1nc(C(F)F)cc1C1CC1,0,ZBOGXKHLZDTILF-UHFFFAOYSA-N,ZBOGXKHLZDTILF,PubChem,891733,,kav_test.csv,0,61.1%,0.295774638652802
CCN(c1ccc(NC(=O)COC(=O)c2ccc(C)c(S(=O)(=O)N3CCOCC3)c2)cc1)C(C)C,0,LVQOTQPIHZLUKD-UHFFFAOYSA-N,LVQOTQPIHZLUKD,PubChem,4053291,,kav_test.csv,0,54.4%,0.295918375253677
CCC(C)(C)NC(=O)[C@@H](c1ccco1)N(C(=O)CNC(=O)c1cccs1)c1cccnc1,0,GYTJISHWWXBYNU-HXUWFJFHSA-N,GYTJISHWWXBYNU,PubChem,3215310,,kav_test.csv,0,50.4%,0.296296298503876
CCN(C(=O)CCS(=O)(=O)c1cc2c(cc1Cl)NC(=O)CO2)c1ccccc1,0,VMBRSHVUXVQHNP-UHFFFAOYSA-N,VMBRSHVUXVQHNP,PubChem,22551433,,kav_test.csv,0,51.2%,0.296296298503876
COc1cccc(-c2cnc3c(c2)[C@H](O)c2cccc(C#N)c2C=C3)c1,1,OOKNCQPERDSPBW-JOCHJYFZSA-N,OOKNCQPERDSPBW,PubChem,10382611,19648007,kav_test.csv,0,50.3%,0.296875
CCOC(=O)CSc1nc2c([nH]c3ccccc32)c(=O)n1C,1,AAPNLPNWKWCHLZ-UHFFFAOYSA-N,AAPNLPNWKWCHLZ,PubChem,756773,,kav_test.csv,0,60.3%,0.297297298908234
O=S1(=O)CC[C@@H](NC(=S)SCc2ccccc2Br)C1,0,UTLJHPMPJMKBNK-SNVBAGLBSA-N,UTLJHPMPJMKBNK,PubChem,2853781,,kav_test.csv,0,53.3%,0.297297298908234
CC[C@@]1(c2ccccc2)NC(=S)N(c2ccc(C)cc2)N1,1,VZVWTEWVLPWRKA-QGZVFWFLSA-N,VZVWTEWVLPWRKA,PubChem,2884412,,kav_test.csv,1,58.7%,0.297872334718704
Cc1nc(-c2nc3ccccc3[nH]2)c(N2CCN(C(=O)Cn3cnc4cccnc43)C(C)C2)s1,1,CTUWPSNEZJLVDO-UHFFFAOYSA-N,CTUWPSNEZJLVDO,PubChem,CUPID,,kav_test.csv,1,56.9%,0.297872334718704
CCOC(=O)c1c(C)n2c3c(cc(C)cc13)CCC2,0,KHQOXLHWLZHKMP-UHFFFAOYSA-N,KHQOXLHWLZHKMP,PubChem,2925802,,kav_test.csv,0,53.8%,0.298507452011108
Cc1nn(-c2cc(N3CCCC3)ccc2[N+](=O)[O-])c(=O)c2ccccc12,0,ZVTUYYJGQBTYGB-UHFFFAOYSA-N,ZVTUYYJGQBTYGB,PubChem,3567095,,kav_test.csv,1,56.9%,0.298507452011108
Cc1c(N)cccc1C[C@@H](C)NC(=O)C(F)(F)F,0,MHTDCZHUHNZKNA-SSDOTTSWSA-N,MHTDCZHUHNZKNA,US Patent,,,eval_set_herg_60.csv,0,55.5%,0.298701286315918
COC1CCC2(CC1)Cc1ccc(C#N)cc1C21N=C(N)N(CC2CCCO2)C1=O,1,UPHWMYMEWKSHEJ-UHFFFAOYSA-N,UPHWMYMEWKSHEJ,US Patent,,,eval_set_herg_60.csv,1,50.1%,0.298969060182571
CN(CC1=C[C@@H]2C(=O)C(C(=O)NCc3ccc(Cl)cc3)=CN(C)[C@@H]2S1)C[C@@H](O)c1ccccn1,1,RYPZLBIMEOFHTL-OPJGWUQDSA-N,RYPZLBIMEOFHTL,PubChem,44432250,17513108,kav_test.csv,1,58.5%,0.298969060182571
Cc1cc(C)c(C)c(S(=O)(=O)NCCCN2CCCC2=O)c1C,0,BQRPNCLVWXLULB-UHFFFAOYSA-N,BQRPNCLVWXLULB,PubChem,6466704,,kav_test.csv,0,61.9%,0.300000011920929
ClC(Cl)Cl,0,HEDRZPFGACZZDS-UHFFFAOYSA-N,HEDRZPFGACZZDS,"Didziapetris et al., 2016",,,eval_set_herg_60.csv,0,74.2%,0.300000011920929
COC(=O)c1ccc(OC)c(CSc2nnc(COc3ccccc3)o2)c1,0,XXRXWECTLOCITN-UHFFFAOYSA-N,XXRXWECTLOCITN,PubChem,654156,,kav_test.csv,0,52.4%,0.300000011920929
Cc1nnc(S[C@H](C)C#N)n1-c1ccccc1,0,NFUYWFZTLUOGQE-SECBINFHSA-N,NFUYWFZTLUOGQE,PubChem,16196670,,kav_test.csv,0,58.4%,0.300000011920929
O=S(=O)(NCc1ccccc1)c1ccc(Br)c2nsnc12,0,ILHJTZZCDHBXQH-UHFFFAOYSA-N,ILHJTZZCDHBXQH,PubChem,1959623,,kav_test.csv,0,53.7%,0.300000011920929
Cc1cc(C(=O)Cn2nnc(-c3ccc(Cl)cc3)n2)c(C)n1C[C@H]1CCCO1,0,AWIYYACPXIYKNL-QGZVFWFLSA-N,AWIYYACPXIYKNL,PubChem,2997704,,kav_test.csv,1,66.9%,0.300000011920929
CCN(CC)S(=O)(=O)c1ccc(N2CCOCC2)c(NC(=O)C(=O)c2c(-c3ccccc3)cc3ccccn23)c1,0,OEQKYULLYIOMSV-UHFFFAOYSA-N,OEQKYULLYIOMSV,PubChem,4251748,,kav_test.csv,1,62.4%,0.300000011920929
CN[C@@H]1Cc2cccc3[nH]c(=O)n(c23)C1,1,RKZSNTNMEFVBDT-MRVPVSSYSA-N,RKZSNTNMEFVBDT,"Didziapetris et al., 2016",,,eval_set_herg_60.csv,0,56.8%,0.300000011920929
CCc1nc(NC(C)C)c2oc3ccccc3c2n1,0,BAGQAQLHXOSYAJ-UHFFFAOYSA-N,BAGQAQLHXOSYAJ,PubChem,6602801,,kav_test.csv,0,55.6%,0.300000011920929
O=C1CCC[C@H]2[C@@H]3CCCN4CCC[C@H](CN12)[C@H]34,0,ZSBXGIUJOOQZMP-UKTARXLSSA-N,ZSBXGIUJOOQZMP,"Didziapetris et al., 2016",,,eval_set_herg_60.csv,0,81.3%,0.300000011920929
CCCNC(=O)Cn1cnc2sc(C(=O)N3CCN(c4ccc(F)cc4)CC3)c(C)c2c1=O,0,SOKAKJZXDGNGBW-UHFFFAOYSA-N,SOKAKJZXDGNGBW,PubChem,4448626,,kav_test.csv,0,50.2%,0.300000011920929
CC[NH+](CC)CCCN(c1ccccc1)C1Cc2ccccc2C1,1,NZLBHDRPUJLHCE-UHFFFAOYSA-O,NZLBHDRPUJLHCE,"Konda et al., 2019",,,eval_set_herg_70.csv,1,74.9%,0.300000011920929
N#CCC(=O)Nc1ccc(C(=O)OCC(=O)c2ccc3c(c2)OCO3)cc1,0,WHUWHLHQIKJNMU-UHFFFAOYSA-N,WHUWHLHQIKJNMU,PubChem,8662955,,kav_test.csv,0,56.6%,0.300000011920929
COc1ccc2c(c1)[C@H]1[C@H](CO2)[C@H](c2ccccc2)[C@]2(C)C(=O)Nc3ccc(Br)cc3C(=O)N12,1,ODMSJPMYAFKJEJ-MBPYSEENSA-N,ODMSJPMYAFKJEJ,PubChem,42601176,,kav_test.csv,1,66.1%,0.300000011920929
CC[C@@H](NC(=O)c1ccc(C#N)cc1)[C@@H]1[C@@H]2C[C@@H](n3cnc4cc(F)c(F)cc43)C[C@@H]21,1,AOIUNCWUUVPCDA-IIGZFKQGSA-N,AOIUNCWUUVPCDA,PubChem,146981268,34292726,kav_test.csv,1,71.3%,0.300000011920929
CC(C)(C)C(=O)OCOP(=O)(COCCn1cnc2c(N)ncnc21)OCOC(=O)C(C)(C)C,0,WOZSCQDILHKSGG-UHFFFAOYSA-N,WOZSCQDILHKSGG,PubChem,60871,,eval_set_herg_70.csv,0,60.7%,0.300000011920929
COc1ccc(CCN(C(=O)Cn2nnc3ccccc32)[C@@H](C(=O)NC[C@H]2CCCO2)c2ccncc2)cc1OC,1,ZCFPVQZTCBOCCJ-RNWIMVQKSA-N,ZCFPVQZTCBOCCJ,PubChem,3191649,,kav_test.csv,1,56.1%,0.300970882177353
O=C(CSc1n[nH]c(-c2ccccc2O)n1)NC1CCCCC1,0,WCHLXBSWLUDCEG-UHFFFAOYSA-N,WCHLXBSWLUDCEG,PubChem,856410,,kav_test.csv,1,52.8%,0.301075279712677
COc1ccc(CN2C=C3C(=O)[C@](C)(OC(=O)CCc4ccccc4)C(=O)C=C3C=C2c2ccc(C#N)cc2)cc1,0,MTHZFZKCJMUMKK-UUWRZZSWSA-N,MTHZFZKCJMUMKK,PubChem,16745571,,kav_test.csv,1,58.6%,0.301204830408096
CN1/C(=C\C(=O)COC(=O)[C@H]2COc3ccccc3O2)C(C)(C)c2ccccc21,0,AEYNIXBPOYMAJR-COVVZGLNSA-N,AEYNIXBPOYMAJR,PubChem,5742529,,kav_test.csv,1,50.1%,0.301204830408096
O=C(CO/N=C1\CCCc2nonc21)Nc1ccccc1Cl,0,AYBHIRUBOFPJNO-GZTJUZNOSA-N,AYBHIRUBOFPJNO,PubChem,6146098,,kav_test.csv,0,52.5%,0.301369875669479
COc1ccc2[nH]c(=O)c(CN(CCO)S(=O)(=O)c3ccc4c(c3)OCCO4)cc2c1,0,SRHZGOZLFMDSQV-UHFFFAOYSA-N,SRHZGOZLFMDSQV,PubChem,646020,,kav_test.csv,0,60.1%,0.301369875669479
CCCCn1nc(NC(=O)COC)c2cc3ccc(C)cc3nc21,1,GIXSEQNBSNBEFX-UHFFFAOYSA-N,GIXSEQNBSNBEFX,PubChem,1624362,,kav_test.csv,1,50.5%,0.301369875669479
O=C(CCN1C(=O)/C(=C\C=C\c2ccccc2)SC1=S)Nc1cccc(C(=O)O)c1,1,REKMQJYETOXPRJ-VZGYRVSQSA-N,REKMQJYETOXPRJ,PubChem,1321268,,kav_test.csv,0,51.1%,0.30158731341362
COc1ccccc1NC(=O)N(C)C[C@H]1OCc2cnnn2CCCC(=O)N([C@H](C)CO)C[C@@H]1C,0,LJFLDXJAOYTNMN-NJNPRVFISA-N,LJFLDXJAOYTNMN,PubChem,44491461,,kav_test.csv,0,55.0%,0.30158731341362
C[NH+]1CCc2cc3c(cc2C(=O)Cc2ccc4c(c2C1)OCO4)OCO3,0,GPTFURBXHJWNHR-UHFFFAOYSA-O,GPTFURBXHJWNHR,"Konda et al., 2019",,,eval_set_herg_70.csv,1,57.4%,0.30158731341362
Cc1nc(NCCc2ccc(O)cc2)c2nnn(Cc3ccccc3)c2n1,1,GPORCCCUVRQROX-UHFFFAOYSA-N,GPORCCCUVRQROX,PubChem,6487575,,kav_test.csv,1,55.9%,0.30158731341362
Cc1ccc(N(C(=O)c2cccs2)[C@@H]2C=CS(=O)(=O)C2)cc1,0,YTVUMXVJCMJPIB-CQSZACIVSA-N,YTVUMXVJCMJPIB,PubChem,2946870,,kav_test.csv,1,51.2%,0.30158731341362
O=C(O)[C@H](c1ccccc1)[C@@]1(O)C[C@@H]2CC[C@H]1C2,0,HWEQFXDONYYPNJ-GVUJHPQVSA-N,HWEQFXDONYYPNJ,PubChem,32252,,kav_test.csv,0,70.8%,0.301886796951294
Cc1cc2c(C)nc(Cc3ccccc3)nc2o1,0,JBEXAGIKUSYULO-UHFFFAOYSA-N,JBEXAGIKUSYULO,PubChem,657587,,kav_test.csv,0,53.2%,0.301886796951294
CCN(Cc1ccccc1)C(=O)CSc1nc(C)cc2c1C(=O)OC2,0,UPGSJFKVBDTLEV-UHFFFAOYSA-N,UPGSJFKVBDTLEV,PubChem,1267760,,kav_test.csv,1,54.3%,0.302325576543808
CCOc1ccc(NC(=O)CN(C)C(=O)c2cc(S(=O)(=O)N(C)C)ccc2N2CCCC2)cc1OCC,0,LJHUYBMRSDTOOR-UHFFFAOYSA-N,LJHUYBMRSDTOOR,PubChem,24979862,,kav_test.csv,1,53.2%,0.302325576543808
C[C@@H](CNCc1ccccc1)N1C[C@H](CCCNC(=N)N)N(CCc2cccc(F)c2)C1=S,1,DSJVYEAOYVHUJW-CVDCTZTESA-N,DSJVYEAOYVHUJW,"Didziapetris et al., 2016",,,eval_set_herg_60.csv,1,71.4%,0.302325576543808
C[C@H](c1ccccn1)N(C)C(=O)c1ccc2nc(Cc3ccccc3F)oc2c1,0,AKZMVEIFYOALHF-OAHLLOKOSA-N,AKZMVEIFYOALHF,PubChem,24790318,,kav_test.csv,1,60.5%,0.302325576543808
C[C@@H]1CN(c2nc3ccccn3c(=O)c2/C=C(\C#N)C(=O)N2CCOCC2)C[C@@H](C)O1,0,DTIABXSIIHQJFW-KDUYSQSBSA-N,DTIABXSIIHQJFW,PubChem,5930979,,kav_test.csv,0,56.9%,0.302325576543808
Sc1nnc(CSCCOc2ccccc2)o1,0,HVKUSVHBPOMZMT-UHFFFAOYSA-N,HVKUSVHBPOMZMT,PubChem,2821514,,kav_test.csv,0,60.7%,0.302325576543808
Cc1ccc2c(CC(=O)N[C@@H]3CCS(=O)(=O)C3)coc2c1C,0,LPQFIFRNRPFQNE-CYBMUJFWSA-N,LPQFIFRNRPFQNE,PubChem,16437487,,kav_test.csv,0,63.5%,0.302631586790085
COc1ccc(Br)cc1-c1nc2c(c(=O)[nH]c(=O)n2Cc2ccccc2)n1C,0,QJTLLDWFHIQWEP-UHFFFAOYSA-N,QJTLLDWFHIQWEP,PubChem,4792884,,kav_test.csv,1,61.2%,0.302631586790085
O=C(COc1ncnc2c(Cl)cc(Cl)cc12)NC1CCCCCC1,0,HKSAOACGYIRGMX-UHFFFAOYSA-N,HKSAOACGYIRGMX,PubChem,2456605,,kav_test.csv,1,64.2%,0.302631586790085
C#CCN1C(=O)[C@@](O)(CC(=O)c2ccc(OC)c(OC)c2)c2ccccc21,0,FGERLOYWIAWTMD-OAQYLSRUSA-N,FGERLOYWIAWTMD,PubChem,2909007,,kav_test.csv,0,57.1%,0.302631586790085
O=C(CSc1nnc(Cc2cccs2)n1Cc1ccco1)Nc1cc(Cl)cc(Cl)c1,0,SVQGMDHDHYNVLM-UHFFFAOYSA-N,SVQGMDHDHYNVLM,PubChem,666790,,kav_test.csv,1,61.8%,0.30303031206131
CC[N+](CC)CCCN(c1ccccc1)C1Cc2ccccc2C1,1,HKTXZWQCPUSIKH-UHFFFAOYSA-N,HKTXZWQCPUSIKH,"Doddareddy et al., 2010",,,eval_set_herg_70.csv,1,81.3%,0.30303031206131
CC(C)c1ccc(NC(=O)[C@@H]2[C@H]3C(=O)N(CCN4CCOCC4)[C@@H](C(=O)NC4CCCCC4)[C@]34C=C[C@H]2O4)cc1,0,PVINXNNADZYVGN-SWNCPKDISA-N,PVINXNNADZYVGN,PubChem,24789632,,kav_test.csv,1,51.5%,0.303370773792267
CNCC(O)(Cc1cc2c(=O)c(C(=O)NCc3ccc(Cl)cc3)cn(C)c2s1)c1ccccn1,1,IUPVZIBNXQRZJF-UHFFFAOYSA-N,IUPVZIBNXQRZJF,"Doddareddy et al., 2010",,,eval_set_herg_70.csv,1,65.6%,0.303370773792267
Cc1nc(SCC(=O)NC[C@H]2CCCO2)c2c3c(sc2n1)CCCC3,1,QTZTWECOTBQMCG-GFCCVEGCSA-N,QTZTWECOTBQMCG,PubChem,3150659,,kav_test.csv,1,53.5%,0.303370773792267
NC(=O)CNC(=O)[C@@H]1C[C@@]2(CC(c3cccc(Br)c3)=NO2)CN1C(=O)c1ccc(Br)cc1,0,AVMADRBYSZXKDG-AVRDEDQJSA-N,AVMADRBYSZXKDG,PubChem,11958573,,kav_test.csv,1,52.8%,0.303370773792267
CCOC(=O)[C@H]1C(=O)C[C@@](C)(O)[C@H](C(=O)OCC)[C@H]1c1ccc(SC)cc1,0,LYAQGMNUNZHKRV-OGNFBWPZSA-N,LYAQGMNUNZHKRV,PubChem,2940153,,kav_test.csv,0,68.8%,0.303571432828903
COc1ccc(NC(=S)N2CCN(CC/N=C/C3=C(O)C[C@@H](c4ccccc4)CC3=O)CC2)cc1,0,GOMONFMFMZBVOY-APMPPKRVSA-N,GOMONFMFMZBVOY,PubChem,135439111,,kav_test.csv,1,68.1%,0.303797453641892
COc1nnc(-c2ccc(N3CCCCC3)c(NC(C)=O)c2)c2ccccc12,0,LQULJHQENOUPKY-UHFFFAOYSA-N,LQULJHQENOUPKY,PubChem,3155247,,kav_test.csv,1,72.5%,0.304347813129425
C=CCNC(=O)c1cccc2c1C(=O)c1ccc(N3CCCC3)cc1S2(=O)=O,0,MUIVSXKUNPRLDS-UHFFFAOYSA-N,MUIVSXKUNPRLDS,PubChem,44144182,,kav_test.csv,0,50.3%,0.304347813129425
CCOc1ncc(-c2nc(C(F)(F)F)sc2N2CCN(C(=O)Cn3ccc4cnccc43)C(C)C2)cn1,1,JKXDGMZWBPPROG-UHFFFAOYSA-N,JKXDGMZWBPPROG,CUPID,CUPID,,kav_test.csv,1,56.7%,0.304347813129425
COC(OC)[C@]1(C)C(C#N)=C(N)Oc2c1c(=O)oc1ccccc21,0,KBOFHVOIGMXURS-QGZVFWFLSA-N,KBOFHVOIGMXURS,PubChem,4358523,,kav_test.csv,0,58.6%,0.304347813129425
CN1C(=O)CS/C1=N\NC(=O)COc1cccc2cccnc12,0,PHGFKSILYXJBKD-SDXDJHTJSA-N,PHGFKSILYXJBKD,PubChem,5523511,,kav_test.csv,0,61.8%,0.304878056049347
C#CCOc1c(Br)cc(/C=N\NC(=O)CN2CCOCC2)cc1OCC,0,GCVJWKDLOOBZOI-NDENLUEZSA-N,GCVJWKDLOOBZOI,PubChem,20843208,,kav_test.csv,0,52.1%,0.304878056049347
Cc1ccc2[nH]c(=O)c(CN(C(=O)c3cccs3)c3ccccc3)cc2c1,0,XGQNPUQLGXBIBG-UHFFFAOYSA-N,XGQNPUQLGXBIBG,PubChem,1416113,,kav_test.csv,1,60.4%,0.304878056049347
CC[C@@H](C)[C@H](NC(=O)NCc1ccc(S(N)(=O)=O)cc1)C(=O)OC,0,KRACPILRQKWXJU-MFKMUULPSA-N,KRACPILRQKWXJU,PubChem,9550209,,kav_test.csv,0,69.7%,0.305084735155106
Cc1cn2c(nc1=O)O[C@H]1[C@H](O)[C@@H](COC(=O)c3ccccc3)O[C@H]12,1,OEZLBICZCOZJID-GUIRCDHDSA-N,OEZLBICZCOZJID,PubChem,3000141,,kav_test.csv,0,72.3%,0.305084735155106
O=c1c2ccccc2cnn1-c1ccc2ccccc2c1,0,FSLCVBMZDHZDKO-UHFFFAOYSA-N,FSLCVBMZDHZDKO,PubChem,730347,,kav_test.csv,0,53.2%,0.305084735155106
O=C(CCN1C(=O)NC2(CCCC2)C1=O)Nc1ccc(Sc2ccc(Br)cc2)cc1,0,WBHKNIMSYNUXQM-UHFFFAOYSA-N,WBHKNIMSYNUXQM,PubChem,16301095,,kav_test.csv,1,59.8%,0.305084735155106
O=C(c1cc(C2CC2)nn1-c1ccccc1)N1CCN(S(=O)(=O)c2c(F)cccc2F)CC1,0,RORCJUZDNAVJDM-UHFFFAOYSA-N,RORCJUZDNAVJDM,PubChem,16292940,,kav_test.csv,1,57.3%,0.305555552244186
O=C(CSc1ncnc2c1oc1ccccc12)Nc1nccs1,0,BEFHXKGMZRDMLW-UHFFFAOYSA-N,BEFHXKGMZRDMLW,PubChem,2054021,,kav_test.csv,1,57.9%,0.305555552244186
O=C(CSc1nnc(O)[nH]c1=O)c1ccccc1,0,OWMOXLXHCHCCRB-UHFFFAOYSA-N,OWMOXLXHCHCCRB,PubChem,646523,,kav_test.csv,0,54.2%,0.305555552244186
C=C(C)CSc1nnc(-c2cccc(S(=O)(=O)N(C)C)c2)n1-c1cc(OC)ccc1OC,0,FJJLOGXCONQPFN-UHFFFAOYSA-N,FJJLOGXCONQPFN,PubChem,2081422,,kav_test.csv,0,53.8%,0.30588236451149
CN(C)S(=O)(=O)c1ccc(N2CCCC2)c(C(=O)NNC(=O)COc2cccc(F)c2)c1,0,FCRRPKFJAMESPK-UHFFFAOYSA-N,FCRRPKFJAMESPK,PubChem,25163527,,kav_test.csv,0,55.2%,0.30588236451149
Cc1cc2ccccc2c[n+]1CC(O)C[n+]1cc2ccccc2cc1C,1,WOCGEKYQUQKHBC-UHFFFAOYSA-N,WOCGEKYQUQKHBC,PubChem,3246124,,kav_test.csv,1,56.8%,0.306122452020645
O=C(OCc1nc2ccccc2[n+]([O-])c1C(=O)c1ccccc1)c1ccco1,0,BLMXXNSWKBXDTK-UHFFFAOYSA-N,BLMXXNSWKBXDTK,PubChem,2013207,,kav_test.csv,1,51.5%,0.306666672229767
CCN(CCO)Cc1csc2cc(C)ccc12,0,BUFZVWVFIUYKPY-UHFFFAOYSA-N,BUFZVWVFIUYKPY,PubChem,15945609,,kav_test.csv,0,52.0%,0.306666672229767
CCN(CC)CCCN1C(=O)c2oc3ccccc3c(=O)c2[C@@H]1c1cccs1,1,JUFWPDXGENEJHJ-IBGZPJMESA-N,JUFWPDXGENEJHJ,PubChem,3542943,,kav_test.csv,1,59.5%,0.307692319154739
COc1ccc(C)cc1N(CC(=O)NCCSCc1ccco1)S(=O)(=O)c1ccc(C)cc1,0,MABMIZXEZFOPMR-UHFFFAOYSA-N,MABMIZXEZFOPMR,PubChem,2286849,,kav_test.csv,1,54.6%,0.307692319154739
O=C1CCCC=CCCCCCCCCCC1,0,ABRIMXGLNHCLIP-UHFFFAOYSA-N,ABRIMXGLNHCLIP,PubChem,162268,,eval_set_herg_70.csv,0,93.2%,0.307692319154739
Cc1cc(C)cc(-n2ncc3c2CCC[C@H]3NC(=O)c2csnn2)c1,1,FCSVBXFUWJCBGV-OAHLLOKOSA-N,FCSVBXFUWJCBGV,PubChem,24794037,,kav_test.csv,1,59.0%,0.307692319154739
CC(=O)c1c(O)c(C)c(O)c(Cc2c(O)c3c(c(C(=O)C=Cc4ccccc4)c2O)OC(C)(C)C=C3)c1O,1,DEZFNHCVIZBHBI-UHFFFAOYSA-N,DEZFNHCVIZBHBI,"Doddareddy et al., 2010",,,eval_set_herg_60.csv,0,51.0%,0.307692319154739
COCCNC(=S)c1ccc(Br)cc1,0,ZXZRXSNUITWWIR-UHFFFAOYSA-N,ZXZRXSNUITWWIR,PubChem,2239591,,kav_test.csv,0,60.9%,0.307692319154739
CCCNC(=O)NC(=O)CSc1nc2cc(C(=O)OC)ccc2c(=O)n1-c1ccccc1,0,FALLFWXXJYOBHU-UHFFFAOYSA-N,FALLFWXXJYOBHU,PubChem,2575010,,kav_test.csv,1,51.1%,0.307692319154739
O=C(NCc1nc2ccccc2[nH]1)C1=C[C@H](c2ccc(Br)cc2)C[C@H](OCc2ccc(CO)cc2)O1,0,HFBNRAUWTCHHMA-KDYSTLNUSA-N,HFBNRAUWTCHHMA,PubChem,16197154,,kav_test.csv,1,65.8%,0.308510631322861
Cc1nn(-c2ccccc2)c(C)c1/C=N/NC(=O)c1cc(-c2ccccc2)n[nH]1,0,MVBKUFCOWPEERW-OEAKJJBVSA-N,MVBKUFCOWPEERW,PubChem,5343000,,kav_test.csv,1,53.2%,0.308641970157623
O=C(N/N=C\C=C\c1ccco1)[C@H]1COc2ccccc2O1,0,HJBUGJXLXOMEPO-CJNZPRRISA-N,HJBUGJXLXOMEPO,PubChem,5719789,,kav_test.csv,0,52.5%,0.308641970157623
C=CCn1c(=O)c2c(nc(-n3nc(C)cc3C)n2C)n(C)c1=O,0,OSMUMZKHIFHWKP-UHFFFAOYSA-N,OSMUMZKHIFHWKP,PubChem,6485842,,kav_test.csv,0,57.8%,0.308641970157623
O=C(OC1C[C@@H]2CC3C[C@H](C1)[NH+]2CC3=O)C1=c2ccccc2=NC1,1,TWTUKHSBMLITSH-AKJUYKBHSA-O,TWTUKHSBMLITSH,"Konda et al., 2019",,,eval_set_herg_60.csv,1,55.1%,0.308823525905609
OCCN(Cc1ccccc1)C(=S)/N=C(\O)c1cc(Br)ccc1Cl,1,FZCWTWSCBMTFPT-UHFFFAOYSA-N,FZCWTWSCBMTFPT,PubChem,4332346,,kav_test.csv,1,51.6%,0.308823525905609
NC1=Nc2ccc(Cl)cc2[C@]1(O)c1ccccc1,0,AUHPEHFGZROMSA-CQSZACIVSA-N,AUHPEHFGZROMSA,"Didziapetris et al., 2016",,,eval_set_herg_60.csv,0,65.5%,0.309090912342072
N#C[C@@]1(Cc2ccccc2)c2ccccc2C=CN1C(=O)c1ccccc1,0,VQBSSSAAVXOLLK-DEOSSOPVSA-N,VQBSSSAAVXOLLK,PubChem,3324586,,kav_test.csv,0,55.6%,0.309090912342072
Cc1cc(C)c(CN2CCN(C(=O)Cn3cnc4c(NCc5ccccc5)ncnc43)CC2)c(C)c1,0,PBJHRNPBEIJPHJ-UHFFFAOYSA-N,PBJHRNPBEIJPHJ,PubChem,44601539,,kav_test.csv,1,73.8%,0.309523820877075
C=CCNS(=O)(=O)c1ccc(C(=O)OCc2cc(=O)oc3cc(OC)ccc23)cc1,0,UTSJZNBJCSHWQK-UHFFFAOYSA-N,UTSJZNBJCSHWQK,PubChem,16229629,,kav_test.csv,0,57.9%,0.309523820877075
CCC(CC)COC(=O)[C@@H](C#N)c1nc2ccccc2nc1N1CCOCC1,0,JGIGZTAAWPLQIT-INIZCTEOSA-N,JGIGZTAAWPLQIT,PubChem,663190,,kav_test.csv,1,56.7%,0.309859156608582
COC(=O)Cn1cnc(C(=O)Nc2ccc(C)c(C)c2)n1,1,FXFMGGQRWJBWSJ-UHFFFAOYSA-N,FXFMGGQRWJBWSJ,PubChem,44601519,,kav_test.csv,0,56.0%,0.309859156608582
COc1ccccc1/C=C/[C@@]1(C(=O)NC2CCCC2)CC(=O)N1c1ccc(C)cc1,0,ADIMOWRGNKKUGJ-DACFSCGWSA-N,ADIMOWRGNKKUGJ,PubChem,5771111,,kav_test.csv,1,61.7%,0.310344815254211
CC(C)(Cc1ccccc1)NC1=NCCNC(c2ccccc2F)=C1,1,HFLSARBZSBXRJZ-UHFFFAOYSA-N,HFLSARBZSBXRJZ,"Didziapetris et al., 2016",,,eval_set_herg_70.csv,1,66.4%,0.310344815254211
O=C1c2ccccc2[C@@H]2C[C@@H](O)[C@H](Nc3ccccc3)CCN12,0,LKSVMUKJOHHZKT-FGTMMUONSA-N,LKSVMUKJOHHZKT,PubChem,42627925,,kav_test.csv,0,61.0%,0.310344815254211
Clc1ccc(CNCCOc2ccc3ccccc3c2Cl)o1,1,JNAZBAOZJHRDCG-UHFFFAOYSA-N,JNAZBAOZJHRDCG,"Didziapetris et al., 2016",,,eval_set_herg_70.csv,1,70.2%,0.310344815254211
Cc1ccc(NC(=O)CSc2nnc(CNC(=O)c3cccs3)o2)c(C)c1,0,APRTWZCXUOMHGN-UHFFFAOYSA-N,APRTWZCXUOMHGN,PubChem,3482340,,kav_test.csv,0,54.8%,0.310344815254211
Cc1sc2nc(-c3ccncc3)[nH]c(=O)c2c1-c1ccccc1,0,RCFYHVIKFJLTIH-UHFFFAOYSA-N,RCFYHVIKFJLTIH,PubChem,852963,,kav_test.csv,1,58.3%,0.310344815254211
N#Cc1c(NC(=O)C(F)(F)F)sc2c3c(=O)c4ccccc4c(=O)c=3oc3ccccc3c12,1,YVHLTFVHTRFJQO-UHFFFAOYSA-N,YVHLTFVHTRFJQO,PubChem,389769,,kav_test.csv,1,51.2%,0.310344815254211
COc1cccc(N/C(SCc2cccc([N+](=O)[O-])c2)=C(/C#N)C(=O)NCc2cccs2)c1,0,ZGGCFHHZXXPVOX-XTQSDGFTSA-N,ZGGCFHHZXXPVOX,PubChem,12004835,,kav_test.csv,1,56.9%,0.310344815254211
C[C@@H](C(=O)NC1CCCCC1)N1C(=O)N2CCc3c([nH]c4ccccc34)[C@@]2(C)C1=O,0,CJLYTLDVDQOMLK-PSLXWICFSA-N,CJLYTLDVDQOMLK,PubChem,7091367,,kav_test.csv,0,57.0%,0.310810804367065
Cc1ccc(S(=O)(=O)N(C[C@@H]2CO2)c2cc(Cl)ccc2Cl)cc1,0,MQBXVORPPVAXHF-CYBMUJFWSA-N,MQBXVORPPVAXHF,PubChem,3133071,,kav_test.csv,1,57.2%,0.310810804367065
CCCn1nc(C(=O)OCn2nnc3ccccc3c2=O)c2ccccc2c1=O,0,MHQSWBFAXSILCN-UHFFFAOYSA-N,MHQSWBFAXSILCN,PubChem,3879877,,kav_test.csv,0,58.2%,0.311475396156311
CCN(CCCn1c(S)nc2ncccc2c1=O)c1ccccc1,1,UDTXNKWLXXEPRP-UHFFFAOYSA-N,UDTXNKWLXXEPRP,PubChem,3239656,,kav_test.csv,1,72.8%,0.311475396156311
COc1cccc(CN(C)CCCn2cnc3c(OC)ncnc32)c1,0,SEYFSALWZFJULA-UHFFFAOYSA-N,SEYFSALWZFJULA,PubChem,46903482,,kav_test.csv,1,62.7%,0.311688303947449
Brc1cccc(-c2nnc3sc(CNC4CCCC4)cn23)c1,0,SZUAHJMVEAJHCV-UHFFFAOYSA-N,SZUAHJMVEAJHCV,PubChem,4645481,,kav_test.csv,1,67.6%,0.311688303947449
CCC(=O)n1nc(-c2cccnc2)nc1NCc1cccs1,0,USPONIIDTPKNCY-UHFFFAOYSA-N,USPONIIDTPKNCY,PubChem,3978169,,kav_test.csv,1,54.5%,0.311688303947449
O=C1C=C/C(=c2/ccc3n[nH]/c(=C4/C=NC=C(O[C@H]5CNCCC56CC6)N4)c3c2)C(F)=C1,1,AZIINZOWMGPPBZ-OAEYXCGJSA-N,AZIINZOWMGPPBZ,"Konda et al., 2019",,,eval_set_herg_60.csv,1,64.0%,0.311827957630157
CC(C)c1nc(CN(C)C(=O)N[C@H](C(=O)N[C@@H](Cc2ccccc2)C[C@H](O)[C@H](Cc2ccccc2)NC(=O)OCc2cncs2)C(C)C)cs1,1,NCDNCNXCDXHOMX-XGKFQTDJSA-N,NCDNCNXCDXHOMX,"Doddareddy et al., 2010",,,eval_set_herg_60.csv,1,60.5%,0.311926603317261
COc1ccc(CNc2nnc(N3CCC4(CC3)CC(O)C4)c3ccc(C#N)cc23)cc1Cl,1,BROVXIYHWJSPHN-UHFFFAOYSA-N,BROVXIYHWJSPHN,"Didziapetris et al., 2016",,,eval_set_herg_60.csv,1,73.8%,0.3125
O=C1N[C@H](CCc2ccccc2)C(=O)N1Cc1ccc(Br)cc1,0,CDKPSZQOBOYPJL-MRXNPFEDSA-N,CDKPSZQOBOYPJL,PubChem,16195914,,kav_test.csv,1,61.1%,0.3125
Cc1cc2c3c([n+](C)c4ccccc4c3c1)-c1ccccc1S2,1,RTXWDRWCKYDECO-UHFFFAOYSA-N,RTXWDRWCKYDECO,"Didziapetris et al., 2016",,,eval_set_herg_60.csv,0,51.3%,0.3125
CC(=O)Oc1ccc(N(C(C)=O)S(=O)(=O)c2ccccc2)c2ccccc12,0,ZCHQDLYDNCVWGV-UHFFFAOYSA-N,ZCHQDLYDNCVWGV,PubChem,1098513,,kav_test.csv,0,50.7%,0.3125
O=C(Cn1nc(O)c2ccccc2c1=O)OCC(=O)c1ccc(F)cc1,0,UTRSSLBRDGTRJW-UHFFFAOYSA-N,UTRSSLBRDGTRJW,PubChem,24981933,,kav_test.csv,0,59.6%,0.3125
Cc1cc2c3c([n+](C)c4ccccc4c3c1)-c1ccccc1O2,1,UKFQZLLXRFQIPE-UHFFFAOYSA-N,UKFQZLLXRFQIPE,"Didziapetris et al., 2016",,,eval_set_herg_60.csv,1,52.1%,0.3125
CCc1cccc(C)c1NS(=O)(=O)c1cccs1,0,HQJBZJCRZFXVKG-UHFFFAOYSA-N,HQJBZJCRZFXVKG,PubChem,970385,,kav_test.csv,0,65.3%,0.3125
COc1ccc(Cl)cc1NC(=O)CN(C)CC(=O)N1CC(=O)Nc2ccccc21,0,NJUVCLDVICXSKE-UHFFFAOYSA-N,NJUVCLDVICXSKE,PubChem,8001184,,kav_test.csv,1,55.2%,0.31325301527977
COc1ccc(C(C)=O)cc1COC(=O)CCNS(=O)(=O)c1ccc(C(C)=O)cc1,0,UBVYGBCIHPKICZ-UHFFFAOYSA-N,UBVYGBCIHPKICZ,PubChem,24818085,,kav_test.csv,0,59.9%,0.313432842493057
CCOC(=O)[C@@H](C)n1cnc2c(nnn2Cc2ccc(Cl)cc2)c1=O,0,YWILDHKVGNZISD-SNVBAGLBSA-N,YWILDHKVGNZISD,PubChem,3241944,,kav_test.csv,0,61.2%,0.313432842493057
COc1cc(NC(C)CCCN)c2ncccc2c1,0,INDBQLZJXZLFIT-UHFFFAOYSA-N,INDBQLZJXZLFIT,"Didziapetris et al., 2016",,,eval_set_herg_60.csv,1,51.6%,0.313432842493057
COc1ccc(-c2c(-c3ccc(O)cc3O)n[nH]c2C)cc1OC,0,SADMOYKKNMBFNC-UHFFFAOYSA-N,SADMOYKKNMBFNC,PubChem,888681,,kav_test.csv,1,52.3%,0.313432842493057
CCc1ccccc1N(CC(=O)NCCc1ccccc1)C(=O)CCC(=O)Nc1ccccn1,0,IPCBMZDHNUBBHP-UHFFFAOYSA-N,IPCBMZDHNUBBHP,PubChem,3204768,,kav_test.csv,1,65.1%,0.313432842493057
COc1cc(C(=O)O[C@H](C)C(=O)N2CCCC2)cc2c1OCCO2,0,GLPASUOKUTZQBV-LLVKDONJSA-N,GLPASUOKUTZQBV,PubChem,16299643,,kav_test.csv,0,64.0%,0.313432842493057
CSc1nsc(SCC(=O)Nc2ccccc2C(N)=O)n1,0,SDWXPZWPUUCTHE-UHFFFAOYSA-N,SDWXPZWPUUCTHE,PubChem,6459372,,kav_test.csv,0,53.3%,0.313432842493057
Cn1c(-c2cccc(Br)c2)cnc1NCc1cccnc1,0,ALJBROXDABYQCA-UHFFFAOYSA-N,ALJBROXDABYQCA,PubChem,644645,,kav_test.csv,1,66.8%,0.313432842493057
CCN1C[C@@]2(COC)C3[C@@H](OC)[C@H]4C1[C@]3(C(OC)C[C@H]2O)C1C[C@]2(O)C(OC)C(O)[C@@]4(OC(C)=O)C1[C@H]2OC(=O)c1ccccc1,0,XFSBVAOIAHNAPC-CLEAKMIKSA-N,XFSBVAOIAHNAPC,"Didziapetris et al., 2016",,,eval_set_herg_60.csv,0,65.7%,0.313559323549271
CCOc1cccc(F)c1[C@]1(O)C(N)=Nc2ccc(Cl)cc21,0,KNFXVTATVGJJAA-INIZCTEOSA-N,KNFXVTATVGJJAA,"Didziapetris et al., 2016",,,eval_set_herg_60.csv,0,50.6%,0.313725501298904
C[C@@]1(C2(O)CCCCC2)NCCc2ccccc21,0,VMXYNNOLPQQSFF-OAHLLOKOSA-N,VMXYNNOLPQQSFF,PubChem,3983838,,kav_test.csv,0,68.2%,0.313725501298904
CN1CCN(Cc2nc(N)nc(Nc3ccc4c(c3)OCCO4)n2)CC1,0,MQYYSUSHCYKIQR-UHFFFAOYSA-N,MQYYSUSHCYKIQR,PubChem,666424,,kav_test.csv,1,58.4%,0.31395348906517
CCCCN1CC[C@H]2C=CC[C@@H](C(=O)Nc3ccc(Cl)cc3Cl)[C@H]2C1=O,0,GFEWHBTZQNBRFV-SIIHOXLZSA-N,GFEWHBTZQNBRFV,PubChem,24747365,,kav_test.csv,1,58.7%,0.314285725355148
O=C1Nc2c(Cl)cc(Cl)cc2C1=O,0,AYGGQJHJRFZDFH-UHFFFAOYSA-N,AYGGQJHJRFZDFH,PubChem,80771,,kav_test.csv,0,61.0%,0.314285725355148
O=P(C[P@@](=O)(O)c1ccccc1O)(c1ccccc1)c1ccccc1,1,ZZCWFBRBUVYPST-UHFFFAOYSA-N,ZZCWFBRBUVYPST,PubChem,1921838,,kav_test.csv,0,64.2%,0.314285725355148
Cc1nonc1NC(=O)CSc1nnnn1-c1ccccc1,0,VCJPRLZQFKVXEW-UHFFFAOYSA-N,VCJPRLZQFKVXEW,PubChem,6492827,,kav_test.csv,0,54.0%,0.314285725355148
CCCn1c(N)c(C(=O)CN(C)CC(=O)Nc2cccc(F)c2)c(=O)[nH]c1=O,1,SQGHJKAANCRTII-UHFFFAOYSA-N,SQGHJKAANCRTII,PubChem,4848846,,kav_test.csv,0,57.4%,0.314285725355148
COc1cc(C(=O)N(Cc2ccccn2)C[C@H]2CCCO2)cc(OC)c1OC,0,HKNMFYZLUBEBAM-QGZVFWFLSA-N,HKNMFYZLUBEBAM,PubChem,6603369,,kav_test.csv,1,55.2%,0.314606755971909
COc1cccc(CNC(=O)CN(C)S(=O)(=O)c2ccc3c(c2)n(C)c(=O)c(=O)n3C)c1,0,KVINWLIWXLJWFK-UHFFFAOYSA-N,KVINWLIWXLJWFK,PubChem,20876072,,kav_test.csv,0,57.4%,0.314606755971909
CN(CCOCc1ccc(F)cc1)C(=O)c1cccc(S(=O)(=O)N2CCc3ccccc3C2)c1,1,VKTKASGXLLSXMD-UHFFFAOYSA-N,VKTKASGXLLSXMD,"Didziapetris et al., 2016",,,eval_set_herg_60.csv,1,69.2%,0.314606755971909
O=C1CSc2nc3ccccc3n21,0,CFXICROPFOOZFI-UHFFFAOYSA-N,CFXICROPFOOZFI,PubChem,234934,,kav_test.csv,0,62.7%,0.314814805984497
NC(=O)c1cn(Cc2c(F)cccc2F)nn1,0,POGQSBRIGCQNEG-UHFFFAOYSA-N,POGQSBRIGCQNEG,"Didziapetris et al., 2016",,,eval_set_herg_60.csv,0,52.3%,0.315068483352661
COCCN(Cc1cc2cc3c(cc2nc1Cl)OCO3)C(=O)Nc1ccc(OC)cc1,0,UTAZLDSNVLGEPF-UHFFFAOYSA-N,UTAZLDSNVLGEPF,PubChem,3216989,,kav_test.csv,1,56.7%,0.315068483352661
CN(c1ccccc1)S(=O)(=O)c1cccc(NC(=O)CSc2nncn2C)c1,0,JWJVKMPEUZIMKJ-UHFFFAOYSA-N,JWJVKMPEUZIMKJ,PubChem,4878909,,kav_test.csv,0,58.7%,0.315217405557632
CC(C)OP(=O)(OC(C)C)[C@@H](O)c1ccc(Br)cc1,0,YLNYYEKPUCIHTA-CYBMUJFWSA-N,YLNYYEKPUCIHTA,PubChem,3721255,,kav_test.csv,0,72.0%,0.315789461135864
Cc1cc(C)n(-c2ccc(C(=O)N3CCN(S(=O)(=O)c4ccc(C(C)C)cc4)CC3)cc2)n1,0,CQSLMFMVMYAJPS-UHFFFAOYSA-N,CQSLMFMVMYAJPS,PubChem,4798699,,kav_test.csv,1,56.8%,0.315789461135864
COc1ccc([C@H]2C[C@H](n3cc(C4CC4)nn3)[C@@H](O)CN2CC2CCCCC2)cc1,1,YUNAFMYDWMIAOK-SGNDLWITSA-N,YUNAFMYDWMIAOK,PubChem,46902597,,kav_test.csv,1,71.1%,0.315789461135864
CCCCC(=O)N/N=C/c1cc([N+](=O)[O-])ccc1N1CCOCC1,0,SGRVSXHWILOLAL-SFQUDFHCSA-N,SGRVSXHWILOLAL,PubChem,9633715,,kav_test.csv,0,50.5%,0.315789461135864
CCOC(=O)Cn1/c(=N/C(=O)c2sc3ccccc3c2Cl)sc2cc(S(N)(=O)=O)ccc21,0,PFUIZHAZQWAOBU-ATJXCDBQSA-N,PFUIZHAZQWAOBU,PubChem,4625720,,kav_test.csv,0,55.1%,0.315789461135864
Cc1cc(NC(=O)CSc2nc3cc(Cl)ccc3c(=O)n2Cc2ccco2)no1,1,IBQOSUPAYTVSQE-UHFFFAOYSA-N,IBQOSUPAYTVSQE,PubChem,2567858,,kav_test.csv,1,50.1%,0.315789461135864
Cc1ccc(C2=CC(NC(C)(C)Cc3ccccc3)=NCCN2)cc1,1,JDVROHYUNYELGG-UHFFFAOYSA-N,JDVROHYUNYELGG,"Didziapetris et al., 2016",,,eval_set_herg_70.csv,1,70.0%,0.315789461135864
C[C@H]1C(=O)N2CCCc3cc(NC(=O)C(=O)NCCCc4ccccc4)cc1c32,0,RIVISHCEIGSMKV-OAHLLOKOSA-N,RIVISHCEIGSMKV,PubChem,16823232,,kav_test.csv,1,53.4%,0.315789461135864
O=C(COc1c(C(=O)NCc2ccccc2)ccc2ccccc12)Nc1ccccc1N1CCCC1=O,0,PHHPLSLJGPCULR-UHFFFAOYSA-N,PHHPLSLJGPCULR,"Didziapetris et al., 2016",,,eval_set_herg_60.csv,1,64.4%,0.315789461135864
Brc1ccccc1[C@H]1C=C(c2ccccc2)Nc2ccccc2N1,0,KTJMXYKBLDNDKY-OAQYLSRUSA-N,KTJMXYKBLDNDKY,PubChem,3810147,,kav_test.csv,1,55.6%,0.315789461135864
Cc1ccc(C(=O)COC(=O)CN2C(=O)[C@@H]3[C@@H]4CC[C@@H](C4)[C@@H]3C2=O)cc1[N+](=O)[O-],0,IEVFBIHHVIHAHP-WVMBZCLNSA-N,IEVFBIHHVIHAHP,PubChem,3693906,,kav_test.csv,0,57.3%,0.315789461135864
CN(C1=NC(=O)CS1)c1ccc(O)cc1,0,VLRZTUWWTUBKBF-UHFFFAOYSA-N,VLRZTUWWTUBKBF,PubChem,753487,,kav_test.csv,0,55.4%,0.315789461135864
Cc1ccc(S(=O)(=O)N2CCOCC2)cc1NC(=O)CSc1nc2ccccc2c(=O)n1Cc1ccccc1,0,CUBXYBQRYVCXBM-UHFFFAOYSA-N,CUBXYBQRYVCXBM,PubChem,3918932,,kav_test.csv,1,60.1%,0.316326528787613
Cc1ccc(-c2nnc(SCC(=O)N[C@@H]3CCS(=O)(=O)C3)nc2-c2ccc(C)cc2)cc1,0,HWDZSGPSTLYIQY-LJQANCHMSA-N,HWDZSGPSTLYIQY,PubChem,6415056,,kav_test.csv,1,58.1%,0.316455692052841
CCN(CC)C(=O)Cn1cc(S(=O)(=O)CC(=O)N2CCCCCC2)c2ccccc21,0,QASXXBXBKYTCEF-UHFFFAOYSA-N,QASXXBXBKYTCEF,PubChem,16194645,,kav_test.csv,0,56.7%,0.316455692052841
O=C1N[C@H](Cc2ccccc2)c2nc3ccc(F)cc3c(=O)n2-c2ncccc21,0,SZRXDFRAHGIVNY-GOSISDBHSA-N,SZRXDFRAHGIVNY,PubChem,46904334,,kav_test.csv,1,58.7%,0.316455692052841
CN(C(=O)CSc1nnc(CNC(=O)c2ccccc2)o1)c1ccccc1,0,VMXZWXQMIUIUJB-UHFFFAOYSA-N,VMXZWXQMIUIUJB,PubChem,7502106,,kav_test.csv,0,59.0%,0.316666662693024
CCOc1ccc2nc(NCCNC(=O)CC)c(C#N)cc2c1,0,SBIFELRMHSAINV-UHFFFAOYSA-N,SBIFELRMHSAINV,PubChem,650115,,kav_test.csv,1,53.1%,0.316666662693024
Cc1ccc(NC(=O)c2ccn(C)n2)c(Br)c1,0,VIDFDVRAHGVDSJ-UHFFFAOYSA-N,VIDFDVRAHGVDSJ,PubChem,832004,,kav_test.csv,1,51.7%,0.316666662693024
CCCn1c(=S)[nH]c2ccc(C(F)(F)F)cc21,0,WQJPVWAGTNRUIJ-UHFFFAOYSA-N,WQJPVWAGTNRUIJ,PubChem,3801756,,kav_test.csv,0,58.2%,0.316666662693024
CCOc1ccc(S(=O)(=O)n2ccc(C)n2)cc1,0,GHUKHYSMHXVTEF-UHFFFAOYSA-N,GHUKHYSMHXVTEF,PubChem,1085564,,kav_test.csv,0,60.7%,0.316666662693024
O=C1c2ccccc2[C@H](Nc2ccc(Cl)cn2)N1c1cccnc1,0,DNZONJIXWLIJIX-QGZVFWFLSA-N,DNZONJIXWLIJIX,PubChem,5309328,,kav_test.csv,1,67.6%,0.317073166370392
CCCn1c(CCc2ccccc2)n[nH]c1=S,0,KARPAFCPKLMQFH-UHFFFAOYSA-N,KARPAFCPKLMQFH,PubChem,951884,,kav_test.csv,0,55.2%,0.317073166370392
CC(=O)N1c2ccc(S(=O)(=O)N3CCCCC3)cc2C[C@@H]1C(=O)Nc1ccc(F)cc1C,0,OLLMTGMFHWBOQG-JOCHJYFZSA-N,OLLMTGMFHWBOQG,PubChem,20956586,,kav_test.csv,0,51.5%,0.317073166370392
CN(C(=O)Cc1csc(-c2ccccc2)n1)c1c(N)n(Cc2ccccc2)c(=O)[nH]c1=O,0,QQEJWWATIXNABI-UHFFFAOYSA-N,QQEJWWATIXNABI,PubChem,16259163,,kav_test.csv,1,54.4%,0.317073166370392
CN(C)c1cccc(C(=O)N=c2[nH]c3ccccc3[nH]2)c1,0,YBHKNPOLPRIBBG-UHFFFAOYSA-N,YBHKNPOLPRIBBG,PubChem,2094784,,kav_test.csv,0,51.1%,0.317073166370392
Cc1ccc(S(=O)(=O)c2nc(-c3cccs3)oc2NCCCN(C)C)cc1,0,BVLFUVYGUATWBS-UHFFFAOYSA-N,BVLFUVYGUATWBS,PubChem,1741685,,kav_test.csv,1,66.0%,0.31746032834053
CNC1=Nc2ccc(Cl)cc2[C@@H](c2ccccc2)N(O)C1,0,YMPXMTJJHMOCFO-MRXNPFEDSA-N,YMPXMTJJHMOCFO,PubChem,135497746,,kav_test.csv,1,58.8%,0.31746032834053
Cc1ccc(-c2c[n+](Cc3ccc(Cl)c(Cl)c3)c3n2CCC3)cc1,0,QVEBUSGMCLWBTC-UHFFFAOYSA-N,QVEBUSGMCLWBTC,PubChem,12005697,,kav_test.csv,1,88.6%,0.31746032834053
O=C(Nc1ccccc1)C1=C[C@H](c2ccc3c(c2)OCO3)C[C@H](OCc2ccc(CO)cc2)O1,0,FPODLJZQGKLSOA-HFZDXXHNSA-N,FPODLJZQGKLSOA,PubChem,16197012,,kav_test.csv,1,58.6%,0.317647069692612
Cc1c(C(=O)NCCSCc2c(F)cccc2Cl)cnn1-c1ccc(F)cc1,0,XIFIMRKGGCHDDG-UHFFFAOYSA-N,XIFIMRKGGCHDDG,PubChem,2810778,,kav_test.csv,1,69.0%,0.317647069692612
COCCN(C(=O)c1cc(OC)c(OC)c(OC)c1)c1c(N)n(Cc2ccccc2)c(=O)[nH]c1=O,0,MQDYQUYDOHALLU-UHFFFAOYSA-N,MQDYQUYDOHALLU,PubChem,2441247,,kav_test.csv,1,50.1%,0.317647069692612
O=C1C[C@H](c2ccccc2)CC(O)=C1/C=N/CCN1CCOCC1,0,SDGRPEITBOQGJE-ZGPWBKFBSA-N,SDGRPEITBOQGJE,PubChem,135399196,,kav_test.csv,1,56.9%,0.318181812763214
Cc1nc(Cl)nc(N(C)c2ccccc2)c1[N+](=O)[O-],0,JDGQVAOYUNHCNU-UHFFFAOYSA-N,JDGQVAOYUNHCNU,PubChem,245966,,kav_test.csv,0,59.8%,0.318181812763214
N/C(CC(=O)Nc1ccc(F)cc1F)=N\OC(=O)c1cccs1,0,SMKAVGHSLMSLLD-UHFFFAOYSA-N,SMKAVGHSLMSLLD,PubChem,9583056,,kav_test.csv,0,57.8%,0.318181812763214
CCOC(=O)c1s/c(=N/C(=O)c2ccc(OC(C)C)cc2)n(C)c1C,0,VOHMCOZJWMGMAQ-VHEBQXMUSA-N,VOHMCOZJWMGMAQ,PubChem,3341993,,kav_test.csv,0,58.0%,0.318181812763214
Cc1ccc(C)c(S(=O)(=O)N2CCN(C(=O)C3CCN(c4ncnc5sc(C)c(C)c45)CC3)CC2)c1,0,GEFIIKOTDKZVCI-UHFFFAOYSA-N,GEFIIKOTDKZVCI,PubChem,24982539,,kav_test.csv,1,54.9%,0.318181812763214
Cc1nnc(-c2cnn(-c3ccccc3)c2N)n1Cc1ccccc1,0,MBOLZWGJNSKUQE-UHFFFAOYSA-N,MBOLZWGJNSKUQE,PubChem,1472680,,kav_test.csv,1,64.9%,0.318181812763214
CCCCN(CC)C(=O)c1oc2ccc(S(=O)(=O)N3CCCC3)cc2c1C,0,NUMINPDYXMYXAN-UHFFFAOYSA-N,NUMINPDYXMYXAN,PubChem,4575595,,kav_test.csv,1,51.5%,0.318181812763214
Cc1cc(-n2c(C)cc(C(=O)COc3ccccc3[N+](=O)[O-])c2C)no1,0,KZRMAJHICOSUBV-UHFFFAOYSA-N,KZRMAJHICOSUBV,PubChem,2500635,,kav_test.csv,0,51.7%,0.318181812763214
CC(=O)c1ccc(C(=O)N2CCC(n3nccc3NC(=O)C3CC3)CC2)cc1,0,FRBYHVTXZFDCOA-UHFFFAOYSA-N,FRBYHVTXZFDCOA,PubChem,24791297,,kav_test.csv,0,63.5%,0.318840593099594
Cc1ccc(S(=O)(=O)N2CCOCC2)cc1NC(=O)COC(=O)c1n[nH]c(=O)c2ccccc12,0,YILABTKCNWKZMJ-UHFFFAOYSA-N,YILABTKCNWKZMJ,PubChem,5258283,,kav_test.csv,0,62.6%,0.319148927927017
CC(=O)N(CC(=O)N(C)C)c1ccccc1,0,KEVKBVWYVMVEBG-UHFFFAOYSA-N,KEVKBVWYVMVEBG,PubChem,19536,,kav_test.csv,0,68.7%,0.319148927927017
Cc1ccc(-n2nc(C)c3c(C)c(CCC(=O)NCCCOC(C)C)c(C)nc32)cc1,0,XQBGCCOJJYDFJJ-UHFFFAOYSA-N,XQBGCCOJJYDFJJ,PubChem,23603532,,kav_test.csv,1,62.7%,0.319148927927017
O=C(Cn1c[n+](CC(=O)c2ccc([N+](=O)[O-])cc2)cn1)c1ccc([N+](=O)[O-])cc1,0,GBCLNYJKUNANCX-UHFFFAOYSA-N,GBCLNYJKUNANCX,PubChem,16187200,,kav_test.csv,1,50.3%,0.319148927927017
Cc1cccnc1NC(=O)CCNC(=O)c1ccc(Br)cc1,0,VHPYYCIOOBWFKF-UHFFFAOYSA-N,VHPYYCIOOBWFKF,PubChem,18106983,,kav_test.csv,1,52.3%,0.319444447755814
CCN(C(=O)CSc1nc2cc(Cl)ccc2c(=O)n1CC(C)C)[C@@H]1CCS(=O)(=O)C1,0,UFVVZCSDJIJHEP-OAHLLOKOSA-N,UFVVZCSDJIJHEP,PubChem,3376101,,kav_test.csv,1,51.2%,0.319587618112564
CCCCNC(=S)NNC(=O)c1csc2ccccc12,0,XCCJUOKMJHPDBO-UHFFFAOYSA-N,XCCJUOKMJHPDBO,PubChem,4677340,,kav_test.csv,1,55.0%,0.319999992847443
O=C(Cn1cnc(S(=O)(=O)N2CCCC2)c1)Nc1cccc(F)c1,0,YHWLRYPIWJWZTA-UHFFFAOYSA-N,YHWLRYPIWJWZTA,PubChem,16027139,,kav_test.csv,0,57.7%,0.319999992847443
Cc1ccc(/C=N/c2cccnc2N)cc1,0,HMJBDTRTYHHRMW-CXUHLZMHSA-N,HMJBDTRTYHHRMW,PubChem,901807,,kav_test.csv,0,63.3%,0.319999992847443
CCN(C(=O)CSc1nnc(C)n1-c1ccccc1)[C@@H]1CCS(=O)(=O)C1,0,IKGXGUUOAGZXRE-OAHLLOKOSA-N,IKGXGUUOAGZXRE,PubChem,3524010,,kav_test.csv,0,54.0%,0.319999992847443
CCCCc1c(O)nc(SCC(=O)N2CCCCC2)n(-c2ccccc2C)c1=O,1,DLZRHCAFXKOMMT-UHFFFAOYSA-N,DLZRHCAFXKOMMT,PubChem,135449562,,kav_test.csv,1,54.6%,0.319999992847443
O=C(c1ccc(-n2cncn2)c([N+](=O)[O-])c1)N1CCN(S(=O)(=O)c2ccccc2F)CC1,0,BEXWHVAVNYUNRL-UHFFFAOYSA-N,BEXWHVAVNYUNRL,PubChem,24979214,,kav_test.csv,1,51.0%,0.319999992847443
CCN(CC)S(=O)(=O)c1ccc(N[C@H]2c3ncccc3C(=O)N2Cc2ccccc2)cc1,0,ZFRCKALEJSTNHE-HSZRJFAPSA-N,ZFRCKALEJSTNHE,PubChem,3241332,,kav_test.csv,1,65.5%,0.319999992847443
Cc1ccc2c(CN3CCN(S(=O)(=O)c4ccccc4C(F)(F)F)CC3)cc(=O)oc2c1,1,HLUGPVVZPRHPFR-UHFFFAOYSA-N,HLUGPVVZPRHPFR,PubChem,16333104,,kav_test.csv,1,59.2%,0.319999992847443
CCCN1C(=O)/C(=C/c2ccc3c(c2)OCO3)NC1=S,0,RURFWHSQOKQUIO-POHAHGRESA-N,RURFWHSQOKQUIO,PubChem,6005454,,kav_test.csv,0,55.2%,0.319999992847443
COc1ccccc1-c1cc(C(F)(F)F)nc(S(=O)(=O)CCCC(=O)N2CCCC[C@H]2C)n1,0,MMMYILSKKOGDDD-OAHLLOKOSA-N,MMMYILSKKOGDDD,PubChem,3238559,,kav_test.csv,1,61.1%,0.32051283121109
Cc1nnc(SCC(=O)N2CCC[C@@H](N3CCN(c4ccc(F)cc4)CC3)C2)o1,0,SJTSNIZHQMNVAZ-GOSISDBHSA-N,SJTSNIZHQMNVAZ,PubChem,24818942,,kav_test.csv,1,64.5%,0.32051283121109
O=C(NCCCn1cccn1)[C@@H]1CCC(=O)N(Cc2ccccc2F)C1,0,TUVDNUYLNVUJLR-MRXNPFEDSA-N,TUVDNUYLNVUJLR,PubChem,24793924,,kav_test.csv,1,54.5%,0.32051283121109
COc1ccccc1S(=O)(=O)Nc1cccc(-c2nnc3n2CCCCC3)c1,0,BNQVCHXBQLOBTI-UHFFFAOYSA-N,BNQVCHXBQLOBTI,PubChem,2465224,,kav_test.csv,1,60.9%,0.32051283121109
O=C(NCCN1C(=O)S/C(=C\c2ccc(Cl)c(Cl)c2)C1=O)c1ccc2c(c1)C(=O)N(Cc1ccncc1)C2=O,0,XWRRJJRBCFNCDY-UUYOSTAYSA-N,XWRRJJRBCFNCDY,PubChem,2122582,,kav_test.csv,1,64.2%,0.32051283121109
CNC(=O)n1cc(Br)c(/C=N\OCc2ccc(OC)cc2)n1,0,QRKCFJISQXWTGJ-IDUWFGFVSA-N,QRKCFJISQXWTGJ,PubChem,5918460,,kav_test.csv,1,51.6%,0.32051283121109
Cn1c(CNC(=O)c2ccccc2F)nnc1SCc1nc2ccccc2c(=O)[nH]1,1,UTVCZQLBAGESJB-UHFFFAOYSA-N,UTVCZQLBAGESJB,PubChem,135438733,,kav_test.csv,0,59.6%,0.32051283121109
O=C(NCc1ccc(Cl)cc1)C(=O)NC[C@H]1OCCN1C(=O)c1cccs1,0,KHLMMFLXYNNTIH-OAHLLOKOSA-N,KHLMMFLXYNNTIH,PubChem,12005904,,kav_test.csv,0,52.4%,0.32051283121109
N#CC1(NC(=O)CN2C(=O)N[C@H](Cc3c[nH]c4ccccc34)C2=O)CCCCC1,0,NSWYHIPUFPKFEM-QGZVFWFLSA-N,NSWYHIPUFPKFEM,PubChem,3380433,,kav_test.csv,0,61.5%,0.32051283121109
C=CCN(CC=C)CCOc1ccccc1F,0,YWFKZEHEOQIXKV-UHFFFAOYSA-N,YWFKZEHEOQIXKV,PubChem,2944158,,kav_test.csv,0,59.2%,0.320754706859589
CCn1cc(CNC(=O)c2cc([N+](=O)[O-])cc([N+](=O)[O-])c2)cn1,0,HFNLLNRVLVCCJU-UHFFFAOYSA-N,HFNLLNRVLVCCJU,PubChem,1765538,,kav_test.csv,0,58.6%,0.320754706859589
Cc1cc(C(=O)NNC(=O)c2ccc(F)cc2)c(C)s1,0,QUXKDBCAGAERPI-UHFFFAOYSA-N,QUXKDBCAGAERPI,PubChem,9105676,,kav_test.csv,0,50.9%,0.320754706859589
c1nnnn1[C@]12C[C@H]3C[C@H](C[C@H](C3)C1)C2,0,KFQREURXCYHWIC-BIBSGERRSA-N,KFQREURXCYHWIC,PubChem,3143905,,kav_test.csv,0,60.5%,0.320754706859589
C/C(CC(=O)Nc1ccc2c(c1)OCO2)=N\NC(=O)c1ccc(N)cc1,0,AUGHAQKWDIHKOL-SRZZPIQSSA-N,AUGHAQKWDIHKOL,PubChem,9638781,,kav_test.csv,0,52.8%,0.320987641811371
CCS(=O)(=O)C[N+]C1c2cc(C[N+])ccc2OC(C)(C)C1O,1,OGXKOXVZGAIVJE-UHFFFAOYSA-N,OGXKOXVZGAIVJE,"Doddareddy et al., 2010",,,eval_set_herg_60.csv,0,62.7%,0.320987641811371
CCOc1ccc(C(=O)COC(=O)c2cccc(-n3cnnn3)c2)cc1,0,KRAGTDOVFUUDAQ-UHFFFAOYSA-N,KRAGTDOVFUUDAQ,PubChem,24687851,,kav_test.csv,0,56.5%,0.320987641811371
C[C@H]1C[C@@H](NS(=O)(=O)c2cccs2)CC(C)(C)C1,0,JILVXKZYSMHVED-WDEREUQCSA-N,JILVXKZYSMHVED,PubChem,3157270,,kav_test.csv,0,65.2%,0.321428567171097
COc1ncc(-c2ccc(C(=O)O)cc2C)cc1-c1ccc(C(F)(F)F)nc1CN1C(=O)OC(c2cc(C(F)(F)F)cc(C(F)(F)F)c2)C1C,1,KYVMXYAKTSAIGM-UHFFFAOYSA-N,KYVMXYAKTSAIGM,PubChem,CUPID,,kav_test.csv,0,51.3%,0.321428567171097
CS(=O)(=O)c1ccc(C2=C(CNC(=O)c3cccs3)[C@H]3CC[C@@H](C2)N3Cc2ccco2)cc1,1,LYAHXDGXMRBXIC-FDDCHVKYSA-N,LYAHXDGXMRBXIC,PubChem,46904732,,kav_test.csv,1,68.5%,0.321428567171097
CCNc1nc(NC(C)C)nc(SCCOc2ccc(C)cc2)n1,0,NZQDIZLTOXEKBJ-UHFFFAOYSA-N,NZQDIZLTOXEKBJ,PubChem,1819215,,kav_test.csv,1,57.2%,0.321428567171097
O=[N+]([O-])c1cccc(/C(O)=N/c2nnc(S(=O)(=O)N3CCCC3)s2)c1,0,GJDAUOCFTWXPFT-UHFFFAOYSA-N,GJDAUOCFTWXPFT,PubChem,24791930,,kav_test.csv,0,59.0%,0.321428567171097
COc1ccc(CN2C(=O)[C@@H](CC(=O)NCc3ccco3)CC(C(=O)N(C)C)=C2C)cc1,0,CNFVGTOFNGHETQ-GOSISDBHSA-N,CNFVGTOFNGHETQ,PubChem,46902858,,kav_test.csv,0,57.5%,0.321839094161987
CCOC(=O)c1cnn(-c2nc(SC)nc3sc4c(c23)CCC4)c1N,0,KJBYQUWXTYDNMT-UHFFFAOYSA-N,KJBYQUWXTYDNMT,PubChem,1256937,,kav_test.csv,0,50.4%,0.321839094161987
Cc1ccc(C(=O)NCCc2nnc3c(C(F)(F)F)cc(Cl)cn23)o1,0,NCSFJOIXBZPVPM-UHFFFAOYSA-N,NCSFJOIXBZPVPM,PubChem,7694172,,kav_test.csv,0,51.4%,0.321839094161987
CN(C)CCn1c(S)nc2ncccc2c1=O,0,RRWODJXTYUXFPQ-UHFFFAOYSA-N,RRWODJXTYUXFPQ,PubChem,4324586,,kav_test.csv,0,57.0%,0.322033911943436
OC(c1ccc(F)cc1)c1ccc(F)cc1,0,WCTZPQWLFWZYJE-UHFFFAOYSA-N,WCTZPQWLFWZYJE,"Didziapetris et al., 2016",,,eval_set_herg_60.csv,0,57.3%,0.322580635547638
CSc1nc(-c2ccc(Cl)cc2)nn1C(=O)c1ccccc1,0,MRAAINIKTLQAMC-UHFFFAOYSA-N,MRAAINIKTLQAMC,PubChem,828532,,kav_test.csv,1,53.4%,0.322580635547638
O=C(OCC(=O)N1CCCC1)c1c(Cl)cccc1Cl,0,RIUCFHRDEBUWMW-UHFFFAOYSA-N,RIUCFHRDEBUWMW,PubChem,4304677,,kav_test.csv,0,58.2%,0.322580635547638
Cc1nnc(SCC(=O)N[C@]23C[C@H]4C[C@H](C[C@H](C4)C2)C3)s1,0,OLTOULVIIOFYIJ-WUQLGEGHSA-N,OLTOULVIIOFYIJ,PubChem,2974390,,kav_test.csv,0,61.4%,0.322580635547638
COc1cc(C(=O)NS(=O)(=O)c2ccccc2C)ccc1Cc1cn(C)c2ccc(NC(=O)OC3CCCC3)cc12,0,YEEZWCHGZNKEEK-UHFFFAOYSA-N,YEEZWCHGZNKEEK,"Didziapetris et al., 2016",,,eval_set_herg_60.csv,1,61.5%,0.322580635547638
O/C(=C\C=N\c1ccc(Oc2ccccc2Cl)cc1)c1ccco1,0,YFFSDXZRCUBVJT-NHJUXKLCSA-N,YFFSDXZRCUBVJT,PubChem,2196420,,kav_test.csv,1,50.8%,0.322580635547638
CCN1CCN(C2=C(Cl)C(=O)N(Cc3ccccc3)C2=O)CC1,0,NOCGCITVAUXVKI-UHFFFAOYSA-N,NOCGCITVAUXVKI,PubChem,734026,,kav_test.csv,1,51.1%,0.322580635547638
CC[C@@H]1CN(c2scnc2-c2nc3ccccc3[nH]2)CCN1C(=O)Cn1cnc2cccnc21,1,AXOCJQGAWLLMQP-MRXNPFEDSA-N,AXOCJQGAWLLMQP,PubChem,71680140,35947786,kav_test.csv,1,60.5%,0.322580635547638
O=C(Cn1ncc2c3ccccc3n(Cc3cccc(Cl)c3)c2c1=O)NCc1ccccn1,0,HZMNMEDXDDQXBN-UHFFFAOYSA-N,HZMNMEDXDDQXBN,PubChem,20892254,,kav_test.csv,1,64.5%,0.322580635547638
O=C(COc1ccccc1F)OCC(=O)c1ccc([N+](=O)[O-])cc1,0,AEAQZZIQJZCEOK-UHFFFAOYSA-N,AEAQZZIQJZCEOK,PubChem,2363032,,kav_test.csv,0,50.7%,0.322580635547638
COc1ccc(CNC(=O)COC(=O)C2=COCCO2)cc1,0,NVIQGRXPESDGLY-UHFFFAOYSA-N,NVIQGRXPESDGLY,PubChem,2094679,,kav_test.csv,0,54.9%,0.32307693362236
CCOC(=O)C1=C(CCc2ccccc2)NC(=O)N[C@@H]1c1ccc2ccccc2c1,0,SBSDXETULGXDPF-HSZRJFAPSA-N,SBSDXETULGXDPF,PubChem,5461399,,kav_test.csv,1,59.4%,0.323529422283173
CCCCCCOc1ccc(N2C(=O)C[C@@H](SCCN)C2=O)cc1,0,PHKGKIJYKOSSCR-MRXNPFEDSA-N,PHKGKIJYKOSSCR,PubChem,17385754,,kav_test.csv,0,50.7%,0.323529422283173
CCOC(=O)Cn1c(N)[n+](CCOc2ccc3ccccc3c2)c2ccccc21,0,BDSQWOPRSMBXAT-UHFFFAOYSA-O,BDSQWOPRSMBXAT,PubChem,2931813,,kav_test.csv,1,59.1%,0.323529422283173
CN(C)c1nc(C(=O)NN)nc(N(C)C)n1,0,FPCRQGGTYHOGFK-UHFFFAOYSA-N,FPCRQGGTYHOGFK,PubChem,602539,,kav_test.csv,0,58.8%,0.323529422283173
COc1ccc(-n2ncc(N(C)n3cccc3)c(Cl)c2=O)cc1,0,XHMFDOIXIIEIIC-UHFFFAOYSA-N,XHMFDOIXIIEIIC,PubChem,2769264,,kav_test.csv,1,58.2%,0.323529422283173
O=C(NCc1cccc(CN2CCCC2=O)c1)NCC(c1ccccc1)c1ccccc1,0,IUQOZVTUICEYPX-UHFFFAOYSA-N,IUQOZVTUICEYPX,"Didziapetris et al., 2016",,,eval_set_herg_60.csv,1,65.4%,0.323529422283173
CC(=O)c1ccc(-n2c(SCC(=O)c3c[nH]c4ccccc34)nc3ccccc3c2=O)cc1,0,JXPZAZXMHFXFIL-UHFFFAOYSA-N,JXPZAZXMHFXFIL,PubChem,2491242,,kav_test.csv,1,56.5%,0.323943674564362
CCOc1ccc(-c2nc(C#N)c(N3CCN(CC)CC3)o2)cc1,0,BLLUIYGRSUOGLF-UHFFFAOYSA-N,BLLUIYGRSUOGLF,PubChem,661181,,kav_test.csv,1,66.4%,0.323943674564362
COc1cc(CN2CCN(C3CCC3)C[C@H]2CCO)cc(OC)c1,0,HZBHAKQOSKJDCA-QGZVFWFLSA-N,HZBHAKQOSKJDCA,PubChem,23723568,,kav_test.csv,1,56.9%,0.323943674564362
CCCSC1=C(C#N)[C@@H](c2ccc(O)c(OC)c2)CC(=O)N1,0,GFHNCVGWDXXYOC-LLVKDONJSA-N,GFHNCVGWDXXYOC,PubChem,4671686,,kav_test.csv,0,60.2%,0.323943674564362
CCC[NH+]1C[C@H](CSC)C[C@@H]2c3cccc4c3C(C=N4)C[C@H]21,1,NKPQTGNIPWSNNX-RILYDNKNSA-O,NKPQTGNIPWSNNX,"Konda et al., 2019",,,eval_set_herg_60.csv,1,71.0%,0.324324309825897
C[C@@H](Sc1nnc(-c2cccs2)n1-c1ccccc1)C(=O)NCc1ccco1,0,BVRPFMSNWBSQFL-CQSZACIVSA-N,BVRPFMSNWBSQFL,PubChem,4879065,,kav_test.csv,1,53.9%,0.324324309825897
CC[N+]1=C(NCc2cc(OC)c(OC)c(OC)c2)N[C@@H](c2ccccc2)C(C(=O)OC)=C1C,0,AMIXCINAFZZVCH-QFIPXVFZSA-O,AMIXCINAFZZVCH,PubChem,135871465,,kav_test.csv,1,56.0%,0.324324309825897
NC(=O)CSc1nnc(-c2ccccc2F)n1C1CC1,0,ORLULVDIPWFSCI-UHFFFAOYSA-N,ORLULVDIPWFSCI,PubChem,2469975,,kav_test.csv,0,57.4%,0.324324309825897
CCCCN(C)C(=O)CCCCn1c(=O)[nH]c2cc(OCC)c(OCC)cc2c1=O,1,YRSQJPGULPLBJK-UHFFFAOYSA-N,YRSQJPGULPLBJK,PubChem,3243769,,kav_test.csv,1,52.1%,0.324324309825897
COc1cc(NCC(=O)Nc2cccc(S(=O)(=O)N3CCCCC3)c2)cc(OC)c1OC,0,MKKDQJLRAZKNDU-UHFFFAOYSA-N,MKKDQJLRAZKNDU,PubChem,4857776,,kav_test.csv,0,50.7%,0.32467532157898
Cc1ccc2c(c1)nnn2C1CCN(S(=O)(=O)c2ccc(C(=O)N(C)C)cc2)CC1,0,CJJHMSWSJNGSFN-UHFFFAOYSA-N,CJJHMSWSJNGSFN,PubChem,656159,,kav_test.csv,0,54.3%,0.32467532157898
Cc1ccc(S(=O)(=O)N2CCN(C(=O)COC(=O)COc3ccccc3)CC2)cc1,0,DZTYQSRGRXUANV-UHFFFAOYSA-N,DZTYQSRGRXUANV,PubChem,2999011,,kav_test.csv,0,58.2%,0.32467532157898
Cc1cc(SCc2ccccc2C)nc(=O)[nH]1,0,ZULRNFAMVBQATB-UHFFFAOYSA-N,ZULRNFAMVBQATB,PubChem,7183952,,kav_test.csv,0,57.1%,0.324999988079071
O=S(=O)(Cc1nnnn1-c1ccccc1)c1ccc(Cl)cc1,0,QAMNXUBHZHYIMA-UHFFFAOYSA-N,QAMNXUBHZHYIMA,PubChem,16452095,,kav_test.csv,1,57.1%,0.324999988079071
COCCN(C(=O)c1ccccc1)c1nc(-c2ccc(OC)cc2)cs1,0,IVVQDTROQMHBTE-UHFFFAOYSA-N,IVVQDTROQMHBTE,PubChem,3170686,,kav_test.csv,1,61.2%,0.324999988079071
COC(=O)c1ccc(N/N=N/c2ccc(C)cc2)cc1,1,PRQMYDIISFXPRJ-UHFFFAOYSA-N,PRQMYDIISFXPRJ,PubChem,2828925,,kav_test.csv,0,57.8%,0.324999988079071
CC(C)(C)c1[nH]ncc1[N+](=O)[O-],0,ZGZXLSKQZBZQOF-UHFFFAOYSA-N,ZGZXLSKQZBZQOF,PubChem,1473128,,kav_test.csv,0,70.6%,0.325581401586533
NC(=O)c1ccccc1NC(=O)CC1(CC(=O)O)CCCC1,0,VHJYFDDBSYMJCR-UHFFFAOYSA-N,VHJYFDDBSYMJCR,PubChem,2348754,,kav_test.csv,0,67.8%,0.325581401586533
COc1ccc(CNC(=O)c2c(S)n(-c3ccc(C)cc3)c3cccc[n+]23)cc1,0,FXFGYHRBMBDPGL-UHFFFAOYSA-O,FXFGYHRBMBDPGL,PubChem,6798010,,kav_test.csv,1,77.2%,0.325581401586533
CSc1nnc2c3ccccc3n(Cc3ccccc3)c2n1,0,BOKIJEQYJIVZPJ-UHFFFAOYSA-N,BOKIJEQYJIVZPJ,PubChem,2968669,,kav_test.csv,1,55.9%,0.325581401586533
O=C(CSc1nnc(N2CCOCC2)n1-c1ccccc1)NCc1cccc(NC(=O)C2CC2)c1,0,VYNLDXGRJIMEOF-UHFFFAOYSA-N,VYNLDXGRJIMEOF,"Didziapetris et al., 2016",,,eval_set_herg_60.csv,1,57.8%,0.325581401586533
Oc1ccc(/C=N/c2ccc3ncccc3c2)c(O)c1,0,UOPYWJIBUUJJDQ-VCHYOVAHSA-N,UOPYWJIBUUJJDQ,PubChem,660294,,kav_test.csv,1,52.8%,0.325581401586533
Cc1ccc(C(=O)NCC(=O)N2CCC[C@@H](C(F)(F)F)C2)s1,0,VKPHYKAHIISTHZ-SNVBAGLBSA-N,VKPHYKAHIISTHZ,PubChem,24982119,,kav_test.csv,0,63.1%,0.325581401586533
O=P(Cc1nnco1)(c1ccccc1)c1ccccc1,0,CMTUWBIOWGJVTR-UHFFFAOYSA-N,CMTUWBIOWGJVTR,PubChem,659585,,kav_test.csv,0,66.4%,0.325581401586533
COC(=O)c1c(C(=O)OC)c(-c2ccc(Cl)cc2)n2c1CS(=O)(=O)C2,0,BWBPQFUWGIJUIM-UHFFFAOYSA-N,BWBPQFUWGIJUIM,PubChem,1486676,,kav_test.csv,0,58.0%,0.325581401586533
CCc1nc2cccnc2n1-c1ccc(CC(=O)N[C@H](C)CC)cc1,0,IIGZYOPVBWRLGQ-CQSZACIVSA-N,IIGZYOPVBWRLGQ,PubChem,20916170,,kav_test.csv,0,50.0%,0.325842708349228
COC(=O)N[C@]12CC[C@](n3cc(-c4ccc(Cl)c(N)c4)c4c(N)ncnc43)(CC1)CC2,1,NWKUBTQEYKTRNT-SZPZYZBQSA-N,NWKUBTQEYKTRNT,PubChem,164610332,34917254,kav_test.csv,1,61.6%,0.325842708349228
Cc1c(Cl)c(=O)oc2cc(OP(=O)(OCCCl)OCCCl)ccc12,0,KULDXINYXFTXMO-UHFFFAOYSA-N,KULDXINYXFTXMO,PubChem,9454,,eval_set_herg_70.csv,0,62.3%,0.326086968183517
COc1cc(OC)c(C(=O)CCC(=O)O)cc1OC,0,MCVJECHMYXGLIU-UHFFFAOYSA-N,MCVJECHMYXGLIU,PubChem,836554,,kav_test.csv,0,68.0%,0.326086968183517
CCc1ccc2[nH]c(=O)c(CN(CCN3CCOCC3)C(=O)Nc3ccccc3F)cc2c1,0,KPBUVOHCNAGXHK-UHFFFAOYSA-N,KPBUVOHCNAGXHK,PubChem,645912,,kav_test.csv,1,63.4%,0.32631579041481
CC[C@H](CCC(=O)Nc1ccc(S(N)(=O)=O)cc1)C(=O)O,1,MOAARJNOMGZHCN-SECBINFHSA-N,MOAARJNOMGZHCN,PubChem,4615453,,kav_test.csv,0,61.9%,0.326530605554581
Cc1nn(S(=O)(=O)c2ccc([N+](=O)[O-])cc2)c(C)c1Sc1ccccc1,0,QWGIQOFCEZDGQR-UHFFFAOYSA-N,QWGIQOFCEZDGQR,PubChem,1177216,,kav_test.csv,0,57.1%,0.326530605554581
O=[N+]([O-])c1cc(Cl)ccc1Sc1ccccn1,0,HQYNUUOLXDFUHF-UHFFFAOYSA-N,HQYNUUOLXDFUHF,PubChem,2804210,,kav_test.csv,0,62.0%,0.326530605554581
C=CC[C@@H](CC(=O)OC(C)(C)C)C(=O)OC[C@@H]1CCCN1C(=O)[C@@H](CC=C)CC(=O)N[C@@H](CO)Cc1ccccc1,0,NKVXEHUOCDNQQA-NFGXINMFSA-N,NKVXEHUOCDNQQA,PubChem,44201524,,kav_test.csv,0,50.6%,0.326530605554581
CC(=O)OCOC(=O)CN(CC(=O)OCOC(C)=O)c1ccccc1OCCOc1ccccc1N(CC(=O)OCOC(C)=O)CC(=O)OCOC(C)=O,1,YJIYWYAMZFVECX-UHFFFAOYSA-N,YJIYWYAMZFVECX,"Didziapetris et al., 2016",,,eval_set_herg_60.csv,1,52.2%,0.326530605554581
C/C=C/c1ccccc1OCc1ccc(C(=O)O)o1,0,UYAGNUNAKUVMAC-GORDUTHDSA-N,UYAGNUNAKUVMAC,PubChem,757560,,kav_test.csv,0,60.2%,0.326923072338104
Cc1ccc(N2C(N)=NC(N)=NC23CCCC3)c(C)c1,0,WFPZEZNRUPZXCV-UHFFFAOYSA-N,WFPZEZNRUPZXCV,PubChem,6603676,,kav_test.csv,0,56.0%,0.326923072338104
COc1ccc(-c2nc(S)c3ccc4ccccc4c3n2)cc1,1,SDYNRRUFNBIIIQ-UHFFFAOYSA-N,SDYNRRUFNBIIIQ,PubChem,860210,,kav_test.csv,1,54.7%,0.326923072338104
O=C(c1ccccc1Cl)N1CCn2c1nc1ccccc12,0,NMFJNLNRNJLIMA-UHFFFAOYSA-N,NMFJNLNRNJLIMA,PubChem,718484,,kav_test.csv,1,53.2%,0.327272713184357
COc1cc(C=O)ccc1OCc1ccncc1,0,JSFYMQUBZVFHHJ-UHFFFAOYSA-N,JSFYMQUBZVFHHJ,PubChem,759793,,kav_test.csv,0,53.7%,0.327272713184357
N#C/C(=C\c1ccc(O)cc1)C(=O)N1CCCC1,0,RHYDGEPXWCXHQD-FMIVXFBMSA-N,RHYDGEPXWCXHQD,PubChem,1505241,,kav_test.csv,0,63.8%,0.327272713184357
COc1ccc(/C=N/Nc2nonc2N)c(OC)c1,0,XVFAGIUJZJQTPJ-AWNIVKPZSA-N,XVFAGIUJZJQTPJ,PubChem,9646867,,kav_test.csv,0,51.6%,0.327272713184357
Fc1cccc([C@@H]2NN=C(c3ccccc3)S2)c1,1,NLPVJXFOKCOJJY-CQSZACIVSA-N,NLPVJXFOKCOJJY,PubChem,4395503,,kav_test.csv,0,62.5%,0.327586203813553
O=C(N/N=C/c1ccc[nH]1)c1cccnc1,0,CVRFMLMGRCWLQD-RIYZIHGNSA-N,CVRFMLMGRCWLQD,PubChem,135450850,,kav_test.csv,0,58.8%,0.327868849039078
CN(CC(=O)Nc1cccc2c1CCCC2)S(=O)(=O)c1ccc(Cl)cc1,0,GFUBVIXHFAQBLO-UHFFFAOYSA-N,GFUBVIXHFAQBLO,PubChem,2215872,,kav_test.csv,1,60.1%,0.327868849039078
CSc1cccc(CN2CCN(Cc3ccccc3)[C@H](CCO)C2)c1,0,GWJYUOZBJZFPMC-HXUWFJFHSA-N,GWJYUOZBJZFPMC,PubChem,16191964,,kav_test.csv,1,74.0%,0.327868849039078
COc1ccc(/C=C(\NC(=O)c2ccccc2)C(=O)NCCC(=O)O)cc1,0,WMMKYCRYHFISTQ-LGMDPLHJSA-N,WMMKYCRYHFISTQ,PubChem,1747837,,kav_test.csv,0,57.1%,0.327868849039078
C[N+]1CCc2cc3c(cc2C(=O)Cc2ccc4c(c2C1)OCO4)OCO3,0,LXKNIEWKZKBFNW-UHFFFAOYSA-N,LXKNIEWKZKBFNW,"Doddareddy et al., 2010",,,eval_set_herg_70.csv,1,57.6%,0.327868849039078
Clc1c(OCCNCc2cccs2)ccc2ccccc12,1,JCWJSNIUPWLSJT-UHFFFAOYSA-N,JCWJSNIUPWLSJT,"Didziapetris et al., 2016",,,eval_set_herg_70.csv,1,66.0%,0.327868849039078
COc1ccc(Nc2nnc(-c3ccncc3)s2)cc1Cl,0,TVVGFMVPLMLLTK-UHFFFAOYSA-N,TVVGFMVPLMLLTK,PubChem,5301279,,kav_test.csv,1,57.0%,0.328125
CCNC(=S)N/C(=N/c1nc(C)cc(C)n1)Nc1ccc(OC)cc1,0,YMCGAWKAIDYMTC-UHFFFAOYSA-N,YMCGAWKAIDYMTC,PubChem,5835473,,kav_test.csv,1,55.5%,0.328125
COc1ccc(CC(=O)N/N=C/c2sccc2C)cc1,0,MZYXGPPCXRISOI-MHWRWJLKSA-N,MZYXGPPCXRISOI,PubChem,5394806,,kav_test.csv,1,57.8%,0.328125
COc1cccc(-c2nnc3n2N=C(c2cccc(Br)c2)CS3)c1,0,LWNZPKAQYXXAQY-UHFFFAOYSA-N,LWNZPKAQYXXAQY,PubChem,663349,,kav_test.csv,1,68.1%,0.328125
O=C1c2ccccc2N[C@@H]2C=CC[C@@H]2N1O,0,DTXDPQNYUXTNFS-MNOVXSKESA-N,DTXDPQNYUXTNFS,PubChem,44825462,,kav_test.csv,0,63.9%,0.328125
COc1ccc(O)c(/C=C(\C#N)C(=O)Nc2cccnc2)c1,0,QSPFVHPDHAYZMA-KPKJPENVSA-N,QSPFVHPDHAYZMA,PubChem,948633,,kav_test.csv,1,50.2%,0.328358203172684
Cc1ccc(N(Cc2ccccc2)C(=O)c2cccc(S(=O)(=O)N3CCN(C)CC3)c2)cc1,0,DGDCAMHYVGNYRA-UHFFFAOYSA-N,DGDCAMHYVGNYRA,PubChem,24980033,,kav_test.csv,1,67.4%,0.328358203172684
O=C1C=C/C(=C2\Nc3cc(Cl)c(Cl)cc3N2Cc2ccc(Cl)c(Cl)c2)C=N1,1,IPGZNUXPNMCQIA-ODLFYWEKSA-N,IPGZNUXPNMCQIA,"Konda et al., 2019",,,eval_set_herg_60.csv,1,75.9%,0.328358203172684
CCN(CC)S(=O)(=O)c1ccc2c(c1)c(=O)c(C(=O)N1CCN(c3ccccn3)CC1)cn2C,0,BRMKNYSVEADJFL-UHFFFAOYSA-N,BRMKNYSVEADJFL,PubChem,16000012,,kav_test.csv,0,58.7%,0.328358203172684
NC(=O)[C@@H]1CC(=O)N(c2ccc(OCC(=O)NCc3ccccc3)cc2)C1,0,MUGYNAFXKFFOAR-OAHLLOKOSA-N,MUGYNAFXKFFOAR,PubChem,2957197,,kav_test.csv,0,58.8%,0.328358203172684
Cc1ccc(C(=O)NCCn2c(N)c(C#N)c3nc4ccccc4nc32)cc1,0,VOZQQZHMIYXGIT-UHFFFAOYSA-N,VOZQQZHMIYXGIT,PubChem,1880216,,kav_test.csv,1,53.2%,0.328358203172684
N#Cc1cnn2c(O)c3c(nc12)CCCC3,1,HZGGBKSHPDXANX-UHFFFAOYSA-N,HZGGBKSHPDXANX,PubChem,736587,,kav_test.csv,0,63.1%,0.328571438789368
CC(C)CCn1c(=S)[nH]c2ncccc2c1=O,1,SDGJDKNCDDMKLR-UHFFFAOYSA-N,SDGJDKNCDDMKLR,PubChem,3240334,,kav_test.csv,0,55.1%,0.328571438789368
COC(=O)c1cc2sc(Cl)cc2n1CC(=O)NC[C@H]1CCCO1,0,JDSZLDDNALHLGM-SECBINFHSA-N,JDSZLDDNALHLGM,PubChem,9550733,,kav_test.csv,0,55.3%,0.328767120838165
CCN(C1CCCCC1)S(=O)(=O)c1cc(C)ccc1OC,0,DOCKNIYRFIQJPI-UHFFFAOYSA-N,DOCKNIYRFIQJPI,PubChem,2931464,,kav_test.csv,0,56.0%,0.328767120838165
COC(=O)c1ccc(Oc2nc(SC)nc(N(C)C)n2)cc1,0,SQDUHNNBULODLI-UHFFFAOYSA-N,SQDUHNNBULODLI,PubChem,713450,,kav_test.csv,0,54.7%,0.328767120838165
CC(=O)O[C@@H](C(=O)NCS(=O)(=O)c1ccc(C)cc1)c1cccnc1,1,ZDFTUGZYEMEEHY-MRXNPFEDSA-N,ZDFTUGZYEMEEHY,PubChem,651150,,kav_test.csv,0,68.9%,0.328767120838165
O=S(=O)(c1c(F)cccc1F)N1CCN(C(=S)NCc2ccc3c(c2)OCO3)CC1,0,RZGCWQDWSZOYDH-UHFFFAOYSA-N,RZGCWQDWSZOYDH,PubChem,2499336,,kav_test.csv,1,58.2%,0.328767120838165
Cc1ccc(C(=O)OCC(=O)c2c[nH]c3ccccc23)cc1NC(=O)c1ccco1,0,LWHIZULWZAZXKX-UHFFFAOYSA-N,LWHIZULWZAZXKX,PubChem,2462667,,kav_test.csv,1,55.2%,0.328767120838165
NS(=O)(=O)c1cc2c(cc1C(F)(F)F)NC(Cc1ccccc1)NS2(=O)=O,1,HDWIHXWEUNVBIY-UHFFFAOYSA-N,HDWIHXWEUNVBIY,PubChem,2315,,eval_set_herg_70.csv,1,50.5%,0.328767120838165
COc1c(C)cc(C(=O)[C@@H]2CCCN(C(=O)C3=C(C)OCCO3)C2)cc1C,0,VJGSNRKFEXTPQG-MRXNPFEDSA-N,VJGSNRKFEXTPQG,PubChem,16188971,,kav_test.csv,0,55.9%,0.328947365283966
O=C(Cn1ncc2c1-c1ccccc1OC2)Nc1ccc(Cl)cn1,0,SVDLAZINDHVGOE-UHFFFAOYSA-N,SVDLAZINDHVGOE,PubChem,5307888,,kav_test.csv,1,62.6%,0.328947365283966
COc1ccc(-c2nc(N)n(C(=O)c3ccccc3Cl)n2)cc1,0,QTWBBGDOWWLJBD-UHFFFAOYSA-N,QTWBBGDOWWLJBD,PubChem,753286,,kav_test.csv,1,56.2%,0.328947365283966
COc1cc2c(cc1OC)CC(=O)N(CCCN(C)C[C@H]1Cc3cc(OC)c(OC)cc31)CC2.Cl,1,ACRHBAYQBXXRTO-OAQYLSRUSA-N,HLUKNZUABFFNQS,PubChem,3045381,,eval_set_herg_70.csv,1,76.0%,0.328947365283966
COc1cccc(OC)c1OC(=O)[C@@H]1CC(=O)N(c2ccc3c(c2)OCCO3)C1,0,YREASJYOFNHPTF-CYBMUJFWSA-N,YREASJYOFNHPTF,PubChem,3901557,,kav_test.csv,0,55.5%,0.328947365283966
N#CC1(NC(=O)CSc2ccccn2)CCCCC1,0,MPDGMJMCHKBSEF-UHFFFAOYSA-N,MPDGMJMCHKBSEF,PubChem,8813525,,kav_test.csv,0,57.8%,0.328947365283966
COc1ccc(NC(=O)CN(c2ccc(C)cc2)S(=O)(=O)c2c(C)nn(C)c2C)cc1,0,PWGFRAKOKHJODN-UHFFFAOYSA-N,PWGFRAKOKHJODN,PubChem,20858712,,kav_test.csv,0,60.2%,0.329113930463791
O=C(COc1cc(Cl)ccc1Cl)Nc1nnc(C2CC2)s1,0,GOAPGCGAWAMMBQ-UHFFFAOYSA-N,GOAPGCGAWAMMBQ,PubChem,842071,,kav_test.csv,1,50.7%,0.329113930463791
CN1C(=O)c2ccccc2Sc2ccc(NC(=O)N3CCOCC3)cc21,0,PJLGTVZHUPKIKC-UHFFFAOYSA-N,PJLGTVZHUPKIKC,PubChem,4050102,,kav_test.csv,1,52.4%,0.329113930463791
COC(=O)C[C@@H]1C(=O)NCCN1C(=O)c1ccc(Cl)cc1,0,QYKVZZMAOJFNHZ-LLVKDONJSA-N,QYKVZZMAOJFNHZ,PubChem,5032899,,kav_test.csv,0,61.8%,0.329113930463791
COc1ccc2[nH]c(C(=O)O)c(NC(=O)c3ccccc3[N+](=O)[O-])c2c1,0,KBCDHWKGQZTNTH-UHFFFAOYSA-N,KBCDHWKGQZTNTH,PubChem,3470599,,kav_test.csv,0,58.2%,0.329113930463791
CS(=O)(=O)N(CC(=O)Nc1cccnc1)c1ccc2c(c1)OCO2,0,WWCXLIITVQDKOT-UHFFFAOYSA-N,WWCXLIITVQDKOT,PubChem,2227030,,kav_test.csv,0,62.6%,0.329113930463791
Cc1cn(C2=CC[C@H]3[C@@H]4CC=C5C[C@@H](NC(=O)c6ccncc6)CC[C@]5(C)[C@H]4CC[C@]23C)cn1,1,HJMCKQIXYCUICJ-LMXVXWCUSA-N,HJMCKQIXYCUICJ,PubChem,168273257,36070471,kav_test.csv,1,63.3%,0.329113930463791
Cc1ccc(NC(=O)COC(=O)Cc2c(F)cccc2Cl)cc1S(=O)(=O)N1CCOCC1,0,VLQGOMCEKZAPHZ-UHFFFAOYSA-N,VLQGOMCEKZAPHZ,PubChem,24350883,,kav_test.csv,0,52.0%,0.329268306493759
CC(C)n1c(=O)n(C(=O)NCC2CCC(CC3(C(=O)O)CCC3)CC2)c2ccccc21,0,OZPKJJKDNMHOQW-UHFFFAOYSA-N,OZPKJJKDNMHOQW,"Didziapetris et al., 2016",,,eval_set_herg_60.csv,0,62.5%,0.329268306493759
CCN1C[C@]2(CO)CCC(O)[C@]34C5C[C@@H]6C(OC)C(O)[C@@](OC)(C5[C@H]6O)[C@](O)(C13)[C@H](O)C24,0,KAPXFTSEJFXDSG-SOHSDTSLSA-N,KAPXFTSEJFXDSG,"Didziapetris et al., 2016",,,eval_set_herg_60.csv,0,65.3%,0.329268306493759
COc1cc(OC)cc(-c2cncc(-c3nc4cc(C)ccc4[nH]3)c2N2CCC(N)CC2)c1,1,SEJXOCKJSJRSPQ-UHFFFAOYSA-N,SEJXOCKJSJRSPQ,CUPID,164622117,34626901,kav_test.csv,1,69.0%,0.329268306493759
COC(=O)C1=C(c2ccc(OC(F)(F)F)cc2)C[C@@H]2CC[C@H]1N2C(=O)NCCOc1ccc(OC)cc1,0,HOEUGLHRXQEODC-HTAPYJJXSA-N,HOEUGLHRXQEODC,PubChem,44143895,,kav_test.csv,1,78.4%,0.329268306493759
CCN(c1ccccc1)S(=O)(=O)c1ccc(Cl)c(NC(=O)CSc2nc[nH]n2)c1,0,BERYALSFLCUBIK-UHFFFAOYSA-N,BERYALSFLCUBIK,PubChem,3296635,,kav_test.csv,0,53.6%,0.329670339822769
CCCCN(C(=O)CCC(=O)Nc1cc(C)on1)[C@@H](C(=O)NC1CCCC1)c1cccc(OC)c1,0,OWHRYNCSENPBGE-RUZDIDTESA-N,OWHRYNCSENPBGE,PubChem,3210728,,kav_test.csv,1,53.3%,0.329670339822769
CC1(C)CC(=O)C2=C(C1)N=c1s/c(=C/c3ccc(F)c(F)c3)c(=O)n1[C@@H]2c1ccc(F)cc1,0,QYJINNTYHPAUSF-BJJGPXNVSA-N,QYJINNTYHPAUSF,PubChem,6089676,,kav_test.csv,1,59.4%,0.329670339822769
CC[C@@H](Sc1nc2cc3c(cc2c(=O)n1Cc1ccco1)OCO3)C(=O)Nc1cccc(OC)c1,0,RWASAWMTBPTLTO-JOCHJYFZSA-N,RWASAWMTBPTLTO,PubChem,3243676,,kav_test.csv,1,56.4%,0.329670339822769
CCOC(=O)CSc1nc2c(sc3ccccc32)c(=O)n1CCCN1CCOCC1,1,ZTZGHGIXEJYDBR-UHFFFAOYSA-N,ZTZGHGIXEJYDBR,PubChem,3243922,,kav_test.csv,1,57.0%,0.330000013113022
COCCCNC(=O)/C(C#N)=C/c1c(N2CCN(c3ccccc3)CC2)nc2ccccn2c1=O,0,TYBWIAYKOGUPQK-CZIZESTLSA-N,TYBWIAYKOGUPQK,PubChem,5921518,,kav_test.csv,1,52.4%,0.333333343267441
Clc1ccc(CO/N=C2\CCCc3nonc32)c(Cl)c1,0,OGOZHRMMRWIEMP-LFIBNONCSA-N,OGOZHRMMRWIEMP,PubChem,6059340,,kav_test.csv,1,52.7%,0.333333343267441
CCc1ccc(OCC(=O)NNC(=O)c2cc(S(=O)(=O)N(C)C)ccc2N2CCCC2)cc1,0,VTKAGANTFFZJAF-UHFFFAOYSA-N,VTKAGANTFFZJAF,PubChem,24979866,,kav_test.csv,0,54.0%,0.333333343267441
CN(Cc1cnccn1)Cc1nc(Cc2ccccc2F)no1,1,YQNHGDGTRQXTHI-UHFFFAOYSA-N,YQNHGDGTRQXTHI,PubChem,16188417,,kav_test.csv,1,58.0%,0.333333343267441
CCOc1cc(C(=O)NC)cc(OCC)c1OCC,1,MKPGNCFEQQOHGP-UHFFFAOYSA-N,MKPGNCFEQQOHGP,PubChem,2315558,,kav_test.csv,0,60.8%,0.333333343267441
Fc1ccc2[nH]c3c(c2c1)CN(C(=S)NCc1ccccc1)CC3,0,WLTRZYJECILGQH-UHFFFAOYSA-N,WLTRZYJECILGQH,PubChem,4584499,,kav_test.csv,1,71.5%,0.333333343267441
CCCCCCC(C(C)O)n1cnc2c(N)ncnc21,0,IOSAAWHGJUZBOG-UHFFFAOYSA-N,IOSAAWHGJUZBOG,"Didziapetris et al., 2016",,,eval_set_herg_60.csv,0,63.2%,0.333333343267441
Nc1cc(-c2ccncc2)c[nH]c1=O,0,RNLQIBCLLYYYFJ-UHFFFAOYSA-N,RNLQIBCLLYYYFJ,"Didziapetris et al., 2016",,,eval_set_herg_60.csv,0,68.5%,0.333333343267441
CN(CCN(C)S(=O)(=O)c1ccc(NS(C)(=O)=O)cc1)c1nc2ccccc2n1C,1,PELVIWZRAPOYAC-UHFFFAOYSA-N,PELVIWZRAPOYAC,"Doddareddy et al., 2010",,,eval_set_herg_60.csv,0,54.8%,0.333333343267441
O=C(O)COc1ccc(C(=O)c2cccs2)c(Cl)c1Cl,0,AGHANLSBXUWXTB-UHFFFAOYSA-N,AGHANLSBXUWXTB,PubChem,38409,,kav_test.csv,0,55.6%,0.333333343267441
COc1ccc(C2=NO[C@@H](c3nnc(-c4ccccc4)o3)C2)cc1,0,RBOHKMVDCMLWDH-MRXNPFEDSA-N,RBOHKMVDCMLWDH,PubChem,23640897,,kav_test.csv,1,54.8%,0.333333343267441
CCc1ccc(-c2cc3c(=O)n(CC(=O)NCCCN4CCN(Cc5ccccc5)CC4)nc(C)n3n2)cc1,0,ZCYINPMXTSOJHB-UHFFFAOYSA-N,ZCYINPMXTSOJHB,PubChem,20953696,,kav_test.csv,1,65.9%,0.333333343267441
O=C(CSC1=NS(=O)(=O)c2cc(F)ccc2N1)NCc1ccccc1,0,FORXVGOZANRCMM-UHFFFAOYSA-N,FORXVGOZANRCMM,PubChem,7386895,,kav_test.csv,0,50.5%,0.333333343267441
O=C(Nc1ccc2c(c1)CCC2)c1cc(F)cc(F)c1,0,GYXFKHFHBSAPNZ-UHFFFAOYSA-N,GYXFKHFHBSAPNZ,PubChem,4134110,,kav_test.csv,1,53.8%,0.333333343267441
Nc1cc(-c2ccccc2)nn1Cc1ccc(Cl)cc1,0,FRRXTDGETSNRAZ-UHFFFAOYSA-N,FRRXTDGETSNRAZ,PubChem,814441,,kav_test.csv,1,65.1%,0.333333343267441
CCOc1ccc(NC(=O)[C@@H](C)O)c(NS(=O)(=O)c2ccc(CCNC(C)=O)cc2)c1,0,SNDXLAPIQDEAGW-CQSZACIVSA-N,SNDXLAPIQDEAGW,PubChem,2974906,,kav_test.csv,0,58.3%,0.333333343267441
CN(C)C(=O)c1cnc(-c2ccccc2)nc1-c1ccccc1,0,CVOYMCJQERIMOL-UHFFFAOYSA-N,CVOYMCJQERIMOL,PubChem,1470760,,kav_test.csv,0,51.2%,0.333333343267441
CCCn1c(-c2cccnc2Cl)nc2cc(Cl)c(Cl)cc21,0,RDFKDJZXEMZXAH-UHFFFAOYSA-N,RDFKDJZXEMZXAH,PubChem,1471053,,kav_test.csv,1,64.1%,0.333333343267441
O=C(NC(=S)Nc1c(F)cc(F)cc1Br)c1ccc2c(c1)OCCO2,0,BVVFWWXTESFZSD-UHFFFAOYSA-N,BVVFWWXTESFZSD,PubChem,2980189,,kav_test.csv,1,61.6%,0.333333343267441
CN(c1cccc(NC(=O)CSc2ccc(Cl)cc2)c1)S(C)(=O)=O,0,FQXAIIHMBFCBIT-UHFFFAOYSA-N,FQXAIIHMBFCBIT,PubChem,1318151,,kav_test.csv,0,53.5%,0.333333343267441
CCN(Cc1ccccc1)C(=O)COC(=O)c1c(C)nsc1NC,0,LVDCDELGEGODHR-UHFFFAOYSA-N,LVDCDELGEGODHR,PubChem,9268663,,kav_test.csv,1,50.7%,0.333333343267441
CCOc1ccc(-c2cccc(NS(=O)(=O)c3ccc([N+](=O)[O-])cc3)c2)nn1,0,SLHZBNBPEKCGKJ-UHFFFAOYSA-N,SLHZBNBPEKCGKJ,PubChem,7161303,,kav_test.csv,1,50.1%,0.333333343267441
O=C(Nc1cc(Cl)cc(Cl)c1)c1cnn2cccnc12,0,XNXMPFNJHRKXMU-UHFFFAOYSA-N,XNXMPFNJHRKXMU,PubChem,4151654,,kav_test.csv,1,53.1%,0.333333343267441
N/C(=N\OC(=O)CSc1ccccc1)c1ccc([N+](=O)[O-])cc1,0,FXSDYUXIDOAUCM-UHFFFAOYSA-N,FXSDYUXIDOAUCM,PubChem,5924854,,kav_test.csv,0,55.4%,0.333333343267441
O=C(OCc1cnc(Cl)s1)c1cccc(Cl)c1Cl,0,HHAXGYKWAMWSJK-UHFFFAOYSA-N,HHAXGYKWAMWSJK,PubChem,1479767,,kav_test.csv,0,60.8%,0.333333343267441
C[C@H](COCCO)OCCO,0,OQNWUUGFAWNUME-SSDOTTSWSA-N,OQNWUUGFAWNUME,PubChem,10154203,,kav_test.csv,0,79.2%,0.333333343267441
CN(C)CCN(C(=O)c1cccc(N2C(=O)CCC2=O)c1)c1nc2ccc(Br)cc2s1,0,MNFBNSFOZKPGJL-UHFFFAOYSA-N,MNFBNSFOZKPGJL,PubChem,24892197,,kav_test.csv,1,61.8%,0.333333343267441
CCCCn1nnc(NC(=O)c2ccc(-c3cccc([N+](=O)[O-])c3)o2)n1,1,DXEUDVPRLPSOIN-UHFFFAOYSA-N,DXEUDVPRLPSOIN,PubChem,2219068,,kav_test.csv,0,57.1%,0.333333343267441
N#Cc1ccc(Oc2ccc3nc(OCC(=O)N4CCOCC4)ccc3c2)cc1,1,UVPUKFGJDDGPJD-UHFFFAOYSA-N,UVPUKFGJDDGPJD,PubChem,168272440,35436748,kav_test.csv,1,55.8%,0.333333343267441
CCN(CC(=O)Nc1ccccc1C(F)(F)F)C(=O)c1cc(-c2ccccc2)nn1-c1ccccc1,0,QOOBJNXONVALCO-UHFFFAOYSA-N,QOOBJNXONVALCO,PubChem,16270069,,kav_test.csv,1,73.0%,0.333333343267441
COc1ccc(/N=N/c2[nH]c3ccc(C)cc3c2O)cc1,0,VKVDQOAZEBMDRJ-VHEBQXMUSA-N,VKVDQOAZEBMDRJ,PubChem,5186020,,kav_test.csv,1,58.0%,0.333333343267441
CCCCOc1ccc([C@@H]2/C(=C(/O)c3ccc4c(c3)C[C@@H](C)O4)C(=O)C(=O)N2CCCN2CCOCC2)cc1OC,0,JWQFFSHRXUUGEF-KLFXRCJVSA-N,JWQFFSHRXUUGEF,PubChem,16430184,,kav_test.csv,1,52.1%,0.333333343267441
Cc1cn(Cc2ccccc2Cn2cc(C)c(=O)[nH]c2=O)c(=O)[nH]c1=O,0,UJSGFWSXIZGTOY-UHFFFAOYSA-N,UJSGFWSXIZGTOY,PubChem,2815029,,kav_test.csv,0,53.7%,0.333333343267441
CCOC(=O)C1CCN(C(=O)CCc2c(C)nc3ncnn3c2C)CC1,0,AOWZKAGOBULLBZ-UHFFFAOYSA-N,AOWZKAGOBULLBZ,PubChem,9551405,,kav_test.csv,0,56.8%,0.333333343267441
Cc1cccc2c(=O)c(-c3ccc4c(c3)OCO4)c(NC(=O)c3ccco3)oc12,0,VUBLYIOCWZPNRJ-UHFFFAOYSA-N,VUBLYIOCWZPNRJ,PubChem,7693217,,kav_test.csv,1,58.1%,0.333333343267441
O=C(O)/C=C\C(=O)Nc1cc(O)ccc1[N+](=O)[O-],0,BJBBZPROXHUOGW-ARJAWSKDSA-N,BJBBZPROXHUOGW,PubChem,5333438,,kav_test.csv,0,60.2%,0.333333343267441
CCNC(=S)Nc1cccc(F)c1C,0,NYRXKVCMOJHUFL-UHFFFAOYSA-N,NYRXKVCMOJHUFL,PubChem,974828,,kav_test.csv,0,63.1%,0.333333343267441
CC(C)c1nnc(NC(=O)[C@@H]2CCCN(C(=O)Nc3ccc(F)cc3)C2)s1,0,BDUWANIGYVPLPB-GFCCVEGCSA-N,BDUWANIGYVPLPB,PubChem,24792320,,kav_test.csv,0,54.6%,0.333333343267441
O=C(NC1CCCCCCC1)C1=COCCO1,0,DFJZPYUMIBIDLO-UHFFFAOYSA-N,DFJZPYUMIBIDLO,PubChem,2999084,,kav_test.csv,0,82.3%,0.333333343267441
COc1ccc(-c2nnc(SCC(=O)N3CCN(c4ccccc4)CC3)o2)cc1OC,0,UNTPEXBRMCIICS-UHFFFAOYSA-N,UNTPEXBRMCIICS,PubChem,2155755,,kav_test.csv,1,56.2%,0.333333343267441
COc1ccc(CNC(=O)CCn2ccc3cc(S(=O)(=O)N4CCCC4)ccc32)cc1,0,JNPXZRIXLQIZOR-UHFFFAOYSA-N,JNPXZRIXLQIZOR,PubChem,24789970,,kav_test.csv,1,57.0%,0.333333343267441
COc1ccc2c(c1)OC[C@H]1[C@H]2N2C(=O)c3cc(Cl)ccc3NC(=O)[C@@]2(C)[C@H]1c1ccccc1,0,GEAQFHSSVRYART-MBPYSEENSA-N,GEAQFHSSVRYART,PubChem,25102702,,kav_test.csv,1,65.4%,0.333333343267441
Cn1c(=O)c(Oc2cc(Cl)cc(Cl)c2)nc2ccccc21,0,YXQFPFUKTDCPOJ-UHFFFAOYSA-N,YXQFPFUKTDCPOJ,PubChem,1471093,,kav_test.csv,1,53.5%,0.333333343267441
CCNC(=O)[C@H](Cc1ccc(O)c(C(C)(C)C)c1)NC(=O)[C@H](C(C)C)N(C)C(=O)[C@H](Cc1ccc(F)cc1)NC,1,KSDWAJPUTRBIRR-KLJDGLGGSA-N,KSDWAJPUTRBIRR,"Didziapetris et al., 2016",,,eval_set_herg_60.csv,0,53.8%,0.333333343267441
Cn1cc(CNCc2cnc3ccccn23)c(-c2ccc(Oc3ccccc3)cc2)n1,0,DPHOJHQHHHIQCL-UHFFFAOYSA-N,DPHOJHQHHHIQCL,PubChem,16191992,,kav_test.csv,1,72.0%,0.333333343267441
COCCN1C(=O)N[C@@H](c2cccc(F)c2)C(C(=O)OC)=C1C,1,OIROFEJUOXOJMM-AWEZNQCLSA-N,OIROFEJUOXOJMM,PubChem,16745684,,kav_test.csv,0,59.8%,0.333333343267441
Cc1sc2ncnc(N3CCC(C(=O)Nc4cc(C(F)(F)F)ccc4OCC(F)(F)F)CC3)c2c1C,0,OYGCNPVQKFGLIM-UHFFFAOYSA-N,OYGCNPVQKFGLIM,PubChem,25161700,,kav_test.csv,1,64.4%,0.333333343267441
Cc1ccc(C)c(NC(=O)COC(=O)c2ccc3ccccc3n2)c1,0,WPMIZLFXDHMIHH-UHFFFAOYSA-N,WPMIZLFXDHMIHH,PubChem,2630845,,kav_test.csv,1,55.0%,0.333333343267441
C=CCNC(=O)COc1coc(CN2CCN(Cc3ccccc3)CC2)cc1=O,0,XMEMCNLRTJSYMZ-UHFFFAOYSA-N,XMEMCNLRTJSYMZ,PubChem,7293033,,kav_test.csv,1,59.0%,0.333333343267441
C[C@@H]1CCCC[C@@]12NC(=O)N(CC(=O)NCc1ccccc1Cl)C2=O,0,GNJQTAQYUMHNGE-KZULUSFZSA-N,GNJQTAQYUMHNGE,PubChem,4673479,,kav_test.csv,0,55.5%,0.333333343267441
CC(=O)c1cnn(-c2ccccc2)c1C,0,FZEDJUVQMGBVRC-UHFFFAOYSA-N,FZEDJUVQMGBVRC,PubChem,80207,,kav_test.csv,0,67.5%,0.333333343267441
Cc1ccc(S(=O)(=O)/C(C#N)=C/c2ccccc2OCc2ccccc2)cc1,0,JLOSVJPYLQZASD-PXLXIMEGSA-N,JLOSVJPYLQZASD,PubChem,2304323,,kav_test.csv,1,62.4%,0.333333343267441
NCCCNc1ccc([N+](=O)[O-])cc1C(F)(F)F,0,XIUIJVYLNXWBFZ-UHFFFAOYSA-N,XIUIJVYLNXWBFZ,PubChem,16192704,,kav_test.csv,0,62.3%,0.333333343267441
O=C(NCCc1ccccn1)[C@@H]1Cc2ccccc2CN1S(=O)(=O)c1ccc2ccccc2c1,0,FJWYRXZZNJNXER-SANMLTNESA-N,FJWYRXZZNJNXER,"Didziapetris et al., 2016",,,eval_set_herg_60.csv,1,62.8%,0.333333343267441
COc1ccc(N2C(=O)C(=O)/C(=C(/O)c3ccc(C)cc3)[C@H]2c2cccnc2)cc1,0,KCOJQDZCRXVAJV-JBCNATCCSA-N,KCOJQDZCRXVAJV,PubChem,6155430,,kav_test.csv,1,52.8%,0.333333343267441
O=C(O)CCNC(=O)/C(=C\c1ccco1)NC(=O)c1ccco1,0,LQYBBCQUTUGQDR-PKNBQFBNSA-N,LQYBBCQUTUGQDR,PubChem,5348038,,kav_test.csv,0,60.1%,0.333333343267441
Cc1cccc(CN2CCN(CC(=O)N3CCC4(CC3)OCCO4)C2=O)c1,0,JSUNFCMTLBNFNR-UHFFFAOYSA-N,JSUNFCMTLBNFNR,PubChem,9551191,,kav_test.csv,0,51.1%,0.333333343267441
O/C(=N\C(=S)N1CCc2ccccc21)c1ccccc1,1,CWKUDCDGYDYINY-UHFFFAOYSA-N,CWKUDCDGYDYINY,PubChem,833366,,kav_test.csv,1,50.0%,0.333333343267441
OC(c1ccccc1)(c1ccccc1)c1nccc2ccccc12,0,RWUBNIRCKNOULT-UHFFFAOYSA-N,RWUBNIRCKNOULT,PubChem,230505,,kav_test.csv,0,60.6%,0.333333343267441
O=c1[nH]c(SC[C@H]2CCCCO2)nc2ccccc12,0,MGMMFJAPCZMKRX-SNVBAGLBSA-N,MGMMFJAPCZMKRX,PubChem,135415536,,kav_test.csv,0,50.5%,0.333333343267441
C[C@@H](Oc1ccc(F)cc1)C(=O)Nc1cc(S(=O)(=O)N2CCOCC2)ccc1N1CCN(C)CC1,0,JMNFIHYUTLWGFZ-GOSISDBHSA-N,JMNFIHYUTLWGFZ,PubChem,24979638,,kav_test.csv,0,55.0%,0.333333343267441
CC1(C)CNC(=S)N1Cc1ccccc1,0,GARBXBJLDRQLMO-UHFFFAOYSA-N,GARBXBJLDRQLMO,PubChem,3614129,,kav_test.csv,0,70.2%,0.333333343267441
O=C(c1cc(-c2cccs2)on1)N1CCCc2ccccc21,0,QJSFDGGWWSYVEN-UHFFFAOYSA-N,QJSFDGGWWSYVEN,PubChem,5309383,,kav_test.csv,1,51.7%,0.333333343267441
C[n+]1ccc(-c2ccncc2)cc1,0,PFFANLXVTHIIBE-UHFFFAOYSA-N,PFFANLXVTHIIBE,PubChem,38115,,kav_test.csv,0,71.3%,0.333333343267441
O=C(CSc1nnc(-c2ccc(F)cc2)o1)c1ccc2c(c1)OCCO2,0,VEQWCFVDVCGXTJ-UHFFFAOYSA-N,VEQWCFVDVCGXTJ,PubChem,646798,,kav_test.csv,1,52.2%,0.333333343267441
CCOc1ccc(N2C[C@H](C(=O)Nc3nnc(C4CCCCC4)s3)CC2=O)cc1,0,KNVJJODYYHWXQA-OAHLLOKOSA-N,KNVJJODYYHWXQA,PubChem,6494517,,kav_test.csv,0,50.8%,0.333333343267441
Fc1cccc2sc(Nc3nnc(-c4ccccc4)o3)nc12,1,MAIVGXFDCUKMFV-UHFFFAOYSA-N,MAIVGXFDCUKMFV,PubChem,3243386,,kav_test.csv,0,51.6%,0.333333343267441
CC[C@@H](C)[C@@H](NC(=O)[C@@H](CC(C)C)NC(=O)[C@@H](CO)NC(=O)[C@H]1CCC(=O)N1)C(=O)OC,0,AKKNPRSVNKMTLR-DRXUAVOGSA-N,AKKNPRSVNKMTLR,PubChem,3103041,,kav_test.csv,0,77.4%,0.3360655605793
COc1ccc(S(=O)(=O)N2C[C@H](O)C[C@@H]2C(=O)OCC(=O)Nc2ccc(Cl)cn2)cc1,0,QYEIXNFTLDOHBA-CZUORRHYSA-N,QYEIXNFTLDOHBA,PubChem,2998188,,kav_test.csv,0,63.8%,0.336633652448654
Cc1cccc2nc(Cn3c(=O)n(CCC(=O)NCc4ccco4)c(=O)c4ccccc43)cc(=O)n12,0,CRGRGDYDYNFFGP-UHFFFAOYSA-N,CRGRGDYDYNFFGP,PubChem,3240494,,kav_test.csv,0,50.4%,0.337078660726547
COc1cc(OC)c(C2=NO[C@@H](C(=O)NCc3cccs3)C2)cc1Cl,0,FVCBYEQBUNEASZ-MRXNPFEDSA-N,FVCBYEQBUNEASZ,PubChem,2975701,,kav_test.csv,1,58.5%,0.337349385023117
CC(C)C[C@@H](NS(=O)(=O)c1ccc2c(c1)oc(=O)n2C)C(=O)NCc1cccnc1,0,DDCQCKZBSJRRSG-MRXNPFEDSA-N,DDCQCKZBSJRRSG,PubChem,5307698,,kav_test.csv,0,59.5%,0.337349385023117
O=C(COC(=O)/C=C/c1ccc(S(=O)(=O)N2CCc3ccccc32)cc1)N[C@@H]1CCS(=O)(=O)C1,0,PJIPXYKWPXOIID-QPGLYAHGSA-N,PJIPXYKWPXOIID,PubChem,6281477,,kav_test.csv,0,52.1%,0.337349385023117
COc1ccc(/C=N/NC(=O)c2ccc(Br)o2)cc1Cn1cc([N+](=O)[O-])cn1,0,YDOGBVNWCOHUKM-FBCYGCLPSA-N,YDOGBVNWCOHUKM,PubChem,6874593,,kav_test.csv,0,51.0%,0.337500005960465
O=C(Nc1ccc(F)cc1F)[C@H]1CCCN1S(=O)(=O)c1cccc2nsnc12,0,NMHOODMBOSDXKV-CQSZACIVSA-N,NMHOODMBOSDXKV,PubChem,16008246,,kav_test.csv,1,50.2%,0.337500005960465
CCc1ccc(NC(=O)CNC(=O)Cn2ccc3ccccc3c2=O)cc1,0,LNCZDIDJIJVBAL-UHFFFAOYSA-N,LNCZDIDJIJVBAL,PubChem,6621188,,kav_test.csv,0,52.0%,0.337500005960465
O=C(NCCc1ccccc1C(F)(F)F)[C@@H]1CCC(=O)N(C2CC2)C1,0,FIDMINFTPSWZIM-CYBMUJFWSA-N,FIDMINFTPSWZIM,PubChem,24790892,,kav_test.csv,0,55.4%,0.337500005960465
CCN1C[C@]2(COC)CC[C@H](O)C34C1C([C@H](OC)[C@@H]32)[C@@]1(O)[C@@H](O)[C@H](OC)C2C[C@@H]4[C@@H]1[C@H]2O,0,FPECZWKKKKZPPP-JIHBGUTISA-N,FPECZWKKKKZPPP,"Didziapetris et al., 2016",,,eval_set_herg_70.csv,0,66.0%,0.337500005960465
Cc1oc(=O)oc1CN1CCN(c2cc3c(cc2F)c(=O)c(C(=O)O)c2n3C(C)S2)CC1,0,PWNMXPDKBYZCOO-UHFFFAOYSA-N,PWNMXPDKBYZCOO,"Didziapetris et al., 2016",,,eval_set_herg_70.csv,0,68.6%,0.337500005960465
CCc1ccc(N(C(=O)C(F)(F)F)[C@@H](C(=O)NC2CCCCC2)c2ccncc2)cc1,0,KEVHQPNOBYTYJQ-HXUWFJFHSA-N,KEVHQPNOBYTYJQ,PubChem,3216357,,kav_test.csv,1,64.9%,0.337500005960465
OCC[C@@H]1CN(Cc2cccn2-c2ccccn2)CCN1C1CCCCC1,0,OWSNIFMXDVKMMK-OAQYLSRUSA-N,OWSNIFMXDVKMMK,PubChem,16191123,,kav_test.csv,1,64.5%,0.337500005960465
COCCNC(=O)CN(C(=O)c1ccc(N2CCCC2)nc1)c1ccccc1,1,YZMDQMRQYXQKJN-UHFFFAOYSA-N,YZMDQMRQYXQKJN,PubChem,3213405,,kav_test.csv,1,52.6%,0.33766233921051
CCN1CCSc2ccc(C(=O)NCc3ccc(OC(C)C)cc3)cc21,0,URLXZSNLBJEVOT-UHFFFAOYSA-N,URLXZSNLBJEVOT,PubChem,16011553,,kav_test.csv,1,74.7%,0.33766233921051
CCOC(=O)c1cc(-c2ccccc2)n(CC(=O)NC(C)(C)C)c1C,0,JSRTXPSEKQNQQD-UHFFFAOYSA-N,JSRTXPSEKQNQQD,PubChem,4117540,,kav_test.csv,0,54.4%,0.33766233921051
O[C@@H]1c2ccc(OCc3ccccc3-c3ccccc3)cc2CC[C@H]1CCN1CCC(c2ccccc2)CC1,1,DMAQQUULTGXWQK-ARPOTICCSA-N,DMAQQUULTGXWQK,"Doddareddy et al., 2010",,,eval_set_herg_60.csv,1,86.1%,0.33766233921051
C=C(c1ccc(N2CC[C@H](N(C)C)C2)cc1)c1ccc2c(c1)Nc1ccccc1S2,1,DMQLQPFTNZSIFP-QFIPXVFZSA-N,DMQLQPFTNZSIFP,PubChem,168276156,35907606,kav_test.csv,1,83.5%,0.33766233921051
CCOC(=O)c1sc2ncnc(NC[C@H](c3cccs3)N(C)C)c2c1C,1,JZEWNXLPVCBZMQ-GFCCVEGCSA-N,JZEWNXLPVCBZMQ,PubChem,2998267,,kav_test.csv,1,57.0%,0.33766233921051
CC(=O)N1CC(=O)N(OCc2ccccc2)[C@@H]1c1ccc(Cl)cc1Cl,0,YXMJYAHXRMQRTC-GOSISDBHSA-N,YXMJYAHXRMQRTC,PubChem,6617580,,kav_test.csv,1,57.4%,0.337837845087051
CC(C)(CO)NCc1cccc(OCc2ccc(Cl)cc2)c1,0,SPEODCKLJMQURM-UHFFFAOYSA-N,SPEODCKLJMQURM,PubChem,834043,,kav_test.csv,1,68.3%,0.337837845087051
Cc1ccc(C(=O)N[C@@H]2CCCCNC2=O)cc1,0,UNUWYBQTODGHCJ-GFCCVEGCSA-N,UNUWYBQTODGHCJ,PubChem,2813200,,kav_test.csv,0,64.6%,0.337837845087051
Cc1ccc(CNC(=O)C(=O)NCC[C@H]2CCCCN2S(=O)(=O)c2cccs2)cc1,0,UJVBQIBADGHHQG-GOSISDBHSA-N,UJVBQIBADGHHQG,PubChem,18574439,,kav_test.csv,0,53.9%,0.337837845087051
CCOC(=O)[C@@]1(Cc2ccccc2C)CCCN(C(=O)c2cc(CC)nn2C)C1,0,SHHSGJYBLAWQRE-HSZRJFAPSA-N,SHHSGJYBLAWQRE,PubChem,16191133,,kav_test.csv,1,50.7%,0.338235288858414
CCOC(=O)c1sc2nc(C(C)C)c3c(c2c1N)CCC3,0,KDROOZVOLAYLFO-UHFFFAOYSA-N,KDROOZVOLAYLFO,PubChem,930004,,kav_test.csv,0,51.9%,0.338235288858414
CCc1cc(=O)oc2cc(OCC(=O)NCCCN3CCOCC3)c(Cl)cc12,0,NUIJBRMOLICAFF-UHFFFAOYSA-N,NUIJBRMOLICAFF,PubChem,4908387,,kav_test.csv,1,63.4%,0.338235288858414
CC(C)(C)OC(=O)N1C[C@H](O)C[C@H]1C(=O)OCC(=O)c1ccc([N+](=O)[O-])cc1,0,SDHVMLQOMPGBRQ-KGLIPLIRSA-N,SDHVMLQOMPGBRQ,PubChem,11901278,,kav_test.csv,0,61.8%,0.338235288858414
CSc1nc2cc(S(=O)(=O)N3CCCCC3)ccc2s1,0,BPGIMKFADWUVRN-UHFFFAOYSA-N,BPGIMKFADWUVRN,PubChem,277465,,kav_test.csv,0,58.9%,0.338235288858414
Sc1[nH]cnc2c1sc1nc(=[N+]3CCOCC3)c3c(c12)CCCC3,1,KVVASTRPZBEADU-UHFFFAOYSA-O,KVVASTRPZBEADU,PubChem,1325691,,kav_test.csv,1,58.1%,0.338235288858414
COc1cc(C2=NO[C@@H](C(=O)N3CCOCC3)C2)cc(OC)c1OC,0,AOYLSVZTAMDGJY-OAHLLOKOSA-N,AOYLSVZTAMDGJY,PubChem,3242700,,kav_test.csv,0,56.7%,0.338461548089981
O/C(=N\C(=S)N1CCc2ccccc21)c1ccccc1Cl,1,UJADFMZHGNZIGS-UHFFFAOYSA-N,UJADFMZHGNZIGS,PubChem,916962,,kav_test.csv,1,56.8%,0.338461548089981
Cc1ccc(NC(=O)CSc2n[nH]c(-c3ccncc3)n2)c(C)c1,0,LJDILBOTHQCQQN-UHFFFAOYSA-N,LJDILBOTHQCQQN,PubChem,854427,,kav_test.csv,1,53.0%,0.338461548089981
CN1CCN(c2ncc(NC(=O)c3cc(C(=O)c4c(Cl)ccc(Cl)c4F)c[nH]3)cn2)CC1,1,SURDAOBSMMRZNB-UHFFFAOYSA-N,SURDAOBSMMRZNB,CUPID,134610537,35468293,kav_test.csv,1,62.0%,0.338461548089981
Cc1ccc(N[C@H]2c3ccccc3C(=O)N2CCN2CCOCC2)cc1,0,RZHFQDMWIQFFGZ-HXUWFJFHSA-N,RZHFQDMWIQFFGZ,PubChem,9550457,,kav_test.csv,1,77.6%,0.338461548089981
[H]/N=C(/N)SCc1nc(-c2ccc(Cl)cc2)no1,1,FOAONBQCGRKHOS-UHFFFAOYSA-N,FOAONBQCGRKHOS,PubChem,432556,,kav_test.csv,0,54.9%,0.338709682226181
Cc1ccccc1N(CC(=O)N/N=C/c1ccc(F)cc1)C(=O)c1ccccc1,0,UMASIUIWFJENCU-MFKUBSTISA-N,UMASIUIWFJENCU,PubChem,9725796,,kav_test.csv,1,60.0%,0.338709682226181
COC(=O)CCC(=O)Nc1sc(Cc2ccccc2)c(C)c1C(N)=O,0,SBYCSVOUQFRMNP-UHFFFAOYSA-N,SBYCSVOUQFRMNP,PubChem,1071335,,kav_test.csv,0,53.1%,0.338709682226181
C=CCN(c1ccc(C(=O)Nc2cc(C)cc(C)c2)cc1)S(C)(=O)=O,0,XYSHBGWXCSUDFP-UHFFFAOYSA-N,XYSHBGWXCSUDFP,PubChem,1263915,,kav_test.csv,1,51.5%,0.338709682226181
CC[N+](CC)(CC(=O)Nc1c(C)cccc1C)Cc1ccccc1.O=C1N=S(=O)([O-])c2ccccc21,0,DMRHOZBCVOAFHR-UHFFFAOYSA-N,DMRHOZBCVOAFHR,PubChem,64772,,eval_set_herg_70.csv,1,60.0%,0.338709682226181
CCOC(=O)C1=C(C#N)[C@@H](C(=O)OCC)c2ncccc21,0,SEUXFHQNSPMYAI-GFCCVEGCSA-N,SEUXFHQNSPMYAI,PubChem,312226,,kav_test.csv,0,63.1%,0.338983058929443
C/C(O)=N/S(=O)(=O)c1ccc(NC(=O)CSc2ccccc2)cc1,0,GOHXDTYRPQVDGQ-UHFFFAOYSA-N,GOHXDTYRPQVDGQ,PubChem,1321236,,kav_test.csv,0,56.0%,0.338983058929443
CC(=O)c1ccc(-n2nncc2C(C)(C)C)cc1,0,RJAKAKYIGDUYCG-UHFFFAOYSA-N,RJAKAKYIGDUYCG,PubChem,747469,,kav_test.csv,0,64.2%,0.338983058929443
Cc1cccc(NC(=O)COC(=O)c2ccc([N+](=O)[O-])o2)c1C,0,LEFHDBKFGZELQB-UHFFFAOYSA-N,LEFHDBKFGZELQB,PubChem,2353262,,kav_test.csv,0,52.2%,0.33928570151329
C=C(/C=C(\O)c1ccccc1)NNC(=O)c1ccc(Cl)cc1,1,XXWNYQPRYDAPQF-WJDWOHSUSA-N,XXWNYQPRYDAPQF,PubChem,5759698,,kav_test.csv,0,51.6%,0.339622646570206
COc1nc(NCCO)nc(Nc2cc(Cl)ccc2OC)n1,0,IWHNJFYYLFNRIG-UHFFFAOYSA-N,IWHNJFYYLFNRIG,PubChem,3146884,,kav_test.csv,0,50.7%,0.339622646570206
C[N+](C)(C)c1ncnc2c1ncn2[C@H]1CCCCO1,1,CSZQANOPEOXSKZ-SNVBAGLBSA-N,CSZQANOPEOXSKZ,PubChem,413926,,kav_test.csv,0,58.6%,0.339622646570206
O=C(CSc1n[nH]c(=O)n1-c1ccccc1)Nc1ccccc1,0,BERZCESOJKZIPN-UHFFFAOYSA-N,BERZCESOJKZIPN,PubChem,2813956,,kav_test.csv,0,52.9%,0.340000003576279
O=Cc1c[nH]c2ccc(NC(=O)OCc3ccccc3)cc12,0,UPQCXWFVCCWWPP-UHFFFAOYSA-N,UPQCXWFVCCWWPP,PubChem,248940,,kav_test.csv,1,50.5%,0.340000003576279
CCC(=O)NC[C@H](c1cccs1)S(=O)(=O)c1ccc(C)cc1,0,JAULFXWXIGVJHX-OAHLLOKOSA-N,JAULFXWXIGVJHX,PubChem,22581583,,kav_test.csv,0,56.8%,0.34042552113533
O=C1N(Cc2cccnc2)C[C@@H]2C[C@@H](c3cccc(C(F)(F)F)c3)N3CCC[C@@]123,0,KTERCUZPTVNXKG-ZJOUEHCJSA-N,KTERCUZPTVNXKG,PubChem,16190474,,kav_test.csv,1,76.4%,0.340659350156784
COc1ccc2c(c1)OC[C@H]1[C@H]2N2C(=O)CN(Cc3ccc(C)cc3)C(=O)[C@@]2(C)[C@H]1c1ccccc1,1,KWMLWFYCMMSPDQ-QZZOCWIMSA-N,KWMLWFYCMMSPDQ,PubChem,44142819,,kav_test.csv,1,64.8%,0.340909093618393
COc1ccc(N2CCN(Cc3nc4c(c(=O)n(C)c(=O)n4C)n3[C@H](C)C(C)=O)CC2)cc1,0,MJUFUFCODGSLDB-OAHLLOKOSA-N,MJUFUFCODGSLDB,PubChem,2990290,,kav_test.csv,0,53.5%,0.340909093618393
CC[C@@H](C)NC(=O)/C=C1\Sc2ccccc2NC1=O,0,POJXQBJKYNMGAD-ZPBHHCQCSA-N,POJXQBJKYNMGAD,PubChem,15944841,,kav_test.csv,0,62.9%,0.340909093618393
COc1ccc(CCNc2nc(-c3ccco3)cc(C(F)(F)F)n2)cc1OC,0,DNQTUYNIQNJZPG-UHFFFAOYSA-N,DNQTUYNIQNJZPG,PubChem,3242805,,kav_test.csv,1,60.8%,0.341176480054855
Cc1cccc2c(C(=O)O)c3cccc(C)c3nc12,0,LDRZBMBJYZPRFT-UHFFFAOYSA-N,LDRZBMBJYZPRFT,PubChem,348740,,kav_test.csv,0,56.3%,0.341463416814804
C=CCn1c(S)nnc1CCn1c2ccccc2c2ccccc21,0,SEGJYUDMAPFJDH-UHFFFAOYSA-N,SEGJYUDMAPFJDH,PubChem,1677703,,kav_test.csv,1,57.2%,0.341463416814804
Cc1c(CN(C)CC(O)c2ncccn2)sc2c(=O)c(C(=O)NCc3ccc(F)cc3)cn(C)c12,1,CJHBAEAPGVCZBV-UHFFFAOYSA-N,CJHBAEAPGVCZBV,"Doddareddy et al., 2010",,,eval_set_herg_60.csv,0,51.6%,0.341463416814804
COc1ccc(CN2C(=O)[C@@H](CC(=O)NC3CC3)CC(C(=O)N(C)C)=C2C)cc1,0,JBKSYGDTIYJTMB-MRXNPFEDSA-N,JBKSYGDTIYJTMB,PubChem,46904910,,kav_test.csv,0,62.3%,0.341463416814804
CCCCc1cc(=O)oc2cc(C)cc(OCC(=O)NCc3cccnc3)c12,0,ZGXXMPMSJLWNDT-UHFFFAOYSA-N,ZGXXMPMSJLWNDT,PubChem,4910694,,kav_test.csv,1,54.6%,0.341463416814804
COc1cc(OC)cc(C(=O)N[C@H](C(=O)OCC(=O)Nc2cccnc2Cl)C(C)C)c1,0,SLERZRKEFJQPJY-SFHVURJKSA-N,SLERZRKEFJQPJY,PubChem,16247189,,kav_test.csv,0,51.0%,0.341772139072418
O=C(CCC[N@@H+]1CC=C([N+]2=c3ccccc3=NC2=O)CC1)c1ccc(F)cc1,1,UUSFDYSLDWOTOB-UHFFFAOYSA-O,UUSFDYSLDWOTOB,"Konda et al., 2019",,,eval_set_herg_60.csv,1,70.7%,0.341772139072418
CCOc1ncccc1C(=O)Nc1cc(S(=O)(=O)N2CCCCCC2)ccc1OC,0,WNDVURQYIKAEFS-UHFFFAOYSA-N,WNDVURQYIKAEFS,PubChem,4881981,,kav_test.csv,0,51.7%,0.341772139072418
O=C(c1ccc(N2CCCC2=O)cc1)N1CCN(c2ccc(C(F)(F)F)cc2[N+](=O)[O-])CC1,0,JVTFLSSGOWRGMU-UHFFFAOYSA-N,JVTFLSSGOWRGMU,PubChem,16301257,,kav_test.csv,1,64.7%,0.342105269432068
CC(=O)Nc1cc(C(C)C)c(O)c(C(C)C)c1,0,PHSJJLICQTWSOW-UHFFFAOYSA-N,PHSJJLICQTWSOW,PubChem,835028,,kav_test.csv,0,74.8%,0.342105269432068
O=C(O)CSc1ncccc1[N+](=O)[O-],1,WBPUHBNGHSAAGT-UHFFFAOYSA-N,WBPUHBNGHSAAGT,PubChem,265630,,kav_test.csv,0,60.9%,0.342105269432068
COc1ccc(NC(=O)Cn2nnc(C(N)=O)c2N)c(OC)c1,0,VOUGKYHXXDFZTI-UHFFFAOYSA-N,VOUGKYHXXDFZTI,PubChem,3240184,,kav_test.csv,0,60.7%,0.342105269432068
COCCN1C(=O)C(=O)/C(=C(/O)c2ccc(S(=O)(=O)N3CCOCC3)cc2)[C@H]1c1ccc(O)cc1,0,GVALGVQMSRJZTF-JBCNATCCSA-N,GVALGVQMSRJZTF,PubChem,5885257,,kav_test.csv,0,56.8%,0.342105269432068
CN(c1ccc(OCC(=O)OCC(=O)Nc2ccccc2)cc1)S(=O)(=O)c1ccc(F)cc1,0,SVIRAYCFHILCOZ-UHFFFAOYSA-N,SVIRAYCFHILCOZ,PubChem,2389269,,kav_test.csv,1,51.2%,0.342105269432068
N#Cc1ccc(/C=C/C(=O)c2ccco2)cc1,0,QABUBCOEYRVELH-BQYQJAHWSA-N,QABUBCOEYRVELH,PubChem,6243586,,kav_test.csv,0,61.3%,0.342105269432068
Cc1ccc2cccc(OCC(=O)N3CCc4ccccc43)c2n1,1,MXDIZUNMLPSFCK-UHFFFAOYSA-N,MXDIZUNMLPSFCK,PubChem,2461903,,kav_test.csv,1,65.7%,0.342465758323669
Cc1ccc(C)c(S(=O)(=O)NNC(=O)Nc2ccccc2Cl)c1,0,SFAGQTVRERNIRP-UHFFFAOYSA-N,SFAGQTVRERNIRP,PubChem,24819123,,kav_test.csv,0,57.8%,0.342465758323669
CC[C@@H](Oc1ccccc1)C(=O)Nc1ccc(S(=O)(=O)N2CCOCC2)cc1,1,BWBBGMKWKBEXQJ-LJQANCHMSA-N,BWBBGMKWKBEXQJ,PubChem,2948110,,kav_test.csv,0,55.8%,0.342857152223587
Cc1cc(NC(=O)CSc2nnc(Cc3cccn3C)n2CCc2ccccc2)no1,0,YKNHJVSSYDZGAK-UHFFFAOYSA-N,YKNHJVSSYDZGAK,PubChem,5308843,,kav_test.csv,1,61.6%,0.342857152223587
CC(C)C[C@H]1CN=C(N(C)C)N1CCc1cccc(F)c1,1,RGJVZGNWGFNWLW-INIZCTEOSA-N,RGJVZGNWGFNWLW,PubChem,42601158,,kav_test.csv,1,56.4%,0.342857152223587
CCOC(=O)c1[nH]c2ccc(OCC)cc2c1NC(=O)CN1CCN(c2ccccn2)CC1,0,PTNFULRWIAXSHX-UHFFFAOYSA-N,PTNFULRWIAXSHX,PubChem,665336,,kav_test.csv,0,50.0%,0.343283593654633
COc1ccc(NC(=O)c2ccc(NCCN3C(=O)CCC3=O)c([N+](=O)[O-])c2)cc1,0,UPPMLZFTRRXMJB-UHFFFAOYSA-N,UPPMLZFTRRXMJB,PubChem,2960759,,kav_test.csv,0,55.2%,0.343283593654633
CN(CC(=O)NCCc1ccc(S(N)(=O)=O)cc1)CC(=O)Nc1ccc(Cl)cc1,0,JJGWOCRPVQWXQG-UHFFFAOYSA-N,JJGWOCRPVQWXQG,PubChem,4846702,,kav_test.csv,1,54.3%,0.343283593654633
COC(=O)c1cc(S(=O)(=O)NCc2cc(OC)c(OC)c(OC)c2)cn1C,0,YGXJLXPMEZIPDJ-UHFFFAOYSA-N,YGXJLXPMEZIPDJ,PubChem,20914106,,kav_test.csv,0,60.3%,0.343283593654633
Fc1ccc([C@H](c2nnnn2CCc2ccccc2)N2CCCc3ccccc32)cc1,0,PHLXQWKNUVFUHP-XMMPIXPASA-N,PHLXQWKNUVFUHP,PubChem,3213453,,kav_test.csv,1,82.0%,0.343283593654633
CN1CCc2c(OCc3ccc(F)cc3)cccc2C1=O,0,GVODUQZTIWRMTD-UHFFFAOYSA-N,GVODUQZTIWRMTD,PubChem,2151914,,kav_test.csv,1,56.8%,0.34375
CN1CCC(N(C)C(=O)/C(C#N)=C\c2ccc(OC(F)F)cc2)CC1,0,FHFVYDORPQGKJV-KAMYIIQDSA-N,FHFVYDORPQGKJV,PubChem,2314262,,kav_test.csv,1,58.1%,0.34375
CC1(c2nc(NC(=O)c3ncc(C(F)(F)F)cc3Cl)ccc2F)COC(C)(C(F)(F)F)C(=N)N1,1,PSBBWFNMHDUTRH-UHFFFAOYSA-N,PSBBWFNMHDUTRH,CUPID,CUPID,,kav_test.csv,0,52.3%,0.34375
COc1ccc(C[C@@H](C)Nc2cccc(SC)c2)cc1,0,GWQHCBYXJOXBFX-CYBMUJFWSA-N,GWQHCBYXJOXBFX,PubChem,2848433,,kav_test.csv,1,62.2%,0.34375
COc1ccc(NC(=O)N2C[C@@H]3C[C@H](C2)c2cccc(=O)n2C3)cc1,0,NIKSXZOHKOSTKM-UONOGXRCSA-N,NIKSXZOHKOSTKM,PubChem,904817,,kav_test.csv,1,54.8%,0.34375
O=S(=O)(c1ccc2ccccc2c1)N1CCN(c2ccc(O)cc2)CC1,0,PBLHHUUKZMZXRR-UHFFFAOYSA-N,PBLHHUUKZMZXRR,PubChem,4875634,,kav_test.csv,1,51.6%,0.34375
Cc1ccc(N(C[C@H](O)CN2CCOCC2)S(=O)(=O)c2ccc([N+](=O)[O-])cc2)cc1,0,NNHWUWYZKWTKNP-LJQANCHMSA-N,NNHWUWYZKWTKNP,PubChem,3133094,,kav_test.csv,0,56.7%,0.34375
COCCNC(=O)[C@H]1CC(c2ccccc2[N+](=O)[O-])=NO1,0,MHYVINCRJYRSSH-GFCCVEGCSA-N,MHYVINCRJYRSSH,PubChem,11958815,,kav_test.csv,0,61.9%,0.34375
CCOc1ccc(NS(=O)(=O)c2ccc(C)c(C(=O)N3CCO[C@H](c4ccc(F)cc4)C3)c2)cc1,0,FNRMQXKIOYLKTO-VWLOTQADSA-N,FNRMQXKIOYLKTO,"Didziapetris et al., 2016",,,eval_set_herg_60.csv,1,62.6%,0.344086021184921
C=CCn1c(SCc2cccc(F)c2)nc2cc(C(=O)N3CCC(C(N)=O)CC3)ccc2c1=O,0,BMGPURKOTMAMIU-UHFFFAOYSA-N,BMGPURKOTMAMIU,PubChem,5058620,,kav_test.csv,1,52.4%,0.344086021184921
COc1ccc(CN(C)CCCn2cnc3c(OCc4ccccc4)ncnc32)cc1OC,0,UFKOEFXJNVDRGB-UHFFFAOYSA-N,UFKOEFXJNVDRGB,PubChem,45281109,,kav_test.csv,1,70.0%,0.344262301921845
O=C(Nc1ccccc1C(=O)NC1CC1)c1ccc([N+](=O)[O-])o1,0,KXFBRPDFRSUMHL-UHFFFAOYSA-N,KXFBRPDFRSUMHL,PubChem,9325050,,kav_test.csv,0,58.8%,0.344262301921845
COc1ccc(/C=C(\C#N)C(=O)Nc2ccc3[nH]c(=O)[nH]c3c2)cc1,0,LYBCDLWRKDXLGJ-XYOKQWHBSA-N,LYBCDLWRKDXLGJ,PubChem,2326019,,kav_test.csv,0,50.7%,0.344262301921845
COc1ccc(-n2nnnc2SCC(=O)NC2CCCC2)cc1OC,0,FUIVBYCWZNLOGL-UHFFFAOYSA-N,FUIVBYCWZNLOGL,PubChem,1175620,,kav_test.csv,0,53.5%,0.344444453716278
O=C(NCCc1ccccc1)c1oc2ccccc2c1COc1ccccc1,0,QNVNFEUWSTVNDW-UHFFFAOYSA-N,QNVNFEUWSTVNDW,PubChem,15944925,,kav_test.csv,1,55.6%,0.344827592372894
Nc1ncnc2c1ncn2CCOCP(=O)(O)O,1,SUPKOOSCJHTBAH-UHFFFAOYSA-N,SUPKOOSCJHTBAH,PubChem,60172,,eval_set_herg_70.csv,0,57.9%,0.344827592372894
COc1ccc(CCNC(=O)[C@@H]2CCCN(Cc3nc(-c4ccccc4C)oc3C)C2)cc1OC,0,JWIFXVSSCMAOEP-JOCHJYFZSA-N,JWIFXVSSCMAOEP,PubChem,3240655,,kav_test.csv,1,71.2%,0.344827592372894
C/C(=N\NC(=O)c1cc(C)nc2ccc(C)cc12)c1ccncc1,0,RQQZAOAAESARSU-HYARGMPZSA-N,RQQZAOAAESARSU,PubChem,25237458,,kav_test.csv,1,53.2%,0.344827592372894
Cc1ccc([C@@H](C)NC(=O)c2cccs2)cc1C,1,PFLJDSVIHIJCCE-GFCCVEGCSA-N,PFLJDSVIHIJCCE,PubChem,2971573,,kav_test.csv,0,53.8%,0.344827592372894
CC(C)C[C@@H](CCc1ccccc1)OS(N)(=O)=O,0,SOZAADLEARLROE-CYBMUJFWSA-N,SOZAADLEARLROE,PubChem,24761752,,kav_test.csv,0,69.2%,0.344827592372894
CCN1CCN([C@H](c2ccccc2)c2sc3nc(C)nn3c2O)CC1,0,NDIDXLQYNPLUHV-OAHLLOKOSA-N,NDIDXLQYNPLUHV,PubChem,4549137,,kav_test.csv,1,59.7%,0.344827592372894
Cc1cccc2cc3cccc(C)c3nc12,0,PBHLPNNLGFOKEQ-UHFFFAOYSA-N,PBHLPNNLGFOKEQ,PubChem,247404,,kav_test.csv,0,71.5%,0.344827592372894
Cc1cccc(NC(=O)CSc2nnc(-c3ccccc3Br)o2)c1C,0,HJWJUHSIJAFTIB-UHFFFAOYSA-N,HJWJUHSIJAFTIB,PubChem,650192,,kav_test.csv,1,53.8%,0.344827592372894
C[C@H](NC(=O)c1cc(S(=O)(=O)N2CCOCC2)ccc1N1CCCCC1)c1cc2ccccc2o1,1,YMKQHDAHIYZQBF-IBGZPJMESA-N,YMKQHDAHIYZQBF,"Didziapetris et al., 2016",,,eval_set_herg_60.csv,1,59.7%,0.345238089561462
COc1cc(NC(=O)COC(=O)[C@@H]2CCCN2S(=O)(=O)c2ccc(Cl)cc2)cc(OC)c1OC,0,DTRCHIYQUYRTQL-KRWDZBQOSA-N,DTRCHIYQUYRTQL,PubChem,9551988,,kav_test.csv,0,50.2%,0.345238089561462
COc1ccc(S(=O)(=O)NCC(=O)N(CC(=O)NCc2ccco2)Cc2ccc(F)cc2)cc1,0,HRERUHBWBPCCEH-UHFFFAOYSA-N,HRERUHBWBPCCEH,PubChem,3206963,,kav_test.csv,0,54.1%,0.345238089561462
O=c1nc(-c2ccc(C(F)(F)F)cc2)[nH]c2c1CSCC2,0,KLGQSVMIPOVQAX-UHFFFAOYSA-N,KLGQSVMIPOVQAX,"Konda et al., 2019",,,eval_set_herg_60.csv,1,56.8%,0.345454543828964
Cc1ccc(C(=O)COC(=O)CNC(=O)CNC(=O)c2ccc(C)cc2)cc1,0,UAAGJQCBFHWDGM-UHFFFAOYSA-N,UAAGJQCBFHWDGM,PubChem,1613147,,kav_test.csv,1,50.3%,0.345454543828964
COc1ccc(NC(=O)CSc2nnc3ccc(-c4ccccn4)nn23)cc1,0,LZEHOXWWFGMRNW-UHFFFAOYSA-N,LZEHOXWWFGMRNW,PubChem,7531941,,kav_test.csv,1,54.2%,0.345679014921188
C[C@@H]1C[C@@H](C)CN(C(=O)c2ccc(Br)c(S(=O)(=O)N3CCOCC3)c2)C1,0,FVOMCIWXZIXYHF-ZIAGYGMSSA-N,FVOMCIWXZIXYHF,PubChem,4090495,,kav_test.csv,0,50.1%,0.346153855323792
C=CCN(c1ccccc1)S(=O)(=O)c1cccc(C(=O)NCc2ccco2)c1,1,CPQMXKBNRDUPLH-UHFFFAOYSA-N,CPQMXKBNRDUPLH,PubChem,2704666,,kav_test.csv,1,52.1%,0.346153855323792
O=C(NCC1(N2CCCCC2)CCCCC1)c1cc([N+](=O)[O-])ccc1Cl,0,UMIVBEZKNIEEHV-UHFFFAOYSA-N,UMIVBEZKNIEEHV,PubChem,2569733,,kav_test.csv,1,64.2%,0.346153855323792
Cc1cccc(NC(=O)/C(C#N)=C/c2ccc[nH]2)c1C,0,SLZZVWDMVBCWCB-UKTHLTGXSA-N,SLZZVWDMVBCWCB,PubChem,24818448,,kav_test.csv,0,51.4%,0.346153855323792
COc1ccc(C(=O)N2CCC[C@H](CCC(=O)N3CCN(c4ccccn4)CC3)C2)cc1,0,GKWUVVYKPBBMCZ-HXUWFJFHSA-N,GKWUVVYKPBBMCZ,PubChem,24817468,,kav_test.csv,1,60.5%,0.346153855323792
Cc1ccc(CN2CCSc3ccc(C(=O)NCc4ccccn4)cc32)cc1,0,YFUFLEWGNCOYRN-UHFFFAOYSA-N,YFUFLEWGNCOYRN,PubChem,16194050,,kav_test.csv,1,76.8%,0.346153855323792
c1ccc2oc(-c3ccn[nH]3)cc2c1,1,AACMKKWADJBYOE-UHFFFAOYSA-N,AACMKKWADJBYOE,PubChem,2805300,,kav_test.csv,0,66.5%,0.346153855323792
CCCCCN1CC(=O)C(c2ccccc2)=C1N,1,UQRKZYKOFYEHJL-UHFFFAOYSA-N,UQRKZYKOFYEHJL,PubChem,135500706,,kav_test.csv,0,59.5%,0.346153855323792
Cc1sc(-c2cccnc2)nc1OC(=O)C1CC1,0,WYXKCEZCUXITDP-UHFFFAOYSA-N,WYXKCEZCUXITDP,PubChem,3826153,,kav_test.csv,0,56.1%,0.346666663885117
O=C(NCc1ccccc1)[C@@H](c1ccccn1)N(C(=O)c1csnn1)c1ccc(F)cc1,0,YVDXTSAURBFBPN-OAQYLSRUSA-N,YVDXTSAURBFBPN,PubChem,24792256,,kav_test.csv,1,56.4%,0.346666663885117
O=C(C(=O)N1CCOCC1)c1cn(CC(=O)N2CCCCC2)c2ccccc12,0,QLWWJLWKUKOAGP-UHFFFAOYSA-N,QLWWJLWKUKOAGP,PubChem,2229697,,kav_test.csv,0,56.9%,0.346666663885117
CCOc1ccccc1C(=O)N(Cc1ccccc1)Cc1cc2cc3c(cc2[nH]c1=O)OCCO3,0,RSXJWXBMZSEXTL-UHFFFAOYSA-N,RSXJWXBMZSEXTL,PubChem,1467344,,kav_test.csv,1,60.1%,0.346666663885117
COc1ccc(-c2nn(-c3ccccc3)cc2/C=N/NC(=O)c2ccc(Br)o2)cc1,0,OLVOAEVHANZTPJ-ZMOGYAJESA-N,OLVOAEVHANZTPJ,PubChem,6897243,,kav_test.csv,1,63.4%,0.346666663885117
COc1cccc([C@H](c2nnnn2Cc2ccco2)N2CCN(Cc3ccccc3)CC2)c1OC,0,DBESFBPZDRRNNC-XMMPIXPASA-N,DBESFBPZDRRNNC,PubChem,16187241,,kav_test.csv,1,68.1%,0.346666663885117
Cc1ccc(CC(=O)NCCc2ccc(S(N)(=O)=O)cc2)cc1,0,VKRCQKRYHVOUNZ-UHFFFAOYSA-N,VKRCQKRYHVOUNZ,PubChem,890706,,kav_test.csv,1,53.4%,0.346938788890839
Cc1nc(-c2ccccn2)nc(S)c1Cl,1,OMVHUYAQBLWYAA-UHFFFAOYSA-N,OMVHUYAQBLWYAA,PubChem,2725954,,kav_test.csv,0,62.5%,0.346938788890839
C=CCn1c(O)c(C(=O)CCCCCC)c(=O)[nH]c1=O,0,LDJJIVRJQPUXJG-UHFFFAOYSA-N,LDJJIVRJQPUXJG,PubChem,663021,,kav_test.csv,0,68.7%,0.346938788890839
CCOc1ccc(-c2nnc(SCC(=O)O)n2Cc2ccccc2)cc1,0,SVBMIQUURTUWKT-UHFFFAOYSA-N,SVBMIQUURTUWKT,PubChem,2219933,,kav_test.csv,0,50.6%,0.347222208976746
NC(=O)c1c(NC(=O)c2cccc(N3C(=O)CCC3=O)c2)sc2c1CCCCC2,0,BIAIQUPQYKQSTB-UHFFFAOYSA-N,BIAIQUPQYKQSTB,PubChem,4098170,,kav_test.csv,0,54.5%,0.347222208976746
CCCCCC1Nc2cc(C(F)(F)F)c(S(N)(=O)=O)cc2S(=O)(=O)N1,0,AKHXXQAIVSMYIS-UHFFFAOYSA-N,AKHXXQAIVSMYIS,PubChem,4726,,eval_set_herg_70.csv,0,54.7%,0.347222208976746
COc1cc2c(cc1OC)[C@@H](C)N(C(=O)c1cc3ccccc3o1)CC2,0,QZFDXPGPHNZFJQ-CYBMUJFWSA-N,QZFDXPGPHNZFJQ,PubChem,2843365,,kav_test.csv,1,54.6%,0.347222208976746
Cc1ccc(C(=O)NCC(=O)Nc2ccc3c(c2)CCC3)cc1C,0,OQZRQAJYHJKXTN-UHFFFAOYSA-N,OQZRQAJYHJKXTN,PubChem,4782871,,kav_test.csv,1,53.1%,0.347826093435288
O=c1[nH]c2ccccc2cc1-c1cc2cc(S(=O)(=O)N3CCNCC3)ccc2[nH]1,1,HQUDWRKDNVDREX-UHFFFAOYSA-N,HQUDWRKDNVDREX,PubChem,5329381,14698157,kav_test.csv,1,59.8%,0.347826093435288
Cc1cccc([C@H]2N(c3ccc(F)cc3)C(=O)[C@H]3CCCN32)c1,0,YTJIRMKNJKXGJF-QZTJIDSGSA-N,YTJIRMKNJKXGJF,PubChem,5308231,,kav_test.csv,1,65.9%,0.347826093435288
C[C@@H](Oc1ccc2c3c(c(=O)oc2c1)CCCC3)C(=O)N[C@@H](Cc1ccccc1)C(=O)O,0,NRROIDLNDMOCRB-VFNWGFHPSA-N,NRROIDLNDMOCRB,PubChem,16399390,,kav_test.csv,0,56.1%,0.347826093435288
CCn1c(/N=C/c2c[nH]c3ccccc23)nc2ccccc21,0,NMGRKPQJOARERV-UDWIEESQSA-N,NMGRKPQJOARERV,PubChem,135437713,,kav_test.csv,1,53.1%,0.347826093435288
Cc1ccc(-c2nnc(SCC(=O)N3CCCC3)o2)cc1,0,COAWNXOKULPWPC-UHFFFAOYSA-N,COAWNXOKULPWPC,PubChem,654962,,kav_test.csv,1,51.1%,0.347826093435288
C/C(=N\NC(=O)c1nnn(-c2nonc2N)c1-c1cccs1)c1ccncc1,0,HOMFRNGMMJLIIJ-DJKKODMXSA-N,HOMFRNGMMJLIIJ,PubChem,9639903,,kav_test.csv,1,51.1%,0.348314613103867
NC(=O)C1CCN([C@@H]2CC(=O)N(Cc3cccs3)C2=O)CC1,0,HASOUSDLYGRKBC-GFCCVEGCSA-N,HASOUSDLYGRKBC,PubChem,2980621,,kav_test.csv,0,62.5%,0.348484843969345
COc1cc(CCC(=O)Nc2ncc(C)s2)cc(OC)c1OC,0,IRUSQBIMSILLQT-UHFFFAOYSA-N,IRUSQBIMSILLQT,PubChem,2550668,,kav_test.csv,0,51.0%,0.348484843969345
CSc1cccc(CN2CCC(CO)(Cc3ccccc3)CC2)c1,0,YNKIFVWTGGGPMN-UHFFFAOYSA-N,YNKIFVWTGGGPMN,PubChem,16187527,,kav_test.csv,1,70.8%,0.348484843969345
COc1ccc(Oc2cc(C(F)(F)F)nc(N(C)C)n2)cc1,0,JYUQQNLQPMXQTG-UHFFFAOYSA-N,JYUQQNLQPMXQTG,PubChem,3255159,,kav_test.csv,0,53.2%,0.348484843969345
CCN(CC)C(=O)[C@@H]1CCCN(c2ncnc3c2cnn3-c2ccc(Cl)cc2)C1,0,JWMGAPYNWOHIEK-OAHLLOKOSA-N,JWMGAPYNWOHIEK,PubChem,3863277,,kav_test.csv,1,69.2%,0.348837196826935
COc1ccc(N2C(=O)[C@@H](CC(=O)Nc3ccc(F)cc3)N(CCc3cccs3)C2=O)cc1,0,HKJLXMAHVGHALN-OAQYLSRUSA-N,HKJLXMAHVGHALN,PubChem,4917815,,kav_test.csv,1,61.6%,0.348837196826935
COc1cc(O)cc(O)c1C(=O)CC(C)C,1,CSDLKVWYPVAIKE-UHFFFAOYSA-N,CSDLKVWYPVAIKE,PubChem,129863148,27617803,kav_test.csv,0,74.0%,0.348837196826935
C=C(C)Cn1c(SCC(=O)O)nnc1-c1ccccc1,0,BLIXVEGJBBELRE-UHFFFAOYSA-N,BLIXVEGJBBELRE,PubChem,740955,,kav_test.csv,0,53.8%,0.349206358194351
O=C(c1cc([N+](=O)[O-])ccc1N1CCOCC1)N1CCCC1,0,NLZGQCFRDZUTBP-UHFFFAOYSA-N,NLZGQCFRDZUTBP,PubChem,2934552,,kav_test.csv,0,62.0%,0.349206358194351
Cc1ccnc(NC(=O)Cn2ccc([N+](=O)[O-])n2)c1,0,QOORRPSQULBHFV-UHFFFAOYSA-N,QOORRPSQULBHFV,PubChem,708196,,kav_test.csv,0,60.1%,0.349206358194351
Cn1ccc(C[N+]2=CC(c3cccc(C(F)(F)F)c3)C=N2)n1,1,LIHJHFVXLZSRNK-UHFFFAOYSA-N,LIHJHFVXLZSRNK,US Patent,,,eval_set_herg_60.csv,1,81.0%,0.349206358194351
COC(=O)c1[nH]c2ccc(C)cc2c1NC(=O)Nc1ccccc1OC,0,YTCIAWJRYPJVJZ-UHFFFAOYSA-N,YTCIAWJRYPJVJZ,PubChem,660519,,kav_test.csv,1,53.1%,0.349206358194351
Cc1cc(Br)ccc1-n1nc(C)c(/C=N/c2cccc3nsnc23)c1O,0,QTTLPAZWBPVUPY-AWQFTUOYSA-N,QTTLPAZWBPVUPY,PubChem,135472751,,kav_test.csv,1,58.8%,0.349397599697113
Sc1nnc(C2(c3ccccc3)CCCC2)o1,0,XUURERUVIZSRTI-UHFFFAOYSA-N,XUURERUVIZSRTI,PubChem,689193,,kav_test.csv,0,62.9%,0.349999994039536
COc1ccc(S(=O)(=O)N2CCN(C[C@H]3CC=CCC3)CC2)cc1,0,WZARNQWBFOEURI-INIZCTEOSA-N,WZARNQWBFOEURI,PubChem,2881103,,kav_test.csv,1,54.6%,0.349999994039536
COc1ccc(/C=C2\SC(=O)N(CCNC(=O)C3CCN(S(=O)(=O)c4cccs4)CC3)C2=O)cc1,0,UURQSSRIAMUJDP-CYVLTUHYSA-N,UURQSSRIAMUJDP,PubChem,6111629,,kav_test.csv,0,55.0%,0.349999994039536
C[C@@H](OC(=O)c1cccc(S(=O)(=O)Nc2ccc3c(c2)OCO3)c1)C(=O)c1c[nH]c2ccccc12,0,BNSZTNPXATWJNC-OAHLLOKOSA-N,BNSZTNPXATWJNC,"Didziapetris et al., 2016",,,eval_set_herg_60.csv,1,53.9%,0.349999994039536
CCC(=O)c1ccc(OCc2ccc(C(=O)OC)o2)c(OC)c1,0,UDXJTGAWTFSGCD-UHFFFAOYSA-N,UDXJTGAWTFSGCD,PubChem,804679,,kav_test.csv,0,51.2%,0.349999994039536
O=C(c1ccc2c(c1)OCO2)N1CCN(CCN2C(=O)c3cccc4cccc(c34)C2=O)CC1,0,YDMZSUSXOKZDEN-UHFFFAOYSA-N,YDMZSUSXOKZDEN,PubChem,2884895,,kav_test.csv,1,54.1%,0.349999994039536
COC(=O)CON1C(=O)c2ccccc2C1=O,0,MSKBUVDLWGTLAC-UHFFFAOYSA-N,MSKBUVDLWGTLAC,PubChem,748410,,kav_test.csv,0,61.1%,0.349999994039536
CC(=O)N[C@H](Cc1cnc[nH]1)C(=O)O,0,KBOJOGQFRVVWBH-SSDOTTSWSA-N,KBOJOGQFRVVWBH,PubChem,273260,,kav_test.csv,0,73.6%,0.349999994039536
CCOc1ccc2cc(/C=C/C(=O)c3ccco3)c(Cl)nc2c1,0,YWXGZDZAWBREOQ-SOFGYWHQSA-N,YWXGZDZAWBREOQ,PubChem,5908395,,kav_test.csv,1,57.8%,0.350649356842041
COc1ccc(S(=O)(=O)N2CCOCC2)cc1C(=O)N(C)Cc1ccccc1F,0,DFISFIOJZZSPMH-UHFFFAOYSA-N,DFISFIOJZZSPMH,PubChem,9467330,,kav_test.csv,1,51.0%,0.350649356842041
COc1ccc(-c2cc(C(=O)N(C)CC(=O)Nc3ccccc3C(F)(F)F)c3ccccc3n2)cc1OC,0,RXQXDBRBCUGKDU-UHFFFAOYSA-N,RXQXDBRBCUGKDU,PubChem,25162468,,kav_test.csv,1,68.9%,0.350649356842041
Cc1ccc(NC(=O)COC(=O)CCc2c[nH]c3ccccc23)cc1[N+](=O)[O-],0,AORBWWRGQMIDBT-UHFFFAOYSA-N,AORBWWRGQMIDBT,PubChem,2079099,,kav_test.csv,0,58.4%,0.350649356842041
O=C(COC(=O)c1cc(=O)[nH]c(=O)[nH]1)Nc1cccc(S(=O)(=O)N2CCCCC2)c1,0,FJISIZFABSEVMQ-UHFFFAOYSA-N,FJISIZFABSEVMQ,PubChem,4836506,,kav_test.csv,0,59.0%,0.350649356842041
Cc1ccc(C)n1-c1ccc(C(=O)N/N=C/c2ccncc2)cc1,0,QSYPFNFJSLOYRO-FYJGNVAPSA-N,QSYPFNFJSLOYRO,PubChem,6906359,,kav_test.csv,1,50.5%,0.350877195596695
Cc1ccc(C(=O)[C@H](OC(=O)CNC(=O)c2ccc(Cl)cc2)c2ccccc2)cc1,0,CLFVTBYKWUDCDW-HSZRJFAPSA-N,CLFVTBYKWUDCDW,PubChem,2926382,,kav_test.csv,1,65.9%,0.350877195596695
COC(=O)C1=C(C)[N+](Cc2ccccc2)=C(NCc2ccccc2)N[C@H]1c1cccc(C(F)(F)F)c1,0,CNTLZAQKZNARDW-VWLOTQADSA-O,CNTLZAQKZNARDW,PubChem,135871468,,kav_test.csv,1,73.3%,0.351351350545883
O=C(CSc1ccc(-c2cccc([N+](=O)[O-])c2)nn1)N1CCCCC1,0,WDFJGGBIGHKLHI-UHFFFAOYSA-N,WDFJGGBIGHKLHI,PubChem,7205907,,kav_test.csv,1,52.5%,0.351351350545883
CCOC(=O)[C@@H]1CCCN(c2cc(=O)n(C3CCCCC3)c(=O)[nH]2)C1,0,ASNTZFZKDCGZEB-CYBMUJFWSA-N,ASNTZFZKDCGZEB,PubChem,3571999,,kav_test.csv,0,62.8%,0.351351350545883
CCOC(=O)N1CCN(C(=O)c2oc3ccc(S(=O)(=O)N4CCCCC4)cc3c2C)CC1,0,DMDFEKUTEXGTHZ-UHFFFAOYSA-N,DMDFEKUTEXGTHZ,PubChem,3240478,,kav_test.csv,0,52.2%,0.351351350545883
COC[C@@H]1CCN(C(=O)c2ccc3oc(CCc4ccccc4)nc3c2)C1,0,SRFJKSVOUQMURK-QGZVFWFLSA-N,SRFJKSVOUQMURK,PubChem,45226885,,kav_test.csv,1,69.0%,0.351351350545883
O=c1[nH]nc(CSCc2ccccc2Cl)[nH]1,0,MEFZAXYMRZUVIO-UHFFFAOYSA-N,MEFZAXYMRZUVIO,PubChem,135414671,,kav_test.csv,0,55.3%,0.351351350545883
O=C(/C=N/O)NCc1ccncc1,0,BJACAAKUZOAJSE-IZZDOVSWSA-N,BJACAAKUZOAJSE,PubChem,17019740,,kav_test.csv,0,65.1%,0.351351350545883
O=C(Nc1ccnn1C1CCN(Cc2ccc(C#CCCO)cc2)CC1)c1cccc(F)c1,0,RKNVCAOVFMHUFB-UHFFFAOYSA-N,RKNVCAOVFMHUFB,PubChem,24819557,,kav_test.csv,1,61.5%,0.351648360490799
COc1cc(OC)c(F)c(COc2cnc(Nc3ccc(N4CCC(N5CCN(C)CC5)CC4)c(F)c3)nc2)c1F,1,UEJDKYLMUXYNLX-UHFFFAOYSA-N,UEJDKYLMUXYNLX,CUPID,129180276,35219181,kav_test.csv,1,58.6%,0.351648360490799
CCC[C@H]1NC(=O)NC(C)=C1C(=O)OCC,0,PEBUHSRIKMOEDR-MRVPVSSYSA-N,PEBUHSRIKMOEDR,PubChem,2817729,,kav_test.csv,0,80.6%,0.351851850748062
O=C(c1ccncc1)N1c2ccccc2Sc2ccccc21,0,YJFSIPCNMNUHNM-UHFFFAOYSA-N,YJFSIPCNMNUHNM,PubChem,750457,,kav_test.csv,0,61.1%,0.351851850748062
CCOC(=O)c1ccc(NC(=S)NCc2ccco2)cc1,0,RXSCGKLWXDKRPH-UHFFFAOYSA-N,RXSCGKLWXDKRPH,PubChem,845939,,kav_test.csv,1,54.1%,0.352112680673599
Cc1ccc(NC(=O)COc2ccccc2)c(NC(=O)c2ccccc2C)c1,0,YHZDNWOXHMABRN-UHFFFAOYSA-N,YHZDNWOXHMABRN,PubChem,1293428,,kav_test.csv,1,50.4%,0.352112680673599
O=C(c1cccc(S(=O)(=O)N2CCc3ccccc3C2)c1)N1CCC(OCc2ccccc2)CC1,1,HTYGLMAQMBADNY-UHFFFAOYSA-N,HTYGLMAQMBADNY,"Didziapetris et al., 2016",,,eval_set_herg_60.csv,1,71.4%,0.352941185235977
CN(Cc1ccc(F)cc1)C(=O)c1cccc(S(=O)(=O)N2CCN(c3ccc(F)cc3)CC2)c1,0,KPHMAXYTKMLBLS-UHFFFAOYSA-N,KPHMAXYTKMLBLS,PubChem,24981895,,kav_test.csv,1,62.6%,0.352941185235977
CCN(CC)S(=O)(=O)c1ccc(NC(=O)[C@@H](NC(=O)c2cc(OC)cc(OC)c2)C(C)C)cc1,0,SORCXTIRJYOLHZ-QFIPXVFZSA-N,SORCXTIRJYOLHZ,PubChem,16196342,,kav_test.csv,0,54.9%,0.352941185235977
CC1(C)C[C@@H]2C[C@@](C)(CN2C(=O)CN2C(=O)c3ccccc3C2=O)C1,0,MZXUCPGCLXOWQC-ZUOKHONESA-N,MZXUCPGCLXOWQC,PubChem,2928835,,kav_test.csv,0,54.2%,0.352941185235977
Cc1nc2ccc(NC(=O)N3CCCCC3)cc2s1,0,UEULPQSWNYNREC-UHFFFAOYSA-N,UEULPQSWNYNREC,PubChem,972659,,kav_test.csv,0,50.6%,0.352941185235977
S=C(N/N=C/c1cccc2ccccc12)Nc1cccc(Cl)c1,1,MNXLAXFHOLZSDT-UDWIEESQSA-N,MNXLAXFHOLZSDT,PubChem,9566475,,kav_test.csv,1,61.3%,0.352941185235977
O=c1[nH]c(CCCN2CC=C(c3ccc(F)cc3)CC2)nc2c(Cl)cccc12,1,ACCULLWIBRVLMN-UHFFFAOYSA-N,ACCULLWIBRVLMN,CUPID,135515514,34570508,kav_test.csv,1,87.3%,0.352941185235977
CN1CCN(/N=C/c2nc(-c3ccccc3Cl)n3ccccc23)CC1,0,YSNHODWZYKZGHE-KGENOOAVSA-N,YSNHODWZYKZGHE,PubChem,9558594,,kav_test.csv,1,80.2%,0.352941185235977
Cc1ccc(S(=O)(=O)CCC(=O)Nc2ccc3nc(C)sc3c2)cc1,0,ZUOJPQXAQZQUEX-UHFFFAOYSA-N,ZUOJPQXAQZQUEX,PubChem,2442554,,kav_test.csv,0,50.0%,0.352941185235977
O=C(O)c1ccccc1-c1nc2ccccc2n1-c1ccccc1,0,SJUJPKXXULBKLM-UHFFFAOYSA-N,SJUJPKXXULBKLM,PubChem,838918,,kav_test.csv,0,62.9%,0.352941185235977
COc1ccc(OC[C@H](O)CNC(=O)/C=C/c2cccc([N+](=O)[O-])c2)cc1,0,OLTBMPBSOPFACG-ZWIJEDICSA-N,OLTBMPBSOPFACG,PubChem,5737994,,kav_test.csv,0,51.0%,0.353846162557602
O=C(CN1C(=O)NC2(CCCCCC2)C1=O)Nc1cccc(F)c1,0,CZGBDBAAACVCFU-UHFFFAOYSA-N,CZGBDBAAACVCFU,PubChem,2701735,,kav_test.csv,0,56.3%,0.353846162557602
N#Cc1ccc(CN(c2ccncc2)S(=O)(=O)c2ccccc2)cc1,0,RRGJHMKPFZHLRO-UHFFFAOYSA-N,RRGJHMKPFZHLRO,PubChem,4825964,,kav_test.csv,1,52.5%,0.353846162557602
C=CC(=O)NC(C)(C)Cc1ccccc1,0,XXSXIHMRESDNPW-UHFFFAOYSA-N,XXSXIHMRESDNPW,PubChem,824800,,kav_test.csv,0,74.2%,0.354166656732559
CCS(=O)(=O)C[NH2+]C1c2cc(C[NH3+])ccc2OC(C)(C)C1O,1,WBVSOLNLFCLORC-UHFFFAOYSA-P,WBVSOLNLFCLORC,"Konda et al., 2019",,,eval_set_herg_60.csv,0,64.2%,0.354430377483368
Cc1cccc2sc(NC(=O)c3ccc(OC[C@H]4CCCO4)cc3)nc12,1,GYEIPKBACHQJHT-MRXNPFEDSA-N,GYEIPKBACHQJHT,PubChem,5139336,,kav_test.csv,1,63.7%,0.354430377483368
O=C1CC(Nc2ccccc2)=NN1c1ccccc1,0,BYHCBLSQLHOONI-UHFFFAOYSA-N,BYHCBLSQLHOONI,PubChem,135461894,,kav_test.csv,0,58.8%,0.354838699102402
C[C@@H](Nc1ccc(F)cc1F)C(=O)NC(=O)NC1CCCCC1,0,QGURHPRNIGUTTI-SNVBAGLBSA-N,QGURHPRNIGUTTI,PubChem,3962793,,kav_test.csv,0,60.8%,0.354838699102402
O=C(CSc1nnc(CNc2ccc(F)cc2)n1Cc1ccco1)N1CCCC1,0,VHZMPYCWMBFVOT-UHFFFAOYSA-N,VHZMPYCWMBFVOT,PubChem,648107,,kav_test.csv,1,60.3%,0.355263143777847
CC(=O)Nc1cccc(Oc2cc(C#N)c(C#N)cc2N2CCOCC2)c1,0,HIUUBSLLUKNSTG-UHFFFAOYSA-N,HIUUBSLLUKNSTG,PubChem,1087089,,kav_test.csv,1,53.8%,0.355263143777847
COc1ccc(CN2[C@@H](CC(=O)O)c3cc(F)ccc3S2(=O)=O)cc1,0,CAEAAXPSYFUVJL-HNNXBMFYSA-N,CAEAAXPSYFUVJL,PubChem,24747448,,kav_test.csv,0,68.6%,0.355263143777847
Oc1ccc2ccccc2c1/C=N/C1CCCCC1,0,BALNFYMIMXPXOU-LDADJPATSA-N,BALNFYMIMXPXOU,PubChem,598370,,kav_test.csv,0,50.5%,0.355555564165115
CCCCc1nc(Cl)c(CO)n1Cc1ccc(-c2ccccc2-c2nn[n-]n2)cc1,1,MDMTUGIZSFHDIC-UHFFFAOYSA-N,MDMTUGIZSFHDIC,"Doddareddy et al., 2010",,,eval_set_herg_70.csv,1,57.5%,0.355555564165115
COc1ccc(S(=O)(=O)Nc2cccc3c2O[C@H](CN(C)Cc2ccccc2)[C@@H](C)CN([C@H](C)CO)C3=O)cc1,0,WHAMMSTUKUIKDL-PFPZSTESSA-N,WHAMMSTUKUIKDL,PubChem,44202399,,kav_test.csv,1,66.0%,0.355769217014313
CCN(CCO)Cc1csc2ccccc12,0,XCEGZHHEEMCUNM-UHFFFAOYSA-N,XCEGZHHEEMCUNM,PubChem,202059,,kav_test.csv,0,58.2%,0.355932205915451
O=C(COC(=O)CCCNC(=O)c1ccc(Cl)cc1)Nc1cc(Cl)c(Cl)cc1Cl,0,DDHXHAAJNVJGAB-UHFFFAOYSA-N,DDHXHAAJNVJGAB,PubChem,2098533,,kav_test.csv,1,56.8%,0.355932205915451
CN1/C(=C\C(=O)COc2ccc3c(c2)OCO3)C(C)(C)c2ccccc21,0,LDQQTSNLIWMABB-JMIUGGIZSA-N,LDQQTSNLIWMABB,PubChem,2435404,,kav_test.csv,1,53.0%,0.355932205915451
O=C(CN1CCN(c2ccccc2)CC1)N1CCc2[nH]c3ccccc3c2C1,0,ALGJLTGZIGLLSY-UHFFFAOYSA-N,ALGJLTGZIGLLSY,PubChem,2004169,,kav_test.csv,1,69.3%,0.355932205915451
O=C(c1cccc(N2CCCC2=O)c1)N1CCOCC1,0,CKYXSUALPIYMOP-UHFFFAOYSA-N,CKYXSUALPIYMOP,PubChem,5195048,,kav_test.csv,0,58.9%,0.355932205915451
CS(=O)(=O)N(CC(=O)NC1CCCC1)C1CCCCC1,1,IMVVHYYIWKUSPQ-UHFFFAOYSA-N,IMVVHYYIWKUSPQ,PubChem,963786,,kav_test.csv,0,79.0%,0.355932205915451
[O-][n+]1c(CN2CCCCC2)nc2cccc3c2c1-c1ccccc1-3,1,XLBPYZGSLNDDSB-UHFFFAOYSA-N,XLBPYZGSLNDDSB,PubChem,3246550,,kav_test.csv,1,59.7%,0.355932205915451
O=C(CN(C(=O)CNC(=O)c1ccco1)c1ccc(F)cc1)NC1CCCC1,0,PHYIVRPGWPDOPI-UHFFFAOYSA-N,PHYIVRPGWPDOPI,PubChem,3211668,,kav_test.csv,0,53.7%,0.356164395809174
O=C(NCc1ccc2[nH]ccc2c1)N1CC(COc2ccc(C(F)(F)F)cc2)C1,1,CREAVHWWSWYHAQ-UHFFFAOYSA-N,CREAVHWWSWYHAQ,PubChem,164618687,34111828,kav_test.csv,1,65.6%,0.356164395809174
O=C(CCl)NNc1nc(-c2ccccc2)c2cc(Cl)ccc2n1,0,BSJBBEXCQYOXPD-UHFFFAOYSA-N,BSJBBEXCQYOXPD,PubChem,818127,,kav_test.csv,1,57.9%,0.356164395809174
CC[C@@H](C)NC(=O)COCc1cc(-c2ccc3c(c2)OCO3)on1,0,QSZYCVWZDKQCMF-LLVKDONJSA-N,QSZYCVWZDKQCMF,PubChem,20906158,,kav_test.csv,0,59.0%,0.357142865657806
O=C(COc1ccccc1/C=C1\SC(=O)N=C1O)Nc1ccc(F)cc1,0,OREVLWPOWURGMU-DHDCSXOGSA-N,OREVLWPOWURGMU,PubChem,1416734,,kav_test.csv,1,51.3%,0.357142865657806
CC(C)(C)c1oc(C(=O)O)cc1CN1CCOCC1,0,RCQJDIRPHMWYFY-UHFFFAOYSA-N,RCQJDIRPHMWYFY,PubChem,2943191,,kav_test.csv,0,67.0%,0.357142865657806
COc1ccc(C2CNC(=O)C2)cc1OC1CCCC1,0,HJORMJIFDVBMOB-UHFFFAOYSA-N,HJORMJIFDVBMOB,"Didziapetris et al., 2016",,,eval_set_herg_60.csv,1,50.5%,0.357142865657806
O=C1Nc2ccc(S(=O)(=O)N3CCOCC3)c3cccc1c23,0,ZDULWWLCYAFFSI-UHFFFAOYSA-N,ZDULWWLCYAFFSI,PubChem,708443,,kav_test.csv,0,55.9%,0.357142865657806
COc1ccc2c(c1)C(=Nn1cc(O)n(CCCCN3CCCCC3)c1=O)CCO2,1,UGNRGLDJHAEIHL-UHFFFAOYSA-N,UGNRGLDJHAEIHL,CUPID,CUPID,,kav_test.csv,1,59.2%,0.357142865657806
C/C(NC[C@H]1CCCO1)=C1/C(=O)NC(=O)N(c2ccc(Cl)cc2)C1=O,0,RGCKYJOSEHCNTI-PCRWRXJSSA-N,RGCKYJOSEHCNTI,PubChem,3754226,,kav_test.csv,0,58.5%,0.357142865657806
CC[C@@H]1CCCCN1C(=O)COc1cccc2c1CCN(C)C2=O,0,PUFBSOQRCLXXPE-CQSZACIVSA-N,PUFBSOQRCLXXPE,PubChem,3638908,,kav_test.csv,0,52.6%,0.357142865657806
CC[n+]1cccc(-c2nc3ccccc3s2)c1,0,FYSNYJGPIDUYHL-UHFFFAOYSA-N,FYSNYJGPIDUYHL,PubChem,2832004,,kav_test.csv,0,59.6%,0.357142865657806
COc1ccc(S(=O)(=O)N2CCOCC2)cc1NC(=O)COc1ncnc2ccccc12,0,ZNMXEJPZGYTVQF-UHFFFAOYSA-N,ZNMXEJPZGYTVQF,PubChem,4344655,,kav_test.csv,0,59.5%,0.358024686574936
COc1cccc(CNC(=O)c2ccc(NC(=O)C[C@H]3SC(=[N+]4CCCC4)NC3=O)cc2)c1,0,SURDKFPTCJQIKE-HXUWFJFHSA-O,SURDKFPTCJQIKE,PubChem,16331256,,kav_test.csv,1,57.8%,0.358024686574936
COc1ccc(NS(=O)(=O)c2cccc(C(=O)N/N=C(\C)c3ccc(-n4ccnc4)cc3)c2)cc1,0,UAUNINAKZZRXOT-OVVQPSECSA-N,UAUNINAKZZRXOT,PubChem,9612045,,kav_test.csv,0,56.4%,0.358024686574936
COc1ccc(NC(=O)CN2C(=O)NC3(CCCCCC3)C2=O)cc1Cl,0,WOGBFTSSFMBSTP-UHFFFAOYSA-N,WOGBFTSSFMBSTP,PubChem,2340853,,kav_test.csv,1,50.9%,0.358024686574936
CC[C@@H](C)NC(=O)COc1ccc(Br)c(C)c1,0,AIFVEEAUKLXLCL-SNVBAGLBSA-N,AIFVEEAUKLXLCL,PubChem,2949556,,kav_test.csv,0,63.5%,0.358208954334259
COc1ccc(C(=O)NC(=S)Nc2cc(C)ccn2)cc1[N+](=O)[O-],0,BMGPVQBGFOGUKW-UHFFFAOYSA-N,BMGPVQBGFOGUKW,PubChem,802081,,kav_test.csv,0,51.8%,0.358208954334259
CCCCOc1ccc(Nc2nc(C)cc(C)c2C#N)cc1,1,KNPRLRAEHJYQOZ-UHFFFAOYSA-N,KNPRLRAEHJYQOZ,PubChem,3121094,,kav_test.csv,1,65.7%,0.358208954334259
O=S1(=O)c2cccc3cccc(c23)N1Cc1ccc(-c2nnco2)cc1,0,ILHXOVKTOROISJ-UHFFFAOYSA-N,ILHXOVKTOROISJ,PubChem,2349636,,kav_test.csv,1,53.7%,0.358208954334259
CCOC(=O)c1s/c(=N/C(=O)c2cccc(OC)c2)n(C)c1C,0,LRGNZPRZUQBJIQ-WUKNDPDISA-N,LRGNZPRZUQBJIQ,PubChem,3236505,,kav_test.csv,0,50.2%,0.358208954334259
O=C(NCC(=O)N1CCN(c2ccccc2)CC1)c1ccco1,0,YJSMJIQBWGWPRL-UHFFFAOYSA-N,YJSMJIQBWGWPRL,PubChem,6457564,,kav_test.csv,0,51.7%,0.358208954334259
Cc1ccc(C(=O)N2CCCCC2)cc1S(=O)(=O)N1CCCCCC1,0,UQHPWKNGPMUAGL-UHFFFAOYSA-N,UQHPWKNGPMUAGL,PubChem,6463307,,kav_test.csv,0,52.3%,0.3584905564785
CCOC(=O)CN/C(=N\S(=O)(=O)c1ccc(Cl)cc1)c1ccccc1,0,ALKQCJAYMDFGMJ-UHFFFAOYSA-N,ALKQCJAYMDFGMJ,PubChem,2978913,,kav_test.csv,0,52.9%,0.3584905564785
Cc1cc(NS(=O)(=O)c2ccccc2)cc(Cl)c1O,0,AZOZNEYSBSEPFH-UHFFFAOYSA-N,AZOZNEYSBSEPFH,PubChem,693393,,kav_test.csv,0,59.7%,0.3584905564785
Cc1ccc(S(=O)(=O)Cc2ccc(C(=O)O)o2)cc1,0,VNPAVLDSIONFMU-UHFFFAOYSA-N,VNPAVLDSIONFMU,PubChem,9551108,,kav_test.csv,0,55.0%,0.3584905564785
O=C(Oc1ccc(OCc2ccccc2)cc1)N(Cc1ccccc1)S(=O)(=O)c1ccc(Cl)cc1,1,LMMVXVMJWKBZQV-UHFFFAOYSA-N,LMMVXVMJWKBZQV,PubChem,142429611,33775835,kav_test.csv,1,53.2%,0.358974367380142
CCOc1ccc(S(=O)(=O)N2CCN(c3ccc(OC)cc3)CC2)c2cccnc12,0,VHFPNBBCTOPTSY-UHFFFAOYSA-N,VHFPNBBCTOPTSY,PubChem,3241187,,kav_test.csv,1,62.4%,0.359375
Cc1cccc(OCC(=O)NNC(=O)[C@@H]2CCCC[C@H]2C(=O)O)c1,0,ARKJUCMLHXMJEY-ZIAGYGMSSA-N,ARKJUCMLHXMJEY,PubChem,4427060,,kav_test.csv,0,73.5%,0.359375
O=C(Cn1nc(-c2cccc([N+](=O)[O-])c2)c2ccccc2c1=O)Nc1cccnc1,0,VSDZRKMRBJKBRC-UHFFFAOYSA-N,VSDZRKMRBJKBRC,PubChem,1292808,,kav_test.csv,1,53.9%,0.359550565481186
O=c1c2cc(Br)ccc2nc(-c2ccccc2)n1O,1,BDEXPOXRURNOLM-UHFFFAOYSA-N,BDEXPOXRURNOLM,PubChem,1487352,,kav_test.csv,0,52.1%,0.360000014305115
COc1ccc(NC(=O)COc2coc(CN3CCN(c4ccccc4)CC3)cc2=O)cc1,0,KJBGDPRHAHSJNG-UHFFFAOYSA-N,KJBGDPRHAHSJNG,PubChem,16802992,,kav_test.csv,1,60.4%,0.360000014305115
CC1CCN(S(=O)(=O)CCNC(=O)c2ccc3c(c2)OCO3)CC1,0,FNTUPOBPHWYMPW-UHFFFAOYSA-N,FNTUPOBPHWYMPW,PubChem,7423364,,kav_test.csv,0,64.4%,0.360000014305115
O=C(O)c1ccccc1-c1nc2ccccc2c(=O)n1O,0,ATNRFBVDUQBSKN-UHFFFAOYSA-N,ATNRFBVDUQBSKN,PubChem,2768998,,kav_test.csv,0,56.0%,0.360000014305115
O=C1CN=C(c2ccccc2)c2ccccc2N1,0,IVUAAOBNUNMJQC-UHFFFAOYSA-N,IVUAAOBNUNMJQC,PubChem,76175,,kav_test.csv,0,71.7%,0.360000014305115
CC(C)OC(=O)NC(Nc1ccccc1C(=O)O)(C(F)(F)F)C(F)(F)F,0,QTRWNZRHWSHUSX-UHFFFAOYSA-N,QTRWNZRHWSHUSX,PubChem,1717181,,kav_test.csv,0,58.4%,0.360000014305115
O=c1cc(-c2ccccc2)cc(-c2ccccc2)n1O,1,VBAHGZFODNVOAQ-UHFFFAOYSA-N,VBAHGZFODNVOAQ,PubChem,23704906,,kav_test.csv,0,60.5%,0.360000014305115
COc1ccccc1-c1ocnc1C(=O)N1CCN(S(=O)(=O)c2ccc(NC(C)=O)cc2)CC1,0,IJIWKGSLXAFYKT-UHFFFAOYSA-N,IJIWKGSLXAFYKT,PubChem,6489715,,kav_test.csv,0,58.5%,0.360465109348297
NC(=O)[C@@H]1CCCN(C(=O)c2ccc3nc(Cc4cccc(Cl)c4)oc3c2)C1,0,UEORDTSQGLHHPI-OAHLLOKOSA-N,UEORDTSQGLHHPI,PubChem,24794111,,kav_test.csv,1,60.5%,0.360465109348297
CC(C)(C)c1cc(-c2nnc(SCc3ccc(Cl)c(Cl)c3)s2)cc(C(C)(C)C)c1O,0,UYWJSVWWLKLHND-UHFFFAOYSA-N,UYWJSVWWLKLHND,"Didziapetris et al., 2016",,,eval_set_herg_60.csv,0,51.6%,0.360655725002289
Cc1nc(NC(=O)C2CCCCC2)sc1C,0,ONHVSTCBBDWPOI-UHFFFAOYSA-N,ONHVSTCBBDWPOI,PubChem,903390,,kav_test.csv,0,74.0%,0.360655725002289
C[C@@H]1CN(S(=O)(=O)c2ccc(-c3nc4ccccc4s3)cc2)C[C@@H](C)O1,1,ZMVSSGNWNQCKSA-ZIAGYGMSSA-N,ZMVSSGNWNQCKSA,PubChem,2997761,,kav_test.csv,1,53.1%,0.360655725002289
CCOC(=O)c1c(C)oc2cc(Br)c(OC)cc12,1,YMRBBUIXCMTGPC-UHFFFAOYSA-N,YMRBBUIXCMTGPC,PubChem,698979,,kav_test.csv,0,52.7%,0.360655725002289
COc1ccc(C)cc1NC(=O)c1nn(-c2ccccc2)cc1OC,0,WOVUVEHLMCBWJZ-UHFFFAOYSA-N,WOVUVEHLMCBWJZ,PubChem,7992588,,kav_test.csv,1,50.7%,0.360655725002289
Cc1ccc(S(=O)(=O)N2CCN(C(=S)NCCc3ccccc3)CC2)cc1,0,STSABBCCWFEARJ-UHFFFAOYSA-N,STSABBCCWFEARJ,PubChem,2450652,,kav_test.csv,1,65.0%,0.360655725002289
COc1ccc(CCNC(=O)C2CCN(Cc3nc(-c4ccccc4F)oc3C)CC2)cc1OC,0,YIEARLMMTQQPAD-UHFFFAOYSA-N,YIEARLMMTQQPAD,PubChem,3243021,,kav_test.csv,1,71.6%,0.360824733972549
CCOC(=O)N1CCC(NC(=O)CCC(=O)N2CCOc3ccc(C)cc32)CC1,0,NVKWATVVKPMKHV-UHFFFAOYSA-N,NVKWATVVKPMKHV,PubChem,3239842,,kav_test.csv,0,54.2%,0.361111104488373
COc1ccccc1C(=O)Nc1ccc(-c2nnn(CC(=O)NCc3ccco3)n2)cc1,0,NZJHHLLTJRLKHY-UHFFFAOYSA-N,NZJHHLLTJRLKHY,PubChem,1452563,,kav_test.csv,0,55.8%,0.361111104488373
CCOc1ccc(NC(=O)CN(C)C(=O)C[C@@H](NC(=O)c2ccccc2)c2ccccc2)cc1OCC,0,LFMPXHYSZVZSTL-XMMPIXPASA-N,LFMPXHYSZVZSTL,PubChem,24982560,,kav_test.csv,1,64.0%,0.361111104488373
Cc1cccnc1NC(=O)CN1C(=O)COc2ccc(Cl)cc21,0,JJAFKSHELSZUEP-UHFFFAOYSA-N,JJAFKSHELSZUEP,PubChem,6473547,,kav_test.csv,1,58.0%,0.361445784568787
CC1=NN(c2ccc([N+](=O)[O-])cc2)C(=O)/C1=C\NCCN1CCN(C(=O)c2ccc(Br)cc2)CC1,0,OUENIURGGRIQKN-JWGURIENSA-N,OUENIURGGRIQKN,PubChem,2843708,,kav_test.csv,1,60.3%,0.361445784568787
CCOc1cccc(Nc2ccc([N+](=O)[O-])cn2)c1,0,BDSJUNAVBMUSQD-UHFFFAOYSA-N,BDSJUNAVBMUSQD,PubChem,2849132,,kav_test.csv,1,50.7%,0.361702114343643
O=C(N/N=C/c1cccc(Cl)c1Cl)Nc1ccccc1,0,LUSVDTGEASQYGO-RQZCQDPDSA-N,LUSVDTGEASQYGO,PubChem,5332259,,kav_test.csv,1,54.5%,0.361702114343643
CCN(CC)C(=O)c1ccc2c(c1[N+](=O)[O-])C(=O)c1ccccc1C2=O,0,JHFGKELGALVTPV-UHFFFAOYSA-N,JHFGKELGALVTPV,PubChem,610099,,kav_test.csv,1,50.7%,0.361702114343643
CCN(CC)S(=O)(=O)c1ccc(Cl)c(NC(=O)c2ccncc2)c1,0,DTGBWSFIOZZYCK-UHFFFAOYSA-N,DTGBWSFIOZZYCK,PubChem,2963512,,kav_test.csv,0,55.1%,0.361702114343643
Cc1ccc(CN(C)C(=O)[C@H]2CCCN2C(=O)c2cccs2)o1,0,CTIXIQGKUPSTIH-CQSZACIVSA-N,CTIXIQGKUPSTIH,PubChem,2999589,,kav_test.csv,1,50.4%,0.362318843603134
COCCn1c(SCC(=O)Nc2ccc(OC)cc2)nc2c(oc3ccccc32)c1=O,0,WGTFIMUJFMQDSZ-UHFFFAOYSA-N,WGTFIMUJFMQDSZ,PubChem,2150501,,kav_test.csv,1,56.8%,0.362318843603134
O=C(NCc1ccc(Cl)cc1)c1cn2c(CCO)cc3cc(CN4CCOCC4)cc(c1=O)c32,1,IURWLZDQYCTDEM-UHFFFAOYSA-N,IURWLZDQYCTDEM,PubChem,491953,37037115,kav_test.csv,1,61.8%,0.362500011920929
COc1ccccc1CNCc1cccc(CCNCC(O)c2ccc(O)c3[nH]c(=O)sc23)c1,1,VKCKAMBPNXKGHL-UHFFFAOYSA-N,VKCKAMBPNXKGHL,"Didziapetris et al., 2016",,,eval_set_herg_60.csv,1,55.5%,0.362637370824814
C(#Cc1ccc2ccccc2n1)c1ccccn1,0,IRXAEZFKUGBIIX-UHFFFAOYSA-N,IRXAEZFKUGBIIX,PubChem,17915602,,eval_set_herg_70.csv,0,62.5%,0.363636374473572
CCOC(=O)c1ccc(Oc2cc(C)nc(SC)n2)cc1,1,UDCBVEFQXIQEFY-UHFFFAOYSA-N,UDCBVEFQXIQEFY,PubChem,718387,,kav_test.csv,0,55.2%,0.363636374473572
CCCOc1ccc(N2C(=O)C[C@@H](N3CCC(c4nc5ccccc5o4)CC3)C2=O)cc1,0,RCDDSJPWSHTDAP-OAQYLSRUSA-N,RCDDSJPWSHTDAP,PubChem,2961806,,kav_test.csv,1,64.0%,0.363636374473572
CC(=O)CCc1oc2ccc(C)cc2c1-c1ccc(C)o1,0,LGWUYFGPDZNWRD-UHFFFAOYSA-N,LGWUYFGPDZNWRD,PubChem,799487,,kav_test.csv,0,53.2%,0.363636374473572
O=S(=O)(c1ccc(F)cc1)N1CCc2nc(OC3CCN(C4CCC4)CC3)ccc2C1,1,GNHCIEJXXWVTRN-UHFFFAOYSA-N,GNHCIEJXXWVTRN,"Didziapetris et al., 2016",,,eval_set_herg_60.csv,1,65.8%,0.363636374473572
CC(=O)/C=C(C)/N=N/c1c(O)[nH]c2ccccc12,0,SGZNUUIZEVEUKK-FUOROIJXSA-N,SGZNUUIZEVEUKK,PubChem,135580374,,kav_test.csv,0,57.3%,0.363636374473572
CN(c1ccccc1)S(=O)(=O)c1cccc(C(=O)N2CCN(C(=O)Cc3ccc(F)cc3)CC2)c1,1,KDSHDUKPKXKQFE-UHFFFAOYSA-N,KDSHDUKPKXKQFE,"Didziapetris et al., 2016",,,eval_set_herg_60.csv,1,61.0%,0.363636374473572
CCOC(=O)C(=O)N[C@@H]1CC=CC[C@@H]1c1ccc2c(c1)OCO2,0,IJDUZLOVTWEQOA-CHWSQXEVSA-N,IJDUZLOVTWEQOA,PubChem,275414,,kav_test.csv,0,58.3%,0.363636374473572
CC1(C)CCC(NC(=O)c2cc3c(Cl)cc(Cl)cc3[nH]2)CC1,0,NKNGAORFGPSYJG-UHFFFAOYSA-N,NKNGAORFGPSYJG,"Didziapetris et al., 2016",,,eval_set_herg_60.csv,1,64.7%,0.363636374473572
O=C1CCC(=O)N1Cc1c(Cl)cccc1Cl,0,BELUBXOPLBSVNQ-UHFFFAOYSA-N,BELUBXOPLBSVNQ,PubChem,2437699,,kav_test.csv,0,60.4%,0.363636374473572
COCCn1c(S)nc2cc(C(=O)NC[C@H]3CCCO3)ccc2c1=O,0,AGWLIFWXFLPKGZ-GFCCVEGCSA-N,AGWLIFWXFLPKGZ,PubChem,3244336,,kav_test.csv,0,57.7%,0.363636374473572
CCN(CC)CCCN(C)C(=O)Cn1nc(Cc2ccncc2)c2ccccc2c1=O,0,ANJQNGLOTKKKRR-UHFFFAOYSA-N,ANJQNGLOTKKKRR,PubChem,20875889,,kav_test.csv,1,57.1%,0.363636374473572
Cc1ccc(C(=O)OCC(=O)NCc2cccs2)c(C)c1,0,LADNDLCUFLLQKK-UHFFFAOYSA-N,LADNDLCUFLLQKK,PubChem,2364510,,kav_test.csv,0,51.0%,0.363636374473572
CCN(CC)CCCN(c1ccccc1)C1Cc2ccccc2C1.Cl,1,NZLBHDRPUJLHCE-UHFFFAOYSA-N,KIPFVRHNAAZJOD,PubChem,71413,,eval_set_herg_70.csv,1,76.3%,0.363636374473572
CCOC(=O)C1CCN(C(=O)CCc2c(C)nc3cc(-c4ccccc4)nn3c2C)CC1,0,ZWHUBLQKIGLEBR-UHFFFAOYSA-N,ZWHUBLQKIGLEBR,PubChem,9550751,,kav_test.csv,1,52.8%,0.363636374473572
Cc1ccc(S(=O)(=O)/N=C(/Sc2ccccc2C(=O)O)c2ccccc2)cc1,0,HSPPBCOQOOMBEU-LSDHQDQOSA-N,HSPPBCOQOOMBEU,PubChem,5507631,,kav_test.csv,1,50.1%,0.363636374473572
COc1ccc(S(=O)(=O)N(C)C[C@H]2OCc3cnnn3CCCC(=O)N([C@@H](C)CO)C[C@H]2C)cc1,0,QVFRXOMYJDWMPT-KGVIQGDOSA-N,QVFRXOMYJDWMPT,PubChem,44505537,,kav_test.csv,0,60.5%,0.364406794309616
CNC(=O)c1c(-c2ccc(OC)cc2)oc2ccc(O)c(CN3CCC4(COC4)C3)c12,1,GPAHDXKBAQEUEW-UHFFFAOYSA-N,GPAHDXKBAQEUEW,CUPID,166633785,34910486,kav_test.csv,1,59.8%,0.364705890417099
CCOC(=O)N1CCC(NC(=O)c2cnn3c(C(F)(F)F)cc(-c4cccc(OC)c4)nc23)CC1,0,ANEMZFVUEIKVLD-UHFFFAOYSA-N,ANEMZFVUEIKVLD,PubChem,653089,,kav_test.csv,1,57.7%,0.364705890417099
C=CCn1c(O)c(/N=N/C(=S)Nc2ccc(C)cc2)c2ccccc21,1,SWDIIAHMGVHOKQ-QURGRASLSA-N,SWDIIAHMGVHOKQ,PubChem,4135479,,kav_test.csv,1,66.0%,0.364864856004715
COc1ccccc1C(=O)NC(=O)CSc1nncn1C(C)C,0,AIZJPVHHISTBCS-UHFFFAOYSA-N,AIZJPVHHISTBCS,PubChem,7675654,,kav_test.csv,0,58.0%,0.364864856004715
CCOC(=O)C1CCN(C(=O)CCNS(=O)(=O)c2cc(Br)cnc2N)CC1,0,AQJHGJCOGUMRJH-UHFFFAOYSA-N,AQJHGJCOGUMRJH,PubChem,24791903,,kav_test.csv,0,60.9%,0.364864856004715
Cc1ccc(S(=O)(=O)N2CCC(=O)N([C@@H](CO)Cc3ccccc3)CC2)cc1,0,JGESQIGAGQMGBE-LJQANCHMSA-N,JGESQIGAGQMGBE,PubChem,6096756,,kav_test.csv,0,50.9%,0.365079373121262
O=C(Oc1ccc(Br)cc1C(=O)/C=C/c1ccccc1F)c1ccco1,0,UCSUEHRMUXOBPP-VQHVLOKHSA-N,UCSUEHRMUXOBPP,PubChem,5734448,,kav_test.csv,1,61.3%,0.365079373121262
C/C(=C\C(=O)Nc1nccs1)c1ccccc1,0,KXMVAXLDAZPGOL-MDZDMXLPSA-N,KXMVAXLDAZPGOL,PubChem,2191773,,kav_test.csv,0,55.3%,0.365079373121262
CCCC(=O)N[C@H](C)c1nc2ccccc2n1CC,0,QKAJOACYASNODO-LLVKDONJSA-N,QKAJOACYASNODO,PubChem,4686479,,kav_test.csv,0,58.2%,0.365079373121262
NS(=O)(=O)c1ccc(NC(=O)COC(=O)c2cc([N+](=O)[O-])ccc2Cl)cc1,0,KSMIYTOMXFFDST-UHFFFAOYSA-N,KSMIYTOMXFFDST,PubChem,5065869,,kav_test.csv,0,60.0%,0.365384608507156
O=P(OC1CCCCC1)(OC1CCCCC1)[C@@H](Nc1ccccc1)c1cccnc1,0,DGWMUNHYXKZTKF-XMMPIXPASA-N,DGWMUNHYXKZTKF,PubChem,3763139,,kav_test.csv,0,60.9%,0.365384608507156
Cc1nccn1C[C@@H](O)COc1ccccc1,0,RHTXCFRIEYHAHM-GFCCVEGCSA-N,RHTXCFRIEYHAHM,PubChem,3144349,,kav_test.csv,0,60.6%,0.365384608507156
COc1ccc([C@H]2NC(=O)NC(C)=C2C(=O)OC2CCCCC2)cc1OC,0,IQVJLOCGIQGZHC-GOSISDBHSA-N,IQVJLOCGIQGZHC,PubChem,2854560,,kav_test.csv,0,54.8%,0.365384608507156
CC/C(Cc1ccccc1)=N/NC(=O)c1cccc(Br)c1,0,ADUFXBAFOZICCQ-MNDPQUGUSA-N,ADUFXBAFOZICCQ,PubChem,5457050,,kav_test.csv,1,59.7%,0.365384608507156
CSc1ccc(/C=C/C(=O)OCC(=O)N2CCCCCC2)cc1,0,HECQCYONZVOTDQ-DHZHZOJOSA-N,HECQCYONZVOTDQ,PubChem,6213461,,kav_test.csv,0,54.8%,0.365384608507156
COc1ccc(-n2c(N)c(C(=O)NC[C@H]3CCCO3)c3nc4ccccc4nc32)c(OC)c1,0,LLAOYUPPRYFXOJ-OAHLLOKOSA-N,LLAOYUPPRYFXOJ,PubChem,659067,,kav_test.csv,1,51.4%,0.365591406822205
CN(Cc1nccn1C)C(=O)C[C@@H]1C(=O)NCCN1Cc1cccc(Oc2ccccc2)c1,0,KHZSMXCVJGJEQM-JOCHJYFZSA-N,KHZSMXCVJGJEQM,PubChem,16190906,,kav_test.csv,1,60.1%,0.365853667259216
O=C(O)CSCC(=O)NCc1ccc(Cl)cc1,0,YRBOSRDVVKCJCS-UHFFFAOYSA-N,YRBOSRDVVKCJCS,PubChem,2763893,,kav_test.csv,0,60.4%,0.365853667259216
COc1ccc(S(=O)(=O)N2Cc3ccccc3C[C@@H]2C(=O)O)cc1OC,0,DSSBZDRSBRHOPJ-OAHLLOKOSA-N,DSSBZDRSBRHOPJ,PubChem,2793589,,kav_test.csv,0,60.2%,0.365853667259216
CCn1ccnc1CN(C)Cc1nc(-c2ccc(C(=O)OC)cc2)no1,0,ICXSBIKVYFZXFG-UHFFFAOYSA-N,ICXSBIKVYFZXFG,PubChem,16190262,,kav_test.csv,0,56.6%,0.366197168827057
Cc1ccsc1C(=O)Nc1cc(Cl)ccc1-n1cncn1,0,KAVDEHMUHPUXRQ-UHFFFAOYSA-N,KAVDEHMUHPUXRQ,PubChem,25163770,,kav_test.csv,1,57.0%,0.366197168827057
O=C(NNC(=O)c1ccccc1F)c1cccc(S(=O)(=O)N2CCc3ccccc32)c1,0,YIQODFFOKRCDKF-UHFFFAOYSA-N,YIQODFFOKRCDKF,PubChem,2078287,,kav_test.csv,1,52.6%,0.366197168827057
CCc1ccc(OCCCC(=O)Nc2nccs2)cc1,0,RXTYTCPLXYYSRM-UHFFFAOYSA-N,RXTYTCPLXYYSRM,PubChem,1564940,,kav_test.csv,1,51.8%,0.366197168827057
COC(=O)c1sccc1NC(=S)N1CCC(C)CC1,0,CCAJPIVYWHDAAQ-UHFFFAOYSA-N,CCAJPIVYWHDAAQ,PubChem,4610944,,kav_test.csv,1,53.8%,0.366666674613953
S=c1[nH]c2ccccc2c2ccccc12,1,NCIDEKDUBRWLJO-UHFFFAOYSA-N,NCIDEKDUBRWLJO,PubChem,4329248,,kav_test.csv,0,76.8%,0.366666674613953
CCCS(=O)(=O)C/C(N)=N/OC(=O)c1ccccc1Cl,0,LMOVQNJATXTSCJ-UHFFFAOYSA-N,LMOVQNJATXTSCJ,PubChem,9584216,,kav_test.csv,0,60.3%,0.366666674613953
O=C(c1ccc(Cl)cc1)N1CCN(c2ccc([N+](=O)[O-])c(NCc3cccnc3)c2)CC1,0,YZEDAXTWYXOVDJ-UHFFFAOYSA-N,YZEDAXTWYXOVDJ,PubChem,2917174,,kav_test.csv,1,67.6%,0.366666674613953
CC(C)(C)Cc1nnc(NC(=O)c2ccco2)s1,1,VSMWFOLUOJQVEX-UHFFFAOYSA-N,VSMWFOLUOJQVEX,PubChem,795340,,kav_test.csv,0,54.6%,0.366666674613953
COc1cc(OC)cc(C(C)=O)c1,1,YJKHOUIVWKQRSL-UHFFFAOYSA-N,YJKHOUIVWKQRSL,PubChem,95997,,kav_test.csv,0,61.2%,0.366666674613953
O=C(C[C@@H]1C(=O)NCCN1Cc1ccoc1)NCc1cccc(OC(F)(F)F)c1,0,MPPBMGVBKVMUMD-MRXNPFEDSA-N,MPPBMGVBKVMUMD,PubChem,16190822,,kav_test.csv,1,56.5%,0.366666674613953
Cc1ccc(O)c(C(=O)c2cnn(C(=O)COc3ccc(Cl)cc3)c2)c1,0,RCNNKOQWZGQKAI-UHFFFAOYSA-N,RCNNKOQWZGQKAI,PubChem,2116204,,kav_test.csv,1,53.2%,0.366666674613953
C[C@@H]1CCCC[C@H]1NC(=O)[C@@H](C)OC(=O)/C=C/c1ccco1,0,YRVUYMPRNKRDFL-GQRJPGBNSA-N,YRVUYMPRNKRDFL,PubChem,25163151,,kav_test.csv,0,63.2%,0.366666674613953
Cc1ccc(C)c(N2CCN(C(=O)CCS(=O)(=O)c3ccc4c(c3)NC(=O)CO4)CC2)c1,0,BUZJYGKTFQPBBO-UHFFFAOYSA-N,BUZJYGKTFQPBBO,PubChem,22551350,,kav_test.csv,0,53.3%,0.367088615894318
O=C(NC1CNC1)c1cccn2c(=O)c3ccc4ccccc4c3nc12,1,LNNLALAKVYCIRQ-UHFFFAOYSA-N,LNNLALAKVYCIRQ,PubChem,166626306,35450366,kav_test.csv,0,55.4%,0.367088615894318
COc1cc2c(C(=O)NCCN(C)C)cn(CC(C)C)c(=O)c2cc1OC,0,AXOAKXXXTRSALH-UHFFFAOYSA-N,AXOAKXXXTRSALH,PubChem,5322764,,kav_test.csv,0,57.5%,0.367088615894318
CCOc1ccc(-c2nc(CSCC(=O)NCCN3CCOCC3)c(C)o2)cc1,0,PWPWVSKNSIPQJT-UHFFFAOYSA-N,PWPWVSKNSIPQJT,PubChem,3245551,,kav_test.csv,1,69.6%,0.367088615894318
CCN(c1cccc(C)c1)S(=O)(=O)c1c[nH]cn1,1,SJTJFSDZWKOLLB-UHFFFAOYSA-N,SJTJFSDZWKOLLB,PubChem,4124220,,kav_test.csv,0,68.2%,0.367346942424774
COc1cc(/C=C/C(=O)Nc2ccc(S(=O)(=O)Nc3ncccn3)cc2)ccc1OCC#N,0,IZNYGZMYBJFRMN-ONNFQVAWSA-N,IZNYGZMYBJFRMN,PubChem,2127847,,kav_test.csv,1,52.3%,0.367647051811218
Cc1cccc(OCCSc2nc3ccccc3n2CC(=O)O)c1,0,RVCGIIJRZYPCIK-UHFFFAOYSA-N,RVCGIIJRZYPCIK,PubChem,2772715,,kav_test.csv,0,50.5%,0.368421047925949
C=CCc1ccc(OCCCCCN2CCC(C)CC2)c(OC)c1,0,MQTHJNMKFYHZQJ-UHFFFAOYSA-N,MQTHJNMKFYHZQJ,PubChem,2887791,,kav_test.csv,1,81.3%,0.368421047925949
Nc1ccn([C@H]2CS[C@@H](CO)O2)c(=O)n1,0,JTEGQNOMFQHVDC-RQJHMYQMSA-N,JTEGQNOMFQHVDC,PubChem,73339,,eval_set_herg_70.csv,0,70.4%,0.368421047925949
Cc1cc(SCC(=O)Nc2ccc3[nH]c(=O)[nH]c3c2)nc2ccccc12,0,HAMBONVBXDRHDS-UHFFFAOYSA-N,HAMBONVBXDRHDS,PubChem,3450550,,kav_test.csv,1,58.6%,0.368421047925949
COc1ccc(NC(=O)c2c(C)nn(-c3ccccc3)c2Cl)cc1,0,QPYKRCIQRBMWRK-UHFFFAOYSA-N,QPYKRCIQRBMWRK,PubChem,679804,,kav_test.csv,1,57.8%,0.368421047925949
C[N@+]1(CCC(=O)c2ccccc2)CC[C@@H]2CC[C@@H](C2)C1,0,CRFHUZSZRWPLEA-TXPKVOOTSA-N,CRFHUZSZRWPLEA,PubChem,417808,,kav_test.csv,1,58.2%,0.368421047925949
C[C@@H]1CN(S(=O)(=O)c2cccs2)C[C@@H](C)O1,0,FNFUHIIRUAOWNA-RKDXNWHRSA-N,FNFUHIIRUAOWNA,PubChem,2942574,,kav_test.csv,0,74.2%,0.368421047925949
COc1ccc(NS(=O)(=O)c2cc(NC(=O)CCNC(C)=O)ccc2N2CCCCC2)cc1,0,GGRWGRZUFQJGTG-UHFFFAOYSA-N,GGRWGRZUFQJGTG,PubChem,3368937,,kav_test.csv,0,51.8%,0.368421047925949
Cc1ccc(NC(=O)CSc2nc3cc(Br)c(C)nc3[nH]2)cc1F,0,KGFUGPDGDDNTHP-UHFFFAOYSA-N,KGFUGPDGDDNTHP,PubChem,5878331,,kav_test.csv,1,52.5%,0.368421047925949
O=C(CCSc1ccccc1)Nc1nccs1,0,ZITCBHLLULIFFC-UHFFFAOYSA-N,ZITCBHLLULIFFC,PubChem,1252000,,kav_test.csv,0,56.6%,0.368421047925949
C/C(=N\Nc1ccc(S(=O)(=O)N2CCOCC2)cc1[N+](=O)[O-])C(C)C,0,QSEGVTDFOQPCDJ-FOWTUZBSSA-N,QSEGVTDFOQPCDJ,PubChem,9658789,,kav_test.csv,0,56.4%,0.368421047925949
CN[P@](=O)(Oc1ccccc1)O[C@]12C[C@H]3C[C@H](C[C@H](C3)C1)C2,0,DBUAJLPJJLNVRX-CFBGKRILSA-N,DBUAJLPJJLNVRX,PubChem,3493224,,kav_test.csv,0,59.2%,0.368421047925949
CCCOc1ccccc1-c1nc2[nH]nnc2c(=O)[nH]1,0,REZGGXNDEMKIQB-UHFFFAOYSA-N,REZGGXNDEMKIQB,"Didziapetris et al., 2016",,,eval_set_herg_60.csv,0,56.9%,0.369047611951828
CCN1CCCc2cc(CN(CCN3CCOCC3)C(=O)Nc3ccc(C)c(C)c3)ccc21,0,KNMQFXAXXXFFGC-UHFFFAOYSA-N,KNMQFXAXXXFFGC,PubChem,9550493,,kav_test.csv,1,77.1%,0.369047611951828
OCCc1nccn1Cn1cc(-c2ccc(S(F)(F)(F)(F)F)cc2)nn1,1,PTIUBUNBWISPMY-UHFFFAOYSA-N,PTIUBUNBWISPMY,US Patent,,,eval_set_herg_60.csv,1,53.3%,0.369230777025223
C=CCn1c(=S)[nH]c2scc(-c3ccc(C)o3)c2c1=O,1,POCJUFFRQYOWGM-UHFFFAOYSA-N,POCJUFFRQYOWGM,PubChem,4077805,,kav_test.csv,1,57.7%,0.369230777025223
CC(=O)N[C@H](CC(=O)Nc1nc(-c2ccccc2)c(C(C)=O)s1)c1ccccc1,0,VFHZWHDPHWSGMV-GOSISDBHSA-N,VFHZWHDPHWSGMV,PubChem,16304171,,kav_test.csv,1,58.9%,0.369230777025223
COc1cccc(NC(=O)CCc2nnc3ccc(N4CCN(c5cccc(OC)c5)CC4)nn23)c1,0,HXTAXUUJBJJULG-UHFFFAOYSA-N,HXTAXUUJBJJULG,PubChem,20903603,,kav_test.csv,1,60.1%,0.369230777025223
COc1ccc(CCn2ncc(C(=O)c3ccc(C)c(C)c3)n2)cc1,0,GFAWLUIEPMDUPY-UHFFFAOYSA-N,GFAWLUIEPMDUPY,"Didziapetris et al., 2016",,,eval_set_herg_60.csv,1,61.1%,0.369230777025223
O=S(=O)(NCCS(=O)(=O)N1CCN(c2ccccc2)CC1)c1ccccc1,0,DDWWKSMTTIWKIJ-UHFFFAOYSA-N,DDWWKSMTTIWKIJ,PubChem,7188830,,kav_test.csv,0,53.2%,0.369230777025223
CNCCCCOc1ccccc1Cc1ccccc1,1,QSQQPMHPCBLLGX-UHFFFAOYSA-N,QSQQPMHPCBLLGX,PubChem,2377,,eval_set_herg_70.csv,1,76.6%,0.369565218687058
COCCn1c(SCC(=O)NCCc2ccccc2)nnc1-c1ccco1,0,LCPLNUIVNVFZOG-UHFFFAOYSA-N,LCPLNUIVNVFZOG,PubChem,653311,,kav_test.csv,1,51.1%,0.369565218687058
COc1ccccc1NC(=O)c1c(NC(=O)CCC(=O)O)sc2c1CCCCC2,0,DFGDSWGIYUFWQJ-UHFFFAOYSA-N,DFGDSWGIYUFWQJ,PubChem,1915036,,kav_test.csv,0,57.5%,0.369863003492355
O=C(CN1CCN(Cc2ccccc2)CC1)Nc1cccc(S(=O)(=O)N2CCCCCC2)c1,0,RIIUAXNHJHXRTN-UHFFFAOYSA-N,RIIUAXNHJHXRTN,PubChem,3229480,,kav_test.csv,1,70.2%,0.369863003492355
Cc1cc(C)c(NC(=O)CSc2nc3cnccc3[nH]2)c(C)c1,0,SWWINBLIKAPGSG-UHFFFAOYSA-N,SWWINBLIKAPGSG,PubChem,16011880,,kav_test.csv,0,51.0%,0.369863003492355
Cc1ccc(CN2CCN(/N=C/c3ccc(O)c(O)c3)CC2)cc1,1,RKGDDBZIAUEDAP-DEDYPNTBSA-N,RKGDDBZIAUEDAP,PubChem,135544886,,kav_test.csv,1,57.3%,0.370370358228683
Cc1cc(C)c(C#N)c(N2CCN(Cc3ccccc3)CC2)n1,0,ULOBBDPUQZSUTI-UHFFFAOYSA-N,ULOBBDPUQZSUTI,PubChem,2972281,,kav_test.csv,1,63.0%,0.370370358228683
Cc1cc(NC(=O)[C@]23CC[C@](C)(C(=O)O2)C3(C)C)no1,0,NDDQBFBDWOHHMV-KGLIPLIRSA-N,NDDQBFBDWOHHMV,PubChem,662591,,kav_test.csv,0,60.5%,0.370370358228683
NCC1(c2ccccn2)C2CCN(c3cnc4c(-c5cccc(Cl)c5Cl)[nH]nc4n3)CC21,1,ZNGLHHGXOQHVRP-UHFFFAOYSA-N,ZNGLHHGXOQHVRP,CUPID,CUPID,,kav_test.csv,1,70.3%,0.370370358228683
Cc1cccn2c(=O)c(/C=C(\C#N)C(=O)NCc3ccco3)c(N3CCCCCC3)nc12,0,NYIFFEFWAYPYMW-NBVRZTHBSA-N,NYIFFEFWAYPYMW,PubChem,1839213,,kav_test.csv,1,57.0%,0.370370358228683
COc1ccc(-c2csc(N3CCN(S(=O)(=O)c4ccc5c(c4)NC(=O)CO5)CC3)n2)cc1,0,DXTREDBOJCUNMF-UHFFFAOYSA-N,DXTREDBOJCUNMF,PubChem,17139157,,kav_test.csv,0,50.8%,0.370370358228683
O=C(CSc1nnc(-c2ccc(F)cc2)o1)Nc1ccccc1N1CCOCC1,0,RUEPUZGRJKJQNK-UHFFFAOYSA-N,RUEPUZGRJKJQNK,PubChem,1073148,,kav_test.csv,1,54.5%,0.370370358228683
CCCCc1nc(Cl)c(CO)n1Cc1ccc(-c2ccccc2C2=N[N-]NN2)cc1,1,DTYZGPWHZUIKKN-UHFFFAOYSA-N,DTYZGPWHZUIKKN,"Konda et al., 2019",,,eval_set_herg_70.csv,1,56.3%,0.370786517858505
O=Cc1c(Nc2cccc(C(F)(F)F)c2)nc2ccccn2c1=O,0,KKTRDLDCCQNKIF-UHFFFAOYSA-N,KKTRDLDCCQNKIF,PubChem,794775,,kav_test.csv,1,56.0%,0.370967745780945
CCN(CC)S(=O)(=O)c1ccc2[nH]cc(C(=O)NCCN3CCCCCC3)c(=O)c2c1,0,JGLNVYZABVCVBP-UHFFFAOYSA-N,JGLNVYZABVCVBP,PubChem,3245582,,kav_test.csv,0,57.6%,0.371428579092026
CCCC(=O)Nc1cccc(NC(=O)c2ccc([N+](=O)[O-])cc2Cl)c1,0,VOKVOTCZKQEKFK-UHFFFAOYSA-N,VOKVOTCZKQEKFK,PubChem,1336233,,kav_test.csv,0,50.3%,0.371428579092026
CCOC(=O)N1CCN(CCC(=O)Nc2ccc(Br)c(C)c2)CC1,0,DWEWFSCXMVTBNF-UHFFFAOYSA-N,DWEWFSCXMVTBNF,PubChem,16189741,,kav_test.csv,1,58.7%,0.371428579092026
CCOC(=O)c1c(-c2cccc(Cl)c2)n[nH]c1N1C(=O)Nc2ccccc2N1O,1,KUTODLLULAHZHD-UHFFFAOYSA-N,KUTODLLULAHZHD,PubChem,16194069,,kav_test.csv,1,50.0%,0.371794879436493
CCN(CC(=O)Nc1ccc(N2CCOCC2)cc1)C(=O)COc1ccc2c(C)cc(=O)oc2c1,0,KXGYTMWWEGBXEJ-UHFFFAOYSA-N,KXGYTMWWEGBXEJ,PubChem,3899883,,kav_test.csv,0,50.7%,0.372093021869659
CC(C)[C@]1(C)CC(=O)N(Cc2cc(F)cc(C(=O)N[C@@H](C)c3ccccc3)c2)C(N)=N1,1,PGSGWIDQXZCHJL-FYSMJZIKSA-N,PGSGWIDQXZCHJL,"Konda et al., 2019",,,eval_set_herg_60.csv,1,59.1%,0.372093021869659
Cc1ccc(S(=O)(=O)Nc2ccc(S(=O)(=O)NC(C)(C)C)cc2)cc1,0,UZVMRUKQFMWJNQ-UHFFFAOYSA-N,UZVMRUKQFMWJNQ,PubChem,1213228,,kav_test.csv,0,59.0%,0.372093021869659
COc1ccc(C/C(C)=N/NS(=O)(=O)c2ccc(Br)cc2)cc1,0,JMOUVZGKNZAYLJ-LDADJPATSA-N,JMOUVZGKNZAYLJ,PubChem,6088989,,kav_test.csv,1,51.8%,0.372549027204514
Cc1cc(C)c2c(n1)sc1c(N3CCN(C)CC3)ncnc12,0,JMYTXWSBHSDZNI-UHFFFAOYSA-N,JMYTXWSBHSDZNI,PubChem,2816105,,kav_test.csv,1,60.9%,0.372881352901459
O=C1NC(=O)C2(CCN(S(=O)(=O)c3ccccc3)CC2)C(=O)N1,0,YWBAOEDBNQSPKE-UHFFFAOYSA-N,YWBAOEDBNQSPKE,PubChem,257101,,kav_test.csv,0,60.6%,0.372881352901459
CCOC(=O)c1[nH]c(COC(=O)CCCOc2ccccc2)c(C(=O)OCC)c1C,0,VJEAKBYAUHOEEU-UHFFFAOYSA-N,VJEAKBYAUHOEEU,PubChem,2997677,,kav_test.csv,0,55.7%,0.372881352901459
Cc1ccc(CN2C(=O)c3ccccc3NC23CCN(Cc2ccccc2)CC3)cc1,0,CLJVAPKNGGBDKQ-UHFFFAOYSA-N,CLJVAPKNGGBDKQ,PubChem,2094045,,kav_test.csv,1,90.4%,0.372881352901459
CCNc1nc(Oc2ccc(F)cc2)cc(C(F)(F)F)n1,0,LUNPXWMWSAVMIQ-UHFFFAOYSA-N,LUNPXWMWSAVMIQ,PubChem,1483248,,kav_test.csv,0,50.2%,0.373134315013886
CC(C)C[C@@H](C)NNC(=O)c1cc2ccccc2[nH]1,0,IYGSNPHFEOKFDA-LLVKDONJSA-N,IYGSNPHFEOKFDA,PubChem,4532276,,kav_test.csv,0,56.0%,0.373134315013886
NC(=O)C1CCN(CC(=O)Nc2ccccc2N2CCOCC2)CC1,0,INGALQSOOBOGTJ-UHFFFAOYSA-N,INGALQSOOBOGTJ,PubChem,2813874,,kav_test.csv,0,59.4%,0.373134315013886
COc1ccc(-c2cc(C(F)(F)F)n3nc(C(=O)Nc4cc(C)on4)cc3n2)cc1OC,0,HYKNHFHXGWYCIJ-UHFFFAOYSA-N,HYKNHFHXGWYCIJ,PubChem,1257184,,kav_test.csv,1,51.1%,0.373134315013886
Nc1cc(CNC(=O)c2ccc(Oc3ccc(OCc4cccc(F)c4)cc3)nc2)ccn1,0,ZVDHXNWPBXOHJF-UHFFFAOYSA-N,ZVDHXNWPBXOHJF,"Doddareddy et al., 2010",,,eval_set_herg_60.csv,1,60.5%,0.373333334922791
O=C(c1ccc(-c2ccccc2Cl)o1)N1CCC[C@@H](C(F)(F)F)C1,0,AFJZJFZGFJMESK-LLVKDONJSA-N,AFJZJFZGFJMESK,PubChem,25162273,,kav_test.csv,1,62.7%,0.373333334922791
Cc1ccc(S(=O)(=O)N2CCOCC2)cc1C(=O)NCc1ccccn1,0,ASMXNOABFQVRMO-UHFFFAOYSA-N,ASMXNOABFQVRMO,PubChem,2531180,,kav_test.csv,0,58.6%,0.37349396944046
Cc1c(C(=O)O)oc2ccc(S(=O)(=O)N(CC(C)C)CC(C)C)cc12,0,KNOQKUKXHOWCPJ-UHFFFAOYSA-N,KNOQKUKXHOWCPJ,PubChem,3245820,,kav_test.csv,0,65.0%,0.375
C[C@H](CN(C)Cc1ccccc1)OC(=O)c1cccs1,1,KGHVRLNTUNWPCB-CYBMUJFWSA-N,KGHVRLNTUNWPCB,PubChem,6602582,,kav_test.csv,1,54.8%,0.375
CCn1cc(C(=O)Nc2ccc(C)cc2[N+](=O)[O-])c(C)n1,0,BJVSVAAZXYRQKB-UHFFFAOYSA-N,BJVSVAAZXYRQKB,PubChem,3316566,,kav_test.csv,0,57.5%,0.375
Nc1cc(Cl)c(N=C2NCCN2)c(Cl)c1,1,IEJXVRYNEISIKR-UHFFFAOYSA-N,IEJXVRYNEISIKR,"Konda et al., 2019",,,eval_set_herg_60.csv,1,53.9%,0.375
O=C(OCCCNC1=NS(=O)(=O)c2ccccc21)[C@@H]1CC(=O)N(c2ccc(Cl)cc2)C1,0,HJUQDFFXJYJXLH-CQSZACIVSA-N,HJUQDFFXJYJXLH,PubChem,135431390,,kav_test.csv,1,51.3%,0.375
O=C(c1cccc(S(=O)(=O)C2CCc3ccccc3C2)c1)N1CCO[C@H](c2ccc(F)cc2)C1,1,HPOUSNSHNPFEKM-AMVUTOCUSA-N,HPOUSNSHNPFEKM,"Didziapetris et al., 2016",,,eval_set_herg_60.csv,1,72.2%,0.375
COc1ccc(NC(=O)CC2CCCCC2)cc1OC,1,UXDUMXDRYYYETD-UHFFFAOYSA-N,UXDUMXDRYYYETD,PubChem,806931,,kav_test.csv,1,50.8%,0.375
COCCn1cnnc1SCC(=O)Nc1cc(OC)c([N+](=O)[O-])cc1C,0,VJQKHPGJBZKQMM-UHFFFAOYSA-N,VJQKHPGJBZKQMM,PubChem,4780144,,kav_test.csv,0,57.8%,0.375
C[N+]1CC[N+]([C@@H]2c3ccccc3Nc3ccc(Cl)cc3N2O)CC1,0,NQZYDIWYPVKGER-SFHVURJKSA-N,NQZYDIWYPVKGER,"Doddareddy et al., 2010",,,eval_set_herg_60.csv,1,66.1%,0.375
Cc1ccc(NS(=O)(=O)c2cccc(C(=O)NNC(=O)c3cccn3C)c2)c(C)c1,0,UONPLROBZFBKNS-UHFFFAOYSA-N,UONPLROBZFBKNS,PubChem,24819827,,kav_test.csv,0,60.3%,0.375
Cc1cnc(C(=O)Nc2ccc3c(c2)CCC3)cn1,0,KSUSJKBOMCJPCS-UHFFFAOYSA-N,KSUSJKBOMCJPCS,PubChem,1459738,,kav_test.csv,0,54.6%,0.375
Cc1cccc(OCCC(=O)Nc2ccc(F)c(Cl)c2)c1,0,SEUIRYRMTDQOJA-UHFFFAOYSA-N,SEUIRYRMTDQOJA,PubChem,2088422,,kav_test.csv,1,63.3%,0.375
COc1ccc2sc(NC(=O)c3ccco3)nc2c1,0,KMBPYEJKBMDCKV-UHFFFAOYSA-N,KMBPYEJKBMDCKV,PubChem,3236025,,kav_test.csv,1,56.0%,0.375
Nc1ccn(C2CO[C@H](CO)O2)c(=O)n1,0,RXRGZNYSEHTMHC-MLWJPKLSSA-N,RXRGZNYSEHTMHC,PubChem,151173,,eval_set_herg_70.csv,0,69.5%,0.375
Cc1ccc(NC(=O)[C@H](Cc2ccccc2)NC(=O)[C@@H]2Cc3ccccc3CN2)c(C)c1,0,LTPSFSITJKQBID-DQEYMECFSA-N,LTPSFSITJKQBID,PubChem,17578240,,kav_test.csv,1,55.4%,0.375
O=C(O)c1sccc1Oc1ccc(NS(=O)(=O)c2ccccc2)cc1,0,VMYLMMYZPCXXEZ-UHFFFAOYSA-N,VMYLMMYZPCXXEZ,PubChem,16413337,,kav_test.csv,0,50.5%,0.375
COc1ccc(-c2noc(=O)n2Cc2cc(C)ccc2C)cc1,0,JLEOQETWZIAFQD-UHFFFAOYSA-N,JLEOQETWZIAFQD,PubChem,3228082,,kav_test.csv,1,60.5%,0.375
O=C(Nc1cccc(C(F)(F)F)c1)Nc1ccc(Br)cc1-c1nnn[nH]1,0,JXPULDIATMTIIN-UHFFFAOYSA-N,JXPULDIATMTIIN,"Doddareddy et al., 2010",,,eval_set_herg_60.csv,1,52.9%,0.375
CCOc1ccc(C(=O)NC2CCN(CC(=O)NCc3cccs3)CC2)cc1,0,XZHXETFVXQQFOW-UHFFFAOYSA-N,XZHXETFVXQQFOW,PubChem,1436840,,kav_test.csv,1,63.3%,0.375
Cc1ccc(Nc2nnc(SCC(=O)Nc3ncc(C(F)(F)F)cc3Cl)s2)cc1,0,HHSJAQQZBNHAHC-UHFFFAOYSA-N,HHSJAQQZBNHAHC,PubChem,2338856,,kav_test.csv,1,54.9%,0.376470595598221
COc1ccc(-c2cc3nc4n(c(=O)c3s2)CCCCC4)cc1,0,NHLZNZCCQRQBQW-UHFFFAOYSA-N,NHLZNZCCQRQBQW,PubChem,951414,,kav_test.csv,1,69.9%,0.37662336230278
COc1c2c(c3c(c1CCC(=O)O)OC(C)(C)C=C3)OC(C)(C)C=C2,1,KSLHMLXPQDTMJX-UHFFFAOYSA-N,KSLHMLXPQDTMJX,PubChem,256519,,kav_test.csv,0,56.0%,0.37662336230278
CCOC(=O)[C@@H]1CCCN(S(=O)(=O)c2cc(OCC(N)=O)c(C)cc2Cl)C1,0,HLDARMVZLWJPJI-GFCCVEGCSA-N,HLDARMVZLWJPJI,PubChem,2949650,,kav_test.csv,0,62.1%,0.37662336230278
CCC(=O)c1ccc(OCC(=O)Nc2ccc3c(c2)OCCO3)cc1,0,HYSYKQAQFKQERE-UHFFFAOYSA-N,HYSYKQAQFKQERE,PubChem,2542196,,kav_test.csv,1,51.8%,0.376811593770981
O=C(COC(=O)CNC(=O)c1ccc(Cl)cc1Cl)NCc1ccco1,0,KHGJKKHCFCIYQW-UHFFFAOYSA-N,KHGJKKHCFCIYQW,PubChem,9270833,,kav_test.csv,0,51.0%,0.376811593770981
C/C(=N\NC(=O)c1ccc(NS(=O)(=O)c2cccs2)cc1)c1cccs1,0,PLWGRCLZXSWXTB-LDADJPATSA-N,PLWGRCLZXSWXTB,PubChem,6116707,,kav_test.csv,0,55.0%,0.377049177885056
CCn1c(=O)cc(OCC(=O)NC2CCCCC2)c2ccccc21,0,VUXBZICTRWEGPR-UHFFFAOYSA-N,VUXBZICTRWEGPR,PubChem,3238463,,kav_test.csv,0,50.9%,0.377049177885056
COc1ccc(Cc2nnc(NC(=O)Nc3ccc(F)cc3)s2)cc1,0,CYSZJIHLLHIJNZ-UHFFFAOYSA-N,CYSZJIHLLHIJNZ,PubChem,1389244,,kav_test.csv,1,60.9%,0.377049177885056
Cc1ccc(S(=O)(=O)NCCC(=O)OCC(=O)N(C)c2ccccc2)cc1,0,LDENQMUTNHFHQF-UHFFFAOYSA-N,LDENQMUTNHFHQF,PubChem,7168457,,kav_test.csv,0,60.1%,0.377049177885056
Cc1ccc(CNC(=O)[C@H]2CCC(=O)N2C(C)C)cc1,0,XNBZLFPNCKUYSK-CQSZACIVSA-N,XNBZLFPNCKUYSK,PubChem,3336542,,kav_test.csv,0,66.3%,0.377049177885056
Cc1ccc(C(C)C)c(OCCN(C)C)c1,1,MZPZTGNMUWMDBQ-UHFFFAOYSA-N,MZPZTGNMUWMDBQ,PubChem,2935497,,kav_test.csv,0,65.0%,0.377049177885056
COc1cc(/C=C\C(=O)NCc2ccc3c(c2)cc(C)n3C)cc(OC)c1OC,0,JMIFUIAMQNIZSP-CLFYSBASSA-N,JMIFUIAMQNIZSP,PubChem,12005955,,kav_test.csv,1,58.6%,0.377049177885056
COc1cc2c(cc1OC)-c1nnnn1C(C)(C)C2,0,HUQXPHGKGQEUTG-UHFFFAOYSA-N,HUQXPHGKGQEUTG,PubChem,684140,,kav_test.csv,0,51.8%,0.377358496189117
O=c1[nH]c2ccc(NC(=S)NC3CCCCC3)cc2[nH]1,0,KFVKRNKSVXHOSQ-UHFFFAOYSA-N,KFVKRNKSVXHOSQ,PubChem,1251634,,kav_test.csv,1,57.5%,0.377358496189117
CC(=O)c1ccc2c(c1)OCCOCCOCCOCCOCCO2,0,GOVDFSVHYMATAJ-UHFFFAOYSA-N,GOVDFSVHYMATAJ,PubChem,3660800,,kav_test.csv,0,57.6%,0.377358496189117
CCOc1ccc(NC(=O)c2ccc3c(c2)CCN3S(C)(=O)=O)cc1,1,GXNSLDYOGYMHFQ-UHFFFAOYSA-N,GXNSLDYOGYMHFQ,PubChem,1085725,,kav_test.csv,0,54.0%,0.377358496189117
C=CC(=O)OCC(O)COc1ccccc1,0,HHQAGBQXOWLTLL-UHFFFAOYSA-N,HHQAGBQXOWLTLL,PubChem,4443516,,eval_set_herg_70.csv,0,78.2%,0.37777778506279
CCc1noc(C)c1C(=O)N1CCC[C@@H](C(=O)c2ccc(OC)c(F)c2)C1,0,UQWJXABKKFQNRX-CQSZACIVSA-N,UQWJXABKKFQNRX,PubChem,16191230,,kav_test.csv,1,51.2%,0.37777778506279
CCN1C(=O)C(c2ccc(O)cc2)(c2ccc(O)cc2)c2ccccc21,0,TZPXYCYKOYZUNZ-UHFFFAOYSA-N,TZPXYCYKOYZUNZ,PubChem,2895148,,kav_test.csv,0,58.3%,0.37777778506279
COc1cc(C(=O)O)c([N+](=O)[O-])c(OC)c1OC,1,VPVAFLFJAAPHKI-UHFFFAOYSA-N,VPVAFLFJAAPHKI,PubChem,97116,,kav_test.csv,0,64.6%,0.37777778506279
O=C(CCS(=O)(=O)Cc1ccc(Cl)cc1)NCCCN1CCN(c2ccccc2F)CC1,0,KSQQBSHUOFGFPY-UHFFFAOYSA-N,KSQQBSHUOFGFPY,PubChem,9551395,,kav_test.csv,1,69.2%,0.378048777580261
COc1ccc(CCNC(=O)c2ccc(N(C)S(=O)(=O)c3ccccc3)cc2)cc1,0,VEOZLLRMHIYIKY-UHFFFAOYSA-N,VEOZLLRMHIYIKY,PubChem,1142864,,kav_test.csv,1,58.3%,0.378048777580261
CCOc1ccc(NS(=O)(=O)c2cc(NC(=O)CCNC(=O)c3ccco3)ccc2OC)cc1,0,SRUIQCBDCJHZTM-UHFFFAOYSA-N,SRUIQCBDCJHZTM,PubChem,25162186,,kav_test.csv,0,52.4%,0.378378391265869
CCc1ccc(C(=O)Nc2cc(S(=O)(=O)N3CCOCC3)ccc2N2CCOCC2)cc1,0,SOXUWMYHTITIFL-UHFFFAOYSA-N,SOXUWMYHTITIFL,PubChem,4008171,,kav_test.csv,0,52.6%,0.378378391265869
COC(=O)[C@H]1C[C@@H](O)[C@H](O)[C@H](O)C1,0,BHBGXBOEMPWGLO-DBRKOABJSA-N,BHBGXBOEMPWGLO,PubChem,247580,,kav_test.csv,0,82.5%,0.378378391265869
O=C(NCCCn1ccnc1)c1cn(Cc2ccc(F)cc2)nn1,0,YRNUCMHATLTWLR-UHFFFAOYSA-N,YRNUCMHATLTWLR,PubChem,647193,,kav_test.csv,1,53.9%,0.378787875175476
O=C(Nc1ccc(F)cc1F)c1cc(-c2ccco2)on1,0,NNNDKOFKRZLNMU-UHFFFAOYSA-N,NNNDKOFKRZLNMU,PubChem,3238209,,kav_test.csv,0,50.6%,0.378787875175476
COc1cc(/C=C/CNC[C@H]2O[C@@H](n3ccc(=O)[nH]c3=O)[C@H](O)[C@@H]2O)ccc1O,0,JMWKZXUYIACNHR-VMRXFVNFSA-N,JMWKZXUYIACNHR,PubChem,45281124,,kav_test.csv,0,64.9%,0.378787875175476
Cc1cccc(OCC(=O)NNC(=O)Cn2c(=O)cnc3ccccc32)c1,0,NYMOCOIBGIKJGS-UHFFFAOYSA-N,NYMOCOIBGIKJGS,PubChem,24980077,,kav_test.csv,0,53.7%,0.378787875175476
CCOC(=O)N1CCC(N2C(=O)c3ccccc3[C@@H]2Nc2ccc(S(=O)(=O)N(CC)CC)cc2)CC1,0,RRJGXSSZTXCQQA-XMMPIXPASA-N,RRJGXSSZTXCQQA,PubChem,16194417,,kav_test.csv,1,56.4%,0.379310339689255
COc1ccccc1-n1c(C)nc(=O)c(-c2ccccc2)c1C,1,MGTYJLTVYSOGHR-UHFFFAOYSA-N,MGTYJLTVYSOGHR,PubChem,752844,,kav_test.csv,1,54.3%,0.379310339689255
O=C(CN1C(=O)[C@@H]2CCCC[C@H]2C1=O)N1CCN(c2ncccn2)CC1,0,RZHMDOSBFYSFOH-ZIAGYGMSSA-N,RZHMDOSBFYSFOH,PubChem,4884480,,kav_test.csv,0,58.2%,0.379310339689255
NC[C@]1(c2ccccc2)[C@@H]2CCN(c3cnc4c(-c5cccc(Cl)c5Cl)[nH]nc4n3)C[C@@H]21,1,WUANGOCWSCYKOJ-KCYKTTMJSA-N,WUANGOCWSCYKOJ,PubChem,171358483,37197453,kav_test.csv,1,72.3%,0.379746824502945
CNS(=O)(=O)c1cccc(C(=O)NCC2(N3CCCCC3)CCCCC2)c1,0,XOFZUMKTWAGWFJ-UHFFFAOYSA-N,XOFZUMKTWAGWFJ,PubChem,4792588,,kav_test.csv,1,50.7%,0.380281686782837
COc1cc(C(=O)N2CCN(c3ccccc3)CC2)c([N+](=O)[O-])cc1OC,0,KWBGMKHJLMAMSJ-UHFFFAOYSA-N,KWBGMKHJLMAMSJ,PubChem,1116202,,kav_test.csv,1,54.8%,0.380281686782837
COc1ccc(NC(=O)CNCc2ccc(Cl)cc2)cc1S(=O)(=O)N1CCOCC1,0,YYRGRRCORRXUAX-UHFFFAOYSA-N,YYRGRRCORRXUAX,PubChem,16244709,,kav_test.csv,1,58.2%,0.380281686782837
CNS(=O)(=O)c1cccc(C(=O)OCC(=O)c2cc(C)n(C[C@H]3CCCO3)c2C)c1,0,DIOKRFBXDZEMNS-QGZVFWFLSA-N,DIOKRFBXDZEMNS,PubChem,4314554,,kav_test.csv,0,63.3%,0.380952388048172
O=C(N1CCOCC1)N(Cc1cccs1)C1CCCC1,1,WBXGRUSAFKEVEG-UHFFFAOYSA-N,WBXGRUSAFKEVEG,PubChem,665523,,kav_test.csv,0,50.5%,0.380952388048172
Cc1cccc(NC(=O)c2ccc(N3CCOCC3)c([N+](=O)[O-])c2)n1,0,ITZZXJCLHWDKKB-UHFFFAOYSA-N,ITZZXJCLHWDKKB,PubChem,2966834,,kav_test.csv,0,58.1%,0.380952388048172
Clc1nc(-c2ccccc2)cc(-c2ccccc2)n1,0,QNGVEVOZKYHNGL-UHFFFAOYSA-N,QNGVEVOZKYHNGL,PubChem,1804739,,kav_test.csv,0,60.5%,0.380952388048172
CCOc1ccc(-c2cc(C(=O)OC)[nH]n2)cc1,1,JMEPAPLKSXTCMF-UHFFFAOYSA-N,JMEPAPLKSXTCMF,PubChem,2042513,,kav_test.csv,0,51.1%,0.380952388048172
O=C(O)c1cccc(NC(=O)c2cn(-c3ccccc3)nc2-c2cccc(Br)c2)c1,0,JQAXFFDIOIPSMG-UHFFFAOYSA-N,JQAXFFDIOIPSMG,PubChem,1287771,,kav_test.csv,1,53.0%,0.381578952074051
CN(C)CC(C)(c1ccc2ccccc2c1)C(O)c1ccccc1,1,WVMRNJPSSWNSQF-UHFFFAOYSA-N,WVMRNJPSSWNSQF,US Patent,,,eval_set_herg_60.csv,1,58.3%,0.381818175315857
CNc1ccccc1C(=O)OCC(=O)c1ccc(F)cc1,0,XRNPOSZWZPHRSJ-UHFFFAOYSA-N,XRNPOSZWZPHRSJ,PubChem,902750,,kav_test.csv,1,50.9%,0.381818175315857
O=C(NC1CCCCC1)[C@H]1COc2ccccc2O1,0,ROBCGYAEYRKCRM-CQSZACIVSA-N,ROBCGYAEYRKCRM,PubChem,425322,,kav_test.csv,0,54.4%,0.382352948188782
CC#CC(=O)N1CCC(n2nccc2NC(=O)CCc2ccccc2)CC1,0,LVVTWFBTRCSOEN-UHFFFAOYSA-N,LVVTWFBTRCSOEN,PubChem,25545553,,kav_test.csv,1,53.3%,0.382352948188782
CCCCOc1ccc([C@@H](C)NC(=O)[C@@H]2CCCN(S(=O)(=O)CC)C2)cc1,0,KMEZOCRSKIROBE-SJLPKXTDSA-N,KMEZOCRSKIROBE,PubChem,3241033,,kav_test.csv,0,52.7%,0.382352948188782
O=C(Nc1cnn(Cc2ccc(F)cc2)c1)c1cnccn1,0,FFBJICMNIDMFNS-UHFFFAOYSA-N,FFBJICMNIDMFNS,PubChem,3245050,,kav_test.csv,1,51.6%,0.382352948188782
CC(=O)Nc1cccc(C(=O)O[C@H](C)C(=O)NCc2ccc3c(c2)OCO3)c1,0,IRNRNNDBFCBWBW-GFCCVEGCSA-N,IRNRNNDBFCBWBW,PubChem,16531103,,kav_test.csv,0,58.0%,0.382716059684753
CN(Cc1nc(Cc2cccc(F)c2)no1)CC1CCOCC1,0,HJOOBEFXFAZJNR-UHFFFAOYSA-N,HJOOBEFXFAZJNR,PubChem,16190830,,kav_test.csv,1,70.5%,0.382716059684753
COCCC1C[C@H]2CN3CCc4c([nH]c5ccccc45)C(C(=O)OC)(C2)C13,0,DTJQBBHYRQYDEG-FPBGVPCVSA-N,DTJQBBHYRQYDEG,"Didziapetris et al., 2016",,,eval_set_herg_70.csv,1,56.2%,0.382716059684753
O=[N+]([O-])c1cc(/C=N/c2cccc3c(O)cccc23)ccc1Cl,0,NNIXUIZSSWVKSX-VXLYETTFSA-N,NNIXUIZSSWVKSX,PubChem,2358824,,kav_test.csv,1,54.1%,0.382978737354279
O=C(Nc1ccccc1)/C(=C\c1ccco1)NC(=O)c1ccco1,0,IXTSSJAHHKPIQE-NTCAYCPXSA-N,IXTSSJAHHKPIQE,PubChem,5347999,,kav_test.csv,0,52.8%,0.383333325386047
CC(C)NS(=O)(=O)c1ccc(NC(=O)c2cccnc2)cc1,0,USFIKNCBNMEBBT-UHFFFAOYSA-N,USFIKNCBNMEBBT,PubChem,2134222,,kav_test.csv,0,62.3%,0.383333325386047
O=C(NC1CCCCC1)N1CCN(c2ccc([N+](=O)[O-])cc2)CC1,0,BPEWVJKJZHYRTH-UHFFFAOYSA-N,BPEWVJKJZHYRTH,PubChem,2932747,,kav_test.csv,1,50.9%,0.383333325386047
Cc1[nH]c2c(C)cccc2c1CCNS(=O)(=O)c1cc([N+](=O)[O-])ccc1Cl,0,XXDDGURLPFZQND-UHFFFAOYSA-N,XXDDGURLPFZQND,PubChem,4014739,,kav_test.csv,1,54.2%,0.383333325386047
Cc1ccc(C(=O)N/N=C\c2ccccc2[N+](=O)[O-])cn1,0,ZEGLBJSOKOCXOY-SXGWCWSVSA-N,ZEGLBJSOKOCXOY,PubChem,5370920,,kav_test.csv,0,54.8%,0.383333325386047
C[C@]12CCC(=O)C=C1[C@H](O)C[C@@H]1[C@@H]2[C@@H](O)C[C@@]2(C)[C@H]1CC[C@]2(O)C(=O)CO,0,GNFTWPCIRXSCQF-UJXAPRPESA-N,GNFTWPCIRXSCQF,PubChem,6852390,,kav_test.csv,0,81.4%,0.38356164097786
COc1cccc(NC(=O)COC(=O)[C@@H]2CC(=O)N(c3ccc(C)cc3)C2)c1,0,HBTNOMAXCLCVPA-OAHLLOKOSA-N,HBTNOMAXCLCVPA,PubChem,16250764,,kav_test.csv,0,58.2%,0.38356164097786
c1ccc2cc(CNCc3cccc4ccccc34)ccc2c1,0,NKOBJVWGQSDPED-UHFFFAOYSA-N,NKOBJVWGQSDPED,PubChem,2817655,,kav_test.csv,1,55.0%,0.384615391492844
CCC(=O)N[C@H](C)c1nc2ccccc2n1C,0,IWSXPVHJUKMGTP-SECBINFHSA-N,IWSXPVHJUKMGTP,PubChem,3238854,,kav_test.csv,0,59.3%,0.384615391492844
COc1ccc(C(=O)N/C(=C\c2cccc3ccccc23)C(=O)N2CCN(C)CC2)cc1OC,1,ZWFWXBHRLBLAFX-QJOMJCCJSA-N,ZWFWXBHRLBLAFX,PubChem,5344632,,kav_test.csv,1,58.6%,0.384615391492844
CCN(CC)C(=O)Cn1cc(C(=O)C(=O)N2CC=C(c3ccccc3)CC2)c2ccccc21,1,CESCCRNITIBUGD-UHFFFAOYSA-N,CESCCRNITIBUGD,PubChem,16194649,,kav_test.csv,1,60.9%,0.384615391492844
Nc1ccn(Cc2ccccc2)n1,1,VSUXHXCLAWFAJR-UHFFFAOYSA-N,VSUXHXCLAWFAJR,PubChem,1508616,,kav_test.csv,0,71.8%,0.384615391492844
Cc1cc(=O)oc2cc(OCC(=O)N/N=C/c3ccccc3O)ccc12,0,UOCMOACDAUPYOD-KEBDBYFISA-N,UOCMOACDAUPYOD,PubChem,135550888,,kav_test.csv,0,54.8%,0.384615391492844
CC(C)Cc1nnc(/N=C(\O)c2cc(-c3ccccc3)nc3ccccc23)s1,0,VGVCQFUBUPMJIU-UHFFFAOYSA-N,VGVCQFUBUPMJIU,PubChem,1186276,,kav_test.csv,1,59.6%,0.384615391492844
CC(C)(C)OC(=O)N1CCN(c2nc3c([N+](=O)[O-])c(Br)c(Br)cc3[nH]2)CC1,1,RXGDDWPITVSKDR-UHFFFAOYSA-N,RXGDDWPITVSKDR,US Patent,,,eval_set_herg_60.csv,1,55.8%,0.385714292526245
CCCc1cc(=O)oc2c(C)c(OCC(=O)N3CCC(C(=O)O)(c4ccccc4)CC3)ccc12,0,XJBXSWOMPZIREV-UHFFFAOYSA-N,XJBXSWOMPZIREV,PubChem,1777993,,kav_test.csv,0,50.2%,0.385714292526245
CN(Cc1ccccc1)C(=O)CN(C1CCCCC1)S(C)(=O)=O,0,UITMQXRWLMUOST-UHFFFAOYSA-N,UITMQXRWLMUOST,PubChem,954160,,kav_test.csv,0,59.9%,0.385964900255203
COc1ccc(-c2nnn(CC#N)n2)cc1OC,0,YBERIBFMTCFSOL-UHFFFAOYSA-N,YBERIBFMTCFSOL,PubChem,605082,,kav_test.csv,1,50.4%,0.385964900255203
CC(=O)Nc1ccccc1OCC(=O)N[C@H](C)c1ccccc1,0,FQBPVPDVQDBRCO-CYBMUJFWSA-N,FQBPVPDVQDBRCO,PubChem,4877389,,kav_test.csv,1,50.2%,0.385964900255203
Cc1cc(C(=O)NC2CCCC2)on1,0,IOTZNKBACRLQFW-UHFFFAOYSA-N,IOTZNKBACRLQFW,PubChem,5308964,,kav_test.csv,0,67.2%,0.385964900255203
C/C(=N\NC(=O)CC(C)C)c1ccc(Cl)c(Cl)c1,0,VLZZQFKECAOAPS-CXUHLZMHSA-N,VLZZQFKECAOAPS,PubChem,9608232,,kav_test.csv,0,56.7%,0.385964900255203
Oc1ccccc1-n1nc2ccc3nonc3c2n1,0,KIACNIKPMWVBNY-UHFFFAOYSA-N,KIACNIKPMWVBNY,PubChem,382090,,kav_test.csv,1,50.8%,0.386363625526428
O[C@@H](CNC[C@H](c1ccco1)N1CCCCC1)c1ccccc1,1,QKQLDJIRSWQZPF-MSOLQXFVSA-N,QKQLDJIRSWQZPF,PubChem,2997812,,kav_test.csv,1,59.2%,0.386363625526428
O=C(N/N=C/c1c[nH]c2ccccc12)c1ccccc1O,0,UFZJBFOFFCCFQW-VCHYOVAHSA-N,UFZJBFOFFCCFQW,PubChem,135643123,,kav_test.csv,0,55.2%,0.386363625526428
N[C@@H](Cc1cc(I)c(Oc2cc(I)c(O)c(I)c2)c(I)c1)C(=O)O,0,XUIIKFGFIJCVMT-LBPRGKRZSA-N,XUIIKFGFIJCVMT,PubChem,5819,,kav_test.csv,0,56.5%,0.386363625526428
C[C@H](CO)N1C[C@H](C)[C@@H](CN(C)S(=O)(=O)c2ccc3c(c2)OCCCO3)OCc2cn(nn2)CCCC1=O,0,DWMMWNDNBKCTFC-XLNZFTOWSA-N,DWMMWNDNBKCTFC,PubChem,44489262,,kav_test.csv,0,57.2%,0.386554628610611
COc1ccc2nc(/N=C/c3c(C)nn(-c4ccc(C)cc4)c3O)sc2c1,1,WCNQAXOTZXXJML-SRZZPIQSSA-N,WCNQAXOTZXXJML,PubChem,135467535,,kav_test.csv,1,68.3%,0.386666655540466
O=C(NC[C@H](c1cccs1)N1CCOCC1)c1cc2ccccc2o1,0,UDLQDNLFCOREQW-OAHLLOKOSA-N,UDLQDNLFCOREQW,PubChem,6603526,,kav_test.csv,1,62.4%,0.386666655540466
O=C(Nc1ccc(N2CCOCC2)cc1)[C@@H]1CCCN(S(=O)(=O)c2ccccc2)C1,0,FMNAMJMICINTNU-GOSISDBHSA-N,FMNAMJMICINTNU,PubChem,650439,,kav_test.csv,1,56.3%,0.386666655540466
CCc1ccc(NC(=O)C(=O)NCCN2CCN(C(=O)c3ccc(OC)cc3)CC2)cc1,1,OUXIYIFKBSNJRQ-UHFFFAOYSA-N,OUXIYIFKBSNJRQ,PubChem,2891264,,kav_test.csv,1,57.8%,0.387096762657166
CC(=O)c1ccc(NC(=O)c2ccc(N3CCCC3=O)cc2)cc1,0,TWEXNWBYWFQAHY-UHFFFAOYSA-N,TWEXNWBYWFQAHY,PubChem,2094452,,kav_test.csv,0,57.9%,0.387096762657166
O=C(c1cccc(S(=O)(=O)N2CCN(c3ccccc3)CC2)c1)N1CC=C(c2ccccc2)CC1,0,XRGNCAATSIMPOJ-UHFFFAOYSA-N,XRGNCAATSIMPOJ,PubChem,24819661,,kav_test.csv,1,63.2%,0.387096762657166
O=C(OCc1cccc(C(F)(F)F)c1)c1ccc[nH]c1=O,0,XLVKEHJXYSOLMT-UHFFFAOYSA-N,XLVKEHJXYSOLMT,PubChem,2568760,,kav_test.csv,0,55.2%,0.38775509595871
CN(C)C1=NC[C@H](Cc2ccccc2)N1CCCCc1ccccc1,1,GDKICJLSRRXKSQ-NRFANRHFSA-N,GDKICJLSRRXKSQ,PubChem,25102540,,kav_test.csv,1,79.8%,0.38775509595871
COc1ccccc1-c1noc(-c2cccnc2)n1,0,ATGWJMHVOAQPDO-UHFFFAOYSA-N,ATGWJMHVOAQPDO,PubChem,666273,,kav_test.csv,0,55.8%,0.38775509595871
O=C(Cc1c(Cl)cccc1Cl)Nc1ccncc1,0,COKXSNDKACEJIW-UHFFFAOYSA-N,COKXSNDKACEJIW,PubChem,17173956,,kav_test.csv,0,53.4%,0.38775509595871
CC1(C)CC(=O)c2cc(OCC(=O)N3CCOCC3)ccc2O1,0,MBAVHODLROEFFC-UHFFFAOYSA-N,MBAVHODLROEFFC,PubChem,4100484,,kav_test.csv,0,57.8%,0.388059705495834
O=C(CN1C(=O)NC2(CCCCCCC2)C1=O)N1CCN(C(=O)c2ccco2)CC1,0,HJRXECPLRWDBBZ-UHFFFAOYSA-N,HJRXECPLRWDBBZ,PubChem,2479170,,kav_test.csv,0,59.9%,0.388059705495834
O=C(NC(=S)N1CCc2ccccc21)c1ccc(Br)o1,1,KNILZOOKFPUAHW-UHFFFAOYSA-N,KNILZOOKFPUAHW,PubChem,1179562,,kav_test.csv,1,56.9%,0.388059705495834
CCC(C)(C)n1nnnc1CN1CCN(C(c2ccccc2)c2ccccc2)CC1,0,HWNCNYMVSQNVOB-UHFFFAOYSA-N,HWNCNYMVSQNVOB,PubChem,3209083,,kav_test.csv,1,65.7%,0.388888895511627
O=C1CC(c2ccc(O)cc2)Oc2cc(O)cc(O)c21,0,FTVWIRXFELQLPI-UHFFFAOYSA-N,FTVWIRXFELQLPI,"Didziapetris et al., 2016",,,eval_set_herg_70.csv,0,60.3%,0.388888895511627
O=c1c2ccccc2sn1-c1ccccc1,1,KDMQSUUXKLZVNU-UHFFFAOYSA-N,KDMQSUUXKLZVNU,PubChem,164981,,kav_test.csv,0,79.7%,0.388888895511627
CCN(CC)[C@@H](NC(=O)c1ccccc1)C(=O)c1ccccc1,0,UARXKDKTPHIBCN-GOSISDBHSA-N,UARXKDKTPHIBCN,PubChem,645039,,kav_test.csv,0,58.2%,0.388888895511627
C[C@H](C(=O)O)c1ccc(C(=O)c2ccccc2)s1,1,GUHPRPJDBZHYCJ-VIFPVBQESA-N,GUHPRPJDBZHYCJ,"Didziapetris et al., 2016",,,eval_set_herg_60.csv,0,61.4%,0.388888895511627
CC(=O)Nc1cccc(C(=O)NCCc2ccco2)c1,0,NTQMBUNRISZRGA-UHFFFAOYSA-N,NTQMBUNRISZRGA,PubChem,9506757,,kav_test.csv,0,52.6%,0.388888895511627
NNC(=O)c1cc2c(N3CCC(Cc4ccccc4)CC3)ncnc2s1,0,JPNPFHNYFAIFNH-UHFFFAOYSA-N,JPNPFHNYFAIFNH,PubChem,1478208,,kav_test.csv,1,61.6%,0.389610379934311
Cc1cc2cc(CCNC(=O)CCc3ccccc3)c(=O)[nH]c2cc1C,0,KHZCTXQVDPGKIV-UHFFFAOYSA-N,KHZCTXQVDPGKIV,PubChem,3528810,,kav_test.csv,1,61.2%,0.389830499887466
O=C(Cc1c(F)cccc1Cl)NCCCN1CCCC1=O,0,SONAYDACSABIFR-UHFFFAOYSA-N,SONAYDACSABIFR,PubChem,2712590,,kav_test.csv,0,52.4%,0.390243887901306
CC(=O)c1ccc(S(=O)(=O)Nc2ccc(N3CCOCC3)cc2)cc1,0,GNOMIQANUINIGR-UHFFFAOYSA-N,GNOMIQANUINIGR,PubChem,2118303,,kav_test.csv,1,52.2%,0.390625
CCOc1ccc(OCCC(=O)OCC(=O)NC2CCCCC2)cc1,0,VSRYFPCTOYDXIF-UHFFFAOYSA-N,VSRYFPCTOYDXIF,PubChem,16535329,,kav_test.csv,0,62.5%,0.390625
CCn1c(SCC(=O)N2CCCC2=O)nc2ccccc21,0,XDVSOKSAOGQNLB-UHFFFAOYSA-N,XDVSOKSAOGQNLB,PubChem,7171417,,kav_test.csv,0,53.6%,0.390625
CNc1ccc(Cl)cc1C(N)=O,0,ZUYIIDOKGIRIKI-UHFFFAOYSA-N,ZUYIIDOKGIRIKI,PubChem,97387,,kav_test.csv,0,64.8%,0.391304343938828
COc1cccc(NC(=O)CN(C)C(=O)c2ccc(NS(=O)(=O)c3ccc(F)cc3)cc2)c1,0,AIVMXZJNBBAZPZ-UHFFFAOYSA-N,AIVMXZJNBBAZPZ,PubChem,25161774,,kav_test.csv,1,52.7%,0.391304343938828
c1ccc(N=NNc2ccccc2)cc1,0,ALIFPGGMJDWMJH-UHFFFAOYSA-N,ALIFPGGMJDWMJH,"Konda et al., 2019",,,eval_set_herg_60.csv,0,75.6%,0.391304343938828
OCCN1CCN(C(=S)Nc2ccccc2)CC1,0,HHUJHVVWIFUAAH-UHFFFAOYSA-N,HHUJHVVWIFUAAH,PubChem,785529,,kav_test.csv,0,52.6%,0.391304343938828
O=C1c2ccc(OCc3ccccc3)cc2CCC1CCN1CCC(c2ccccc2)CC1,1,CYZOBDVPCDGVGS-UHFFFAOYSA-N,CYZOBDVPCDGVGS,"Doddareddy et al., 2010",,,eval_set_herg_60.csv,1,95.0%,0.391304343938828
c1cc(-c2sc(-c3ccncc3)c(-c3ccncc3)c2-c2ccncc2)ccn1,1,USWLOKMMUTWFMD-UHFFFAOYSA-N,USWLOKMMUTWFMD,PubChem,253078,,kav_test.csv,0,53.3%,0.391304343938828
COc1ccc(Cl)cc1NC(=S)NC1CCCC1,0,CTROEHUSTJNDRF-UHFFFAOYSA-N,CTROEHUSTJNDRF,PubChem,972567,,kav_test.csv,1,54.9%,0.391304343938828
CCOc1ccc(OCCC(=O)OCC(=O)N2CCN(S(=O)(=O)c3ccc(Cl)cc3)CC2)cc1,0,LGWBYGSBDPFLKJ-UHFFFAOYSA-N,LGWBYGSBDPFLKJ,PubChem,24686863,,kav_test.csv,0,56.8%,0.391304343938828
C[C@]1(c2nnc(-c3ccncc3)o2)CC(c2cccc(Cl)c2)=NO1,0,MVEVHNUWMZOBRK-QGZVFWFLSA-N,MVEVHNUWMZOBRK,PubChem,23640819,,kav_test.csv,1,60.0%,0.391304343938828
COc1ccc(NC(=O)c2cnc(SC)nc2)cc1,0,MRSNDXDAWHMJJB-UHFFFAOYSA-N,MRSNDXDAWHMJJB,PubChem,6489028,,kav_test.csv,1,51.6%,0.39215686917305
C[C@@H](C(=O)Nc1nccs1)c1ccc([N+](=O)[O-])cc1,0,IEFACGGBRYAECC-MRVPVSSYSA-N,IEFACGGBRYAECC,PubChem,2944615,,kav_test.csv,0,55.4%,0.39215686917305
COc1ccc(S(=O)(=O)NC2CCCCC2)cc1C,0,OCDCZINIWUEMFY-UHFFFAOYSA-N,OCDCZINIWUEMFY,PubChem,847796,,kav_test.csv,0,66.0%,0.39215686917305
COc1ccccc1C(=O)NNC(=O)C(=O)NCc1ccccc1,1,DVOPINUHWGSMQV-UHFFFAOYSA-N,DVOPINUHWGSMQV,PubChem,3117717,,kav_test.csv,0,54.4%,0.39215686917305
C(#CCN1CCOCC1)COCC#Cc1ccccc1,1,RTNFPIYOGMSVEC-UHFFFAOYSA-N,RTNFPIYOGMSVEC,PubChem,6603148,,kav_test.csv,0,53.1%,0.39215686917305
CCOc1ccc(NC(=O)C/C(C)=N/NC(=O)c2cnccn2)cc1,0,FOLNLOIFRIVAFB-CIAFOILYSA-N,FOLNLOIFRIVAFB,PubChem,9610622,,kav_test.csv,0,55.0%,0.39215686917305
Cc1cc(OCc2nc(-c3ccncc3)no2)cc(C)c1Cl,0,XVSWJBRMACOBTP-UHFFFAOYSA-N,XVSWJBRMACOBTP,PubChem,706146,,kav_test.csv,1,65.7%,0.39215686917305
Cc1ccc(S(=O)(=O)N2CCN(S(=O)(=O)c3ccccc3Br)C2=O)cc1,0,JKEDRNRFZKNPIC-UHFFFAOYSA-N,JKEDRNRFZKNPIC,PubChem,44602022,,kav_test.csv,1,50.2%,0.39215686917305
Cc1ccc(S(=O)(=O)NCC(=O)OCC(=O)Nc2cccc(S(=O)(=O)N3CCOCC3)c2)cc1,0,DUVGFQDBIGHSAX-UHFFFAOYSA-N,DUVGFQDBIGHSAX,PubChem,4574211,,kav_test.csv,0,59.9%,0.392405062913895
Cc1cc(-c2nc(C)c(-c3nnc(SCC(=O)Nc4ccc(Cl)cc4)n3C)s2)no1,0,QFIMJCJTRRRKAY-UHFFFAOYSA-N,QFIMJCJTRRRKAY,PubChem,2745785,,kav_test.csv,1,56.7%,0.392857134342194
CCNC(=S)NCc1ccc2c(c1)OCO2,0,QEBSTUAPXDTNMM-UHFFFAOYSA-N,QEBSTUAPXDTNMM,PubChem,773147,,kav_test.csv,0,52.1%,0.392857134342194
COc1ccc2nc(NC(=S)/N=C(\O)c3ccco3)sc2c1,1,WGGVSKKNPVAZHO-UHFFFAOYSA-N,WGGVSKKNPVAZHO,PubChem,875146,,kav_test.csv,1,56.3%,0.392857134342194
CC(=O)c1ccccc1NC(=O)COC(=O)c1ccccc1NC(=O)c1ccccc1,0,VRFSANPTNOVYJB-UHFFFAOYSA-N,VRFSANPTNOVYJB,PubChem,4882643,,kav_test.csv,1,61.1%,0.392857134342194
CC(C)C1CCC(Cc2ccc(Cl)cc2)C1(O)Cn1cncn1,0,QTYCMDBMOLSEAM-UHFFFAOYSA-N,QTYCMDBMOLSEAM,PubChem,86211,,eval_set_herg_70.csv,1,60.0%,0.393442630767822
CCCC(=O)C1=C(O)[C@@H](c2cccc(Oc3ccccc3)c2)CCC1=O,0,ZZBMANATOQPDDC-GOSISDBHSA-N,ZZBMANATOQPDDC,PubChem,4558230,,kav_test.csv,0,56.0%,0.393442630767822
Cc1ccc(-c2nc(/C=N/c3ccc(O)cc3)c(O)o2)cc1,0,ORCVKYMYEWELEN-VCHYOVAHSA-N,ORCVKYMYEWELEN,PubChem,4247893,,kav_test.csv,1,52.8%,0.393939405679703
O=C(c1ccc(-c2ccc([N+](=O)[O-])cc2Cl)o1)N1CCOCC1,0,KLAQNCVNXUTFQR-UHFFFAOYSA-N,KLAQNCVNXUTFQR,PubChem,942434,,kav_test.csv,0,50.0%,0.393939405679703
Cc1nnc2n1-c1ccc(Cl)cc1C(c1ccccc1Cl)=NC2,0,JOFWLTCLBGQGBO-UHFFFAOYSA-N,JOFWLTCLBGQGBO,"Didziapetris et al., 2016",,,eval_set_herg_60.csv,1,60.4%,0.393939405679703
O=C1C=C(N2CC2)c2ccccc2C1=O,0,KWBYKWLHLZKMKF-UHFFFAOYSA-N,KWBYKWLHLZKMKF,PubChem,9922,,kav_test.csv,0,55.7%,0.393939405679703
O=S(=O)(c1cccc2cccnc12)N1CCCc2ccccc21,0,SVHOOIZUTPIDOF-UHFFFAOYSA-N,SVHOOIZUTPIDOF,PubChem,2870276,,kav_test.csv,1,51.7%,0.393939405679703
Cc1ccc([C@@]2(C)NC(=O)N(CC(=O)NNC(=O)c3ccoc3C)C2=O)cc1,0,TUYGXMKAQSHRBA-LJQANCHMSA-N,TUYGXMKAQSHRBA,PubChem,24981567,,kav_test.csv,0,63.5%,0.393939405679703
COc1ccc(NC(=O)COC(=O)/C=C/c2cccs2)c(OC)c1,0,AVILIZGEZTZRIA-SOFGYWHQSA-N,AVILIZGEZTZRIA,PubChem,8648327,,kav_test.csv,1,52.2%,0.393939405679703
Cc1cc(NC(=O)CSc2nnc(C)n2C)no1,0,YJKUJFLNKNNXSO-UHFFFAOYSA-N,YJKUJFLNKNNXSO,PubChem,1451200,,kav_test.csv,0,62.9%,0.393939405679703
COc1ccc(C(=O)Nn2cnnc2)c(OC)c1,0,IANDGRGNCWIRDR-UHFFFAOYSA-N,IANDGRGNCWIRDR,PubChem,936109,,kav_test.csv,0,52.6%,0.393939405679703
CCN(CC(=O)Nc1ccc(NC(C)=O)cc1)C(=O)CCCc1c[nH]c2ccccc12,0,WEGUFNNSSXBSCG-UHFFFAOYSA-N,WEGUFNNSSXBSCG,PubChem,25162900,,kav_test.csv,1,55.8%,0.394366204738617
O=S(=O)(c1ccc(Cl)cc1)N1CCC(c2nc3ccccc3[nH]2)CC1,0,XBKRKVMVLLQSRM-UHFFFAOYSA-N,XBKRKVMVLLQSRM,PubChem,16582830,,kav_test.csv,1,59.0%,0.394366204738617
Cn1c(CCNC(=O)c2ccccc2)nc2cc(NC(=O)C3CCCCC3)ccc21,0,RGBADQJPUCECDP-UHFFFAOYSA-N,RGBADQJPUCECDP,PubChem,2975827,,kav_test.csv,1,66.3%,0.394366204738617
COc1ccccc1NC(=O)/C=C/c1ccc(OC)c(S(=O)(=O)N2CCOCC2)c1,0,OYAKXUQFJOVXDW-CSKARUKUSA-N,OYAKXUQFJOVXDW,PubChem,2117898,,kav_test.csv,0,55.5%,0.394366204738617
COc1ccc2cc(C(=O)[C@@H]3CCCN(C(=O)c4snnc4C)C3)ccc2c1,0,UGDJKDBEGXTLQU-QGZVFWFLSA-N,UGDJKDBEGXTLQU,PubChem,16188205,,kav_test.csv,1,57.2%,0.394736856222153
CCC(=O)N(CC1(C2CCN(Cc3ccccc3)CC2)CCOCC1)c1cccc(C(F)(F)F)n1,1,GJDLVCLPWHWXGI-UHFFFAOYSA-N,GJDLVCLPWHWXGI,CUPID,126539478,34236190,kav_test.csv,1,81.8%,0.394736856222153
CC[C@@H]1CN(C(=O)NCc2cccc(OC)c2)c2cc(Cl)ccc2O1,0,WFSJWOZHEWHPAL-OAHLLOKOSA-N,WFSJWOZHEWHPAL,PubChem,16018023,,kav_test.csv,1,59.2%,0.395061731338501
COc1ccc(OC)c(S(=O)(=O)NC(C)(C)C)c1,0,UQDCTSJHOFOGRC-UHFFFAOYSA-N,UQDCTSJHOFOGRC,PubChem,2824563,,kav_test.csv,0,70.8%,0.395348846912384
Cc1cccc(C)c1NC(=S)NN1CCN(C)CC1,0,VFAWGTAVLCQOIK-UHFFFAOYSA-N,VFAWGTAVLCQOIK,PubChem,2377815,,kav_test.csv,1,54.7%,0.395833343267441
CCCS(=O)(=O)c1ccc(COC(=O)c2ccc(NC(C)=O)cc2)cc1,0,OHGZDKKIIPFJIW-UHFFFAOYSA-N,OHGZDKKIIPFJIW,PubChem,1300264,,kav_test.csv,0,58.9%,0.395833343267441
COc1ccc(C(=O)NC[C@H]2CCCO2)cc1,0,FGHCTPHRJBXBLK-GFCCVEGCSA-N,FGHCTPHRJBXBLK,PubChem,532275,,kav_test.csv,0,66.1%,0.395833343267441
Cc1ccc(C(=O)N/C(=C/c2ccc(Cl)cc2)C(=O)Nc2cccc(C(=O)O)c2)cc1,0,HZJKOFJYUHLFEL-FYJGNVAPSA-N,HZJKOFJYUHLFEL,PubChem,12005475,,kav_test.csv,0,51.9%,0.396551728248596
COc1ccc(-n2c(C)cc(C(=O)CN3CCCCC3)c2C)cc1,0,VBOQOZOWVULYSK-UHFFFAOYSA-N,VBOQOZOWVULYSK,PubChem,704880,,kav_test.csv,1,73.6%,0.396551728248596
Cc1cc(NC(=O)[C@@H]2CC(=O)N(c3ccccc3Cl)C2)no1,0,OBAADJFAAKEXFP-SNVBAGLBSA-N,OBAADJFAAKEXFP,PubChem,3160152,,kav_test.csv,0,56.3%,0.396551728248596
CS(=O)(=O)c1ccc(C(=O)N(CCc2ccccc2)Cc2ccccc2)cc1,0,ZQBPCIOXDHAXNZ-UHFFFAOYSA-N,ZQBPCIOXDHAXNZ,PubChem,18084040,,kav_test.csv,1,59.0%,0.396551728248596
Cc1cccc(NC(=O)c2sc(-c3ccccc3)nc2-c2ccc([N+](=O)[O-])cc2)c1,0,FOBVSAMPFBXORL-UHFFFAOYSA-N,FOBVSAMPFBXORL,PubChem,1083526,,kav_test.csv,1,55.8%,0.396551728248596
Cc1sc(NC(=O)CN2CCN(c3ccccn3)CC2)c(C#N)c1C,0,VNBBWXNRJMXRCV-UHFFFAOYSA-N,VNBBWXNRJMXRCV,PubChem,645442,,kav_test.csv,1,65.8%,0.396551728248596
Cc1ccc(NC(=O)COc2ccccc2C(=O)NCCN(C)C)cc1,1,FZIYKFPASKQQPB-UHFFFAOYSA-N,FZIYKFPASKQQPB,PubChem,2558493,,kav_test.csv,1,57.8%,0.396825402975082
Cc1cc2c3c([n+](C)c4ccc(F)cc4c3c1)-c1cc(F)ccc1N2C,1,FJUYVGXXNUNWDT-UHFFFAOYSA-N,FJUYVGXXNUNWDT,"Didziapetris et al., 2016",,,eval_set_herg_60.csv,1,52.6%,0.396825402975082
Cc1cccc(N2CCN(C(=O)c3ccncc3)C[C@H]2C)c1,1,QMYKSZMTKWYSSO-OAHLLOKOSA-N,QMYKSZMTKWYSSO,PubChem,2998118,,kav_test.csv,1,55.9%,0.397058814764023
O=C(Nc1cc(Cl)ccc1-n1cncn1)c1ccco1,0,YQDZFKMFVHELPN-UHFFFAOYSA-N,YQDZFKMFVHELPN,PubChem,16342798,,kav_test.csv,1,54.3%,0.397058814764023
O=C(NCc1ccccc1)[C@@H](c1ccc(F)cc1)N(Cc1cccs1)C(=O)c1cnccn1,0,TUKYWZJSGSADQY-HSZRJFAPSA-N,TUKYWZJSGSADQY,PubChem,3188503,,kav_test.csv,1,62.9%,0.397435903549194
CN(c1cccc(NC(=O)c2ccc(Cl)c(S(=O)(=O)N3CCOCC3)c2)c1)S(C)(=O)=O,0,GYXTYDHTGTXVSY-UHFFFAOYSA-N,GYXTYDHTGTXVSY,PubChem,2212246,,kav_test.csv,0,50.8%,0.397435903549194
CCOc1ccc2c(c1)C(=Nn1cc(O)n(CCCN3CCN(C)CC3)c1=O)CCO2,1,AHUIVEBFZQUDEQ-UHFFFAOYSA-N,AHUIVEBFZQUDEQ,CUPID,CUPID,,kav_test.csv,1,56.5%,0.39759036898613
COc1ccc([C@H](C(=O)NC2CCCC2)N(C(=O)c2ccco2)c2cccc(C(C)=O)c2)cc1OC,0,RWDNDSVVXMINLA-AREMUKBSSA-N,RWDNDSVVXMINLA,PubChem,3196866,,kav_test.csv,1,64.4%,0.39759036898613
Cc1ccc(OCc2nnc(SCC(=O)Nc3nccs3)n2-c2ccccc2)cc1C,0,XRVRNGIXACVLCI-UHFFFAOYSA-N,XRVRNGIXACVLCI,PubChem,1257553,,kav_test.csv,1,60.8%,0.39759036898613
CC(C)C[C@@H](C)N1CCC(n2nccc2NC(=O)CCc2ccccc2)CC1,0,BPMVXZSZXCQKSZ-LJQANCHMSA-N,BPMVXZSZXCQKSZ,PubChem,24790654,,kav_test.csv,1,79.7%,0.400000005960465
Cc1cc(C(=O)NNc2ccccc2F)no1,0,VNJQNKZHKFEHID-UHFFFAOYSA-N,VNJQNKZHKFEHID,PubChem,2812147,,kav_test.csv,0,57.2%,0.400000005960465
CCCCn1nc(C(=O)N(C)Cc2nc3ccccc3c(=O)[nH]2)c2ccccc2c1=O,1,HUCMDCMBAOIHBH-UHFFFAOYSA-N,HUCMDCMBAOIHBH,PubChem,135690358,,kav_test.csv,0,61.1%,0.400000005960465
Cc1cc(C(=O)N/N=C/c2cc(/N=N/c3ccccc3)ccc2O)n[nH]1,0,MYRZXWUXBILNBB-ZUBIIHIGSA-N,MYRZXWUXBILNBB,PubChem,135497974,,kav_test.csv,0,54.6%,0.400000005960465
COc1ccc(-c2cc(-c3nc4ccccn4c3NCc3ccccc3)ccc2OC)cc1,1,ZTVPEKIWFPYNGM-UHFFFAOYSA-N,ZTVPEKIWFPYNGM,PubChem,56603524,,kav_test.csv,1,73.0%,0.400000005960465
CC(=O)[O-].c1ccc([Pb+](c2ccccc2)c2ccccc2)cc1,1,ALJQFYXBHVSDSZ-UHFFFAOYSA-N,UXLLXTLQVAJJIB,PubChem,16682953,,eval_set_herg_70.csv,1,79.5%,0.400000005960465
CCOC(=O)N1CCC(Nc2nc3ccccc3nc2NS(=O)(=O)c2ccc(Cl)cc2)CC1,0,WKVPOCJWCZSIQB-UHFFFAOYSA-N,WKVPOCJWCZSIQB,PubChem,2972664,,kav_test.csv,1,56.6%,0.400000005960465
CC[NH+](CC)CCNC(=O)c1ccc(NS(C)(=O)=O)cc1,0,KHYPYQZQJSBPIX-UHFFFAOYSA-O,KHYPYQZQJSBPIX,"Konda et al., 2019",,,eval_set_herg_70.csv,0,61.7%,0.400000005960465
COC(=O)Nc1ccc([N+](=O)[O-])cc1OC,0,HCCWDPRRDJWNIU-UHFFFAOYSA-N,HCCWDPRRDJWNIU,PubChem,2932320,,kav_test.csv,0,61.8%,0.400000005960465
Cc1ccc(S(=O)(=O)N2CN(C[C@H]3CCCO3)c3nc4ccccc4nc32)cc1,0,LPMRTSCAVXZPJR-MRXNPFEDSA-N,LPMRTSCAVXZPJR,PubChem,4434150,,kav_test.csv,1,58.0%,0.400000005960465
C[C@H](C(=O)O)c1ccc(Nc2nc(C(F)(F)F)cs2)cc1,1,OUGCUPYREMACGK-ZETCQYMHSA-N,OUGCUPYREMACGK,"Didziapetris et al., 2016",,,eval_set_herg_60.csv,0,53.5%,0.400000005960465
COc1ccccc1O[C@H](C)C(=O)N1CCc2ccccc21,0,YBLAZQJUAFJXGR-CYBMUJFWSA-N,YBLAZQJUAFJXGR,PubChem,4943179,,kav_test.csv,1,52.8%,0.400000005960465
COc1ccc(OC)c(/C=N/NC(=O)Cc2nc3ccccc3[nH]2)c1,0,NDPGYEJSIRGDBL-YBFXNURJSA-N,NDPGYEJSIRGDBL,PubChem,9632315,,kav_test.csv,0,50.6%,0.400000005960465
COc1ccc(OC(=O)Nc2ccccc2)cc1,0,OKZNBJVONJHCEP-UHFFFAOYSA-N,OKZNBJVONJHCEP,PubChem,29508,,kav_test.csv,0,61.6%,0.400000005960465
CC[N+](CC)CCNC(=O)c1ccc(NS(C)(=O)=O)cc1,0,BUYNGLCEYIRVDH-UHFFFAOYSA-N,BUYNGLCEYIRVDH,"Doddareddy et al., 2010",,,eval_set_herg_70.csv,0,61.5%,0.400000005960465
N#CCn1c(Cc2ccccc2)nc2ccccc2c1=O,0,QYVKRNFFKXKDCI-UHFFFAOYSA-N,QYVKRNFFKXKDCI,PubChem,1462733,,kav_test.csv,1,54.6%,0.400000005960465
CCOc1ccccc1C(=O)Nc1cccc(-c2ccc(N3CCOCC3)nn2)c1,0,MCCJBIJAGLKPEA-UHFFFAOYSA-N,MCCJBIJAGLKPEA,PubChem,7422477,,kav_test.csv,1,66.0%,0.400000005960465
CCN(CC(=O)Nc1ccc(NC(C)=O)cc1)C(=O)c1ccc(N2C(=O)c3ccccc3C2=O)cc1,0,DGWDMXVSZHGBBT-UHFFFAOYSA-N,DGWDMXVSZHGBBT,PubChem,25162408,,kav_test.csv,1,53.7%,0.400000005960465
O=S1(=O)CCN(c2ccc(Nc3ncc4ccn(-c5ccccn5)c4n3)cc2)CC1,1,IADBDKSADXUIBX-UHFFFAOYSA-N,IADBDKSADXUIBX,"Doddareddy et al., 2010",,,eval_set_herg_60.csv,1,58.9%,0.400000005960465
N#Cc1nc(-c2ccc(OCc3ccccc3)cc2)oc1N1CCOCC1,0,HZTLXVNEBJZNBB-UHFFFAOYSA-N,HZTLXVNEBJZNBB,PubChem,663563,,kav_test.csv,1,62.5%,0.400000005960465
CC1(C)N=C(c2ccccc2)C(c2ccccc2)=N1,0,PJAFKMCCTWJZOG-UHFFFAOYSA-N,PJAFKMCCTWJZOG,PubChem,247140,,kav_test.csv,0,63.0%,0.400000005960465
COc1cc(Nc2ncc(CCc3c(F)c(OC)cc(OC)c3F)cn2)ccc1N1CCN(C2CCN(C)CC2)CC1,1,JPXVQPFDXRYITI-UHFFFAOYSA-N,JPXVQPFDXRYITI,CUPID,86719239,35219181,kav_test.csv,1,63.1%,0.402298837900162
COc1cc(Nc2ncc(CCc3c(F)c(OC)cc(OC)c3F)cn2)ccc1N1CCC(N2CCN(C)CC2)CC1,1,ZUURNUDMSWVVCL-UHFFFAOYSA-N,ZUURNUDMSWVVCL,PubChem,71736249,35219181,kav_test.csv,1,63.0%,0.402298837900162
CCCCNC(=O)c1cc2c(=O)n3cccc(C)c3nc2[n+](Cc2ccncc2)c1N,0,PPNHVIXAOOLGLO-UHFFFAOYSA-O,PPNHVIXAOOLGLO,PubChem,663729,,kav_test.csv,1,54.4%,0.402298837900162
CCCCc1nc(Cl)c(CO)n1Cc1ccc(-c2ccccc2-c2nnn[nH]2)cc1,1,PSIFNNKUMBGKDQ-UHFFFAOYSA-N,PSIFNNKUMBGKDQ,"Doddareddy et al., 2010",,,eval_set_herg_70.csv,1,57.1%,0.402298837900162
CC(=O)NC1CCN(Cc2ccc(OCc3ccc(Cl)cc3)c(Cl)c2)C1,1,BPSNKHBRCPDEOJ-UHFFFAOYSA-N,BPSNKHBRCPDEOJ,"Didziapetris et al., 2016",,,eval_set_herg_60.csv,1,78.6%,0.402597397565842
Cc1ccc(S(=O)(=O)N2CCSC2C(=O)NC2C3CC4CC2CC(C(N)=O)(C4)C3)cc1,0,ZQLZVPJNENBVOL-UHFFFAOYSA-N,ZQLZVPJNENBVOL,"Didziapetris et al., 2016",,,eval_set_herg_70.csv,0,62.3%,0.402597397565842
O=C1OC2(c3ccc(O)cc3Oc3cc(O)ccc32)c2ccc(N=C=S)cc21,0,MHMNJMPURVTYEJ-UHFFFAOYSA-N,MHMNJMPURVTYEJ,PubChem,18730,,eval_set_herg_70.csv,1,52.0%,0.402597397565842
COc1ccc(C(=O)Nc2nccs2)cc1[N+](=O)[O-],0,DMTWAZJHBSUIKC-UHFFFAOYSA-N,DMTWAZJHBSUIKC,PubChem,741954,,kav_test.csv,0,56.0%,0.402777791023254
O=C(Nc1cccnc1)c1ccc(COc2cc(Cl)ccc2Cl)o1,1,NYWOKWYZLCXSSJ-UHFFFAOYSA-N,NYWOKWYZLCXSSJ,PubChem,1269642,,kav_test.csv,1,58.6%,0.402777791023254
Cc1ccc(C(=O)n2nc(-c3ccccc3)nc2NCc2ccco2)cc1,0,SAISFQDVMLJFBN-UHFFFAOYSA-N,SAISFQDVMLJFBN,PubChem,1296309,,kav_test.csv,1,62.6%,0.402985066175461
O=C(Nc1cccn(Cc2ccc(F)cc2)c1=O)NC1CCCCC1,0,BENWIZDCCMMRHJ-UHFFFAOYSA-N,BENWIZDCCMMRHJ,PubChem,1450067,,kav_test.csv,1,60.6%,0.402985066175461
CC(=O)Nc1ccc(NC(=O)[C@@H](C)N2CCN(S(=O)(=O)c3ccc(C)cc3)CC2)cc1,0,ZHWVDZHTLVURQF-QGZVFWFLSA-N,ZHWVDZHTLVURQF,PubChem,4968867,,kav_test.csv,0,54.8%,0.402985066175461
O=S(=O)(c1ccc(OC[C@H](O)CN2CCC(Cc3ccccc3)CC2)cc1)N1CCOCC1,0,MWMVENYKLDHQBM-HSZRJFAPSA-N,MWMVENYKLDHQBM,PubChem,2999579,,kav_test.csv,1,60.4%,0.402985066175461
COc1ccc(CN2CCN(Cc3c[nH]c4ccccc34)C[C@H]2CCO)c(F)c1,0,LAFVDMZDNKVBLI-LJQANCHMSA-N,LAFVDMZDNKVBLI,PubChem,23723432,,kav_test.csv,1,70.3%,0.402985066175461
O=S(=O)(N/N=C/c1cccnc1)c1ccc(Cl)c(Cl)c1,0,FCMAFVMWZFVPOF-LZYBPNLTSA-N,FCMAFVMWZFVPOF,PubChem,9580332,,kav_test.csv,0,60.6%,0.403225809335709
O=C(Nc1ccccc1)c1ccc(S(=O)(=O)N2CCC(C(=O)O)CC2)cc1,0,ONWLHRWDTHFGSO-UHFFFAOYSA-N,ONWLHRWDTHFGSO,PubChem,1262719,,kav_test.csv,0,58.9%,0.403225809335709
Cc1ccsc1C(=O)N1CCN(S(=O)(=O)c2cccc(F)c2)CC1,0,FJGQYICNZWEYRB-UHFFFAOYSA-N,FJGQYICNZWEYRB,PubChem,9369441,,kav_test.csv,0,54.8%,0.403225809335709
N#CC1(NC(=O)COC(=O)CCNC2=NS(=O)(=O)c3ccccc32)CCCCC1,0,MBAPIVHHQOLCSM-UHFFFAOYSA-N,MBAPIVHHQOLCSM,PubChem,135735445,,kav_test.csv,0,65.7%,0.403225809335709
CCN(CC)c1ccc(NC(=O)c2cc(Cl)ccc2OC)cc1,0,QLBZWNIWZRCLKC-UHFFFAOYSA-N,QLBZWNIWZRCLKC,PubChem,875498,,kav_test.csv,1,69.5%,0.40350878238678
CS(=O)(=O)Nc1ccc(C(=O)Nc2ccccc2Cl)cc1,0,PACXKLCSWBKADY-UHFFFAOYSA-N,PACXKLCSWBKADY,PubChem,961909,,kav_test.csv,0,55.6%,0.40350878238678
CSc1nnc(-c2ccc(S(=O)(=O)N3CCCC3)cc2)n1C,0,GCQAQDULRXNZTJ-UHFFFAOYSA-N,GCQAQDULRXNZTJ,PubChem,649221,,kav_test.csv,0,55.2%,0.40350878238678
Cc1ccc2nsnc2c1-n1c(C)nc2ccccc2c1=O,0,YHACDFZWIZZJME-UHFFFAOYSA-N,YHACDFZWIZZJME,PubChem,664015,,kav_test.csv,0,50.7%,0.403846144676209
CCOP(=S)(OCC)Oc1ccc2c(C)c(Cl)c(=O)oc2c1,0,BXNANOICGRISHX-UHFFFAOYSA-N,BXNANOICGRISHX,PubChem,2871,,eval_set_herg_70.csv,0,63.4%,0.403846144676209
O=c1cc(-c2ccccc2)nc(Sc2ccc([N+](=O)[O-])cc2[N+](=O)[O-])[nH]1,0,PGYJQVJGJDEHEX-UHFFFAOYSA-N,PGYJQVJGJDEHEX,PubChem,135452562,,kav_test.csv,0,50.2%,0.403846144676209
CC(C)(C)c1c2c(c(C(C)(C)C)c3c1OCN(Cc1ccccc1)C3)OCN(Cc1ccccc1)C2,1,AXKSETRDCLGEDQ-UHFFFAOYSA-N,AXKSETRDCLGEDQ,PubChem,241231,,kav_test.csv,1,58.6%,0.403846144676209
NC(=O)c1ccc(NC(=O)CCCN2C(=O)c3ccccc3C2=O)cc1,0,FGNKXRHWJDHQSL-UHFFFAOYSA-N,FGNKXRHWJDHQSL,PubChem,2204425,,kav_test.csv,0,57.0%,0.404255330562592
S=C(c1ccc(Br)cc1)N1CCN(Cc2ccccc2)CC1,0,JLPIWKNGEVSKFT-UHFFFAOYSA-N,JLPIWKNGEVSKFT,PubChem,2185493,,kav_test.csv,1,68.2%,0.404255330562592
COC[C@@H](C)NCc1ccccc1C,0,IBQJRTAAPFIEHG-LLVKDONJSA-N,IBQJRTAAPFIEHG,PubChem,651921,,kav_test.csv,0,73.5%,0.404761910438538
COc1ccc(N2CCN(C(=O)[C@@H]3CCCN(S(=O)(=O)c4cccc5cccnc45)C3)CC2)cc1,0,GYNFKFFKXBADSN-OAQYLSRUSA-N,GYNFKFFKXBADSN,PubChem,5309633,,kav_test.csv,1,55.9%,0.405063301324844
O=C(/C=C/c1ccc(S(=O)(=O)NCc2ccco2)cc1)N1CCN(c2ccccc2)CC1,0,PCNHOLCOCNZZBQ-JLHYYAGUSA-N,PCNHOLCOCNZZBQ,PubChem,2492199,,kav_test.csv,1,52.2%,0.405405402183533
COc1cccc(-c2cc(C(F)(F)F)nc(N3CCC(C)CC3)n2)c1,1,ZIJDGZRQPGLGMG-UHFFFAOYSA-N,ZIJDGZRQPGLGMG,PubChem,3245383,,kav_test.csv,1,66.8%,0.405405402183533
COc1ccc(Br)cc1/C(O)=N/C(=S)Nc1c(C)n(C)n(-c2ccccc2)c1=O,1,ITORMWVAWJHCMK-UHFFFAOYSA-N,ITORMWVAWJHCMK,PubChem,1309122,,kav_test.csv,1,60.6%,0.405797094106674
COc1ccc2c3c1O[C@H]1C[C@@H](O)C=C[C@@]31CCN(C)C2,0,ASUTZQLVASHGKV-JDFRZJQESA-N,ASUTZQLVASHGKV,"Didziapetris et al., 2016",,,eval_set_herg_60.csv,0,59.8%,0.405797094106674
COc1ccc(NC(=O)COC(=O)CCC(=O)c2cccs2)cc1OC,0,BIGASNIRXKOBDO-UHFFFAOYSA-N,BIGASNIRXKOBDO,PubChem,2431144,,kav_test.csv,0,52.2%,0.40625
COc1ccc(CN(C[C@H]2CC[C@H](C(=O)O)CC2)C(=S)Nc2ccccc2OC)cc1,0,GWTFPMQVFXBOOD-UAPYVXQJSA-N,GWTFPMQVFXBOOD,PubChem,16189605,,kav_test.csv,1,62.6%,0.40625
CCC(CC)CN(Cc1ccc(F)cc1)C1CCN(Cc2ccc(N(CC)CC)cc2)CC1,0,YWTYQMOCEJQDIR-UHFFFAOYSA-N,YWTYQMOCEJQDIR,"Didziapetris et al., 2016",,,eval_set_herg_60.csv,1,85.8%,0.40625
O=C(O)CNC(=O)/C=C/c1ccc(Cl)cc1Cl,0,PEEXQSVYEIZUGT-DUXPYHPUSA-N,PEEXQSVYEIZUGT,PubChem,5793140,,kav_test.csv,0,64.2%,0.40625
O=C([C@@H]1CCCN(S(=O)(=O)c2ccccc2)C1)N1CCCCCC1,0,SFDODXHCOZUQJT-MRXNPFEDSA-N,SFDODXHCOZUQJT,PubChem,3735201,,kav_test.csv,0,52.5%,0.40625
COc1ccc(Cn2c(=S)[nH]c3ccccc32)cc1,1,NEXWZJQHECVSJG-UHFFFAOYSA-N,NEXWZJQHECVSJG,PubChem,703809,,kav_test.csv,1,61.6%,0.406779646873474
CC1(C)CCC(Cc2ccc(Cl)cc2)C1(O)Cn1cncn1,0,XWPZUHJBOLQNMN-UHFFFAOYSA-N,XWPZUHJBOLQNMN,PubChem,86210,,eval_set_herg_70.csv,0,53.7%,0.406779646873474
COCc1cc(C)nc(N2CCN(Cc3ccccc3)CC2)c1C#N,0,FSGFUCJZOPKFFM-UHFFFAOYSA-N,FSGFUCJZOPKFFM,PubChem,828954,,kav_test.csv,1,67.5%,0.406779646873474
Cc1cc(C)cc(NC(=S)NCc2ccc3c(c2)OCO3)c1,0,JOWXEBIOVMVJTB-UHFFFAOYSA-N,JOWXEBIOVMVJTB,PubChem,799965,,kav_test.csv,1,64.8%,0.406779646873474
O=C(C[C@H]1C[C@@H]2CC[C@H]1C2)N1CCN(S(=O)(=O)c2ccc(F)cc2)CC1,0,REFAMEBVYZPFTD-OWCLPIDISA-N,REFAMEBVYZPFTD,PubChem,4820520,,kav_test.csv,0,50.7%,0.406779646873474
COc1ccc([N+](=O)[O-])cc1NS(=O)(=O)c1cccc(C(=O)O)c1,0,YLLPJSJHTNHCRY-UHFFFAOYSA-N,YLLPJSJHTNHCRY,PubChem,3865487,,kav_test.csv,0,62.8%,0.407407402992249
COc1ccc(C=CC(C)=NNC(=O)c2ccncc2)cc1,0,TUSBBRJQHKILME-UHFFFAOYSA-N,TUSBBRJQHKILME,PubChem,240868,,kav_test.csv,1,51.7%,0.407407402992249
NC(=O)c1cccc(S(=O)(=O)N2CCCCC2)c1,0,BXOQOQIDTYHJHJ-UHFFFAOYSA-N,BXOQOQIDTYHJHJ,PubChem,767920,,kav_test.csv,0,68.2%,0.407407402992249
Cc1ccc(C)c(NC(=O)CN(C)C(=O)COc2cccc3c2OC(C)(C)C3)c1,0,RQNQWHUHSOBFIZ-UHFFFAOYSA-N,RQNQWHUHSOBFIZ,PubChem,9479682,,kav_test.csv,1,54.5%,0.407407402992249
COc1ccc(NC(=O)CN2C(=O)COc3ccc(S(=O)(=O)N4CCCCCC4)cc32)cc1,0,GZYBGCNADDVGJO-UHFFFAOYSA-N,GZYBGCNADDVGJO,PubChem,16034637,,kav_test.csv,0,54.0%,0.407894730567932
CCOC(=O)N1CCC(NC(=O)CCc2c(C)nc3ncnn3c2C)CC1,0,VITDJGZEJCPFFH-UHFFFAOYSA-N,VITDJGZEJCPFFH,PubChem,3245011,,kav_test.csv,0,58.3%,0.407894730567932
N[C@@H](C(=O)N[C@@H]1C(=O)N2C(C(=O)O)=C(Cl)CS[C@H]12)c1ccccc1,0,QYIYFLOTGYLRGG-GPCCPHFNSA-N,QYIYFLOTGYLRGG,PubChem,40958,,kav_test.csv,0,67.7%,0.407894730567932
O=C(NCc1ccco1)c1ccc(OC2CCN(Cc3ccccn3)CC2)cc1,0,NLUWXHFWWSAGMP-UHFFFAOYSA-N,NLUWXHFWWSAGMP,PubChem,44171471,,kav_test.csv,1,74.4%,0.407894730567932
O=C(c1ccc(N2CCCC2=O)cc1)N1CCN(c2cccc(Cl)c2)CC1,0,VBIOAEJXHGHIPK-UHFFFAOYSA-N,VBIOAEJXHGHIPK,PubChem,7413095,,kav_test.csv,1,67.5%,0.408163279294968
CCOc1ccc(NC(=O)C(=O)N/N=C/c2ccccc2F)cc1,0,CZVAJCFPUQJMHU-YBFXNURJSA-N,CZVAJCFPUQJMHU,PubChem,9591770,,kav_test.csv,0,50.2%,0.408163279294968
C/C(=N/NC(=O)c1ccc(-c2ccccc2)cc1)c1cc(O)cc(O)c1,0,VOHPQBQWKPMXOE-HMAPJEAMSA-N,VOHPQBQWKPMXOE,PubChem,25237605,,kav_test.csv,1,50.7%,0.408163279294968
CCOc1ccc(OCC)c(Cl)c1,0,ZIMKMIAIVORSSX-UHFFFAOYSA-N,ZIMKMIAIVORSSX,PubChem,40273,,kav_test.csv,0,73.8%,0.408163279294968
Cc1ccc(NC(=O)CN2CCCCCC2)c(Br)c1,0,OYAFGFKQIQVEQH-UHFFFAOYSA-N,OYAFGFKQIQVEQH,PubChem,1300052,,kav_test.csv,0,51.4%,0.408163279294968
O=c1[nH]c(C2CCN(S(=O)(=O)c3ccccc3F)CC2)nc2c1nnn2Cc1ccc(F)cc1,0,NWXYAWUTOHYXMB-UHFFFAOYSA-N,NWXYAWUTOHYXMB,PubChem,135477587,,kav_test.csv,1,52.4%,0.408450692892075
COc1ccc(-c2sc(NC(=O)c3ccc(C)cc3)nc2-c2ccc([N+](=O)[O-])cc2)cc1,0,DTPSWEPQHXSUHM-UHFFFAOYSA-N,DTPSWEPQHXSUHM,PubChem,2279983,,kav_test.csv,1,60.1%,0.408450692892075
CCOC(=O)c1c(-c2ccccc2)csc1NC(=O)CSc1nc(N)cc(N)n1,0,YQDQWQNGHJURHC-UHFFFAOYSA-N,YQDQWQNGHJURHC,PubChem,3168202,,kav_test.csv,1,52.5%,0.409090906381607
CCS(=O)(=O)N1CCC(C(=O)NCCCN2CCCC2)CC1,0,BCBWOAAFWNQNCC-UHFFFAOYSA-N,BCBWOAAFWNQNCC,PubChem,3239105,,kav_test.csv,0,77.1%,0.409836053848267
O=C([O-])COCC[N+]1CC[N+](C(c2ccccc2)c2ccc(Cl)cc2)CC1,0,GMJFZBHEMFCZIR-UHFFFAOYSA-M,GMJFZBHEMFCZIR,"Doddareddy et al., 2010",,,eval_set_herg_60.csv,0,50.5%,0.409836053848267
CC[n+]1c(/C=C/c2ccc(OC)c(OC)c2)ccc2ccccc21,0,BVKSGJHHIPXEQF-FMIVXFBMSA-N,BVKSGJHHIPXEQF,PubChem,24746870,,kav_test.csv,1,66.8%,0.409836053848267
C=C(C)[C@@H]1CC=C(C)[C@H](OC(C)=O)C1,0,YTHRBOFHFYZBRJ-VXGBXAGGSA-N,YTHRBOFHFYZBRJ,PubChem,7335,,kav_test.csv,0,91.6%,0.410256415605545
O=C([C@@H]1CCCN(Cc2ccccc2F)C1)N1CCCC1,0,DYBZXWAOEUFSKX-OAHLLOKOSA-N,DYBZXWAOEUFSKX,PubChem,2933676,,kav_test.csv,1,59.2%,0.41071429848671
O=C(C1CCCCC1)N1CCC(O)(c2ccc(Cl)cc2)CC1,0,PJFRMQHPFQKWMX-UHFFFAOYSA-N,PJFRMQHPFQKWMX,PubChem,2809533,,kav_test.csv,1,52.2%,0.41071429848671
COc1ccc(S(=O)(=O)N2CCN(Cc3cccnc3)CC2)cc1,0,GPSRTHRZQOONCJ-UHFFFAOYSA-N,GPSRTHRZQOONCJ,PubChem,828758,,kav_test.csv,1,54.6%,0.410958915948868
CCOc1ccc(-c2c(C(=O)N/N=C/c3ccsc3)nnn2-c2nonc2N)cc1,0,POGUHHKRVPBJJQ-AWQFTUOYSA-N,POGUHHKRVPBJJQ,PubChem,6889290,,kav_test.csv,0,53.3%,0.411111116409302
CC[N+](CC)(CC(=O)Nc1c(C)cccc1C)Cc1ccccc1.O=C([O-])c1ccccc1,0,VWTINHYPRWEBQY-UHFFFAOYSA-N,VWTINHYPRWEBQY,PubChem,19518,,eval_set_herg_70.csv,1,61.5%,0.411764711141586
CN(C)C[C@@H](CCCC[C@H](CN(C)C)C(=O)c1ccccc1)C(=O)c1ccccc1,0,VSMBPTAACRCDOF-DNQXCXABSA-N,VSMBPTAACRCDOF,PubChem,3098386,,kav_test.csv,1,61.5%,0.411764711141586
COc1cc(C(=S)N2CCOCC2)ccc1OC(=O)c1ccc([N+](=O)[O-])cc1[N+](=O)[O-],1,BLXCJEXDKVQXSJ-UHFFFAOYSA-N,BLXCJEXDKVQXSJ,PubChem,3112730,,kav_test.csv,1,52.2%,0.411764711141586
CC(=O)c1cc(F)c(N2CCN(C(=O)c3ccco3)CC2)cc1C,0,GYZILCDSSLXKTB-UHFFFAOYSA-N,GYZILCDSSLXKTB,PubChem,975790,,kav_test.csv,0,52.0%,0.411764711141586
CCOC(=O)C1CCN(C(=O)c2c(-c3c(Cl)cccc3Cl)noc2C)CC1,0,TXMNBVMBKNJRTD-UHFFFAOYSA-N,TXMNBVMBKNJRTD,PubChem,649219,,kav_test.csv,0,51.7%,0.411764711141586
Cc1sc(NC(=O)CSc2nc(O)cc(=O)[nH]2)nc1-c1ccccc1,0,JZOMNGVGOXQEAB-UHFFFAOYSA-N,JZOMNGVGOXQEAB,PubChem,2229355,,kav_test.csv,0,56.1%,0.411764711141586
CCN(CC(=O)Nc1c(F)cccc1F)C(=O)CCC(=O)c1ccc(F)cc1,0,ZMOTUXMFTPVJQN-UHFFFAOYSA-N,ZMOTUXMFTPVJQN,PubChem,24979084,,kav_test.csv,0,50.9%,0.411764711141586
CC[N+](CC)(CC)CC,0,CBXCPBUEXACCNR-UHFFFAOYSA-N,CBXCPBUEXACCNR,"Didziapetris et al., 2016",,,eval_set_herg_60.csv,0,67.0%,0.411764711141586
COc1ccccc1/C(O)=N/C(=S)NNC(=O)c1sc2ccccc2c1Cl,1,YZAJAJXCHXSGNT-UHFFFAOYSA-N,YZAJAJXCHXSGNT,PubChem,2215626,,kav_test.csv,0,51.6%,0.411764711141586
Cc1cc(=O)oc2cc(OCC(=O)OCC(=O)NCc3ccc4c(c3)OCO4)ccc12,0,YHXMQLPCYDAYNK-UHFFFAOYSA-N,YHXMQLPCYDAYNK,PubChem,2122736,,kav_test.csv,0,50.6%,0.411764711141586
CCOc1ccc(NS(=O)(=O)c2cccc(C(=O)N(C)Cc3nc4ccccc4s3)c2)cc1,1,GHQOKQYRSPUTQP-UHFFFAOYSA-N,GHQOKQYRSPUTQP,"Didziapetris et al., 2016",,,eval_set_herg_60.csv,1,53.3%,0.412499994039536
CCOC(=O)c1csc(NC(=O)CCSc2ccccc2)n1,0,KKNPABVSTLLRGK-UHFFFAOYSA-N,KKNPABVSTLLRGK,PubChem,4611105,,kav_test.csv,0,50.3%,0.412698417901993
CCOc1ccc(S(=O)(=O)NCCC(=O)N2CC=C(c3ccccc3)CC2)cc1,0,ZAMJNSVRNXQEKW-UHFFFAOYSA-N,ZAMJNSVRNXQEKW,PubChem,25163821,,kav_test.csv,1,54.2%,0.412698417901993
Cc1oc(-c2ccccc2)nc1CC(=O)O,0,XEWJNPORMBGGKZ-UHFFFAOYSA-N,XEWJNPORMBGGKZ,PubChem,2775139,,kav_test.csv,0,62.7%,0.412698417901993
Cc1ccc(OC[C@H](O)CN2CCN(CCO)CC2)c(C)c1,0,RJZOHAQPXWWWKT-MRXNPFEDSA-N,RJZOHAQPXWWWKT,PubChem,24746930,,kav_test.csv,0,55.9%,0.412698417901993
COc1ccc(/C=C/C(=O)OCC(=O)Nc2cc(S(=O)(=O)N(C)C)ccc2Cl)cc1,0,TZKOVEAGAITRIV-IZZDOVSWSA-N,TZKOVEAGAITRIV,PubChem,5990906,,kav_test.csv,0,53.2%,0.412698417901993
O=c1cc(-c2ccccc2)n(S(=O)(=O)c2ccccc2)o1,0,BPCPNOQSVXJSER-UHFFFAOYSA-N,BPCPNOQSVXJSER,PubChem,1490213,,kav_test.csv,0,57.6%,0.413043469190598
C/C(=N\NC(=O)c1ccc(O)cc1)c1ccc2c(c1)OCCO2,0,UOFVHUPTNRTNSS-WOJGMQOQSA-N,UOFVHUPTNRTNSS,PubChem,9631347,,kav_test.csv,0,52.7%,0.413043469190598
COc1ccccc1/C=C/C(=O)c1cc(Br)ccc1OC(=O)c1ccco1,1,VWINSIBMLLVGIS-CSKARUKUSA-N,VWINSIBMLLVGIS,PubChem,5734490,,kav_test.csv,1,63.7%,0.413793116807938
Cc1nc2cc(Cl)ccc2c(=O)n1Cc1ccncc1,0,KTIQKNGWFNDPNJ-UHFFFAOYSA-N,KTIQKNGWFNDPNJ,PubChem,2796779,,kav_test.csv,1,62.8%,0.413793116807938
O=C(CSCc1ccccc1)NCCCN1CCOCC1,0,DRZUHQTUBUGFER-UHFFFAOYSA-N,DRZUHQTUBUGFER,PubChem,2986818,,kav_test.csv,1,56.2%,0.414285719394684
O=C(Cc1cccc(NC(=O)[C@@H]2CCCN(C(=O)C3CCCCC3)C2)c1)Nc1ccc(C(=O)N2CCCCC2)cc1,0,YXJAEIMABJCFAA-HHHXNRCGSA-N,YXJAEIMABJCFAA,PubChem,44825540,,kav_test.csv,1,60.4%,0.414634138345718
O=C(NCc1cccnc1)[C@@H]1[C@@H](C(=O)O)[C@H]2CC[C@@H]1O2,1,XDGFRUCYWYGAAJ-USZNOCQGSA-N,XDGFRUCYWYGAAJ,PubChem,240657,,kav_test.csv,0,74.7%,0.414634138345718
O=C(COc1ccc(Cl)cc1)NNC(=O)C(=O)NC1CCCCC1,1,ZMAACETVSZGZAT-UHFFFAOYSA-N,ZMAACETVSZGZAT,PubChem,2213160,,kav_test.csv,0,56.2%,0.415094345808029
O=C(CCn1cnc2ccccc21)N/N=C/C=C/c1ccccc1,0,ZIUGHJHEALPELP-YTJXIWKKSA-N,ZIUGHJHEALPELP,PubChem,1830409,,kav_test.csv,1,56.0%,0.415094345808029
COc1ccccc1/C=N/Nc1cc(C)nc2ccc(C)cc12,0,UKFVTDXLICKGEA-UDWIEESQSA-N,UKFVTDXLICKGEA,PubChem,9594943,,kav_test.csv,1,64.1%,0.415094345808029
CC(=O)Nc1ccc(S(=O)(=O)NC[C@H]2CC[C@H](C(=O)N3CCCCC3)CC2)cc1,0,VCWUAHXKWFNBTI-IYARVYRRSA-N,VCWUAHXKWFNBTI,PubChem,4340275,,kav_test.csv,0,60.5%,0.415384620428085
CC(=O)Nc1nonc1-c1nc2ccccc2n1Cc1ccccc1,0,XKXKLQUEFACDDZ-UHFFFAOYSA-N,XKXKLQUEFACDDZ,PubChem,3140709,,kav_test.csv,1,51.6%,0.415384620428085
NS(=O)(=O)c1ccc(NC(=O)CN2CCCN(S(=O)(=O)c3ccc(F)cc3)CC2)cc1,0,FLGRAJHPSPFFBU-UHFFFAOYSA-N,FLGRAJHPSPFFBU,PubChem,15996022,,kav_test.csv,0,55.5%,0.416666656732559
N#Cc1cccc(NC(=O)c2nc(-c3ccccc3)n(-c3ccccc3)n2)c1,1,CKAFCEJUHNMRHZ-UHFFFAOYSA-N,CKAFCEJUHNMRHZ,PubChem,2161667,,kav_test.csv,1,57.5%,0.416666656732559
Cc1noc(C)c1C(=O)N1CCN(c2cccc(Cl)c2)CC1,0,RVEOLHMXHLDDQJ-UHFFFAOYSA-N,RVEOLHMXHLDDQJ,PubChem,3759803,,kav_test.csv,1,53.9%,0.416666656732559
Cc1ccccc1NC(=O)NCCCN1CCN(C2CCCCC2)CC1,0,ATYDHBJOBPJDKR-UHFFFAOYSA-N,ATYDHBJOBPJDKR,PubChem,3240922,,kav_test.csv,1,60.6%,0.416666656732559
O=C(N1CCN(c2ccccn2)CC1)N1c2ccccc2Sc2ccccc21,0,XPKGPGSOCOZATR-UHFFFAOYSA-N,XPKGPGSOCOZATR,PubChem,660379,,kav_test.csv,1,58.9%,0.416666656732559
O=C(COc1ccccc1)NCc1ccccc1,0,WPNWGIALOINNCO-UHFFFAOYSA-N,WPNWGIALOINNCO,PubChem,309669,,kav_test.csv,0,70.5%,0.416666656732559
C/C(CC(=O)Nc1ccc([N+](=O)[O-])cc1)=N\NC(=O)c1ccccc1O,0,AYILCHXFOUWIBL-YBFXNURJSA-N,AYILCHXFOUWIBL,PubChem,9590729,,kav_test.csv,0,59.0%,0.416666656732559
O=C(CN(Cc1ccccc1)S(=O)(=O)c1ccc2c(c1)OCCO2)Nc1ccc2c(c1)OCCO2,0,COOMVNSNQTZVQM-UHFFFAOYSA-N,COOMVNSNQTZVQM,PubChem,999019,,kav_test.csv,1,53.4%,0.416666656732559
Cc1nccc(-c2sc(-c3cccs3)nc2C)n1,0,XNBZHZUOHMKIBH-UHFFFAOYSA-N,XNBZHZUOHMKIBH,PubChem,2744269,,kav_test.csv,0,57.4%,0.41791045665741
CN1CCN(c2ccccc2NC(=O)c2ccccc2F)CC1,0,GQCKADKZLXLDFE-UHFFFAOYSA-N,GQCKADKZLXLDFE,PubChem,2227040,,kav_test.csv,1,67.5%,0.41791045665741
CC[C@H](Cc1ccccc1)NC(=O)C1CCCCC1,0,CJVSMQUQSJMRCR-MRXNPFEDSA-N,CJVSMQUQSJMRCR,PubChem,2971987,,kav_test.csv,0,65.8%,0.41818180680275
Cc1cccc(C)c1NC(=O)CN(C)C(=O)Cn1c(=O)cnc2ccccc21,0,FZRSHEZJJQZHJH-UHFFFAOYSA-N,FZRSHEZJJQZHJH,PubChem,24816701,,kav_test.csv,0,56.8%,0.41818180680275
NC(=O)C(C(=O)/C=C/c1ccc(Cl)cc1)=C1SCCS1,0,IAVIODZTSUMXRD-ZZXKWVIFSA-N,IAVIODZTSUMXRD,PubChem,2459292,,kav_test.csv,0,53.0%,0.418604642152786
C/C(=N\NC(=S)NC(C)C)c1ccc(C(C)(C)C)cc1,0,PKDRJTVWRAJXJM-LDADJPATSA-N,PKDRJTVWRAJXJM,PubChem,9620553,,kav_test.csv,0,53.1%,0.418604642152786
COc1ccc(C(=O)[C@H](OC(=O)c2ccccc2)c2ccccc2)cc1,0,CGOOKUDEQSWKAU-OAQYLSRUSA-N,CGOOKUDEQSWKAU,PubChem,2934275,,kav_test.csv,0,54.3%,0.418604642152786
Cn1c(=O)[nH]c(=O)c2c1nc1n2CCS1,0,QBOGJOMSDSCRNK-UHFFFAOYSA-N,QBOGJOMSDSCRNK,PubChem,614148,,kav_test.csv,0,61.7%,0.418604642152786
Cc1ccc(C(=O)C[n+]2ccc3ccccc3c2)cc1,0,QEMYRNJYIWRGLX-UHFFFAOYSA-N,QEMYRNJYIWRGLX,PubChem,2847730,,kav_test.csv,1,59.9%,0.418604642152786
CCOC(=O)N1CCC(NC(=O)c2cc(C)c3c(C)nn(-c4ccccc4)c3n2)CC1,0,YHOLPZMUJWMSBR-UHFFFAOYSA-N,YHOLPZMUJWMSBR,PubChem,3240698,,kav_test.csv,0,50.8%,0.418918907642365
CCn1c(N2CCN(S(=O)(=O)c3ccc(Cl)cc3)CC2)nc2ccccc21,1,WAWROLBZXUSKFC-UHFFFAOYSA-N,WAWROLBZXUSKFC,PubChem,1462215,,kav_test.csv,1,55.0%,0.419354826211929
C(=N/Nc1nc(-c2cccnc2)nc2ccccc12)\c1ccccc1,0,NCKFSFNIXWQMCH-LPYMAVHISA-N,NCKFSFNIXWQMCH,PubChem,9610746,,kav_test.csv,1,54.4%,0.419354826211929
COc1ccc(S(=O)(=O)N2CCC(C(=O)N3CCOCC3)CC2)cc1OC,0,PTKIILLMLUGUJD-UHFFFAOYSA-N,PTKIILLMLUGUJD,PubChem,1327421,,kav_test.csv,0,57.2%,0.419354826211929
Cc1cccc(C)c1NC(=O)C(=O)NCCCN1CCOCC1,0,ZGIHHQRIILGBKI-UHFFFAOYSA-N,ZGIHHQRIILGBKI,PubChem,2291523,,kav_test.csv,0,60.9%,0.419354826211929
COc1ccccc1N1CCN(C(=O)c2cc(-c3ccccc3O)on2)CC1,0,CVRHTLFLVBROLW-UHFFFAOYSA-N,CVRHTLFLVBROLW,PubChem,135416485,,kav_test.csv,1,58.7%,0.419354826211929
O=S(=O)(c1ccc(Cl)cc1)n1cccn1,0,AYQMMNWNYNETKI-UHFFFAOYSA-N,AYQMMNWNYNETKI,PubChem,896241,,kav_test.csv,0,69.8%,0.419354826211929
CCCCOc1ccc(S(=O)(=O)NCc2csc(C)n2)cc1,0,HTPXJBLIHQMVLK-UHFFFAOYSA-N,HTPXJBLIHQMVLK,PubChem,3245366,,kav_test.csv,0,51.9%,0.419354826211929
CCCC1=N[N+](C)=C2C(=O)N=C(c3cc(S(=O)(=O)N4CC[NH+](C)CC4)ccc3OCC)N=C12,0,CRIDMDBQMURTEF-UHFFFAOYSA-O,CRIDMDBQMURTEF,"Konda et al., 2019",,,eval_set_herg_60.csv,0,57.7%,0.420454531908035
CC(NC(=O)NNC(=O)c1ccncc1)(C(F)(F)F)C(F)(F)F,0,CGWWWPZLVNEWBM-UHFFFAOYSA-N,CGWWWPZLVNEWBM,PubChem,1902493,,kav_test.csv,0,52.5%,0.421052634716034
COc1ccccc1C(=O)Nc1onc(C)c1C#N,1,KOWMKJWIYGWDOM-UHFFFAOYSA-N,KOWMKJWIYGWDOM,PubChem,3759804,,kav_test.csv,0,57.8%,0.421052634716034
Cc1ccccc1NC(=S)N1CCC(C(=O)c2ccc(F)cc2)CC1,0,BNLHKQOQNCQSDK-UHFFFAOYSA-N,BNLHKQOQNCQSDK,PubChem,1438251,,kav_test.csv,1,75.5%,0.421052634716034
O=C1CCCCCCCCCCCCCC1,0,OSOIQJGOYGSIMF-UHFFFAOYSA-N,OSOIQJGOYGSIMF,PubChem,10409,,eval_set_herg_70.csv,0,92.5%,0.421052634716034
CCc1ccccc1OCC(=O)NC1CCCC1,0,WEWDAMOVUHBTQZ-UHFFFAOYSA-N,WEWDAMOVUHBTQZ,PubChem,724783,,kav_test.csv,0,66.0%,0.421052634716034
COc1cccc(-c2nc(CN3CCN(C(=O)c4ccco4)CC3)c(C)o2)c1OC,1,DJAJWTIOJQGCHA-UHFFFAOYSA-N,DJAJWTIOJQGCHA,PubChem,26411173,,kav_test.csv,1,55.4%,0.421052634716034
CCC(COC(=O)c1cc(OC)c(OC)c(OC)c1)(c1ccccc1)[N+](C)C,0,HQQBZBRAVHDCNS-UHFFFAOYSA-N,HQQBZBRAVHDCNS,"Doddareddy et al., 2010",,,eval_set_herg_70.csv,1,60.9%,0.421052634716034
Cc1cc(C)cc(NC(=S)N2CCN(c3ccccn3)CC2)c1,0,HJDHFZKZYLTXTK-UHFFFAOYSA-N,HJDHFZKZYLTXTK,PubChem,1490952,,kav_test.csv,1,69.7%,0.421052634716034
CCC[C@@H](C)C(=O)Nc1ccc(S(=O)(=O)N2CCCC2)cc1,0,PNDZTDZWHSSHEH-CYBMUJFWSA-N,PNDZTDZWHSSHEH,PubChem,2929394,,kav_test.csv,0,56.6%,0.421875
COc1ccc(NC(=O)Nc2ccc3nc(C)c(C)nc3c2)cc1,0,PQVRYUUYYXLQRG-UHFFFAOYSA-N,PQVRYUUYYXLQRG,PubChem,804149,,kav_test.csv,1,61.7%,0.422222226858139
COc1ccc(OCCOC(=O)c2cccs2)cc1,0,WWECCYNEBMTHCK-UHFFFAOYSA-N,WWECCYNEBMTHCK,PubChem,2095591,,kav_test.csv,0,60.2%,0.422222226858139
N/C(=N\OC(=O)/C=C/c1ccccc1)c1ccncc1,0,PYXKOKCZXJWKGU-VOTSOKGWSA-N,PYXKOKCZXJWKGU,PubChem,5786109,,kav_test.csv,0,58.5%,0.422222226858139
COc1ccc(NC(=O)CCCN(C)S(=O)(=O)c2ccc(C)cc2)cc1,0,NXJRBWYDUICHIR-UHFFFAOYSA-N,NXJRBWYDUICHIR,PubChem,4639063,,kav_test.csv,0,53.2%,0.423076927661896
COCCCN1CCC(c2nc(-c3nn(C(C)C)c4ccccc34)no2)CC1,1,TYWMQHGBVMHQTO-UHFFFAOYSA-N,TYWMQHGBVMHQTO,CUPID,171353243,34251799,kav_test.csv,1,76.3%,0.423076927661896
O=C1c2ccccc2-c2nccnc21,0,RFZPPRLKXWELFM-UHFFFAOYSA-N,RFZPPRLKXWELFM,PubChem,3145892,,kav_test.csv,0,60.3%,0.423076927661896
COCCn1c(COc2ccc(C)cc2)nc2ccccc21,0,IJMQQIJXAOPUNQ-UHFFFAOYSA-N,IJMQQIJXAOPUNQ,PubChem,3238504,,kav_test.csv,1,73.5%,0.423076927661896
CN(C)Cc1ccc(F)cc1Sc1cc(Cl)ccc1Cl,0,UNAWHUIPJQHFOG-UHFFFAOYSA-N,UNAWHUIPJQHFOG,PubChem,15945687,,kav_test.csv,1,65.5%,0.423076927661896
O=C(Cc1ccc(F)cc1)N/N=C/c1ccc2c(c1)OCO2,0,GJGTYODYLMPEOY-GIJQJNRQSA-N,GJGTYODYLMPEOY,PubChem,6873022,,kav_test.csv,1,53.5%,0.423728823661804
CC(C)C[C@@H](NC(=O)[C@H]1CCCN1C(=O)Cc1ccccc1)C(N)=O,0,BUXZSWUNYREWRZ-HZPDHXFCSA-N,BUXZSWUNYREWRZ,PubChem,7076492,,kav_test.csv,0,71.7%,0.424242436885834
O=C(/C=C/c1cccc(Cl)c1)NCc1ccncc1,0,XSGILIYVOTVHFI-SNAWJCMRSA-N,XSGILIYVOTVHFI,PubChem,897929,,kav_test.csv,0,56.3%,0.424242436885834
CCCc1nnc(SCc2ccc(C(=O)OC)o2)n1N,0,YJWWSBGJWJNWKU-UHFFFAOYSA-N,YJWWSBGJWJNWKU,PubChem,895359,,kav_test.csv,0,58.8%,0.424242436885834
Cn1c(-c2cccc([N+](=O)[O-])c2)cnc1NCc1cccc([N+](=O)[O-])c1,0,JWLFSORHTQHFQL-UHFFFAOYSA-N,JWLFSORHTQHFQL,PubChem,16189270,,kav_test.csv,1,54.5%,0.42465752363205
Cc1cc(C)nc(N/C(=N\C(=O)C(C)(C)C)NCCc2c[nH]c3ccccc23)n1,0,OOXFPKSUOVNIET-UHFFFAOYSA-N,OOXFPKSUOVNIET,PubChem,1843741,,kav_test.csv,1,54.9%,0.42465752363205
CCOc1ccc(C(=O)Nc2nnc(S(=O)(=O)Nc3ccccc3C)s2)cc1,0,AREWDSQJXSUTMR-UHFFFAOYSA-N,AREWDSQJXSUTMR,PubChem,22517474,,kav_test.csv,0,55.7%,0.42465752363205
Cc1cc(NS(=O)(=O)c2ccc(N)cc2)no1,0,JLKIGFTWXXRPMT-UHFFFAOYSA-N,JLKIGFTWXXRPMT,"Didziapetris et al., 2016",,,eval_set_herg_60.csv,0,61.8%,0.425000011920929
O=C(CSc1nc2ccc(NC(=O)c3ccccc3C(=O)O)cc2s1)Nc1ccc(F)c([N+](=O)[O-])c1,0,DNWVUOBSJGOHTB-UHFFFAOYSA-N,DNWVUOBSJGOHTB,PubChem,6615784,,kav_test.csv,0,50.5%,0.425000011920929
COC(=O)Oc1ccc(/C=C/C(=O)OC(C)C)cc1OC(=O)OC,1,VAYUHQPNGALJSU-SOFGYWHQSA-N,VAYUHQPNGALJSU,PubChem,910610,,kav_test.csv,0,64.1%,0.425531923770905
Cc1cc(NC(=O)NC(C(F)(F)F)C(F)(F)F)no1,0,GETWVIWWBKOQNY-UHFFFAOYSA-N,GETWVIWWBKOQNY,PubChem,1263795,,kav_test.csv,0,59.9%,0.425531923770905
O=C(N[C@H](CO)[C@H](O)c1ccc([N+](=O)[O-])cc1)C(Cl)Cl,0,WIIZWVCIJKGZOK-RKDXNWHRSA-N,WIIZWVCIJKGZOK,"Didziapetris et al., 2016",,,eval_set_herg_60.csv,0,61.9%,0.425531923770905
C[C@](CN)(Cc1cccnc1)c1ccc2ccccc2c1,0,ZZLLQFDJKBAKCE-LJQANCHMSA-N,ZZLLQFDJKBAKCE,US Patent,,,eval_set_herg_60.csv,1,61.9%,0.425925940275192
COC(=O)c1ccccc1NC(=O)c1ccc(NS(C)(=O)=O)cc1,0,FZDYBFIAGQNIEJ-UHFFFAOYSA-N,FZDYBFIAGQNIEJ,PubChem,967576,,kav_test.csv,0,58.9%,0.425925940275192
COc1ccc(S(=O)(=O)N2CCNCC2)cc1,1,RYCVCXVHXZLECQ-UHFFFAOYSA-N,RYCVCXVHXZLECQ,PubChem,797560,,kav_test.csv,0,63.1%,0.425925940275192
O=C(CSCc1ccccc1)N1CCN(C(=O)c2ccco2)CC1,0,HLSAUKUKXCPRTI-UHFFFAOYSA-N,HLSAUKUKXCPRTI,PubChem,839142,,kav_test.csv,1,52.0%,0.426229506731033
O=C(Nc1ccc(F)cc1F)c1cccc(S(=O)(=O)N2CCCCC2)c1,0,VENCMCQXMCIRAX-UHFFFAOYSA-N,VENCMCQXMCIRAX,PubChem,2127737,,kav_test.csv,1,63.6%,0.426229506731033
COc1ccc(OC)c(-c2cc(C(=O)NCCN3CCOCC3)no2)c1,0,OTDTVMMOMMGQCT-UHFFFAOYSA-N,OTDTVMMOMMGQCT,PubChem,3245826,,kav_test.csv,1,51.0%,0.426229506731033
CCc1cc(CNC(=O)CNCC(=O)N2CCN(C(c3ccccc3)c3ccc(Cl)cc3)CC2)cc(CC)c1CC,0,IVPYLWCXKMTLSS-UHFFFAOYSA-N,IVPYLWCXKMTLSS,"Didziapetris et al., 2016",,,eval_set_herg_60.csv,1,68.5%,0.426229506731033
COc1ccc(NS(=O)(=O)c2cccc(C(=O)NNC(=O)c3ccc(NC(C)=O)cc3)c2)cc1,0,IFWOIXAIIQIYRE-UHFFFAOYSA-N,IFWOIXAIIQIYRE,PubChem,24981687,,kav_test.csv,0,51.5%,0.426229506731033
O=C(NCCN1CCOCC1)C1CCN(S(=O)(=O)N2CCCC2)CC1,0,RTOIILDOCGELGN-UHFFFAOYSA-N,RTOIILDOCGELGN,PubChem,3448160,,kav_test.csv,0,63.6%,0.426229506731033
COc1cccc(C(=O)NCCS(=O)(=O)NCc2ccccn2)c1,0,PHAVAHVPEUFQIY-UHFFFAOYSA-N,PHAVAHVPEUFQIY,PubChem,7618083,,kav_test.csv,0,62.8%,0.426470577716827
CCn1cc(CCC(=O)NCc2cccc(OC)c2OC)c2ccccc21,1,AAQQODUBBVVLRP-UHFFFAOYSA-N,AAQQODUBBVVLRP,PubChem,20899802,,kav_test.csv,1,57.3%,0.426470577716827
CCOc1ccc(S(=O)(=O)N2CCN(Cc3ccc4c(c3)OCO4)CC2)cc1C,1,VLFCJAFIEOTCCQ-UHFFFAOYSA-N,VLFCJAFIEOTCCQ,PubChem,2987815,,kav_test.csv,1,61.4%,0.426470577716827
O=C1N=c2ccccc2=[N+]1C1CC[NH+](CCCC(c2ccc(F)cc2)c2ccc(F)cc2)CC1,1,SRXDFTXYNLJBGD-UHFFFAOYSA-O,SRXDFTXYNLJBGD,"Konda et al., 2019",,,eval_set_herg_60.csv,1,83.0%,0.426470577716827
COc1ccccc1NC(=O)c1cc(C)oc1C,0,FNDTYKOFSMEKLS-UHFFFAOYSA-N,FNDTYKOFSMEKLS,PubChem,1247754,,kav_test.csv,0,53.8%,0.428571432828903
Cc1ccccc1C(=O)NNC(=O)c1ccc(F)cc1,0,GSPDEXMBKPNJTO-UHFFFAOYSA-N,GSPDEXMBKPNJTO,PubChem,687010,,kav_test.csv,1,51.7%,0.428571432828903
CCCCCCCCCC[N+](C)(CCCCCCCCCC)CCC[Si](OC)(OC)OC.[Cl-],1,CZIAHOKVOQSYHN-UHFFFAOYSA-N,AXPYABZPAWSUMG,PubChem,62253,,eval_set_herg_70.csv,0,50.2%,0.428571432828903
Cc1ccc2nc(SCC(=O)Nc3cc(C(C)(C)C)nn3-c3ccccc3)[nH]c2c1,0,XDRIWAKGXCNRQY-UHFFFAOYSA-N,XDRIWAKGXCNRQY,PubChem,2079214,,kav_test.csv,1,59.5%,0.428571432828903
C(#Cc1cccc(C#Cc2ccccc2)c1)c1ccccc1,1,OYEDTTNTNYKSFX-UHFFFAOYSA-N,OYEDTTNTNYKSFX,"Didziapetris et al., 2016",,,eval_set_herg_60.csv,0,52.8%,0.428571432828903
CCOc1ccccc1Oc1ccc(C(F)(F)F)cn1,0,FRCHWSRSQJVSGZ-UHFFFAOYSA-N,FRCHWSRSQJVSGZ,PubChem,895247,,kav_test.csv,0,53.8%,0.428571432828903
CC(=O)Nc1ccc(N2CCCCC2)c(C(=O)Nc2cccc(C)c2)c1,0,BHIKBSHRZJOLSF-UHFFFAOYSA-N,BHIKBSHRZJOLSF,PubChem,2213707,,kav_test.csv,1,62.8%,0.428571432828903
COC(=O)C1C(O)CC2CCC1[N+]2C,0,NRQSZGRFSAAGML-UHFFFAOYSA-N,NRQSZGRFSAAGML,"Doddareddy et al., 2010",,,eval_set_herg_60.csv,0,93.6%,0.428571432828903
CCn1c(N2CCN(C(=O)OC(C)(C)C)CC2)nc2c(C#N)c(Br)c(Br)cc21,1,ZCNZEMWIUOVGDU-UHFFFAOYSA-N,ZCNZEMWIUOVGDU,US Patent,,,eval_set_herg_60.csv,1,61.4%,0.428571432828903
O[C@@H](CNC[C@@H](c1ccc(Cl)cc1Cl)c1c[nH]c2ccccc12)c1ccccc1,1,DHVLQBMFWWTSRF-RDPSFJRHSA-N,DHVLQBMFWWTSRF,PubChem,3947745,,kav_test.csv,1,60.6%,0.428571432828903
CN(C)CCOc1ccccc1Cc1ccccc1,1,IZRPKIZLIFYYKR-UHFFFAOYSA-N,IZRPKIZLIFYYKR,PubChem,7077,,eval_set_herg_70.csv,1,76.0%,0.428571432828903
O=S(=O)(c1ccc2ccccc2c1)N1CCN(Cc2ccccn2)CC1,0,PPOKYCIYYLJLON-UHFFFAOYSA-N,PPOKYCIYYLJLON,PubChem,2902943,,kav_test.csv,1,70.0%,0.430379748344421
C[C@H](Oc1cc(-c2cnn(C3CCNCC3)c2)cnc1N)c1c(Cl)ccc(F)c1Cl,1,KTEIFNKAUNYNJU-LBPRGKRZSA-N,KTEIFNKAUNYNJU,"Didziapetris et al., 2016",,,eval_set_herg_60.csv,1,71.8%,0.430379748344421
O=c1c2[nH]c3ccc(F)cc3c2ncn1CCN1CCN(Cc2ccccc2)CC1,0,UPEDMFCEEDKPJR-UHFFFAOYSA-N,UPEDMFCEEDKPJR,PubChem,5307125,,kav_test.csv,1,77.1%,0.430555552244186
O=C(CSc1ccc2nnc(-c3ccc(Cl)cc3)n2n1)N1CCc2ccccc21,0,WNGYLUZQMKAJHL-UHFFFAOYSA-N,WNGYLUZQMKAJHL,PubChem,9550848,,kav_test.csv,1,62.3%,0.430555552244186
CCOc1ccc(CCNC(=O)c2nnn(CC(=O)Nc3ccc(OC)cc3)c2N)cc1OCC,0,YBKCWRKMXWJDJC-UHFFFAOYSA-N,YBKCWRKMXWJDJC,PubChem,20853806,,kav_test.csv,0,53.3%,0.430555552244186
CCOC(=O)C1CCN(C(=O)c2cc3ccc(OC)cc3[nH]2)CC1,0,IOAHCDZXEFJTQI-UHFFFAOYSA-N,IOAHCDZXEFJTQI,PubChem,4912477,,kav_test.csv,0,61.5%,0.430769234895706
COc1ccccc1NC(=S)NNC(=O)c1c(Cl)c(C)nn1C,0,HKJMSUBZFRZPAG-UHFFFAOYSA-N,HKJMSUBZFRZPAG,PubChem,996925,,kav_test.csv,1,52.6%,0.430769234895706
O=C(Nc1ccc2nc(-c3cccnc3)[nH]c2c1)c1ccccc1F,0,RCXGQDPHZKTBKW-UHFFFAOYSA-N,RCXGQDPHZKTBKW,PubChem,1084667,,kav_test.csv,1,52.9%,0.430769234895706
Cc1cc(C(F)(F)F)n(-c2nc(-c3ccccc3)c(CC(=O)O)s2)n1,0,WSOPRNHDAVUOMT-UHFFFAOYSA-N,WSOPRNHDAVUOMT,PubChem,1472821,,kav_test.csv,0,58.0%,0.431034475564957
CCc1cccc(NC(=O)Cn2cccc2)c1,0,VAHZXHXUGUXTNY-UHFFFAOYSA-N,VAHZXHXUGUXTNY,PubChem,3238705,,kav_test.csv,0,64.4%,0.431034475564957
COc1ccc(NC(=O)CN2CCN(CC(=O)Nc3cc(OC)cc(OC)c3)CC2)cc1,1,DKWYPXDAEDEOSL-UHFFFAOYSA-N,DKWYPXDAEDEOSL,PubChem,3241005,,kav_test.csv,1,57.8%,0.431034475564957
O=[N+]([O-])c1ccc2nc(N3CCCC3)sc2c1,0,FKAKUGJMKRLVJR-UHFFFAOYSA-N,FKAKUGJMKRLVJR,PubChem,693993,,kav_test.csv,0,56.0%,0.431372553110123
O=C(CCC(=O)NNC(=O)c1ccc([N+](=O)[O-])cc1)NCc1ccccc1,0,LUMWBZHPHRSDOJ-UHFFFAOYSA-N,LUMWBZHPHRSDOJ,PubChem,3265549,,kav_test.csv,0,60.5%,0.431372553110123
COC(=O)c1cc(NC(=O)c2ccc(-c3ccccc3)cc2)ccc1Cl,0,XUOHSSZCOUNAHN-UHFFFAOYSA-N,XUOHSSZCOUNAHN,PubChem,2206244,,kav_test.csv,1,61.9%,0.431372553110123
NNC(=O)c1ccc(OCc2nc3ccccc3[nH]2)cc1,0,MXIDOEIMYNLTRM-UHFFFAOYSA-N,MXIDOEIMYNLTRM,PubChem,335810,,kav_test.csv,0,55.8%,0.431372553110123
O=c1oc2ccccc2c2nccnc12,0,NOVNOZNKFHLMJY-UHFFFAOYSA-N,NOVNOZNKFHLMJY,PubChem,691239,,kav_test.csv,0,61.4%,0.432432442903519
CC(=O)c1cccc(Nc2nc(-c3sc(C)nc3C)cs2)c1,0,AKNYCHRGDUFTJK-UHFFFAOYSA-N,AKNYCHRGDUFTJK,PubChem,768034,,kav_test.csv,1,54.5%,0.432432442903519
CC(C)CCC(=O)N1CCC(N2CCC(C(=O)NCc3ccccn3)CC2)CC1,0,WNOPYPLSTLAOLE-UHFFFAOYSA-N,WNOPYPLSTLAOLE,PubChem,24790745,,kav_test.csv,0,50.5%,0.432432442903519
COc1ccc(C(=O)Nc2ccc(N3CCN(C)CC3)cc2)cc1[N+](=O)[O-],0,UPRHPLXVQZMXHN-UHFFFAOYSA-N,UPRHPLXVQZMXHN,PubChem,2229052,,kav_test.csv,1,58.9%,0.432432442903519
O=C1Cc2cc(S(=O)(=O)N3CCN(c4cccc(Cl)c4)CC3)ccc2N1,0,DMTJEXKGHNDHRI-UHFFFAOYSA-N,DMTJEXKGHNDHRI,PubChem,16007461,,kav_test.csv,1,55.2%,0.432835817337036
COc1ccc(C(=O)Nc2ccc(NC(=O)c3ccccn3)cn2)cc1,0,LUIWMDMDPISSBC-UHFFFAOYSA-N,LUIWMDMDPISSBC,PubChem,1453036,,kav_test.csv,0,55.0%,0.432835817337036
NC(=O)CCS(=O)(=O)c1ccc(Cl)cc1,1,PTAJXCVPDADQJW-UHFFFAOYSA-N,PTAJXCVPDADQJW,PubChem,541881,,kav_test.csv,0,67.9%,0.433333337306976
COC(=O)C(c1ccccc1)C1CCCCN1,1,DUGOZIWVEXMGBE-UHFFFAOYSA-N,DUGOZIWVEXMGBE,"Didziapetris et al., 2016",,,eval_set_herg_60.csv,0,69.0%,0.433333337306976
Cc1ccc(CSCCNC(=O)CN2C(=O)c3ccccc3S2(=O)=O)cc1,1,OXMHMMXDCBZTQG-UHFFFAOYSA-N,OXMHMMXDCBZTQG,PubChem,3154518,,kav_test.csv,1,50.0%,0.433962255716324
Cc1cccc(CN2CCc3c([nH]c4ccccc34)C2)c1,0,ZMBBOEIGIAUJKY-UHFFFAOYSA-N,ZMBBOEIGIAUJKY,PubChem,765621,,kav_test.csv,1,70.5%,0.433962255716324
CSCC[C@@H](NS(=O)(=O)c1ccc(Cl)cc1)C(=O)O,0,GZEXLSPVDWIRGE-SNVBAGLBSA-N,GZEXLSPVDWIRGE,PubChem,4339703,,kav_test.csv,0,66.1%,0.433962255716324
COc1ccc(N2CCN(CCNC(=O)CCS(=O)(=O)c3cccc4nsnc34)CC2)cc1,0,CNGLMKLENDZKKI-UHFFFAOYSA-N,CNGLMKLENDZKKI,PubChem,3242060,,kav_test.csv,1,51.0%,0.434210538864136
COC(=O)c1cccc(N(C(=O)c2ccco2)[C@@H](C(=O)NC2CCCC2)c2ccco2)c1,0,KTRXMHDFRGFDNC-OAQYLSRUSA-N,KTRXMHDFRGFDNC,PubChem,3196382,,kav_test.csv,1,51.3%,0.434210538864136
CSc1nc2ccc3nc(NC(=O)c4cccs4)sc3c2s1,0,CSRRIYMZCVJAAV-UHFFFAOYSA-N,CSRRIYMZCVJAAV,PubChem,3244010,,kav_test.csv,1,56.7%,0.434782594442368
COc1ccc(-c2cc(C(=O)N3CCN(C(=O)c4ccco4)CC3)[nH]n2)cc1,0,OIMCTQNCZPESQM-UHFFFAOYSA-N,OIMCTQNCZPESQM,PubChem,20864976,,kav_test.csv,0,57.4%,0.434782594442368
Brc1cccc2nc(C#Cc3ccccn3)ccc12,0,QUNXIQXRXOIXOR-UHFFFAOYSA-N,QUNXIQXRXOIXOR,PubChem,71563078,,eval_set_herg_70.csv,0,54.5%,0.434782594442368
NNC(=O)[C@H](O)[C@H](O)[C@H](O)CO,0,GQRGREOAXWDDQQ-BXXZVTAOSA-N,GQRGREOAXWDDQQ,PubChem,243316,,kav_test.csv,0,77.8%,0.434782594442368
COC(=O)CCN(C(=O)c1ccc(OC(C)=O)cc1)c1ccccn1,0,XROYIRPYAPKDQM-UHFFFAOYSA-N,XROYIRPYAPKDQM,PubChem,2918735,,kav_test.csv,0,58.4%,0.434782594442368
CCOC(=O)c1cc(NC(=O)c2cccs2)ccc1N1CCOCC1,1,NAHWMKNJZFEDEX-UHFFFAOYSA-N,NAHWMKNJZFEDEX,PubChem,3163308,,kav_test.csv,0,51.8%,0.434782594442368
CN1CCN(CC#CCOc2ccc(Cl)cc2)CC1,1,ZAPMOWBAZNMCAT-UHFFFAOYSA-N,ZAPMOWBAZNMCAT,PubChem,2961503,,kav_test.csv,1,56.2%,0.434782594442368
CC(=O)Nc1ccc(S(=O)(=O)N2CCN(C(=O)N3CCCCCC3)CC2)cc1,0,PJVJDRDZFMQFTO-UHFFFAOYSA-N,PJVJDRDZFMQFTO,PubChem,1257623,,kav_test.csv,0,61.2%,0.435483872890472
Cc1ccccc1C(=O)N1CCC(C(=O)NC2CCCCC2)CC1,0,BVRZANYWHFSJFP-UHFFFAOYSA-N,BVRZANYWHFSJFP,PubChem,801556,,kav_test.csv,0,55.1%,0.435483872890472
Cc1cc(/C=C2\SC(Nc3ccccc3)=NC2=O)c(C)n1-c1ccccc1,0,QTDBAHFMTAMGMZ-ZHZULCJRSA-N,QTDBAHFMTAMGMZ,"Konda et al., 2019",,,eval_set_herg_60.csv,1,67.3%,0.435483872890472
CCC(COC(=O)c1cc(OC)c(OC)c(OC)c1)(c1ccccc1)[NH+](C)C,0,LORDFXWUHHSAQU-UHFFFAOYSA-O,LORDFXWUHHSAQU,"Konda et al., 2019",,,eval_set_herg_70.csv,1,57.2%,0.436363637447357
Cc1ccc(C(=O)N/N=C/c2ccc([N+](=O)[O-])s2)cc1,0,LJGPYHAVJULZAE-RIYZIHGNSA-N,LJGPYHAVJULZAE,PubChem,5393549,,kav_test.csv,0,54.6%,0.436363637447357
Cn1c(=O)c2c(ncn2CC(=O)OCc2ccccc2)n(C)c1=O,1,BFLNZKUKVYHXGL-UHFFFAOYSA-N,BFLNZKUKVYHXGL,PubChem,654088,,kav_test.csv,0,55.0%,0.4375
Fc1ccc(-c2nc3nc4ccccc4nc3n2Cc2ccccc2)cc1,0,DQAMXDXAACEOAH-UHFFFAOYSA-N,DQAMXDXAACEOAH,PubChem,3697555,,kav_test.csv,1,67.6%,0.4375
Cc1sc(NC(=O)c2c(F)cccc2F)nc1-c1ccccc1,0,ARERRRAWYXBDEE-UHFFFAOYSA-N,ARERRRAWYXBDEE,PubChem,778001,,kav_test.csv,1,53.4%,0.4375
C1CCC2(C1)C1C[N+](CC3CC3)CC2C[N+](CC2CC2)C1,1,LQHJNPOLJRIJNN-UHFFFAOYSA-N,LQHJNPOLJRIJNN,"Doddareddy et al., 2010",,,eval_set_herg_60.csv,1,80.8%,0.4375
COc1ccccc1CNC(=O)CCCNC(=O)c1ccc(Cl)cc1,0,GCBJORODEXPZEA-UHFFFAOYSA-N,GCBJORODEXPZEA,PubChem,4827357,,kav_test.csv,1,64.0%,0.4375
COc1ccc(C(=O)Nc2cccc([N+](=O)[O-])c2)cc1Br,0,RUSCMQTXBNQYGA-UHFFFAOYSA-N,RUSCMQTXBNQYGA,PubChem,2905062,,kav_test.csv,1,53.8%,0.438596487045288
O=C(NC1CCCC1)c1ccc(CS(=O)(=O)c2ccc(Cl)cc2)o1,0,QVLGIOBTJCFQGJ-UHFFFAOYSA-N,QVLGIOBTJCFQGJ,PubChem,4104660,,kav_test.csv,1,52.4%,0.438596487045288
CCOc1ccc2nc(/N=N/c3c(O)[nH]c(=S)[nH]c3=O)sc2c1,0,POWBFJZLVXJSEZ-ISLYRVAYSA-N,POWBFJZLVXJSEZ,PubChem,1594243,,kav_test.csv,1,52.3%,0.438596487045288
N=C(N)NC(=N)Nc1cccc(Cl)c1,1,DIHXJZHAIHGSAW-UHFFFAOYSA-N,DIHXJZHAIHGSAW,"Konda et al., 2019",,,eval_set_herg_60.csv,0,51.3%,0.439024388790131
CCOC(=O)[C@@H]1CCCN(CC(=O)Nc2cc(C)cc(C)c2)C1,0,WHTJFKYIEDZAMF-OAHLLOKOSA-N,WHTJFKYIEDZAMF,PubChem,3271364,,kav_test.csv,0,54.1%,0.439393937587738
COc1ccccc1CNCc1ccc(OC)c2ccccc12,0,BVTVXDNDPDQCNL-UHFFFAOYSA-N,BVTVXDNDPDQCNL,PubChem,791864,,kav_test.csv,1,62.8%,0.439999997615814
CN(C)CCS[C@@H]1c2ccccc2CSc2ccccc21,0,URTZTFXEBYPGOC-GOSISDBHSA-N,URTZTFXEBYPGOC,PubChem,12514561,,kav_test.csv,1,67.4%,0.439999997615814
CCCCOC(=O)c1ccc(NC(=O)c2c(Cl)ccc(Cl)c2OC)cc1,0,DMOUAPVWDMRWJU-UHFFFAOYSA-N,DMOUAPVWDMRWJU,PubChem,1576317,,kav_test.csv,1,56.8%,0.439999997615814
CC(=O)c1cccc(NC(=O)c2sc(Cl)nc2C)c1,0,SBASUYBMPLDSFM-UHFFFAOYSA-N,SBASUYBMPLDSFM,PubChem,850553,,kav_test.csv,0,50.6%,0.439999997615814
CO[C@@H](C(=O)Nc1ccc(S(=O)(=O)Nc2cccc3ccccc23)cc1)c1ccccc1,0,QNTSATFTWSSLNK-XMMPIXPASA-N,QNTSATFTWSSLNK,PubChem,2939854,,kav_test.csv,1,61.7%,0.440677970647812
Cc1cc(Nc2ccccc2C(=O)O)n(-c2cccc(Cl)c2)n1,0,YUKYIGWFVCEKLX-UHFFFAOYSA-N,YUKYIGWFVCEKLX,PubChem,2727740,,kav_test.csv,0,54.8%,0.440677970647812
COc1ccc(C)cc1NC(=O)c1cccc(-c2ccc(OC(C)=O)cc2)c1,0,KRIKDHLBRRUAMR-UHFFFAOYSA-N,KRIKDHLBRRUAMR,PubChem,3390904,,kav_test.csv,1,58.0%,0.440677970647812
Cc1cc(-c2ccc([N+](=O)[O-])cc2)cc(C)n1,0,VHKXFEZYOOKFKG-UHFFFAOYSA-N,VHKXFEZYOOKFKG,PubChem,257968,,kav_test.csv,0,63.7%,0.441176474094391
O=C(CCN1c2ccccc2Sc2ccccc21)Oc1ccccc1,0,UYXQYNHJCQTFBK-UHFFFAOYSA-N,UYXQYNHJCQTFBK,PubChem,2572918,,kav_test.csv,1,58.3%,0.441860467195511
COC(=O)C1=CCC2CCC1[N+]2C,0,WKIDXYNSLWZPGZ-UHFFFAOYSA-N,WKIDXYNSLWZPGZ,"Doddareddy et al., 2010",,,eval_set_herg_60.csv,0,68.1%,0.441860467195511
CC(=O)Nc1ccc(Nc2cc(C)nc3ccccc23)cc1,0,AWDBGRQJQXRDGS-UHFFFAOYSA-N,AWDBGRQJQXRDGS,PubChem,798210,,kav_test.csv,1,51.1%,0.442307680845261
Clc1ccc(-c2ccc(C#Cc3ccc(OCCN4CCCC4)cc3)nc2)cc1,1,XKNDXALUSFQZAX-UHFFFAOYSA-N,XKNDXALUSFQZAX,PubChem,9978490,26112443,kav_test.csv,1,87.3%,0.442307680845261
O=C(c1ccccc1)c1ccc(OCCOCCN2CCN(Cc3ccccc3)CC2)cc1,0,ZSTJHRUCJAHTDK-UHFFFAOYSA-N,ZSTJHRUCJAHTDK,PubChem,2977648,,kav_test.csv,1,80.5%,0.442307680845261
C1=C(c2sc3ccccc3c2-c2ccc(OCCN3CCOCC3)cc2)CCCC1,0,HUJYAIUEKAOPKL-UHFFFAOYSA-N,HUJYAIUEKAOPKL,PubChem,44202262,,kav_test.csv,1,77.1%,0.4426229596138
COc1ccc(C)cc1NC(=O)C(=O)NNC(=O)COc1ccc(Cl)cc1,1,MJAYKSVSWMXNOV-UHFFFAOYSA-N,MJAYKSVSWMXNOV,PubChem,3115435,,kav_test.csv,1,58.2%,0.4426229596138
C[C@H](CN1CCOCC1)OC(=O)C(c1ccccc1)c1ccccc1,0,RDCLFNRBVVNGCA-QGZVFWFLSA-N,RDCLFNRBVVNGCA,PubChem,3151281,,kav_test.csv,1,62.8%,0.444444447755814
O=C(NNS(=O)(=O)c1ccccc1)c1ccncc1,0,UKJCMAQTXOTHNO-UHFFFAOYSA-N,UKJCMAQTXOTHNO,PubChem,468603,,kav_test.csv,0,64.2%,0.444444447755814
COc1ccc(NP(=O)(Nc2ccc(OC)cc2)Oc2ccccc2)cc1,0,GLEFVSOADRELOV-UHFFFAOYSA-N,GLEFVSOADRELOV,PubChem,2305211,,kav_test.csv,0,62.1%,0.444444447755814
O=C(NC(c1ccccc1)c1ccccc1)[C@H]1CCCO1,0,FEBNVVLYNYNCCP-MRXNPFEDSA-N,FEBNVVLYNYNCCP,PubChem,3155117,,kav_test.csv,0,52.1%,0.444444447755814
CC(C)c1ccc(NS(=O)(=O)c2ccc(Cl)nc2)cc1,0,SYNYLGLKRLSVLN-UHFFFAOYSA-N,SYNYLGLKRLSVLN,PubChem,822453,,kav_test.csv,1,55.0%,0.444444447755814
COc1ccc(CNC(=O)Cc2c[nH]c3ccccc23)cc1OC,0,RDWPEWUBRZBYQD-UHFFFAOYSA-N,RDWPEWUBRZBYQD,PubChem,4780410,,kav_test.csv,1,55.9%,0.444444447755814
N#Cc1ccc(COc2ccc3nc(C(=O)N4CCNCC4)ccc3c2)cc1,1,KUNDOFRNYJIMMV-UHFFFAOYSA-N,KUNDOFRNYJIMMV,PubChem,168268956,35436748,kav_test.csv,1,62.2%,0.444444447755814
Cc1cc2cc(CCNC(=O)c3cccc([N+](=O)[O-])c3)c(=O)[nH]c2cc1C,0,GYCARQRQTJZMGN-UHFFFAOYSA-N,GYCARQRQTJZMGN,PubChem,4083397,,kav_test.csv,1,52.5%,0.444444447755814
CCOC(=O)Nc1ccc2c(c1)OCO2,0,KQEDHQBKCPFYND-UHFFFAOYSA-N,KQEDHQBKCPFYND,PubChem,692199,,kav_test.csv,0,61.0%,0.444444447755814
Cc1ccc(C)c(S(=O)(=O)Nc2ccccc2C(=O)Nc2ccc(S(=O)(=O)Nc3ncccn3)cc2)c1,0,QGTXBBCMOHMTQW-UHFFFAOYSA-N,QGTXBBCMOHMTQW,PubChem,2336361,,kav_test.csv,1,57.2%,0.444444447755814
Cc1cc(OC[C@H](O)CN(CCO)CCO)ccc1Cl,0,HVTOTVKARVYUNM-GFCCVEGCSA-N,HVTOTVKARVYUNM,PubChem,2770428,,kav_test.csv,0,54.0%,0.444444447755814
COc1ccc(CC(=O)Nc2ccccc2N2CCCC2)cc1OC,0,CHIBCFVNATYOGJ-UHFFFAOYSA-N,CHIBCFVNATYOGJ,PubChem,16608300,,kav_test.csv,1,70.6%,0.444444447755814
O=C([C@@H]1CC(=O)N(c2ccccc2)C1)N1CCN(c2ccccc2)CC1,0,CQSIBUUEALUYDO-QGZVFWFLSA-N,CQSIBUUEALUYDO,PubChem,6461719,,kav_test.csv,0,50.3%,0.444444447755814
Cc1cc(C)nc(NS(=O)(=O)c2ccc(NC(=S)NC(=O)c3ccco3)cc2)n1,0,IVUWJHBGHCAVSO-UHFFFAOYSA-N,IVUWJHBGHCAVSO,PubChem,1912922,,kav_test.csv,0,52.8%,0.444444447755814
O=C(C=Cc1ccccc1)c1ccc([N+](=O)[O-])cc1,0,QLXBMZAOTHBHSM-UHFFFAOYSA-N,QLXBMZAOTHBHSM,PubChem,95353,,kav_test.csv,0,63.1%,0.444444447755814
N#Cc1c(Cl)cccc1OC[C@H](O)CN1CCC[C@H]1Cc1ccccc1,1,HSTMYWDURDPUMY-ZWKOTPCHSA-N,HSTMYWDURDPUMY,"Didziapetris et al., 2016",,,eval_set_herg_60.csv,1,76.0%,0.44594594836235
N[C@H]1CN(Cc2ccc(-c3csnn3)cc2)C[C@H]1C(=O)N1CCCC1,1,FLSQVTUPJGNXGP-CVEARBPZSA-N,FLSQVTUPJGNXGP,"Didziapetris et al., 2016",,,eval_set_herg_70.csv,0,50.9%,0.44594594836235
C[C@]1(c2ccccc2)NC(=O)N(CC(=O)NC[C@H]2CCCO2)C1=O,0,YUHPHFGUQNCJJC-CXAGYDPISA-N,YUHPHFGUQNCJJC,PubChem,16284001,,kav_test.csv,0,70.1%,0.446153849363327
COc1ccc(CCN[C@@H]2CC(=O)N(CCc3ccccc3)C2=O)cc1,1,JGZSUYLYMSVNRA-LJQANCHMSA-N,JGZSUYLYMSVNRA,PubChem,2854580,,kav_test.csv,1,60.5%,0.446153849363327
O=C(CSCSCC(=O)Nc1ccc2c(c1)OCO2)Nc1ccc2c(c1)OCO2,1,KMBFHZSOXUCNDF-UHFFFAOYSA-N,KMBFHZSOXUCNDF,PubChem,2325736,,kav_test.csv,0,51.4%,0.446153849363327
COC(=O)COc1ccccc1C(=O)Nc1ccc(OC)cc1,0,LOXHDFHRFCBMTB-UHFFFAOYSA-N,LOXHDFHRFCBMTB,PubChem,628837,,kav_test.csv,1,52.5%,0.446428567171097
CCC(COC(=O)c1cc(OC)c(OC)c(OC)c1)(c1ccccc1)N(C)C.O=C(O)/C=C\C(=O)O,0,LORDFXWUHHSAQU-UHFFFAOYSA-N,FSRLGULMGJGKGI,PubChem,5388977,,eval_set_herg_70.csv,0,52.4%,0.446428567171097
COc1ccc(C(=O)c2ccc([N+](=O)[O-])cc2Cl)cc1,0,DVIBNPTXYNQBGH-UHFFFAOYSA-N,DVIBNPTXYNQBGH,PubChem,884291,,kav_test.csv,0,54.4%,0.446808516979218
Cc1cccc(-n2c(C)nc3ccccc3c2=O)c1C,0,JIKUUQKCXVSNPX-UHFFFAOYSA-N,JIKUUQKCXVSNPX,PubChem,63118,,kav_test.csv,0,54.1%,0.446808516979218
Cc1ccc(NC(=O)c2ccc(F)c(S(=O)(=O)N3CCOCC3)c2)cc1F,0,FSXJUGIZWSLCGH-UHFFFAOYSA-N,FSXJUGIZWSLCGH,PubChem,3245063,,kav_test.csv,1,57.2%,0.447761207818985
CSc1ccccc1OCc1cc(C(=O)N2CCC[C@@H](C)C2)no1,0,BCUJGALTCWGBHZ-CYBMUJFWSA-N,BCUJGALTCWGBHZ,PubChem,24817172,,kav_test.csv,1,66.4%,0.447761207818985
C=CCSCC1Nc2cc(Cl)c(S(N)(=O)=O)cc2S(=O)(=O)N1,0,VGLGVJVUHYTIIU-UHFFFAOYSA-N,VGLGVJVUHYTIIU,PubChem,2122,,eval_set_herg_70.csv,0,59.7%,0.447761207818985
CS(=O)(=O)N1CCC(C(=O)NCc2ccccc2)CC1,0,JHOFQNBZRLPFDG-UHFFFAOYSA-N,JHOFQNBZRLPFDG,PubChem,774756,,kav_test.csv,0,61.2%,0.448275864124298
CN1CCN([C@@H]2c3ccccc3Nc3ccc(Cl)cc3N2O)CC1,0,LTRSQBSUNYICJX-SFHVURJKSA-N,LTRSQBSUNYICJX,"Munwar et al., 2019",,,eval_set_herg_60.csv,1,72.6%,0.448275864124298
C[C@]12CC[C@@H]3[C@H]4CCC(=O)C=C4CC[C@H]3[C@@H]1CC[C@@H]2OC(=O)CCc1ccco1,0,ICNIVTHKZKRHPD-YNFNDHOQSA-N,ICNIVTHKZKRHPD,PubChem,111318,,eval_set_herg_70.csv,0,64.4%,0.448717951774597
CC(C)(C)OC(=O)N1CCC(C(=O)N[C@H](Cc2ccccc2)C(=O)O)CC1,0,FKCVTDVCCAOPGT-MRXNPFEDSA-N,FKCVTDVCCAOPGT,PubChem,664169,,kav_test.csv,0,68.2%,0.449275374412537
CC(C)c1ccc(/C=N/NC(=O)c2nnn(-c3nonc3N)c2CSC2=NCCS2)cc1,0,VOTSMEYTINJVEA-LSFURLLWSA-N,VOTSMEYTINJVEA,PubChem,9660671,,kav_test.csv,1,53.5%,0.450549453496933
FC(F)(F)c1ccccc1-c1cc(C(F)(F)F)c2c(c1)=N/C(=C1\CC3(CCCCC3)ON1)N=2,0,GZINXHRSQAMEQY-ZZEZOPTASA-N,GZINXHRSQAMEQY,"Konda et al., 2019",,,eval_set_herg_60.csv,0,57.2%,0.450704216957092
O=C(CN1C(=O)[C@]2(CCOC[C@H]2F)OC1c1cccc(Cl)c1)Nc1cc2c(cn1)C[C@]1(C2)C(=O)Nc2ncccc21,0,LREUBQQMJXJGNU-ZGFZYKMBSA-N,LREUBQQMJXJGNU,"Didziapetris et al., 2016",,,eval_set_herg_60.csv,0,54.2%,0.450980395078659
O=[N+]([O-])c1ccc2nonc2c1Nc1ccccc1,0,YAJVAQAVYLLGCR-UHFFFAOYSA-N,YAJVAQAVYLLGCR,PubChem,3095679,,kav_test.csv,0,53.8%,0.452380955219269
O=[N+]([O-])c1ccc2[nH]c3c(c2c1)CCCC3,0,IROFVXNXPDWNEU-UHFFFAOYSA-N,IROFVXNXPDWNEU,PubChem,258747,,kav_test.csv,0,59.0%,0.452380955219269
COc1cc(C(=O)Nc2nc3ccc(S(C)(=O)=O)cc3s2)cc(OC)c1C,0,FVIOSMUDMQMJAI-UHFFFAOYSA-N,FVIOSMUDMQMJAI,PubChem,2666708,,kav_test.csv,0,50.6%,0.452830195426941
O=C(CCNC1=NS(=O)(=O)c2ccccc21)Nc1ccc(Cl)cc1F,0,SECHPWSBCYOOCR-UHFFFAOYSA-N,SECHPWSBCYOOCR,PubChem,135401588,,kav_test.csv,1,52.1%,0.452830195426941
COc1cc2c(cc1OC)C(/C(C#N)=N\O)=NC(C)(C)C2,0,LSNJMZMIBWMKJT-WQRHYEAKSA-N,LSNJMZMIBWMKJT,PubChem,135544653,,kav_test.csv,0,56.8%,0.452830195426941
Cn1nc(C(F)(F)F)c(C(=O)Nc2cccc(C(F)(F)F)c2)c1SCc1ccc(Cl)cc1,0,MVILFOOETZKOPT-UHFFFAOYSA-N,MVILFOOETZKOPT,PubChem,5108553,,kav_test.csv,1,54.4%,0.453125
C[C@]1(CN2Cc3nc(-c4ccc(F)cc4)sc3C2)Cn2cc([N+](=O)[O-])nc2O1,1,QBSDZSVXFHUEOG-SFHVURJKSA-N,QBSDZSVXFHUEOG,PubChem,122460330,35777718,kav_test.csv,1,53.6%,0.453333348035812
c1ccc(/N=N/c2ccc3cccccc2-3)cc1,0,FILMYAMPKWRDQD-ISLYRVAYSA-N,FILMYAMPKWRDQD,PubChem,3666713,,kav_test.csv,0,67.3%,0.454545468091965
CC(C)(C)[C@]1(O)CC(C(F)(F)F)=NN1C(=O)CCCc1ccccc1,0,HWNQHEGRJRNZHM-QGZVFWFLSA-N,HWNQHEGRJRNZHM,PubChem,15998353,,kav_test.csv,0,56.1%,0.454545468091965
O=C(NCc1ccc2c(c1)OCO2)C1CCCCC1,0,GDZDEBICGBTCRX-UHFFFAOYSA-N,GDZDEBICGBTCRX,PubChem,683219,,kav_test.csv,0,54.8%,0.454545468091965
Nc1ccc(Cl)cc1C(=O)c1ccccc1,0,ZUWXHHBROGLWNH-UHFFFAOYSA-N,ZUWXHHBROGLWNH,PubChem,12870,,eval_set_herg_70.csv,0,72.2%,0.454545468091965
CC[C@@H]1CC[C@@H]2[C@H]3CC=C4C[C@@H](OC(C)=O)[C@H](N)C[C@]4(C)[C@@H]3CC[C@]12C,1,ZSSPHCDGLYDLSV-LSVOKTCQSA-N,ZSSPHCDGLYDLSV,PubChem,243988,,kav_test.csv,0,80.8%,0.454545468091965
C[N+]1C2CCC1C(C(=O)[O-])C(OC(=O)c1ccccc1)C2,0,FQMKIHAIJVUQMW-UHFFFAOYSA-M,FQMKIHAIJVUQMW,"Doddareddy et al., 2010",,,eval_set_herg_60.csv,0,56.2%,0.454545468091965
c1ccc2c([C@H]3CCN(CCN4CCOCC4)C3)c[nH]c2c1,0,JMFQVIVSVILMKK-HNNXBMFYSA-N,JMFQVIVSVILMKK,PubChem,19340,,kav_test.csv,1,59.0%,0.454545468091965
COc1cc(C(=S)N2CCN(c3cccc(Cl)c3)CC2)ccc1O,1,JWWHLDSWTPNVCQ-UHFFFAOYSA-N,JWWHLDSWTPNVCQ,PubChem,1304314,,kav_test.csv,1,65.2%,0.454545468091965
O=C(c1cccc2c1OC(c1ccc(-c3ccccc3)cc1)CC2)N1CCCC1,1,QVBHCFGSOSHZJU-UHFFFAOYSA-N,QVBHCFGSOSHZJU,"Doddareddy et al., 2010",,,eval_set_herg_60.csv,1,80.0%,0.455882340669632
COc1ccccc1[C@H]1SCCN1S(=O)(=O)c1cccc(C(F)(F)F)c1,0,IANULKJFHGLGOX-MRXNPFEDSA-N,IANULKJFHGLGOX,PubChem,646735,,kav_test.csv,1,65.3%,0.455882340669632
CC(C)(N)c1ncc(-c2ccccc2)[nH]1,0,PCWRXBYSADPRLU-UHFFFAOYSA-N,PCWRXBYSADPRLU,PubChem,59019389,,eval_set_herg_70.csv,0,75.2%,0.45652174949646
COc1ccnc(C[S+]([O-])c2nc3ccc(OC(F)F)cc3[nH]2)c1OC,0,IQPSEEYGBUAQFF-UHFFFAOYSA-N,IQPSEEYGBUAQFF,PubChem,4679,,eval_set_herg_70.csv,0,52.1%,0.457142859697342
O=C(c1ccc(F)cc1)c1ccc(F)cc1,0,LSQARZALBDFYQZ-UHFFFAOYSA-N,LSQARZALBDFYQZ,"Didziapetris et al., 2016",,,eval_set_herg_60.csv,0,62.0%,0.458333343267441
O=c1c2ccccc2[nH]c(=S)n1C1CCCCC1,1,MCTGJKRPXXKWGV-UHFFFAOYSA-N,MCTGJKRPXXKWGV,PubChem,791458,,kav_test.csv,0,61.8%,0.458333343267441
COc1ccc(CCNC(=O)c2ccc(CNc3c(N4CCOCC4)c(=O)c3=O)cc2)cc1OC,0,CRSDIECLMOHJKP-UHFFFAOYSA-N,CRSDIECLMOHJKP,PubChem,3235774,,kav_test.csv,1,63.0%,0.458333343267441
O=C(Nc1cccn(Cc2c(Cl)cccc2Cl)c1=O)C1CC1,0,AGYHXLOFHRQKSE-UHFFFAOYSA-N,AGYHXLOFHRQKSE,PubChem,4679896,,kav_test.csv,1,51.6%,0.459016382694244
CCC1Nc2cc(Cl)c(S(N)(=O)=O)cc2S(=O)(=O)N1,0,VXLCNTLWWUDBSO-UHFFFAOYSA-N,VXLCNTLWWUDBSO,PubChem,15763,,eval_set_herg_70.csv,0,63.4%,0.459016382694244
COC(=O)c1sc(NC(=S)/N=C(\O)c2ccc(C)cc2)nc1C,1,HBAWMXWARNDNAA-UHFFFAOYSA-N,HBAWMXWARNDNAA,PubChem,739040,,kav_test.csv,1,57.0%,0.459016382694244
CCCC(c1cc(C(C)(C)C)c(O)cc1C)c1cc(C(C)(C)C)c(O)cc1C,0,PFANXOISJYKQRP-UHFFFAOYSA-N,PFANXOISJYKQRP,PubChem,6815,,kav_test.csv,0,74.8%,0.459459453821182
COc1ccc2[nH]c(C(=O)NCc3ccc4c(c3)OCO4)cc2c1,0,YTNRTJDRFDHHSV-UHFFFAOYSA-N,YTNRTJDRFDHHSV,PubChem,2809943,,kav_test.csv,1,52.8%,0.459459453821182
Nc1ccc(-c2nc3cc([N+](=O)[O-])ccc3o2)cc1,0,PZHBCHHGPFRDTL-UHFFFAOYSA-N,PZHBCHHGPFRDTL,PubChem,738098,,kav_test.csv,1,50.3%,0.459459453821182
NCC(=O)NCC(=O)OCc1ccccc1,0,VJQSKANWSASIPI-UHFFFAOYSA-N,VJQSKANWSASIPI,PubChem,13996146,,kav_test.csv,0,71.2%,0.459459453821182
N=C(N)SCCc1ccc(OCc2ccc([N+](=O)[O-])cc2)cc1,1,UMJUNUMSJDTYTM-UHFFFAOYSA-N,UMJUNUMSJDTYTM,"Didziapetris et al., 2016",,,eval_set_herg_60.csv,1,58.4%,0.46000000834465
CSc1cccc(NC(=O)CN2C(=O)c3ccccc3S2(=O)=O)c1,1,SJEWXUVWZOKLHW-UHFFFAOYSA-N,SJEWXUVWZOKLHW,PubChem,1085635,,kav_test.csv,0,59.4%,0.46000000834465
Cn1c(CO)c(-c2ccccc2)c2cc([N+](=O)[O-])ccc21,0,GNJUKVGDCUKDLF-UHFFFAOYSA-N,GNJUKVGDCUKDLF,PubChem,752812,,kav_test.csv,0,62.8%,0.46000000834465
Cc1ccc(C)c(CNc2ccc(S(=O)(=O)N3CCCCC3)cc2)c1,1,TXDZQILSGNMBJF-UHFFFAOYSA-N,TXDZQILSGNMBJF,PubChem,9329267,,kav_test.csv,1,79.4%,0.460317462682724
O=C(N[C@@H]1CCN(Cc2ccccc2)C1)c1cc(COc2ccc(F)cc2F)on1,0,NJXQBOCBDWFLMG-QGZVFWFLSA-N,NJXQBOCBDWFLMG,PubChem,16191250,,kav_test.csv,1,66.2%,0.460526317358017
Nc1cc(Nc2ccccc2)ccn1,0,PJNARASVPLLKLH-UHFFFAOYSA-N,PJNARASVPLLKLH,PubChem,25163049,,kav_test.csv,0,67.7%,0.461538463830948
O=c1cc(O)sc2ccccc12,0,OSIDMAJZERBPOJ-UHFFFAOYSA-N,OSIDMAJZERBPOJ,PubChem,177787,,kav_test.csv,0,61.1%,0.461538463830948
CN(CC1CCN(CCc2cccc(C(F)(F)F)c2)CC1)C(=O)c1ccc(F)cc1,0,FUNWDEBUGVERHR-UHFFFAOYSA-N,FUNWDEBUGVERHR,PubChem,23723374,,kav_test.csv,1,88.8%,0.461538463830948
OCCNCc1ccccc1,1,XNIOWJUQPMKCIJ-UHFFFAOYSA-N,XNIOWJUQPMKCIJ,PubChem,4348,,eval_set_herg_70.csv,0,81.1%,0.461538463830948
O=C(CCN1C(=O)COc2ccccc21)N1CCN(c2ccccc2)CC1,0,XBGSSHKPKAAHEV-UHFFFAOYSA-N,XBGSSHKPKAAHEV,PubChem,4083008,,kav_test.csv,0,56.1%,0.461538463830948
COc1ccc(NC(=O)CSc2nnc(COc3ccccc3)n2Cc2ccco2)cc1OC,1,BJNZMFKENKVCTO-UHFFFAOYSA-N,BJNZMFKENKVCTO,PubChem,666449,,kav_test.csv,1,51.7%,0.461538463830948
CC(O)C(=O)[O-].[Hg+]c1ccccc1,0,RRFGSWMKSSCUSU-UHFFFAOYSA-M,RRFGSWMKSSCUSU,PubChem,16683023,,eval_set_herg_70.csv,0,55.0%,0.461538463830948
CCS(=O)(=O)N(C)[C@H]1c2cc(C#N)ccc2OC(C)(C)[C@@H]1O,1,HVSJHHXUORMCGK-UONOGXRCSA-N,HVSJHHXUORMCGK,"Doddareddy et al., 2010",,,eval_set_herg_60.csv,0,71.8%,0.461538463830948
COc1cccc(C(=O)Cn2c(N3CCCCC3)nc3c2c(=O)n(C)c(=O)n3C)c1,0,KFTZHZWIJLZRRJ-UHFFFAOYSA-N,KFTZHZWIJLZRRJ,PubChem,659412,,kav_test.csv,1,51.7%,0.462500005960465
Oc1c(CN2CCCC2)cc(Nc2ncnc3ccccc23)cc1CN1CCCC1,0,ADFVBEOHHMMWBZ-UHFFFAOYSA-N,ADFVBEOHHMMWBZ,"Didziapetris et al., 2016",,,eval_set_herg_60.csv,1,69.6%,0.462686568498611
COc1ccc(OC)c(NC(=S)N2CCCC2)c1,0,FVBBCIFKEYRAGK-UHFFFAOYSA-N,FVBBCIFKEYRAGK,PubChem,17266002,,kav_test.csv,1,53.8%,0.462962955236435
C[C@@H]1CN([C@@H](C)CO)C(=O)c2cc(NC(=O)C3CC3)ccc2O[C@@H]1CN(C)C(=O)NC1CCCCC1,1,ZRYCJVWXCNEQKV-NXMSCROESA-N,ZRYCJVWXCNEQKV,PubChem,44202680,,kav_test.csv,0,59.3%,0.462962955236435
C[C@@H]1CN(C(=O)c2ccc(-c3ccccc3Cl)o2)C[C@@H](C)O1,0,SJACXJCFCJVRHS-VXGBXAGGSA-N,SJACXJCFCJVRHS,PubChem,18108386,,kav_test.csv,1,56.1%,0.462962955236435
Cc1nn(C)c(C)c1-c1nc2ncc(Br)c(N3CCN(Cc4cccnc4)CC3)c2[nH]1,0,BMSHQZWQPJMOJN-UHFFFAOYSA-N,BMSHQZWQPJMOJN,PubChem,57897151,,eval_set_herg_70.csv,1,63.6%,0.463414639234543
C[N+]1CCCC1c1cccnc1,0,WDLCRPUFOKJNEU-UHFFFAOYSA-N,WDLCRPUFOKJNEU,"Doddareddy et al., 2010",,,eval_set_herg_60.csv,0,91.2%,0.463414639234543
c1ccc(C2(c3ccccc3)CC2C2=[NH+]CC[N]2)cc1,0,GAQHCFHAMKAGOE-UHFFFAOYSA-O,GAQHCFHAMKAGOE,"Doddareddy et al., 2010",,,eval_set_herg_60.csv,1,85.0%,0.463414639234543
CCOc1ccccc1NC(=O)[C@@H](c1ccccc1)N1CCN(CC(=O)N2CCCC2)CC1,1,LJOJSKFOKQRROZ-RUZDIDTESA-N,LJOJSKFOKQRROZ,PubChem,16291946,,kav_test.csv,1,59.1%,0.463768124580383
CCn1c(Cc2ccc(OC)cc2)nc2ccccc21,0,RBNUUMIAJLDDOQ-UHFFFAOYSA-N,RBNUUMIAJLDDOQ,PubChem,962281,,kav_test.csv,1,70.2%,0.46428570151329
N#Cc1cnc(Nc2ccnc(N)n2)s1,1,UDEOWBLYNNRBDI-UHFFFAOYSA-N,UDEOWBLYNNRBDI,"Didziapetris et al., 2016",,,eval_set_herg_70.csv,0,52.4%,0.46428570151329
CC1(C)[C@@H]2CC[C@@]1(C)/C(=N/N=C1/NC(=O)/C(=C\c3ccc(Cl)cc3)S1)C2,1,PYCCCDOXZRYTIF-USXBGQAZSA-N,PYCCCDOXZRYTIF,PubChem,135517099,,kav_test.csv,1,71.6%,0.464788734912872
CCCN1CCN(C(=O)Nc2ccc(OCC)cc2)CC1,0,ZNPQLUKXHSZNIG-UHFFFAOYSA-N,ZNPQLUKXHSZNIG,PubChem,6468404,,kav_test.csv,1,56.4%,0.465116292238236
O=C(Cc1cccc2ccccc12)N1CCCc2ccccc21,0,QTPVKZIUQHGFBA-UHFFFAOYSA-N,QTPVKZIUQHGFBA,PubChem,1226597,,kav_test.csv,1,63.0%,0.465116292238236
COc1cc(Oc2ccncc2CN(C)C)ccc1SC,1,FZTUKFZQAANKSG-UHFFFAOYSA-N,FZTUKFZQAANKSG,"Didziapetris et al., 2016",,,eval_set_herg_60.csv,1,71.2%,0.46551725268364
FC(F)(F)c1cccc(-c2c[nH]c(-c3ccccc3)n2)c1,1,FFLKPRMUNQCFGJ-UHFFFAOYSA-N,FFLKPRMUNQCFGJ,"Didziapetris et al., 2016",,,eval_set_herg_60.csv,1,66.8%,0.466666668653488
CCCCNc1ccc(C(=O)OCC[NH+](CC)CC)cc1.[Cl-],0,JQMCLLAJJLVYOC-UHFFFAOYSA-O,XTIUAXFQEAMQRU,PubChem,27891,,eval_set_herg_70.csv,1,50.1%,0.466666668653488
O=C(COC(=O)COc1ccc2ccccc2c1)Nc1cc(C(F)(F)F)ccc1N1CCOCC1,0,JSSMCSLJEXIZPT-UHFFFAOYSA-N,JSSMCSLJEXIZPT,PubChem,2364707,,kav_test.csv,1,66.2%,0.466666668653488
CNCC(CCc1ccccc1)[C@H](O)c1ccccc1,0,MOEHGFZIHNMYIW-QRWMCTBCSA-N,MOEHGFZIHNMYIW,US Patent,,,eval_set_herg_60.csv,0,56.6%,0.466666668653488
CC(C)(C)c1ccc(NC(=O)c2ccsc2)cc1,0,GWXXYYHTFGPPMB-UHFFFAOYSA-N,GWXXYYHTFGPPMB,PubChem,2815544,,kav_test.csv,0,60.9%,0.466666668653488
c1ccc(-n2cc(CN3CCCC3)c(-c3ccc4c(c3)OCO4)n2)cc1,0,DILXXPPGOXTRJK-UHFFFAOYSA-N,DILXXPPGOXTRJK,PubChem,16190089,,kav_test.csv,1,76.4%,0.467741936445236
Oc1ccc([C@H](O)CN2CCC(O)(c3ccc(F)cc3)CC2)cc1,1,MISLLVIAQVULCL-GOSISDBHSA-N,MISLLVIAQVULCL,"Didziapetris et al., 2016",,,eval_set_herg_60.csv,1,68.6%,0.467741936445236
O=C(CN1C(=O)C2(CCCCC2)OC1c1cc(F)cc(F)c1)Nc1ccc2c(c1)C[C@@]1(C2)C(=O)Nc2ncccc21,0,FSYBENFNTMFBSX-DINWUYGQSA-N,FSYBENFNTMFBSX,"Didziapetris et al., 2016",,,eval_set_herg_70.csv,1,62.7%,0.468085110187531
CC(=O)c1cccc(NC(=O)c2cccc(N3C(=O)c4ccccc4C3=O)c2)c1,0,NAHKLQZJCIXEQS-UHFFFAOYSA-N,NAHKLQZJCIXEQS,PubChem,1350510,,kav_test.csv,1,51.0%,0.468085110187531
O=C1c2ccccc2-c2cc([N+](=O)[O-])c([N+](=O)[O-])cc21,1,BTCGQAJWZRCLRP-UHFFFAOYSA-N,BTCGQAJWZRCLRP,PubChem,281255,,kav_test.csv,1,50.6%,0.46875
CCCCCCCNC[C@@H](O)c1cc(C(F)(F)F)nc2c(C(F)(F)F)cccc12,1,VAZHAININDSLSH-MRXNPFEDSA-N,VAZHAININDSLSH,PubChem,60152645,34782182,kav_test.csv,1,68.9%,0.46875
Cc1ccc(C)c(NC(=O)CSc2ccc(-c3cccs3)nn2)c1,0,JXCHBIBXTHFPRJ-UHFFFAOYSA-N,JXCHBIBXTHFPRJ,PubChem,12006200,,kav_test.csv,1,59.8%,0.46875
COc1ccccc1CNC(=O)CCCC(=O)n1nc(C)c2ccccc21,0,QNWKRAPPEHXSGI-UHFFFAOYSA-N,QNWKRAPPEHXSGI,PubChem,22510287,,kav_test.csv,1,51.9%,0.469696968793869
Cn1c(=O)n(C)c2cc(C(=O)c3ccccc3)ccc21,0,LFYCNQSFDUQWME-UHFFFAOYSA-N,LFYCNQSFDUQWME,PubChem,605217,,kav_test.csv,0,64.1%,0.470588237047195
C[N+](C)(C)c1cc2c(nn1)Nc1ccccc1S2,1,IDDSKENHGJTBEQ-UHFFFAOYSA-N,IDDSKENHGJTBEQ,PubChem,409879,,kav_test.csv,0,51.0%,0.470588237047195
O=C(Nc1ccccc1C(=O)O)c1cncc(Br)c1,1,VUHWWFKVIDQADJ-UHFFFAOYSA-N,VUHWWFKVIDQADJ,PubChem,805036,,kav_test.csv,0,54.9%,0.470588237047195
O=C(CN1CCN(c2cccc(Cl)c2)CC1)Nc1nccs1,0,HCPYLYDGDDKUGO-UHFFFAOYSA-N,HCPYLYDGDDKUGO,PubChem,1443692,,kav_test.csv,1,65.2%,0.471698105335236
CN(C)S(=O)(=O)c1ccc(C(=O)OCc2ccc([N+](=O)[O-])cc2)cc1,0,BMRWHWTVMZTRET-UHFFFAOYSA-N,BMRWHWTVMZTRET,PubChem,2410123,,kav_test.csv,0,57.4%,0.47272726893425
COc1cccc(/C=C/C(=O)OCCN2C(=O)c3ccccc3C2=O)c1,0,SEUZMYASVYWVKW-MDZDMXLPSA-N,SEUZMYASVYWVKW,PubChem,6141652,,kav_test.csv,0,55.2%,0.47272726893425
CCN(CC)CCCNC(=O)c1ccc(S(=O)(=O)Nc2ccc(C)c(C)c2)cc1,0,YPYHBGQXUDPGFS-UHFFFAOYSA-N,YPYHBGQXUDPGFS,PubChem,2480970,,kav_test.csv,1,60.8%,0.47272726893425
CCN1C[C@]2(CO)CCC(OC)[C@]34C5C[C@@H]6C(OC)C[C@@](O)(C5[C@H]6O)[C@](O)(C13)[C@H](OC)C24,0,NCFXPSTWPUGLEA-PCDDXAEGSA-N,NCFXPSTWPUGLEA,"Didziapetris et al., 2016",,,eval_set_herg_60.csv,0,61.2%,0.472972959280014
CCCC(=O)Nc1ccc(NC(=O)c2ccco2)cn1,0,RJIJSAVUDTYITF-UHFFFAOYSA-N,RJIJSAVUDTYITF,PubChem,652785,,kav_test.csv,0,58.6%,0.473684221506119
COc1cccc(NC(=O)Cc2ccc(C)cc2)c1,0,HAEKSIYYADPCJA-UHFFFAOYSA-N,HAEKSIYYADPCJA,PubChem,891048,,kav_test.csv,0,51.3%,0.473684221506119
Cc1ccccc1S(=O)(=O)Cc1ccc(C(=O)NC2CCCCC2)o1,0,WVZUWHHZXPRUPB-UHFFFAOYSA-N,WVZUWHHZXPRUPB,PubChem,16007809,,kav_test.csv,1,50.8%,0.473684221506119
CC(O)(c1cc(Cl)c(NC(=O)CC2CCCCC2)c(Cl)c1)C(F)(F)F,1,ZAGKILKOITVECB-UHFFFAOYSA-N,ZAGKILKOITVECB,US Patent,,,eval_set_herg_60.csv,1,52.5%,0.474576264619827
O=C(c1cccc(Cl)c1)N1CCN(Cc2ccncc2)CC1,0,WOMPQVFKCKXUQZ-UHFFFAOYSA-N,WOMPQVFKCKXUQZ,PubChem,652899,,kav_test.csv,1,71.3%,0.474576264619827
O=C(Nc1ccc(Br)cc1)Nn1cnnc1,0,HJQGGEOOKIXBOY-UHFFFAOYSA-N,HJQGGEOOKIXBOY,PubChem,18807513,,kav_test.csv,0,55.1%,0.474999994039536
COc1ccc(C(=O)CCc2ccc(OC)c(OC)c2)cc1,0,PWDBSXLUZSVYHG-UHFFFAOYSA-N,PWDBSXLUZSVYHG,PubChem,902146,,kav_test.csv,1,53.6%,0.474999994039536
COc1ccc(-c2cnnn2-c2ccc(NC(=O)/C=C/c3ccc(OC)c(OC)c3)cc2)cc1,0,PNRFSLCNWNBSIH-PJQLUOCWSA-N,PNRFSLCNWNBSIH,PubChem,5868600,,kav_test.csv,1,61.8%,0.475409835577011
COc1ccccc1CNC(=O)Cc1cc(=O)[nH]c(=O)[nH]1,0,FYSYCTVYOYVCMB-UHFFFAOYSA-N,FYSYCTVYOYVCMB,PubChem,2149990,,kav_test.csv,0,54.5%,0.475409835577011
COc1ccc2c(c1)c(=O)c(C(=O)O)c(-c1ccc3c(c1)OCO3)n2C,0,QHGWVYQPFKYXMQ-UHFFFAOYSA-N,QHGWVYQPFKYXMQ,PubChem,1043976,,kav_test.csv,0,60.0%,0.476190477609634
Cc1cc2c3c([n+](C)c4cc(CN)ccc4c3c1)-c1ccccc1N2C,0,VQAPRZXSTQAINR-UHFFFAOYSA-N,VQAPRZXSTQAINR,"Didziapetris et al., 2016",,,eval_set_herg_60.csv,1,52.4%,0.476190477609634
CCOc1ccccc1NC(=O)Cn1c(=O)oc2ccccc21,0,UJSHFUKDRCJQII-UHFFFAOYSA-N,UJSHFUKDRCJQII,PubChem,893575,,kav_test.csv,0,60.6%,0.476190477609634
O=C(NCCN1CCOCC1)c1ccc2c(c1)N(Cc1ccccc1)C(=O)c1ccccc1S2,0,NQXLEHFHXFBTHL-UHFFFAOYSA-N,NQXLEHFHXFBTHL,PubChem,5186441,,kav_test.csv,1,69.8%,0.476190477609634
Fc1ccc(C(c2ccc(F)cc2)N2CCNCC2)cc1,1,TTXIFFYPVGWLSE-UHFFFAOYSA-N,TTXIFFYPVGWLSE,"Didziapetris et al., 2016",,,eval_set_herg_60.csv,1,59.0%,0.477272719144821
CCCCNc1ccc(C(=O)OCCN(C)C)cc1.Cl,0,GKCBAIGFKIBETG-UHFFFAOYSA-N,PPWHTZKZQNXVAE,PubChem,8695,,eval_set_herg_70.csv,0,50.4%,0.477272719144821
CCc1ccc(-n2c(SCc3c(C)noc3C)nnc2-c2ccncc2)cc1,0,AAWLDWVROYHWLN-UHFFFAOYSA-N,AAWLDWVROYHWLN,PubChem,2405577,,kav_test.csv,1,71.7%,0.47826087474823
CCOCC(=O)N1CCN(c2cccc(Cl)c2)CC1,0,DGBFRCGWRMUYGD-UHFFFAOYSA-N,DGBFRCGWRMUYGD,PubChem,2162986,,kav_test.csv,1,52.6%,0.47826087474823
COc1cccc(CNC(=O)c2cccc(Br)c2)c1,0,LGJLHRSQPSZSJI-UHFFFAOYSA-N,LGJLHRSQPSZSJI,PubChem,3367693,,kav_test.csv,1,52.6%,0.479166656732559
C[C@H]1CN(c2c(F)c(N)c3c(c2F)[N+](C2CC2)=CC(C(=O)[O-])C3=O)C[C@@H](C)[NH2+]1,0,ZYKYNFRMWCELGH-SLHIUPAKSA-O,ZYKYNFRMWCELGH,"Konda et al., 2019",,,eval_set_herg_60.csv,0,75.2%,0.479999989271164
O=C1c2cccc3cccc(c23)C(=O)C1(O)O,1,JYCIBUOSCBHKCM-UHFFFAOYSA-N,JYCIBUOSCBHKCM,PubChem,1042814,,kav_test.csv,0,58.3%,0.479999989271164
CCCCOCCOC(=O)COc1nc(Cl)c(Cl)cc1Cl,0,IVDRCZNHVGQBHZ-UHFFFAOYSA-N,IVDRCZNHVGQBHZ,PubChem,47455,,eval_set_herg_70.csv,0,59.4%,0.480769217014313
C[C@H](CS)C(=O)N1CCC[C@H]1C(=O)O,0,FAKRSMQSSFJEIM-RQJHMYQMSA-N,FAKRSMQSSFJEIM,"Doddareddy et al., 2010",,,eval_set_herg_60.csv,0,81.2%,0.480769217014313
O=C1C=CC(=O)N1c1cccc(N2C(=O)C=CC2=O)c1,0,IPJGAEWUPXWFPL-UHFFFAOYSA-N,IPJGAEWUPXWFPL,PubChem,18156,,eval_set_herg_70.csv,0,59.5%,0.481481492519379
O=C(COc1ccc(Cl)cc1Cl)NCCCNC(=O)c1cnccn1,0,BWJLCOSZRPWDQW-UHFFFAOYSA-N,BWJLCOSZRPWDQW,PubChem,6498608,,kav_test.csv,0,54.2%,0.481481492519379
Cc1c(C(=O)OCC(=O)c2ccc3c(c2)OCCO3)oc2ccccc12,0,LGGICADJPQLUSF-UHFFFAOYSA-N,LGGICADJPQLUSF,PubChem,2997991,,kav_test.csv,1,51.3%,0.481481492519379
CCOC(=O)c1c(C)[nH]c(C(=O)COC(=O)c2oc3ccccc3c2C)c1C,0,AUVWJFLRDNLLII-UHFFFAOYSA-N,AUVWJFLRDNLLII,PubChem,2434694,,kav_test.csv,0,55.1%,0.481481492519379
O=C(c1c(O)cc(O)cc1O)[C@@H]1c2c(cc(O)c3c2O[C@H](c2ccc(O)cc2)[C@@H](O)C3)O[C@H]1c1ccc(O)cc1,0,YXPCHLHMGOFXRA-XFHCXTFBSA-N,YXPCHLHMGOFXRA,PubChem,44144307,,kav_test.csv,0,50.5%,0.482142865657806
COc1cccc(-n2c(SCC(=O)NC3CCCC3)nnc2-c2ccco2)c1,0,SJGKERCFIJFIND-UHFFFAOYSA-N,SJGKERCFIJFIND,PubChem,1432513,,kav_test.csv,1,56.4%,0.482352942228317
CCOC(=O)N1CCN(C(=O)CN(c2ccccc2)S(C)(=O)=O)CC1,0,QSIRVRKPQXLKIJ-UHFFFAOYSA-N,QSIRVRKPQXLKIJ,PubChem,2279498,,kav_test.csv,0,64.5%,0.483333319425583
COCCC(=O)N1CCC(Oc2ccc(C(=O)NC3Cc4ccccc4C3)cc2)CC1,0,XHJMSOITCUOHIU-UHFFFAOYSA-N,XHJMSOITCUOHIU,PubChem,24790239,,kav_test.csv,1,63.7%,0.483870953321457
Cc1c(CC(=O)O)c2cc(F)ccc2n1S(=O)(=O)c1ccc(S(C)(=O)=O)cc1,0,HKLGBZGYRPIFOH-UHFFFAOYSA-N,HKLGBZGYRPIFOH,"Doddareddy et al., 2010",,,eval_set_herg_60.csv,0,52.7%,0.483870953321457
N#CN=C(NCc1ccccc1)NN1CCC(CNc2ncccn2)CC1,1,ZDRPBJDDRMAOKL-UHFFFAOYSA-N,ZDRPBJDDRMAOKL,"Didziapetris et al., 2016",,,eval_set_herg_60.csv,1,61.4%,0.483870953321457
CNC[C@@H](c1ccc(Cl)c(Cl)c1)[C@@H](OC)c1cccc(NS(=O)(=O)C(F)(F)F)c1,1,BXBUTKPGTGJGTQ-YOEHRIQHSA-N,BXBUTKPGTGJGTQ,US Patent,,,eval_set_herg_60.csv,1,58.7%,0.484375
CCOC(=O)c1sc(NC(=O)CN2C(=O)c3cccc4cccc(c34)C2=O)nc1C,0,SBOHWOGOWLBEDG-UHFFFAOYSA-N,SBOHWOGOWLBEDG,PubChem,2929913,,kav_test.csv,0,55.9%,0.484375
Cc1ccc(C(=O)Sc2cccccc2=O)cc1,1,PRJAFFSLMQEXNC-UHFFFAOYSA-N,PRJAFFSLMQEXNC,PubChem,917183,,kav_test.csv,0,69.9%,0.484848499298096
Clc1ccc(C2(Cn3cncn3)CC(Br)CO2)c(Cl)c1,0,HJJVPARKXDDIQD-UHFFFAOYSA-N,HJJVPARKXDDIQD,PubChem,3444,,eval_set_herg_70.csv,1,50.1%,0.484848499298096
COc1ccc(/C=C/C(=O)Nc2cccc(S(=O)(=O)N3CCCC3)c2)cc1OC,0,YKFYGOAKUMCMCN-PKNBQFBNSA-N,YKFYGOAKUMCMCN,PubChem,6269458,,kav_test.csv,0,51.8%,0.485294103622437
Nc1ccc(Oc2ccc(Cl)cc2)cc1,0,YTISFYMPVILQRL-UHFFFAOYSA-N,YTISFYMPVILQRL,PubChem,7578,,eval_set_herg_70.csv,0,66.8%,0.485714286565781
N=C(Nc1ccc(OCCCCCOc2ccc(NC(=N)c3ccccc3)cc2)cc1)c1ccccc1,1,PETGITKEGWIZEL-UHFFFAOYSA-N,PETGITKEGWIZEL,"Didziapetris et al., 2016",,,eval_set_herg_60.csv,1,64.1%,0.486486494541168
COCC(=O)NNC(=O)c1ccc(OC)cc1,0,RKQNAJWPFMPVCZ-UHFFFAOYSA-N,RKQNAJWPFMPVCZ,PubChem,3127331,,kav_test.csv,0,58.6%,0.487179487943649
Cc1cc(C)n(-c2cc(NC(=O)Cc3ccc(S(C)(=O)=O)cc3)nc(-c3ccccn3)n2)n1,1,ZKEREZNJKGRMFY-UHFFFAOYSA-N,ZKEREZNJKGRMFY,"Doddareddy et al., 2010",,,eval_set_herg_60.csv,0,53.0%,0.487179487943649
Cc1nccnc1/C(C(=O)O)=C1/C=CC(=O)C(c2ncnc3cc(N4CCOCC4)ccc23)=C1,0,VDDZZCZXKACKKC-CJLVFECKSA-N,VDDZZCZXKACKKC,US Patent,,,eval_set_herg_60.csv,0,71.9%,0.488095223903656
COc1c([C@H](C)n2nc(C)c3c(N)ncnc32)cc(Cl)c(C#N)c1C1CN(C[C@H](C)O)C1,1,KLKCQNBHXXLCHY-AAEUAGOBSA-N,KLKCQNBHXXLCHY,PubChem,89420800,31749910,kav_test.csv,0,50.6%,0.488372087478638
CC(C)Cc1ccc([C@H](C)C(=O)O)cc1,1,HEFNNWSXXWATRW-JTQLQIEISA-N,HEFNNWSXXWATRW,"Didziapetris et al., 2016",,,eval_set_herg_60.csv,0,82.8%,0.488372087478638
COc1ccc(S(=O)(=O)Nc2ccc3c(c2)OCO3)cc1,0,CVVMLFWUNMQWGQ-UHFFFAOYSA-N,CVVMLFWUNMQWGQ,PubChem,868942,,kav_test.csv,0,58.6%,0.488888889551163
Cn1cc(-c2ccc(F)c(C(F)(F)F)c2)nc1C1CCN(c2ncnc(N)c2-c2ccc(F)cc2)CC1,1,RYMJKFCEWNTOSX-UHFFFAOYSA-N,RYMJKFCEWNTOSX,PubChem,89442482,34481987,kav_test.csv,1,77.1%,0.488888889551163
Clc1ccc2nsnc2c1NC1=NCCN1,0,XFYDIVBRZNQMJC-UHFFFAOYSA-N,XFYDIVBRZNQMJC,"Didziapetris et al., 2016",,,eval_set_herg_60.csv,0,51.7%,0.488888889551163
CCN(CC)C(=O)N1CCC(NC(=O)c2ccccc2)CC1,0,FJAALUHBKKYTMI-UHFFFAOYSA-N,FJAALUHBKKYTMI,PubChem,645319,,kav_test.csv,0,58.0%,0.489795923233032
CN(C/C=C/C#CC(C)(C)C)Cc1cccc2ccccc12,0,DOMXUEMWDBAQBQ-WEVVVXLNSA-N,DOMXUEMWDBAQBQ,PubChem,1549008,,eval_set_herg_70.csv,1,62.1%,0.489795923233032
COc1cc(/C=C2\C(=O)NC(=O)N=C2O)ccc1O,0,HOHGWOUABYDGBN-UHFFFAOYSA-N,HOHGWOUABYDGBN,PubChem,5285333,,kav_test.csv,0,55.0%,0.489795923233032
O=C1OC2(c3ccc([O-])cc3Oc3cc([O-])ccc32)c2ccccc21.[Na+].[Na+],1,GNBHRKFJIUUOQI-UHFFFAOYSA-L,RGPLGPBQJOQFJS,PubChem,9885981,,eval_set_herg_70.csv,0,52.8%,0.490566045045853
O=C(CC(=O)c1ccccc1)O[C@H]1CN2CCC1CC2,1,IIAUBPLJCDXVKI-HNNXBMFYSA-N,IIAUBPLJCDXVKI,PubChem,416907,,kav_test.csv,1,51.3%,0.490909099578857
CN1C(=O)CN=C(c2ccccc2)c2cc(Cl)ccc21,0,AAOVKJBEBIDNHE-UHFFFAOYSA-N,AAOVKJBEBIDNHE,"Doddareddy et al., 2010",,,eval_set_herg_70.csv,1,52.4%,0.491525411605835
CC(c1ccc([N+](=O)[O-])cc1)N1C[C@H](N)[C@H](C(=O)N2CCCC2)C1,0,FVEPPGNZFFPAJK-AGIABQAESA-N,FVEPPGNZFFPAJK,"Didziapetris et al., 2016",,,eval_set_herg_60.csv,0,56.1%,0.492063492536545
O=C1CN=C(c2ccccc2)c2cc(Cl)ccc2N1CC1CC1,0,MWQCHHACWWAQLJ-UHFFFAOYSA-N,MWQCHHACWWAQLJ,PubChem,4890,,eval_set_herg_70.csv,1,64.4%,0.492063492536545
CN(C)C[C@H]1CCc2cc(NC(=O)c3ccc(-c4ccc(F)cc4)cc3)ccc2C1,1,GXAQELJVODWLDD-SFHVURJKSA-N,GXAQELJVODWLDD,"Didziapetris et al., 2016",,,eval_set_herg_60.csv,1,82.2%,0.49230769276619
CC(=O)Nc1ccc(CN2CCC[C@@H](C(=O)c3cccc(C(F)(F)F)c3)C2)cc1,0,VDOVRAAWZVZWPS-GOSISDBHSA-N,VDOVRAAWZVZWPS,PubChem,16191631,,kav_test.csv,1,76.8%,0.492753624916077
N#C[C@@H]1CCCN1C(=O)[C@@H]1CN(C2CCOc3ccccc32)C[C@@H]1N,0,GKUBXAODDPGLFL-FZVDNZMDSA-N,GKUBXAODDPGLFL,"Didziapetris et al., 2016",,,eval_set_herg_60.csv,0,52.6%,0.492753624916077
CCN1CC2(COC)CCC(O)C34C5CC6C(OC)CC(O)(C5C6O)C(C(O)C23)C14,0,FNRMXORIKJLSGX-UHFFFAOYSA-N,FNRMXORIKJLSGX,"Didziapetris et al., 2016",,,eval_set_herg_70.csv,0,71.4%,0.49295774102211
CCC(C)(C)n1nnnc1[C@@H](c1ccccc1F)N1CCN(C(=O)c2ccco2)CC1,0,UFNCWLPFWPSKTI-LJQANCHMSA-N,UFNCWLPFWPSKTI,PubChem,3209166,,kav_test.csv,0,52.3%,0.493506491184235
COc1ccc([C@@H]2CC(=O)c3c(O)cc(O)cc3O2)cc1O,0,AIONOLUJZLIMTK-AWEZNQCLSA-N,AIONOLUJZLIMTK,"Didziapetris et al., 2016",,,eval_set_herg_70.csv,0,56.1%,0.5
Cc1ccccc1N1N/C(=c2/c(-c3ccc(F)cc3)nn3c2=NC[C@@H](CO)C3)C=CC1=O,0,LKQIFMKIEJDTEJ-BWORXHKJSA-N,LKQIFMKIEJDTEJ,"Konda et al., 2019",,,eval_set_herg_60.csv,0,56.4%,0.5
Cc1cccc(C)c1NC(=O)CN(C)C(=O)c1ccccc1Cc1ccccc1,0,VOSZMAUZXPQAIX-UHFFFAOYSA-N,VOSZMAUZXPQAIX,PubChem,24980513,,kav_test.csv,1,55.8%,0.5
Cc1ccc(NC(=O)c2ccccc2OCC(=O)c2ccccc2)cc1,0,YUOLLRXQAODKMA-UHFFFAOYSA-N,YUOLLRXQAODKMA,PubChem,1218650,,kav_test.csv,1,53.4%,0.5
CCC(=O)N1CCc2cc(OC)c(O)cc2C1,0,BEDYMEDICHGLSE-UHFFFAOYSA-N,BEDYMEDICHGLSE,"Didziapetris et al., 2016",,,eval_set_herg_60.csv,0,64.3%,0.5
N#Cc1cnc(Nc2ccncn2)s1,1,SMNGUXOKYVUIRA-UHFFFAOYSA-N,SMNGUXOKYVUIRA,PubChem,21934605,16368234,kav_test.csv,0,59.2%,0.5
CC(=O)Nc1ccc(C#Cc2ccc(NC(C)=O)cc2)cc1,0,ZVJCAZYCLGOEGI-UHFFFAOYSA-N,ZVJCAZYCLGOEGI,PubChem,1488788,,kav_test.csv,0,54.5%,0.5
CN(C)C1CCC2(Cc3ccccc3Cc3ccccc32)C1,1,IYDOAHOHMRQFTJ-UHFFFAOYSA-N,IYDOAHOHMRQFTJ,"Didziapetris et al., 2016",,,eval_set_herg_70.csv,1,80.0%,0.5
CN1CCC(N(Cc2ccccc2)c2ccccc2)CC1,1,VZSXTYKGYWISGQ-UHFFFAOYSA-N,VZSXTYKGYWISGQ,PubChem,72075,,eval_set_herg_70.csv,1,76.0%,0.5
Cc1cc(C(C)(C)C)c(OCCCN2CCOCC2)c(C(C)(C)C)c1,1,DPITWIYSULDYSE-UHFFFAOYSA-N,DPITWIYSULDYSE,PubChem,409110,,kav_test.csv,0,55.1%,0.5
O=C1OC2(c3ccccc31)c1ccc(O)c(Br)c1Oc1c2ccc(O)c1Br,0,ZDTNHRWWURISAA-UHFFFAOYSA-N,ZDTNHRWWURISAA,PubChem,11689,,eval_set_herg_70.csv,1,58.6%,0.5
COc1cc(/C=N/NC(=S)N[C@@H]2C[C@H]3C[C@@H]2[C@@H]2C=CC[C@H]32)ccc1O,0,NTMXTSMAUQTNMD-GLXPEQDNSA-N,NTMXTSMAUQTNMD,PubChem,135520585,,kav_test.csv,1,50.6%,0.5
CC(=O)Oc1ccccc1C(=O)O,0,BSYNRYMUTXBXSQ-UHFFFAOYSA-N,BSYNRYMUTXBXSQ,"Didziapetris et al., 2016",,,eval_set_herg_60.csv,0,64.7%,0.5
COc1cc(/C=N/NC(N)=S)cc(Br)c1OCc1ccccc1F,0,DWEHQOULYWLDKU-DNTJNYDQSA-N,DWEHQOULYWLDKU,PubChem,5349697,,kav_test.csv,1,64.9%,0.5
COc1ccc(NC(=O)CCCCC(=O)Nc2ccc(OC)cc2)cc1,0,LTWMCKPNZGIMBG-UHFFFAOYSA-N,LTWMCKPNZGIMBG,PubChem,579577,,kav_test.csv,1,52.5%,0.5
O=[N+]([O-])c1ccc(COP(=O)(O)OCc2ccc([N+](=O)[O-])cc2)cc1,0,JSPSCIMSQMTXFU-UHFFFAOYSA-N,JSPSCIMSQMTXFU,PubChem,23723149,,kav_test.csv,0,54.5%,0.5
CC(C)CN1CC2CN(CC(C)C)CC(C1)C21CCCCC1,0,AKDSILHOBDFVFX-UHFFFAOYSA-N,AKDSILHOBDFVFX,"Doddareddy et al., 2010",,,eval_set_herg_60.csv,1,59.3%,0.5
Clc1ccccc1CN1CCOCC1,0,OPXOMKDSNYMMTQ-UHFFFAOYSA-N,OPXOMKDSNYMMTQ,"Didziapetris et al., 2016",,,eval_set_herg_60.csv,0,67.4%,0.5
CC1CCOC1(c1ccc(-c2cnc(N)cn2)cc1)c1ccc(C(=O)NCC(C)(C)O)nc1,0,LMXIPLIXSFTUTJ-UHFFFAOYSA-N,LMXIPLIXSFTUTJ,"Didziapetris et al., 2016",,,eval_set_herg_60.csv,0,56.5%,0.506329119205475
COc1ccc(CN2CCN(CC(=O)Nc3ccccc3C(=O)NC3CC3)CC2)cc1F,1,MSEAXLMTSMRDRV-UHFFFAOYSA-N,MSEAXLMTSMRDRV,PubChem,16324430,,kav_test.csv,1,54.8%,0.506493508815765
CS(=O)(=O)Nc1ccc(OCC(=O)N2CCN(c3ccc(Cl)c(Cl)c3)CC2)cc1,1,FQRJEVZKXXYICG-UHFFFAOYSA-N,FQRJEVZKXXYICG,"Didziapetris et al., 2016",,,eval_set_herg_60.csv,1,62.1%,0.507692337036133
Cc1ncc2n1-c1ccc(Cl)cc1C(c1ccccc1F)=NC2,0,DDLIGBOFAVUZHB-UHFFFAOYSA-N,DDLIGBOFAVUZHB,"Didziapetris et al., 2016",,,eval_set_herg_60.csv,1,72.1%,0.507936537265778
Cc1c(NC(=O)c2cc(-c3cccc(Cl)c3)on2)c(=O)n(-c2ccccc2)n1C,0,KFFBJUIAEGSJSM-UHFFFAOYSA-N,KFFBJUIAEGSJSM,PubChem,15988899,,kav_test.csv,1,58.8%,0.507936537265778
Cc1ccc(-c2noc(CCC(=O)NC3CCN(Cc4ccccc4)CC3)n2)cc1,0,ZUYQYWRFKRNDAV-UHFFFAOYSA-N,ZUYQYWRFKRNDAV,PubChem,3244370,,kav_test.csv,1,83.8%,0.508474588394165
CN(C)CCc1c[nH]c2ccc(CS(=O)(=O)N3CCCC3)cc12,0,WKEMJKQOLOHJLZ-UHFFFAOYSA-N,WKEMJKQOLOHJLZ,PubChem,123606,,eval_set_herg_70.csv,1,63.5%,0.508474588394165
Cn1ccc2c(N(Cc3ccccc3)C3CCNCC3)cccc21,0,YWPKYJALPZQETH-UHFFFAOYSA-N,YWPKYJALPZQETH,"Didziapetris et al., 2016",,,eval_set_herg_60.csv,1,80.2%,0.509090900421143
CN1CCC(N(Cc2cccs2)c2ccccc2)CC1,1,KLOHYVOVXOUKQI-UHFFFAOYSA-N,KLOHYVOVXOUKQI,PubChem,27901,,eval_set_herg_70.csv,1,67.4%,0.509090900421143
CC1CCN(c2ccc3c(c2)S(=O)(=O)c2ccccc2C3=O)CC1,0,JETQDUBHADSBQE-UHFFFAOYSA-N,JETQDUBHADSBQE,PubChem,24747248,,kav_test.csv,1,61.0%,0.509803950786591
O=C(N/N=C1/C(=O)c2cccc3cccc1c23)c1ccc(Cl)cc1,1,NFLMKMJDUCVJOE-HEHNFIMWSA-N,NFLMKMJDUCVJOE,PubChem,5690151,,kav_test.csv,1,59.0%,0.510204076766968
O[C@@H](COC(c1ccccc1)c1ccccc1)CN1CCCCC1,1,AQTPJCPHKJCIRX-HXUWFJFHSA-N,AQTPJCPHKJCIRX,PubChem,2929919,,kav_test.csv,1,58.1%,0.51111114025116
Oc1ccccc1CN1CCCN(Cc2ccccc2O)C1,1,DTQFEZKWSNPMLU-UHFFFAOYSA-N,DTQFEZKWSNPMLU,PubChem,745587,,kav_test.csv,1,52.5%,0.511627912521362
COc1cc(N)c(Cl)cc1C(=O)NCC1CCN(CCCn2ccnn2)CC1,0,AULLTYAISZREAX-UHFFFAOYSA-N,AULLTYAISZREAX,"Didziapetris et al., 2016",,,eval_set_herg_60.csv,1,73.1%,0.512195110321045
CCON=C(c1ccc(Br)cc1)C1CCN(C2(C)CCN(C(=O)c3c(C)cc[n+]([O-])c3C)CC2)CC1,1,ZGDKVKUWTCGYOA-UHFFFAOYSA-N,ZGDKVKUWTCGYOA,"Doddareddy et al., 2010",,,eval_set_herg_60.csv,1,68.0%,0.512499988079071
COc1ccc(-c2cc(C(F)(F)F)c(C#N)c(SCC(=O)Nc3ccc(C)cc3)n2)cc1,0,BXCISXLHYJJQOI-UHFFFAOYSA-N,BXCISXLHYJJQOI,PubChem,1023309,,kav_test.csv,1,57.4%,0.512499988079071
CN1CCOCC1c1nc(C(=O)NCc2ccc(F)cc2)c(O)c(=O)n1C,0,MMPZNODECHHWIW-UHFFFAOYSA-N,MMPZNODECHHWIW,"Doddareddy et al., 2010",,,eval_set_herg_60.csv,0,67.1%,0.513513505458832
C/C(NNC(=O)c1cccc(S(=O)(=O)N2CCOCC2)c1)=C1/C=C(Cl)C=CC1=O,1,ZVVCYRYDHNYAPV-GHRIWEEISA-N,ZVVCYRYDHNYAPV,"Konda et al., 2019",,,eval_set_herg_60.csv,1,50.2%,0.513888895511627
CCC1=C(C[C@H]2NCCc3cc(OC)c(OC)cc32)C[C@@H]2c3ccccc3CCN2C1,1,GAUYNTGXYGJOSH-JWQCQUIFSA-N,GAUYNTGXYGJOSH,PubChem,421495,,kav_test.csv,1,79.4%,0.514705896377564
c1ccc(CNc2ccccn2)cc1,0,WYHXNQXDQQMTQI-UHFFFAOYSA-N,WYHXNQXDQQMTQI,PubChem,2830234,,kav_test.csv,0,84.4%,0.515151500701904
CCOC(=O)Cc1csc(NC(=O)c2c(-c3ccccc3)noc2C)n1,0,WKPOSSFBZYPLHN-UHFFFAOYSA-N,WKPOSSFBZYPLHN,PubChem,1164511,,kav_test.csv,0,58.0%,0.515151500701904
CC(CC(c1ccccc1)c1ccccc1)[N+]C(C)(C)C,1,MMMVCRCPRDJPIZ-UHFFFAOYSA-N,MMMVCRCPRDJPIZ,"Doddareddy et al., 2010",,,eval_set_herg_60.csv,1,71.1%,0.515151500701904
C=CC(=O)OCCOc1ccccc1,0,RZVINYQDSSQUKO-UHFFFAOYSA-N,RZVINYQDSSQUKO,PubChem,39485,,eval_set_herg_70.csv,0,78.2%,0.516129016876221
Cc1ccc(NC(=O)c2ccc(CN3CCN(C)CC3)cc2)cc1Nc1nccc(-c2cccnc2)n1,0,KTUFNOKKBVMGRW-UHFFFAOYSA-N,KTUFNOKKBVMGRW,"Didziapetris et al., 2016",,,eval_set_herg_60.csv,1,68.8%,0.516853928565979
CCCOC(=S)NC(=O)c1sc2ccccc2c1Cl,1,MQXGDOLOVNTENR-UHFFFAOYSA-N,MQXGDOLOVNTENR,PubChem,2227579,,kav_test.csv,1,51.3%,0.517241358757019
Fc1ccc2[nH]c3c(N4CCN(C5CCCCC5)CC4)ncnc3c2c1,0,UMFRQKUSTIIENF-UHFFFAOYSA-N,UMFRQKUSTIIENF,PubChem,659873,,kav_test.csv,1,73.2%,0.517241358757019
CNS(=O)(=O)Cc1ccc2[nH]cc(CCN(C)C)c2c1,0,KQKPFRSPSRPDEB-UHFFFAOYSA-N,KQKPFRSPSRPDEB,"Didziapetris et al., 2016",,,eval_set_herg_70.csv,1,51.6%,0.517857134342194
O=C(NCCN1CCOCC1)c1cccc(S(=O)(=O)N2CCCCCC2)c1,1,RGJCUWKSKJYBOS-UHFFFAOYSA-N,RGJCUWKSKJYBOS,PubChem,1292590,,kav_test.csv,0,53.6%,0.518518507480621
CCOC(=O)c1ccc(NC(=O)CN2CCCCC2)cc1,0,QLGIFPJNYPWBMQ-UHFFFAOYSA-N,QLGIFPJNYPWBMQ,PubChem,3300,,kav_test.csv,0,62.5%,0.519230782985687
Cc1cc2ncccc2cc1Nc1ncc2c(n1)n([C@H]1CCN(C)C1)c(=O)n2C,1,BKFQDJSERMBSAM-HNNXBMFYSA-N,BKFQDJSERMBSAM,PubChem,146275572,35978693,kav_test.csv,0,50.1%,0.519480526447296
C[C@H](CO)N1C[C@H](C)[C@@H](CN(C)C(=O)Nc2ccccc2)Oc2ccc(NC(=O)Nc3ccc4c(c3)OCO4)cc2C1=O,1,CUWDESPABRXLHR-TWUWCHPWSA-N,CUWDESPABRXLHR,PubChem,44202315,,kav_test.csv,1,55.5%,0.519999980926514
CC(=O)Nc1ccc(C(=O)NCCCSc2ccccc2)cc1,0,MVSFWCHEKWICQS-UHFFFAOYSA-N,MVSFWCHEKWICQS,PubChem,24686181,,kav_test.csv,1,50.9%,0.520833313465118
COc1ccc(NC(=O)c2nc3ccccc3s2)cc1,0,AMWCIUSDQZXUTB-UHFFFAOYSA-N,AMWCIUSDQZXUTB,PubChem,724615,,kav_test.csv,1,58.0%,0.520833313465118
CCc1ccc(CN2CCC(Oc3cc(C(=O)NC4CC4)ccc3OC)CC2)cc1,1,BVQFANAMKZOEBJ-UHFFFAOYSA-N,BVQFANAMKZOEBJ,PubChem,42356660,,kav_test.csv,1,85.2%,0.521126747131348
C=CC(=O)[O-].CCCC[Sn+](CCCC)CCCC,1,YSUXTNDMKYYZPR-UHFFFAOYSA-M,YSUXTNDMKYYZPR,PubChem,16683072,,eval_set_herg_70.csv,1,50.9%,0.52173912525177
O=C(O)c1ccccc1C(=O)N1CC=C(c2ccccc2)CC1,0,OGRFDILVSOTYEZ-UHFFFAOYSA-N,OGRFDILVSOTYEZ,PubChem,3244695,,kav_test.csv,0,65.1%,0.52173912525177
C=C(C)C(=O)[O-].CCCC[Sn+](CCCC)CCCC,1,LPUCKLOWOWADAC-UHFFFAOYSA-M,LPUCKLOWOWADAC,PubChem,16682828,,eval_set_herg_70.csv,1,50.3%,0.52173912525177
CCN(CC)S(=O)(=O)c1ccc(C(=O)Nc2cccc(C)c2)cc1,0,ZHOBTTMDDDVHRW-UHFFFAOYSA-N,ZHOBTTMDDDVHRW,PubChem,2311986,,kav_test.csv,0,52.8%,0.522727251052856
Oc1c(/N=N/C(=S)Nc2ccccc2F)c2ccccc2n1Cc1cccc(Cl)c1,1,YFDVIUYECSKAOK-CYYJNZCTSA-N,YFDVIUYECSKAOK,PubChem,4135481,,kav_test.csv,1,73.7%,0.523076951503754
NC(c1cc(Cl)c(NC(=O)NCc2ccc(C(F)(F)F)nc2)c(Cl)c1)C(F)(F)F,1,WYRSKUBUFKBAFT-UHFFFAOYSA-N,WYRSKUBUFKBAFT,US Patent,,,eval_set_herg_60.csv,1,63.0%,0.523809552192688
COc1ccc(C(=O)N[C@@H]2CCSC2=O)cc1,0,KDMDZQGYABXYLE-SNVBAGLBSA-N,KDMDZQGYABXYLE,PubChem,2842700,,kav_test.csv,0,61.8%,0.524999976158142
CN(C)CCOc1ccccc1Cc1ccccc1.O=C(O)CC(O)(CC(=O)O)C(=O)O,1,ZZYHCCDMBJTROG-UHFFFAOYSA-N,ZZYHCCDMBJTROG,PubChem,298107,,eval_set_herg_70.csv,1,51.3%,0.52542370557785
COc1ccc(OC)c(NC(=O)C(=O)NNC(=O)[C@]23C[C@H]4C[C@H](C[C@H](C4)C2)C3)c1,1,QBTVZZLUGKEYOR-GCHHLULHSA-N,QBTVZZLUGKEYOR,PubChem,2869281,,kav_test.csv,0,57.3%,0.526315808296204
CN(C)c1ccc(C(=O)OCC(=O)NC2CCCCCC2)cc1,0,VLJKAQPMZUVCPF-UHFFFAOYSA-N,VLJKAQPMZUVCPF,PubChem,2370496,,kav_test.csv,0,56.4%,0.526315808296204
CN(C)Cc1c(-c2ccncc2)n(-c2ccc(Cl)cc2)c2cnccc12,1,GONCOLJMAFSBKX-UHFFFAOYSA-N,GONCOLJMAFSBKX,US Patent,,,eval_set_herg_60.csv,1,71.2%,0.526315808296204
N[C@H]1CN(C(=O)c2cc3cc(Cl)ccc3o2)C[C@H]1C(=O)N1CCCC1,0,OXMNNXNJYBRVAW-KGLIPLIRSA-N,OXMNNXNJYBRVAW,"Didziapetris et al., 2016",,,eval_set_herg_60.csv,0,59.9%,0.526315808296204
COc1cc(NC2CN(CCCF)C2)ccc1[C@@H]1[C@@H]2CC[C@H]3NNC[C@H]3[C@@H]2C[C@@H](C)N1CC(F)(F)F,1,RDULJYLGDASJTL-FNJNVWBGSA-N,RDULJYLGDASJTL,PubChem,137554001,,kav_test.csv,1,63.5%,0.52747255563736
CC(Cc1ccccc1)[N+]CCC(c1ccccc1)c1ccccc1,1,WXPOYNLWAIDRCF-UHFFFAOYSA-N,WXPOYNLWAIDRCF,"Doddareddy et al., 2010",,,eval_set_herg_60.csv,1,83.4%,0.527777791023254
Cc1cccc(C)c1NC(=S)NC(=O)c1ccc(Br)o1,1,SQPHTEHKMSXMNR-UHFFFAOYSA-N,SQPHTEHKMSXMNR,PubChem,2234382,,kav_test.csv,1,60.6%,0.528301894664764
c1ccc(CN(c2cccc3sccc23)C2CCNCC2)cc1,1,YWBYAAXIALYEHT-UHFFFAOYSA-N,YWBYAAXIALYEHT,"Didziapetris et al., 2016",,,eval_set_herg_60.csv,1,84.1%,0.528301894664764
Cc1cccc(C)c1NC(=O)C1CCCC[N+]1CC1CC1,0,FPYCEXHFFXGXBX-UHFFFAOYSA-N,FPYCEXHFFXGXBX,"Doddareddy et al., 2010",,,eval_set_herg_60.csv,0,81.8%,0.529411792755127
CCCC[Sn](Cl)(CCCC)CCCC,1,GCTFWCDSFPMHHS-UHFFFAOYSA-M,GCTFWCDSFPMHHS,PubChem,15096,,eval_set_herg_70.csv,0,82.2%,0.529411792755127
CCCC[Sn](Cl)(Cl)CCCC,0,RJGHQTVXGKYATR-UHFFFAOYSA-L,RJGHQTVXGKYATR,PubChem,12688,,eval_set_herg_70.csv,0,82.9%,0.529411792755127
Nc1ccc(C(=O)OCCCOC(=O)c2ccc(N)cc2)cc1,0,YPACMOORZSDQDQ-UHFFFAOYSA-N,YPACMOORZSDQDQ,PubChem,93312,,eval_set_herg_70.csv,0,57.8%,0.529411792755127
O=C(c1ccncc1)N1CCN(C2CCCCC2)CC1,0,VQNGPERVKJMHDR-UHFFFAOYSA-N,VQNGPERVKJMHDR,PubChem,2879989,,kav_test.csv,1,50.5%,0.53191488981247
COc1ccc(CCN(C)C[C@@H](O)COc2c(C)ccc(C)c2C)cc1OC,0,IDMYKBZPXFQCOW-HXUWFJFHSA-N,IDMYKBZPXFQCOW,PubChem,4852471,,kav_test.csv,1,74.6%,0.53191488981247
COc1ccc2c(c1OC)CN(C)CCc1cc3c(cc1C(=O)C2)OCO3,0,HYBRYAPKQCZIAE-UHFFFAOYSA-N,HYBRYAPKQCZIAE,"Didziapetris et al., 2016",,,eval_set_herg_60.csv,1,59.6%,0.532258093357086
CC(=O)NC(=O)C1CCC(c2ncc(-c3cccc(Br)c3)[nH]2)CC1,1,FCTXLBYUGYESOW-UHFFFAOYSA-N,FCTXLBYUGYESOW,"Konda et al., 2019",,,eval_set_herg_60.csv,1,65.0%,0.532258093357086
CC1Sc2c(C(=O)O)c(=O)c3cc(F)c(N4CCNCC4)cc3n21,0,SUXQDLLXIBLQHW-UHFFFAOYSA-N,SUXQDLLXIBLQHW,"Didziapetris et al., 2016",,,eval_set_herg_70.csv,0,75.9%,0.532258093357086
COCCN(C)c1ncc(-c2nc3ccncc3n2-c2ccc(C)cc2)cn1,1,QPDXCTUIFSTHQD-UHFFFAOYSA-N,QPDXCTUIFSTHQD,US Patent,,,eval_set_herg_60.csv,1,74.0%,0.532258093357086
C/C(=C\c1cccnc1)c1nc2cc(C)c(C)cc2n1Cc1ccc(Cl)cc1,1,MXQTZBCTXYVYLZ-WOJGMQOQSA-N,MXQTZBCTXYVYLZ,US Patent,,,eval_set_herg_60.csv,1,83.0%,0.533333361148834
CCNC(=O)NCCNC(=O)c1cc(OCC(F)(F)F)ccc1OCC(F)(F)F,0,IQMFDINOKRHQBF-UHFFFAOYSA-N,IQMFDINOKRHQBF,PubChem,3753554,,kav_test.csv,1,58.4%,0.533333361148834
CC(=O)Nc1ccc(O)cc1,0,RZVAJINKPMORJF-UHFFFAOYSA-N,RZVAJINKPMORJF,"Didziapetris et al., 2016",,,eval_set_herg_60.csv,0,64.3%,0.533333361148834
Cc1cnc(-c2ccc3c(c2)CCN(CCCSC2=NN/C(=C4/C=c5ccccc5=N4)N2C)CC3)o1,1,HLOHOIBPGQBARU-OCEACIFDSA-N,HLOHOIBPGQBARU,"Konda et al., 2019",,,eval_set_herg_60.csv,1,83.2%,0.535714268684387
COc1cc(-c2nc(-c3ccc4c(c3)-c3ccccc3S4(=O)=O)c(-c3ccccc3)[nH]2)cc(OC)c1OC,0,UFXUKFNVPKUKDK-UHFFFAOYSA-N,UFXUKFNVPKUKDK,PubChem,3132241,,kav_test.csv,1,56.6%,0.535714268684387
C(C#CCCCCCCCCC[n+]1ccccc1)#CCCCCCCCCC[n+]1ccccc1,0,GHTYFUBURBRYOK-UHFFFAOYSA-N,GHTYFUBURBRYOK,PubChem,24761675,,kav_test.csv,1,54.9%,0.535714268684387
Cc1ccc(CC2(O)CCN(CCOc3ccc(O)cc3)CC2)cc1,1,VKMFDKYCIKEDMR-UHFFFAOYSA-N,VKMFDKYCIKEDMR,"Didziapetris et al., 2016",,,eval_set_herg_60.csv,1,69.8%,0.535714268684387
Fc1ccc(-n2cc(Cc3cc[nH]n3)nn2)cc1C(F)F,1,XCUYCJFGWDLGRI-UHFFFAOYSA-N,XCUYCJFGWDLGRI,US Patent,,,eval_set_herg_60.csv,1,79.2%,0.535714268684387
O=C(NCc1ccc(C(F)(F)F)cc1)c1c2ccccc2c(O)n1CCc1ccccn1,1,IVCYNCDWMOVALN-UHFFFAOYSA-N,IVCYNCDWMOVALN,PubChem,CUPID,,kav_test.csv,1,66.2%,0.536231875419617
COC[C@H](CCc1ccc(Cl)c(Cl)c1)N1Cc2ccc(F)cc2C1,1,GAVBLSFCTDBORN-KRWDZBQOSA-N,GAVBLSFCTDBORN,US Patent,,,eval_set_herg_60.csv,1,89.5%,0.537037014961243
Cn1cc(Cn2cc(-c3cccc(S(C)(=O)=O)c3)cn2)cn1,1,WMUAUDVHENODTB-UHFFFAOYSA-N,WMUAUDVHENODTB,US Patent,,,eval_set_herg_70.csv,1,62.5%,0.537037014961243
CCCn1c(N)nc2ccccc21,0,MGKUHRRJQCKXOW-UHFFFAOYSA-N,MGKUHRRJQCKXOW,PubChem,799602,,kav_test.csv,0,65.7%,0.538461565971375
Fc1ccc(C2(c3ccc(F)cc3)CN=C(c3cnccn3)N2)cc1,1,MGAGGIYVXPYGLM-UHFFFAOYSA-N,MGAGGIYVXPYGLM,"Konda et al., 2019",,,eval_set_herg_60.csv,1,83.2%,0.538461565971375
Fc1ccc(-c2cnc([C@@H]3CCc4[nH]c5ccccc5c4C3)[nH]2)cc1,1,IGJWTYHRIZMAFP-CQSZACIVSA-N,IGJWTYHRIZMAFP,PubChem,122179448,,eval_set_herg_70.csv,1,76.8%,0.539682567119598
Cc1nc2ccccc2n1[C@@H]1C[C@H]2COC[C@@H](C1)N2C,1,KICCGGGRQKPBIH-BTTYYORXSA-N,KICCGGGRQKPBIH,"Doddareddy et al., 2010",,,eval_set_herg_60.csv,1,66.8%,0.539682567119598
NCC1(O)CCN(c2cc(F)c(F)c(Oc3cccc(F)c3)c2)CC1,1,RZKJUZNVAKAQIB-UHFFFAOYSA-N,RZKJUZNVAKAQIB,US Patent,,,eval_set_herg_70.csv,1,61.6%,0.539682567119598
CC(C)(C)CC(C)(C)c1ccc(O)cc1,0,ISAVYTVYFVQUDY-UHFFFAOYSA-N,ISAVYTVYFVQUDY,PubChem,8814,,eval_set_herg_70.csv,0,90.6%,0.541666686534882
COc1ccc(CCN(C)CCCN2CCc3cc(OC)c(OC)cc3CC2=O)cc1OC.Cl,1,KEDQCFRVSHYKLR-UHFFFAOYSA-N,ZRNKXJHEQKMWCH,PubChem,3045335,,eval_set_herg_70.csv,1,74.9%,0.541666686534882
C[N+]1CCCCC1c1c(-c2ccccc2)[nH]c2ccccc12,1,FRVUOTVOYLJPCA-UHFFFAOYSA-N,FRVUOTVOYLJPCA,"Doddareddy et al., 2010",,,eval_set_herg_60.csv,1,85.2%,0.541666686534882
O=C1NC(=O)C(c2c[nH]c3ccccc23)=C1c1c[nH]c2ccccc12,0,DQYBRTASHMYDJG-UHFFFAOYSA-N,DQYBRTASHMYDJG,"Didziapetris et al., 2016",,,eval_set_herg_60.csv,0,51.5%,0.541666686534882
Oc1ccc(Cl)cc1Cl,0,HFZWRUODUSTPEG-UHFFFAOYSA-N,HFZWRUODUSTPEG,PubChem,8449,,kav_test.csv,0,71.6%,0.541666686534882
C[C@@H](n1cnc2cc(Cl)ccc2c1=O)[C@](O)(Cn1cncn1)c1ccc(F)cc1F,0,UHIXWHUVLCAJQL-MPBGBICISA-N,UHIXWHUVLCAJQL,"Didziapetris et al., 2016",,,eval_set_herg_60.csv,0,55.6%,0.542857170104981
COC(=O)NNC(=O)CCCOc1ccc(Cl)cc1Cl,0,JRNXDZBWHGUERF-UHFFFAOYSA-N,JRNXDZBWHGUERF,PubChem,1787961,,kav_test.csv,0,70.5%,0.54347825050354
COc1ccc(-c2cnc(C(C)(C)N)[nH]2)cc1,0,SDCXTUBNZMRVIX-UHFFFAOYSA-N,SDCXTUBNZMRVIX,PubChem,65459575,,eval_set_herg_70.csv,0,66.8%,0.54347825050354
COc1ccc(CCCOC(Cn2ccnc2)c2ccc(OC)cc2)cc1,1,HLMBXBGDBBCYII-UHFFFAOYSA-N,HLMBXBGDBBCYII,"Didziapetris et al., 2016",,,eval_set_herg_60.csv,1,85.8%,0.543859660625458
C[C@@H]1CCCC[C@H]1NC(=S)NC(=O)c1cccs1,1,VKIZTLLBEBMLGG-NXEZZACHSA-N,VKIZTLLBEBMLGG,PubChem,3474248,,kav_test.csv,1,51.9%,0.545454561710358
Cc1cc(NC(=O)c2cccs2)no1,0,CSNHUYLTHDWJQS-UHFFFAOYSA-N,CSNHUYLTHDWJQS,PubChem,670281,,kav_test.csv,0,52.0%,0.545454561710358
Cl.Cl.c1ccc(CNCCNCc2ccccc2)cc1,0,JUHORIMYRDESRB-UHFFFAOYSA-N,NZBGFGGNLREHFL,PubChem,2728761,,eval_set_herg_70.csv,0,62.0%,0.545454561710358
CC(C)Cc1ccc(C(C)C(=O)NS(C)(=O)=O)cc1,1,KQDRVXQXKZXMHP-UHFFFAOYSA-N,KQDRVXQXKZXMHP,"Didziapetris et al., 2016",,,eval_set_herg_60.csv,0,64.1%,0.545454561710358
Nc1nnc(-c2ccc(C3(c4ccc(OCc5ccccn5)cc4)CCCO3)cn2)o1,0,IPJNVOACZCOOQN-UHFFFAOYSA-N,IPJNVOACZCOOQN,"Didziapetris et al., 2016",,,eval_set_herg_60.csv,1,61.3%,0.54666668176651
CS(=O)(=O)Nc1ccc(OCC(O)CNCCOc2ccc(-n3ccnc3)cc2)cc1,1,QZWUQVSQIFFFKY-UHFFFAOYSA-N,QZWUQVSQIFFFKY,"Didziapetris et al., 2016",,,eval_set_herg_60.csv,1,61.4%,0.546875
CC(C)N1CCC(Nc2ccc3[nH]c(C(=O)N4CCCCC4)cc3c2)CC1,0,ATHXSUUALPPPJV-UHFFFAOYSA-N,ATHXSUUALPPPJV,"Didziapetris et al., 2016",,,eval_set_herg_60.csv,1,60.9%,0.546875
O=C(NC(=S)Nc1ccccc1F)c1ccc(Br)o1,1,YOFPXMHUJMMTEK-UHFFFAOYSA-N,YOFPXMHUJMMTEK,PubChem,895560,,kav_test.csv,1,52.7%,0.547169804573059
CCCCCCc1ccc(O)cc1O,0,WFJIVOKAWHGMBH-UHFFFAOYSA-N,WFJIVOKAWHGMBH,PubChem,3610,,eval_set_herg_70.csv,0,84.8%,0.548387110233307
CC[C@@H](C(=O)N1CCN(c2cccc(Cl)c2)CC1)c1ccccc1,0,GPVLHZKWWXNMLG-LJQANCHMSA-N,GPVLHZKWWXNMLG,PubChem,3845886,,kav_test.csv,1,69.7%,0.549019634723663
NC(=O)C12CC3CC(C1)C(NC(=O)C1SCCN1S(=O)(=O)c1ccccc1F)C(C3)C2,0,WIDBTZLJSHUYHO-UHFFFAOYSA-N,WIDBTZLJSHUYHO,"Didziapetris et al., 2016",,,eval_set_herg_70.csv,0,63.1%,0.549295783042908
Cn1cc(-c2nc3c(N4CCN(Cc5cccnc5)CC4)c(Br)cnc3[nH]2)cn1,1,KLCAJPNNJWCSJD-UHFFFAOYSA-N,KLCAJPNNJWCSJD,CUPID,CUPID,,kav_test.csv,1,62.8%,0.549295783042908
CC[C@H]1C[C@H]2CN3CCc4c([nH]c5ccc(OC)cc45)C(C(=O)OC)(C2)[C@H]13,1,MMAYTCMMKJYIAM-HRAXFBLQSA-N,MMAYTCMMKJYIAM,"Didziapetris et al., 2016",,,eval_set_herg_70.csv,1,58.4%,0.549295783042908
CCCCCCCCCCCCC/C=C/[C@@H](O)[C@H](CO)NC(C)=O,0,BLTCBVOJNNKFKC-QUDYQQOWSA-N,BLTCBVOJNNKFKC,"Didziapetris et al., 2016",,,eval_set_herg_60.csv,0,89.5%,0.550000011920929
CCCCN(CCCC)CCCOC(=O)c1ccc(N)cc1,1,HQFWVSGBVLEQGA-UHFFFAOYSA-N,HQFWVSGBVLEQGA,PubChem,2480,,eval_set_herg_70.csv,1,51.8%,0.550000011920929
CN1CCN(c2ccc(C(=O)Nc3cc(-c4ccncc4)ccc3N)nc2)CC1,0,LILLLPCBSKFLTE-UHFFFAOYSA-N,LILLLPCBSKFLTE,US Patent,,,eval_set_herg_70.csv,1,59.2%,0.550724625587463
Clc1ccc(-c2cnn(Cc3cn4ccccc4n3)c2)cc1,1,WQTXJFYTZBONCP-UHFFFAOYSA-N,WQTXJFYTZBONCP,US Patent,,,eval_set_herg_60.csv,1,81.6%,0.551020383834839
c1ccc(-c2sc3ccccc3c2-c2ccc(OCCN3CCCC3)cc2)cc1,0,ZLJCFEHKTHXYOP-UHFFFAOYSA-N,ZLJCFEHKTHXYOP,PubChem,44202267,,kav_test.csv,1,83.6%,0.551020383834839
CC(C)(C)c1ccc(O)c(C(C)(C)C)c1,0,ICKWICRCANNIBI-UHFFFAOYSA-N,ICKWICRCANNIBI,PubChem,7311,,eval_set_herg_70.csv,0,93.6%,0.551724135875702
N#Cc1ccc2c(c1)CCC2N1C[C@H](N)[C@H](C(=O)N2CCC[C@H]2C#N)C1,1,FUERRNCGMWRRBE-WSQYJPPESA-N,FUERRNCGMWRRBE,"Didziapetris et al., 2016",,,eval_set_herg_60.csv,0,53.8%,0.552238821983337
CCOc1nc(C(=O)Nc2ccc[n+](C)c2)cc(N)c1C#N,0,ONYSJEFYBAEJEU-UHFFFAOYSA-O,ONYSJEFYBAEJEU,"Doddareddy et al., 2010",,,eval_set_herg_60.csv,0,62.7%,0.552238821983337
O=C(COc1ccc(Cl)cc1)NCCN1CCCC1,0,LFCHKKPPZPEOPN-UHFFFAOYSA-N,LFCHKKPPZPEOPN,PubChem,3052206,,kav_test.csv,0,56.4%,0.553191483020783
Cc1ccc(S(=O)(=O)NCCn2nc(C)cc2C)cc1,0,CCLWKHBFIWNJRW-UHFFFAOYSA-N,CCLWKHBFIWNJRW,PubChem,6499784,,kav_test.csv,0,54.6%,0.553571403026581
Fc1ccc(C(OCCN2CCCC2)c2nncn2Cc2ccccc2)cc1,1,ZWZLOTRNIARCOD-UHFFFAOYSA-N,ZWZLOTRNIARCOD,"Didziapetris et al., 2016",,,eval_set_herg_60.csv,1,86.6%,0.553571403026581
Cc1c(F)c(N2CC[NH2+][C@H](C)C2)cc2c1C(=O)C(C(=O)[O-])C=[N+]2C1CC1,0,HWQPKBLZEKRMGK-VUUHIHSGSA-O,HWQPKBLZEKRMGK,"Konda et al., 2019",,,eval_set_herg_60.csv,0,82.2%,0.554054081439972
Fc1ccc2[nH]c3c(N4CCN(c5ccccc5)CC4)ncnc3c2c1,0,SYOWPIWWSKIYGB-UHFFFAOYSA-N,SYOWPIWWSKIYGB,PubChem,659453,,kav_test.csv,1,71.6%,0.555555582046509
Cc1cccc(CN2CCN(C(c3ccccc3)c3ccc(Cl)cc3)CC2)c1.Cl.Cl,1,OCJYIGYOJCODJL-UHFFFAOYSA-N,VCTHNOIYJIXQLV,PubChem,64713,,eval_set_herg_70.csv,1,76.6%,0.555555582046509
CCCCCCCCCCCCc1ccccc1O,0,CYEJMVLDXAUOPN-UHFFFAOYSA-N,CYEJMVLDXAUOPN,PubChem,171144,,eval_set_herg_70.csv,0,84.0%,0.555555582046509
Nc1ccccc1NC(=O)c1ccc2nc(N3CCNCC3)ccc2c1,0,BSYRUCVRUZESMD-UHFFFAOYSA-N,BSYRUCVRUZESMD,US Patent,,,eval_set_herg_70.csv,1,66.4%,0.555555582046509
CN(C)[C@@H](CNC(=O)C1CCN(S(=O)(=O)c2ccc(Cl)cc2)CC1)c1ccccc1,0,ROWOXZNIKZCTJD-NRFANRHFSA-N,ROWOXZNIKZCTJD,PubChem,4885526,,kav_test.csv,1,63.7%,0.555555582046509
O=C(O)c1cc([N+](=O)[O-])ccc1Nc1ccccc1,0,DOTLBHVBCHNOAA-UHFFFAOYSA-N,DOTLBHVBCHNOAA,PubChem,6096776,,kav_test.csv,0,59.1%,0.555555582046509
Nc1ccc(-c2ccco2)cc1NC(=O)c1ccc2nc(N3CCNCC3)ccc2c1,1,YWEQSQFXPQSOOT-UHFFFAOYSA-N,YWEQSQFXPQSOOT,US Patent,,,eval_set_herg_70.csv,1,69.0%,0.557142853736877
N[C@H]1CN(Cc2ccc(F)c(F)c2)C[C@H]1C(=O)N1CCCC1,0,ZEWAIPRWPQISNU-DOMZBBRYSA-N,ZEWAIPRWPQISNU,"Didziapetris et al., 2016",,,eval_set_herg_60.csv,0,62.0%,0.5573770403862
C[C@@H](NCc1ccccc1O)[C@]12C[C@H]3C[C@H](C[C@H](C3)C1)C2,0,DMDVDEHNWMBMDZ-RUEZSYAVSA-N,DMDVDEHNWMBMDZ,PubChem,2886270,,kav_test.csv,0,68.2%,0.558139562606812
CC(C)(C[C@@](O)(Cc1cc2ccncc2[nH]1)C(F)(F)F)c1cc(F)ccc1O,1,JFUAWXPBHXKZGA-IBGZPJMESA-N,JFUAWXPBHXKZGA,"Didziapetris et al., 2016",,,eval_set_herg_60.csv,0,57.3%,0.558823525905609
Fc1cccc(Oc2cc(C(F)(F)F)nc(N3CCC4NCCCC4C3)n2)c1,1,SKEFXGBGLIGVDP-UHFFFAOYSA-N,SKEFXGBGLIGVDP,US Patent,,,eval_set_herg_60.csv,1,79.7%,0.558823525905609
Nc1cnc(COc2ccc(C3(c4ccc(-c5nnco5)nc4)CCCO3)cc2)cn1,0,ABPVDVWWLANDBC-UHFFFAOYSA-N,ABPVDVWWLANDBC,"Didziapetris et al., 2016",,,eval_set_herg_60.csv,0,51.0%,0.560000002384186
O=C1C=CC(=O)N1c1ccccc1,0,HIDBROSJWZYGSZ-UHFFFAOYSA-N,HIDBROSJWZYGSZ,PubChem,13662,,eval_set_herg_70.csv,0,71.5%,0.560000002384186
O=C(c1cc(-c2ccncc2)nc2ccccc12)N1CCN(Cc2ccccc2)CC1,0,FOQDWHNMZXFFBI-UHFFFAOYSA-N,FOQDWHNMZXFFBI,PubChem,4261993,,kav_test.csv,1,76.5%,0.560606062412262
O=C(OCc1ccccc1)N1CCC(Cc2nc3ccccc3[nH]2)CC1,1,LDGHTELTCNTBIY-UHFFFAOYSA-N,LDGHTELTCNTBIY,"Didziapetris et al., 2016",,,eval_set_herg_60.csv,1,73.4%,0.561403512954712
O=C(NCc1ccc(OCC(F)(F)F)cc1)c1c2ccccc2c(O)n1CCc1ccccn1,1,MHRJXQZZEPQJEY-UHFFFAOYSA-N,MHRJXQZZEPQJEY,PubChem,CUPID,,kav_test.csv,1,62.4%,0.561643838882446
CCS(=O)(=O)N1CC(CC#N)(n2cc(-c3ncnc4[nH]ccc34)cc2C#N)C1,0,MJNRVLDPXSZXRB-UHFFFAOYSA-N,MJNRVLDPXSZXRB,US Patent,,,eval_set_herg_60.csv,0,85.6%,0.561643838882446
COc1ccc(CNc2cc(C)nc3ccc(OC)cc23)cc1,0,AGGRIJMWCXMZIX-UHFFFAOYSA-N,AGGRIJMWCXMZIX,PubChem,4827389,,kav_test.csv,1,67.7%,0.5625
CC(=O)N1CCc2nc(-c3ccc(OCCCN4CCC[C@H]4C)cc3)sc2C1,1,BVHNVGSFGLCREV-MRXNPFEDSA-N,BVHNVGSFGLCREV,"Didziapetris et al., 2016",,,eval_set_herg_60.csv,1,59.2%,0.563380300998688
Cn1nccc1Cc1cn(-c2ccc(F)c(Cl)c2)nn1,1,OMQQLDITRYIEHZ-UHFFFAOYSA-N,OMQQLDITRYIEHZ,US Patent,,,eval_set_herg_60.csv,1,85.2%,0.563636362552643
Cc1c(O)c(=O)ccn1-c1ccc(OCCCN2CCCC2)cc1,0,GLYIJXKREAPDJO-UHFFFAOYSA-N,GLYIJXKREAPDJO,"Didziapetris et al., 2016",,,eval_set_herg_60.csv,1,57.1%,0.563636362552643
CC(C)OC(=O)N1CCC(n2ncc3c(Oc4ccc(S(C)(=O)=O)cc4)ncnc32)CC1,1,HJDCUVZLLHFFAQ-UHFFFAOYSA-N,HJDCUVZLLHFFAQ,PubChem,44469819,24412066,kav_test.csv,1,57.4%,0.564102590084076
CCC(C)(C)c1ccc(O)cc1,0,NRZWYNLTFLDQQX-UHFFFAOYSA-N,NRZWYNLTFLDQQX,PubChem,6643,,eval_set_herg_70.csv,0,86.5%,0.56521737575531
Clc1ccc(Oc2ccccc2)cc1,0,PGPNJCAMHOJTEF-UHFFFAOYSA-N,PGPNJCAMHOJTEF,PubChem,23436,,eval_set_herg_70.csv,0,89.9%,0.56521737575531
Cc1cccc(C)c1NC(=O)CC12CCC[N+]1CCC2,0,MNVNPNBWOHKKPU-UHFFFAOYSA-N,MNVNPNBWOHKKPU,"Doddareddy et al., 2010",,,eval_set_herg_60.csv,0,69.1%,0.56521737575531
Fc1ccc(C(OCCCc2c[nH]cn2)c2ccc(F)cc2)cc1,1,SNICMGDUOVKOPQ-UHFFFAOYSA-N,SNICMGDUOVKOPQ,"Konda et al., 2019",,,eval_set_herg_60.csv,1,78.2%,0.56521737575531
c1ccc([C@@H]2OCCNC[C@H]2c2ccc3ccccc3c2)cc1,0,STZQQINBQFSEJJ-SFTDATJTSA-N,STZQQINBQFSEJJ,US Patent,,,eval_set_herg_60.csv,1,63.4%,0.56521737575531
O=c1cc[nH+]c(NCC2CCN(c3nc4ccccc4n3Cc3ccc(F)cc3)CC2)[nH]1,1,AVTBWIUBCJLMAN-UHFFFAOYSA-O,AVTBWIUBCJLMAN,"Konda et al., 2019",,,eval_set_herg_60.csv,1,72.5%,0.567567586898804
CCn1c(N)nc2ccccc21,0,AQOCOHSUICOLQL-UHFFFAOYSA-N,AQOCOHSUICOLQL,PubChem,595193,,kav_test.csv,0,62.7%,0.567567586898804
CC(C)(C)c1ccc(CN2CCN([C@H](c3ccccc3)c3ccc(Cl)cc3)CC2)cc1,1,MOYGZHXDRJNJEP-HHHXNRCGSA-N,MOYGZHXDRJNJEP,PubChem,6729,,kav_test.csv,1,84.1%,0.568181812763214
CC(C)(C)c1ccc(CN2CCN(C(c3ccccc3)c3ccc(Cl)cc3)CC2)cc1.Cl.Cl,1,MOYGZHXDRJNJEP-UHFFFAOYSA-N,SDBHDSZKNVDKNU,PubChem,65463,,eval_set_herg_70.csv,1,76.4%,0.568181812763214
Cc1ccc(CC(=O)N2CCC(CCNc3ncccn3)CC2)cc1,1,VSSRALNHWPBCRX-UHFFFAOYSA-N,VSSRALNHWPBCRX,"Didziapetris et al., 2016",,,eval_set_herg_60.csv,1,80.0%,0.568965494632721
Clc1ccc(C2(Cn3cncn3)OCCO2)c(Cl)c1,1,AKNQMEBLVAMSNZ-UHFFFAOYSA-N,AKNQMEBLVAMSNZ,PubChem,43233,,eval_set_herg_70.csv,1,53.5%,0.568965494632721
CC(=O)CNC(=O)C1CCC(c2nc(-c3cccc(Br)c3)c[nH]2)CC1,1,FHTXCGJNDDPSQI-UHFFFAOYSA-N,FHTXCGJNDDPSQI,"Didziapetris et al., 2016",,,eval_set_herg_60.csv,1,60.7%,0.569230794906616
O=[N+]([O-])c1ccc(CBr)cc1,0,VOLRSQPSJGXRNJ-UHFFFAOYSA-N,VOLRSQPSJGXRNJ,PubChem,66011,,eval_set_herg_70.csv,0,64.0%,0.571428596973419
C[C@]12CC[C@@H]3[C@H]4CCC(=O)C=C4CC[C@H]3[C@@H]1CC[C@@H]2OC(=O)CCC1CCCCC1,0,TXLCJMHILCSZJG-QNTYDACNSA-N,TXLCJMHILCSZJG,PubChem,101905,,eval_set_herg_70.csv,0,82.4%,0.571428596973419
O=C(NCc1ccc(OC(F)(F)F)cc1)c1c2cccc(F)c2c(O)n1CCc1ccccn1,1,XNOCLPXSXPEQFI-UHFFFAOYSA-N,XNOCLPXSXPEQFI,PubChem,CUPID,,kav_test.csv,1,65.2%,0.571428596973419
CN(C/C=C/c1ccccc1)Cc1cccc2ccccc12.Cl,1,OZGNYLLQHRPOBR-DHZHZOJOSA-N,OLUNPKFOFGZHRT,PubChem,5281098,,eval_set_herg_70.csv,0,54.3%,0.571428596973419
O=C1OC2(c3ccccc31)c1cc(Br)c(O)c(Br)c1Oc1c2cc(Br)c(O)c1Br,0,DBZJJPROPLPMSN-UHFFFAOYSA-N,DBZJJPROPLPMSN,PubChem,27020,,eval_set_herg_70.csv,1,59.0%,0.571428596973419
CC(C)(C)c1cc(O)ccc1O,0,BGNXCDMCOKJUMV-UHFFFAOYSA-N,BGNXCDMCOKJUMV,PubChem,16043,,eval_set_herg_70.csv,0,76.1%,0.571428596973419
NS(=O)(=O)c1ccc(/N=N/c2c(O)[nH]c(=S)[nH]c2=O)cc1,0,OKJJVMOPDPFNIF-CCEZHUSRSA-N,OKJJVMOPDPFNIF,PubChem,1943596,,kav_test.csv,0,50.3%,0.571428596973419
CN(C)C(=O)COc1ccc2c(c1)C[C@@H](NC[C@H](O)c1ccc(O)c(CCO)c1)CC2,1,OANCEOSLKSTLTA-REWPJTCUSA-N,OANCEOSLKSTLTA,"Didziapetris et al., 2016",,,eval_set_herg_60.csv,1,50.1%,0.571428596973419
CC(NC(=O)c1c2ccccc2c(O)n1CCc1ccccn1)c1ccc(OCC(F)(F)F)cc1,1,ULDZQHNUQKFMEU-UHFFFAOYSA-N,ULDZQHNUQKFMEU,CUPID,CUPID,,kav_test.csv,1,64.4%,0.571428596973419
CCC[N+](CCC)(CCC)CCC,0,OSBSFAARYOCBHB-UHFFFAOYSA-N,OSBSFAARYOCBHB,"Didziapetris et al., 2016",,,eval_set_herg_60.csv,0,78.6%,0.571428596973419
COC(=O)N1CC[C@H](N(Cc2cccc(F)c2F)c2ccc(C#N)c(Cl)c2)C1,1,FKSOCJRHXHEXDT-INIZCTEOSA-N,FKSOCJRHXHEXDT,"Didziapetris et al., 2016",,,eval_set_herg_60.csv,1,61.1%,0.573333323001862
O=C(NCc1ccc(OC(F)(F)F)cc1)c1c2ccccc2c(O)n1CCc1ccc(F)cn1,1,KEKNLUOOAJVYEY-UHFFFAOYSA-N,KEKNLUOOAJVYEY,PubChem,CUPID,,kav_test.csv,1,63.4%,0.573333323001862
Cc1cc2c3c([n+](C)c4cc(NC(=O)CC[S@@+](C)[O-])ccc4c3c1)-c1ccccc1N2C,0,DYHXKBFENQGZBU-JGCGQSQUSA-O,DYHXKBFENQGZBU,"Didziapetris et al., 2016",,,eval_set_herg_60.csv,1,56.8%,0.573529422283173
Cc1nc2ccccc2n1Cc1cn(-c2ccc(Cl)c(Cl)c2)nn1,1,NBDNSJRTVZQEOU-UHFFFAOYSA-N,NBDNSJRTVZQEOU,US Patent,,,eval_set_herg_60.csv,1,82.5%,0.57407408952713
CCOc1ccc(C(=O)OCCN(CC)CC)cc1,0,OWWVHQUOYSPNNE-UHFFFAOYSA-N,OWWVHQUOYSPNNE,PubChem,7183,,eval_set_herg_70.csv,0,68.1%,0.574468076229096
CCCCN(CCCC)CC[C@H](O)c1cc2c(Cl)cc(Cl)cc2c2c1=CC[C@H](C(F)(F)F)C=2,1,LEKUJLQQZVXLAU-GKVSMKOHSA-N,LEKUJLQQZVXLAU,"Doddareddy et al., 2010",,,eval_set_herg_60.csv,1,82.7%,0.575757563114166
CCN1CC2(C)CCC(O)C34C5CC6C(OC)CC(O)(C(CC23)C14)C5C6O,0,HKQZUYOVMYOFIT-UHFFFAOYSA-N,HKQZUYOVMYOFIT,"Didziapetris et al., 2016",,,eval_set_herg_70.csv,0,77.0%,0.575757563114166
CC1CCN(C(=S)NC(=O)c2cccs2)CC1,1,PAXDYIXKAQKWHO-UHFFFAOYSA-N,PAXDYIXKAQKWHO,PubChem,829315,,kav_test.csv,1,54.8%,0.576923072338104
c1ccc(CN(c2cccc3[nH]ncc23)C2CCNCC2)cc1,1,NBUVTEUWOVUHAU-UHFFFAOYSA-N,NBUVTEUWOVUHAU,"Didziapetris et al., 2016",,,eval_set_herg_60.csv,1,73.3%,0.576923072338104
Fc1ccc(Nc2nc(N3CCOCC3)c3ccccc3n2)cc1,0,NRYHKDJEPGDAGX-UHFFFAOYSA-N,NRYHKDJEPGDAGX,PubChem,2908004,,kav_test.csv,1,70.9%,0.576923072338104
CC(F)(C(=O)NS(C)(=O)=O)c1ccc(OS(=O)(=O)C(F)(F)F)cc1,1,OPUOULCEMAHGSK-UHFFFAOYSA-N,OPUOULCEMAHGSK,"Didziapetris et al., 2016",,,eval_set_herg_60.csv,1,61.7%,0.577777802944183
CC[C@@H]1CN2CCc3cc(OC)c(OC)cc3[C@H]2C[C@H]1CC1=NCCc2cc(OC)c(OC)cc21,0,FBRKYRSUSJWLHH-IOZGHAEBSA-N,FBRKYRSUSJWLHH,"Didziapetris et al., 2016",,,eval_set_herg_60.csv,1,68.1%,0.578125
C[C@@H]([C@@H](O)c1ccc2c(c1)CCC(O)N2)N1CCC(O)(c2ccccc2)CC1,1,LJMDQOSAVJNIPL-GWGYHSHPSA-N,LJMDQOSAVJNIPL,"Doddareddy et al., 2010",,,eval_set_herg_60.csv,1,62.5%,0.578125
C[C@@H]1Cc2c([nH]c3ccccc23)[C@@](C)(c2cccc(OCCNCCCF)c2)N1CC(F)(F)F,1,HDRWLCNLGWCVEP-IQGLISFBSA-N,HDRWLCNLGWCVEP,US Patent,,,eval_set_herg_60.csv,1,89.2%,0.578313231468201
COc1ccccc1N1CCN(CCN2C(=O)[C@H]3CCCN3C2=O)CC1,0,UEVUOKDPCMGICT-MRXNPFEDSA-N,UEVUOKDPCMGICT,PubChem,3510060,,kav_test.csv,1,62.5%,0.578947365283966
C[C@@H]1CCCN1CCc1ccc2cc(-n3ncccc3=O)ccc2c1,1,YBHLETUAEBDXIP-MRXNPFEDSA-N,YBHLETUAEBDXIP,"Didziapetris et al., 2016",,,eval_set_herg_60.csv,1,87.4%,0.578947365283966
Cc1cc(Cl)ccc1-c1nc2c(cc1-c1ccc(Cl)cc1)C(N=C(O)C(O)C(F)(F)F)CC(C)(C)O2,1,CHLLVQZFMABVHW-UHFFFAOYSA-N,CHLLVQZFMABVHW,"Konda et al., 2019",,,eval_set_herg_60.csv,1,70.6%,0.578947365283966
COc1ccc(-c2nc3ccccc3c(=O)n2CCN2CCOCC2)cc1,0,GBDOHTMVCUBAKN-UHFFFAOYSA-N,GBDOHTMVCUBAKN,PubChem,1249508,,kav_test.csv,1,66.8%,0.580645143985748
COc1ccccc1N1CCN(CCCC(=O)c2ccc(F)cc2)CC1,1,IRYFCWPNDIUQOW-UHFFFAOYSA-N,IRYFCWPNDIUQOW,PubChem,15139,,eval_set_herg_70.csv,1,86.9%,0.580645143985748
C[N+](C)CCOC(c1ccccc1)c1ccccc1,0,NDUDJADOYQLVBP-UHFFFAOYSA-N,NDUDJADOYQLVBP,"Doddareddy et al., 2010",,,eval_set_herg_60.csv,1,78.4%,0.580645143985748
c1ccc([C@]2(CCNCc3scc4c3CCC4)CCO[C@]3(CCOC3)C2)nc1,0,LTBSXKNJCNNQFE-DHIUTWEWSA-N,LTBSXKNJCNNQFE,US Patent,,,eval_set_herg_60.csv,1,70.0%,0.581081092357636
Cc1cc(Nc2ccc(Cl)cc2)n2nnnc2n1,0,HJTIWNXWLZCSPM-UHFFFAOYSA-N,HJTIWNXWLZCSPM,PubChem,3245617,,kav_test.csv,1,50.6%,0.583333313465118
CN1CCC(=C2c3ccccc3C(O)c3ccccc32)CC1,0,HLBRHTFSMMEHPK-UHFFFAOYSA-N,HLBRHTFSMMEHPK,PubChem,35758,,kav_test.csv,1,56.5%,0.583333313465118
Cc1c(C(=O)Nc2ccc([C@H]3CNCCO3)cc2)n[nH]c1-c1ccccc1,0,YXMBEECTJRWXGW-GOSISDBHSA-N,YXMBEECTJRWXGW,US Patent,,,eval_set_herg_70.csv,1,57.4%,0.584615409374237
OC(Cn1cncn1)(Cn1cncn1)c1ccc(F)cc1F,0,RFHAOTPXVQNOHP-UHFFFAOYSA-N,RFHAOTPXVQNOHP,"Didziapetris et al., 2016",,,eval_set_herg_60.csv,0,54.9%,0.584905683994293
O=[N+]([O-])c1ccc(CCl)cc1,0,KGCNHWXDPDPSBV-UHFFFAOYSA-N,KGCNHWXDPDPSBV,PubChem,7482,,eval_set_herg_70.csv,0,70.8%,0.586206912994385
CN(C)C[C@H](c1ccc2ccccc2c1)[C@H](N)c1ccccc1,0,UOYWGKDKOJANLM-NHCUHLMSSA-N,UOYWGKDKOJANLM,US Patent,,,eval_set_herg_70.csv,1,57.7%,0.58695650100708
CCn1cncc1Cn1cc(-c2ccc(Cl)cc2)cn1,1,LBYWWSCGWDYKNX-UHFFFAOYSA-N,LBYWWSCGWDYKNX,US Patent,,,eval_set_herg_70.csv,1,90.6%,0.58695650100708
O=C(c1ccc(Cl)cc1)C1CCN(CC(=O)N2CCCCC2)CC1,0,QHWSUDQDQNIREM-UHFFFAOYSA-N,QHWSUDQDQNIREM,PubChem,24792554,,kav_test.csv,1,63.9%,0.58695650100708
CN1CCN(c2ncc(C(=O)Nc3cc(-c4cccs4)ccc3N)s2)CC1,0,UFFPDLROZFWPBV-UHFFFAOYSA-N,UFFPDLROZFWPBV,US Patent,,,eval_set_herg_70.csv,1,64.0%,0.588235318660736
C[C@@H](Oc1cccc2ncnc(Nc3ccc4c(cnn4Cc4nccs4)c3)c12)C(=O)N1CCOCC1,0,RZPOCZHUFDCVQZ-QGZVFWFLSA-N,RZPOCZHUFDCVQZ,"Didziapetris et al., 2016",,,eval_set_herg_60.csv,1,54.3%,0.588888883590698
FC(F)c1cc(-c2cnn(Cc3ccn[nH]3)c2)ccc1Cl,1,GPZNPXAPAFLRLB-UHFFFAOYSA-N,GPZNPXAPAFLRLB,PubChem,118864313,,eval_set_herg_70.csv,1,92.5%,0.589285731315613
Cc1cc(/C=C/C(=O)c2cc3ccccc3s2)cc(C)c1OC(C)(C)C(=O)O,1,ZAJBALGZMIMWGY-MDZDMXLPSA-N,ZAJBALGZMIMWGY,US Patent,,,eval_set_herg_70.csv,1,56.5%,0.590163946151733
CCOC(=O)N1CCN(C(=O)[C@H](CCC(=O)O)NC(=O)c2cc(NC(=O)c3ccccc3)nc(-c3ccccc3)n2)CC1,0,GJPAJAUMHIACEQ-QFIPXVFZSA-N,GJPAJAUMHIACEQ,PubChem,12002005,25113932,kav_test.csv,1,61.9%,0.590361416339874
CC(C)(C)c1cc(O)c(C(C)(C)C)cc1O,0,JZODKRWQWUWGCD-UHFFFAOYSA-N,JZODKRWQWUWGCD,PubChem,2374,,eval_set_herg_70.csv,0,77.0%,0.590909063816071
COc1ccc(CN(CCc2c[nH]c3ccccc23)Cc2ccc(OC)cc2)cc1,1,WJVMMRROWJDULS-UHFFFAOYSA-N,WJVMMRROWJDULS,PubChem,394104,,kav_test.csv,1,85.5%,0.590909063816071
CCSCN(c1ccc(Cl)c(Cl)c1)C1CCNCC1,1,RCTBNUPUXPZKMD-UHFFFAOYSA-N,RCTBNUPUXPZKMD,"Didziapetris et al., 2016",,,eval_set_herg_70.csv,1,69.5%,0.591836750507355
CN1[C@H]2CCC[C@@H]1CN(CC(=O)c1nn(C)c3ccccc13)C2,1,IMGGWISNLMKMPR-OKILXGFUSA-N,IMGGWISNLMKMPR,"Doddareddy et al., 2010",,,eval_set_herg_60.csv,1,71.2%,0.592592597007752
COc1ccc(CCN(CCC[C@@](C)(C#N)c2ccc(OC)c(OC)c2)C(C)C)cc1OC,1,VYLABSMQLHGDJB-MHZLTWQESA-N,VYLABSMQLHGDJB,"Doddareddy et al., 2010",,,eval_set_herg_60.csv,1,91.4%,0.593220353126526
CS(=O)(=O)Nc1ccc(OCC(=O)NCCCc2ccc(Cl)c(Cl)c2)cc1,0,HJWGMEHOJPIGHZ-UHFFFAOYSA-N,HJWGMEHOJPIGHZ,"Didziapetris et al., 2016",,,eval_set_herg_60.csv,1,70.9%,0.593220353126526
CCc1[nH]nc(C(=O)Nc2ccc([C@H]3CNCCO3)cc2)c1C,0,XHHXGKRFUPEPFM-OAHLLOKOSA-N,XHHXGKRFUPEPFM,US Patent,,,eval_set_herg_70.csv,0,55.0%,0.593220353126526
Fc1cccc(Oc2cc(C(F)(F)F)nc(N3CCc4nc[nH]c4C3)n2)c1,1,YRSBMPKJFDYYFO-UHFFFAOYSA-N,YRSBMPKJFDYYFO,US Patent,,,eval_set_herg_60.csv,1,63.7%,0.59375
C[N+]1CCCC1CCOC(C)(c1ccccc1)c1ccc(Cl)cc1,1,OGQHWELSDGZYOF-UHFFFAOYSA-N,OGQHWELSDGZYOF,"Doddareddy et al., 2010",,,eval_set_herg_60.csv,1,91.6%,0.596153855323792
O=C(OCc1ccccc1)N1CCC(CNC2N=CC=[SH]2)CC1,1,ZEAZTFCBLCVQRU-UHFFFAOYSA-N,WSZUPYCNEWBHKR,"Doddareddy et al., 2010",,,eval_set_herg_60.csv,1,72.3%,0.59649121761322
C[C@@H]1C[C@H]2[C@@H]3CCC4=CC(=O)C=C[C@]4(C)[C@@]3(F)[C@@H](O)C[C@]2(C)[C@@]1(O)C(=O)COP(=O)(O)O,0,VQODGRNSFPNSQE-CXSFZGCWSA-N,VQODGRNSFPNSQE,PubChem,16961,,kav_test.csv,0,64.9%,0.597222208976746
CCN(CC)CCOC(=O)c1ccc(N)cc1,0,MFDFERRIHVXMIY-UHFFFAOYSA-N,MFDFERRIHVXMIY,"Didziapetris et al., 2016",,,eval_set_herg_70.csv,0,78.6%,0.600000023841858
Clc1ccc(CC2CC[N+](CCc3ccccc3)(CCc3ccccc3)CC2)cc1,1,QEPDZFYNUHRSGL-UHFFFAOYSA-N,QEPDZFYNUHRSGL,"Didziapetris et al., 2016",,,eval_set_herg_60.csv,1,86.4%,0.600000023841858
Cc1ccc(O)c(C(=O)c2ccccc2)c1,0,OQERFUGURPLBQH-UHFFFAOYSA-N,OQERFUGURPLBQH,PubChem,73851,,eval_set_herg_70.csv,0,77.9%,0.600000023841858
COc1ccc(NC(=O)N(C)C[C@H]2Oc3ccc(NC(=O)Nc4c(C)noc4C)cc3C(=O)N([C@H](C)CO)C[C@@H]2C)cc1,0,GQXBVQGPIPFIGI-CUAXAMRHSA-N,GQXBVQGPIPFIGI,PubChem,44246535,,kav_test.csv,1,55.5%,0.600000023841858
O=C(CCCN1CCN(c2ccccn2)CC1)c1ccc(F)cc1,1,XTKDAFGWCDAMPY-UHFFFAOYSA-N,XTKDAFGWCDAMPY,PubChem,15443,,eval_set_herg_70.csv,1,76.2%,0.600000023841858
Cc1cccc(NC(=S)NC(=O)c2ccco2)c1C,1,IKLQZIQKLMAVEX-UHFFFAOYSA-N,IKLQZIQKLMAVEX,PubChem,1226578,,kav_test.csv,1,59.2%,0.600000023841858
N[C@H]1CN(C(=O)c2ccc3ncsc3c2)C[C@H]1C(=O)N1CCCC1,0,ZAUSYVOHDJOJCH-OLZOCXBDSA-N,ZAUSYVOHDJOJCH,"Didziapetris et al., 2016",,,eval_set_herg_60.csv,0,74.0%,0.600000023841858
NC(N)=NC(=O)c1nc(Cl)c(N)nc1N,0,XSDQTOBWRPYKKA-UHFFFAOYSA-N,XSDQTOBWRPYKKA,PubChem,16231,,eval_set_herg_70.csv,0,61.0%,0.600000023841858
CS(=O)(=O)c1cccc(-c2cnn(Cc3cc[nH]n3)c2)c1,1,RAFYHYBKKVGIIK-UHFFFAOYSA-N,RAFYHYBKKVGIIK,US Patent,,,eval_set_herg_70.csv,1,57.6%,0.600000023841858
O=C(c1ccccc1)c1cc(Cl)ccc1O,0,OMWSZDODENFLSV-UHFFFAOYSA-N,OMWSZDODENFLSV,PubChem,6799,,eval_set_herg_70.csv,0,71.2%,0.600000023841858
C=C1CC23CC4C5C6(C)CC(C(=O)OC)CC57C2C(O)C1C(C(=O)OC)C3(O)C7N4C6,0,GUVKALIOCDHSBZ-UHFFFAOYSA-N,GUVKALIOCDHSBZ,"Didziapetris et al., 2016",,,eval_set_herg_60.csv,0,74.6%,0.600000023841858
CC(C)(O)CNC(=O)c1ccc(C(c2ccc(OCc3ccccn3)cc2)C(C)(C)C)cn1,0,BVHLJIHSMAAKFM-UHFFFAOYSA-N,BVHLJIHSMAAKFM,"Didziapetris et al., 2016",,,eval_set_herg_60.csv,1,53.6%,0.600000023841858
Cc1cn(-c2c(Cl)cccc2Cl)c(=O)c2cnc(Nc3ccc(N4CCNCC4)cc3)nc12,1,WAERUNJWVBAXMQ-UHFFFAOYSA-N,WAERUNJWVBAXMQ,US Patent,,,eval_set_herg_70.csv,1,84.0%,0.602739751338959
Nc1ccc(-c2ccncc2)cc1NC(=O)c1cnc(N2CCNCC2)s1,0,ZTRWHUJIONDEEE-UHFFFAOYSA-N,ZTRWHUJIONDEEE,US Patent,,,eval_set_herg_70.csv,1,56.4%,0.602941155433655
Cc1cccc(C)c1NC(=O)C[N+]1CC[N+](CCCC(c2ccc(F)cc2)c2ccc(F)cc2)CC1,1,ZIPQKDKLZNUXFM-UHFFFAOYSA-N,ZIPQKDKLZNUXFM,"Doddareddy et al., 2010",,,eval_set_herg_70.csv,1,85.3%,0.603448271751404
COC(=O)c1c(NS(=O)(=O)Cc2ccccc2)sc2c1CCCC2,1,ZJWCIASFHBVTMZ-UHFFFAOYSA-N,ZJWCIASFHBVTMZ,PubChem,9551637,,kav_test.csv,1,51.9%,0.603448271751404
CN(C)c1ccc(-c2nc3ccncc3n2-c2ccc(F)cc2)cn1,1,RECFYTHQLNPCBY-UHFFFAOYSA-N,RECFYTHQLNPCBY,US Patent,,,eval_set_herg_70.csv,1,75.8%,0.603448271751404
N#Cc1cnc(Nc2cc(N)ncn2)s1,1,GPLUDMKPTRXKRC-UHFFFAOYSA-N,GPLUDMKPTRXKRC,"Didziapetris et al., 2016",,,eval_set_herg_70.csv,0,52.4%,0.604166686534882
Fc1ccc(C(OCC[N+]2CC[N+](CCCc3ccccc3)CC2)c2ccc(F)cc2)cc1,1,RRNCWJLZTRYGBP-UHFFFAOYSA-N,RRNCWJLZTRYGBP,"Doddareddy et al., 2010",,,eval_set_herg_70.csv,1,88.3%,0.604166686534882
CCC(O)C(CC(C)N(C)C)(c1ccccc1)c1ccccc1,0,QIRAYNIFEOXSPW-UHFFFAOYSA-N,QIRAYNIFEOXSPW,"Didziapetris et al., 2016",,,eval_set_herg_70.csv,1,51.5%,0.604651153087616
COc1cc2ncnc(Nc3ccc(F)c(Cl)c3)c2cc1OCCCN1CCOCC1,0,XGALLCVXEZPNRQ-UHFFFAOYSA-N,XGALLCVXEZPNRQ,PubChem,123631,,eval_set_herg_70.csv,1,76.5%,0.604938268661499
CC(C)(C)c1cc(NC(=O)n2ccc3ncc(OC4=NC=N[C@H]5CNC[C@@H]45)cc32)no1,0,DRPLFNCFTTTYDG-HIFRSBDPSA-N,DRPLFNCFTTTYDG,"Didziapetris et al., 2016",,,eval_set_herg_70.csv,0,62.1%,0.604938268661499
COC(=O)C1=CCCN(C)C1,0,HJJPJSXJAXAIPN-UHFFFAOYSA-N,HJJPJSXJAXAIPN,"Didziapetris et al., 2016",,,eval_set_herg_70.csv,0,75.0%,0.60526317358017
O=C1OC2(c3ccc(O)cc3Oc3cc(O)ccc32)c2ccccc21,0,GNBHRKFJIUUOQI-UHFFFAOYSA-N,GNBHRKFJIUUOQI,PubChem,16850,,eval_set_herg_70.csv,0,53.8%,0.60526317358017
O=C(N1CCCCC1)N1CCN(C(c2ccccc2)c2ccccc2)CC1,0,SUGUDTJGQZLJCX-UHFFFAOYSA-N,SUGUDTJGQZLJCX,PubChem,1334635,,kav_test.csv,1,59.2%,0.60526317358017
COc1ccccc1OCC(O)C[N+]1CC[N+](CC(=O)Nc2c(C)cccc2C)CC1,0,MHIRFBQJARARKL-UHFFFAOYSA-N,MHIRFBQJARARKL,"Doddareddy et al., 2010",,,eval_set_herg_70.csv,0,65.6%,0.606557369232178
FC(F)(F)c1cccc(-c2c[nH]c(C3CCCCC3)n2)c1,1,AGUDQAGJEVFOJY-UHFFFAOYSA-N,AGUDQAGJEVFOJY,"Didziapetris et al., 2016",,,eval_set_herg_70.csv,1,63.1%,0.607142865657806
Cc1ccc(OC2CCN(CCS(=O)(=O)c3ccc(O)cc3)CC2)cc1,1,ILLXGKQRCIUUJG-UHFFFAOYSA-N,ILLXGKQRCIUUJG,"Didziapetris et al., 2016",,,eval_set_herg_70.csv,1,64.8%,0.607142865657806
NS(=O)(=O)c1cccc(CN(c2cccc3[nH]ccc23)C2CCNCC2)c1,1,NBOMLQZMNMIYJK-UHFFFAOYSA-N,NBOMLQZMNMIYJK,"Didziapetris et al., 2016",,,eval_set_herg_70.csv,1,68.5%,0.607142865657806
O=c1cc(-c2cc3ccncc3n2-c2ccc(Cl)cc2)ccn1C1CC1,1,ANMSOARYIIUEQS-UHFFFAOYSA-N,ANMSOARYIIUEQS,US Patent,,,eval_set_herg_70.csv,1,69.6%,0.607843160629273
Oc1ccc(C(c2ccc(O)cc2)C(Cl)(Cl)Cl)cc1,0,IUGDILGOLSSKNE-UHFFFAOYSA-N,IUGDILGOLSSKNE,PubChem,76302,,eval_set_herg_70.csv,0,54.1%,0.60869562625885
Cc1cccnc1CN1CCC2(NC(=O)N(c3ccc(-c4ccccc4)cc3)C2=O)C(C(=O)O)C1,0,QTFWXVJHEFHBIN-UHFFFAOYSA-N,QTFWXVJHEFHBIN,"Didziapetris et al., 2016",,,eval_set_herg_70.csv,0,55.9%,0.609756112098694
[NH2+]=C1[N]CC2c3ccccc3Cc3ccccc3N12,0,CDARLPUCXXLHNH-UHFFFAOYSA-O,CDARLPUCXXLHNH,"Doddareddy et al., 2010",,,eval_set_herg_70.csv,0,82.2%,0.609756112098694
CCCCCCCN(CC)CCCCc1ccc(NC=O)cc1,1,ZDMQHMYHAWGOFZ-UHFFFAOYSA-N,ZDMQHMYHAWGOFZ,"Didziapetris et al., 2016",,,eval_set_herg_70.csv,1,76.4%,0.609756112098694
