Query_Smiles,Query_Predicted_Class,Query_Actual_Class,Query_InChIKey,Query_InChIKey_14,Query_Source,Query_Compound_ID,Query_PMID,Max_Tanimoto_Similarity
N#Cc1cccc2c1CCc1ncc(-c3ccccc3)cc1C2,Blocker,Blocker,AAESUDNQMFKPOQ-UHFFFAOYSA-N,AAESUDNQMFKPOQ,PubChem,10063163,19648007,0.620000004768372
O=C1C=CC[C@@H]2[C@H]3CCCN4CCC[C@@H](CN12)[C@@H]34,Non-blocker,Non-blocker,AAGFPTSOPGCENQ-JLNYLFASSA-N,AAGFPTSOPGCENQ,eval_set_herg_60.csv,,,0.272727280855179
O=[N+]([O-])c1ccc(C2=Nc3cc(Cl)ccc3OC2)cc1,Blocker,Non-blocker,AAIYJZKKBMDVSP-UHFFFAOYSA-N,AAIYJZKKBMDVSP,PubChem,1489679,,0.400000005960465
CN1C(=O)CN=C(c2ccccc2)c2cc(Cl)ccc21,Non-blocker,Non-blocker,AAOVKJBEBIDNHE-UHFFFAOYSA-N,AAOVKJBEBIDNHE,eval_set_herg_70.csv,,,0.491525411605835
CCOC(=O)CSc1nc2c([nH]c3ccccc32)c(=O)n1C,Non-blocker,Blocker,AAPNLPNWKWCHLZ-UHFFFAOYSA-N,AAPNLPNWKWCHLZ,PubChem,756773,,0.648148119449616
CCN(CC)c1ccc(/C=C/[N+](=O)[O-])cc1,Non-blocker,Non-blocker,AATYCRRVMKWSAC-MDZDMXLPSA-N,AATYCRRVMKWSAC,PubChem,5375781,,0.515151500701904
C[C@@H]1C[C@@H]2[C@@H](CC[C@H]3NNC[C@@H]23)[C@@H](c2ccc(OC3CN(CCCF)C3)cn2)N1CC(F)(F)CO,Non-blocker,Non-blocker,ABIUMPAAHDKRAH-GIRMILSGSA-N,ABIUMPAAHDKRAH,PubChem,137554029,,0.638554215431213
Nc1cnc(COc2ccc(C3(c4ccc(-c5nnco5)nc4)CCCO3)cc2)cn1,Blocker,Non-blocker,ABPVDVWWLANDBC-UHFFFAOYSA-N,ABPVDVWWLANDBC,eval_set_herg_60.csv,,,0.560000002384186
O=C1CCCC=CCCCCCCCCCC1,Non-blocker,Non-blocker,ABRIMXGLNHCLIP-UHFFFAOYSA-N,ABRIMXGLNHCLIP,eval_set_herg_70.csv,,,0.307692319154739
CC(=O)Nc1ccc(C(=O)Nc2cc(-c3cccs3)ccc2N)cc1,Non-blocker,Non-blocker,ABZSPJVXTTUFAA-UHFFFAOYSA-N,ABZSPJVXTTUFAA,eval_set_herg_70.csv,,,0.649122834205627
NC[C@H](O)c1ccc(O)c(O)c1.O=C(O)C(O)C(O)C(=O)O.O=C(O)C(O)C(O)C(=O)O,Non-blocker,Non-blocker,SFLSHLFXELFNJZ-QMMMGPOBSA-N,ACFZEFCGESJKJH,data_herg_dev,,12305037,0.580645143985748
COC(=O)CSc1nc(-c2ccccc2)cc(-c2ccco2)c1C#N,Non-blocker,Non-blocker,ACIZZXXGRGTORB-UHFFFAOYSA-N,ACIZZXXGRGTORB,PubChem,658573,,0.480519473552704
Nc1nccc2cc(CNCCc3ccccc3)ccc12,Non-blocker,Blocker,ACQAMOITEMIUTC-UHFFFAOYSA-N,ACQAMOITEMIUTC,PubChem,53321650,21145740,0.425531923770905
Oc1c(CN2CCCC2)cc(Nc2ncnc3ccccc23)cc1CN1CCCC1,Blocker,Non-blocker,ADFVBEOHHMMWBZ-UHFFFAOYSA-N,ADFVBEOHHMMWBZ,eval_set_herg_60.csv,,,0.462686568498611
Cc1ccc(F)cc1C(C)(C)C[C@@](O)(Cc1cc2ncncc2[nH]1)C(F)(F)F,Non-blocker,Blocker,ADHVTOAGYGEFSM-IBGZPJMESA-N,ADHVTOAGYGEFSM,eval_set_herg_70.csv,,,0.6307692527771
O/N=C1\CCCCc2ccccc21,Non-blocker,Non-blocker,ADICYZCHPFSRFC-VAWYXSNFSA-N,ADICYZCHPFSRFC,PubChem,5381210,,0.434782594442368
COCc1cc([S@](=O)c2ccc(Cl)cc2)nc(C)n1,Non-blocker,Non-blocker,ADJIMOHBRADXIH-LJQANCHMSA-N,ADJIMOHBRADXIH,PubChem,1476806,,0.3584905564785
COc1ccc(NC(=O)[C@H]2CCC(=O)N2S(=O)(=O)c2ccc(C)cc2)cc1Cl,Non-blocker,Non-blocker,ADQDKKFZLYNTFC-MRXNPFEDSA-N,ADQDKKFZLYNTFC,PubChem,2956558,,0.472972959280014
CC(C)(Oc1ccc(Cl)cc1)C(=O)NCc1n[nH]c(=O)c2ccccc12,Non-blocker,Non-blocker,AEBCBKZEUCHIMQ-UHFFFAOYSA-N,AEBCBKZEUCHIMQ,PubChem,7626400,,0.438596487045288
O=C(CSc1nnc(-c2cccnc2)o1)Nc1ccccn1,Non-blocker,Non-blocker,AEKHNNIENKHATR-UHFFFAOYSA-N,AEKHNNIENKHATR,PubChem,974453,,0.678571403026581
CN(C)CCCNc1ccc(-c2ccc(F)c(Cl)c2)o1,Blocker,Blocker,AERPBVMWPMWINJ-UHFFFAOYSA-N,AERPBVMWPMWINJ,data_herg_dev,CHEMBL4067988,,0.693877577781677
CCc1ccc(/N=C2\C=C(O)C(=O)c3ccccc32)cc1,Non-blocker,Non-blocker,AERRPULWPIGSEB-KNTRCKAVSA-N,AERRPULWPIGSEB,PubChem,3633677,,0.555555582046509
Cc1cccc(Oc2ccc(C(=O)N[C@@H]3CCSC3=O)cn2)c1C,Non-blocker,Non-blocker,AERVLKGIEFYKRQ-CQSZACIVSA-N,AERVLKGIEFYKRQ,PubChem,2769130,,0.5
COc1ccc(CCNC(=O)c2cc(-c3ccc(C)cc3O)n[nH]2)cc1OC,Non-blocker,Non-blocker,AFEIZXDZNYWHRW-UHFFFAOYSA-N,AFEIZXDZNYWHRW,PubChem,1851874,,0.483870953321457
Cc1ccc(OC(=O)c2ccc(Br)o2)cc1,Non-blocker,Blocker,AFERWRQYCZNTSB-UHFFFAOYSA-N,AFERWRQYCZNTSB,PubChem,878839,,0.666666686534882
CN(C)C(=O)[C@@H](c1ccc(-c2cccc(-n3cnnn3)c2)cc1)[C@H]([NH3+])C(=O)N1CC[C@H](F)C1,Non-blocker,Non-blocker,AFPXRCJVDFTWMT-JBACZVJFSA-O,AFPXRCJVDFTWMT,eval_set_herg_70.csv,,,0.521126747131348
CCN(CC)CCOC(=O)[C@@H](c1ccccc1)C1CCCCC1,Blocker,Blocker,AGJBLWCLQCKRJP-IBGZPJMESA-N,AGJBLWCLQCKRJP,PubChem,92806,,0.613636374473572
FC(F)(F)c1cccc(-c2c[nH]c(C3CCCCC3)n2)c1,Non-blocker,Blocker,AGUDQAGJEVFOJY-UHFFFAOYSA-N,AGUDQAGJEVFOJY,eval_set_herg_70.csv,,,0.607142865657806
C[C@@H]1N=C(c2cnsn2)N[C@@]1(c1ccc(F)cc1)c1ccc(F)nc1,Blocker,Blocker,AGUSBSWEUMEPIM-BTDLBPIBSA-N,AGUSBSWEUMEPIM,eval_set_herg_70.csv,,,0.679245293140411
C[C@@H](NC(=O)c1ccc(S(=O)(=O)Nc2ccccc2)cc1)c1ccc(S(N)(=O)=O)cc1,Non-blocker,Non-blocker,AHLBCPKNVXITFV-OAHLLOKOSA-N,AHLBCPKNVXITFV,PubChem,4836049,,0.571428596973419
C[C@@H](Oc1ccccc1)C(=O)N1CCN(c2ncccn2)CC1,Non-blocker,Non-blocker,AHPCBBGBTGBTRT-CQSZACIVSA-N,AHPCBBGBTGBTRT,PubChem,4805359,,0.468085110187531
C[N+]CCCN1c2ccccc2CCc2ccccc21,Blocker,Blocker,AHTVNVWEYZJFPQ-UHFFFAOYSA-N,AHTVNVWEYZJFPQ,eval_set_herg_70.csv,,,0.611111104488373
O=C(O)c1cn(-c2ccccc2)nc1-c1ccncc1,Non-blocker,Non-blocker,AHZAEZDHBZOUCG-UHFFFAOYSA-N,AHZAEZDHBZOUCG,PubChem,976454,,0.681818187236786
CC(=O)C1=C(c2ccc(Br)cc2)C(=O)c2ccccc2C1=O,Blocker,Non-blocker,AIFGMUQKEOBNOJ-UHFFFAOYSA-N,AIFGMUQKEOBNOJ,PubChem,1072148,,0.352941185235977
COc1ccc([C@@H]2CC(=O)c3c(O)cc(O)cc3O2)cc1O,Non-blocker,Non-blocker,AIONOLUJZLIMTK-AWEZNQCLSA-N,AIONOLUJZLIMTK,eval_set_herg_70.csv,,,0.5
CCOC(=O)c1c(C)[nH]c(C(=O)CSc2nnnn2-c2ccccc2)c1C,Non-blocker,Non-blocker,AIQXDIVCWNHJEF-UHFFFAOYSA-N,AIQXDIVCWNHJEF,PubChem,982844,,0.492063492536545
Clc1ccc(-n2c(-c3cnc(NC4CCOCC4)nc3)cc3ccncc32)cc1,Blocker,Blocker,AIUCZZNOIPJJNM-UHFFFAOYSA-N,AIUCZZNOIPJJNM,eval_set_herg_70.csv,,,0.699999988079071
CN1[C@H](C(N)=O)CC[C@@H]1c1ccc(OCc2ccccc2F)cc1,Blocker,Non-blocker,AIWAPOROUVENTO-MSOLQXFVSA-N,AIWAPOROUVENTO,data_herg_dev,CHEMBL4633318,,0.627118647098541
COc1ccccc1C(=O)NC(=O)CSc1nncn1C(C)C,Non-blocker,Non-blocker,AIZJPVHHISTBCS-UHFFFAOYSA-N,AIZJPVHHISTBCS,PubChem,7675654,,0.477611929178238
CCn1c(O)c(-[n+]2ccccc2)c(=O)c2ccccc21,Non-blocker,Blocker,AJDGGQDPGYCNTI-UHFFFAOYSA-O,AJDGGQDPGYCNTI,PubChem,54677772,,0.552631556987763
Cc1cc(C)cc(-n2ncc3c2CCC[C@H]3NC(=O)CN2CCCC2=O)c1,Non-blocker,Non-blocker,AJGYGMMEYDRXPD-GOSISDBHSA-N,AJGYGMMEYDRXPD,PubChem,24791625,,0.567164182662964
CC(C)CN1CC2CN(CC(C)C)CC(C1)C21CCCCC1,Blocker,Non-blocker,AKDSILHOBDFVFX-UHFFFAOYSA-N,AKDSILHOBDFVFX,eval_set_herg_60.csv,,,0.5
CCCCC[C@@H]1Nc2cc(C(F)(F)F)c(S(N)(=O)=O)cc2S(=O)(=O)N1,Non-blocker,Blocker,AKHXXQAIVSMYIS-GFCCVEGCSA-N,AKHXXQAIVSMYIS,PubChem,4726,,0.347222208976746
Clc1ccc(C2(Cn3cncn3)OCCO2)c(Cl)c1,Blocker,Blocker,AKNQMEBLVAMSNZ-UHFFFAOYSA-N,AKNQMEBLVAMSNZ,eval_set_herg_70.csv,,,0.49295774102211
O=C(CSc1nc2ccccc2c(=O)n1Cc1ccco1)c1ccccc1,Non-blocker,Non-blocker,AKRNQWJWQFZKEH-UHFFFAOYSA-N,AKRNQWJWQFZKEH,PubChem,557235,,0.594202876091003
CC1=C(C(N)=O)S(=O)(=O)c2ccccc21,Non-blocker,Non-blocker,AKRUDWPGTGSAGJ-UHFFFAOYSA-N,AKRUDWPGTGSAGJ,PubChem,268659,,0.382352948188782
CC(CC1c2ccccc2CCc2ccccc21)CN(C)C,Blocker,Non-blocker,ALELTFCQZDXAMQ-UHFFFAOYSA-N,ALELTFCQZDXAMQ,data_herg_dev,,21772,0.347826093435288
CCOC(=O)CN/C(=N\S(=O)(=O)c1ccc(Cl)cc1)c1ccccc1,Non-blocker,Non-blocker,ALKQCJAYMDFGMJ-UHFFFAOYSA-N,ALKQCJAYMDFGMJ,PubChem,2978913,,0.466666668653488
O=C(O)CCCCCNC(=O)Nc1ccc2c(c1)OCCO2,Non-blocker,Non-blocker,ALLDSSCVVDYGHF-UHFFFAOYSA-N,ALLDSSCVVDYGHF,PubChem,4360734,,0.51111114025116
O=C(c1ccc(F)cc1)N1CCc2nc(COc3cccc(F)c3)oc2C1,Non-blocker,Blocker,AMAVJINBCBZRCC-UHFFFAOYSA-N,AMAVJINBCBZRCC,data_herg_dev,CHEMBL3605277,,0.464788734912872
Cc1ccc(C(=O)Nc2ccc(Cl)cn2)cc1S(=O)(=O)N1CCOCC1,Non-blocker,Non-blocker,AMBFIOILMOEUMB-UHFFFAOYSA-N,AMBFIOILMOEUMB,PubChem,1144145,,0.622950792312622
Nc1nc(SCc2ccccc2[N+](=O)[O-])c2ncn(Cc3ccccc3)c2n1,Non-blocker,Non-blocker,AMIPVQPVVMSVTB-UHFFFAOYSA-N,AMIPVQPVVMSVTB,PubChem,238854,,0.600000023841858
COCCCNC(=S)N1CCN(C(c2ccccc2)c2ccccc2)CC1,Non-blocker,Non-blocker,AMVMGLVFFIKVCT-UHFFFAOYSA-N,AMVMGLVFFIKVCT,PubChem,3430107,,0.447761207818985
COCCNC(=O)/C(C#N)=C/c1ccccc1Br,Non-blocker,Non-blocker,AMXAMOVUVIWCME-DHZHZOJOSA-N,AMXAMOVUVIWCME,PubChem,2381260,,0.508196711540222
COc1cc2ccccc2cc1C(=O)NCCCN1CCOCC1,Non-blocker,Non-blocker,AMZLCSLPXNQQFZ-UHFFFAOYSA-N,AMZLCSLPXNQQFZ,PubChem,17462757,,0.553571403026581
C[C@H](c1ccc(Nc2nc(C(F)(F)F)cs2)cc1)c1nnn[nH]1,Non-blocker,Blocker,ANDGBIBENVSINF-SSDOTTSWSA-N,ANDGBIBENVSINF,eval_set_herg_60.csv,,,0.316666662693024
O=c1cc(-c2cc3ccncc3n2-c2ccc(Cl)cc2)ccn1C1CC1,Blocker,Blocker,ANMSOARYIIUEQS-UHFFFAOYSA-N,ANMSOARYIIUEQS,eval_set_herg_70.csv,,,0.607843160629273
COc1cccc2c1O[C@]1(C)C[C@H]2NC(=O)N1,Non-blocker,Non-blocker,ANNYQLWWOKDEJI-PRHODGIISA-N,ANNYQLWWOKDEJI,PubChem,3661686,,0.460317462682724
COc1ccc(Nc2nccc(-c3c[nH]nc3-c3cccnc3)n2)cc1,Blocker,Blocker,ANTWQGSNXAZMBT-UHFFFAOYSA-N,ANTWQGSNXAZMBT,data_herg_dev,CHEMBL4798765,,0.388235300779343
COc1ccc2cc(C#CC3=CC(=O)C[C@H](c4ccc(F)cc4)C3)ccc2c1,Blocker,Non-blocker,AOFOXDPBTORAOE-JOCHJYFZSA-N,AOFOXDPBTORAOE,PubChem,46904810,,0.466666668653488
O=C(O)C/C(=C\c1ccc2c(c1)OCO2)c1nc2ccccc2s1,Non-blocker,Non-blocker,AOTVRDZAFREXAH-KPKJPENVSA-N,AOTVRDZAFREXAH,PubChem,6522604,,0.5
CCOC(Cn1c(SCC(=O)Nc2cc(C)on2)nc2ccccc2c1=O)OCC,Non-blocker,Non-blocker,AOVKJQPEXIQPLD-UHFFFAOYSA-N,AOVKJQPEXIQPLD,PubChem,5057614,,0.647887349128723
O=C(COC(=O)c1cnccn1)NCCc1ccccc1,Non-blocker,Non-blocker,APBYCCNDMYDAPM-UHFFFAOYSA-N,APBYCCNDMYDAPM,PubChem,2367993,,0.5
CNCC(Cc1cccs1)c1ccc2ccccc2c1,Blocker,Blocker,APFLBUWSTCFNIE-UHFFFAOYSA-N,APFLBUWSTCFNIE,eval_set_herg_70.csv,,,0.666666686534882
CC(C)Cn1c(=O)n(C)c(=O)c2nc[nH]c21,Non-blocker,Blocker,APIXJSLKIYYUKG-UHFFFAOYSA-N,APIXJSLKIYYUKG,eval_set_herg_60.csv,,,0.431034475564957
CN1C(=O)c2ccccc2NC(=O)[C@]12O[C@@H]2c1ccccc1,Non-blocker,Non-blocker,APLKWZASYUZSBL-PBHICJAKSA-N,APLKWZASYUZSBL,PubChem,73525,,0.355932205915451
CC(C)NC(=O)CN1C(=O)c2ccccc2S1(=O)=O,Non-blocker,Non-blocker,APPHDNMUAAJFSP-UHFFFAOYSA-N,APPHDNMUAAJFSP,PubChem,736235,,0.596153855323792
COc1ccccc1S(=O)(=O)Cc1ccc(C(=O)NCc2ccco2)o1,Non-blocker,Non-blocker,AQASZZWTNCKHEB-UHFFFAOYSA-N,AQASZZWTNCKHEB,PubChem,20859700,,0.603448271751404
Cc1ccc(-n2nccn2)c(C(=O)N2CCCO[C@H]2Cn2cc(-c3ccc(F)cc3)cn2)c1,Non-blocker,Blocker,AQFPGDOPAWNDQW-QHCPKHFHSA-N,AQFPGDOPAWNDQW,PubChem,156011286,32482533,0.428571432828903
O=C(CCn1cnnn1)Nc1ccccc1,Non-blocker,Non-blocker,AQGIEQFITJCJOY-UHFFFAOYSA-N,AQGIEQFITJCJOY,PubChem,1511455,,0.5
CN/C(=N\C#N)NCCSCc1nc[nH]c1C,Non-blocker,Non-blocker,AQIXAKUUQRKLND-UHFFFAOYSA-N,AQIXAKUUQRKLND,eval_set_herg_60.csv,,,0.275862067937851
COCC1CCCN1N1CCN(c2cccc(Cl)c2)C1=O,Blocker,Blocker,AQPYEVVJFZDJNJ-UHFFFAOYSA-N,AQPYEVVJFZDJNJ,CUPID,CUPID,,0.516129016876221
CCc1c(C)nc(S[C@@H](C(=O)O)c2ccccc2)c(C#N)c1C,Non-blocker,Non-blocker,AQQRHQRTRXHWHV-MRXNPFEDSA-N,AQQRHQRTRXHWHV,PubChem,3776307,,0.411764711141586
Cc1cccc(N/N=C/c2ccc(O)c(O)c2O)c1,Blocker,Non-blocker,AQSOZKVNPGTRAZ-OVCLIPMQSA-N,AQSOZKVNPGTRAZ,PubChem,135679290,,0.396551728248596
CC(C)[N+]CC(O)COc1cccc2ccccc12,Non-blocker,Blocker,ARKJNXXISTZQRK-UHFFFAOYSA-N,ARKJNXXISTZQRK,eval_set_herg_70.csv,,,0.642857134342194
C/C(=N\NC(=O)c1cc(C)nc2ccccc12)c1ccncc1,Non-blocker,Non-blocker,ARTGZFHGFKVRLE-FYJGNVAPSA-N,ARTGZFHGFKVRLE,PubChem,44120503,,0.566037714481354
Nc1ccc(-c2ccc(F)cc2)cc1NC(=O)c1ccc(N2CCNCC2)cn1,Non-blocker,Blocker,ASDVEPNKQUBZQW-UHFFFAOYSA-N,ASDVEPNKQUBZQW,eval_set_herg_70.csv,,,0.666666686534882
N#Cc1cc(OC(F)(F)F)cc(-c2nc(-c3ccc4c(c3)CCN4C(=O)CCC(=O)O)no2)c1,Non-blocker,Non-blocker,ASJOLIPQCOYRPT-UHFFFAOYSA-N,ASJOLIPQCOYRPT,data_herg_dev,CHEMBL1916399,,0.685714304447174
NC(=O)c1cnc(N2CCC[C@H](N)C2)nc1Nc1cccc(C(F)(F)F)c1,Blocker,Blocker,ASMLDRAEBPYENO-NSHDSACASA-N,ASMLDRAEBPYENO,PubChem,56673153,21903390,0.666666686534882
Cc1ccc(S(=O)(=O)N2CCOCC2)cc1C(=O)NCc1ccccn1,Non-blocker,Non-blocker,ASMXNOABFQVRMO-UHFFFAOYSA-N,ASMXNOABFQVRMO,PubChem,2531180,,0.588235318660736
Cl.OCCC/C(=C(\c1ccc(O)cc1)c1ccc(C2CCNCC2)cc1)c1ccccc1,Blocker,Non-blocker,SYZJGNRKRGPMOF-BYYHNAKLSA-N,ASRUDRRSDDQRHE,data_herg_dev,CHEMBL4743534,,0.705882370471954
COc1ccc2c3c1O[C@H]1C[C@@H](O)C=C[C@@]31CCN(C)C2,Non-blocker,Non-blocker,ASUTZQLVASHGKV-JDFRZJQESA-N,ASUTZQLVASHGKV,eval_set_herg_60.csv,,,0.352112680673599
CC(C)N1CCC(Nc2ccc3[nH]c(C(=O)N4CCCCC4)cc3c2)CC1,Non-blocker,Non-blocker,ATHXSUUALPPPJV-UHFFFAOYSA-N,ATHXSUUALPPPJV,eval_set_herg_60.csv,,,0.546875
O=C(CCOc1ccccc1)Nc1ccc(S(=O)(=O)N2CCCC2)cc1,Blocker,Non-blocker,AUAPJHQWQFLQNX-UHFFFAOYSA-N,AUAPJHQWQFLQNX,PubChem,2114364,,0.551724135875702
Cc1ccc2nc(=O)c(NNc3ccccc3)cnc2c1,Non-blocker,Non-blocker,AUGULEYODXXYMM-UHFFFAOYSA-N,AUGULEYODXXYMM,PubChem,2322338,,0.344827592372894
NC1=Nc2ccc(Cl)cc2[C@]1(O)c1ccccc1,Blocker,Non-blocker,AUHPEHFGZROMSA-CQSZACIVSA-N,AUHPEHFGZROMSA,eval_set_herg_60.csv,,,0.311111122369766
O=C(O)c1ccc2cccnc2c1N1CCN(CCc2ccc(OCCCN3CCCCCC3)cc2)CC1,Non-blocker,Non-blocker,AUJBUPBEDOLIFD-UHFFFAOYSA-N,AUJBUPBEDOLIFD,data_herg_dev,CHEMBL3925977,,0.691176474094391
COc1cc(N)c(Cl)cc1C(=O)NCC1CCN(CCCn2ccnn2)CC1,Blocker,Non-blocker,AULLTYAISZREAX-UHFFFAOYSA-N,AULLTYAISZREAX,eval_set_herg_60.csv,,,0.512195110321045
O=C(CNC(=S)N(CCCN1CCOCC1)Cc1cccs1)N1CCCCCC1,Non-blocker,Non-blocker,AUQSHKUNFZCVLH-UHFFFAOYSA-N,AUQSHKUNFZCVLH,PubChem,16193364,,0.415384620428085
CN1CCN(c2ccc(NC(=O)C(C)(c3ccccc3)c3ccccc3)cc2)CC1,Non-blocker,Non-blocker,AVACMHYVATYPKG-UHFFFAOYSA-N,AVACMHYVATYPKG,PubChem,1892345,,0.450980395078659
CC(C)CC(=O)NC(=S)Nc1ccccc1C(=O)Nc1ccccc1,Blocker,Non-blocker,AVEPIRUGHKMVQU-UHFFFAOYSA-N,AVEPIRUGHKMVQU,PubChem,1791737,,0.415094345808029
COc1ccc(/C=C2\N=C(C)OC2=O)cc1[N+](=O)[O-],Non-blocker,Non-blocker,AVHSXBWDROAZHU-UITAMQMPSA-N,AVHSXBWDROAZHU,PubChem,1920706,,0.408450692892075
COc1ccc(NC(=O)COC(=O)/C=C/c2cccs2)c(OC)c1,Non-blocker,Non-blocker,AVILIZGEZTZRIA-SOFGYWHQSA-N,AVILIZGEZTZRIA,PubChem,8648327,,0.593220353126526
O=c1cc[nH+]c(NCC2CCN(c3nc4ccccc4n3Cc3ccc(F)cc3)CC2)[nH]1,Blocker,Blocker,AVTBWIUBCJLMAN-UHFFFAOYSA-O,AVTBWIUBCJLMAN,eval_set_herg_60.csv,,,0.567567586898804
C[C@@H](NC(=O)CN1C(=O)NC2(CCCCCC2)C1=O)c1ccccc1Cl,Non-blocker,Non-blocker,AWAZSBFKDWDQOI-CYBMUJFWSA-N,AWAZSBFKDWDQOI,PubChem,16304183,,0.54237288236618
CN1C(=O)/C(=C/c2cccs2)S/C1=N/c1ccc(C(=O)O)cc1,Non-blocker,Non-blocker,AWFVWUJHIZWOEF-WBCCSYDZSA-N,AWFVWUJHIZWOEF,PubChem,1804392,,0.428571432828903
Cc1ncoc1-c1nnc(SCCCNC2CCC3CC32c2ccccc2)n1C,Blocker,Blocker,AWFXJOGQOJCNFN-UHFFFAOYSA-N,AWFXJOGQOJCNFN,eval_set_herg_70.csv,,,0.690140843391419
Cc1cc(C(=O)Cn2nnc(-c3ccc(Cl)cc3)n2)c(C)n1C[C@H]1CCCO1,Non-blocker,Non-blocker,AWIYYACPXIYKNL-QGZVFWFLSA-N,AWIYYACPXIYKNL,PubChem,2997704,,0.469135791063309
COC(=O)[C@@H](C)Sc1nc2c(cnn2-c2ccc(C)cc2)c(=O)[nH]1,Non-blocker,Non-blocker,AWYRDIXOAGCTEJ-SNVBAGLBSA-N,AWYRDIXOAGCTEJ,PubChem,135412488,,0.49295774102211
Cc1cc(/C=C2/SC(=O)N=C2O)c(C)n1-c1ccc(N2CCOCC2)cc1,Non-blocker,Non-blocker,AXIRJHLOCNKGFU-LDADJPATSA-N,AXIRJHLOCNKGFU,PubChem,1275696,,0.409836053848267
COC(=O)N[C@H](C(=O)N[C@@H](Cc1ccccc1)[C@@H](O)CN(Cc1ccc(-c2ccccn2)cc1)NC(=O)[C@@H](NC(=O)OC)C(C)(C)C)C(C)(C)C,Blocker,Blocker,AXRYRYVKAWYZBR-GASGPIRDSA-N,AXRYRYVKAWYZBR,eval_set_herg_60.csv,,,0.296703308820725
Cc1csc(NC(=O)c2cc(F)cc(Oc3cncnc3)c2)n1,Non-blocker,Blocker,AXVLPJHYYFHCHK-UHFFFAOYSA-N,AXVLPJHYYFHCHK,data_herg_dev,CHEMBL2440659,,0.460317462682724
Cc1nc(Nc2[nH]nc3c2CN(C(=O)N[C@H](CN(C)C)c2ccccc2)C3(C)C)c2sccc2n1,Blocker,Non-blocker,AYCPARAPKDAOEN-LJQANCHMSA-N,AYCPARAPKDAOEN,data_herg_dev,CHEMBL3128043,,0.257425755262375
Cc1ccc(/C=N/n2c(C)nnc2C)s1,Non-blocker,Non-blocker,AYGWBFXVAHGHPQ-IZZDOVSWSA-N,AYGWBFXVAHGHPQ,PubChem,9555054,,0.571428596973419
C=C1[C@H]2CC3(C4C[C@H]5C6(C4N(CC)C[C@]5(C)CC[C@@H]6O)[C@@H]3C[C@@H]2O)[C@@H]1O,Non-blocker,Non-blocker,AZAZKLKDEOMJBJ-OLOAVZRQSA-N,AZAZKLKDEOMJBJ,eval_set_herg_70.csv,,,0.22891566157341
O=C1C=C/C(=c2/ccc3n[nH]/c(=C4/C=NC=C(O[C@H]5CNCCC56CC6)N4)c3c2)C(F)=C1,Blocker,Blocker,AZIINZOWMGPPBZ-OAEYXCGJSA-N,AZIINZOWMGPPBZ,eval_set_herg_60.csv,,,0.311827957630157
COc1cc(NC(=O)COc2cccc3c2OC(C)(C)C3)cc(OC)c1OC,Blocker,Non-blocker,AZYYPGUDHGSGSY-UHFFFAOYSA-N,AZYYPGUDHGSGSY,PubChem,4827244,,0.606557369232178
C[C@@H]1Cc2ccccc2N1C(=S)/N=C(\O)c1ccc(Cl)cc1Cl,Blocker,Blocker,BACOIUYLDPSRCY-SNVBAGLBSA-N,BACOIUYLDPSRCY,PubChem,3647645,,0.581818163394928
CCN(c1ccccc1)S(=O)(=O)c1ccc(NC[C@@H]2COc3ccccc3O2)nc1,Non-blocker,Non-blocker,BAEWUJRANKALKZ-GOSISDBHSA-N,BAEWUJRANKALKZ,PubChem,2998477,,0.451612889766693
O=C(N/N=C1\CCCc2c1[nH]c1ccc([N+](=O)[O-])cc21)c1ccncc1,Non-blocker,Non-blocker,BAVUMXJNNFZFPE-LTGZKZEYSA-N,BAVUMXJNNFZFPE,PubChem,135425027,,0.363636374473572
O=C(C[C@H]1Oc2ccccc2NC1=O)NCCCN1CCOCC1,Non-blocker,Non-blocker,BBASNBUMLFTQBS-OAHLLOKOSA-N,BBASNBUMLFTQBS,PubChem,5307904,,0.536231875419617
O=C1C[C@@H](NS(=O)(=O)c2ccccc2F)CN1c1ccc2c(c1)OCCO2,Non-blocker,Non-blocker,BBCJBAGJICLITM-GFCCVEGCSA-N,BBCJBAGJICLITM,PubChem,16799573,,0.59375
CCCNC(=O)[C@@H](Cc1ccc(I)cc1)NC(=O)C1CC1,Non-blocker,Non-blocker,BBGYOXQNWVBIRA-CQSZACIVSA-N,BBGYOXQNWVBIRA,PubChem,44142902,,0.490909099578857
CCn1nc(C)c(/C=N/NC(=O)CSc2nnc(-c3ccc(Br)cc3)n2C)c1C,Non-blocker,Non-blocker,BBONKYVCQJKGLL-UFFVCSGVSA-N,BBONKYVCQJKGLL,PubChem,6889534,,0.432432442903519
C=CCc1ccc(OCCOCCOc2cccc3ccc(C)nc23)c(OC)c1,Non-blocker,Non-blocker,BBRBGFKERWBPAT-UHFFFAOYSA-N,BBRBGFKERWBPAT,PubChem,2935553,,0.5
Cc1ccc(S(=O)(=O)N2[C@@H](c3ccc4c(c3)OCO4)C(C(=O)O)=C[C@H]2CC2CCCC2)cc1,Non-blocker,Non-blocker,BBTUOMOLUVKNSD-DVECYGJZSA-N,BBTUOMOLUVKNSD,PubChem,44263580,,0.444444447755814
CCCn1c(SCC(=O)NNC(=O)c2ccc(C)cc2)nnc1C(C)C,Non-blocker,Non-blocker,BBYOTVBKOGYIAU-UHFFFAOYSA-N,BBYOTVBKOGYIAU,PubChem,1457208,,0.576271176338196
CC1=C(C(=O)N2CCOCC2)[C@@H](c2cc(C)ccc2C)NC(=S)N1,Non-blocker,Non-blocker,BCRJHLLWQLYENG-MRXNPFEDSA-N,BCRJHLLWQLYENG,PubChem,3541552,,0.390625
COc1cc2c3c(c1)C(C)=CC(C)(C)N3C(=O)C2=O,Non-blocker,Non-blocker,BCSGQDMAQOOCSY-UHFFFAOYSA-N,BCSGQDMAQOOCSY,PubChem,1603092,,0.368421047925949
CCCCN([C@H](CO)C(C)C)S(=O)(=O)c1ccccc1Br,Non-blocker,Non-blocker,BCUXLFBWRVMTLY-CQSZACIVSA-N,BCUXLFBWRVMTLY,PubChem,44602067,,0.360655725002289
O=C(OCC1CCN(CC2CCC(C(=O)O)C2)CC1)c1c2n(c3ccccc13)CCCO2,Non-blocker,Non-blocker,BDEZLCMWCGXDMA-UHFFFAOYSA-N,BDEZLCMWCGXDMA,data_herg_dev,CHEMBL3329811,,0.661764681339264
O=C(C[C@@]12C[C@@H]3C[C@@H](C[C@@](Br)(C3)C1)C2)OCCN1CCCCC1,Non-blocker,Non-blocker,BDNLUVYZRWCVLO-YOQCTACHSA-N,BDNLUVYZRWCVLO,PubChem,4005216,,0.350877195596695
CCOc1cccc(Nc2ccc([N+](=O)[O-])cn2)c1,Non-blocker,Non-blocker,BDSJUNAVBMUSQD-UHFFFAOYSA-N,BDSJUNAVBMUSQD,PubChem,2849132,,0.604166686534882
Cc1ccc(O)c(CNCC23CC4CC(CC(C4)C2)C3)n1,Non-blocker,Non-blocker,BDYLAZAFKOJENQ-UHFFFAOYSA-N,BDYLAZAFKOJENQ,data_herg_dev,CHEMBL3393867,,0.58695650100708
CCC(=O)N1CCc2cc(OC)c(O)cc2C1,Non-blocker,Non-blocker,BEDYMEDICHGLSE-UHFFFAOYSA-N,BEDYMEDICHGLSE,eval_set_herg_60.csv,,,0.549019634723663
CCN(c1ccccc1)S(=O)(=O)c1ccc(Cl)c(NC(=O)CSc2nc[nH]n2)c1,Non-blocker,Non-blocker,BERYALSFLCUBIK-UHFFFAOYSA-N,BERYALSFLCUBIK,PubChem,3296635,,0.583333313465118
CCCCCCCCN[C@H](C)[C@@H](O)c1ccc(SC(C)C)cc1,Blocker,Blocker,BFCDFTHTSVTWOG-YLJYHZDGSA-N,BFCDFTHTSVTWOG,PubChem,657255,,0.466666668653488
Cc1c2c(nn1-c1nnc(-c3ccc(OC(C)C)c(Cl)c3)s1)CCN(CCC(=O)O)C2,Blocker,Non-blocker,BGAJNPLDJJBRHK-UHFFFAOYSA-N,BGAJNPLDJJBRHK,data_herg_dev,CHEMBL3769933,,0.27522936463356
CC(C)(C)c1cc(O)ccc1O,Non-blocker,Non-blocker,BGNXCDMCOKJUMV-UHFFFAOYSA-N,BGNXCDMCOKJUMV,eval_set_herg_70.csv,,,0.571428596973419
COc1ccc(-c2ccc3[nH]c4c(c3c2)CCN2C(=O)[C@@H]([C@H](C)O)[C@@H](N(C)C(=O)Nc3ccccc3)C[C@@H]42)cc1,Non-blocker,Non-blocker,BHHYKHQMTPDSSF-KKBDGGKNSA-N,BHHYKHQMTPDSSF,PubChem,46902338,,0.67948716878891
O=C(Cn1nnc2ccccc21)N/N=C\C=C\c1ccccc1,Non-blocker,Blocker,BHWQEGFXPFAJBZ-YKYHQJSKSA-N,BHWQEGFXPFAJBZ,PubChem,5540181,,0.607142865657806
COc1cc(/C=C/C(=O)OCC(=O)N2CCCc3ccccc32)ccc1OCC#N,Non-blocker,Non-blocker,BIEMKTYNNYVUJG-PKNBQFBNSA-N,BIEMKTYNNYVUJG,PubChem,6212491,,0.591549277305603
C[C@@H]1CCCN(C(=O)COc2ccc3c(c2)OCO3)C1,Non-blocker,Non-blocker,BIKOCNNLAKEMDA-LLVKDONJSA-N,BIKOCNNLAKEMDA,PubChem,6457630,,0.59649121761322
CC(C)[C@](C)(c1ccc(-c2cnc(N)nc2)nc1)c1noc(-c2cnn(C3COC3)c2)n1,Non-blocker,Non-blocker,BJCQNMRAVQDEOW-JOCHJYFZSA-N,BJCQNMRAVQDEOW,data_herg_dev,CHEMBL4098484,,0.671428561210632
N#CC(=C1C=C(Br)C(=NO)C=C1Cl)c1cccc2ccccc12,Blocker,Non-blocker,BJDKZONPNOGIEO-UHFFFAOYSA-N,BJDKZONPNOGIEO,PubChem,286266,,0.319999992847443
CCNC(=S)N1CCc2cc(OC)c(OC)cc2[C@@H]1COc1ccccc1OC,Non-blocker,Non-blocker,BJGHTOURUZXTCQ-KRWDZBQOSA-N,BJGHTOURUZXTCQ,PubChem,4143659,,0.393939405679703
O=S1(=O)N(CCN2CC=C(c3c[nH]c4cc(F)ccc34)CC2)c2cccc3c2N1CCC3,Blocker,Blocker,BJIPVHLRWSDKOS-UHFFFAOYSA-N,BJIPVHLRWSDKOS,PubChem,4605800,,0.420454531908035
O=C(NCc1ccc(F)cc1)C1CCN(S(=O)(=O)c2ccc3c(c2)OCCCO3)CC1,Non-blocker,Non-blocker,BJROQKFYPRCGFD-UHFFFAOYSA-N,BJROQKFYPRCGFD,PubChem,2668520,,0.5625
CN1CCc2c(sc3nc(SCC(=O)N4CCOCC4)n(-c4ccc(Cl)cc4)c(=O)c23)C1,Non-blocker,Non-blocker,BJRZZELOBHAQEU-UHFFFAOYSA-N,BJRZZELOBHAQEU,PubChem,5160172,,0.614285707473755
CC(C(=O)NS(=O)(=O)c1ccccc1Cl)c1ccc(OS(=O)(=O)C(F)(F)F)cc1,Blocker,Blocker,BKRDIDRNJIXOCB-UHFFFAOYSA-N,BKRDIDRNJIXOCB,eval_set_herg_70.csv,,,0.653061211109161
O=C(c1ccc2ncccc2c1)N1CCC(N2CC[C@H](Cc3ccc(Cl)c(Cl)c3)[C@H](CO)C2)CC1,Blocker,Blocker,BKSRLDUBSLBPQQ-OFNKIYASSA-N,BKSRLDUBSLBPQQ,data_herg_dev,CHEMBL178447,,0.392857134342194
N[C@H]1CN(C(=O)c2cc3ccccc3s2)C[C@H]1C(=O)N1CCCC1,Non-blocker,Non-blocker,BKWROXBEEWYTNI-KGLIPLIRSA-N,BKWROXBEEWYTNI,eval_set_herg_70.csv,,,0.647058844566345
O=C1Cc2cc(OC3CN(c4c5c(nc6ccnn46)CCNCC5)C3)ccc2N1,Blocker,Blocker,BLAATJSMNSTOKH-UHFFFAOYSA-N,BLAATJSMNSTOKH,data_herg_dev,CHEMBL1643859,,0.661538481712341
Sc1ccc2ccccc2c1CNCc1ccccc1,Non-blocker,Non-blocker,BLEHTALMHJHORQ-UHFFFAOYSA-N,BLEHTALMHJHORQ,PubChem,255831,,0.428571432828903
CCOc1ccc(N2C[C@H](C(=O)Nc3cccc(S(=O)(=O)/N=C4/CCCN4)c3)CC2=O)cc1,Non-blocker,Non-blocker,BLKBIUNAPMGGEY-MRXNPFEDSA-N,BLKBIUNAPMGGEY,PubChem,4266941,,0.573333323001862
C(=N/n1cnnc1)\c1cn(Cc2ccccc2)c2ccccc12,Non-blocker,Non-blocker,BLLNHWPEWLAAOP-UFFVCSGVSA-N,BLLNHWPEWLAAOP,PubChem,6858802,,0.448275864124298
CCCCCCCCCCCCC/C=C/[C@@H](O)[C@H](CO)NC(C)=O,Non-blocker,Non-blocker,BLTCBVOJNNKFKC-QUDYQQOWSA-N,BLTCBVOJNNKFKC,eval_set_herg_60.csv,,,0.550000011920929
Cc1nn(C)c(C)c1-c1nc2ncc(Br)c(N3CCN(Cc4cccnc4)CC3)c2[nH]1,Blocker,Non-blocker,BMSHQZWQPJMOJN-UHFFFAOYSA-N,BMSHQZWQPJMOJN,eval_set_herg_70.csv,,,0.519480526447296
COc1ccc(NC(=O)CSc2ncnc3c2nnn3-c2ccc(F)cc2)c(OC)c1,Non-blocker,Non-blocker,BNCYIBFZJQNGND-UHFFFAOYSA-N,BNCYIBFZJQNGND,PubChem,16187094,,0.569444417953491
CSc1cccc(N2C[C@H](C(=O)NCCN3C(=O)S/C(=C\c4cccnc4)C3=O)CC2=O)c1,Non-blocker,Non-blocker,BNJQKZDJELTZGU-DZGUVLCISA-N,BNJQKZDJELTZGU,PubChem,24979400,,0.5
C[C@@H](OC(=O)c1cccc(S(=O)(=O)Nc2ccc3c(c2)OCO3)c1)C(=O)c1c[nH]c2ccccc12,Non-blocker,Non-blocker,BNSZTNPXATWJNC-OAHLLOKOSA-N,BNSZTNPXATWJNC,eval_set_herg_60.csv,,,0.414634138345718
CCOC(=O)c1cc(-c2ccccc2)n(CC(=O)O)c1C,Non-blocker,Non-blocker,BNYIGLLVRXMHSH-UHFFFAOYSA-N,BNYIGLLVRXMHSH,PubChem,3235924,,0.52173912525177
Cc1oc(-c2cccc(Cl)c2)nc1CN1CCC(C(=O)N2CCN(c3ccccn3)CC2)CC1,Non-blocker,Non-blocker,BOAVAHFEIGAIHE-UHFFFAOYSA-N,BOAVAHFEIGAIHE,PubChem,5309347,,0.45783132314682
O=C(O)c1ccc(-n2nc(-c3ccccc3O)nc2-c2ccccc2O)cc1,Non-blocker,Non-blocker,BOFQWVMAQOTZIW-UHFFFAOYSA-N,BOFQWVMAQOTZIW,data_herg_dev,CHEMBL550348,,0.408163279294968
O=C(NC1CCN(Cc2ccccc2)CC1)c1cc2nc(-c3ccc(Cl)s3)cc(C(F)(F)F)n2n1,Blocker,Non-blocker,BOJAXOHWYZMMKZ-UHFFFAOYSA-N,BOJAXOHWYZMMKZ,data_herg_dev,CHEMBL2028045,,0.416666656732559
COc1ccccc1Oc1coc2c(CN3CCOCC3)c(O)ccc2c1=O,Non-blocker,Non-blocker,BOJRLSQUJNZUDN-UHFFFAOYSA-N,BOJRLSQUJNZUDN,PubChem,5939116,,0.426470577716827
O=C(NC1CCCCC1)N1CCN(c2ccc([N+](=O)[O-])cc2)CC1,Non-blocker,Non-blocker,BPEWVJKJZHYRTH-UHFFFAOYSA-N,BPEWVJKJZHYRTH,PubChem,2932747,,0.519999980926514
O=C(Cn1ncc2c3ccccc3n(Cc3ccccc3F)c2c1=O)NCCN1CCOCC1,Non-blocker,Non-blocker,BPFIGKXIMPFDKG-UHFFFAOYSA-N,BPFIGKXIMPFDKG,PubChem,20892215,,0.447058826684952
CC[C@@H](NCCCC[C@H](C[C@@H](OC)c1ccc(F)cc1)C(=O)NO)c1ccc(F)cc1,Blocker,Blocker,BPGDVHWVHMDFBK-UEVCKROQSA-N,BPGDVHWVHMDFBK,PubChem,57345502,22342144,0.633333325386047
CCOC(=O)C1=C(Cc2ccc(C)cc2)C(=O)c2ccccc2C1=O,Non-blocker,Blocker,BPOJTSJPTIZJSW-UHFFFAOYSA-N,BPOJTSJPTIZJSW,PubChem,2841620,,0.396226406097412
CC(=O)NC1CCN(Cc2ccc(OCc3ccc(Cl)cc3)c(Cl)c2)C1,Blocker,Blocker,BPSNKHBRCPDEOJ-UHFFFAOYSA-N,BPSNKHBRCPDEOJ,eval_set_herg_60.csv,,,0.455882340669632
Cl.O=C(O)CNC(=O)c1c(O)cc(CCc2ccccc2)n2ncnc12,Non-blocker,Non-blocker,NALAUGMPMIVAOW-UHFFFAOYSA-N,BPZAJOSLAXGKFI,data_herg_dev,CHEMBL4166742,,0.524590134620667
COC(=O)C1CCN(c2nc3ccccc3nc2[C@H](C#N)C(=O)OCC(C)C)CC1,Non-blocker,Non-blocker,BQGSBXGPNMECGV-INIZCTEOSA-N,BQGSBXGPNMECGV,PubChem,662088,,0.590909063816071
CC(CCc1ccc(O)cc1)NCCc1ccc(O)c(O)c1.Cl,Blocker,Blocker,JRWZLRBJNMZMFE-UHFFFAOYSA-N,BQKADKWNRWCIJL,data_herg_dev,CHEMBL1200418,,0.534883737564087
COCCO/C(O)=C1/C(C)=Nc2ncnn2[C@@H]1c1ccccc1,Non-blocker,Non-blocker,BRDUNNLBQPTZRV-JNINTMOKSA-N,BRDUNNLBQPTZRV,PubChem,667365,,0.5573770403862
CCN(CC)S(=O)(=O)c1ccc2c(c1)c(=O)c(C(=O)N1CCN(c3ccccn3)CC1)cn2C,Non-blocker,Non-blocker,BRMKNYSVEADJFL-UHFFFAOYSA-N,BRMKNYSVEADJFL,PubChem,16000012,,0.412499994039536
COc1ccc(CNc2nnc(N3CCC4(CC3)CC(O)C4)c3ccc(C#N)cc23)cc1Cl,Blocker,Blocker,BROVXIYHWJSPHN-UHFFFAOYSA-N,BROVXIYHWJSPHN,eval_set_herg_60.csv,,,0.3125
Clc1ccc(-n2nnc(-c3cccnc3Cl)n2)cn1,Blocker,Non-blocker,BRPMLPWIXTVLLF-UHFFFAOYSA-N,BRPMLPWIXTVLLF,PubChem,16066528,,0.288135588169098
CC(=O)c1ccc(NC(=O)[C@@H](C)N(C)CC(=O)Nc2ccc(N3CCOCC3)cc2)cc1,Non-blocker,Blocker,BRTWMHNNDJEDJL-QGZVFWFLSA-N,BRTWMHNNDJEDJL,PubChem,4968353,,0.54237288236618
O=C(Nc1nc(-c2ccccc2Cl)cs1)c1cccnc1,Non-blocker,Non-blocker,BSEPVYLWWGAWBA-UHFFFAOYSA-N,BSEPVYLWWGAWBA,PubChem,1246088,,0.634615361690521
CC(=O)Oc1ccccc1C(=O)O,Non-blocker,Non-blocker,BSYNRYMUTXBXSQ-UHFFFAOYSA-N,BSYNRYMUTXBXSQ,eval_set_herg_60.csv,,,0.5
Nc1ccccc1NC(=O)c1ccc2nc(N3CCNCC3)ccc2c1,Non-blocker,Non-blocker,BSYRUCVRUZESMD-UHFFFAOYSA-N,BSYRUCVRUZESMD,eval_set_herg_70.csv,,,0.555555582046509
Clc1ccc(-c2ccc(Cl)c(Cl)c2Cl)c(Cl)c1Cl,Non-blocker,Non-blocker,BTAGRXWGMYTPBY-UHFFFAOYSA-N,BTAGRXWGMYTPBY,PubChem,38018,,0.5
COc1cccc(-c2cccc(C3(C)N=C(N)CN3C=O)c2)c1,Non-blocker,Non-blocker,BTAPSWASIYDXGD-UHFFFAOYSA-N,BTAPSWASIYDXGD,eval_set_herg_70.csv,,,0.679245293140411
COc1ccc(NC(=O)Cn2c(C)cc(=O)c3ccccc32)cc1,Non-blocker,Non-blocker,BTBCTQNMORAHED-UHFFFAOYSA-N,BTBCTQNMORAHED,PubChem,948294,,0.533333361148834
N#Cc1cccc2c1ncn2-c1ccc(C(=O)NC2CC2)s1,Non-blocker,Non-blocker,BTSBOPUPCYDVAJ-UHFFFAOYSA-N,BTSBOPUPCYDVAJ,data_herg_dev,,,0.706896543502808
F[C@@H]1CCNC[C@H]1c1c(-c2ccccc2)[nH]c2c(Cl)cccc12,Blocker,Blocker,BTWSXWRYWXPDBK-GDBMZVCRSA-N,BTWSXWRYWXPDBK,PubChem,10640055,11334570,0.702127635478973
CCOC(=O)c1cc(-c2ccccc2)nc2ccc(C)cc12,Non-blocker,Non-blocker,BUDBHJPMAKXMLD-UHFFFAOYSA-N,BUDBHJPMAKXMLD,eval_set_herg_70.csv,,,0.61224490404129
COc1ccccc1-c1oc2ccccc2c1C#CC1(O)CCCCC1,Non-blocker,Non-blocker,BUEAKWMWJMNBTN-UHFFFAOYSA-N,BUEAKWMWJMNBTN,PubChem,25058342,,0.470588237047195
C/C(=N\NC=O)c1ccncc1,Non-blocker,Non-blocker,BUGCXDDICVNIJU-YRNVUSSQSA-N,BUGCXDDICVNIJU,PubChem,9657196,,0.454545468091965
CC[N+](CC)CCNC(=O)c1ccc(NS(C)(=O)=O)cc1,Blocker,Non-blocker,BUYNGLCEYIRVDH-UHFFFAOYSA-N,BUYNGLCEYIRVDH,eval_set_herg_70.csv,,,0.448979586362839
CC(C)Oc1ncc(-c2nc(-c3ccc4c(c3)CCNCC4)no2)cc1C#N,Blocker,Blocker,BVAJDOKRKXCEOR-UHFFFAOYSA-N,BVAJDOKRKXCEOR,CUPID,44129293,21838322,0.534246563911438
CC(C)(O)CNC(=O)c1ccc(C(c2ccc(OCc3ccccn3)cc2)C(C)(C)C)cn1,Non-blocker,Non-blocker,BVHLJIHSMAAKFM-UHFFFAOYSA-N,BVHLJIHSMAAKFM,eval_set_herg_60.csv,,,0.600000023841858
CC(=O)N1CCc2nc(-c3ccc(OCCCN4CCC[C@H]4C)cc3)sc2C1,Blocker,Blocker,BVHNVGSFGLCREV-MRXNPFEDSA-N,BVHNVGSFGLCREV,eval_set_herg_60.csv,,,0.563380300998688
N#Cc1ccccc1NC(=O)COC(=O)CN1C(=O)[C@@H]2CCCC[C@H]2C1=O,Non-blocker,Non-blocker,BVMYGJLPATXSFV-ZIAGYGMSSA-N,BVMYGJLPATXSFV,PubChem,4205462,,0.484848499298096
CCCc1cc(C(=O)Nc2sc3c(c2C#N)CCC3)no1,Non-blocker,Non-blocker,BVRIVRRUMJNENF-UHFFFAOYSA-N,BVRIVRRUMJNENF,PubChem,5309527,,0.475409835577011
CC(=O)c1nn(-c2cccc(Br)c2)cc1C(=O)c1ccc2ccccc2c1,Non-blocker,Non-blocker,BVWGUQMSVNDTLJ-UHFFFAOYSA-N,BVWGUQMSVNDTLJ,PubChem,1214648,,0.376811593770981
CCOC(=O)C1(S(=O)(=O)c2ccccc2)CCN(Cc2ccccc2)CC1,Non-blocker,Non-blocker,BWFLVWOFJXJIIY-UHFFFAOYSA-N,BWFLVWOFJXJIIY,PubChem,2766338,,0.553571403026581
COC(=O)c1scc(S(=O)(=O)C(C)(C)C)c1N,Non-blocker,Non-blocker,BWGFQBTYIMTGIW-UHFFFAOYSA-N,BWGFQBTYIMTGIW,PubChem,2819475,,0.634146332740784
CNC[C@@H](c1ccc(Cl)c(Cl)c1)[C@@H](OC)c1cccc(NS(=O)(=O)C(F)(F)F)c1,Non-blocker,Blocker,BXBUTKPGTGJGTQ-YOEHRIQHSA-N,BXBUTKPGTGJGTQ,eval_set_herg_60.csv,,,0.484375
O=[N+]([O-])c1ccccc1CCl,Non-blocker,Blocker,BXCBUWKTXLWPSB-UHFFFAOYSA-N,BXCBUWKTXLWPSB,data_herg_dev,CHEMBL175193,,0.5
NC(=O)CNCCC(c1ccccc1)c1ccccc1,Blocker,Non-blocker,BYGXICRJQZKUPA-UHFFFAOYSA-N,BYGXICRJQZKUPA,data_herg_dev,CHEMBL1255662,,0.514285743236542
O=C1CC(Nc2ccccc2)=NN1c1ccccc1,Non-blocker,Non-blocker,BYHCBLSQLHOONI-UHFFFAOYSA-N,BYHCBLSQLHOONI,PubChem,135461894,,0.479999989271164
Cc1cccnc1CCNC(=O)C[C@@H]1C(=O)NCCN1CC1CCCCC1,Non-blocker,Non-blocker,BYXORYFINNDUCW-LJQANCHMSA-N,BYXORYFINNDUCW,PubChem,16191636,,0.56521737575531
CCOc1ccccc1N1CCN(C(=O)C(F)(F)F)CC1,Non-blocker,Non-blocker,BYZCRVDIHJSHCJ-UHFFFAOYSA-N,BYZCRVDIHJSHCJ,PubChem,873682,,0.517241358757019
CCOC(=O)Cn1nc(C(F)F)c(Br)c1C,Non-blocker,Non-blocker,BZFUGGJYLFKQBW-UHFFFAOYSA-N,BZFUGGJYLFKQBW,PubChem,3460028,,0.327272713184357
NC(=O)C1(c2ccc(F)cn2)CC2CCC(C1)N2C(c1ccccc1Cl)c1ccccc1Cl,Blocker,Blocker,BZGMTXHQYFWFDV-UHFFFAOYSA-N,BZGMTXHQYFWFDV,data_herg_dev,CHEMBL564020,,0.402985066175461
CNC[C@H](c1ccc2ccccc2c1)[C@H](OC)c1ccc2c(c1)OCO2,Non-blocker,Blocker,BZMNAEZFJDLGAL-DENIHFKCSA-N,BZMNAEZFJDLGAL,eval_set_herg_70.csv,,,0.68085104227066
Cc1ccccc1-c1nnc(CN2CCC(C)CC2)o1,Non-blocker,Non-blocker,BZWUEJYBGRFDLO-UHFFFAOYSA-N,BZWUEJYBGRFDLO,PubChem,24761557,,0.588235318660736
O=C1CN(CCc2ccc(F)cc2)CCN1[C@H]1CCc2cc(CNCC(F)(F)F)ccc2C1,Non-blocker,Blocker,BZZAXSZUWDZRBM-QHCPKHFHSA-N,BZZAXSZUWDZRBM,data_herg_dev,CHEMBL216103,,0.705882370471954
C[C@@H]1CCO[C@]2(O1)C(=O)Nc1ccccc12,Non-blocker,Non-blocker,CABHZQQZJZDWNZ-PRHODGIISA-N,CABHZQQZJZDWNZ,PubChem,2921040,,0.333333343267441
Cc1cc(C#N)nc(C)c1C(=O)N1CCC(C)(N2CCC(N3C(=O)N(C4CCOCC4)C[C@H]3c3ccccc3)CC2)CC1,Non-blocker,Blocker,CAWUSVSAJWVLIE-PMERELPUSA-N,CAWUSVSAJWVLIE,PubChem,46890344,20457517,0.457446813583374
CCC#CC[C@H](C)[C@H](O)/C=C/[C@H]1CCC(=O)N1CCCCCCC(=O)O,Non-blocker,Non-blocker,CBIUADIJQPJQEZ-VIDOSBHOSA-N,CBIUADIJQPJQEZ,data_herg_dev,CHEMBL4558749,,0.698412716388702
CC(C)NC(=O)CSCc1c(Cl)cccc1Cl,Non-blocker,Non-blocker,CBIVDKVLMQKERN-UHFFFAOYSA-N,CBIVDKVLMQKERN,PubChem,2467184,,0.590909063816071
C=C1C2CC3(C1O)C1CC4C5(C)CCC(O)C4(C1N(CC)C5)C3CC2=O,Non-blocker,Non-blocker,CBOSLVQFGANWTL-UHFFFAOYSA-N,CBOSLVQFGANWTL,eval_set_herg_70.csv,,,0.220930233597755
COC(=O)c1ccccc1NC(=O)CNC(=O)c1ccco1,Non-blocker,Non-blocker,CBPLAGGTAPCIPH-UHFFFAOYSA-N,CBPLAGGTAPCIPH,PubChem,1265073,,0.530612230300903
CC(C)OC(=O)CSc1nc(N)c(C#N)c(-c2ccco2)c1C#N,Non-blocker,Non-blocker,CBUIVCYBJOKTCZ-UHFFFAOYSA-N,CBUIVCYBJOKTCZ,PubChem,1861702,,0.523809552192688
CC[N+](CC)(CC)CC,Non-blocker,Non-blocker,CBXCPBUEXACCNR-UHFFFAOYSA-N,CBXCPBUEXACCNR,eval_set_herg_60.csv,,,0.411764711141586
Oc1cc(-c2cn[nH]c2)ccc1-c1ccc(N2CC3CNCC3C2)nn1,Blocker,Blocker,CCBCVDSDUWLFSE-UHFFFAOYSA-N,CCBCVDSDUWLFSE,PubChem,CUPID,,0.5
CC(C)(C)c1ccc2nc(C(C)(C)N)[nH]c2c1,Non-blocker,Non-blocker,CCGUDUAICHRNSB-UHFFFAOYSA-N,CCGUDUAICHRNSB,data_herg_dev,,84626694,0.489361703395844
COc1ccccc1CNCC(c1ccccc1)c1ccccc1,Non-blocker,Non-blocker,CCSNBFBXWPTYQY-UHFFFAOYSA-N,CCSNBFBXWPTYQY,PubChem,9509532,,0.567567586898804
CC(C)CN(C(=O)c1cccc(C(F)(F)F)c1Cl)C1CCNC1,Blocker,Blocker,CCXVQWDBHGEOJC-UHFFFAOYSA-N,CCXVQWDBHGEOJC,CUPID,CUPID,,0.709090888500214
CCOC(=O)c1cn2nc(-c3ccc(OCC)cc3)cc2nc1C1CCN(C(=O)OC(C)(C)C)CC1,Non-blocker,Non-blocker,CDAKFBHSPDXDRM-UHFFFAOYSA-N,CDAKFBHSPDXDRM,PubChem,9551262,,0.344086021184921
[NH2+]=C1[N]CC2c3ccccc3Cc3ccccc3N12,Blocker,Non-blocker,CDARLPUCXXLHNH-UHFFFAOYSA-O,CDARLPUCXXLHNH,eval_set_herg_70.csv,,,0.609756112098694
O=C(C1=C(O)C(=O)N(CCOCCO)[C@H]1c1ccccn1)c1ccccc1,Non-blocker,Non-blocker,CDKVKCXIQNIWFP-KRWDZBQOSA-N,CDKVKCXIQNIWFP,PubChem,5878100,,0.447761207818985
O=C(O)Cc1sc(-c2ccccc2)nc1-c1cccs1,Non-blocker,Non-blocker,CDQHUGOFVVCKHQ-UHFFFAOYSA-N,CDQHUGOFVVCKHQ,PubChem,723168,,0.636363625526428
COc1ccc(S(=O)(=O)N2c3ccc(Cl)cc3[C@@](O)(c3ccccc3Cl)[C@H]2C(=O)N2CCC[C@@H]2C(N)=O)cc1OC,Blocker,Non-blocker,CEBYCSRFKCEUSW-OKEQGEBHSA-N,CEBYCSRFKCEUSW,data_herg_dev,,60196272,0.378048777580261
COCCN1CCCC(Cn2c(-c3ccccc3C)nc3nc(-c4ccc(Cl)cc4)sc3c2=O)C1,Blocker,Blocker,CECBMNBUQKXZCK-UHFFFAOYSA-N,CECBMNBUQKXZCK,CUPID,CUPID,,0.634146332740784
CCNC(=O)Nc1cc2c(-c3ccnc(C)c3)ccc(CNC(=O)OC3CCNCC3(F)F)c2cn1,Blocker,Blocker,CEDOAZZFPILAKJ-UHFFFAOYSA-N,CEDOAZZFPILAKJ,data_herg_dev,CHEMBL4091332,,0.689189195632935
CCN(CC)C(=O)Cn1cc(C(=O)C(=O)N2CC=C(c3ccccc3)CC2)c2ccccc21,Non-blocker,Blocker,CESCCRNITIBUGD-UHFFFAOYSA-N,CESCCRNITIBUGD,PubChem,16194649,,0.457142859697342
CC(=O)c1sc(NC(=O)C=C(C)C)nc1C,Non-blocker,Non-blocker,CETPNMCFHWLATP-UHFFFAOYSA-N,CETPNMCFHWLATP,PubChem,733793,,0.522727251052856
Cc1onc(-c2ccccc2)c1C(N)=O,Non-blocker,Non-blocker,CFEABDMXHARUJU-UHFFFAOYSA-N,CFEABDMXHARUJU,PubChem,644844,,0.675675690174103
NCc1cccc(-c2cccc(COc3ccccc3CC(=O)O)c2)c1,Blocker,Non-blocker,CFIDHIDGDXATPD-UHFFFAOYSA-N,CFIDHIDGDXATPD,data_herg_dev,CHEMBL4468000,,0.469696968793869
CCCCNC(=O)Nc1ccc([C@@](O)(C(=O)OC)C(F)(F)F)cc1,Non-blocker,Non-blocker,CFPOKRPHFYVLTK-CQSZACIVSA-N,CFPOKRPHFYVLTK,PubChem,660191,,0.393442630767822
Cc1cc2occ(CC(=O)NNC(=O)c3ccccc3)c2cc1C,Non-blocker,Non-blocker,CFZSUXAXNFTGPO-UHFFFAOYSA-N,CFZSUXAXNFTGPO,PubChem,18079669,,0.590909063816071
Cc1cccc(NC(=O)C[C@H]2S/C(=N/c3nccs3)N(C)C2=O)c1,Non-blocker,Non-blocker,CFZTVNPUPMJBGS-OHEASWGXSA-N,CFZTVNPUPMJBGS,PubChem,5786688,,0.407407402992249
COc1ccc(CC(=O)NC2CCN(Cc3nnnn3C(C)(C)C)CC2)cc1OC,Non-blocker,Non-blocker,CGJJZPKRBJGHMN-UHFFFAOYSA-N,CGJJZPKRBJGHMN,PubChem,652756,,0.438356161117554
CCCCC(CC)COP(=O)(Oc1ccccc1)Oc1ccccc1,Non-blocker,Non-blocker,CGSLYBDCEGBZCG-UHFFFAOYSA-N,CGSLYBDCEGBZCG,data_herg_dev,,14716,0.425925940275192
COc1ccc(NC(=O)c2cccc3c(Br)cccc23)cc1,Non-blocker,Non-blocker,CHPLHBZZKHCNKN-UHFFFAOYSA-N,CHPLHBZZKHCNKN,PubChem,1106143,,0.67441862821579
COc1cccc(/C=N/NC(=O)CNC(=O)c2cccnc2)c1O,Non-blocker,Non-blocker,CHQUHSHJFVPSMM-DJKKODMXSA-N,CHQUHSHJFVPSMM,PubChem,135549590,,0.584615409374237
CN(CC(=O)NCc1cccc(F)c1)C(=O)c1ccco1,Non-blocker,Blocker,CJLWKJDPSUMVEH-UHFFFAOYSA-N,CJLWKJDPSUMVEH,PubChem,3239530,,0.508474588394165
COc1ccc2ncc(=O)c(CCC34CCC(NCc5ccc6c(n5)NC(=O)CO6)(CC3)CO4)c-2[nH]1,Blocker,Blocker,CJMXSOYMIMJWMM-UHFFFAOYSA-N,CJMXSOYMIMJWMM,eval_set_herg_70.csv,,,0.627906978130341
CCC(=O)N(CC1(N2CCN(Cc3ccccc3)CC2)CC1)c1ccccc1F,Blocker,Blocker,CJPSXNUMUGKDSS-UHFFFAOYSA-N,CJPSXNUMUGKDSS,CUPID,126509438,34236190,0.706896543502808
CC[C@H](Cc1ccccc1)NC(=O)C1CCCCC1,Non-blocker,Non-blocker,CJVSMQUQSJMRCR-MRXNPFEDSA-N,CJVSMQUQSJMRCR,PubChem,2971987,,0.489361703395844
N#Cc1cccc(NC(=O)c2nc(-c3ccccc3)n(-c3ccccc3)n2)c1,Non-blocker,Blocker,CKAFCEJUHNMRHZ-UHFFFAOYSA-N,CKAFCEJUHNMRHZ,PubChem,2161667,,0.462962955236435
CC/C(=C(\c1ccccc1)c1ccc(OCC[N+](C)C)cc1)c1ccccc1,Blocker,Blocker,CKMHNXQNOFEKDS-QPLCGJKRSA-N,CKMHNXQNOFEKDS,eval_set_herg_70.csv,,,0.666666686534882
N#Cc1c(N2C(=O)[C@@H]3[C@H](C2=O)[C@H]2C=C[C@@H]3C2)sc2c1CCC2,Non-blocker,Non-blocker,CLCLLWZMEUUPMJ-LPQAMYBRSA-N,CLCLLWZMEUUPMJ,PubChem,3244376,,0.604166686534882
Cc1cc(C)n(C(=O)CSc2nc3ccccc3o2)n1,Non-blocker,Non-blocker,CLJVWENMJSPRNG-UHFFFAOYSA-N,CLJVWENMJSPRNG,PubChem,658327,,0.444444447755814
O=C(NCC(O)CN1CCC(Oc2ccc(Cl)c(Cl)c2)CC1)n1c(=O)[nH]c2ccccc21,Blocker,Blocker,CLQMFOOMFPNKNA-UHFFFAOYSA-N,CLQMFOOMFPNKNA,PubChem,CUPID,,0.657534241676331
OCCCC1CCCCC1,Non-blocker,Non-blocker,CLYAQFSQLQTVNO-UHFFFAOYSA-N,CLYAQFSQLQTVNO,PubChem,70763,,0.333333343267441
N#Cc1ccc(CN2CC3CN(CCS(=O)(=O)Nc4ccc(C#N)cc4)CC(C2)O3)cc1,Non-blocker,Non-blocker,CMBXDRXQIOEUGQ-UHFFFAOYSA-N,CMBXDRXQIOEUGQ,data_herg_dev,CHEMBL3946853,,0.636363625526428
COCc1c(Cl)ccc2c1CCC2c1ncc[nH]1,Non-blocker,Blocker,CMNAOKMSNCWOHS-UHFFFAOYSA-N,CMNAOKMSNCWOHS,eval_set_herg_60.csv,,,0.253968268632889
COc1ccccc1C[C@@H](NC(C)=O)C(=O)NC1CCN(C(=O)c2ccc(C)cc2)CC1,Non-blocker,Non-blocker,CNAIEAGFKKNPAE-JOCHJYFZSA-N,CNAIEAGFKKNPAE,PubChem,3227033,,0.602941155433655
COc1cc(/C=C(\C#N)C(=O)Nc2ccc3ccccc3c2)c([N+](=O)[O-])cc1OC,Non-blocker,Non-blocker,CNGKTZCNXQMODT-RQZCQDPDSA-N,CNGKTZCNXQMODT,PubChem,1118789,,0.477611929178238
O=C(O)c1cc(Cl)cc(Cl)c1O,Non-blocker,Non-blocker,CNJGWCQEGROXEE-UHFFFAOYSA-N,CNJGWCQEGROXEE,data_herg_dev,,9445,0.448275864124298
O=C(NC1CCCCC1)c1ccc(S(=O)(=O)NCc2cccnc2)cc1,Non-blocker,Non-blocker,CNSDZXRUJHLHSO-UHFFFAOYSA-N,CNSDZXRUJHLHSO,PubChem,648798,,0.647058844566345
CN1CCN(c2ncc(C(=O)Nc3ccc(OC(F)(F)F)cc3)cc2-c2cncnc2)CC1,Blocker,Blocker,CNTAQWMENZCDOK-UHFFFAOYSA-N,CNTAQWMENZCDOK,CUPID,118198923,30137981,0.661764681339264
CN(CC(=O)Nc1c(Cl)cccc1Cl)C(=O)c1cc(S(=O)(=O)N(C)C)ccc1N1CCCC1,Non-blocker,Non-blocker,CNYJQDPPYWISRF-UHFFFAOYSA-N,CNYJQDPPYWISRF,PubChem,24980639,,0.703125
Cc1cc(C(N)=O)c(-c2cccc(OC(=O)NCCN3CCN(c4ccccc4)CC3)c2)s1,Blocker,Blocker,COGCORROFSOJTQ-UHFFFAOYSA-N,COGCORROFSOJTQ,PubChem,155560181,31518969,0.666666686534882
O=C(Nc1ccc2[nH]c3c(c2c1)CCCC3)c1ccco1,Non-blocker,Non-blocker,CONWFXWOGDRZKN-UHFFFAOYSA-N,CONWFXWOGDRZKN,PubChem,852322,,0.452830195426941
CCCCC[C@@H](C)OC(=O)COc1ccc(Cl)c2cccnc12,Non-blocker,Blocker,COYBRKAVBMYYSF-CYBMUJFWSA-N,COYBRKAVBMYYSF,PubChem,93528,,0.40625
CC(C)OCCCNC(=S)Nc1ccc2nc3n(c(=O)c2c1)CCCCC3,Non-blocker,Non-blocker,COZNEFMIWQRBKV-UHFFFAOYSA-N,COZNEFMIWQRBKV,PubChem,3272880,,0.707692325115204
Cn1ccc(Cn2cc(-c3cccc(OC(F)(F)F)c3)cn2)n1,Blocker,Blocker,CPBUZCHPDATVEU-UHFFFAOYSA-N,CPBUZCHPDATVEU,eval_set_herg_70.csv,,,0.660714268684387
O=[N+]([O-])c1ccc2c(c1)ncn2Cc1ccc(O)c2ncccc12,Non-blocker,Non-blocker,CPIHNVDLTFAAEW-UHFFFAOYSA-N,CPIHNVDLTFAAEW,data_herg_dev,CHEMBL4518465,,0.666666686534882
CCOC(=O)C1(Cc2ccccc2)CCN(Cc2cccc(OC)c2O)CC1,Non-blocker,Non-blocker,CPJKJYRQDTXRIM-UHFFFAOYSA-N,CPJKJYRQDTXRIM,data_herg_dev,CHEMBL591887,,0.655737698078156
Cc1ccc(C(=O)Nc2ccc(C(=O)O)cc2NC(=O)c2ccc(C)cc2)cc1,Non-blocker,Non-blocker,CPMAIBZPAIATEN-UHFFFAOYSA-N,CPMAIBZPAIATEN,PubChem,1296278,,0.459459453821182
Cc1ccccc1-c1cccc([C@@H]2C[C@H]3[C@H](CON3C)CN2Cc2cc(Cl)cc(Cl)c2)c1,Blocker,Non-blocker,CPYGRADTGOLGHJ-CAVYSCNFSA-N,CPYGRADTGOLGHJ,PubChem,44825809,,0.553846180438995
CCN1C[C@]2(COC)CCC(O)[C@]34C5C[C@]6(O)C(OC)C(O)[C@@](OC(=O)c7ccc(OC)c(OC)c7)(C5[C@H]6O)[C@H](C13)[C@H](OC)C24,Blocker,Non-blocker,CQEJOMCUMORDJA-IGMYMOLDSA-N,CQEJOMCUMORDJA,eval_set_herg_60.csv,,,0.287356317043304
N#Cc1c(O)nc(SCC(=O)Nc2nnc(C(F)(F)F)s2)nc1-c1ccccc1,Non-blocker,Non-blocker,CQEQGGXCAPZJAB-UHFFFAOYSA-N,CQEQGGXCAPZJAB,PubChem,135455188,,0.533333361148834
Cc1nc(CSc2nsc(C)c2C#N)cs1,Non-blocker,Non-blocker,CQMDYUHWQPQXFN-UHFFFAOYSA-N,CQMDYUHWQPQXFN,PubChem,3599723,,0.660000026226044
CCN(CC(=O)Nc1c(F)cccc1F)C(=O)CSc1nc2ccccc2o1,Non-blocker,Non-blocker,CQMPTFLDFJZJTH-UHFFFAOYSA-N,CQMPTFLDFJZJTH,PubChem,24981549,,0.633333325386047
CC(O)CN(C)C1CCN(c2ccc(Nc3ncc4c5ccncc5n(C5CCC(C)CC5)c4n3)nn2)CC1,Blocker,Blocker,CQMZJAORBQTGTR-UHFFFAOYSA-N,CQMZJAORBQTGTR,CUPID,CUPID,,0.595505595207214
Cc1cc(S(=O)(=O)N(Cc2ccccc2Cl)c2ccc3c(c2)CCC3)ccc1-n1cnnn1,Non-blocker,Non-blocker,CQVDNJSFDLCPMI-UHFFFAOYSA-N,CQVDNJSFDLCPMI,PubChem,1451986,,0.469135791063309
CCCC1=N[N+](C)=C2C(=O)N=C(c3cc(S(=O)(=O)N4CC[NH+](C)CC4)ccc3OCC)N=C12,Non-blocker,Non-blocker,CRIDMDBQMURTEF-UHFFFAOYSA-O,CRIDMDBQMURTEF,eval_set_herg_60.csv,,,0.420454531908035
O=S(=O)(c1ccc2c(c1)CCNCC2)N1CCC(Cc2ccccc2Cl)C1,Blocker,Blocker,CRKULVZQVREUJN-UHFFFAOYSA-N,CRKULVZQVREUJN,eval_set_herg_70.csv,,,0.649999976158142
Cc1c(C(=O)OCC(=O)N(CC(C)C)c2c(N)n(Cc3ccccc3)c(=O)[nH]c2=O)oc2ccccc12,Non-blocker,Non-blocker,CRMCDZKRQHJZLX-UHFFFAOYSA-N,CRMCDZKRQHJZLX,PubChem,25162355,,0.628205120563507
NS(=O)(=O)c1cc(NC(=O)Cc2ccccc2)ccc1Oc1cccc(Cl)c1,Non-blocker,Blocker,CSJYMAFXYMYNCK-UHFFFAOYSA-N,CSJYMAFXYMYNCK,data_herg_dev,CHEMBL4521594,,0.436619728803635
C[C@H]1CC(=O)NN=C1c1ccc(OC2CCN(C3CCC3)CC2)cc1,Non-blocker,Non-blocker,CSSVMZXGVYOUCF-AWEZNQCLSA-N,CSSVMZXGVYOUCF,eval_set_herg_70.csv,,,0.590163946151733
C[N+](C)(C)c1ncnc2c1ncn2[C@H]1CCCCO1,Non-blocker,Blocker,CSZQANOPEOXSKZ-SNVBAGLBSA-N,CSZQANOPEOXSKZ,PubChem,413926,,0.673913061618805
Cc1ccccc1-c1cc2nc(C)c(Cl)c(O)n2n1,Non-blocker,Non-blocker,CUGAPXWHQQAXTC-UHFFFAOYSA-N,CUGAPXWHQQAXTC,PubChem,810723,,0.360000014305115
N#C[C@@H]1C[C@H](F)CN1C(=O)[C@@H](N)Cc1cscn1,Non-blocker,Non-blocker,CUPCYUWUZVDHKW-HGNGGELXSA-N,CUPCYUWUZVDHKW,data_herg_dev,CHEMBL3127986,,0.548387110233307
CCC(O)c1ccc(Br)cc1NC(=O)c1cccc(Cl)c1,Non-blocker,Non-blocker,CUWSCNYUVZAUCL-UHFFFAOYSA-N,CUWSCNYUVZAUCL,data_herg_dev,CHEMBL529919,,0.419999986886978
COc1ccc2nccc([C@@H]3CN(C4CCN(Cc5cc6ccccc6[nH]5)CC4)C(=O)O3)c2c1,Blocker,Blocker,CUWYXEKZVGDQDJ-SANMLTNESA-N,CUWYXEKZVGDQDJ,PubChem,16112836,17267215,0.349999994039536
CCCC[C@@H](CC)C(=O)NCCc1ccc(S(N)(=O)=O)cc1,Non-blocker,Non-blocker,CVJDMKIHWMZJJW-CQSZACIVSA-N,CVJDMKIHWMZJJW,PubChem,2904652,,0.509803950786591
Cc1oc(-c2ccccc2F)nc1CS(=O)(=O)CC(=O)NCCCN1C[C@H](C)C[C@@H](C)C1,Non-blocker,Non-blocker,CVMKGGFPFPVYKR-IAGOWNOFSA-N,CVMKGGFPFPVYKR,PubChem,20860844,,0.567567586898804
CO[P@@](=S)(Oc1cc(Cl)c(Br)cc1Cl)c1ccccc1,Non-blocker,Non-blocker,CVRALZAYCYJELZ-LJQANCHMSA-N,CVRALZAYCYJELZ,PubChem,30709,,0.400000005960465
CCOC(=O)c1c(N)sc(C(=O)Nc2ccc3c(c2)OCO3)c1C,Non-blocker,Non-blocker,CWEXNJGCFLHLPU-UHFFFAOYSA-N,CWEXNJGCFLHLPU,PubChem,846401,,0.637931048870087
CS(=O)(=O)NCc1nnc(SCc2c(F)cccc2Cl)o1,Non-blocker,Non-blocker,CWMHYASFNSBFOP-UHFFFAOYSA-N,CWMHYASFNSBFOP,PubChem,1438565,,0.434782594442368
CC(C)N1CCC2(CC1)N[C@@H](C(=O)O)Cc1c2[nH]c2ccccc12,Non-blocker,Non-blocker,CWTAWOWBRXFHAJ-MRXNPFEDSA-N,CWTAWOWBRXFHAJ,PubChem,4587425,,0.393939405679703
O=C(/C=C/c1ccc(O)c(O)c1)OC1C[C@](O)(C(=O)O)C[C@@H](O)[C@H]1O,Non-blocker,Non-blocker,CWVRJTMFETXNAD-VQWGVLBKSA-N,CWVRJTMFETXNAD,data_herg_dev,CHEMBL1419611,,0.4375
NCCc1c[nH]c(=S)n1[C@H]1COc2c(F)cc(F)cc2C1,Blocker,Non-blocker,CWWWTTYMUOYSQA-LLVKDONJSA-N,CWWWTTYMUOYSQA,eval_set_herg_60.csv,,,0.215189874172211
N#Cc1nc(CCCNc2ccccn2)cc(-c2cccc(C(F)(F)F)c2)n1,Blocker,Blocker,CXDMEJPMIGCWHH-UHFFFAOYSA-N,CXDMEJPMIGCWHH,PubChem,52944637,20843687,0.70175439119339
Cl.c1ccc(CN[C@@H]2CN(Cc3ccccc3)C[C@H]2c2ccccc2)cc1,Blocker,Blocker,PRNUXVLWLPTWTR-BJKOFHAPSA-N,CXKROPGWLZLXCH,data_herg_dev,CHEMBL2401784,,0.692307710647583
CCOc1ccccc1NC(=O)Cn1nnc(C(=O)NCc2ccco2)c1N,Non-blocker,Non-blocker,CXNFECFBSYNUCV-UHFFFAOYSA-N,CXNFECFBSYNUCV,PubChem,3236382,,0.469135791063309
CCOC(=O)Cc1csc(NC(=S)/N=C(\O)c2ccccc2Br)n1,Blocker,Blocker,CXNSVSMYHQZWIC-UHFFFAOYSA-N,CXNSVSMYHQZWIC,PubChem,1235011,,0.677419364452362
CC[C@@]1(Cc2ccccc2)NC(=O)c2ccccc2O1,Non-blocker,Non-blocker,CXVCOIDGWFPMBV-QGZVFWFLSA-N,CXVCOIDGWFPMBV,PubChem,2852893,,0.310344815254211
F[C@@H](CCN1CCc2ccccc2CC1)Cc1ccccc1,Blocker,Blocker,CXVLJOUFQITMLT-FQEVSTJZSA-N,CXVLJOUFQITMLT,PubChem,155563660,31129453,0.704545438289642
CCCC[C@H]1CN(CC2CCOCC2)C(=O)OC12CCN(C1(C)CCN(C(=O)c3c(C)ncnc3C)CC1)CC2,Blocker,Blocker,CXXVJZRGOOIVOD-SANMLTNESA-N,CXXVJZRGOOIVOD,PubChem,44555481,19674898,0.393617033958435
CCCCCCCCCCCCc1ccccc1O,Non-blocker,Non-blocker,CYEJMVLDXAUOPN-UHFFFAOYSA-N,CYEJMVLDXAUOPN,eval_set_herg_70.csv,,,0.555555582046509
COc1cc(NC(=O)C2CCN(c3cnccn3)CC2)cc(OC)c1OC,Non-blocker,Non-blocker,CYXBFRZQTIROBN-UHFFFAOYSA-N,CYXBFRZQTIROBN,PubChem,23609712,,0.684210538864136
O[C@@H]1COC[C@H]1Nc1nc(Nc2cc(Cl)cc(Cl)c2)ncc1Br,Blocker,Blocker,CYYFQJUQUMBOSB-VXGBXAGGSA-N,CYYFQJUQUMBOSB,data_herg_dev,CHEMBL2312657,,0.672413766384125
O=C1c2ccc(OCc3ccccc3)cc2CCC1CCN1CCC(c2ccccc2)CC1,Blocker,Blocker,CYZOBDVPCDGVGS-UHFFFAOYSA-N,CYZOBDVPCDGVGS,eval_set_herg_60.csv,,,0.391304343938828
COC(=O)COc1ccc([C@H]2NC(=O)NC(c3ccccc3)=C2C(C)=O)cc1Br,Non-blocker,Non-blocker,CZLGAIBOTMFVDJ-HXUWFJFHSA-N,CZLGAIBOTMFVDJ,PubChem,2978916,,0.530303001403809
CCCCNC(=O)c1ccccc1C(=O)NC1(C(=O)NCCCC)CCCC1,Blocker,Non-blocker,CZMVRLJXPGJEPT-UHFFFAOYSA-N,CZMVRLJXPGJEPT,PubChem,254457,,0.393939405679703
CC(C)n1c(S)nnc1-c1ccc(C(C)(C)C)cc1,Non-blocker,Non-blocker,DAEFPNAAMHBGJW-UHFFFAOYSA-N,DAEFPNAAMHBGJW,PubChem,970189,,0.466666668653488
C[C@@H]1CCCN1CCc1cc2cc(-c3cn[nH]c3)ccc2o1,Blocker,Blocker,DATDVQKGDSNVRT-CYBMUJFWSA-N,DATDVQKGDSNVRT,eval_set_herg_70.csv,,,0.694915235042572
COc1ccc2nccc(C3CN(C4CCN(Cc5ccc(C)c(C)c5)CC4)C(=O)O3)c2c1,Blocker,Blocker,DBMAUWVASVSMOE-UHFFFAOYSA-N,DBMAUWVASVSMOE,CUPID,CUPID,,0.370786517858505
O=C1CC2(CCCCC2)Oc2ccccc21,Non-blocker,Blocker,DBQLMDVZSFDTRL-UHFFFAOYSA-N,DBQLMDVZSFDTRL,PubChem,11106781,,0.510204076766968
CC1(C)C[C@]2(O[C@@H]2c2ccccc2)C(=O)c2ccccc21,Non-blocker,Non-blocker,DBSWOIVXLYIEDN-MJGOQNOKSA-N,DBSWOIVXLYIEDN,PubChem,314722,,0.341463416814804
O=C1OC2(c3ccccc31)c1cc(Br)c(O)c(Br)c1Oc1c2cc(Br)c(O)c1Br,Non-blocker,Non-blocker,DBZJJPROPLPMSN-UHFFFAOYSA-N,DBZJJPROPLPMSN,eval_set_herg_70.csv,,,0.67441862821579
CSCC[C@@H](N/C=C1\C(=O)NC(=O)N(c2ccc(Br)cc2)C1=O)C(=O)OC(C)(C)C,Non-blocker,Non-blocker,DCHVZOHFSKBYSQ-ATGUSINASA-N,DCHVZOHFSKBYSQ,PubChem,3886084,,0.363636374473572
C=C(C)COc1ccc(-c2nc(N)ncc2Oc2ccc(OC)cc2)c(O)c1,Non-blocker,Non-blocker,DCWVJNHRWVAOOD-UHFFFAOYSA-N,DCWVJNHRWVAOOD,PubChem,665557,,0.484375
Nc1ccc(S(=O)(=O)Nc2nccc(/C=C/c3ccc(Br)s3)n2)cc1,Non-blocker,Non-blocker,DCYZLTSBWTZACF-ONEGZZNKSA-N,DCYZLTSBWTZACF,PubChem,5730684,,0.631578922271729
CC(C)C[C@@H](NS(=O)(=O)c1ccc2c(c1)oc(=O)n2C)C(=O)NCc1cccnc1,Non-blocker,Non-blocker,DDCQCKZBSJRRSG-MRXNPFEDSA-N,DDCQCKZBSJRRSG,PubChem,5307698,,0.493975907564163
CCOc1ccccc1NC(=O)C1CCN(C(=O)NCc2ccccc2)CC1,Non-blocker,Non-blocker,DDERTTDOTBXLMN-UHFFFAOYSA-N,DDERTTDOTBXLMN,PubChem,3222770,,0.50877195596695
Cc1ccc(CSCc2nnc(SCC(=O)N3CCN(c4ccccc4)CC3)n2C)cc1,Non-blocker,Non-blocker,DDFYAFXVSKTMKB-UHFFFAOYSA-N,DDFYAFXVSKTMKB,PubChem,1022010,,0.584615409374237
Fc1ccc2c(C3C[NH2+]CCC3F)c(C3CCCCCC3)[nH]c2c1,Blocker,Blocker,DDHVVNWORMJVLB-UHFFFAOYSA-O,DDHVVNWORMJVLB,eval_set_herg_70.csv,,,0.673076927661896
N#Cc1cccc(CN(c2cccc3[nH]ccc23)C2CCNCC2)c1,Blocker,Blocker,DDKSIYXBCQRCLZ-UHFFFAOYSA-N,DDKSIYXBCQRCLZ,eval_set_herg_70.csv,,,0.641509413719177
Cc1ncc2n1-c1ccc(Cl)cc1C(c1ccccc1F)=NC2,Blocker,Non-blocker,DDLIGBOFAVUZHB-UHFFFAOYSA-N,DDLIGBOFAVUZHB,eval_set_herg_60.csv,,,0.507936537265778
Cn1cc(Cn2cc(-c3ccc(F)c(C(C)(F)F)c3)cn2)cn1,Blocker,Blocker,DDNUGAKPXYMUKR-UHFFFAOYSA-N,DDNUGAKPXYMUKR,eval_set_herg_70.csv,,,0.680000007152557
Cc1ccc(-c2nc3cc(Br)cnc3nc2-c2ccc(C)cc2)cc1,Blocker,Non-blocker,DDOAPVLJUQBFRW-UHFFFAOYSA-N,DDOAPVLJUQBFRW,PubChem,2544769,,0.357142865657806
COC1=CC(=O)C[C@@H](C)[C@]12Oc1c(Cl)c(OC)cc(OC)c1C2=O,Non-blocker,Non-blocker,DDUHZTYCFQRHIY-RBHXEPJQSA-N,DDUHZTYCFQRHIY,data_herg_dev,CHEMBL562,,0.264705896377564
CC(=O)c1c(O)c(C)c(O)c(Cc2c(O)c3c(c(C(=O)C=Cc4ccccc4)c2O)OC(C)(C)C=C3)c1O,Blocker,Blocker,DEZFNHCVIZBHBI-UHFFFAOYSA-N,DEZFNHCVIZBHBI,eval_set_herg_60.csv,,,0.309859156608582
CCCC[C@H]1COCCS(=O)(=O)N1Cc1cccc([N+](=O)[O-])c1,Non-blocker,Non-blocker,DEZHLFWDQRRFOT-HNNXBMFYSA-N,DEZHLFWDQRRFOT,PubChem,24789452,,0.453125
CC(C)Oc1ccccc1[C@]1(O)C(N)=Nc2ccc(Cl)cc21,Blocker,Non-blocker,DFHFANKUDVSVRU-QGZVFWFLSA-N,DFHFANKUDVSVRU,eval_set_herg_60.csv,,,0.290909081697464
Nc1ccnc(N2CCC(C(=O)Nc3ccc4ccccc4n3)(c3ccccc3)CC2)c1,Blocker,Blocker,DFQNSXQWRIMKRB-UHFFFAOYSA-N,DFQNSXQWRIMKRB,PubChem,44573249,19231185,0.56521737575531
CCOCC(=O)N1CCN(c2cccc(Cl)c2)CC1,Non-blocker,Non-blocker,DGBFRCGWRMUYGD-UHFFFAOYSA-N,DGBFRCGWRMUYGD,PubChem,2162986,,0.560000002384186
CC(C)Oc1ccc(C(=O)Nc2cccc(S(=O)(=O)N3CCCC3)c2)cc1,Non-blocker,Blocker,DGRZUJGNHACFSI-UHFFFAOYSA-N,DGRZUJGNHACFSI,PubChem,4875100,,0.600000023841858
CN(C)CCCNc1cc(-c2ccccc2)nc2cc(-c3cccc(F)c3)nn12,Non-blocker,Non-blocker,DGZNIXGYVXEUIZ-UHFFFAOYSA-N,DGZNIXGYVXEUIZ,PubChem,3230059,,0.447761207818985
COc1ccc(NC(=O)CSc2ccc3c4c(cccc24)C(=O)c2ccccc2-3)cc1,Non-blocker,Non-blocker,DHGLAYBCLKFLFD-UHFFFAOYSA-N,DHGLAYBCLKFLFD,PubChem,4966967,,0.432835817337036
O[C@H](CCN1CCOCC1)c1ccccc1,Non-blocker,Blocker,DHICSGDXKJEROZ-CYBMUJFWSA-N,DHICSGDXKJEROZ,PubChem,3152333,,0.487179487943649
COc1cc(C=C2CCCC(=Cc3ccc(O)c(OC)c3)C2=O)ccc1O,Non-blocker,Non-blocker,DHKKONBXGAAFTB-UHFFFAOYSA-N,DHKKONBXGAAFTB,data_herg_dev,,11366,0.489795923233032
CC1CCN(c2nc3c(c(=O)n(C)c(=O)n3C)n2CCSc2ncccn2)CC1,Non-blocker,Non-blocker,DHNNPSNANXSWGW-UHFFFAOYSA-N,DHNNPSNANXSWGW,PubChem,4124189,,0.661538481712341
COc1ccc(N(C[C@H](O)Cn2c(C)nc3ccccc32)S(=O)(=O)c2ccc(C)cc2)cc1,Non-blocker,Non-blocker,DINSBPGJMCGVAB-OAQYLSRUSA-N,DINSBPGJMCGVAB,PubChem,2909411,,0.438356161117554
CCCn1c(N)c(N(CCOC)C(=O)c2ccc(F)cc2)c(=O)[nH]c1=O,Non-blocker,Non-blocker,DIRMBWCPAHRQRP-UHFFFAOYSA-N,DIRMBWCPAHRQRP,PubChem,4791020,,0.609375
O=C(COC(=O)c1ccc([N+](=O)[O-])o1)Nc1ccc(N2CCOCC2)cc1,Non-blocker,Non-blocker,DJBUMMMLRLAOAF-UHFFFAOYSA-N,DJBUMMMLRLAOAF,PubChem,2387258,,0.532258093357086
Cc1c(Cl)ccc(OC2CCN(C3CCN(S(=O)(=O)/N=C(\O)c4ccccc4)CC3)CC2)c1Cl,Non-blocker,Blocker,DJGWTFPDOGEBKS-UHFFFAOYSA-N,DJGWTFPDOGEBKS,PubChem,23102749,23031591,0.506666660308838
CCc1ccc(NC(=O)[C@@H]2CCCN(S(=O)(=O)c3c(C)nc(O)[nH]c3=O)C2)cc1,Non-blocker,Non-blocker,DJHXYJDANYMMNY-CQSZACIVSA-N,DJHXYJDANYMMNY,PubChem,15989748,,0.444444447755814
O=C(NCCCN1CCOCC1)c1cc(-c2ccc(Br)cc2)nc2ccccc12,Non-blocker,Non-blocker,DJQAYSUYCLGAPN-UHFFFAOYSA-N,DJQAYSUYCLGAPN,PubChem,2163809,,0.600000023841858
Oc1c(F)cc(Br)cc1CNCC12CC3CC(CC(C3)C1)C2,Non-blocker,Non-blocker,DKGJJHRTQVTXNQ-UHFFFAOYSA-N,DKGJJHRTQVTXNQ,data_herg_dev,CHEMBL3393869,,0.52173912525177
CC(C)CN(C(=O)C1=NN(c2ccccc2)C(=O)CC1)c1c(N)n(Cc2ccccc2)c(=O)[nH]c1=O,Non-blocker,Non-blocker,DKQBWYOEWVZBNI-UHFFFAOYSA-N,DKQBWYOEWVZBNI,PubChem,16303751,,0.57534247636795
Oc1c(/N=N/c2ccccn2)ccc2ccccc12,Non-blocker,Blocker,DKWJRBBUVAQOAC-ISLYRVAYSA-N,DKWJRBBUVAQOAC,PubChem,2831996,,0.488888889551163
Cc1noc(-c2cnc(Nc3cnc(C#N)cn3)cc2NCC2CCNCC2)n1,Blocker,Blocker,DLCWOIUMTMBPNM-UHFFFAOYSA-N,DLCWOIUMTMBPNM,data_herg_dev,CHEMBL4752942,,0.661538481712341
Cc1cccc(-n2ncc3c(N4C[C@H](C)C[C@@H](C)C4)ncnc32)c1,Non-blocker,Non-blocker,DLJHKUKZXUWCQO-HUUCEWRRSA-N,DLJHKUKZXUWCQO,PubChem,3709075,,0.588235318660736
O[C@@H]1c2ccc(OCc3ccccc3-c3ccccc3)cc2CC[C@H]1CCN1CCC(c2ccccc2)CC1,Blocker,Blocker,DMAQQUULTGXWQK-ARPOTICCSA-N,DMAQQUULTGXWQK,eval_set_herg_60.csv,,,0.371794879436493
CCCC[n+]1ccn(-c2nc3ccccc3nc2NS(=O)(=O)c2ccccc2)c1,Non-blocker,Non-blocker,DMECQUIIQRMTBD-UHFFFAOYSA-N,DMECQUIIQRMTBD,PubChem,1595670,,0.416666656732559
CC[N+](CC)(CC(=O)Nc1c(C)cccc1C)Cc1ccccc1.O=C1N=S(=O)([O-])c2ccccc21,Non-blocker,Non-blocker,DMRHOZBCVOAFHR-UHFFFAOYSA-N,DMRHOZBCVOAFHR,eval_set_herg_70.csv,,,0.666666686534882
COC(=O)CSc1ncccc1-c1nc2ccccc2[nH]1,Non-blocker,Non-blocker,DNANXWGYBGVEIX-UHFFFAOYSA-N,DNANXWGYBGVEIX,PubChem,645213,,0.456140339374542
Nc1ccc(C(=O)N/N=C/c2c[nH]c3ccccc23)cc1,Non-blocker,Non-blocker,DNOUEHZWQLCZLP-VXLYETTFSA-N,DNOUEHZWQLCZLP,PubChem,135786406,,0.645833313465118
C/C=C(\C)C(=O)Nc1cccc(C2=NO[C@@]3(C2)C[C@H](C(N)=O)N(C(=O)C(c2ccccc2)c2ccccc2)C3)c1,Non-blocker,Non-blocker,DNQFBEJTLBDYIK-ORXYPAPZSA-N,DNQFBEJTLBDYIK,PubChem,16681921,,0.615384638309479
C=CC1CN2CCC1C[C@H]2[C@@](C)(O)c1ccnc2ccc(OC)cc12,Non-blocker,Blocker,DNZPRATYNIWQSM-FYPKQTSISA-N,DNZPRATYNIWQSM,eval_set_herg_70.csv,,,0.651515126228333
O=c1oc2ccccc2c(O)c1Cc1c(O)c2ccccc2oc1=O,Blocker,Blocker,DOBMPNYZJYQDGZ-UHFFFAOYSA-N,DOBMPNYZJYQDGZ,data_herg_dev,,54676038,0.558139562606812
COC(=O)c1ccc(NC(=O)CSc2nc(=O)cc(N)n2-c2ccccc2)cc1,Non-blocker,Non-blocker,DOIVUIMOHLEYDI-UHFFFAOYSA-N,DOIVUIMOHLEYDI,PubChem,1308533,,0.483870953321457
CN(C/C=C/C#CC(C)(C)C)Cc1cccc2ccccc12,Blocker,Non-blocker,DOMXUEMWDBAQBQ-WEVVVXLNSA-N,DOMXUEMWDBAQBQ,eval_set_herg_70.csv,,,0.622222244739533
O=C(O)c1cc([N+](=O)[O-])ccc1Nc1ccccc1,Non-blocker,Non-blocker,DOTLBHVBCHNOAA-UHFFFAOYSA-N,DOTLBHVBCHNOAA,PubChem,6096776,,0.613636374473572
Clc1cccc(N2CCN(CCCCNc3nccc4ccccc34)CC2)c1Cl,Blocker,Blocker,DPAGUJADGMJVKD-UHFFFAOYSA-N,DPAGUJADGMJVKD,PubChem,11705395,27718472,0.633333325386047
CS(=O)(=O)C1(c2nc(-c3cccc4[nH]ccc34)nc3c2OC[C@@H]2COCCN32)CCOCC1,Non-blocker,Non-blocker,DPGRLMCPNILHCM-HNNXBMFYSA-N,DPGRLMCPNILHCM,data_herg_dev,CHEMBL3921669,,0.565789461135864
CCCn1c(SCC(=O)N2CCN(C(C)=O)CC2)nc2sc3c(c2c1=O)CCC3,Non-blocker,Blocker,DPWHKQAHBSVANZ-UHFFFAOYSA-N,DPWHKQAHBSVANZ,PubChem,24687859,,0.615384638309479
Cc1ccc(C(=O)NCC(=O)OCC(=O)c2c(N)n(C)c(=O)n(C)c2=O)s1,Non-blocker,Non-blocker,DPYBMYPPKKJNDE-UHFFFAOYSA-N,DPYBMYPPKKJNDE,PubChem,2350790,,0.516129016876221
Cc1ccc(OCC(=O)Nc2ccc3c(c2)C(=O)N(CCC(=O)O)C3=O)cc1,Non-blocker,Non-blocker,DQCOIEABTDTEPX-UHFFFAOYSA-N,DQCOIEABTDTEPX,PubChem,2975013,,0.603773593902588
CCN(CC)CCCNC(=O)c1cn(-c2cccc(OC)c2)c(=O)c2ccccc12,Non-blocker,Blocker,DQDDJGGORNUYMR-UHFFFAOYSA-N,DQDDJGGORNUYMR,PubChem,22549748,,0.467532455921173
CCN(CC)C(=O)N1CCSc2ccccc2C1,Non-blocker,Blocker,DQVZNNDKHUQOSX-UHFFFAOYSA-N,DQVZNNDKHUQOSX,data_herg_dev,CHEMBL3915771,,0.61904764175415
CN1C(=O)/C(=C/c2ccccc2Cl)Sc2ccc(C(=O)NCc3cccnc3)cc21,Non-blocker,Non-blocker,DQWWOGMLOVWNHI-MTJSOVHGSA-N,DQWWOGMLOVWNHI,PubChem,16194205,,0.515625
O=C1NC(=O)C(c2c[nH]c3ccccc23)=C1c1c[nH]c2ccccc12,Non-blocker,Non-blocker,DQYBRTASHMYDJG-UHFFFAOYSA-N,DQYBRTASHMYDJG,eval_set_herg_60.csv,,,0.541666686534882
CCCOCc1ccc(O)c2ncccc12,Non-blocker,Non-blocker,DQZHKQYVEGZFRE-UHFFFAOYSA-N,DQZHKQYVEGZFRE,PubChem,1895574,,0.533333361148834
COc1cc(-c2ccc3c(n2)[C@@H](C)N(c2cnn(CC(F)(F)F)c2)C3=O)cnc1OC,Non-blocker,Non-blocker,DREWJJJKWOJZQM-LLVKDONJSA-N,DREWJJJKWOJZQM,data_herg_dev,CHEMBL4126773,,0.291262149810791
CC1=C(c2ccc(OCCCN3CCCC3)cc2)Oc2ccccc2S1,Blocker,Blocker,DREYZGCIOLBBDK-UHFFFAOYSA-N,DREYZGCIOLBBDK,CUPID,45268290,19520574,0.614035069942474
CN(C1CCN(c2nc3ccccc3n2Cc2ccc(F)cc2)CC1)[C@@H]1NC=CC(=O)N1,Blocker,Blocker,DRGSZTLTIYQWJD-HSZRJFAPSA-N,DRGSZTLTIYQWJD,eval_set_herg_70.csv,,,0.661290347576141
CC(C)(C)c1cc(NC(=O)n2ccc3ncc(OC4=NC=N[C@H]5CNC[C@@H]45)cc32)no1,Non-blocker,Non-blocker,DRPLFNCFTTTYDG-HIFRSBDPSA-N,DRPLFNCFTTTYDG,eval_set_herg_70.csv,,,0.604938268661499
Cc1ccc(/C(O)=N/S(=O)(=O)c2ccccc2)cc1,Non-blocker,Non-blocker,DRYCVXUWUGJHJZ-UHFFFAOYSA-N,DRYCVXUWUGJHJZ,PubChem,759524,,0.550000011920929
CC(C)(O)c1ccc(C(CC2=CCC(=O)NC2)c2ccc(OC(F)F)c(OC3CC3)c2)cn1,Non-blocker,Non-blocker,DSCDJMGSGBHIFV-UHFFFAOYSA-N,DSCDJMGSGBHIFV,eval_set_herg_70.csv,,,0.698630154132843
O=C(OCC(=O)N1CCCC1)c1ccc(NS(=O)(=O)c2cccs2)cc1O,Non-blocker,Non-blocker,DSEXYNPNHNCFIC-UHFFFAOYSA-N,DSEXYNPNHNCFIC,PubChem,2362329,,0.517857134342194
O=C(COc1cccc(NC(=O)c2ccccc2)c1)c1ccccc1,Non-blocker,Non-blocker,DSIGERPHEMPZEN-UHFFFAOYSA-N,DSIGERPHEMPZEN,PubChem,3594017,,0.576923072338104
C[C@@H](CNCc1ccccc1)N1C[C@H](CCCNC(=N)N)N(CCc2cccc(F)c2)C1=S,Non-blocker,Blocker,DSJVYEAOYVHUJW-CVDCTZTESA-N,DSJVYEAOYVHUJW,eval_set_herg_60.csv,,,0.362500011920929
CCc1c(C)c(C#N)c2nc3ccccc3n2c1NC,Non-blocker,Non-blocker,DSLDSOQPUFCHSI-UHFFFAOYSA-N,DSLDSOQPUFCHSI,PubChem,779734,,0.5
O=C(CCc1nc2cccnc2n1Cc1ccccc1)N1CCOCC1,Non-blocker,Non-blocker,DSMAPOQHBZOKGU-UHFFFAOYSA-N,DSMAPOQHBZOKGU,PubChem,9551264,,0.492063492536545
Cc1cc([N+](=O)[O-])nn1CC(=O)N/N=C/c1ccccc1F,Non-blocker,Non-blocker,DSROOZAFKQTPTF-VIZOYTHASA-N,DSROOZAFKQTPTF,PubChem,6887572,,0.544117629528046
O=[N+]([O-])c1cc(Oc2ccc([N+](=O)[O-])cc2C(F)(F)F)cc([N+](=O)[O-])c1,Blocker,Blocker,DSVDUSQUZBRRKE-UHFFFAOYSA-N,DSVDUSQUZBRRKE,PubChem,273767,,0.51111114025116
CNC[C@H](c1ccc(Cl)c(Cl)c1)[C@@H](O)c1ccccc1-c1cccs1,Blocker,Non-blocker,DTANZUXBNYHQGY-UZLBHIALSA-N,DTANZUXBNYHQGY,eval_set_herg_70.csv,,,0.634615361690521
CC1(C)[C@@]2(C(=O)NCCCn3ccnc3)CC[C@]1(C)C(=O)O2,Non-blocker,Non-blocker,DTCKJQCNKMXCHA-CVEARBPZSA-N,DTCKJQCNKMXCHA,PubChem,2982180,,0.4426229596138
CNc1nc(NCCN2CCNCC2)c2sc(-c3ccc(C(F)(F)F)cc3)cc2n1,Blocker,Blocker,DTJLQWKDDKMSHC-UHFFFAOYSA-N,DTJLQWKDDKMSHC,CUPID,122190176,26322748,0.644067823886871
COCCC1C[C@H]2CN3CCc4c([nH]c5ccccc45)C(C(=O)OC)(C2)C13,Blocker,Non-blocker,DTJQBBHYRQYDEG-FPBGVPCVSA-N,DTJQBBHYRQYDEG,eval_set_herg_70.csv,,,0.382716059684753
Cc1cc(C(=O)N2CCN(C(=O)[C@H]3CCCO3)CC2)ccc1OCc1cccc(Cl)c1,Non-blocker,Blocker,DTLBYQYQJWIPEF-JOCHJYFZSA-N,DTLBYQYQJWIPEF,PubChem,25195087,19121937,0.535211265087128
CCCCc1ccc(NC(=S)N2CCN(C(=O)c3ccco3)CC2)cc1,Blocker,Non-blocker,DTMISLBSBVGBLZ-UHFFFAOYSA-N,DTMISLBSBVGBLZ,PubChem,2192934,,0.490909099578857
CCCCc1nc(Cl)c(CO)n1Cc1ccc(-c2ccccc2C2=N[N-]NN2)cc1,Non-blocker,Blocker,DTYZGPWHZUIKKN-UHFFFAOYSA-N,DTYZGPWHZUIKKN,eval_set_herg_70.csv,,,0.375
COc1nccnc1NS(=O)(=O)c1ccc(NC(=O)c2ccc(F)cc2)cc1,Non-blocker,Non-blocker,DUAWBLKLZKFSHT-UHFFFAOYSA-N,DUAWBLKLZKFSHT,PubChem,1194340,,0.553846180438995
COC(=O)C(c1ccccc1)C1CCCCN1,Blocker,Blocker,DUGOZIWVEXMGBE-UHFFFAOYSA-N,DUGOZIWVEXMGBE,eval_set_herg_60.csv,,,0.433333337306976
COc1ccc(NC(=O)c2ccc3c(c2)OCCO3)cc1OC,Non-blocker,Non-blocker,DUJDWXZEBDJCII-UHFFFAOYSA-N,DUJDWXZEBDJCII,PubChem,841491,,0.596153855323792
O=[N+]([O-])c1ccc(NN=Cc2cccc([N+](=O)[O-])c2)cc1,Non-blocker,Non-blocker,DUJGQCJQVKGBBA-UHFFFAOYSA-N,DUJGQCJQVKGBBA,PubChem,253353,,0.53191488981247
C[C@@H](NC(=O)Nc1ccc(Cl)cc1)c1ccc2c(c1)OCO2,Non-blocker,Non-blocker,DUNIZMIUZMYGKI-SNVBAGLBSA-N,DUNIZMIUZMYGKI,PubChem,24819764,,0.686274528503418
CNCCNC(=O)c1cc2c([nH]c3c(C)cccc32)c(-c2ccc(Cl)c(Cl)c2)n1,Blocker,Blocker,DUPVDGUWVRMGSA-UHFFFAOYSA-N,DUPVDGUWVRMGSA,CUPID,163196446,35300096,0.463768124580383
Cc1nc(N2CCOCC2)[nH]c(=O)c1C,Non-blocker,Non-blocker,DUTJHIKWYPKTQW-UHFFFAOYSA-N,DUTJHIKWYPKTQW,PubChem,135441628,,0.61904764175415
COc1ccc(F)cc1CN1CCN(C(=O)CCC(=O)Nc2nnc(C3CCCCC3)s2)CC1,Non-blocker,Non-blocker,DVESCTLOTGLOEN-UHFFFAOYSA-N,DVESCTLOTGLOEN,PubChem,3915892,,0.462500005960465
COCC(=O)NC1CCN(C(=O)Nc2ccc(Br)cc2)CC1,Non-blocker,Non-blocker,DVHIPGVTALULRJ-UHFFFAOYSA-N,DVHIPGVTALULRJ,PubChem,651185,,0.5
Cc1c(NC(=O)[C@@H](C)OC(=O)/C=C/c2ccc(OC(F)F)cc2)c(=O)n(-c2ccccc2)n1C,Non-blocker,Non-blocker,DVKNJUDRHAYEPS-WSYSLRRZSA-N,DVKNJUDRHAYEPS,PubChem,24686295,,0.5
O=C1C=C/C(=C2/N=C(C3CCN(Cc4ccc(-c5nc6cc[nH]c(=O)c6cc5-c5ccccc5)cc4)CC3)NN2)C=N1,Blocker,Blocker,DVKXLUNQHFSLPF-WGPBWIAQSA-N,DVKXLUNQHFSLPF,eval_set_herg_70.csv,,,0.626373648643494
O=[N+]([O-])c1ccc(-c2csc(NN=C3CCCC3)n2)cc1,Non-blocker,Non-blocker,DVNGUIAUHYPPNY-UHFFFAOYSA-N,DVNGUIAUHYPPNY,PubChem,747648,,0.479999989271164
COC12CCC3(CC1C(C)(O)C(C)(C)C)C1Cc4ccc(O)c5c4C3(CC[N+]1CC1CC1)C2O5,Non-blocker,Blocker,DVNVOUZIXKMMQT-UHFFFAOYSA-N,DVNVOUZIXKMMQT,eval_set_herg_70.csv,,,0.671052634716034
CCN1CCN([C@@H](CNS(=O)(=O)c2ccc(Cl)cc2)c2cccnc2)CC1,Non-blocker,Non-blocker,DVYOJEXFPKIDKK-IBGZPJMESA-N,DVYOJEXFPKIDKK,PubChem,16806772,,0.6875
CC(C)(C)c1ccc(CSc2cnn(C(C)(C)C)c(=O)c2Cl)cc1,Non-blocker,Non-blocker,DWFZBUWUXWZWKD-UHFFFAOYSA-N,DWFZBUWUXWZWKD,data_herg_dev,,91754,0.436363637447357
CC#Cc1cccc2cc([C@H](C)Nc3ncnc(N)c3-c3nc(C)no3)n(-c3ccccc3)c(=O)c12,Non-blocker,Non-blocker,DWSBFBNKOHQARX-INIZCTEOSA-N,DWSBFBNKOHQARX,eval_set_herg_70.csv,,,0.662650585174561
O=C(c1cnn(Cc2ccccc2)c1)N1CCN(S(=O)(=O)/C=C/c2ccccc2)CC1,Non-blocker,Non-blocker,DWZNZQCTGPIPQG-LFIBNONCSA-N,DWZNZQCTGPIPQG,PubChem,16313152,,0.422535210847855
Cc1ncc(CNC2CCN(CCN3C(=O)C=CC4C3C=CC(=O)N4C)CC2)cc1C#N,Non-blocker,Non-blocker,DXWSRDANJHTZPC-UHFFFAOYSA-N,DXWSRDANJHTZPC,eval_set_herg_70.csv,,,0.619718313217163
CCOC(=O)COc1ccc([N+](=O)[O-])cc1,Non-blocker,Non-blocker,DYHFNINPHJQASC-UHFFFAOYSA-N,DYHFNINPHJQASC,PubChem,308938,,0.658536612987518
Cc1cc2c3c([n+](C)c4cc(NC(=O)CC[S@@+](C)[O-])ccc4c3c1)-c1ccccc1N2C,Non-blocker,Non-blocker,DYHXKBFENQGZBU-JGCGQSQUSA-O,DYHXKBFENQGZBU,eval_set_herg_60.csv,,,0.573529422283173
CC[N+](CC)CC#CCOC(=O)C(O)(c1ccccc1)C1CCCCC1,Blocker,Non-blocker,DZHBDWWVTHRARH-UHFFFAOYSA-N,DZHBDWWVTHRARH,eval_set_herg_70.csv,,,0.698113203048706
O=C(NCC[C@H]1CCCCN1S(=O)(=O)c1cccs1)C(=O)Nc1ccccc1,Non-blocker,Non-blocker,DZVAFRSRXJGHOX-MRXNPFEDSA-N,DZVAFRSRXJGHOX,PubChem,16829767,,0.698412716388702
O=C(NC[C@@H]1OC(=O)N2c3ccc(N4CCOCC4=O)cc3OC[C@@H]12)c1ccc(Cl)s1,Non-blocker,Non-blocker,FAHBXTXHOUMNTM-ZFWWWQNUSA-N,FAHBXTXHOUMNTM,data_herg_dev,CHEMBL3330442,,0.400000005960465
C[C@H](CS)C(=O)N1CCC[C@H]1C(=O)O,Non-blocker,Non-blocker,FAKRSMQSSFJEIM-RQJHMYQMSA-N,FAKRSMQSSFJEIM,eval_set_herg_60.csv,,,0.5
CSCC[C@@H](NC(=O)c1ccc([N+](=O)[O-])cc1Cl)C(=O)OCC(=O)[C@]12C[C@H]3C[C@H](C[C@H](C3)C1)C2,Non-blocker,Blocker,FAVRMHZHOQIBIC-PGVNOUAKSA-N,FAVRMHZHOQIBIC,PubChem,4641038,,0.486486494541168
COc1ccccc1CNC(=O)CN(C)CC(=O)Nc1ccc(F)c(F)c1F,Non-blocker,Non-blocker,FBGVCVDUNUCTDD-UHFFFAOYSA-N,FBGVCVDUNUCTDD,PubChem,4786388,,0.578947365283966
NS(=O)(=O)NCCNc1nonc1/C(=N/O)Nc1ccc(F)c(Br)c1,Non-blocker,Non-blocker,FBKMWOJEPMPVTQ-UHFFFAOYSA-N,FBKMWOJEPMPVTQ,data_herg_dev,CHEMBL3545369,,0.617647051811218
CN(CCC(=O)O)C1CCC2(Cc3ccccc3Cc3ccccc32)C1,Non-blocker,Non-blocker,FBMKUFCHWOIZPI-UHFFFAOYSA-N,FBMKUFCHWOIZPI,eval_set_herg_70.csv,,,0.622641503810883
Fc1ccc2c(C3NCCCC3F)c(-c3ccccc3)[nH]c2c1,Blocker,Blocker,FBMKUZGGLYYTIT-UHFFFAOYSA-N,FBMKUZGGLYYTIT,eval_set_herg_70.csv,,,0.622641503810883
CC[C@@H]1CN2CCc3cc(OC)c(OC)cc3[C@H]2C[C@H]1CC1=NCCc2cc(OC)c(OC)cc21,Non-blocker,Non-blocker,FBRKYRSUSJWLHH-IOZGHAEBSA-N,FBRKYRSUSJWLHH,eval_set_herg_60.csv,,,0.578125
C[C@@H]1CN([C@@H](C)CO)S(=O)(=O)c2ccc(C#CC3CCCCC3)cc2O[C@@H]1CN(C)Cc1cccnc1,Non-blocker,Non-blocker,FCFVTRPHYRUVKL-AWVRMFGXSA-N,FCFVTRPHYRUVKL,PubChem,46903422,,0.539325833320618
Cc1ccc(OP(=O)(Nc2cccc(C)c2)Oc2ccc(C)cc2)cc1,Non-blocker,Non-blocker,FCGBDIFLQYBBHM-UHFFFAOYSA-N,FCGBDIFLQYBBHM,PubChem,2305384,,0.470588237047195
O=C1C[C@@H]2c3c(cccc3CN1Cc1ccccc1F)C[C@@H](O)[C@H]2O,Blocker,Non-blocker,FCOTUPXYWHSIHU-MDYRTPRTSA-N,FCOTUPXYWHSIHU,PubChem,44142214,,0.315789461135864
N#Cc1ccc(-c2ccc(C[C@@H](C#N)NC(=O)[C@@H]3CNCCCO3)cc2)cc1,Non-blocker,Non-blocker,FCRODBUNBQJNPU-SFTDATJTSA-N,FCRODBUNBQJNPU,data_herg_dev,CHEMBL3927609,,0.691176474094391
COc1cccc(N(CC(=O)NCCSCc2ccc(Cl)cc2)S(C)(=O)=O)c1,Non-blocker,Non-blocker,FCSPCWBMPHCDOX-UHFFFAOYSA-N,FCSPCWBMPHCDOX,PubChem,2284683,,0.493150681257248
CC(=O)NC(=O)C1CCC(c2ncc(-c3cccc(Br)c3)[nH]2)CC1,Non-blocker,Blocker,FCTXLBYUGYESOW-UHFFFAOYSA-N,FCTXLBYUGYESOW,eval_set_herg_60.csv,,,0.532258093357086
O=C1C[C@@H](C(=O)Nc2cccc3ccccc23)C2(CCCC2)O1,Non-blocker,Blocker,FCXIZEWJCLHSPV-HNNXBMFYSA-N,FCXIZEWJCLHSPV,PubChem,3157300,,0.659574449062347
O=C(CN1C(=O)CNC1=O)Nc1cccc(C(F)(F)F)c1,Non-blocker,Non-blocker,FDHIMVYDZPETKD-UHFFFAOYSA-N,FDHIMVYDZPETKD,PubChem,2215219,,0.509803950786591
O=C(NC(c1ccccc1)c1ccccc1)[C@H]1CCCO1,Non-blocker,Non-blocker,FEBNVVLYNYNCCP-MRXNPFEDSA-N,FEBNVVLYNYNCCP,PubChem,3155117,,0.466666668653488
COc1ccc(C(=O)O)cc1S(=O)(=O)Nc1ccccc1Cc1ccccc1,Non-blocker,Non-blocker,FEHQFUCXUMYKQQ-UHFFFAOYSA-N,FEHQFUCXUMYKQQ,PubChem,2441958,,0.532258093357086
FC(F)(F)Oc1ccc(-c2ccc3nnc(C(F)(F)F)n3c2)cc1,Blocker,Blocker,FEVBKJITJDHASC-UHFFFAOYSA-N,FEVBKJITJDHASC,data_herg_dev,CHEMBL3809595,,0.416666656732559
CCOc1ccccc1N1CCN(CC(=O)c2c(N)n(C)c(=O)n(C)c2=O)CC1,Non-blocker,Non-blocker,FEYWEURMPVMBDW-UHFFFAOYSA-N,FEYWEURMPVMBDW,PubChem,2451457,,0.486486494541168
COc1ccc(Cl)cc1NC(=O)CSc1nc(O)c/c(=N/S(=O)(=O)c2ccccc2)[nH]1,Non-blocker,Non-blocker,FFGKMQUNQAAKHA-UHFFFAOYSA-N,FFGKMQUNQAAKHA,PubChem,135485206,,0.586666643619537
COc1ccc(C(=O)Nc2nc3ccccc3c(NCc3ccccc3)c2C#N)cc1,Non-blocker,Non-blocker,FFHQNQNMELQOEF-UHFFFAOYSA-N,FFHQNQNMELQOEF,data_herg_dev,,10201497,0.453125
FC(F)(F)c1cccc(-c2c[nH]c(-c3ccccc3)n2)c1,Blocker,Blocker,FFLKPRMUNQCFGJ-UHFFFAOYSA-N,FFLKPRMUNQCFGJ,eval_set_herg_60.csv,,,0.466666668653488
COc1cc(S(=O)(=O)N2CCCN(C)CC2)ccc1NC(C)=O,Non-blocker,Non-blocker,FFSNUKNGCWRONA-UHFFFAOYSA-N,FFSNUKNGCWRONA,PubChem,2561942,,0.685185194015503
CC(=O)c1ccc(NC(=O)CN2CCC(NC(=O)C3CCCCC3)CC2)cc1,Non-blocker,Blocker,FFSYLZQGKTWBHF-UHFFFAOYSA-N,FFSYLZQGKTWBHF,PubChem,3220807,,0.574468076229096
O=C1N=c2ccccc2=[N+]1CCC[NH+]1CCC([N+]2=c3ccc(Cl)cc3=NC2=O)CC1,Non-blocker,Blocker,FFWLPSTYHBXBAE-UHFFFAOYSA-O,FFWLPSTYHBXBAE,eval_set_herg_60.csv,,,0.232876718044281
CC(C)CCNC(=O)[C@H]1CCCCN1S(=O)(=O)c1ccc(F)cc1,Non-blocker,Blocker,FFZJYWLIFNSUKS-MRXNPFEDSA-N,FFZJYWLIFNSUKS,PubChem,6619133,,0.610169470310211
CNC[C@H](c1ccc2ccccc2c1)[C@H](N)c1ccccc1,Non-blocker,Non-blocker,FGDBXOANGGQWML-WOJBJXKFSA-N,FGDBXOANGGQWML,eval_set_herg_70.csv,,,0.675000011920929
Clc1ccc(-n2c(-c3cnc(N4CCNCC4)o3)nc3ccncc32)cc1,Blocker,Blocker,FGEUFBBIOSZEBO-UHFFFAOYSA-N,FGEUFBBIOSZEBO,eval_set_herg_70.csv,,,0.553846180438995
O=[P@]1(Oc2ccccc2)OCCCS1,Non-blocker,Non-blocker,FGWCOYFJDUWMFN-CYBMUJFWSA-N,FGWCOYFJDUWMFN,PubChem,1898386,,0.325581401586533
N#C[C@H]1CN(C(=O)C[C@H](N)Cc2cc(F)c(F)cc2F)C[C@H]1F,Non-blocker,Non-blocker,FHHBELSNHIJFTN-IMSIIYSGSA-N,FHHBELSNHIJFTN,eval_set_herg_70.csv,,,0.648148119449616
CC(=O)CNC(=O)C1CCC(c2nc(-c3cccc(Br)c3)c[nH]2)CC1,Blocker,Blocker,FHTXCGJNDDPSQI-UHFFFAOYSA-N,FHTXCGJNDDPSQI,eval_set_herg_60.csv,,,0.569230794906616
COc1ccc(C(=O)c2c3ccccc3[n+]([O-])n2CCCN)cc1,Blocker,Non-blocker,FHWHZPXTGJSPSM-UHFFFAOYSA-N,FHWHZPXTGJSPSM,PubChem,24979715,,0.41791045665741
Cc1cc2c3c([n+](C)c4ccc(F)cc4c3c1)-c1cc(F)ccc1N2C,Blocker,Blocker,FJUYVGXXNUNWDT-UHFFFAOYSA-N,FJUYVGXXNUNWDT,eval_set_herg_60.csv,,,0.333333343267441
O=C(NCCc1ccccn1)[C@@H]1Cc2ccccc2CN1S(=O)(=O)c1ccc2ccccc2c1,Non-blocker,Non-blocker,FJWYRXZZNJNXER-SANMLTNESA-N,FJWYRXZZNJNXER,eval_set_herg_60.csv,,,0.447761207818985
O=[N+]([O-])c1ccc2nc(N3CCCC3)sc2c1,Non-blocker,Non-blocker,FKAKUGJMKRLVJR-UHFFFAOYSA-N,FKAKUGJMKRLVJR,PubChem,693993,,0.466666668653488
Cc1n[nH]c(C)c1CCn1cc(-c2ccc(Cl)cc2)cn1,Blocker,Blocker,FKNGDDYLLFMSCD-UHFFFAOYSA-N,FKNGDDYLLFMSCD,eval_set_herg_70.csv,,,0.679245293140411
COC(=O)N1CC[C@H](N(Cc2cccc(F)c2F)c2ccc(C#N)c(Cl)c2)C1,Non-blocker,Blocker,FKSOCJRHXHEXDT-INIZCTEOSA-N,FKSOCJRHXHEXDT,eval_set_herg_60.csv,,,0.573333323001862
O[C@H]1Cc2ccccc2[C@]2(CC[C@@H](N3CCN(C4CCCCC4)CC3)CC2)O1,Blocker,Blocker,FLCVJBOJFYGFGM-GMKZXUHWSA-N,FLCVJBOJFYGFGM,PubChem,145954168,30350997,0.693877577781677
N[C@H]1CN(Cc2ccc(-c3csnn3)cc2)C[C@H]1C(=O)N1CCCC1,Non-blocker,Blocker,FLSQVTUPJGNXGP-CVEARBPZSA-N,FLSQVTUPJGNXGP,eval_set_herg_70.csv,,,0.44594594836235
C[C@@H](OC(=O)c1cccc(N2C(=O)c3ccccc3C2=O)c1)C(=O)Nc1ccc(N(C)C)cc1,Non-blocker,Non-blocker,FMBWZNXIWJUOLF-MRXNPFEDSA-N,FMBWZNXIWJUOLF,PubChem,3407698,,0.475409835577011
COC(=O)c1[nH]c2cc(F)ccc2c1C1C[N+]CC[C@@H]1F,Blocker,Blocker,FMGLIIJICDJHGU-DTIOYNMSSA-N,FMGLIIJICDJHGU,eval_set_herg_70.csv,,,0.696428596973419
O=C(O)C[C@H]1S/C(=N/N=C/c2ccc(-c3ccc(Cl)c([N+](=O)[O-])c3)o2)NC1=O,Non-blocker,Non-blocker,FMMVOQOHIRLJRS-BPGOPIFBSA-N,FMMVOQOHIRLJRS,PubChem,135460572,,0.506024122238159
CC(=O)N1CCN([C@H]2C[C@@H](n3cc(-c4cccc(OCC56CCC(CC5)O6)c4)c4c(N)ncnc43)C2)CC1,Blocker,Non-blocker,FMTQHAXNHBODDV-FYWDEPLMSA-N,FMTQHAXNHBODDV,data_herg_dev,CHEMBL3787636,,0.655172407627106
Cc1ccc(C(=O)c2nccn2Cc2cn(-c3ccc(Cl)cc3)nn2)cc1,Blocker,Blocker,FMXPLHPTIXIQOD-UHFFFAOYSA-N,FMXPLHPTIXIQOD,eval_set_herg_70.csv,,,0.634615361690521
O=S(=O)(c1ccc2ccccc2c1)N1CCOCC1,Non-blocker,Non-blocker,FNADVKJMEUGXLY-UHFFFAOYSA-N,FNADVKJMEUGXLY,PubChem,759798,,0.61904764175415
O=C(/C=C/c1ccco1)N1CCN(S(=O)(=O)/C=C/c2ccccc2)CC1,Non-blocker,Non-blocker,FNEJMNOWECBJGD-OFZPYADDSA-N,FNEJMNOWECBJGD,PubChem,2674585,,0.454545468091965
O=c1[nH]c(Nc2cc(Cl)cc(Cl)c2)nc2cccc(O)c12,Blocker,Blocker,FNLVTYGPKQQKMP-UHFFFAOYSA-N,FNLVTYGPKQQKMP,data_herg_dev,CHEMBL4761264,,0.574468076229096
O=C(Nc1ncc2c(n1)C[C@@H](c1cccc(Cl)c1)CC2=O)c1ccco1,Non-blocker,Non-blocker,FNOKSIVFDDZVMD-GFCCVEGCSA-N,FNOKSIVFDDZVMD,PubChem,3654177,,0.703125
Cc1occc1C(=O)NNC(=O)c1ccccc1Br,Non-blocker,Non-blocker,FNPSLCTXGUGSLA-UHFFFAOYSA-N,FNPSLCTXGUGSLA,PubChem,730167,,0.550000011920929
CCOc1ccc(NS(=O)(=O)c2ccc(C)c(C(=O)N3CCO[C@H](c4ccc(F)cc4)C3)c2)cc1,Non-blocker,Non-blocker,FNRMQXKIOYLKTO-VWLOTQADSA-N,FNRMQXKIOYLKTO,eval_set_herg_60.csv,,,0.465753436088562
CCN1CC2(COC)CCC(O)C34C5CC6C(OC)CC(O)(C5C6O)C(C(O)C23)C14,Non-blocker,Non-blocker,FNRMXORIKJLSGX-UHFFFAOYSA-N,FNRMXORIKJLSGX,eval_set_herg_70.csv,,,0.49295774102211
Cc1ccc(/C=N/Nc2nc(N3CCCCC3)nc(N3CCCCC3)n2)o1,Non-blocker,Non-blocker,FNSOKQUJLPEXHD-XSFVSMFZSA-N,FNSOKQUJLPEXHD,PubChem,5721465,,0.526315808296204
COc1cccc(NC(=O)c2nn([C@]34C[C@H]5C[C@H](C[C@H](C5)C3)C4)cc2[N+](=O)[O-])c1,Non-blocker,Non-blocker,FNWZABHTRYLBCB-FZUGUKJMSA-N,FNWZABHTRYLBCB,PubChem,4301753,,0.416666656732559
Nc1nc(N)c2nc(-c3ccccc3)c(N)nc2n1,Non-blocker,Non-blocker,FNYLWPVRPXGIIP-UHFFFAOYSA-N,FNYLWPVRPXGIIP,data_herg_dev,CHEMBL585,,0.317073166370392
COc1cccc(CC(=O)N=c2[nH]c3ccccc3[nH]2)c1,Non-blocker,Blocker,FOBBCJJJRMLXBO-UHFFFAOYSA-N,FOBBCJJJRMLXBO,PubChem,2081692,,0.555555582046509
Clc1ccccc1OCCn1cccc1/C=N/Nc1nc2ccccc2s1,Non-blocker,Non-blocker,FOSNNOYXDSEAMD-HYARGMPZSA-N,FOSNNOYXDSEAMD,PubChem,6891819,,0.433333337306976
CC(C)(C)NC(=O)C(=O)NNC(=O)c1ccc(C(C)(C)C)cc1,Blocker,Blocker,FOVXCIPEAIIQEH-UHFFFAOYSA-N,FOVXCIPEAIIQEH,PubChem,3108506,,0.574999988079071
CCN1C[C@]2(COC)CC[C@H](O)C34C1C([C@H](OC)[C@@H]32)[C@@]1(O)[C@@H](O)[C@H](OC)C2C[C@@H]4[C@@H]1[C@H]2O,Non-blocker,Non-blocker,FPECZWKKKKZPPP-JIHBGUTISA-N,FPECZWKKKKZPPP,eval_set_herg_70.csv,,,0.337500005960465
Cc1ccc(NC(=O)CN2C(=O)[C@@H]3[C@H](C2=O)[C@H]2C=C[C@@H]3C2)cc1S(=O)(=O)N(C)C,Non-blocker,Non-blocker,FPEJIUUKXBNUCO-VUWOVVPOSA-N,FPEJIUUKXBNUCO,PubChem,4208042,,0.524590134620667
Cc1ccnc(NS(=O)(=O)Cc2ccccc2)c1,Non-blocker,Non-blocker,FPWXPXBDWQXIFV-UHFFFAOYSA-N,FPWXPXBDWQXIFV,PubChem,743631,,0.448979586362839
Cc1cccc(C)c1NC(=O)C1CCCC[N+]1CC1CC1,Non-blocker,Non-blocker,FPYCEXHFFXGXBX-UHFFFAOYSA-N,FPYCEXHFFXGXBX,eval_set_herg_60.csv,,,0.529411792755127
CS(=O)(=O)Cc1cc(N2CCOCC2)nc(-c2ccc3[nH]cnc3c2)n1,Non-blocker,Non-blocker,FQGJJMJBPHPEQO-UHFFFAOYSA-N,FQGJJMJBPHPEQO,data_herg_dev,CHEMBL2030445,,0.625
C[N+]1C2CCC1C(C(=O)[O-])C(OC(=O)c1ccccc1)C2,Non-blocker,Non-blocker,FQMKIHAIJVUQMW-UHFFFAOYSA-M,FQMKIHAIJVUQMW,eval_set_herg_60.csv,,,0.431034475564957
CS(=O)(=O)Nc1ccc(OCC(=O)N2CCN(c3ccc(Cl)c(Cl)c3)CC2)cc1,Non-blocker,Blocker,FQRJEVZKXXYICG-UHFFFAOYSA-N,FQRJEVZKXXYICG,eval_set_herg_60.csv,,,0.507692337036133
O=C(O)c1ccc(/C=N/Nc2nc3ccccc3[nH]2)cc1,Non-blocker,Non-blocker,FRDPRSVGUKUCQI-CXUHLZMHSA-N,FRDPRSVGUKUCQI,PubChem,9600849,,0.653061211109161
Oc1[nH]c2ccc(Br)cc2c1/N=N/c1ccc(F)cc1,Non-blocker,Non-blocker,FRKWHJNOUBRZFC-VHEBQXMUSA-N,FRKWHJNOUBRZFC,PubChem,3621325,,0.704545438289642
C[N+]1CCCCC1c1c(-c2ccccc2)[nH]c2ccccc12,Blocker,Blocker,FRVUOTVOYLJPCA-UHFFFAOYSA-N,FRVUOTVOYLJPCA,eval_set_herg_60.csv,,,0.541666686534882
CCC(COC(=O)c1cc(OC)c(OC)c(OC)c1)(c1ccccc1)N(C)C.O=C(O)/C=C\C(=O)O,Non-blocker,Non-blocker,LORDFXWUHHSAQU-UHFFFAOYSA-N,FSRLGULMGJGKGI,eval_set_herg_70.csv,,,0.446428567171097
O=C(CN1C(=O)C2(CCCCC2)OC1c1cc(F)cc(F)c1)Nc1ccc2c(c1)C[C@@]1(C2)C(=O)Nc2ncccc21,Non-blocker,Non-blocker,FSYBENFNTMFBSX-DINWUYGQSA-N,FSYBENFNTMFBSX,eval_set_herg_70.csv,,,0.468085110187531
O=C(O)CCSc1ncnc2sc(-c3ccccc3)cc12,Non-blocker,Blocker,FSYCCAGLTIXHAB-UHFFFAOYSA-N,FSYCCAGLTIXHAB,PubChem,1277376,,0.546875
OCN(c1ccc(Cl)c(Cl)c1)C1CCNCC1,Non-blocker,Non-blocker,FTCCTZDPHBMTGN-UHFFFAOYSA-N,FTCCTZDPHBMTGN,eval_set_herg_70.csv,,,0.652173936367035
O=C1CC(c2ccc(O)cc2)Oc2cc(O)cc(O)c21,Non-blocker,Non-blocker,FTVWIRXFELQLPI-UHFFFAOYSA-N,FTVWIRXFELQLPI,eval_set_herg_70.csv,,,0.545454561710358
Cn1c(CNC(=O)c2cccs2)nnc1SCC(=O)Nc1ccccc1,Non-blocker,Non-blocker,FTWZJTGDELZLRD-UHFFFAOYSA-N,FTWZJTGDELZLRD,PubChem,986499,,0.611940324306488
CCOc1ccc(N2Nc3[nH]nc(N)c3N2)cc1,Non-blocker,Blocker,FUDDSTYMFRJTBK-UHFFFAOYSA-N,FUDDSTYMFRJTBK,PubChem,1237001,,0.38775509595871
N#Cc1ccc2c(c1)CCC2N1C[C@H](N)[C@H](C(=O)N2CCC[C@H]2C#N)C1,Non-blocker,Blocker,FUERRNCGMWRRBE-WSQYJPPESA-N,FUERRNCGMWRRBE,eval_set_herg_60.csv,,,0.552238821983337
Cc1ccc(OCc2nnc(N)s2)cc1C,Non-blocker,Non-blocker,FUGZFUYAEFQGEK-UHFFFAOYSA-N,FUGZFUYAEFQGEK,PubChem,685559,,0.38775509595871
Cc1cccc(N(C)C(=S)Oc2ccc3ccccc3c2)c1,Blocker,Blocker,FUSNMLFNXJSCDI-UHFFFAOYSA-N,FUSNMLFNXJSCDI,data_herg_dev,,5510,0.379310339689255
CNCCc1ccccn1.CS(=O)(=O)O,Blocker,Blocker,UUQMNUMQCIQDMZ-UHFFFAOYSA-N,FUWLKZQYMWTFBA,data_herg_dev,,6420033,0.548387110233307
O=c1[nH]c2ccccc2cc1-c1cc2cc(S(=O)(=O)N[C@@H]3CCNC3)ccc2[nH]1,Blocker,Blocker,FUZZKPYNTCKKSN-OAHLLOKOSA-N,FUZZKPYNTCKKSN,PubChem,5329383,14698157,0.590163946151733
CC(c1ccc([N+](=O)[O-])cc1)N1C[C@H](N)[C@H](C(=O)N2CCCC2)C1,Non-blocker,Non-blocker,FVEPPGNZFFPAJK-AGIABQAESA-N,FVEPPGNZFFPAJK,eval_set_herg_60.csv,,,0.492063492536545
C=CC(=O)N1C[C@@H]2C[C@H]1CN2c1ccc(C(N)=O)c(Oc2ccc(Oc3ccccc3)cc2)n1,Blocker,Blocker,FVEYIFISRORTDD-ROUUACIJSA-N,FVEYIFISRORTDD,PubChem,122513214,30122225,0.367088615894318
Cc1cccc(OCC(=O)NCC(C)(C)N2CCOCC2)c1,Non-blocker,Blocker,FWCCXWOTXUNFAM-UHFFFAOYSA-N,FWCCXWOTXUNFAM,PubChem,4792390,,0.518518507480621
COc1ccc(-n2cc(CN(C)[C@H](C)c3ccncn3)c(-c3cccc(F)c3)n2)cc1,Non-blocker,Non-blocker,FWCRHJYCKFZIAA-QGZVFWFLSA-N,FWCRHJYCKFZIAA,PubChem,16187255,,0.337209314107895
C=CCCC(=O)/C=C/C1C(C)=CCCC1(C)C,Non-blocker,Non-blocker,FXCYGAGBPZQRJE-ZHACJKMWSA-N,FXCYGAGBPZQRJE,eval_set_herg_70.csv,,,0.69767439365387
O=[N+]([O-])c1cccnc1NCc1cccs1,Non-blocker,Non-blocker,FXDAEWOXEHMLTC-UHFFFAOYSA-N,FXDAEWOXEHMLTC,PubChem,2800353,,0.431372553110123
O=C(OCc1nc2ccc(Cl)cc2n1CCO)c1ccc(O)cc1,Non-blocker,Non-blocker,FXEZSCODTKHQGT-UHFFFAOYSA-N,FXEZSCODTKHQGT,PubChem,4879552,,0.342857152223587
O=C(NCCCN1CCCC1)c1ccc(CS(=O)(=O)c2c(Cl)cccc2Cl)o1,Non-blocker,Non-blocker,FXJGXOWVTBPQEE-UHFFFAOYSA-N,FXJGXOWVTBPQEE,PubChem,20859756,,0.580645143985748
Cc1cccc(-c2nnc([C@@H](C)Nc3cccc(C(=O)NC4CC4)c3)o2)c1,Non-blocker,Blocker,FXOGZPFFQBASQB-CQSZACIVSA-N,FXOGZPFFQBASQB,PubChem,16299658,,0.391891896724701
CC1(C)Oc2ccc(Br)cc2C2(CSC(N)=N2)C12COC2,Blocker,Blocker,FXWBDJSWBRAHBD-UHFFFAOYSA-N,FXWBDJSWBRAHBD,data_herg_dev,CHEMBL3703246,,0.690909087657929
CN(C)CCCNS(=O)(=O)c1ccc(N2CCC(c3ccc(Cl)cc3)=N2)cc1,Non-blocker,Blocker,FXYFDLSNCLJHMY-UHFFFAOYSA-N,FXYFDLSNCLJHMY,PubChem,2837694,,0.33928570151329
C[C@@H]1CC[C@H]2[C@@H](C)[C@@H](CC(=O)Nc3ccc(Cl)c(-c4ccccn4)c3)O[C@@H]3O[C@@]4(C)CC[C@@H]1[C@@]23OO4,Non-blocker,Non-blocker,FYBFXVILVGDINR-WSGLMESZSA-N,FYBFXVILVGDINR,data_herg_dev,,134142019,0.415584415197372
Cc1c2cc[n+](CCN3CCCCC3)cc2c(C)c2c1[nH]c1ccc(O)cc12,Blocker,Blocker,FYCLDNIGWUYSFQ-UHFFFAOYSA-O,FYCLDNIGWUYSFQ,PubChem,3086132,,0.649999976158142
Cc1nn(C)cc1CNCc1c(C(=O)N2CCCCC2)nc2c(C)cccn12,Non-blocker,Non-blocker,FYFBDERHNGTKSD-UHFFFAOYSA-N,FYFBDERHNGTKSD,PubChem,16187575,,0.486842095851898
COc1cc(/C=C/c2nc(N)c3c4c(sc3n2)CCCCC4)ccc1-n1cnc(C)c1,Blocker,Blocker,FYIAXSYXQPAMIK-PKNBQFBNSA-N,FYIAXSYXQPAMIK,PubChem,53318698,21190851,0.692307710647583
O=C(c1ccc(Cl)c(C(F)(F)F)c1)N1CCN(c2cc(=O)[nH]c(=O)n2Cc2ccc(OS(=O)(=O)c3cccc4cnccc34)cc2)CC1,Blocker,Non-blocker,FYNZNIRXAODRQU-UHFFFAOYSA-N,FYNZNIRXAODRQU,data_herg_dev,CHEMBL3741159,,0.315217405557632
CCOC(=O)CCN(SN(C)C(=O)Oc1cccc2c1OC(C)(C)C2)C(C)C,Blocker,Non-blocker,FYZBOYWSHKHDMT-UHFFFAOYSA-N,FYZBOYWSHKHDMT,data_herg_dev,,54886,0.407407402992249
CCOC(=O)N1CCN(C(=O)c2cn(CC(C)C)c(=O)c3c2c2ccccc2n3C)CC1,Non-blocker,Non-blocker,FZFFTCXHYOEUBD-UHFFFAOYSA-N,FZFFTCXHYOEUBD,PubChem,3243588,,0.594202876091003
Cc1nn(Cc2c(F)c(F)c(F)c(F)c2F)c(C)c1NC(=O)c1cccc(COc2ccc(Cl)cc2)c1,Blocker,Non-blocker,FZHMFUGXAAQGRH-UHFFFAOYSA-N,FZHMFUGXAAQGRH,PubChem,5075158,,0.507462680339813
N#Cc1c(N)ncnc1N1CCC[C@H]1c1nc2cccc(C#CCCCC(=O)N3CCOCC3)c2c(=O)n1-c1ccccc1,Non-blocker,Non-blocker,FZNHPZXTDPDSMO-MHZLTWQESA-N,FZNHPZXTDPDSMO,data_herg_dev,CHEMBL4080347,,0.613861382007599
COc1cc(Oc2ccncc2CN(C)C)ccc1SC,Blocker,Blocker,FZTUKFZQAANKSG-UHFFFAOYSA-N,FZTUKFZQAANKSG,eval_set_herg_60.csv,,,0.46551725268364
[H]/N=C(\N)SCCc1ccc(CCS/C(N)=N/[H])cc1,Blocker,Non-blocker,FZWGDUUJDZCYJR-UHFFFAOYSA-N,FZWGDUUJDZCYJR,PubChem,11957667,,0.548387110233307
COc1ccccc1NS(=O)(=O)c1cccc(C(=O)N/N=C/c2ccc(N3CCOCC3)cc2)c1,Non-blocker,Non-blocker,GADAZWFVXMXGHE-NLRVBDNBSA-N,GADAZWFVXMXGHE,PubChem,6900331,,0.553846180438995
O=S(=O)(NCc1nnc2c(C(F)(F)F)cc(Cl)cn12)c1ccccc1,Non-blocker,Non-blocker,GADCVLZPLLMOTL-UHFFFAOYSA-N,GADCVLZPLLMOTL,PubChem,7693535,,0.455882340669632
CC(=O)Oc1c(Sc2ccccc2[N+](=O)[O-])c(C)nn1C(C)(C)C,Non-blocker,Non-blocker,GAFJIGVVQLCBPY-UHFFFAOYSA-N,GAFJIGVVQLCBPY,PubChem,756445,,0.348484843969345
c1ccc(C2(c3ccccc3)CC2C2=[NH+]CC[N]2)cc1,Blocker,Non-blocker,GAQHCFHAMKAGOE-UHFFFAOYSA-O,GAQHCFHAMKAGOE,eval_set_herg_60.csv,,,0.463414639234543
COC[C@H](CCc1ccc(Cl)c(Cl)c1)N1Cc2ccc(F)cc2C1,Blocker,Blocker,GAVBLSFCTDBORN-KRWDZBQOSA-N,GAVBLSFCTDBORN,eval_set_herg_60.csv,,,0.537037014961243
CC1(C)CCC(N2CCC3(CC2)C(=O)NCN3c2ccccc2)c2cc(Cl)c(Cl)cc21,Blocker,Non-blocker,GAXICRLQZFWIKP-UHFFFAOYSA-N,GAXICRLQZFWIKP,data_herg_dev,CHEMBL393980,,0.466666668653488
O=C(NCC1CCCC[N+]1)c1cc(OCC(F)(F)F)ccc1OCC(F)(F)F,Blocker,Blocker,GBAGMXIXQLFBJR-UHFFFAOYSA-N,GBAGMXIXQLFBJR,eval_set_herg_70.csv,,,0.661016941070557
Cc1cc(-c2c(Cl)cc(Cl)cc2OCCCC(F)(F)F)nc(N)n1,Blocker,Non-blocker,GBFWYMWIESHQSG-UHFFFAOYSA-N,GBFWYMWIESHQSG,data_herg_dev,CHEMBL1774835,,0.295081973075867
CO[C@@H](C)c1c(NC(=O)Nc2cnc(-n3nccn3)c(Cl)c2)cnc2cc(Cl)nn12,Non-blocker,Non-blocker,GBIASRXDYFFUED-VIFPVBQESA-N,GBIASRXDYFFUED,data_herg_dev,CHEMBL4748253,,0.270588248968124
COc1cc(O)c(C(=O)Nc2nc(C(=O)N(CCN(C(C)C)C(C)C)C(=O)c3cscn3)cs2)cc1OC,Non-blocker,Non-blocker,GBNIPMMBTXPOHB-UHFFFAOYSA-N,GBNIPMMBTXPOHB,eval_set_herg_60.csv,,,0.294117659330368
CCCC[Sn](Cl)(CCCC)CCCC,Non-blocker,Blocker,GCTFWCDSFPMHHS-UHFFFAOYSA-M,GCTFWCDSFPMHHS,eval_set_herg_70.csv,,,0.529411792755127
N[C@H]1CN(C(=O)c2cc3ccccc3cn2)C[C@H]1C(=O)N1CCCC1,Non-blocker,Non-blocker,GDAWAZUHXHQFEX-CVEARBPZSA-N,GDAWAZUHXHQFEX,eval_set_herg_70.csv,,,0.699999988079071
C[C@@H]1NC(c2nccc(C#N)n2)=N[C@@]1(c1ccc(F)cc1)c1ccc(F)nc1,Blocker,Blocker,GDRBAUSWIPELRB-YUNKPMOVSA-N,GDRBAUSWIPELRB,data_herg_dev,CHEMBL491567,,0.666666686534882
CC(=O)Nc1cccc(N2CCN(CCCCNS(=O)(=O)c3ccc(C)cc3)CC2)c1,Blocker,Blocker,GDSVOHILVQPEJQ-UHFFFAOYSA-N,GDSVOHILVQPEJQ,CUPID,10343434,19534531,0.693548381328583
COC(=O)CC1=NN(c2nc(C)cc(C)n2)C(=O)C1,Non-blocker,Non-blocker,GEIGROSBPKCYRF-UHFFFAOYSA-N,GEIGROSBPKCYRF,PubChem,2989848,,0.404255330562592
O=C(NCc1cc(C(F)(F)F)cc(C(F)(F)F)c1)C1(c2ccccc2)CCC(N2CCC(c3ccc(F)cc3)CC2)CC1,Blocker,Blocker,GENLRMUFBFSRLA-UHFFFAOYSA-N,GENLRMUFBFSRLA,eval_set_herg_70.csv,,,0.686567187309265
COc1ccc(CCn2ncc(C(=O)c3ccc(C)c(C)c3)n2)cc1,Non-blocker,Non-blocker,GFAWLUIEPMDUPY-UHFFFAOYSA-N,GFAWLUIEPMDUPY,eval_set_herg_60.csv,,,0.377049177885056
Cc1ccc(C(=O)O/N=C/C2=C(Cl)c3ccccc3CC2)cc1,Non-blocker,Non-blocker,GFCVKSYILXHGEA-CIAFOILYSA-N,GFCVKSYILXHGEA,PubChem,9668050,,0.482758611440659
CC(C)(CCc1ccc(F)cc1)N1Cc2cccc(F)c2C1,Blocker,Blocker,GFGDEBIFXMGQCV-UHFFFAOYSA-N,GFGDEBIFXMGQCV,eval_set_herg_70.csv,,,0.641509413719177
COCc1cc(CN(C)C(=O)c2oc3c(F)cccc3c2C)[nH]n1,Blocker,Non-blocker,GGRIKSORTXKOCP-UHFFFAOYSA-N,GGRIKSORTXKOCP,PubChem,24818861,,0.47826087474823
O=S1(=O)CCN(c2ccccc2CC(c2c[nH]c3ccccc23)c2c[nH]c3ccccc23)CC1,Non-blocker,Blocker,GGRMGYJJBCRHKM-UHFFFAOYSA-N,GGRMGYJJBCRHKM,PubChem,235012,,0.375
CC(C)c1ccc2c(c1)C(=O)C1(CCN(CC3CC3)CC1)N2,Blocker,Blocker,GHIRBTDTNWKUID-UHFFFAOYSA-N,GHIRBTDTNWKUID,data_herg_dev,CHEMBL4641459,,0.576271176338196
CCCOc1ccc(N2C(=O)C[C@@H](N(Cc3ccc(S(N)(=O)=O)cc3)C(=O)CC)C2=O)cc1,Non-blocker,Non-blocker,GHKCSIBLMLLHTB-HXUWFJFHSA-N,GHKCSIBLMLLHTB,PubChem,660616,,0.544117629528046
CN1Cc2cccc(Oc3ncccc3NC(=O)Nc3ccc(OC(F)(F)F)cc3)c2C1C(C)(C)C,Non-blocker,Blocker,GHKPMDDCMGRGGC-UHFFFAOYSA-N,GHKPMDDCMGRGGC,CUPID,CUPID,,0.574999988079071
CCOc1ccc(NS(=O)(=O)c2cccc(C(=O)N(C)Cc3nc4ccccc4s3)c2)cc1,Non-blocker,Blocker,GHQOKQYRSPUTQP-UHFFFAOYSA-N,GHQOKQYRSPUTQP,eval_set_herg_60.csv,,,0.493506491184235
O=C(CN1C(=O)[C@@H]2CCCC[C@H]2C1=O)OCc1nnc(-c2ccccc2)o1,Non-blocker,Non-blocker,GIGZCJMRLOCWIU-ZIAGYGMSSA-N,GIGZCJMRLOCWIU,PubChem,4233572,,0.475409835577011
CCOc1ccc(NC(=O)Nc2ccon2)cc1,Non-blocker,Non-blocker,GIHDMQMFIXBPEL-UHFFFAOYSA-N,GIHDMQMFIXBPEL,PubChem,6464671,,0.476190477609634
CN1CCC(NC(=O)c2cccn3c(=O)c4ccc5ccccc5c4nc23)CC1,Blocker,Blocker,GILGKICYVDVCLZ-UHFFFAOYSA-N,GILGKICYVDVCLZ,CUPID,166635953,35450366,0.650793671607971
Cc1cc(-c2ccc(C)c(S(=O)(=O)NCCN3CCC(C)CC3)c2)on1,Non-blocker,Non-blocker,GIQHCIZZMPJRTC-UHFFFAOYSA-N,GIQHCIZZMPJRTC,PubChem,20935781,,0.60869562625885
Cc1ccc(C(=O)NCc2ccco2)cc1Br,Non-blocker,Non-blocker,GIVCCVDSSLCUQW-UHFFFAOYSA-N,GIVCCVDSSLCUQW,PubChem,935017,,0.54347825050354
CC(C)(C)n1cc(C(O)c2cc(-c3ncnc4cc(N5CCOCC5)ccc34)cnc2F)cn1,Non-blocker,Non-blocker,GJESUBAPEJHPIP-UHFFFAOYSA-N,GJESUBAPEJHPIP,eval_set_herg_70.csv,,,0.653333306312561
Cc1[nH]c2ccccc2c1C(=O)CN1CCC(C)CC1,Non-blocker,Non-blocker,GJUXIAJLOGPNCR-UHFFFAOYSA-N,GJUXIAJLOGPNCR,PubChem,919704,,0.603773593902588
COc1ccc(CCN2C(=O)CS/C2=N\NC(=O)c2cccs2)cc1OC,Non-blocker,Non-blocker,GJZLSTBDIMNAKD-ZZEZOPTASA-N,GJZLSTBDIMNAKD,PubChem,9595199,,0.5573770403862
Cc1cc(C(=O)OCC(=O)N2c3ccccc3C[C@H]2C)c(C)o1,Non-blocker,Non-blocker,GKTOPKOFHOFTFU-LLVKDONJSA-N,GKTOPKOFHOFTFU,PubChem,2997857,,0.548387110233307
N#C[C@@H]1CCCN1C(=O)[C@@H]1CN(C2CCOc3ccccc32)C[C@@H]1N,Non-blocker,Non-blocker,GKUBXAODDPGLFL-FZVDNZMDSA-N,GKUBXAODDPGLFL,eval_set_herg_60.csv,,,0.492753624916077
COc1ccc(-c2cc(C(=O)/N=C3\NCCS3)c3ccccc3n2)cc1OC,Non-blocker,Non-blocker,GKWRDKNGWXNNSU-UHFFFAOYSA-N,GKWRDKNGWXNNSU,PubChem,2365279,,0.528571426868439
O=C(O)c1ccc2c(c1)nnn2C1CCCCC1,Non-blocker,Non-blocker,GLIAIPXYMCWRTG-UHFFFAOYSA-N,GLIAIPXYMCWRTG,PubChem,653819,,0.590909063816071
Cc1c(O)c(=O)ccn1-c1ccc(OCCCN2CCCC2)cc1,Blocker,Non-blocker,GLYIJXKREAPDJO-UHFFFAOYSA-N,GLYIJXKREAPDJO,eval_set_herg_60.csv,,,0.563636362552643
O=C(c1cc(F)c(F)cc1Cl)N1CCCc2ccccc21,Non-blocker,Non-blocker,GLZFHOGTCIRQTN-UHFFFAOYSA-N,GLZFHOGTCIRQTN,PubChem,790863,,0.509090900421143
c1ccc(CCc2cn(C[C@H]3CC[C@@H]([C@@H]4CC[C@H](Cn5cc(CCc6ccccc6)nn5)O4)O3)nn2)cc1,Non-blocker,Non-blocker,GLZSSDRBORHFKW-XAZDILKDSA-N,GLZSSDRBORHFKW,PubChem,23731396,,0.348837196826935
O=C([O-])COCC[N+]1CC[N+](C(c2ccccc2)c2ccc(Cl)cc2)CC1,Blocker,Non-blocker,GMJFZBHEMFCZIR-UHFFFAOYSA-M,GMJFZBHEMFCZIR,eval_set_herg_60.csv,,,0.409836053848267
CN[C@@H](C)[C@H]1[C@H](O)CC2(C)[C@@H]3CC[C@H]4C(C)(C)[C@@H](NC)CCC45CC35CC[C@]12C,Non-blocker,Non-blocker,GMNAPBAUIVITMI-BDKDDEIASA-N,GMNAPBAUIVITMI,eval_set_herg_60.csv,,,0.224137932062149
C=C1/C(=C\C=C2/CCC[C@@]3(C)[C@H]2CC[C@@H]3[C@H](C)CCCC(C)(C)O)C[C@@H](O)C[C@@H]1O,Non-blocker,Non-blocker,GMRQFYUYWCNGIN-NKMMMXOESA-N,GMRQFYUYWCNGIN,eval_set_herg_70.csv,,,0.246153846383095
Cc1nc(N2CCOCC2)nc(N2CCCCC2)c1[N+](=O)[O-],Non-blocker,Non-blocker,GMZKKELVJFEXPW-UHFFFAOYSA-N,GMZKKELVJFEXPW,PubChem,2910762,,0.428571432828903
O=S(=O)(c1ccc(F)cc1)N1CCc2nc(OC3CCN(C4CCC4)CC3)ccc2C1,Non-blocker,Blocker,GNHCIEJXXWVTRN-UHFFFAOYSA-N,GNHCIEJXXWVTRN,eval_set_herg_60.csv,,,0.387096762657166
CN1C[C@H]2CCN(c3ccc(-c4ccc(-n5ncccc5=O)cc4)cc3)[C@H]2C1,Blocker,Blocker,GNIRITULTPTAQW-KNQAVFIVSA-N,GNIRITULTPTAQW,PubChem,24743471,28797771,0.557692289352417
C[C@@H]1CCCC[C@@]12NC(=O)N(CC(=O)NCc1ccccc1Cl)C2=O,Non-blocker,Non-blocker,GNJQTAQYUMHNGE-KZULUSFZSA-N,GNJQTAQYUMHNGE,PubChem,4673479,,0.573529422283173
CC(=O)c1ccc(S(=O)(=O)Nc2ccc(N3CCOCC3)cc2)cc1,Non-blocker,Non-blocker,GNOMIQANUINIGR-UHFFFAOYSA-N,GNOMIQANUINIGR,PubChem,2118303,,0.5799999833107
COc1ccc(Cl)cc1C(=O)NNC(=O)COC(=O)C[C@@H](NC(C)=O)c1ccccc1,Non-blocker,Non-blocker,GNYGNFGWSPLACP-QGZVFWFLSA-N,GNYGNFGWSPLACP,PubChem,24687188,,0.426470577716827
COc1ccc(NC(=S)N2CCN(CC/N=C/C3=C(O)C[C@@H](c4ccccc4)CC3=O)CC2)cc1,Non-blocker,Non-blocker,GOMONFMFMZBVOY-APMPPKRVSA-N,GOMONFMFMZBVOY,PubChem,135439111,,0.671232879161835
N#Cc1cnc(Nc2cc(N)ncn2)s1,Blocker,Blocker,GPLUDMKPTRXKRC-UHFFFAOYSA-N,GPLUDMKPTRXKRC,eval_set_herg_70.csv,,,0.609756112098694
CCN(CC)CCCNC(=O)c1cn(CCOC)c(=O)c2c1c1ccccc1n2C,Non-blocker,Non-blocker,GPLXBBFJOMYIMW-UHFFFAOYSA-N,GPLXBBFJOMYIMW,PubChem,3238525,,0.623188376426697
CCOc1cc(CNC(C)C(O)c2ccccc2)cc(Cl)c1OCC,Non-blocker,Blocker,GPNXIOHGRPOPIQ-UHFFFAOYSA-N,GPNXIOHGRPOPIQ,data_herg_dev,CHEMBL1619026,,0.589285731315613
COc1ccc(S(=O)(=O)N2CCN(Cc3cccnc3)CC2)cc1,Non-blocker,Non-blocker,GPSRTHRZQOONCJ-UHFFFAOYSA-N,GPSRTHRZQOONCJ,PubChem,828758,,0.600000023841858
C[NH+]1CCc2cc3c(cc2C(=O)Cc2ccc4c(c2C1)OCO4)OCO3,Non-blocker,Non-blocker,GPTFURBXHJWNHR-UHFFFAOYSA-O,GPTFURBXHJWNHR,eval_set_herg_70.csv,,,0.30303031206131
CCOC(=O)[C@@](NC(=O)c1ccc(OC)cc1)(OCC1(CC)COC1)C(F)(F)F,Non-blocker,Non-blocker,GQCGTXANJCXGEY-GOSISDBHSA-N,GQCGTXANJCXGEY,PubChem,658205,,0.449999988079071
Cc1cccc(N2C(=O)[C@H]3C[C@H]3C2=O)c1,Non-blocker,Non-blocker,GQKBFLIMLYQFOR-AOOOYVTPSA-N,GQKBFLIMLYQFOR,PubChem,3727884,,0.425925940275192
CC[C@]1(C)C[C@@]2(CCCN(CCC(O)(c3ccccc3)c3ccccc3)C2)CCO1,Non-blocker,Non-blocker,GQLQFNCLQFWVRE-CLJLJLNGSA-N,GQLQFNCLQFWVRE,PubChem,16682229,,0.661016941070557
CCc1cccc(C)c1NC(=O)CN1C(=O)N[C@H](Cc2ccccc2)C1=O,Non-blocker,Non-blocker,GQMUBGWEFRSNFE-QGZVFWFLSA-N,GQMUBGWEFRSNFE,PubChem,3929571,,0.477611929178238
C/C1=C\[C@H](C)C[C@H](C)OC(=O)C[C@H](c2ccc(O)cc2)NC(=O)[C@@H](Cc2c(Br)[nH]c3ccccc23)N(C)C(=O)[C@H](C)NC(=O)[C@H](C)C1,Non-blocker,Non-blocker,GQWYWHOHRVVHAP-HZIRKPFGSA-N,GQWYWHOHRVVHAP,eval_set_herg_60.csv,,,0.266666680574417
CCO[C@H]1O[C@@H]2[C@H](O1)[C@@H](CO)O[C@H]2n1cnc2c(N)ncnc21,Blocker,Non-blocker,GSAINKDJWMWPIU-OEOSOJDUSA-N,GSAINKDJWMWPIU,PubChem,3521030,,0.611111104488373
CCCCn1c(N)c(N(CCC(C)C)C(=O)c2sc3nc4n(c(=O)c3c2C)CCC4)c(=O)[nH]c1=O,Non-blocker,Non-blocker,GSTRKPAFIXVREI-UHFFFAOYSA-N,GSTRKPAFIXVREI,PubChem,24818197,,0.547619044780731
CCOC(=O)c1sc(/N=C/c2ccc(O)cc2O)cc1C,Non-blocker,Non-blocker,GSXYVHWRDWQGOJ-LZYBPNLTSA-N,GSXYVHWRDWQGOJ,PubChem,135521632,,0.370967745780945
COc1ccc(CCNS(=O)(=O)c2cc(C(=O)O)c(Cl)cc2Cl)cc1,Blocker,Non-blocker,GTIRTRWMHRGQSY-UHFFFAOYSA-N,GTIRTRWMHRGQSY,PubChem,2119414,,0.560000002384186
Cc1cc(C)n2nc(C(=O)OCC(=O)c3ccc(F)cc3)nc2n1,Non-blocker,Non-blocker,GTPQDUKIEGZDSF-UHFFFAOYSA-N,GTPQDUKIEGZDSF,PubChem,7862895,,0.59649121761322
CSc1ncc2nc([C@H](O)c3ccccc3)[nH]c2n1,Non-blocker,Non-blocker,GTRCHOWLVXZROM-SNVBAGLBSA-N,GTRCHOWLVXZROM,PubChem,256042,,0.363636374473572
O=C(COC(=O)Cn1cnc2ccccc21)Nc1ccc2c(c1)C(=O)c1ccccc1C2=O,Blocker,Non-blocker,GTXSEHLWOBGWRN-UHFFFAOYSA-N,GTXSEHLWOBGWRN,PubChem,4013082,,0.672413766384125
O=C(O)C=C(CC(=O)O)C(=O)O,Non-blocker,Non-blocker,GTZCVFVGUGFEME-UHFFFAOYSA-N,GTZCVFVGUGFEME,PubChem,309,,0.307692319154739
CC(C)N1CCN(C2CSCCSC2)C[C@H]1CCO,Non-blocker,Non-blocker,GUDLXTFNNCOYNM-CYBMUJFWSA-N,GUDLXTFNNCOYNM,PubChem,16190117,,0.529411792755127
COc1ccc([C@H](C)NC(=O)COc2cc(C(F)(F)F)c3c(-c4ccccc4)nn(C)c3n2)cc1,Non-blocker,Non-blocker,GUDQJFKBBOAOIC-HNNXBMFYSA-N,GUDQJFKBBOAOIC,data_herg_dev,CHEMBL3634013,,0.706666648387909
C[C@H](C(=O)O)c1ccc(C(=O)c2ccccc2)s1,Non-blocker,Blocker,GUHPRPJDBZHYCJ-VIFPVBQESA-N,GUHPRPJDBZHYCJ,eval_set_herg_60.csv,,,0.388888895511627
O=C(c1ccc2ccccc2c1)[C@@H]1CCCN(C(=O)c2noc3c2CCCC3)C1,Non-blocker,Non-blocker,GURFHIRJMGSZRF-LJQANCHMSA-N,GURFHIRJMGSZRF,PubChem,16190325,,0.681818187236786
C=C1CC23CC4C5C6(C)CC(C(=O)OC)CC57C2C(O)C1C(C(=O)OC)C3(O)C7N4C6,Blocker,Non-blocker,GUVKALIOCDHSBZ-UHFFFAOYSA-N,GUVKALIOCDHSBZ,eval_set_herg_60.csv,,,0.600000023841858
CN1C(=O)[C@H](NC(=O)Cc2ccccc2)N=C(c2ccccc2)c2ccccc21,Blocker,Blocker,GUWGGVBBJNORBJ-HSZRJFAPSA-N,GUWGGVBBJNORBJ,data_herg_dev,CHEMBL124306,,0.705882370471954
CN(c1ccccc1)S(=O)(=O)c1ccc(NC(=O)c2nc(S(C)(=O)=O)ncc2Cl)cc1,Non-blocker,Non-blocker,GVDDPQRQWABRJN-UHFFFAOYSA-N,GVDDPQRQWABRJN,PubChem,16012865,,0.492753624916077
CC(=O)Oc1ccc2c3c1O[C@H]1[C@@H](OC(C)=O)C=C[C@H]4[C@@H](C2)N(C)CC[C@]314,Blocker,Non-blocker,GVGLGOZIDCSQPN-PVHGPHFFSA-N,GVGLGOZIDCSQPN,eval_set_herg_70.csv,,,0.553846180438995
O=C(O)[C@H]1CCCN1S(=O)(=O)c1ccc2ccccc2c1,Non-blocker,Non-blocker,GVNYVKRDASNULU-CQSZACIVSA-N,GVNYVKRDASNULU,PubChem,649141,,0.627906978130341
CCCN1[C@@H]2CCC[C@H]1C[C@H](NC(=O)c1cccc(Cl)c1)C2,Blocker,Non-blocker,GVPMEJDOHTYMEW-OSYLJGHBSA-N,GVPMEJDOHTYMEW,PubChem,3217984,,0.5
COc1ccc(Oc2nc3c(c(=O)n(C)c(=O)n3C)n2C)cc1,Non-blocker,Non-blocker,GWBNWRNVIHHFRS-UHFFFAOYSA-N,GWBNWRNVIHHFRS,PubChem,915026,,0.4426229596138
COc1ccc(CN(C[C@H]2CC[C@H](C(=O)O)CC2)C(=S)Nc2ccccc2OC)cc1,Non-blocker,Non-blocker,GWTFPMQVFXBOOD-UAPYVXQJSA-N,GWTFPMQVFXBOOD,PubChem,16189605,,0.444444447755814
O=C(OCC(=O)N1CCCc2ccccc21)c1cccc(S(=O)(=O)N2CCOCC2)c1,Non-blocker,Non-blocker,GWZPAZUVQCKYLX-UHFFFAOYSA-N,GWZPAZUVQCKYLX,PubChem,16521670,,0.569230794906616
CN(C)C[C@H]1CCc2cc(NC(=O)c3ccc(-c4ccc(F)cc4)cc3)ccc2C1,Blocker,Blocker,GXAQELJVODWLDD-SFHVURJKSA-N,GXAQELJVODWLDD,eval_set_herg_60.csv,,,0.49230769276619
CCOc1ccc(NC(=O)c2ccc3c(c2)CCN3S(C)(=O)=O)cc1,Non-blocker,Blocker,GXNSLDYOGYMHFQ-UHFFFAOYSA-N,GXNSLDYOGYMHFQ,PubChem,1085725,,0.576271176338196
Cc1cc2cc(CCNC(=O)c3cccc([N+](=O)[O-])c3)c(=O)[nH]c2cc1C,Non-blocker,Non-blocker,GYCARQRQTJZMGN-UHFFFAOYSA-N,GYCARQRQTJZMGN,PubChem,4083397,,0.561403512954712
CCc1nc(C)cn2nc(-c3cc(=O)n4cc(C5CCN(C)CC5)cc(C)c4n3)cc12,Blocker,Blocker,GYFRQCMDLBNZSF-UHFFFAOYSA-N,GYFRQCMDLBNZSF,CUPID,89741565,30044619,0.279069781303406
CCCCC(CC)C(=O)OCCOCCOCCOCCOC(=O)C(CC)CCCC,Non-blocker,Non-blocker,GYHPTPQZVBYHLC-UHFFFAOYSA-N,GYHPTPQZVBYHLC,data_herg_dev,,28999,0.410256415605545
COc1ccc(NC(=O)c2cccs2)c([N+](=O)[O-])c1,Non-blocker,Non-blocker,GYJDWRGHZAYMSR-UHFFFAOYSA-N,GYJDWRGHZAYMSR,PubChem,574268,,0.592592597007752
COc1ccc(N2CCN(C(=O)[C@@H]3CCCN(S(=O)(=O)c4cccc5cccnc45)C3)CC2)cc1,Non-blocker,Non-blocker,GYNFKFFKXBADSN-OAQYLSRUSA-N,GYNFKFFKXBADSN,PubChem,5309633,,0.638888895511627
CCC(C)(C)NC(=O)[C@@H](c1ccco1)N(C(=O)CNC(=O)c1cccs1)c1cccnc1,Non-blocker,Non-blocker,GYTJISHWWXBYNU-HXUWFJFHSA-N,GYTJISHWWXBYNU,PubChem,3215310,,0.580246925354004
Cc1ccccc1NC(=S)N1CCOCC1,Non-blocker,Non-blocker,GYUXEKCEGBXHAJ-UHFFFAOYSA-N,GYUXEKCEGBXHAJ,PubChem,700015,,0.519999980926514
CNCCCOc1ccc(C)cc1OC,Non-blocker,Non-blocker,GZEHHQAEVCUZMA-UHFFFAOYSA-N,GZEHHQAEVCUZMA,PubChem,2949214,,0.404255330562592
Cc1noc(-c2ccc3c(c2)c2c(n3CCCSc3cc(F)cc(F)c3)CCCC2)n1,Blocker,Blocker,GZGZYDZBSNEDTO-UHFFFAOYSA-N,GZGZYDZBSNEDTO,data_herg_dev,CHEMBL2179510,,0.311111122369766
C(#Cc1ncn2c1COc1ccccc1-2)c1ccccc1,Blocker,Blocker,GZHRZQIKHYTBFX-UHFFFAOYSA-N,GZHRZQIKHYTBFX,data_herg_dev,CHEMBL3410207,,0.319999992847443
FC(F)(F)c1ccccc1-c1cc(C(F)(F)F)c2c(c1)=N/C(=C1\CC3(CCCCC3)ON1)N=2,Non-blocker,Non-blocker,GZINXHRSQAMEQY-ZZEZOPTASA-N,GZINXHRSQAMEQY,eval_set_herg_60.csv,,,0.30303031206131
COc1ccc(-c2c(C)oc3c(CN4CCN(CCO)CC4)c(O)ccc3c2=O)cc1OC,Blocker,Non-blocker,GZOBRNIEFUNYEM-UHFFFAOYSA-N,GZOBRNIEFUNYEM,PubChem,5389869,,0.461538463830948
COc1ccc(NC(=O)CN2C(=O)COc3ccc(S(=O)(=O)N4CCCCCC4)cc32)cc1,Non-blocker,Non-blocker,GZYBGCNADDVGJO-UHFFFAOYSA-N,GZYBGCNADDVGJO,PubChem,16034637,,0.666666686534882
CCN(CC)S(=O)(=O)c1ccc(N2CCOCC2)c(NC(=O)c2cccc(C#N)c2)c1,Non-blocker,Non-blocker,HADQBIPLYUFVCR-UHFFFAOYSA-N,HADQBIPLYUFVCR,PubChem,4834173,,0.545454561710358
Cc1cc(OC(=O)c2ccccc2F)c([N+](=O)[O-])c(=O)[nH]1,Non-blocker,Non-blocker,HAECQMBQLFXLMQ-UHFFFAOYSA-N,HAECQMBQLFXLMQ,PubChem,7150661,,0.615384638309479
Cc1oc2cc3oc(=O)c(CC(=O)O)c(C)c3cc2c1-c1ccccc1,Non-blocker,Non-blocker,HAYRZBNXGUAOJV-UHFFFAOYSA-N,HAYRZBNXGUAOJV,PubChem,906845,,0.440677970647812
Cc1csc(NC(=S)NC(=O)c2ccccc2)n1,Blocker,Blocker,HBEPPLPZWCJWJH-UHFFFAOYSA-N,HBEPPLPZWCJWJH,PubChem,1549394,,0.529411792755127
O=[S@](Cc1ccc(Br)cc1)Cc1nnc(SCc2ccc(Cl)cc2)n1-c1ccccc1,Non-blocker,Non-blocker,HCTYWNLENRYFCB-WJOKGBTCSA-N,HCTYWNLENRYFCB,PubChem,1483512,,0.436363637447357
CCOC(=O)CSc1nnc(/N=C(\O)c2cc([N+](=O)[O-])cc([N+](=O)[O-])c2)s1,Non-blocker,Non-blocker,HDCQTICIZFJLNY-UHFFFAOYSA-N,HDCQTICIZFJLNY,PubChem,4681537,,0.383333325386047
CCN(CC)Cc1c(C)[nH]c2ccc(NC(C)=O)cc2c1=O,Non-blocker,Non-blocker,HDOKWGNPIKVSEX-UHFFFAOYSA-N,HDOKWGNPIKVSEX,PubChem,321832,,0.446428567171097
NS(=O)(=O)c1cc2c(cc1C(F)(F)F)NC(Cc1ccccc1)NS2(=O)=O,Blocker,Blocker,HDWIHXWEUNVBIY-UHFFFAOYSA-N,HDWIHXWEUNVBIY,eval_set_herg_70.csv,,,0.328767120838165
O=C(c1ccccc1C(F)(F)F)N(c1ccccc1)[C@H]1CCNC1,Blocker,Non-blocker,HDXRSCIIKGHXQP-AWEZNQCLSA-N,HDXRSCIIKGHXQP,data_herg_dev,CHEMBL562533,,0.68085104227066
CC(=O)c1cccc(NCC(=O)Nc2cccc(S(=O)(=O)N3CCCCC3)c2)c1,Non-blocker,Non-blocker,HEBMEKTZXOWLOQ-UHFFFAOYSA-N,HEBMEKTZXOWLOQ,PubChem,7922758,,0.689655184745789
ClC(Cl)Cl,Blocker,Non-blocker,HEDRZPFGACZZDS-UHFFFAOYSA-N,HEDRZPFGACZZDS,eval_set_herg_60.csv,,,0.300000011920929
CC(C)Cc1ccc([C@H](C)C(=O)O)cc1,Non-blocker,Blocker,HEFNNWSXXWATRW-JTQLQIEISA-N,HEFNNWSXXWATRW,eval_set_herg_60.csv,,,0.600000023841858
COc1ccc(C(=O)NNC(=O)[C@H]2CCCO2)cc1,Non-blocker,Non-blocker,HEIUUQGMOQAZJK-LLVKDONJSA-N,HEIUUQGMOQAZJK,PubChem,2862017,,0.583333313465118
CCOC(=O)C1CCN([C@H](c2ccc(OC)c(OC)c2)c2sc3nc(C)nn3c2O)CC1,Non-blocker,Non-blocker,HEKLZPMWTCAHRL-GOSISDBHSA-N,HEKLZPMWTCAHRL,PubChem,3378036,,0.652777791023254
O=C1C=C(N2CCN(c3ccccn3)CC2)C(=O)c2c(O)ccc(O)c21,Non-blocker,Blocker,HEWUHYSMTMXSKM-UHFFFAOYSA-N,HEWUHYSMTMXSKM,PubChem,376947,,0.425531923770905
Cc1nc(NC(=O)COC(=O)CCc2ccccc2)c(Cl)cc1Cl,Non-blocker,Non-blocker,HFGLAEQFSDFQIQ-UHFFFAOYSA-N,HFGLAEQFSDFQIQ,PubChem,4786926,,0.421052634716034
COc1cc2cncc(Cc3ccc(Cl)cc3)c2cc1OC,Non-blocker,Non-blocker,HFQNWJXWPXVHAD-UHFFFAOYSA-N,HFQNWJXWPXVHAD,PubChem,2723768,,0.400000005960465
Cc1nc2ccc(N)cc2s1,Non-blocker,Non-blocker,HFUJOSYKJMNSFQ-UHFFFAOYSA-N,HFUJOSYKJMNSFQ,PubChem,762831,,0.432432442903519
CCCCCCc1cc2cc(-c3csc(C=Cc4ccccc4)n3)c(=O)oc2cc1O,Blocker,Blocker,HGBMOUZLBAYJRN-UHFFFAOYSA-N,HGBMOUZLBAYJRN,data_herg_dev,CHEMBL530438,,0.404761910438538
O=C(Nc1ccc([C@H]2CNCCO2)cc1)c1ccn(-c2ccccc2)n1,Blocker,Non-blocker,HGERVBWCKKJBMC-LJQANCHMSA-N,HGERVBWCKKJBMC,eval_set_herg_70.csv,,,0.629032254219055
CN(C)CCCNC(=O)c1cc(C(=O)c2ccccc2)c[nH]1,Non-blocker,Non-blocker,HGIOFYMWMGDEDF-UHFFFAOYSA-N,HGIOFYMWMGDEDF,PubChem,3371526,,0.450980395078659
O=C(O[C@H]1CN2CCC1CC2)C(O)(c1ccccc1)c1ccccc1,Blocker,Blocker,HGMITUYOCPPQLE-IBGZPJMESA-N,HGMITUYOCPPQLE,PubChem,425062,,0.574468076229096
COc1ccc(S(=O)(=O)N2CCCCC2)cc1NC(=O)Cc1c[nH]c2ccccc12,Non-blocker,Non-blocker,HGSZOZKYRBIVEN-UHFFFAOYSA-N,HGSZOZKYRBIVEN,PubChem,5145557,,0.626865684986115
COc1ccccc1NC(=O)COC(=O)Cn1c(C)csc1=O,Non-blocker,Non-blocker,HGYQNZVTICOZRL-UHFFFAOYSA-N,HGYQNZVTICOZRL,PubChem,24687324,,0.50877195596695
Cc1ccccc1NC(=O)CSc1nc2c(c(=O)n(C)c(=O)n2C)n1C,Non-blocker,Non-blocker,HHBTYQOGSCAOQR-UHFFFAOYSA-N,HHBTYQOGSCAOQR,PubChem,1172258,,0.462686568498611
CN(C)CCN/C=C1/C(=O)NC(=O)N(C2CCCCCC2)C1=O,Non-blocker,Non-blocker,HHGPTDHZUIICFA-QBFSEMIESA-N,HHGPTDHZUIICFA,PubChem,3811429,,0.390625
Cc1ccc(C(=O)Nc2nc3c(s2)CCCC3)o1,Non-blocker,Non-blocker,HHHKLXMFVXBOOO-UHFFFAOYSA-N,HHHKLXMFVXBOOO,PubChem,841544,,0.50943398475647
O=C(COC(=O)[C@@H]1CCCC[C@H]1C(=O)N1CCc2ccccc21)NCc1ccco1,Non-blocker,Non-blocker,HHTLXNWTEWKWRD-RTBURBONSA-N,HHTLXNWTEWKWRD,PubChem,2998769,,0.397260278463364
C/C(=N\NC(=O)c1ccccc1F)c1ccccn1,Non-blocker,Non-blocker,HICWLIRXXOHZKD-LICLKQGHSA-N,HICWLIRXXOHZKD,PubChem,5335659,,0.52173912525177
Cc1ccc(C(=O)COC(=O)c2cnccn2)cc1C,Non-blocker,Non-blocker,HIKOIVKWRDMEQQ-UHFFFAOYSA-N,HIKOIVKWRDMEQQ,PubChem,761855,,0.482142865657806
CC(=O)Nc1cccc(Oc2cc(C#N)c(C#N)cc2N2CCOCC2)c1,Blocker,Non-blocker,HIUUBSLLUKNSTG-UHFFFAOYSA-N,HIUUBSLLUKNSTG,PubChem,1087089,,0.412698417901993
Cc1cc(C)cc(NC(=S)N2CCN(c3ccccn3)CC2)c1,Non-blocker,Non-blocker,HJDHFZKZYLTXTK-UHFFFAOYSA-N,HJDHFZKZYLTXTK,PubChem,1490952,,0.641509413719177
COC(=O)C1=CCCN(C)C1,Non-blocker,Non-blocker,HJJPJSXJAXAIPN-UHFFFAOYSA-N,HJJPJSXJAXAIPN,eval_set_herg_70.csv,,,0.60526317358017
Clc1ccc(C2(Cn3cncn3)CC(Br)CO2)c(Cl)c1,Blocker,Non-blocker,HJJVPARKXDDIQD-UHFFFAOYSA-N,HJJVPARKXDDIQD,eval_set_herg_70.csv,,,0.430379748344421
COc1ccc(C2CNC(=O)C2)cc1OC1CCCC1,Non-blocker,Non-blocker,HJORMJIFDVBMOB-UHFFFAOYSA-N,HJORMJIFDVBMOB,eval_set_herg_60.csv,,,0.357142865657806
CC(=O)Nc1nnc(SCC(=O)N2CCN(Cc3ccccc3)CC2)s1,Non-blocker,Non-blocker,HJQHVFMHJOJCJB-UHFFFAOYSA-N,HJQHVFMHJOJCJB,PubChem,980314,,0.527777791023254
O=C(CN1C(=O)NC2(CCCCCCC2)C1=O)N1CCN(C(=O)c2ccco2)CC1,Non-blocker,Non-blocker,HJRXECPLRWDBBZ-UHFFFAOYSA-N,HJRXECPLRWDBBZ,PubChem,2479170,,0.652173936367035
CS(=O)(=O)Nc1ccc(OCC(=O)NCCCc2ccc(Cl)c(Cl)c2)cc1,Non-blocker,Non-blocker,HJWGMEHOJPIGHZ-UHFFFAOYSA-N,HJWGMEHOJPIGHZ,eval_set_herg_60.csv,,,0.593220353126526
COc1ccccc1N1CCN(CC(=O)Nc2c(C)n(C)n(-c3ccccc3)c2=O)CC1,Non-blocker,Non-blocker,HJWUOPKHXQOPPU-UHFFFAOYSA-N,HJWUOPKHXQOPPU,PubChem,16195948,,0.583333313465118
COc1cccc(/C=C/C(=O)OCC(=O)Nc2ccc(Cl)cn2)c1,Non-blocker,Blocker,HKHJDRLUNHFLSB-VMPITWQZSA-N,HKHJDRLUNHFLSB,PubChem,2096398,,0.555555582046509
Cc1c(CC(=O)O)c2cc(F)ccc2n1S(=O)(=O)c1ccc(S(C)(=O)=O)cc1,Non-blocker,Non-blocker,HKLGBZGYRPIFOH-UHFFFAOYSA-N,HKLGBZGYRPIFOH,eval_set_herg_60.csv,,,0.385714292526245
CCN1CC2(C)CCC(O)C34C5CC6C(OC)CC(O)(C(CC23)C14)C5C6O,Non-blocker,Non-blocker,HKQZUYOVMYOFIT-UHFFFAOYSA-N,HKQZUYOVMYOFIT,eval_set_herg_70.csv,,,0.575757563114166
CC[N+](CC)CCCN(c1ccccc1)C1Cc2ccccc2C1,Blocker,Blocker,HKTXZWQCPUSIKH-UHFFFAOYSA-N,HKTXZWQCPUSIKH,eval_set_herg_70.csv,,,0.675000011920929
COc1ccc(CCCOC(Cn2ccnc2)c2ccc(OC)cc2)cc1,Non-blocker,Blocker,HLMBXBGDBBCYII-UHFFFAOYSA-N,HLMBXBGDBBCYII,eval_set_herg_60.csv,,,0.543859660625458
Cc1cnc(-c2ccc3c(c2)CCN(CCCSC2=NN/C(=C4/C=c5ccccc5=N4)N2C)CC3)o1,Blocker,Blocker,HLOHOIBPGQBARU-OCEACIFDSA-N,HLOHOIBPGQBARU,eval_set_herg_60.csv,,,0.535714268684387
Cc1c(CC(=O)O)c2cccnc2n1S(=O)(=O)c1ccc(F)c(F)c1,Non-blocker,Blocker,HLSYGDSWXJGENX-UHFFFAOYSA-N,HLSYGDSWXJGENX,data_herg_dev,CHEMBL563949,,0.338461548089981
COc1cc2c(cc1OC)CC(=O)N(CCCN(C)C[C@H]1Cc3cc(OC)c(OC)cc31)CC2.Cl,Blocker,Blocker,ACRHBAYQBXXRTO-OAQYLSRUSA-N,HLUKNZUABFFNQS,eval_set_herg_70.csv,,,0.644067823886871
C[C@@H]1C[C@@H](OC(=O)C2CCN(S(=O)(=O)c3ccc(F)cc3)CC2)C(=O)O1,Non-blocker,Non-blocker,HMAOGMJYBRJCHN-IAQYHMDHSA-N,HMAOGMJYBRJCHN,PubChem,16304329,,0.466666668653488
COCC(=O)Nc1cc(Sc2ccccc2)ccc1N/C(=N\C(=O)OC)NC(=O)OC,Non-blocker,Blocker,HMCCXLBXIJMERM-UHFFFAOYSA-N,HMCCXLBXIJMERM,PubChem,135449328,,0.421052634716034
O=C(Nc1cccc2ccccc12)c1nn([C@]23C[C@H]4C[C@H](C[C@H](C4)C2)C3)cc1Br,Blocker,Non-blocker,HMLPGTKGYVKZLD-ONHXBKDTSA-N,HMLPGTKGYVKZLD,PubChem,3436226,,0.415094345808029
CCc1nnc(SCc2cn3c(C)cc(C)nc3n2)n1N,Non-blocker,Non-blocker,HMTRHIZZEVUPCO-UHFFFAOYSA-N,HMTRHIZZEVUPCO,PubChem,2999561,,0.355932205915451
CCc1c(C(=O)NN2CCCCC2)nn(-c2ccc(Cl)cc2Cl)c1-c1ccc(Br)cc1,Blocker,Blocker,HMXDWDSNPRNUKI-UHFFFAOYSA-N,HMXDWDSNPRNUKI,eval_set_herg_70.csv,,,0.608108103275299
C[C@H]1[C@@H](C)OC(C)(C)C(=O)N1c1cc(-c2cc(C(F)(F)F)c3c(N)ncnn23)ccc1C#N,Non-blocker,Non-blocker,HNKLUXSZXIDIAN-NWDGAFQWSA-N,HNKLUXSZXIDIAN,data_herg_dev,CHEMBL4091875,,0.620253145694733
CC(C)Oc1cc(C(c2ccc(C(C)(C)O)nc2)c2ccc(=O)[nH]c2)ccc1OC(F)F,Non-blocker,Non-blocker,HNNZHBUCQUZFCY-UHFFFAOYSA-N,HNNZHBUCQUZFCY,data_herg_dev,CHEMBL1673438,,0.641791045665741
CNCC[C@H](Oc1ccc2ccccc2c1)c1cccs1,Blocker,Blocker,HNYYXWMFLVMBCN-KRWDZBQOSA-N,HNYYXWMFLVMBCN,eval_set_herg_70.csv,,,0.645833313465118
Cc1ccc(NC(=O)NCc2ccccn2)cc1,Non-blocker,Blocker,HOGKDEGSFNCKPD-UHFFFAOYSA-N,HOGKDEGSFNCKPD,PubChem,2560368,,0.560000002384186
COc1cccc(/C=C(/C(=O)OCC(=O)NC[C@H]2CCCO2)c2ccccc2)c1,Non-blocker,Non-blocker,HOHRJVUMEDOOHD-DOAWATSRSA-N,HOHRJVUMEDOOHD,PubChem,6223703,,0.542857170104981
CCOC(=O)c1ccc(NC(=O)CSc2nc(SC)ns2)cc1,Non-blocker,Non-blocker,HOKYKAHREVSREA-UHFFFAOYSA-N,HOKYKAHREVSREA,PubChem,2222528,,0.534482777118683
CCc1nc2c(Cc3ccc(C(=O)NO)cc3)cccc2c(=O)n1CCc1ccccc1,Non-blocker,Blocker,HPCPCLJRBNRLLW-UHFFFAOYSA-N,HPCPCLJRBNRLLW,CUPID,71811261,23905680,0.381578952074051
O=C(c1cccc(S(=O)(=O)C2CCc3ccccc3C2)c1)N1CCO[C@H](c2ccc(F)cc2)C1,Non-blocker,Blocker,HPOUSNSHNPFEKM-AMVUTOCUSA-N,HPOUSNSHNPFEKM,eval_set_herg_60.csv,,,0.375
CC(C)[N+]CC(O)c1ccc(NS(C)(=O)=O)cc1,Non-blocker,Non-blocker,HPTCKMYNJDVZDG-UHFFFAOYSA-N,HPTCKMYNJDVZDG,eval_set_herg_70.csv,,,0.625
CC(C)c1nc2cc(C(=O)N(C)Cc3ccc(F)cc3)ccc2o1,Non-blocker,Non-blocker,HPULYTVTKILPLE-UHFFFAOYSA-N,HPULYTVTKILPLE,PubChem,24817750,,0.432835817337036
Cc1cccc(C(=O)OCC(=O)NC[C@H]2CCCO2)c1O,Non-blocker,Non-blocker,HQCKEDGCUUFEPE-LLVKDONJSA-N,HQCKEDGCUUFEPE,PubChem,4237988,,0.576271176338196
CCCCN(CCCC)CCCOC(=O)c1ccc(N)cc1,Blocker,Blocker,HQFWVSGBVLEQGA-UHFFFAOYSA-N,HQFWVSGBVLEQGA,eval_set_herg_70.csv,,,0.550000011920929
COC(=O)c1sc(NC(=O)c2ccc3c(c2)OCO3)c(C#N)c1C,Non-blocker,Non-blocker,HQLYXMOPLKUDAQ-UHFFFAOYSA-N,HQLYXMOPLKUDAQ,PubChem,959485,,0.5
CCOc1ccc(NC(=O)OCCN2CCN(CCc3ccccc3)[C@H](C)C2)cc1,Non-blocker,Blocker,HQNZUJSOBUCFOS-HXUWFJFHSA-N,HQNZUJSOBUCFOS,PubChem,258684,,0.453125
CCC(COC(=O)c1cc(OC)c(OC)c(OC)c1)(c1ccccc1)[N+](C)C,Blocker,Non-blocker,HQQBZBRAVHDCNS-UHFFFAOYSA-N,HQQBZBRAVHDCNS,eval_set_herg_70.csv,,,0.421052634716034
O=C(Cc1csc(N2CCOCC2)n1)N/N=C/c1ccc(Cl)cc1Cl,Non-blocker,Non-blocker,HQSPAFFJTSFACZ-DJKKODMXSA-N,HQSPAFFJTSFACZ,PubChem,6902629,,0.415384620428085
COc1ccc(S(=O)(=O)NCC(=O)N(CC(=O)NCc2ccco2)Cc2ccc(F)cc2)cc1,Non-blocker,Non-blocker,HRERUHBWBPCCEH-UHFFFAOYSA-N,HRERUHBWBPCCEH,PubChem,3206963,,0.635135114192963
c1ccc(-c2[nH]c3ccccc3c2C2CCC[N+]C2)cc1,Blocker,Blocker,HRNJHHNQCSRILM-UHFFFAOYSA-N,HRNJHHNQCSRILM,eval_set_herg_70.csv,,,0.699999988079071
CC(C)(O)COCc1cccc(Nc2sc(-c3c(F)cc(C(C)(C)O)cc3F)cc2C(N)=O)n1,Blocker,Non-blocker,HRQQSHKLURUDMQ-UHFFFAOYSA-N,HRQQSHKLURUDMQ,data_herg_dev,CHEMBL3234895,,0.518987357616425
C[C@@H](Oc1nnc(-c2ccncc2)n1C)c1noc(-c2cccc(Cl)c2)n1,Non-blocker,Non-blocker,HSADFLSLBBDMSW-LLVKDONJSA-N,HSADFLSLBBDMSW,data_herg_dev,CHEMBL2069926,,0.699999988079071
Cc1ccc(S(=O)(=O)/N=C(/Sc2ccccc2C(=O)O)c2ccccc2)cc1,Non-blocker,Non-blocker,HSPPBCOQOOMBEU-LSDHQDQOSA-N,HSPPBCOQOOMBEU,PubChem,5507631,,0.681818187236786
Cc1ccc(NC(=O)c2cc(S(=O)(=O)N3CCCC3)c[nH]2)c(C)c1,Non-blocker,Non-blocker,HSQDNCGLNIRVNK-UHFFFAOYSA-N,HSQDNCGLNIRVNK,PubChem,16018614,,0.703703701496124
N#Cc1c(Cl)cccc1OC[C@H](O)CN1CCC[C@H]1Cc1ccccc1,Non-blocker,Blocker,HSTMYWDURDPUMY-ZWKOTPCHSA-N,HSTMYWDURDPUMY,eval_set_herg_60.csv,,,0.44594594836235
Cc1ccc(SCCC(=O)OCC(=O)Nc2ccc(C(N)=O)cc2)cc1,Non-blocker,Non-blocker,HSXFAUUWXIXBBV-UHFFFAOYSA-N,HSXFAUUWXIXBBV,PubChem,2583621,,0.592592597007752
O=C(CSc1nc[nH]n1)Nc1ccc(Br)cc1Br,Non-blocker,Non-blocker,HTALSKNIUDJXRH-UHFFFAOYSA-N,HTALSKNIUDJXRH,PubChem,5074820,,0.566037714481354
Cc1nc2ccccc2c(=O)n1-c1ccc(Cl)cc1[N+](=O)[O-],Non-blocker,Non-blocker,HTAWKILCUXVZHX-UHFFFAOYSA-N,HTAWKILCUXVZHX,PubChem,973017,,0.588235318660736
O=C(NC1CCCC1)c1ccc(N2CCC(NCc3cccc(C(F)(F)F)c3)CC2)cc1,Blocker,Non-blocker,HTVRCTNPJQRBFZ-UHFFFAOYSA-N,HTVRCTNPJQRBFZ,data_herg_dev,CHEMBL535556,,0.516129016876221
C=CCc1cc(Cl)ccc1OCCOCCNC(C)(C)C,Blocker,Non-blocker,HTVVDYYDPMZDDC-UHFFFAOYSA-N,HTVVDYYDPMZDDC,PubChem,2924418,,0.34375
O=C(c1cccc(S(=O)(=O)N2CCc3ccccc3C2)c1)N1CCC(OCc2ccccc2)CC1,Non-blocker,Blocker,HTYGLMAQMBADNY-UHFFFAOYSA-N,HTYGLMAQMBADNY,eval_set_herg_60.csv,,,0.507936537265778
CS(=O)(=O)N(Cc1ccccc1-c1ccccc1)[C@H]1CCNC1,Blocker,Blocker,HUGQKIWTNMQGCP-KRWDZBQOSA-N,HUGQKIWTNMQGCP,data_herg_dev,CHEMBL476312,,0.615384638309479
O=C(Nc1ccccn1)c1cccc(S(=O)(=O)N2CCCC2)c1,Non-blocker,Non-blocker,HUMLSYVJRNYRLX-UHFFFAOYSA-N,HUMLSYVJRNYRLX,PubChem,768186,,0.603773593902588
Nc1nc(Nc2ccccc2)nc(NC2CCCCC2)c1[N+](=O)[O-],Non-blocker,Non-blocker,HUQQFXXZYLVSBW-UHFFFAOYSA-N,HUQQFXXZYLVSBW,PubChem,3767052,,0.611111104488373
CCOC(=O)NC[C@@H](C#CCN(CC)CC)N(CC)CC,Non-blocker,Non-blocker,HUXCUZAZHPAEQL-OAHLLOKOSA-N,HUXCUZAZHPAEQL,PubChem,660391,,0.269841283559799
CC(C)[C@]1(C)CC(=O)N(Cc2cc(F)cc(N3C[C@@H](c4ccccc4)CC3=O)c2)C(=N)N1,Blocker,Blocker,HVNPDEJERIVIHY-DFBJGRDBSA-N,HVNPDEJERIVIHY,data_herg_dev,CHEMBL3401344,,0.690140843391419
CNCC(O)(Cc1sc2c(=O)c(C(=O)NCc3ccc(Cl)cc3)cn(C)c2c1C)c1ccccn1,Blocker,Blocker,HVNXWVFYQJXVPW-UHFFFAOYSA-N,HVNXWVFYQJXVPW,eval_set_herg_70.csv,,,0.607142865657806
COc1cccc2[nH]c(-c3nc(N[C@@H]4CCOC[C@@H]4N)cnc3C(N)=O)cc12,Blocker,Non-blocker,HVQAATXUCFUOMV-WCQYABFASA-N,HVQAATXUCFUOMV,data_herg_dev,CHEMBL3415610,,0.470588237047195
CCS(=O)(=O)N(C)[C@H]1c2cc(C#N)ccc2OC(C)(C)[C@@H]1O,Non-blocker,Blocker,HVSJHHXUORMCGK-UONOGXRCSA-N,HVSJHHXUORMCGK,eval_set_herg_60.csv,,,0.461538463830948
COC(=O)C1=C(c2cc3ccccc3s2)C[C@@H]2CC[C@H]1N2C(=O)NCc1ccco1,Non-blocker,Non-blocker,HVSNZFUOWSBMRN-MAUKXSAKSA-N,HVSNZFUOWSBMRN,PubChem,24747249,,0.633802831172943
COc1ccc(CC(=O)Nc2cc3c(cc2[N+](=O)[O-])OC(C)(C)C(O)C3NC2CC2)cc1,Blocker,Non-blocker,HWADWMAQVCHLHJ-UHFFFAOYSA-N,HWADWMAQVCHLHJ,data_herg_dev,,,0.492753624916077
Cc1cc(Oc2nccc3occc23)ccc1-c1c(C)ncc2nccn12,Blocker,Non-blocker,HWAIAGZSWHOLLK-UHFFFAOYSA-N,HWAIAGZSWHOLLK,data_herg_dev,CHEMBL4277264,,0.263157904148102
Cc1cc(C)c(-c2csc(NC(=O)c3n[nH]c(=O)c4ccccc34)n2)c(C)c1,Non-blocker,Non-blocker,HWNZOTHZLVHIRA-UHFFFAOYSA-N,HWNZOTHZLVHIRA,PubChem,2402375,,0.483333319425583
Cc1c(F)c(N2CC[NH2+][C@H](C)C2)cc2c1C(=O)C(C(=O)[O-])C=[N+]2C1CC1,Non-blocker,Non-blocker,HWQPKBLZEKRMGK-VUUHIHSGSA-O,HWQPKBLZEKRMGK,eval_set_herg_60.csv,,,0.554054081439972
Cn1cccc1C(=O)N/N=C/c1c(Cl)cccc1Cl,Non-blocker,Non-blocker,HWRBKCKGDSRBJT-LZYBPNLTSA-N,HWRBKCKGDSRBJT,PubChem,9583542,,0.477272719144821
COC(=O)[C@@H](NCc1ccc(B(O)O)cc1)C(C)C,Non-blocker,Non-blocker,HWUVRZKSQIXRSI-LBPRGKRZSA-N,HWUVRZKSQIXRSI,PubChem,42609730,,0.375
CNC[C@H](c1ccc(Cl)c(Cl)c1)[C@H](O)c1cccc(OC)n1,Blocker,Non-blocker,HWZPXVTVANPWNG-BZNIZROVSA-N,HWZPXVTVANPWNG,eval_set_herg_70.csv,,,0.615384638309479
Cc1nc2ccccn2c(=O)c1CCN1CCC(C(=O)c2ccc(F)cc2)CC1,Blocker,Blocker,HXCNRYXBZNHDNE-UHFFFAOYSA-N,HXCNRYXBZNHDNE,PubChem,4847,,0.507042229175568
Cc1ccc([C@H]2CC(=O)C(/C=N/CCN3CCN(CC(=O)Nc4cc(C)cc(C)c4)CC3)=C(O)C2)cc1,Non-blocker,Non-blocker,HXEOSYDNVNQTGW-OQIVHJAPSA-N,HXEOSYDNVNQTGW,PubChem,135426230,,0.537313461303711
CCCS(=O)(=O)c1nc(S(=O)(=O)c2ccc(C)cc2)c(NCCCN2CCOCC2)s1,Non-blocker,Non-blocker,HXIVQZXEEVYSEW-UHFFFAOYSA-N,HXIVQZXEEVYSEW,PubChem,2935074,,0.573529422283173
Cc1ccc(C(=O)Nc2ccc(C(=O)N/N=C/c3ccccn3)cc2)cc1,Non-blocker,Non-blocker,HXMDHVIBYNODHQ-OEAKJJBVSA-N,HXMDHVIBYNODHQ,PubChem,46496230,,0.653061211109161
CCOC(=O)c1ccc(CCN2CCN(CCc3ccc([N+](=O)[O-])cc3)CC2)cc1,Blocker,Blocker,HXQUUYKDCWCSTP-UHFFFAOYSA-N,HXQUUYKDCWCSTP,CUPID,71461787,24900480,0.658536612987518
Cn1cc(Cn2cc(-c3ccc(Cl)cc3)cn2)cn1,Non-blocker,Blocker,HXXKCCOYYFKOHT-UHFFFAOYSA-N,HXXKCCOYYFKOHT,eval_set_herg_70.csv,,,0.630434811115265
COc1ccc2c(c1OC)CN(C)CCc1cc3c(cc1C(=O)C2)OCO3,Blocker,Non-blocker,HYBRYAPKQCZIAE-UHFFFAOYSA-N,HYBRYAPKQCZIAE,eval_set_herg_60.csv,,,0.532258093357086
CCN(CC)C(=O)c1ccc(C(=C2CCN(Cc3ccc(F)cc3)CC2)c2ccccn2)cc1,Blocker,Blocker,HYHLRMXRROJIRV-UHFFFAOYSA-N,HYHLRMXRROJIRV,CUPID,57394195,22197137,0.709677398204804
CC[N+](CC)CCNC(=O)c1cc(Cl)c(N)cc1OC,Blocker,Blocker,HYKIIMZOXRYZDB-UHFFFAOYSA-N,HYKIIMZOXRYZDB,eval_set_herg_70.csv,,,0.673469364643097
O=C1N(Cc2cccnc2)C[C@@H]2C[C@@H](c3ccc(-c4ccccc4)cc3)N3CCC[C@@]123,Non-blocker,Non-blocker,HYNUTHAJTWJGFO-KLJDGLGGSA-N,HYNUTHAJTWJGFO,PubChem,16192511,,0.701492547988892
COc1ccccc1CCNC(=O)c1nc(-c2cccs2)no1,Non-blocker,Non-blocker,HYTDFXCEQBRDMT-UHFFFAOYSA-N,HYTDFXCEQBRDMT,PubChem,1506857,,0.46551725268364
Cc1coc2c1C(=O)C(=O)c1c-2ccc2c1CCCC2(C)C,Non-blocker,Non-blocker,HYXITZLLTYIPOF-UHFFFAOYSA-N,HYXITZLLTYIPOF,eval_set_herg_60.csv,,,0.272727280855179
COc1cc(CN2CCN(C3CCC3)C[C@H]2CCO)cc(OC)c1,Non-blocker,Non-blocker,HZBHAKQOSKJDCA-QGZVFWFLSA-N,HZBHAKQOSKJDCA,PubChem,23723568,,0.5
N#Cc1cnn2c(O)c3c(nc12)CCCC3,Non-blocker,Blocker,HZGGBKSHPDXANX-UHFFFAOYSA-N,HZGGBKSHPDXANX,PubChem,736587,,0.5
N#Cc1nc(-c2ccc(OCc3ccccc3)cc2)oc1N1CCOCC1,Non-blocker,Non-blocker,HZTLXVNEBJZNBB-UHFFFAOYSA-N,HZTLXVNEBJZNBB,PubChem,663563,,0.576271176338196
O=C(Nc1ccc([C@H]2CNCCO2)cc1)c1coc(-c2ccccc2)n1,Non-blocker,Blocker,HZYCOVJPFLILNP-GOSISDBHSA-N,HZYCOVJPFLILNP,eval_set_herg_70.csv,,,0.694915235042572
O=S1(=O)CCN(c2ccc(Nc3ncc4ccn(-c5ccccn5)c4n3)cc2)CC1,Blocker,Blocker,IADBDKSADXUIBX-UHFFFAOYSA-N,IADBDKSADXUIBX,eval_set_herg_60.csv,,,0.400000005960465
CCOC(=O)C(C#N)=C(c1ccccc1)c1ccccc1,Non-blocker,Non-blocker,IAJNXBNRYMEYAZ-UHFFFAOYSA-N,IAJNXBNRYMEYAZ,eval_set_herg_70.csv,,,0.622222244739533
CC(OC(=O)N1CCC(CNc2ncccn2)CC1)c1ccccc1,Blocker,Blocker,IAMYDXLMYQNHNO-UHFFFAOYSA-N,IAMYDXLMYQNHNO,eval_set_herg_70.csv,,,0.637931048870087
COc1ccc(C(=O)Nn2cnnc2)c(OC)c1,Non-blocker,Non-blocker,IANDGRGNCWIRDR-UHFFFAOYSA-N,IANDGRGNCWIRDR,PubChem,936109,,0.555555582046509
COC[C@H](O)CN(Cc1ccc(F)cc1)C(=O)CC1CCN(Cc2ccc(-c3ccc(Cl)cc3)o2)CC1,Blocker,Blocker,IASPSPWFDMHKDS-AREMUKBSSA-N,IASPSPWFDMHKDS,PubChem,45270803,19500979,0.506172835826874
O=C(Nc1ccc(Br)cc1)c1ccc(Br)c(S(=O)(=O)Nc2cccnc2)c1,Non-blocker,Non-blocker,IBBGHBKTIHFQNK-UHFFFAOYSA-N,IBBGHBKTIHFQNK,PubChem,1079046,,0.516666650772095
Cc1ncc([N+](=O)[O-])n1C,Non-blocker,Non-blocker,IBXPYPUJPLLOIN-UHFFFAOYSA-N,IBXPYPUJPLLOIN,PubChem,3090,,0.526315808296204
O=C(CN1CCCC1)N1CCCc2ccccc21,Non-blocker,Non-blocker,ICGXIVBKQSRQSE-UHFFFAOYSA-N,ICGXIVBKQSRQSE,PubChem,16188521,,0.56521737575531
CC(C)(C)c1ccc(O)c(C(C)(C)C)c1,Non-blocker,Non-blocker,ICKWICRCANNIBI-UHFFFAOYSA-N,ICKWICRCANNIBI,eval_set_herg_70.csv,,,0.551724135875702
COc1ccc2c(c1)c(/C=N/NS(=O)(=O)c1ccc(C)cc1)cn2CC(=O)Nc1ccc(Cl)cc1,Non-blocker,Non-blocker,ICMBSJAYAJYXCA-MZJWZYIUSA-N,ICMBSJAYAJYXCA,data_herg_dev,CHEMBL2440387,,0.657142877578735
CCCCOc1ccc(/C=c2\sc3ncnn3c2=O)cc1,Non-blocker,Non-blocker,ICMFAXCJZSLDPQ-LCYFTJDESA-N,ICMFAXCJZSLDPQ,PubChem,1600478,,0.350877195596695
Cc1ccc(-c2[nH]nc3c2[C@H](c2cccnc2)C(C#N)=C(N)O3)cc1,Non-blocker,Blocker,ICMIMIGHQAPJSK-OAHLLOKOSA-N,ICMIMIGHQAPJSK,PubChem,3238879,,0.650793671607971
CN1C(=O)N(Cc2cc(Cl)ccc2F)C(=O)[C@]12C(=O)N(CC(=O)O)c1ccc(Cl)cc12,Non-blocker,Non-blocker,IDAMFVNNSWRUTJ-FQEVSTJZSA-N,IDAMFVNNSWRUTJ,PubChem,68011817,24900359,0.307692319154739
CC[C@@H](C)c1ccc(S(=O)(=O)N2CCN(C(=O)COc3ccc4c(C)cc(=O)oc4c3)CC2)cc1,Non-blocker,Non-blocker,IDBCFVOKWQXYNE-GOSISDBHSA-N,IDBCFVOKWQXYNE,PubChem,4833562,,0.440476179122925
Cc1ccc(C2(c3ccc(C)c(O)c3C)CCN(C)CC2)c(C)c1O,Blocker,Blocker,IEBVPYMUUCMJCE-UHFFFAOYSA-N,IEBVPYMUUCMJCE,PubChem,408701,,0.3125
COc1ccc(-c2ccn3c(CC4CC4(F)F)nnc3c2Cl)cc1F,Non-blocker,Non-blocker,IEEMODLUHCUAEF-UHFFFAOYSA-N,IEEMODLUHCUAEF,eval_set_herg_70.csv,,,0.677966117858887
COCC(=O)N(C)C[C@H]1N[C@@](Cc2ccccc2)(C(=O)OC)[C@H]2C(=O)N(Cc3ccccc3)C(=O)[C@@H]12,Non-blocker,Non-blocker,IEOZITPNGUNYCW-FLRRRYEYSA-N,IEOZITPNGUNYCW,PubChem,44247059,,0.643835604190826
O=c1[nH]c2ccccc2cc1-c1cc2cc(OCCN3CCCCC3)ccc2[nH]1,Blocker,Blocker,IFNGRZXJQFDVBD-UHFFFAOYSA-N,IFNGRZXJQFDVBD,PubChem,5329375,14698157,0.677419364452362
C[C@@H]1NC(c2nccs2)=N[C@@]1(c1ccc(F)cc1)c1ccc(F)nc1,Blocker,Blocker,IFOMXEHIJYZJDJ-VOJFVSQTSA-N,IFOMXEHIJYZJDJ,data_herg_dev,CHEMBL489732,,0.614035069942474
CNc1nn2c(C)c3c(nc2c1S(=O)(=O)c1ccccc1)CCCC3,Blocker,Blocker,IFUHTYLFPBCCAD-UHFFFAOYSA-N,IFUHTYLFPBCCAD,data_herg_dev,CHEMBL1082762,,0.703703701496124
CN(c1ccc(C(=O)Nc2cccc(O)c2)cc1)S(=O)(=O)c1ccccc1,Non-blocker,Non-blocker,IGGFNTFJFVQLTL-UHFFFAOYSA-N,IGGFNTFJFVQLTL,PubChem,1310433,,0.490909099578857
COc1ccc(C(=O)Nc2ccc[n+](-c3nc4ccccc4nc3NS(=O)(=O)c3ccccc3)c2)cc1,Non-blocker,Non-blocker,IGIVLGKQXTZJCS-UHFFFAOYSA-O,IGIVLGKQXTZJCS,PubChem,1977761,,0.422535210847855
O=C(COC(=O)/C=C/c1cccc(Cl)c1)Nc1ccccc1-c1ccccc1,Non-blocker,Non-blocker,IGJHYAFNVYFNCS-BUHFOSPRSA-N,IGJHYAFNVYFNCS,PubChem,2445696,,0.5
Cc1onc(-c2ccccc2Cl)c1C(=O)N(C)c1ccc(Cl)cc1,Non-blocker,Non-blocker,IGRCWJPBLWGNPX-UHFFFAOYSA-N,IGRCWJPBLWGNPX,data_herg_dev,CHEMBL575966,,0.634615361690521
Cc1c(NC(=O)c2ccc(C(C)(C)C)cc2)cccc1-c1nc(Nc2ccc(C(=O)N3CCOCC3)cc2)c2nc[nH]c2n1,Non-blocker,Non-blocker,IGXJXMLDIIGDNE-UHFFFAOYSA-N,IGXJXMLDIIGDNE,data_herg_dev,CHEMBL3263640,,0.405405402183533
Cc1nc2scc(-c3cccs3)c2c(=O)n1N,Non-blocker,Non-blocker,IHKGXUXEUBUAJG-UHFFFAOYSA-N,IHKGXUXEUBUAJG,PubChem,706111,,0.549019634723663
OC(c1cn2ccsc2n1)c1cc(-c2ncnc3cc(N4CCOCC4)ccc23)c(F)cc1F,Non-blocker,Non-blocker,IHQLBTUWFJZXJZ-UHFFFAOYSA-N,IHQLBTUWFJZXJZ,eval_set_herg_70.csv,,,0.697368443012238
CCCOc1ccc(C(=O)NNC(=S)NC(=O)c2ccco2)cc1,Blocker,Blocker,IHUNVKWDTAHGBY-UHFFFAOYSA-N,IHUNVKWDTAHGBY,PubChem,1933177,,0.592592597007752
OCc1cccc(-c2ccc3nc(-c4ccc(Cl)cc4)cn3c2)c1,Blocker,Blocker,IHUPABWARJLUMA-UHFFFAOYSA-N,IHUPABWARJLUMA,PubChem,24856034,30773432,0.639999985694885
O=[N+]([O-])c1ccccc1S(=O)(=O)c1ccccc1[N+](=O)[O-],Non-blocker,Non-blocker,IHZVFZOUXUNSPQ-UHFFFAOYSA-N,IHZVFZOUXUNSPQ,PubChem,365388,,0.558823525905609
O=C(CC(=O)c1ccccc1)O[C@H]1CN2CCC1CC2,Blocker,Blocker,IIAUBPLJCDXVKI-HNNXBMFYSA-N,IIAUBPLJCDXVKI,PubChem,416907,,0.490909099578857
O=C(Nc1cnc(Cl)nc1)c1ccc(F)c(F)c1,Non-blocker,Non-blocker,IIBSHMFXVWTQSJ-UHFFFAOYSA-N,IIBSHMFXVWTQSJ,data_herg_dev,CHEMBL2047521,,0.452830195426941
CC(C)(C)NC1=NN=C(c2cc3ccccc3o2)CS1,Non-blocker,Non-blocker,IIQIUUMIPHKIBY-UHFFFAOYSA-N,IIQIUUMIPHKIBY,PubChem,135517195,,0.400000005960465
O=[N+]([O-])c1cccc(/C(O)=N/c2nnc(-c3ccc(F)cc3)o2)c1,Non-blocker,Non-blocker,IIZXTDRKWVLPNT-UHFFFAOYSA-N,IIZXTDRKWVLPNT,PubChem,5187457,,0.5
CCOC(=O)c1cnn(-c2cc(C)nc3c(-c4ccccc4)cnn23)c1N,Non-blocker,Non-blocker,IJAQEFPTCOPSMD-UHFFFAOYSA-N,IJAQEFPTCOPSMD,PubChem,665447,,0.432835817337036
COc1ccc(CCN(C)S(=O)(=O)c2ccc(Cl)nc2)cc1OC,Non-blocker,Non-blocker,IJPOHLXHXRPTIF-UHFFFAOYSA-N,IJPOHLXHXRPTIF,PubChem,2552185,,0.489361703395844
Cc1ccc(Nc2c3c(nc4ncnn24)C[C@H](C)CC3)cc1,Non-blocker,Non-blocker,IKGHVWYQGAONOF-GFCCVEGCSA-N,IKGHVWYQGAONOF,PubChem,3231382,,0.387096762657166
O=C1O[C@@H](O)c2cccc3cccc1c23,Non-blocker,Blocker,IKHBRFXMNHCNDC-LLVKDONJSA-N,IKHBRFXMNHCNDC,PubChem,99733,,0.400000005960465
Clc1ccc(Sc2cn(-c3ccccc3)nc2-c2ccc3c(c2)OCCO3)cc1,Non-blocker,Non-blocker,IKQQULCSHLUYPQ-UHFFFAOYSA-N,IKQQULCSHLUYPQ,data_herg_dev,CHEMBL3287927,,0.517241358757019
Cc1cc(NC(=O)Nc2cccc(C(F)(F)F)c2)no1,Non-blocker,Non-blocker,IKVBVRXRCHJSEN-UHFFFAOYSA-N,IKVBVRXRCHJSEN,PubChem,978129,,0.560000002384186
O=c1ccc2cc(O)c(O)cc2o1,Non-blocker,Non-blocker,ILEDWLMCKZNDJK-UHFFFAOYSA-N,ILEDWLMCKZNDJK,PubChem,5281416,,0.484848499298096
Cn1c(SCC(=O)Nc2ccc(Cl)cc2F)nnc1-c1ccco1,Non-blocker,Non-blocker,ILELZJIATOAGLO-UHFFFAOYSA-N,ILELZJIATOAGLO,PubChem,6495867,,0.560606062412262
C[C@@H]1CCCCN1CCN1CCN(c2cccc(Cl)c2)C1=O,Blocker,Blocker,ILLQMENNVJLGMH-CQSZACIVSA-N,ILLQMENNVJLGMH,PubChem,45267270,19553113,0.666666686534882
Cc1ccc(OC2CCN(CCS(=O)(=O)c3ccc(O)cc3)CC2)cc1,Blocker,Blocker,ILLXGKQRCIUUJG-UHFFFAOYSA-N,ILLXGKQRCIUUJG,eval_set_herg_70.csv,,,0.607142865657806
C[C@]12CCC(F)=C[C@H]1C[C@@H](N1CCC[C@@H](N)C1)[C@@H]2Oc1ccc(C#N)cc1,Non-blocker,Blocker,ILMXOIIWAMIHIX-GPXNVTIDSA-N,ILMXOIIWAMIHIX,PubChem,145963483,29752182,0.6875
CCOc1ccccc1N(CC(=O)Nc1cc(OC)ccc1OC)S(C)(=O)=O,Non-blocker,Non-blocker,ILUXQMCHWTVZNJ-UHFFFAOYSA-N,ILUXQMCHWTVZNJ,PubChem,1100065,,0.603773593902588
CN1[C@H]2CCC[C@@H]1CN(CC(=O)c1nn(C)c3ccccc13)C2,Non-blocker,Blocker,IMGGWISNLMKMPR-OKILXGFUSA-N,IMGGWISNLMKMPR,eval_set_herg_60.csv,,,0.592592597007752
CN(C)C(=O)[C@@H](c1ccc(C2=CN3NC=NC3C=C2)cc1)[C@H](N)C(=O)N1CC[C@H](F)C1,Non-blocker,Non-blocker,IMGVBNUGILZVLF-GFDAQUBOSA-N,IMGVBNUGILZVLF,eval_set_herg_70.csv,,,0.611940324306488
O=C(O[C@@H](C(=O)NCc1ccco1)c1ccc(Cl)cc1)c1cccs1,Non-blocker,Non-blocker,IMKQJKRVZIUETI-MRXNPFEDSA-N,IMKQJKRVZIUETI,PubChem,3220319,,0.642857134342194
COC(=O)[C@](O)(NC(=O)NC(C)=O)C(F)(F)F,Non-blocker,Non-blocker,IMTJFLKWZPDFQI-ZCFIWIBFSA-N,IMTJFLKWZPDFQI,PubChem,657912,,0.280000001192093
COc1cc(NC(C)CCCN)c2ncccc2c1,Blocker,Non-blocker,INDBQLZJXZLFIT-UHFFFAOYSA-N,INDBQLZJXZLFIT,eval_set_herg_60.csv,,,0.46551725268364
Cc1ccc(-c2nc(Nc3ccccc3)n[nH]2)cc1,Non-blocker,Non-blocker,INDCVHFFYIEZRU-UHFFFAOYSA-N,INDCVHFFYIEZRU,PubChem,2951125,,0.382352948188782
CN(C)S(=O)(=O)c1ccc(Cl)c(C(=O)N[C@@H]2CCN(Cc3ccccc3)C2)c1,Non-blocker,Non-blocker,INFGNOVSRDDNEM-MRXNPFEDSA-N,INFGNOVSRDDNEM,PubChem,16286539,,0.492753624916077
CCOc1ccc(CCNC(=O)CN2C(=O)c3cccnc3Oc3ccc(C)cc32)cc1OCC,Non-blocker,Non-blocker,INFVULGQYLHMBR-UHFFFAOYSA-N,INFVULGQYLHMBR,PubChem,16021192,,0.506666660308838
C[C@@H](NC(=O)CNC(=O)[C@@H]1O[C@@H]2OC(C)(C)O[C@@H]2[C@H]2OC(C)(C)O[C@H]21)C(=O)O,Non-blocker,Non-blocker,ININKENJCYTHQQ-AXCAWDSFSA-N,ININKENJCYTHQQ,PubChem,16189548,,0.266666680574417
COC(=O)c1c(NS(=O)(=O)c2ccc3ccccc3c2)sc2c1CCCC2,Blocker,Blocker,INIWHBZGABIAAS-UHFFFAOYSA-N,INIWHBZGABIAAS,PubChem,1289651,,0.620689630508423
O=S1(=O)C[C@@H]2SC(=S)N(Cc3ccccc3)[C@@H]2C1,Non-blocker,Non-blocker,INJKOAVJNCZLQI-MNOVXSKESA-N,INJKOAVJNCZLQI,PubChem,3758232,,0.433333337306976
O=C(CCN1C(=O)[C@@H]2CC=CC[C@H]2C1=O)NC1CCCCC1,Non-blocker,Non-blocker,INLDBRIWVJVDJZ-ZIAGYGMSSA-N,INLDBRIWVJVDJZ,PubChem,6463520,,0.47272726893425
O=C(O)[C@@H]1C=C(O)N(c2ccc(OCc3ccc(Br)cc3)cc2)C1,Non-blocker,Non-blocker,INNWWQTZXSJWGN-CYBMUJFWSA-N,INNWWQTZXSJWGN,PubChem,3676271,,0.454545468091965
Fc1cc(Cl)c(Cc2ccc3nccn3n2)cc1-c1ncnc2cc(N3CCOCC3)ccc12,Blocker,Non-blocker,INTDVNQLZOTAHT-UHFFFAOYSA-N,INTDVNQLZOTAHT,eval_set_herg_70.csv,,,0.688311696052551
O=C(CCCN1CCC(O)(c2ccccc2)CC1)c1ccccc1,Blocker,Blocker,IOCMJUXJUBZFSJ-UHFFFAOYSA-N,IOCMJUXJUBZFSJ,eval_set_herg_70.csv,,,0.645833313465118
CCCCCCC(C(C)O)n1cnc2c(N)ncnc21,Blocker,Non-blocker,IOSAAWHGJUZBOG-UHFFFAOYSA-N,IOSAAWHGJUZBOG,eval_set_herg_60.csv,,,0.333333343267441
O=S(=O)(c1cccc(-c2nnc(-c3ccc(Br)cc3)o2)c1)N1CCCCCC1,Non-blocker,Non-blocker,IPDHDLPQTHABSO-UHFFFAOYSA-N,IPDHDLPQTHABSO,PubChem,1216983,,0.479166656732559
O=C1C=C/C(=C2\Nc3cc(Cl)c(Cl)cc3N2Cc2ccc(Cl)c(Cl)c2)C=N1,Blocker,Blocker,IPGZNUXPNMCQIA-ODLFYWEKSA-N,IPGZNUXPNMCQIA,eval_set_herg_60.csv,,,0.328358203172684
O=C1C=CC(=O)N1c1cccc(N2C(=O)C=CC2=O)c1,Blocker,Non-blocker,IPJGAEWUPXWFPL-UHFFFAOYSA-N,IPJGAEWUPXWFPL,eval_set_herg_70.csv,,,0.681818187236786
Nc1nnc(-c2ccc(C3(c4ccc(OCc5ccccn5)cc4)CCCO3)cn2)o1,Non-blocker,Non-blocker,IPJNVOACZCOOQN-UHFFFAOYSA-N,IPJNVOACZCOOQN,eval_set_herg_60.csv,,,0.54666668176651
N#C/C(=C\c1ccc([N+](=O)[O-])o1)C(=O)Nc1ccc(F)cc1,Blocker,Non-blocker,IPONPOKSOBJFDC-VQHVLOKHSA-N,IPONPOKSOBJFDC,PubChem,6027441,,0.439393937587738
CC[C@@H](C)[C@@H](NC(N)=O)C(=O)N[C@H]1CC[C@H](C)CC1,Non-blocker,Non-blocker,IQOMBUVLWAISLB-DDHJBXDOSA-N,IQOMBUVLWAISLB,PubChem,4222340,,0.385964900255203
Cc1ccc(COC(=O)N2CCC(CN(C)c3ncccn3)CC2)cc1,Blocker,Blocker,IQPLYVYZAILDSZ-UHFFFAOYSA-N,IQPLYVYZAILDSZ,eval_set_herg_70.csv,,,0.672727286815643
COc1ccnc(C[S+]([O-])c2nc3ccc(OC(F)F)cc3[nH]2)c1OC,Non-blocker,Non-blocker,IQPSEEYGBUAQFF-UHFFFAOYSA-N,IQPSEEYGBUAQFF,eval_set_herg_70.csv,,,0.457142859697342
Cc1[nH]c2nccnc2c1CCNCc1ccc(/C=C/C(=O)NO)cc1,Non-blocker,Non-blocker,IQUVDUWKZURIRZ-VOTSOKGWSA-N,IQUVDUWKZURIRZ,data_herg_dev,CHEMBL1819264,,0.699999988079071
COc1ccc([C@H]2NC(=O)NC(C)=C2C(=O)OC2CCCCC2)cc1OC,Non-blocker,Non-blocker,IQVJLOCGIQGZHC-GOSISDBHSA-N,IQVJLOCGIQGZHC,PubChem,2854560,,0.686274528503418
O=C(CSCc1cnn(-c2ccccc2)c1-n1cccc1)NCc1cccnc1,Non-blocker,Blocker,IRNQRRHGJPIZGE-UHFFFAOYSA-N,IRNQRRHGJPIZGE,PubChem,3552940,,0.432835817337036
O=[N+]([O-])c1ccc2[nH]c3c(c2c1)CCCC3,Non-blocker,Non-blocker,IROFVXNXPDWNEU-UHFFFAOYSA-N,IROFVXNXPDWNEU,PubChem,258747,,0.452380955219269
O=C(NC1CCCCC1)NS(=O)(=O)c1ccc(OCCCN2CCCC2)cc1,Non-blocker,Non-blocker,IRUWIVOYJKKKRQ-UHFFFAOYSA-N,IRUWIVOYJKKKRQ,data_herg_dev,CHEMBL2024397,,0.703703701496124
C(#Cc1ccc2ccccc2n1)c1ccccn1,Non-blocker,Non-blocker,IRXAEZFKUGBIIX-UHFFFAOYSA-N,IRXAEZFKUGBIIX,eval_set_herg_70.csv,,,0.351351350545883
CC(C)(C)CC(C)(C)c1ccc(O)cc1,Non-blocker,Non-blocker,ISAVYTVYFVQUDY-UHFFFAOYSA-N,ISAVYTVYFVQUDY,eval_set_herg_70.csv,,,0.541666686534882
CC/C=C/C#N,Non-blocker,Non-blocker,ISBHMJZRKAFTGE-ONEGZZNKSA-N,ISBHMJZRKAFTGE,PubChem,5364360,,0.291666656732559
CC[C@@H](C)NC(=O)c1cnc2n(c1=O)CCS2,Non-blocker,Non-blocker,ISLIBZLFPUGQMW-SSDOTTSWSA-N,ISLIBZLFPUGQMW,PubChem,4344057,,0.338983058929443
COc1ccc(OCCCC(=O)NCC(C)C)cc1,Non-blocker,Non-blocker,ITHUWUUKERECAU-UHFFFAOYSA-N,ITHUWUUKERECAU,PubChem,1569037,,0.487804889678955
Oc1ccc(C(c2ccc(O)cc2)C(Cl)(Cl)Cl)cc1,Non-blocker,Non-blocker,IUGDILGOLSSKNE-UHFFFAOYSA-N,IUGDILGOLSSKNE,eval_set_herg_70.csv,,,0.60869562625885
CNCC(O)(Cc1cc2c(=O)c(C(=O)NCc3ccc(Cl)cc3)cn(C)c2s1)c1ccccn1,Blocker,Blocker,IUPVZIBNXQRZJF-UHFFFAOYSA-N,IUPVZIBNXQRZJF,eval_set_herg_70.csv,,,0.556962013244629
O=C(NCc1cccc(CN2CCCC2=O)c1)NCC(c1ccccc1)c1ccccc1,Non-blocker,Non-blocker,IUQOZVTUICEYPX-UHFFFAOYSA-N,IUQOZVTUICEYPX,eval_set_herg_60.csv,,,0.520833313465118
Cc1ccc(-c2noc(-c3cc4ccccc4oc3=O)n2)cc1,Non-blocker,Non-blocker,IUYYAIYFKXGKKS-UHFFFAOYSA-N,IUYYAIYFKXGKKS,PubChem,851428,,0.385964900255203
O=C1S/C(=C\c2ccc3c(cnn3Cc3ccc(Cl)cc3C(F)(F)F)c2)C(=O)N1C[C@H]1COCCN1,Blocker,Blocker,IVAGGJMBSIVHFX-PXSLILGDSA-N,IVAGGJMBSIVHFX,PubChem,90307845,28735214,0.666666686534882
O=S1(=O)CCNCC12CCN(c1nc(Oc3cccc(F)c3)cc(C(F)(F)F)n1)CC2,Blocker,Blocker,IVASDCSVTRNREB-UHFFFAOYSA-N,IVASDCSVTRNREB,PubChem,118960526,,0.637681186199188
CC(CCc1nc2ccccc2s1)(c1ccc(O)cc1)c1ccc(O)cc1,Non-blocker,Blocker,IVBASDRKBCHBSP-UHFFFAOYSA-N,IVBASDRKBCHBSP,PubChem,234772,,0.40350878238678
CCCCOCCOC(=O)COc1nc(Cl)c(Cl)cc1Cl,Blocker,Non-blocker,IVDRCZNHVGQBHZ-UHFFFAOYSA-N,IVDRCZNHVGQBHZ,eval_set_herg_70.csv,,,0.659574449062347
Cc1ccc(S(=O)(=O)NCCOC(=O)Nc2sc(=S)n(C)c2C)cc1,Non-blocker,Non-blocker,IVPXNHAPVKVMOO-UHFFFAOYSA-N,IVPXNHAPVKVMOO,PubChem,2287862,,0.470588237047195
CCc1cc(CNC(=O)CNCC(=O)N2CCN(C(c3ccccc3)c3ccc(Cl)cc3)CC2)cc(CC)c1CC,Blocker,Non-blocker,IVPYLWCXKMTLSS-UHFFFAOYSA-N,IVPYLWCXKMTLSS,eval_set_herg_60.csv,,,0.426229506731033
O=C(CN1CCN(C(=O)c2c(F)cccc2F)CC1)Nc1ccccc1C(F)(F)F,Non-blocker,Non-blocker,IVRJGAOKISUBAZ-UHFFFAOYSA-N,IVRJGAOKISUBAZ,PubChem,5077264,,0.528301894664764
COc1cccc(CN(c2cccc3[nH]ccc23)C2CCNCC2)c1,Blocker,Blocker,IWAYMZQFOINIBE-UHFFFAOYSA-N,IWAYMZQFOINIBE,eval_set_herg_70.csv,,,0.666666686534882
O=C1[C@@H]2[C@H](C(=O)N1c1ccc3ccccc3c1)[C@H]1C=C[C@@H]2C1,Non-blocker,Non-blocker,IWEYLRTVUSIJEN-ULAZLLGUSA-N,IWEYLRTVUSIJEN,PubChem,3094951,,0.47826087474823
O=C(NCc1ccc(Cl)cc1)[C@@H]1[C@H]2C(=O)N(Cc3cccnc3)C[C@]23C=C[C@H]1O3,Non-blocker,Non-blocker,IWHAHSURAGHBBL-MDPIYQRISA-N,IWHAHSURAGHBBL,PubChem,3236150,,0.505882382392883
O=c1c(NCc2ccccn2)c(Nc2ccc3c(c2)CCC3)c1=O,Non-blocker,Non-blocker,IWJBBTNQELCBCJ-UHFFFAOYSA-N,IWJBBTNQELCBCJ,data_herg_dev,CHEMBL4784832,,0.641509413719177
CN(C)C1(CNC(=O)c2cc(S(=O)(=O)N(C)Cc3ccccc3)ccc2Cl)CCCCC1,Non-blocker,Non-blocker,IWJKGPBZZCJYQP-UHFFFAOYSA-N,IWJKGPBZZCJYQP,PubChem,24978869,,0.513888895511627
Cc1nn(-c2ncccn2)c2c1C(=O)CC(C)(C)[C@H]2Br,Non-blocker,Blocker,IWPCBZOMIPTGSG-LBPRGKRZSA-N,IWPCBZOMIPTGSG,PubChem,44825758,,0.311475396156311
CCNC(=O)NC(=O)COC(=O)c1ccccc1SCC(=O)NC(=O)NCC,Non-blocker,Non-blocker,IWTGDPQQVJFJHY-UHFFFAOYSA-N,IWTGDPQQVJFJHY,PubChem,2999311,,0.471698105335236
COc1ccc2nc(SCC(=O)Nc3ccc(S(=O)(=O)Nc4nccc(C)n4)cc3)[nH]c2c1,Non-blocker,Non-blocker,IXMIBHGLVNZRKO-UHFFFAOYSA-N,IXMIBHGLVNZRKO,PubChem,1596211,,0.693548381328583
Cc1cc(C)cc(OCC(=O)N/N=C/c2ccc([N+](=O)[O-])o2)c1,Non-blocker,Non-blocker,IXUHULLLDDBVHD-LZYBPNLTSA-N,IXUHULLLDDBVHD,PubChem,6898878,,0.589285731315613
O=[N+]([O-])c1cn2c(n1)OC[C@H](Oc1ccc(OC(F)(F)F)cc1)C2,Blocker,Non-blocker,IXUWKDINJWESQG-SNVBAGLBSA-N,IXUWKDINJWESQG,data_herg_dev,CHEMBL4078293,,0.507692337036133
CS(=O)(=O)N1CCC(C(=O)Nc2cccc(C(F)(F)F)c2)CC1,Non-blocker,Non-blocker,IXXMGHIKDUHIMW-UHFFFAOYSA-N,IXXMGHIKDUHIMW,PubChem,656149,,0.693877577781677
O=C([C@@H]1CC[C@@H](N2CCOCC2)C[C@H]1c1ccc(Br)cc1)N1CC(c2ccccc2)(c2ccccc2)C1,Blocker,Blocker,IYAVTZWBGCXXFI-OCBJUFRSSA-N,IYAVTZWBGCXXFI,PubChem,72546989,24157366,0.60317462682724
CC(C)(C)CC(C)(C)c1ccc(O)c(-n2nc3ccccc3n2)c1,Non-blocker,Non-blocker,IYAZLDLPUNDVAG-UHFFFAOYSA-N,IYAZLDLPUNDVAG,data_herg_dev,,62485,0.560975611209869
CN(C)C1CCC2(Cc3ccccc3Cc3ccccc32)C1,Blocker,Blocker,IYDOAHOHMRQFTJ-UHFFFAOYSA-N,IYDOAHOHMRQFTJ,eval_set_herg_70.csv,,,0.5
COc1cc(C(CO)CO)ccc1Nc1ncc(Cl)c(-c2cnc3ccccn23)n1,Non-blocker,Non-blocker,IYWMYJHOIKQQFA-UHFFFAOYSA-N,IYWMYJHOIKQQFA,data_herg_dev,CHEMBL1809057,,0.666666686534882
C/C(=N\NS(=O)(=O)c1cccc([N+](=O)[O-])c1)c1cc2ccccc2o1,Non-blocker,Non-blocker,JADXIQMDAAPRIP-GZTJUZNOSA-N,JADXIQMDAAPRIP,PubChem,9620482,,0.564516127109528
CCCCCCCN(CC)CC#CC(c1ccccc1)c1ccccc1,Blocker,Blocker,JAQALBAETFFRFN-UHFFFAOYSA-N,JAQALBAETFFRFN,CUPID,72793381,26125327,0.636363625526428
COCCCNC(=O)C[C@H]1C[C@H](C(=O)N(C(C)C)C(C)C)[C@@]2(C)c3[nH]c4cc(-c5ccco5)ccc4c3CCN2C1=O,Non-blocker,Non-blocker,JAQPLCNMFKRXAQ-CBBCSGBYSA-N,JAQPLCNMFKRXAQ,PubChem,44602092,,0.631578922271729
COc1ccccc1N1CSC2=C(C#N)[C@@H](c3ccc(SC)cc3)CC(=O)N2C1,Non-blocker,Non-blocker,JAZQDHDQOMLUGI-QGZVFWFLSA-N,JAZQDHDQOMLUGI,PubChem,3160888,,0.506666660308838
CCN(CC(=O)NCc1cccs1)C(=O)c1ccc(NS(=O)(=O)c2ccc(F)cc2)cc1,Non-blocker,Non-blocker,JBRKUMMPXOYIOI-UHFFFAOYSA-N,JBRKUMMPXOYIOI,PubChem,24979068,,0.69696968793869
Cc1ccc(S(=O)(=O)CC(=O)Nc2sc(C)c(C)c2C(N)=O)cc1,Non-blocker,Non-blocker,JCDRATXOOHWATR-UHFFFAOYSA-N,JCDRATXOOHWATR,PubChem,7287189,,0.471698105335236
CC(c1ccc(C#N)cc1)N1CC(C(=O)C2CCC[C@H]2C#N)[C@@H](N)C1,Non-blocker,Blocker,JCGAMUKFIGRQFG-BMRFCAOMSA-N,JCGAMUKFIGRQFG,eval_set_herg_70.csv,,,0.633333325386047
C[C@@H](CNC(=O)c1ccc2c(c1)OCO2)c1ccc([N+](=O)[O-])cc1,Non-blocker,Non-blocker,JCHHLBASVILAJH-NSHDSACASA-N,JCHHLBASVILAJH,PubChem,2956497,,0.517241358757019
CS(=O)(=O)c1nn(Cc2nc3cc(Cl)ccc3n2CC2COC2)c2cnccc12,Blocker,Non-blocker,JCRHWUFAMLOIEZ-UHFFFAOYSA-N,JCRHWUFAMLOIEZ,data_herg_dev,CHEMBL4177457,,0.306666672229767
Clc1c(OCCNCc2cccs2)ccc2ccccc12,Non-blocker,Blocker,JCWJSNIUPWLSJT-UHFFFAOYSA-N,JCWJSNIUPWLSJT,eval_set_herg_70.csv,,,0.338983058929443
CCN1CCN(C(=O)/C=C/c2ccc(C)o2)CC1,Non-blocker,Non-blocker,JDDDFGSICKRJDW-VOTSOKGWSA-N,JDDDFGSICKRJDW,PubChem,896582,,0.415094345808029
CCN1C[C@]2([N+](=O)[O-])CC=C(OC)[C@]([N+](=O)[O-])(C1)C2,Non-blocker,Non-blocker,JDKWUZZQGAMSQJ-WDEREUQCSA-N,JDKWUZZQGAMSQJ,PubChem,4368792,,0.272727280855179
CCCn1c(=O)n(C)c(=O)c2c(=S)[nH]c(C(C)(C)C)nc21,Blocker,Blocker,JDVUKNWVXXVUPM-UHFFFAOYSA-N,JDVUKNWVXXVUPM,PubChem,2450201,,0.518518507480621
CCOC(=O)CC(=O)C(=O)OCC,Blocker,Blocker,JDXYSCUOABNLIR-UHFFFAOYSA-N,JDXYSCUOABNLIR,PubChem,16663655,,0.428571432828903
COc1ccc(C(=O)OCC(=O)NCCN2C(=O)CSC2=O)cc1[N+](=O)[O-],Non-blocker,Non-blocker,JEDQKLKKMIJBNT-UHFFFAOYSA-N,JEDQKLKKMIJBNT,PubChem,5202463,,0.61904764175415
CCOC(=O)C(/C=N/c1ccc(Oc2cccnc2)nc1)C(=O)OCC,Blocker,Blocker,JEERUIGZOYNYNF-UDWIEESQSA-N,JEERUIGZOYNYNF,PubChem,2800186,,0.456140339374542
COc1ccc([N+](=O)[O-])cc1NC(=O)COC(=O)[C@@]12C[C@@H]3C[C@@H](C[C@@](O)(C3)C1)C2,Non-blocker,Non-blocker,JEKLWIHDPKZGFH-DJZHIFDRSA-N,JEKLWIHDPKZGFH,PubChem,4006178,,0.600000023841858
CCCN(c1ccon1)P(=O)(c1ccccc1)c1ccccc1,Non-blocker,Non-blocker,JFDYRYFOZRGFBC-UHFFFAOYSA-N,JFDYRYFOZRGFBC,data_herg_dev,CHEMBL2312918,,0.545454561710358
COc1ccccc1NC(=O)[C@@H]1CCCN(S(=O)(=O)c2c[nH]cn2)C1,Non-blocker,Non-blocker,JFTVNEHHRCYIFE-GFCCVEGCSA-N,JFTVNEHHRCYIFE,PubChem,5307461,,0.6307692527771
CC(C)(C[C@@](O)(Cc1cc2ccncc2[nH]1)C(F)(F)F)c1cc(F)ccc1O,Non-blocker,Blocker,JFUAWXPBHXKZGA-IBGZPJMESA-N,JFUAWXPBHXKZGA,eval_set_herg_60.csv,,,0.558823525905609
COc1ccc(N2C(=S)N=C(Nc3ccccc3)C23CCCCC3)cc1,Blocker,Non-blocker,JFYCXLMBPJHXDW-UHFFFAOYSA-N,JFYCXLMBPJHXDW,PubChem,1514935,,0.603773593902588
O=C(O)C[C@@H](NC(=O)COc1ccccc1)c1cccc([N+](=O)[O-])c1,Non-blocker,Non-blocker,JGHQYBLASGWIQP-OAHLLOKOSA-N,JGHQYBLASGWIQP,PubChem,3913158,,0.4426229596138
CCOC(=O)c1ccc(N2C(=O)C[C@@H](N3CCN(C/C=C/c4ccccc4)CC3)C2=O)cc1,Non-blocker,Blocker,JGSSJLAZAZTHQB-MFJULSPGSA-N,JGSSJLAZAZTHQB,PubChem,5290691,,0.629032254219055
COCc1c(C(=O)Nc2ccc(Cl)cc2F)oc2ccccc12,Non-blocker,Non-blocker,JGZLBKPRNGKCSE-UHFFFAOYSA-N,JGZLBKPRNGKCSE,PubChem,2525858,,0.400000005960465
CC(=O)N1C[C@H](C)N(c2cccc(-c3cc(-c4ccnn4C4CCOCC4)c4c(N)ncnn34)c2)[C@H](C)C1,Non-blocker,Blocker,JHCGWQGKIHGVDU-KDURUIRLSA-N,JHCGWQGKIHGVDU,data_herg_dev,CHEMBL4061855,,0.457446813583374
O=C1CN2NC(=S)N(c3ccc(Cl)cc3)C2=CN1c1ccc(Cl)cc1,Blocker,Non-blocker,JITCIEVLVACGOO-UHFFFAOYSA-N,JITCIEVLVACGOO,PubChem,990365,,0.29824560880661
Cc1ccc2cc(CN(CCN(C)C)C(=S)Nc3ccccc3)c(=O)[nH]c2c1C,Non-blocker,Blocker,JITHWUMWXBHDAZ-UHFFFAOYSA-N,JITHWUMWXBHDAZ,PubChem,1138269,,0.5
CN(C)C[C@H](c1ccc2ccccc2c1)[C@H](O)c1cccs1,Blocker,Blocker,JJMQUHWUNDSOBS-MJGOQNOKSA-N,JJMQUHWUNDSOBS,eval_set_herg_70.csv,,,0.695652186870575
C(=N/Nc1nc2ccccc2[nH]1)\c1ccc2c(c1)OCCO2,Non-blocker,Non-blocker,JJUQDPFYFUJRRH-LICLKQGHSA-N,JJUQDPFYFUJRRH,PubChem,9663155,,0.555555582046509
Cc1cc(C[C@@H](NC(=O)N2CCC(c3cc4ccccc4[nH]c3=O)CC2)C(=O)N2CCN(C3CCN(C)CC3)CC2)cc2cn[nH]c12,Non-blocker,Blocker,JJVAPHYEOZSKJZ-JGCGQSQUSA-N,JJVAPHYEOZSKJZ,data_herg_dev,CHEMBL2397415,,0.575757563114166
CC(=O)Nc1ccc2nc(/N=C(\O)C(Cl)(Cl)Cl)sc2c1,Non-blocker,Non-blocker,JJYMYGIXCXBANE-UHFFFAOYSA-N,JJYMYGIXCXBANE,PubChem,2958666,,0.45762711763382
C[C@@H]1CCCCN1CC(=O)NCc1ccc2c(c1)OCO2,Non-blocker,Non-blocker,JJYZSKBGDRSDGJ-GFCCVEGCSA-N,JJYZSKBGDRSDGJ,PubChem,2999501,,0.566037714481354
CN1C[C@@H](c2ccc(-c3ccc4c(c3)OC[C@H]3[C@H](CO)OC(=O)N43)cn2)OC1=O,Non-blocker,Non-blocker,JKBLWYHIECGMDC-SZMVWBNQSA-N,JKBLWYHIECGMDC,data_herg_dev,CHEMBL2323189,,0.666666686534882
CC[C@H]1[C@@H](COc2nccc3cc(C(N)=O)c(OC)cc23)NC(=O)[C@H]1F,Non-blocker,Non-blocker,JKDGKIBAOAFRPJ-ZBINZKHDSA-N,JKDGKIBAOAFRPJ,data_herg_dev,CHEMBL4081711,,0.493150681257248
Cc1ccc(S(=O)(=O)N2CCN(S(=O)(=O)c3ccccc3Br)C2=O)cc1,Non-blocker,Non-blocker,JKEDRNRFZKNPIC-UHFFFAOYSA-N,JKEDRNRFZKNPIC,PubChem,44602022,,0.39215686917305
CC(=O)OC(c1ccccc1)C(Cl)(Cl)Cl,Non-blocker,Non-blocker,JKRWZLOCPLZZEI-UHFFFAOYSA-N,JKRWZLOCPLZZEI,data_herg_dev,,7007,0.363636374473572
Cc1cc(NS(=O)(=O)c2ccc(N)cc2)no1,Non-blocker,Non-blocker,JLKIGFTWXXRPMT-UHFFFAOYSA-N,JLKIGFTWXXRPMT,eval_set_herg_60.csv,,,0.577777802944183
O=C(O)CNC(=S)N(Cc1ccccc1)Cc1ccccc1F,Non-blocker,Non-blocker,JLOGSDADAQGUGE-UHFFFAOYSA-N,JLOGSDADAQGUGE,PubChem,4661982,,0.56521737575531
S=C(c1ccc(Br)cc1)N1CCN(Cc2ccccc2)CC1,Non-blocker,Non-blocker,JLPIWKNGEVSKFT-UHFFFAOYSA-N,JLPIWKNGEVSKFT,PubChem,2185493,,0.545454561710358
CC(C)(C)NC(=O)[C@@H](c1ccc(OCC(N)=O)cc1)N(C(=O)c1cccnc1)C1CC1,Non-blocker,Non-blocker,JLTBMZPBMUPNOY-HXUWFJFHSA-N,JLTBMZPBMUPNOY,PubChem,650934,,0.465753436088562
COC(=O)c1c(NC(=O)c2ccc([N+](=O)[O-])o2)sc2c1CCN(C(C)C)C2,Non-blocker,Non-blocker,JMDRJNKTQIRTJV-UHFFFAOYSA-N,JMDRJNKTQIRTJV,PubChem,24892684,,0.400000005960465
Cc1ccc(S(=O)(=O)N2CCN(CC(=O)N3CCOCC3)CC2)cc1,Non-blocker,Non-blocker,JMXJLUFECODSAG-UHFFFAOYSA-N,JMXJLUFECODSAG,PubChem,2815599,,0.530612230300903
Cc1cc(C)c2c(n1)sc1c(N3CCN(C)CC3)ncnc12,Blocker,Non-blocker,JMYTXWSBHSDZNI-UHFFFAOYSA-N,JMYTXWSBHSDZNI,PubChem,2816105,,0.411764711141586
Clc1ccc(CNCCOc2ccc3ccccc3c2Cl)o1,Blocker,Blocker,JNAZBAOZJHRDCG-UHFFFAOYSA-N,JNAZBAOZJHRDCG,eval_set_herg_70.csv,,,0.333333343267441
O=C(NCc1ccc(-c2nc3ccccc3s2)cc1)c1cc2ccccc2o1,Non-blocker,Non-blocker,JNFWXELAFXFWRH-UHFFFAOYSA-N,JNFWXELAFXFWRH,PubChem,1254657,,0.5573770403862
Cc1ccc(C(=O)COC(=O)c2cc(C)no2)c(C)c1,Non-blocker,Non-blocker,JNKKOVHRVARFFI-UHFFFAOYSA-N,JNKKOVHRVARFFI,PubChem,8099147,,0.639999985694885
CC(C)(C)c1ccc(C(=O)Nc2nonc2-c2nc3ccccc3[nH]2)cc1,Non-blocker,Non-blocker,JNTZMFKURPCXTR-UHFFFAOYSA-N,JNTZMFKURPCXTR,PubChem,1303272,,0.476923078298569
Cc1nnc2n1-c1ccc(Cl)cc1C(c1ccccc1Cl)=NC2,Blocker,Non-blocker,JOFWLTCLBGQGBO-UHFFFAOYSA-N,JOFWLTCLBGQGBO,eval_set_herg_60.csv,,,0.393939405679703
CC1=C(C#N)[C@@H](c2ccoc2)C(C(=O)OCc2ccccc2)=C(N)S1,Non-blocker,Non-blocker,JORMHOILXHNTOR-MRXNPFEDSA-N,JORMHOILXHNTOR,PubChem,3239947,,0.5
Cn1ccc(O)c(C#N)c1=O,Non-blocker,Non-blocker,JOTXKBDAQVLFAX-UHFFFAOYSA-N,JOTXKBDAQVLFAX,PubChem,54686421,,0.326086968183517
CC(C)(C)OC(=O)N1CCC(n2ncc3c(Nc4ccc(S(C)(=O)=O)cc4F)ncnc32)CC1,Blocker,Blocker,JOYCVKLNKIMEJI-UHFFFAOYSA-N,JOYCVKLNKIMEJI,PubChem,57544434,24412066,0.648648619651794
O=S(=O)(O)c1cc(/N=[N+](\[O-])c2cc(S(=O)(=O)O)c3ccccc3c2)cc2ccccc12,Non-blocker,Blocker,JOYRCGQZVNLGGX-DQRAZIAOSA-N,JOYRCGQZVNLGGX,PubChem,235538,,0.418604642152786
CCOc1ccc(NC(=O)c2ccc(N3C[C@@H]4C[C@H](C3)c3cccc(=O)n3C4)c(N)c2)cc1,Non-blocker,Non-blocker,JPCOWQJOPHVNBS-PKOBYXMFSA-N,JPCOWQJOPHVNBS,PubChem,5070669,,0.582278490066528
Fc1ccc(-c2cnn(CCc3cn[nH]c3)c2)cc1C(F)F,Blocker,Blocker,JPDCMOOBLLIEFK-UHFFFAOYSA-N,JPDCMOOBLLIEFK,eval_set_herg_70.csv,,,0.642857134342194
O=S(=O)(/N=C(\O)Nc1cccc2[nH]ncc12)c1ccccc1,Non-blocker,Non-blocker,JPHHAHODLFPCDD-UHFFFAOYSA-N,JPHHAHODLFPCDD,PubChem,16413771,,0.3584905564785
NNC(=O)c1cc2c(N3CCC(Cc4ccccc4)CC3)ncnc2s1,Blocker,Non-blocker,JPNPFHNYFAIFNH-UHFFFAOYSA-N,JPNPFHNYFAIFNH,PubChem,1478208,,0.409090906381607
COc1ccc(NC(=O)[C@H]2CCCCN2S(=O)(=O)c2ccc(F)cc2)c(OC)c1,Non-blocker,Non-blocker,JQXWYJCUDRTLMO-GOSISDBHSA-N,JQXWYJCUDRTLMO,PubChem,3242199,,0.56521737575531
CC(C)(C)OC(=O)NCCN1CC2CN(C[C@H](O)COc3ccc(C#N)cc3)CC(C1)O2,Non-blocker,Blocker,JRHUUZPSMQIWBQ-PELRDEGISA-N,JRHUUZPSMQIWBQ,eval_set_herg_70.csv,,,0.681818187236786
Cn1c(=O)c(=O)n(C)c2cc(S(=O)(=O)NCCOc3ccccc3)ccc21,Non-blocker,Non-blocker,JRPUFPUYIVGSBQ-UHFFFAOYSA-N,JRPUFPUYIVGSBQ,PubChem,4919706,,0.462962955236435
CCCN(CCC)C(=O)Cc1c(-c2ccc(Cl)cc2)nc2ccc(Cl)cn12,Blocker,Non-blocker,JRTIDHTUMYMPRU-UHFFFAOYSA-N,JRTIDHTUMYMPRU,data_herg_dev,,54897,0.431034475564957
CC[C@H]1CN2CCc3cc(OC)c(OC)cc3[C@H]2C[C@H]1C[C@H]1NCCc2c1[nH]c1ccc(O)cc21,Blocker,Blocker,JRVWIILYWSBUMC-UZIKMYSZSA-N,JRVWIILYWSBUMC,PubChem,604599,,0.686567187309265
C[C@H](CCc1ccc(O)cc1)NCCc1ccc(O)c(O)c1,Blocker,Blocker,JRWZLRBJNMZMFE-CYBMUJFWSA-N,JRWZLRBJNMZMFE,PubChem,36811,,0.534883737564087
NC(=O)c1c(NC(=O)Nc2ccc(Cl)cc2)sc2c1CCN(CCCNC(=O)CCc1c[nH]c3ccccc13)C2,Blocker,Non-blocker,JSGCPWMOHCOCSC-UHFFFAOYSA-N,JSGCPWMOHCOCSC,data_herg_dev,CHEMBL4101684,,0.556962013244629
O=C(COC(=O)CCc1nc2ccccc2c(=O)[nH]1)Nc1ccccc1OC(F)F,Non-blocker,Non-blocker,JSMOIPKPAPOBHW-UHFFFAOYSA-N,JSMOIPKPAPOBHW,PubChem,135463891,,0.56521737575531
NC(=O)c1cc(-c2cccc(-c3ccccc3OC(F)(F)F)c2)n[nH]1,Blocker,Blocker,JSQSMCDHAOMPGH-UHFFFAOYSA-N,JSQSMCDHAOMPGH,data_herg_dev,CHEMBL1224267,,0.618181824684143
CCOC(=O)c1cc(-c2ccccc2)n(CC(=O)NC(C)(C)C)c1C,Non-blocker,Non-blocker,JSRTXPSEKQNQQD-UHFFFAOYSA-N,JSRTXPSEKQNQQD,PubChem,4117540,,0.452830195426941
COc1ccc(-c2nnn(CC(=O)N(C[C@H]3CCCO3)[C@@H](C(=O)NC(C)(C)C)c3ccco3)n2)cc1OC,Non-blocker,Non-blocker,JSRWRLODEGPMOQ-WZONZLPQSA-N,JSRWRLODEGPMOQ,PubChem,3174622,,0.466666668653488
O=C(COC(=O)COc1ccc2ccccc2c1)Nc1cc(C(F)(F)F)ccc1N1CCOCC1,Non-blocker,Non-blocker,JSSMCSLJEXIZPT-UHFFFAOYSA-N,JSSMCSLJEXIZPT,PubChem,2364707,,0.560606062412262
Nc1ccn([C@H]2CS[C@@H](CO)O2)c(=O)n1,Non-blocker,Non-blocker,JTEGQNOMFQHVDC-RQJHMYQMSA-N,JTEGQNOMFQHVDC,eval_set_herg_70.csv,,,0.368421047925949
CCN(CC)S(=O)(=O)c1cccc(-c2nnc(SCc3nnc(-c4cccs4)o3)n2N)c1,Non-blocker,Non-blocker,JTJRAVGOIVSUDT-UHFFFAOYSA-N,JTJRAVGOIVSUDT,PubChem,2565152,,0.442857146263123
CCOC(=O)c1cnn2c(N)c(C#N)cnc12,Non-blocker,Non-blocker,JVOULPIPWYLYJP-UHFFFAOYSA-N,JVOULPIPWYLYJP,PubChem,721646,,0.416666656732559
COc1ccc(OCCCN2CCCCCC2)cc1,Blocker,Non-blocker,JVPNGNGDKVPOJY-UHFFFAOYSA-N,JVPNGNGDKVPOJY,PubChem,2935420,,0.685714304447174
C[N+]1CCCC(c2c(-c3ccccc3)[nH]c3ccccc23)C1,Blocker,Blocker,JVQVZNATXHVKNL-UHFFFAOYSA-N,JVQVZNATXHVKNL,eval_set_herg_70.csv,,,0.666666686534882
Cc1nn(-c2c(Cl)cccc2NS(C)(=O)=O)cc1CN1CCC2(CC1)OCc1ccccc12,Blocker,Non-blocker,JWHOPIWZAFADGZ-UHFFFAOYSA-N,JWHOPIWZAFADGZ,data_herg_dev,CHEMBL471299,,0.638888895511627
CN1CCCC(=C(c2cccs2)c2cccs2)C1,Non-blocker,Blocker,JWIXXNLOKOAAQT-UHFFFAOYSA-N,JWIXXNLOKOAAQT,PubChem,5484,,0.419999986886978
C[C@]12C=CC(=O)N[C@@H]1CC[C@@H]1[C@@H]2CC[C@]2(C)[C@@H](C(=O)Nc3cc(C(F)(F)F)ccc3C(F)(F)F)CC[C@@H]12,Non-blocker,Blocker,JWJOTENAMICLJG-QWBYCMEYSA-N,JWJOTENAMICLJG,PubChem,6918296,,0.329113930463791
CC[C@@H](C)NC(=O)Nc1ccc(Br)cc1Cl,Non-blocker,Non-blocker,JWLVUMDTLQKCBN-SSDOTTSWSA-N,JWLVUMDTLQKCBN,PubChem,6466772,,0.54347825050354
COc1cccc(NC(=O)CCS(=O)(=O)c2cc3c(cc2Cl)NC(=O)CO3)c1,Non-blocker,Non-blocker,JWTRIJRIRWHREH-UHFFFAOYSA-N,JWTRIJRIRWHREH,PubChem,22551417,,0.561643838882446
COC(=O)CCN(C1CCCCC1)S(=O)(=O)c1ccc(S(=O)(=O)NC2CCCCC2)cc1,Non-blocker,Non-blocker,JWZASFRGICXVJY-UHFFFAOYSA-N,JWZASFRGICXVJY,PubChem,3191831,,0.490566045045853
CC(C)NCC(O)c1ccc(O)c(O)c1,Non-blocker,Non-blocker,JWZZKOKVBUJMES-UHFFFAOYSA-N,JWZZKOKVBUJMES,eval_set_herg_70.csv,,,0.6875
Clc1ccc(Oc2nnnn2-c2ccccc2)cc1,Non-blocker,Non-blocker,JXAGPFSGJKRKBY-UHFFFAOYSA-N,JXAGPFSGJKRKBY,PubChem,718858,,0.666666686534882
Cc1cc(C)n(-c2nc(-c3ccccc3)cc(=O)[nH]2)n1,Non-blocker,Non-blocker,JXBDKWPDMSQNDQ-UHFFFAOYSA-N,JXBDKWPDMSQNDQ,data_herg_dev,,135433800,0.56521737575531
O=C(Nc1cccc(C(F)(F)F)c1)Nc1ccc(Br)cc1-c1nn[nH]n1,Non-blocker,Blocker,JXPULDIATMTIIN-UHFFFAOYSA-N,JXPULDIATMTIIN,PubChem,9954236,16825484,0.375
C[C@@H]1CN(c2cc(=O)n(Cc3ccc(F)cc3)c(=O)[nH]2)C[C@@H](C)O1,Non-blocker,Non-blocker,JYJIRPZPQKWYKD-VXGBXAGGSA-N,JYJIRPZPQKWYKD,PubChem,5310075,,0.320754706859589
C=CCN(C(=O)c1csnn1)[C@@H](C(=O)NCc1ccc(F)cc1)c1ccc(F)cc1,Non-blocker,Non-blocker,JYMTYVULBABVII-LJQANCHMSA-N,JYMTYVULBABVII,PubChem,3222502,,0.550724625587463
CC1CC(O)(CCc2cccc3ccccc23)C(C)CN1C,Blocker,Blocker,JYWKRWWPTYARAS-UHFFFAOYSA-N,JYWKRWWPTYARAS,data_herg_dev,CHEMBL1270058,,0.518518507480621
Cc1c(C(=O)NN2CCCCC2)nn(-c2ccc(Cl)cc2Cl)c1-c1ccc(Cl)cc1,Blocker,Blocker,JZCPYUJPEARBJL-UHFFFAOYSA-N,JZCPYUJPEARBJL,PubChem,104850,,0.534246563911438
O=C(NCCN1CCOCC1)c1ccc(-c2nccc3ccccc23)cc1,Blocker,Blocker,JZHDIGBWZULPFR-UHFFFAOYSA-N,JZHDIGBWZULPFR,data_herg_dev,CHEMBL2035651,,0.555555582046509
CC(C)(C)c1cc(O)c(C(C)(C)C)cc1O,Non-blocker,Non-blocker,JZODKRWQWUWGCD-UHFFFAOYSA-N,JZODKRWQWUWGCD,eval_set_herg_70.csv,,,0.590909063816071
COc1cccc(NC(=O)CCC2CCN(C(=O)c3scnc3C)CC2)c1,Non-blocker,Non-blocker,JZQQQCDISDAGOB-UHFFFAOYSA-N,JZQQQCDISDAGOB,PubChem,24817188,,0.442857146263123
COc1ccc2c(c1OC)C(=O)O[C@H]2[C@H]1c2cc3c(cc2CCN1C)OCO3,Blocker,Blocker,JZUTXVTYJDCMDU-RTBURBONSA-N,JZUTXVTYJDCMDU,PubChem,1309,,0.515625
COC(=O)c1ccc(CSc2nc(C)nc3sc(C)c(C)c23)o1,Non-blocker,Non-blocker,KACYIDRIFUHBGE-UHFFFAOYSA-N,KACYIDRIFUHBGE,PubChem,2571463,,0.536231875419617
CN(C)CCCn1c2ccccc2c2cnccc21,Non-blocker,Blocker,KANHIRFMWXUGCA-UHFFFAOYSA-N,KANHIRFMWXUGCA,PubChem,424220,,0.388059705495834
CCN1C[C@]2(CO)CCC(O)[C@]34C5C[C@@H]6C(OC)C(O)[C@@](OC)(C5[C@H]6O)[C@](O)(C13)[C@H](O)C24,Non-blocker,Non-blocker,KAPXFTSEJFXDSG-SOHSDTSLSA-N,KAPXFTSEJFXDSG,eval_set_herg_60.csv,,,0.329268306493759
CCCn1c(CCc2ccccc2)n[nH]c1=S,Blocker,Non-blocker,KARPAFCPKLMQFH-UHFFFAOYSA-N,KARPAFCPKLMQFH,PubChem,951884,,0.360000014305115
CN(C)C[C@H](O)c1ccc(C=Cc2ccc(Cl)cc2)cc1,Blocker,Blocker,KBGPTRHFMZERIT-SFHVURJKSA-N,KBGPTRHFMZERIT,PubChem,230761,,0.395348846912384
Cc1noc(C)c1CN1CC2CN(CCS(=O)(=O)N(Cc3ccc(C#N)cc3)Cc3c(C)noc3C)CC(C1)O2,Non-blocker,Non-blocker,KBHAJPOEOUVFQK-UHFFFAOYSA-N,KBHAJPOEOUVFQK,data_herg_dev,CHEMBL3909019,,0.707692325115204
Cc1ccc2ccc3cccc4ccc1c2c34,Blocker,Non-blocker,KBSPJIWZDWBDGM-UHFFFAOYSA-N,KBSPJIWZDWBDGM,data_herg_dev,CHEMBL1325152,,0.550000011920929
CCOC(=O)CC1(NC(=O)[C@@H]2CCC(=O)N(Cc3ccccc3OC)C2)CCCCC1,Non-blocker,Non-blocker,KCGCYNAQPFONNT-LJQANCHMSA-N,KCGCYNAQPFONNT,PubChem,24794011,,0.533333361148834
Cc1ccc(N(C(=O)c2ccn[nH]2)[C@H](C(=O)NC2CCCC2)c2cccs2)cc1,Non-blocker,Non-blocker,KCJPVRQGAWDAIM-FQEVSTJZSA-N,KCJPVRQGAWDAIM,PubChem,3153689,,0.588235318660736
COCC(=O)Nc1ccc(S(=O)(=O)NCCc2ccccc2)cc1,Non-blocker,Non-blocker,KCKDMRHIUOVCIT-UHFFFAOYSA-N,KCKDMRHIUOVCIT,PubChem,889485,,0.518518507480621
CC(CN(C)C)CN1c2ccccc2[S+]([O-])c2ccc(C#N)cc21,Blocker,Blocker,KCPHNCFJFKSBMD-UHFFFAOYSA-N,KCPHNCFJFKSBMD,eval_set_herg_70.csv,,,0.461538463830948
COc1ccc(S(=O)(=O)Nc2ccccc2C(=O)O[C@@H]2CCCN(C)C2)cc1OC,Non-blocker,Non-blocker,KCYGLJHIQOKFQT-OAHLLOKOSA-N,KCYGLJHIQOKFQT,PubChem,6603515,,0.434210538864136
Br.CCn1c2c(c(=N)c3c1CCC3)CCCC2,Non-blocker,Non-blocker,RDKPMNKWSNJWRL-UHFFFAOYSA-N,KDEBGIMNCASXLM,data_herg_dev,CHEMBL592044,,0.60606062412262
CCc1cc2c(cc1N1CCC(N3CCOCC3)CC1)C(C)(C)c1[nH]c3cc(C#N)ccc3c1C2=O,Blocker,Non-blocker,KDGFLJKFZUIJMX-UHFFFAOYSA-N,KDGFLJKFZUIJMX,data_herg_dev,CHEMBL1738797,,0.705128192901611
O=C1N=C(N2CCN(c3ccccc3)CC2)S/C1=C\c1cn[nH]c1-c1ccccc1,Non-blocker,Non-blocker,KDJWRYWTGWAZPJ-HKWRFOASSA-N,KDJWRYWTGWAZPJ,PubChem,1397416,,0.346666663885117
C[C@H](C(=O)Nc1ccc(O)cc1C(=O)O)N1C(=O)/C(=C\c2cccs2)SC1=S,Non-blocker,Non-blocker,KDRHPXARYADUMY-MBBDXHFBSA-N,KDRHPXARYADUMY,PubChem,6227369,,0.515151500701904
CCOC(=O)c1sc2nc(C(C)C)c3c(c2c1N)CCC3,Non-blocker,Non-blocker,KDROOZVOLAYLFO-UHFFFAOYSA-N,KDROOZVOLAYLFO,PubChem,930004,,0.466666668653488
CN(c1ccccc1)S(=O)(=O)c1cccc(C(=O)N2CCN(C(=O)Cc3ccc(F)cc3)CC2)c1,Non-blocker,Blocker,KDSHDUKPKXKQFE-UHFFFAOYSA-N,KDSHDUKPKXKQFE,eval_set_herg_60.csv,,,0.523809552192688
C[C@@H](c1cncs1)c1c(CCN(C)C)sc2ccccc12,Blocker,Blocker,KEDAYBZXXNOGOP-LBPRGKRZSA-N,KEDAYBZXXNOGOP,eval_set_herg_70.csv,,,0.653846144676209
Fc1ccc2c(C3C[N+]CCC3F)c(C3=CNC=CC3)[nH]c2c1,Blocker,Blocker,KEVXRPSKOOLJFC-UHFFFAOYSA-N,KEVXRPSKOOLJFC,eval_set_herg_70.csv,,,0.698113203048706
OCCN1CCN(CCSc2ccccc2)CC1,Non-blocker,Non-blocker,KFOJYYHUMVFMGT-UHFFFAOYSA-N,KFOJYYHUMVFMGT,PubChem,6603494,,0.512820541858673
COc1ccc(CN2C[C@H](C(=O)NCc3ccccn3)CC2=O)cc1,Non-blocker,Non-blocker,KFPJQBNZNLJKJG-OAHLLOKOSA-N,KFPJQBNZNLJKJG,PubChem,3239368,,0.486111104488373
CC(C)=CCN1CC[C@@]2(C)c3cc(O)ccc3C[C@@H]1[C@@H]2C.O=C(O)CCC(=O)O,Non-blocker,Non-blocker,KFPNZIZLGZZGHO-DTOXXUQYSA-N,KFPNZIZLGZZGHO,data_herg_dev,,12259683,0.405797094106674
CCCN(CCc1cccs1)[C@H]1CCc2c(O)cccc2C1,Blocker,Blocker,KFQYTPMOWPVWEJ-INIZCTEOSA-N,KFQYTPMOWPVWEJ,PubChem,59227,,0.698113203048706
O=C(COc1ccccc1)N1CCN=C1SCc1ccccc1,Non-blocker,Non-blocker,KFXISLMFCUAARK-UHFFFAOYSA-N,KFXISLMFCUAARK,PubChem,4127627,,0.456140339374542
N#CCc1cc(-c2ccc(Cl)c(Cl)c2)n[nH]1,Non-blocker,Blocker,KGBBJCBFCUHTTJ-UHFFFAOYSA-N,KGBBJCBFCUHTTJ,PubChem,902163,,0.3125
O=[N+]([O-])c1ccc(CCl)cc1,Non-blocker,Non-blocker,KGCNHWXDPDPSBV-UHFFFAOYSA-N,KGCNHWXDPDPSBV,eval_set_herg_70.csv,,,0.615384638309479
Cc1cc(Cc2cc(C)cc(C(C)(C)C)c2O)c(O)c(C(C)(C)C)c1,Non-blocker,Non-blocker,KGRVJHAUYBGFFP-UHFFFAOYSA-N,KGRVJHAUYBGFFP,eval_set_herg_70.csv,,,0.680000007152557
C1=C(c2ccccn2)CCCN1c1nnc(N2CCC(N3CCCCC3)CC2)s1,Blocker,Blocker,KGTSVLOKRNDHFU-UHFFFAOYSA-N,KGTSVLOKRNDHFU,data_herg_dev,CHEMBL2048589,,0.555555582046509
CC[C@@H](C)Sc1ccc(-c2nc3ccc(C)cn3c2NCc2ccccc2)cc1,Blocker,Non-blocker,KHELVDMONQBQRT-LJQANCHMSA-N,KHELVDMONQBQRT,PubChem,53299539,,0.444444447755814
O=C1c2ccccc2C(Cc2ccncc2)(Cc2ccncc2)c2ccccc21,Non-blocker,Non-blocker,KHJFBUUFMUBONL-UHFFFAOYSA-N,KHJFBUUFMUBONL,data_herg_dev,CHEMBL342375,,0.631578922271729
CCN(CC)CCNC(=O)c1ccc(NS(C)(=O)=O)cc1,Non-blocker,Non-blocker,KHYPYQZQJSBPIX-UHFFFAOYSA-N,KHYPYQZQJSBPIX,eval_set_herg_70.csv,,,0.666666686534882
Cc1nc2ccccc2n1[C@@H]1C[C@H]2COC[C@@H](C1)N2C,Blocker,Blocker,KICCGGGRQKPBIH-BTTYYORXSA-N,KICCGGGRQKPBIH,eval_set_herg_60.csv,,,0.539682567119598
COc1ccc2nc(NC3=NC[C@@]4(CN5CCC4CC5)O3)sc2c1,Blocker,Blocker,KIDXXFXVPLATJJ-KRWDZBQOSA-N,KIDXXFXVPLATJJ,PubChem,134145411,27958732,0.42465752363205
CCc1cc(/C(C)=N/OCc2ccc(C3CCCCC3)c(C(F)(F)F)c2)ccc1CN1CC(C(=O)O)C1,Blocker,Non-blocker,KIHYPELVXPAIDH-HNSNBQBZSA-N,KIHYPELVXPAIDH,data_herg_dev,CHEMBL2336071,,0.361445784568787
COc1ccc(NC(=O)COc2coc(CN3CCN(c4ccccc4)CC3)cc2=O)cc1,Non-blocker,Non-blocker,KJBGDPRHAHSJNG-UHFFFAOYSA-N,KJBGDPRHAHSJNG,PubChem,16802992,,0.617647051811218
CNC(=O)COC(=O)CNC(=O)c1cc(Cl)cc([N+](=O)[O-])c1,Non-blocker,Non-blocker,KJCNATKCIFXQBY-UHFFFAOYSA-N,KJCNATKCIFXQBY,PubChem,2434959,,0.413793116807938
Cc1cccc(C)c1OCC(=O)N[C@@H](Cc1ccccc1)[C@@H](O)C[C@H](Cc1ccccc1)NC(=O)[C@H](C(C)C)N1CCCNC1=O,Non-blocker,Blocker,KJHKTHWMRKYKJE-SUGCFTRWSA-N,KJHKTHWMRKYKJE,PubChem,92727,,0.304347813129425
Cc1ccc(CCNC(=O)CN2CCN(Cc3ccccc3F)C2=O)cc1,Non-blocker,Non-blocker,KJQHZRZRIDGVEG-UHFFFAOYSA-N,KJQHZRZRIDGVEG,PubChem,3245977,,0.491525411605835
C#CCNC(=O)C1=C[C@H](C2CCCCC2)[C@@H](CCCO)[C@H](OCC)O1,Non-blocker,Non-blocker,KJUKQGITUIYQSM-MBOZVWFJSA-N,KJUKQGITUIYQSM,PubChem,16197023,,0.602941155433655
O=C(CSCC(=O)N1CCCCC1)OCC(=O)c1c[nH]c2ccccc12,Non-blocker,Non-blocker,KKEYXYBFPQZMSH-UHFFFAOYSA-N,KKEYXYBFPQZMSH,PubChem,2612965,,0.491525411605835
Cc1cnc(NC(=O)CN2CCN(c3ccccc3F)CC2)s1,Non-blocker,Non-blocker,KKRAAXTUHLXHRU-UHFFFAOYSA-N,KKRAAXTUHLXHRU,PubChem,9549597,,0.627451002597809
O=c1nc(-c2ccc(C(F)(F)F)cc2)[nH]c2c1CSCC2,Non-blocker,Non-blocker,KLGQSVMIPOVQAX-UHFFFAOYSA-N,KLGQSVMIPOVQAX,eval_set_herg_60.csv,,,0.379310339689255
CCC(OC(C)=O)C(CC(C)[N+](C)C)(c1ccccc1)c1ccccc1,Blocker,Blocker,KLGZEZPTKHAQBU-UHFFFAOYSA-N,KLGZEZPTKHAQBU,eval_set_herg_70.csv,,,0.688888907432556
COc1ccc2c(c1)C(=O)N(c1nc(C(=O)Nc3cnccc3N3CCNCC3)cs1)C2,Non-blocker,Blocker,KLJVDMAOKMSBQX-UHFFFAOYSA-N,KLJVDMAOKMSBQX,data_herg_dev,CHEMBL2381116,,0.348837196826935
CN1C(=O)Cn2c1nc1nc(N3CCC[C@@H](N)C3)n(Cc3cc(F)ccc3C#N)c1c2=O,Non-blocker,Non-blocker,KMOYVYIQCXEQDG-OAHLLOKOSA-N,KMOYVYIQCXEQDG,data_herg_dev,CHEMBL3687984,,0.564102590084076
O=C(c1ccc(F)cc1F)C1CCN(CCCOc2ccc(-c3nc4ccccc4o3)cc2)CC1,Blocker,Blocker,KMSFTQMRXXGIJL-UHFFFAOYSA-N,KMSFTQMRXXGIJL,CUPID,122196372,26483200,0.631578922271729
C[C@H]1C[C@H]2CSC(N)=N[C@@]2(c2ncccc2F)CO1,Non-blocker,Non-blocker,KMVBXMWOGDYHIS-RVBZMBCESA-N,KMVBXMWOGDYHIS,eval_set_herg_70.csv,,,0.634615361690521
CCOc1cccc(F)c1[C@]1(O)C(N)=Nc2ccc(Cl)cc21,Blocker,Non-blocker,KNFXVTATVGJJAA-INIZCTEOSA-N,KNFXVTATVGJJAA,eval_set_herg_60.csv,,,0.328571438789368
CC(C)Oc1ccc(-c2nc(-c3cccc4c3OCCN(C(CO)CO)C4)no2)cc1C#N,Non-blocker,Blocker,KNSNIMFBLSWAKH-UHFFFAOYSA-N,KNSNIMFBLSWAKH,CUPID,54756906,21838322,0.688311696052551
Cc1nc2ccccn2c1-c1ccc2cc(CCN3CCC[C@H]3C)ccc2n1,Blocker,Blocker,KOLWUEPBLSFTTN-QGZVFWFLSA-N,KOLWUEPBLSFTTN,PubChem,11710453,20457525,0.661538481712341
CCN(CC)CC(=O)Nc1c(C)cc(C)cc1C.Cl,Non-blocker,Blocker,GOZBHBFUQHMKQB-UHFFFAOYSA-N,KOOGJYYOMPUGCW,eval_set_herg_70.csv,,,0.705882370471954
O=C(O)CCC(=O)C(=O)O,Non-blocker,Non-blocker,KPGXRSRHYNQIFN-UHFFFAOYSA-N,KPGXRSRHYNQIFN,PubChem,51,,0.421052634716034
Cc1ncc([N+](=O)[O-])n1C[C@@H](C)O,Non-blocker,Non-blocker,KPQZUUQMTUIKBP-RXMQYKEDSA-N,KPQZUUQMTUIKBP,PubChem,71815,,0.534883737564087
COc1ccc(COC(=O)C2=C(C)NC(=O)N[C@@H]2c2ccc(O)cc2)cc1,Blocker,Non-blocker,KPZBMCXZCSYXTJ-GOSISDBHSA-N,KPZBMCXZCSYXTJ,PubChem,2854732,,0.692307710647583
CC(C)Cc1ccc(C(C)C(=O)NS(C)(=O)=O)cc1,Non-blocker,Blocker,KQDRVXQXKZXMHP-UHFFFAOYSA-N,KQDRVXQXKZXMHP,eval_set_herg_60.csv,,,0.545454561710358
Cl.OC(CN1CCN(c2cccc(Cl)c2)CC1)C(c1ccccc1)c1ccccc1,Blocker,Blocker,QJHCTHPYUOXOGM-UHFFFAOYSA-N,KQGJIKWDFWLCHO,data_herg_dev,CHEMBL534084,,0.549019634723663
CNS(=O)(=O)Cc1ccc2[nH]cc(CCN(C)C)c2c1,Non-blocker,Non-blocker,KQKPFRSPSRPDEB-UHFFFAOYSA-N,KQKPFRSPSRPDEB,eval_set_herg_70.csv,,,0.517857134342194
Cc1nc2cc(F)ccc2n1C1CCC(NCC2Cc3ccc(C#N)cc3C2)CC1,Blocker,Blocker,KQTXWKJKIOAAAJ-UHFFFAOYSA-N,KQTXWKJKIOAAAJ,PubChem,CUPID,,0.625
Cc1c([N+](=O)[O-])cc(C(=O)Nc2ccc(NC(=O)c3ccco3)cc2)cc1[N+](=O)[O-],Non-blocker,Non-blocker,KQWPDAMGADGALY-UHFFFAOYSA-N,KQWPDAMGADGALY,PubChem,3119288,,0.551020383834839
Cc1ccc(/N=C/c2c(C)nn(-c3ccccc3)c2O)nc1,Non-blocker,Non-blocker,KRERONJAJOUFKN-YBFXNURJSA-N,KRERONJAJOUFKN,PubChem,759053,,0.476923078298569
Cc1nccnc1Cc1ccc(F)c(-c2ncnc3cc(N4CCOCC4)ccc23)c1,Blocker,Non-blocker,KRHAYZCIDMXCEA-UHFFFAOYSA-N,KRHAYZCIDMXCEA,eval_set_herg_70.csv,,,0.652173936367035
Cc1ccc(-c2nn(-c3ccccc3)cc2C(=O)NCCCN2CCCC2=O)cc1,Non-blocker,Non-blocker,KRKBCYMUZIYRRU-UHFFFAOYSA-N,KRKBCYMUZIYRRU,PubChem,24982065,,0.569230794906616
CON(C)C(=O)C[C@@H]1COCCN1C(=O)OC(C)(C)C,Non-blocker,Non-blocker,KRMFPINMEARYNY-SNVBAGLBSA-N,KRMFPINMEARYNY,PubChem,44202085,,0.294871807098389
CN(C)c1ccc(C(=N)c2ccc(N(C)C)cc2)cc1.Cl,Blocker,Non-blocker,JPIYZTWMUGTEHX-UHFFFAOYSA-N,KSCQDDRPFHTIRL,data_herg_dev,CHEMBL1612246,,0.583333313465118
CCNC(=O)[C@H](Cc1ccc(O)c(C(C)(C)C)c1)NC(=O)[C@H](C(C)C)N(C)C(=O)[C@H](Cc1ccc(F)cc1)NC,Blocker,Blocker,KSDWAJPUTRBIRR-KLJDGLGGSA-N,KSDWAJPUTRBIRR,eval_set_herg_60.csv,,,0.364864856004715
OCCc1nccn1Cc1cn(-c2ccc(S(F)(F)(F)(F)F)cc2)nn1,Blocker,Blocker,KSYNJOQTXRFSTA-UHFFFAOYSA-N,KSYNJOQTXRFSTA,eval_set_herg_70.csv,,,0.660377383232117
C[C@H](Oc1cc(-c2cnn(C3CCNCC3)c2)cnc1N)c1c(Cl)ccc(F)c1Cl,Blocker,Blocker,KTEIFNKAUNYNJU-LBPRGKRZSA-N,KTEIFNKAUNYNJU,eval_set_herg_60.csv,,,0.430379748344421
CN1c2nc(-c3ccc(Cl)cc3Cl)c(-c3ccc(Cl)cc3)cc2C(NC(=O)CO)CC1(C)C,Non-blocker,Blocker,KTFUTQZNMWCULY-UHFFFAOYSA-N,KTFUTQZNMWCULY,eval_set_herg_70.csv,,,0.69696968793869
C[C@H](CCc1ccc(Cl)c(Cl)c1)N1Cc2cc3c(cc2C1)OCO3,Blocker,Non-blocker,KTHLRNWGDXCNQL-GFCCVEGCSA-N,KTHLRNWGDXCNQL,eval_set_herg_70.csv,,,0.695652186870575
COC(=O)Nc1cc(C(F)(F)F)c(-c2nc(N3CCOCC3)c3cc(CN4CCN(S(C)(=O)=O)CC4)cn3n2)cn1,Non-blocker,Non-blocker,KTLQDDGRBDLKMN-UHFFFAOYSA-N,KTLQDDGRBDLKMN,data_herg_dev,CHEMBL4800252,,0.466666668653488
CS(=O)(=O)CN(c1ccc(Cl)c(Cl)c1)C1CCNCC1,Blocker,Non-blocker,KTQCRFSYZAJHFI-UHFFFAOYSA-N,KTQCRFSYZAJHFI,eval_set_herg_70.csv,,,0.588235318660736
Cc1ccc(NC(=O)c2ccc(CN3CCN(C)CC3)cc2)cc1Nc1nccc(-c2cccnc2)n1,Blocker,Non-blocker,KTUFNOKKBVMGRW-UHFFFAOYSA-N,KTUFNOKKBVMGRW,eval_set_herg_60.csv,,,0.516853928565979
Cc1cccc(NC(=O)c2nc(Br)cs2)n1,Non-blocker,Blocker,KTVHHINEFPPAGV-UHFFFAOYSA-N,KTVHHINEFPPAGV,data_herg_dev,CHEMBL3740015,,0.577777802944183
COc1ccccc1CC(=O)Nc1ccc(-c2noc(COc3ccc(Br)cc3)n2)cc1,Non-blocker,Non-blocker,KUDUPUYRWVQYFB-UHFFFAOYSA-N,KUDUPUYRWVQYFB,PubChem,1291616,,0.444444447755814
Cc1c(Cl)c(=O)oc2cc(OP(=O)(OCCCl)OCCCl)ccc12,Non-blocker,Non-blocker,KULDXINYXFTXMO-UHFFFAOYSA-N,KULDXINYXFTXMO,eval_set_herg_70.csv,,,0.647058844566345
CCOc1ccccc1NC(=O)c1ccc(S(=O)(=O)N2CCCCC2)cc1,Non-blocker,Non-blocker,KUMBZZBJHIEUTA-UHFFFAOYSA-N,KUMBZZBJHIEUTA,PubChem,1077895,,0.611111104488373
NC(=O)COC(=O)c1cc(Cl)cc(Cl)c1N,Non-blocker,Non-blocker,KUWZQLYBZPVLON-UHFFFAOYSA-N,KUWZQLYBZPVLON,PubChem,2389454,,0.372549027204514
COc1cccc(COC(=O)c2c(-c3ccc(OC)c(OC)c3)csc2N)c1,Blocker,Blocker,KUYKGKWALOSLME-UHFFFAOYSA-N,KUYKGKWALOSLME,PubChem,71009783,23566515,0.59649121761322
Cc1ccc(C(=O)CSc2nnc(-c3ccco3)n2C[C@H]2CCCO2)cc1,Non-blocker,Non-blocker,KVAIAMNZCWLCRB-MRXNPFEDSA-N,KVAIAMNZCWLCRB,PubChem,647863,,0.666666686534882
Cc1cc2nc3c(c(C(F)(F)F)n2n1)CCCC3,Non-blocker,Non-blocker,KVIBKWFEGFHKPH-UHFFFAOYSA-N,KVIBKWFEGFHKPH,PubChem,754722,,0.480769217014313
Cc1ccc([C@H](C(=O)NC(C)(C)C)N(Cc2cccnc2)C(=O)C(=O)NC2CCCCC2)o1,Non-blocker,Blocker,KVUPVCQWLOJANH-OAQYLSRUSA-N,KVUPVCQWLOJANH,PubChem,3220029,,0.453488379716873
Sc1[nH]cnc2c1sc1nc(=[N+]3CCOCC3)c3c(c12)CCCC3,Blocker,Blocker,KVVASTRPZBEADU-UHFFFAOYSA-O,KVVASTRPZBEADU,PubChem,1325691,,0.375
COc1cc(C(=O)N2CCN(c3ccccc3)CC2)c([N+](=O)[O-])cc1OC,Non-blocker,Non-blocker,KWBGMKHJLMAMSJ-UHFFFAOYSA-N,KWBGMKHJLMAMSJ,PubChem,1116202,,0.5
CS(=N)(=O)c1ccc(C2=C(c3ccccc3)C(=O)OC2)cc1,Non-blocker,Non-blocker,KWEKFTIAFYJSFX-UHFFFAOYSA-N,KWEKFTIAFYJSFX,eval_set_herg_70.csv,,,0.658536612987518
CCOC(=O)C1=C(c2ccccc2)NC(=S)N[C@@H]1c1ccc(Cl)cc1,Blocker,Non-blocker,KXFGEZHTFHLIFV-QGZVFWFLSA-N,KXFGEZHTFHLIFV,PubChem,3368615,,0.694915235042572
C/C(=C\C(=O)Nc1nccs1)c1ccccc1,Non-blocker,Non-blocker,KXMVAXLDAZPGOL-MDZDMXLPSA-N,KXMVAXLDAZPGOL,PubChem,2191773,,0.469387769699097
NC[C@]1(c2cccc(Cl)c2)CC[C@H](N2CCn3c(nnc3C(F)(F)F)C2=O)CC1,Blocker,Non-blocker,KXWVCAHIYMQJOK-PPUGGXLSSA-N,KXWVCAHIYMQJOK,data_herg_dev,CHEMBL3112967,,0.573333323001862
Cc1ccc(S(=O)(=O)N2CCN([C@@H]3C[C@@H]4CC[C@H]3C4)CC2)cc1,Non-blocker,Non-blocker,KYDNJCDNCBBPRQ-SOLBZPMBSA-N,KYDNJCDNCBBPRQ,PubChem,17366248,,0.490566045045853
COC[C@H]1CCCN1C(=O)c1cc(C)cc(C(=O)N[C@@H](Cc2cc(F)cc(F)c2)[C@H](O)[C@H]2C[C@@H](Oc3ccccc3)CN2)c1,Blocker,Blocker,KYHYNSQLYDXSNK-MXWGZHRFSA-N,KYHYNSQLYDXSNK,data_herg_dev,CHEMBL403195,,0.297029703855515
COC(=O)[C@H]1C(O)=CC(N2CCOCC2)=CC1(C)C,Non-blocker,Non-blocker,KYLVFNAYDQIGAU-GFCCVEGCSA-N,KYLVFNAYDQIGAU,PubChem,544174,,0.360000014305115
CC(C)(c1cc(Cl)c(O)c(Cl)c1)c1cc(Cl)c(O)c(Cl)c1,Non-blocker,Non-blocker,KYPYTERUKNKOLP-UHFFFAOYSA-N,KYPYTERUKNKOLP,PubChem,6619,,0.519999980926514
Clc1ccc(-n2c(-c3ccc(Cn4ccnc4)cc3)nc3ccncc32)cc1,Blocker,Blocker,KYYVAMJLDCNSAX-UHFFFAOYSA-N,KYYVAMJLDCNSAX,eval_set_herg_70.csv,,,0.666666686534882
Cc1cccc(Cn2nc(C)c3c(NC(=O)c4csc5c(N)ncnc45)cccc32)n1,Non-blocker,Non-blocker,KZVIZFHCMVWFNT-UHFFFAOYSA-N,KZVIZFHCMVWFNT,data_herg_dev,CHEMBL4483816,,0.289473682641983
CC1CCN(S(=O)(=O)c2cn(CC(=O)Nc3cccc(C#N)c3)cn2)CC1,Non-blocker,Non-blocker,LACVJBNEONNBCM-UHFFFAOYSA-N,LACVJBNEONNBCM,PubChem,24790985,,0.60606062412262
COc1ccc(-c2cc(NC(=O)Nc3cc(C(C)(C)C)nn3-c3ccc(C)cc3)n[nH]2)c(C)c1,Blocker,Blocker,LATBWIWKSPOPNK-UHFFFAOYSA-N,LATBWIWKSPOPNK,data_herg_dev,CHEMBL2207431,,0.671428561210632
COc1cccc(CSc2nc3ccccc3[nH]2)c1,Non-blocker,Non-blocker,LAWRJWNPRQNQIW-UHFFFAOYSA-N,LAWRJWNPRQNQIW,PubChem,2083716,,0.518518507480621
CN1CC=CCC(c2cc3ccccc3o2)C1,Non-blocker,Non-blocker,LBMMBEDCUJAMIZ-UHFFFAOYSA-N,LBMMBEDCUJAMIZ,data_herg_dev,CHEMBL2326689,,0.545454561710358
CCn1cncc1Cn1cc(-c2ccc(Cl)cc2)cn1,Blocker,Blocker,LBYWWSCGWDYKNX-UHFFFAOYSA-N,LBYWWSCGWDYKNX,eval_set_herg_70.csv,,,0.58695650100708
CC(C)Oc1ccc(C(=O)Nc2cccc3cccnc23)cc1,Non-blocker,Non-blocker,LCEUJENGMKMWJS-UHFFFAOYSA-N,LCEUJENGMKMWJS,PubChem,836753,,0.421052634716034
O=C(NCC(F)(F)F)c1ccc(S(=O)(=O)N2CCN(C(=O)[C@H]3CCCO3)CC2)cc1,Non-blocker,Non-blocker,LCLZROTWKVMKOV-OAHLLOKOSA-N,LCLZROTWKVMKOV,PubChem,16295755,,0.415584415197372
COc1cccc(-c2nn(C)c3sc(C(=O)NCCN4CCN(c5ccccc5F)CC4)cc23)c1,Non-blocker,Non-blocker,LCUDPYILJFKBKX-UHFFFAOYSA-N,LCUDPYILJFKBKX,data_herg_dev,CHEMBL586962,,0.594936728477478
COC(=O)/C=C\C(=O)OC,Non-blocker,Non-blocker,LDCRTTXIJACKKU-ARJAWSKDSA-N,LDCRTTXIJACKKU,PubChem,5271565,,0.4375
CN1/C(=C\C(=O)COc2ccc3c(c2)OCO3)C(C)(C)c2ccccc21,Non-blocker,Non-blocker,LDQQTSNLIWMABB-JMIUGGIZSA-N,LDQQTSNLIWMABB,PubChem,2435404,,0.578125
CCCCCN(C(=O)CCC(=O)OCc1cc(C)ccc1C)c1c(N)n(CCCC)c(=O)[nH]c1=O,Non-blocker,Non-blocker,LDYWEISOPLFEPY-UHFFFAOYSA-N,LDYWEISOPLFEPY,PubChem,24982869,,0.5
Cc1ccc(F)c(-c2cc(Nc3ccnc4cnn(C[C@@H](C)O)c34)c(C)cn2)c1,Blocker,Blocker,LDZDGXRDBZXTCD-OAHLLOKOSA-N,LDZDGXRDBZXTCD,data_herg_dev,CHEMBL4066402,,0.69696968793869
CCCCN(CCCC)CC[C@H](O)c1cc2c(Cl)cc(Cl)cc2c2c1=CC[C@H](C(F)(F)F)C=2,Blocker,Blocker,LEKUJLQQZVXLAU-GKVSMKOHSA-N,LEKUJLQQZVXLAU,eval_set_herg_60.csv,,,0.575757563114166
C/C(=N/NC(=O)c1ccc(Br)s1)c1ccncc1,Non-blocker,Non-blocker,LEXOTFKKIMTANP-NVNXTCNLSA-N,LEXOTFKKIMTANP,PubChem,25237459,,0.530612230300903
CCOC(=O)C1=C(Cc2ccc(F)cc2)C(=O)c2ccccc2C1=O,Non-blocker,Non-blocker,LFEASAQKZPZJMF-UHFFFAOYSA-N,LFEASAQKZPZJMF,PubChem,755636,,0.404255330562592
COc1ccc(CC(=O)O[C@H](C)C(=O)Nc2ccc(Cl)cn2)cc1,Non-blocker,Non-blocker,LFNWGVQCIVAMKI-LLVKDONJSA-N,LFNWGVQCIVAMKI,PubChem,4786321,,0.430769234895706
Cc1ccc([N+](=O)[O-])cc1-c1ccc(/C=N/NC(=O)c2cc3c(ccc4ccccc43)o2)o1,Non-blocker,Non-blocker,LFTIXZZEYOCEIE-VULFUBBASA-N,LFTIXZZEYOCEIE,PubChem,6876252,,0.507042229175568
COc1cc(NC(=O)c2nnn(Cc3ccc(CN4CCOCC4)cc3)c2N)ncn1,Non-blocker,Blocker,LFXWDAPQKPTLDU-UHFFFAOYSA-N,LFXWDAPQKPTLDU,CUPID,171342782,28844141,0.600000023841858
Cc1c(C(=O)OCC(=O)c2ccc3c(c2)OCCO3)oc2ccccc12,Non-blocker,Non-blocker,LGGICADJPQLUSF-UHFFFAOYSA-N,LGGICADJPQLUSF,PubChem,2997991,,0.548387110233307
Cc1cccc(Cn2c([C@@H](C)O)nc3ccccc32)c1,Non-blocker,Non-blocker,LGMRTDDVDMYGIO-CYBMUJFWSA-N,LGMRTDDVDMYGIO,PubChem,2928015,,0.617021262645721
CN1CC[C@H](c2c(O)cc(O)c3c(=O)cc(-c4ccccc4Cl)oc23)[C@H](O)C1.Cl,Non-blocker,Non-blocker,BIIVYFLTOXDAOV-YVEFUNNKSA-N,LGMSNQNWOCSPIK,eval_set_herg_70.csv,,,0.681818187236786
O=c1oc2cc(O)ccc2c2oc3ccc(O)c(CN4CCC(F)CC4)c3c12,Blocker,Blocker,LGQUGSNVIXYSKO-UHFFFAOYSA-N,LGQUGSNVIXYSKO,PubChem,168272637,36174223,0.492537319660187
C[C@@H](NC(=O)c1ccc(Br)cc1)c1ccc2c(c1)CCCC2,Blocker,Blocker,LGRVTQRSFAJKGX-CYBMUJFWSA-N,LGRVTQRSFAJKGX,PubChem,2947526,,0.467741936445236
CN1CCN(CCN2CCn3c2nc2ccccc23)CC1,Non-blocker,Non-blocker,LGXKAGKITRVDGE-UHFFFAOYSA-N,LGXKAGKITRVDGE,PubChem,2882883,,0.450980395078659
CC(C)CC1=NC(C(F)(F)F)(C(F)(F)F)c2c(O)nc(=O)n(CC(C)C)c2N1,Non-blocker,Non-blocker,LHEBRMUUINIKDO-UHFFFAOYSA-N,LHEBRMUUINIKDO,PubChem,2304340,,0.477611929178238
Cc1ccc(CCNC(=O)[C@@H]2CCCN(S(=O)(=O)c3cccs3)C2)cc1,Non-blocker,Non-blocker,LHHGDVANXLICJB-QGZVFWFLSA-N,LHHGDVANXLICJB,PubChem,4089362,,0.555555582046509
O=C1c2cc(-c3ccc(C(F)(F)F)cc3)ccc2OCCN1Cc1cn2ccccc2n1,Blocker,Blocker,LHJGGACWZLWEPD-UHFFFAOYSA-N,LHJGGACWZLWEPD,data_herg_dev,CHEMBL3979410,,0.650793671607971
Fc1ccc(-c2cnn(Cc3ccn[nH]3)c2)cc1OC(F)F,Blocker,Non-blocker,LHMLJRCNGQZNHL-UHFFFAOYSA-N,LHMLJRCNGQZNHL,eval_set_herg_70.csv,,,0.655172407627106
Cc1ccc(-c2cc3[nH]cnc(=O)c3c(NCC3CCCNC3)n2)cc1,Blocker,Blocker,LHOLZQIYHWNEJC-UHFFFAOYSA-N,LHOLZQIYHWNEJC,PubChem,CUPID,,0.647058844566345
Cn1ccc(C[N+]2=CC(c3cccc(C(F)(F)F)c3)C=N2)n1,Blocker,Blocker,LIHJHFVXLZSRNK-UHFFFAOYSA-N,LIHJHFVXLZSRNK,eval_set_herg_60.csv,,,0.349206358194351
CN1CCN(c2ccc(C(=O)Nc3cc(-c4ccncc4)ccc3N)nc2)CC1,Non-blocker,Non-blocker,LILLLPCBSKFLTE-UHFFFAOYSA-N,LILLLPCBSKFLTE,eval_set_herg_70.csv,,,0.550724625587463
CC(C)[C@H](NC(=O)c1cccc(S(=O)(=O)N2CCCC2)c1)c1nc2ccccc2[nH]1,Non-blocker,Non-blocker,LINSNJWZVMEBRR-FQEVSTJZSA-N,LINSNJWZVMEBRR,PubChem,2558673,,0.506172835826874
O=C(CN1CCCC2=C1C(=O)N(C1CC1)C2=O)Nc1ccc(-c2cccnc2)nn1,Non-blocker,Non-blocker,LJDCIVDNJQNMRY-UHFFFAOYSA-N,LJDCIVDNJQNMRY,data_herg_dev,CHEMBL4087906,,0.306818187236786
COc1cc(/C=C/c2ccc3c(Br)cc(Br)c(O)c3n2)ccc1O,Non-blocker,Blocker,LJHFHFMKDNYWHI-DUXPYHPUSA-N,LJHFHFMKDNYWHI,PubChem,135460261,,0.491228073835373
C[C@@H]([C@@H](O)c1ccc2c(c1)CCC(O)N2)N1CCC(O)(c2ccccc2)CC1,Blocker,Blocker,LJMDQOSAVJNIPL-GWGYHSHPSA-N,LJMDQOSAVJNIPL,eval_set_herg_60.csv,,,0.578125
CCn1nc(C)c(NC(=O)C[C@]23C[C@H]4C[C@H](C[C@H](C4)C2)C3)c1C,Non-blocker,Non-blocker,LJNVAMCVDXOACC-HGYGSNGRSA-N,LJNVAMCVDXOACC,PubChem,4649296,,0.442307680845261
CCn1c(SCC(=O)Nc2cccc(F)c2)nc2c(c1=O)S[C@H](C)C2,Non-blocker,Non-blocker,LJQUKPJBSAMSTP-SNVBAGLBSA-N,LJQUKPJBSAMSTP,PubChem,4651264,,0.676470577716827
O=C(Cc1ccccc1)NNc1c2ccccc2nc2ccccc12,Non-blocker,Non-blocker,LJVNVNPZKNOHEB-UHFFFAOYSA-N,LJVNVNPZKNOHEB,PubChem,2962368,,0.5
COc1ccc2c(c1OC)C(=O)N1c3ccccc3C(=O)N(c3ccccc3)[C@@H]21,Non-blocker,Non-blocker,LJZQPEUGCZRGBA-OAQYLSRUSA-N,LJZQPEUGCZRGBA,PubChem,659111,,0.461538463830948
C[C@H](C(=O)Nc1cccc([N+](=O)[O-])c1)N(c1ccccc1)S(C)(=O)=O,Non-blocker,Non-blocker,LKCZCUXRQCDGKI-GFCCVEGCSA-N,LKCZCUXRQCDGKI,PubChem,2929896,,0.446428567171097
CCCCn1c(O)c(/C=C/C2=[N+](C)CCS2)sc1=S,Non-blocker,Non-blocker,LKHOSQNUTJPPBI-UHFFFAOYSA-O,LKHOSQNUTJPPBI,PubChem,5759277,,0.508196711540222
CCn1c(=O)[nH]c2cc(Cl)c(Cl)cc21,Non-blocker,Non-blocker,LKHRMULASXZCLG-UHFFFAOYSA-N,LKHRMULASXZCLG,PubChem,656765,,0.333333343267441
CCOC(=O)CN1C(=O)[C@@](O)([C@H]2CCc3ccccc3C2=O)c2ccccc21,Blocker,Non-blocker,LKISYEQMWLLLCO-JTSKRJEESA-N,LKISYEQMWLLLCO,PubChem,2977643,,0.358974367380142
CC(C)CN1C(=O)N[C@@](NC(=O)c2cccs2)(C(F)(F)F)C1=O,Non-blocker,Non-blocker,LKNPXWGRIQWFQI-GFCCVEGCSA-N,LKNPXWGRIQWFQI,PubChem,3245898,,0.410958915948868
Cc1ccccc1N1N/C(=c2/c(-c3ccc(F)cc3)nn3c2=NC[C@@H](CO)C3)C=CC1=O,Non-blocker,Non-blocker,LKQIFMKIEJDTEJ-BWORXHKJSA-N,LKQIFMKIEJDTEJ,eval_set_herg_60.csv,,,0.5
CCOC(=O)C1(c2ccccc2)CCN(CCc2ccc(N)cc2)CC1,Blocker,Blocker,LKYQLAWMNBFNJT-UHFFFAOYSA-N,LKYQLAWMNBFNJT,PubChem,8944,,0.645833313465118
O=C(C[C@@H](Sc1nc(-c2ccccc2)n[nH]1)c1ccccc1)NCc1ccccc1,Non-blocker,Non-blocker,LLBHQKGAELZPKL-OAQYLSRUSA-N,LLBHQKGAELZPKL,PubChem,2984275,,0.402985066175461
COc1ccc2c(c[n+](C)c3c4cc5c(cc4ccc23)OCO5)c1OC,Non-blocker,Blocker,LLEJIEBFSOEYIV-UHFFFAOYSA-N,LLEJIEBFSOEYIV,eval_set_herg_70.csv,,,0.645833313465118
O=S(=O)(c1ccc(F)cc1)n1ccc(-c2cccc(OCc3c(F)cccc3Cl)c2)n1,Blocker,Non-blocker,LLHKKDPTQAADSD-UHFFFAOYSA-N,LLHKKDPTQAADSD,PubChem,1477577,,0.397058814764023
COc1ccccc1CCC(=O)Oc1ccc(C#N)cc1OC,Non-blocker,Non-blocker,LLIDWFQCDOJBJT-UHFFFAOYSA-N,LLIDWFQCDOJBJT,PubChem,24687981,,0.421875
CC(C)(C)c1cc(NC(=O)Cc2ccc(-n3cnc4cc(-c5ccc(S(C)(=O)=O)cc5)ccc43)cc2)no1,Blocker,Blocker,LMFNJXLDISVWLF-UHFFFAOYSA-N,LMFNJXLDISVWLF,CUPID,118559124,32298114,0.360000014305115
O=C(NO)C(c1ccc(-c2ncc(C(F)(F)F)cn2)cc1)c1ccccc1F,Non-blocker,Non-blocker,LMGDHGQJJLEAPQ-UHFFFAOYSA-N,LMGDHGQJJLEAPQ,data_herg_dev,CHEMBL4456445,,0.647058844566345
CC1CCOC1(c1ccc(-c2cnc(N)cn2)cc1)c1ccc(C(=O)NCC(C)(C)O)nc1,Non-blocker,Non-blocker,LMXIPLIXSFTUTJ-UHFFFAOYSA-N,LMXIPLIXSFTUTJ,eval_set_herg_60.csv,,,0.506329119205475
Cc1nncn1Cc1cn(-c2ccc(Cl)cc2)nn1,Blocker,Blocker,LMZPNUTXBLCHOF-UHFFFAOYSA-N,LMZPNUTXBLCHOF,eval_set_herg_70.csv,,,0.659090936183929
Cc1c(CN([C@@H]2CCNC2)S(C)(=O)=O)ccc2cc(F)ccc12,Blocker,Blocker,LNIDNIKEDAQTOW-MRXNPFEDSA-N,LNIDNIKEDAQTOW,PubChem,44610722,19740658,0.449999988079071
O=C(/C=C/c1ccco1)Nc1ccc2c(c1)OCO2,Non-blocker,Non-blocker,LNNIKLNELUQODG-GQCTYLIASA-N,LNNIKLNELUQODG,PubChem,2303048,,0.538461565971375
O=C(NC1CNC1)c1cccn2c(=O)c3ccc4ccccc4c3nc12,Blocker,Blocker,LNNLALAKVYCIRQ-UHFFFAOYSA-N,LNNLALAKVYCIRQ,PubChem,166626306,35450366,0.655737698078156
Cn1cc(S(=O)(=O)N2CCOCC2)cc1C(=O)O,Non-blocker,Non-blocker,LNPJLJXTMBERAA-UHFFFAOYSA-N,LNPJLJXTMBERAA,PubChem,8899740,,0.553571403026581
Cc1cnc(N2CCC(C3CC3CCOc3nc(C)cc(C#N)n3)CC2)nc1,Blocker,Blocker,LNSCXGSOFFKSIA-UHFFFAOYSA-N,LNSCXGSOFFKSIA,PubChem,CUPID,,0.540983617305756
Cc1cc(C)cc(NC(=O)c2ccc(CNc3c(N4CCOCC4)c(=O)c3=O)cc2)c1,Non-blocker,Non-blocker,LNWUBOXMYLNTSS-UHFFFAOYSA-N,LNWUBOXMYLNTSS,PubChem,9550437,,0.597014904022217
O=C(NCCCN1CCOCC1)c1ccc(CS(=O)(=O)c2cccc(C(F)(F)F)c2)o1,Non-blocker,Non-blocker,LOGZYAQWRSCUDZ-UHFFFAOYSA-N,LOGZYAQWRSCUDZ,PubChem,3244186,,0.49295774102211
CCC(COC(=O)c1cc(OC)c(OC)c(OC)c1)(c1ccccc1)[NH+](C)C,Non-blocker,Non-blocker,LORDFXWUHHSAQU-UHFFFAOYSA-O,LORDFXWUHHSAQU,eval_set_herg_70.csv,,,0.436363637447357
COc1cccc(NC(=O)NC(=O)c2c(C)cc(Cl)nc2Cl)c1,Non-blocker,Non-blocker,LORZNZKBPNDVNS-UHFFFAOYSA-N,LORZNZKBPNDVNS,PubChem,1265401,,0.527272701263428
CCOC(=O)N/N=C(\C)c1ccc(C)o1,Non-blocker,Non-blocker,LOUUMWJCIMLLJS-DHZHZOJOSA-N,LOUUMWJCIMLLJS,PubChem,6271527,,0.558139562606812
CNC(=O)[C@H](C)Cn1cnc2ccc(-c3cnc(OC)c(NS(=O)(=O)c4ccc(F)cc4Cl)c3)cc2c1=O,Blocker,Non-blocker,LPATWVFSBNDSHR-CQSZACIVSA-N,LPATWVFSBNDSHR,data_herg_dev,CHEMBL4632970,,0.377551019191742
C=C(C)C(=O)[O-].CCCC[Sn+](CCCC)CCCC,Non-blocker,Blocker,LPUCKLOWOWADAC-UHFFFAOYSA-M,LPUCKLOWOWADAC,eval_set_herg_70.csv,,,0.52173912525177
COc1cccc(O)c1O,Blocker,Non-blocker,LPYUENQFPVNPHY-UHFFFAOYSA-N,LPYUENQFPVNPHY,PubChem,13622,,0.550000011920929
C1CCC2(C1)C1C[N+](CC3CC3)CC2C[N+](CC2CC2)C1,Blocker,Blocker,LQHJNPOLJRIJNN-UHFFFAOYSA-N,LQHJNPOLJRIJNN,eval_set_herg_60.csv,,,0.4375
COc1ccc2c(C(=O)NCc3ccc(F)cc3)c(O)n(O)c(=O)c2c1,Non-blocker,Blocker,LQIFQLWSECZXKO-UHFFFAOYSA-N,LQIFQLWSECZXKO,data_herg_dev,CHEMBL3288273,,0.484375
O=C(C1CCC1)N1CCN(c2ccnc3cc(Cl)ccc23)CC1,Non-blocker,Non-blocker,LQMPHJLROVSMNQ-UHFFFAOYSA-N,LQMPHJLROVSMNQ,PubChem,2823686,,0.630434811115265
COc1nnc(-c2ccc(N3CCCCC3)c(NC(C)=O)c2)c2ccccc12,Non-blocker,Non-blocker,LQULJHQENOUPKY-UHFFFAOYSA-N,LQULJHQENOUPKY,PubChem,3155247,,0.430379748344421
O=C(CN1C(=O)[C@]2(CCOC[C@H]2F)OC1c1cccc(Cl)c1)Nc1cc2c(cn1)C[C@]1(C2)C(=O)Nc2ncccc21,Non-blocker,Non-blocker,LREUBQQMJXJGNU-ZGFZYKMBSA-N,LREUBQQMJXJGNU,eval_set_herg_60.csv,,,0.450980395078659
CCCCC(=O)N1CCN(c2nc3ccc(Cl)cc3s2)CC1,Non-blocker,Non-blocker,LRLURLCMZHCHSB-UHFFFAOYSA-N,LRLURLCMZHCHSB,PubChem,7539085,,0.507936537265778
COc1cc(CNCc2ccccn2)ccc1OCc1ccc(Cl)cc1,Non-blocker,Non-blocker,LRSFFDRYGFKPIL-UHFFFAOYSA-N,LRSFFDRYGFKPIL,PubChem,2968829,,0.491803288459778
FC(F)Oc1cc(-c2cnn(Cc3ccn(C4CCCC4)n3)c2)ccc1Cl,Blocker,Blocker,LRTTWINCSMBJMM-UHFFFAOYSA-N,LRTTWINCSMBJMM,eval_set_herg_70.csv,,,0.699999988079071
COc1cc2c(cc1OC)C(/C(C#N)=N\O)=NC(C)(C)C2,Non-blocker,Non-blocker,LSNJMZMIBWMKJT-WQRHYEAKSA-N,LSNJMZMIBWMKJT,PubChem,135544653,,0.452830195426941
CCN(CC)C(=O)[C@@H](C)OC(=O)c1ccc(O)cc1,Non-blocker,Non-blocker,LSPIQGHSKHAHRT-SNVBAGLBSA-N,LSPIQGHSKHAHRT,PubChem,2900944,,0.428571432828903
O=C(c1ccc(F)cc1)c1ccc(F)cc1,Non-blocker,Non-blocker,LSQARZALBDFYQZ-UHFFFAOYSA-N,LSQARZALBDFYQZ,eval_set_herg_60.csv,,,0.458333343267441
CCCCn1c(CCNC(=O)CCC)nc2ccccc21,Non-blocker,Non-blocker,LSSSVQVFNFTZKD-UHFFFAOYSA-N,LSSSVQVFNFTZKD,PubChem,5086459,,0.566037714481354
c1ccc([C@]2(CCNCc3scc4c3CCC4)CCO[C@]3(CCOC3)C2)nc1,Non-blocker,Non-blocker,LTBSXKNJCNNQFE-DHIUTWEWSA-N,LTBSXKNJCNNQFE,eval_set_herg_60.csv,,,0.581081092357636
Cc1ccccc1-c1c(N)c(C(=O)c2ccc(F)cc2F)cc[n+]1[O-],Non-blocker,Blocker,LTGBWAXSDFOJNJ-UHFFFAOYSA-N,LTGBWAXSDFOJNJ,data_herg_dev,CHEMBL551717,,0.293103456497192
O=C(NN=C1CCCCCC1)c1ccc(Br)o1,Non-blocker,Non-blocker,LTGPLPDAYODTGM-UHFFFAOYSA-N,LTGPLPDAYODTGM,PubChem,3283870,,0.512195110321045
CCc1ccc(CN(C)C(=O)CCc2nc3ccccc3n(-c3ccc(OC)cc3)c2=O)cc1,Non-blocker,Non-blocker,LTOPUBIXIPBCDP-UHFFFAOYSA-N,LTOPUBIXIPBCDP,PubChem,2476519,,0.415384620428085
CN1CCN([C@@H]2c3ccccc3Nc3ccc(Cl)cc3N2O)CC1,Blocker,Non-blocker,LTRSQBSUNYICJX-SFHVURJKSA-N,LTRSQBSUNYICJX,eval_set_herg_60.csv,,,0.448275864124298
C[C@]12C(=O)OC(=O)[C@H]1[C@H]1C=C[C@@H]2C1,Non-blocker,Non-blocker,LTVUCOSIZFEASK-MPXCPUAZSA-N,LTVUCOSIZFEASK,PubChem,6602188,,0.219512194395065
CCCCn1c(N)c(N(CCOC)C(=O)COC(=O)COc2c(C)cccc2C)c(O)nc1=O,Non-blocker,Non-blocker,LUSHITYAKBRSIF-UHFFFAOYSA-N,LUSHITYAKBRSIF,PubChem,24687088,,0.488095223903656
CNC(C)(C)C(=O)N1CCN(C(=O)c2cc(Cc3c[nH]c(=O)c4cc(Cl)c(Cl)n34)ccc2F)CC1,Blocker,Non-blocker,LVAOEBJMYZUGDP-UHFFFAOYSA-N,LVAOEBJMYZUGDP,data_herg_dev,CHEMBL590791,,0.680555582046509
Cn1c(NC(=O)c2ccccc2)c(-c2ccccn2)c(=O)c2ccccc21,Non-blocker,Non-blocker,LVDSSVVYHUYOJL-UHFFFAOYSA-N,LVDSSVVYHUYOJL,PubChem,1960193,,0.533333361148834
Cc1cc(C)n(C[C@@H](C)NCc2cn[nH]c2-c2ccc(C)c(C)c2)n1,Non-blocker,Non-blocker,LVIXRLUCTYKDHK-MRXNPFEDSA-N,LVIXRLUCTYKDHK,PubChem,16190441,,0.306666672229767
Cc1ccc2c(=O)oc(N(C)C)nc2c1,Non-blocker,Non-blocker,LWFMPOUIUJQIFN-UHFFFAOYSA-N,LWFMPOUIUJQIFN,PubChem,1488244,,0.352941185235977
NC1=NC(=O)C[C@H](C(=O)NCc2ccccc2)S1,Non-blocker,Non-blocker,LWKJZLHQETUZTO-SECBINFHSA-N,LWKJZLHQETUZTO,PubChem,2892879,,0.381818175315857
C=C1/C(=C\C=C2/CCC[C@@]3(C)[C@H]2CC[C@@H]3[C@H](C)/C=C/[C@@H](O)C2CC2)C[C@@H](O)C[C@@H]1O,Non-blocker,Non-blocker,LWQQLNNNIPYSNX-UROSTWAQSA-N,LWQQLNNNIPYSNX,eval_set_herg_70.csv,,,0.200000002980232
Cc1ccc(S(=O)(=O)N2CCCCC2)cc1C(=O)NC1CC(C)(C)NC(C)(C)C1,Non-blocker,Non-blocker,LWULTINOGJGVII-UHFFFAOYSA-N,LWULTINOGJGVII,PubChem,24980747,,0.532258093357086
CCOC(=O)CN1C(=O)C(=O)c2cccc(C)c21,Non-blocker,Non-blocker,LWUXEIAMFDJIGP-UHFFFAOYSA-N,LWUXEIAMFDJIGP,PubChem,2141777,,0.520833313465118
C[N+]1CCc2cc3c(cc2C(=O)Cc2ccc4c(c2C1)OCO4)OCO3,Non-blocker,Non-blocker,LXKNIEWKZKBFNW-UHFFFAOYSA-N,LXKNIEWKZKBFNW,eval_set_herg_70.csv,,,0.327868849039078
O=C(Nc1ccccc1F)C1CCN(C(=O)NC2CCCCC2)CC1,Non-blocker,Non-blocker,LXPDIURSXORZOH-UHFFFAOYSA-N,LXPDIURSXORZOH,PubChem,24761899,,0.5686274766922
CCOC(=O)[C@H]1C(=O)C[C@@](C)(O)[C@H](C(=O)OCC)[C@H]1c1ccc(SC)cc1,Non-blocker,Non-blocker,LYAQGMNUNZHKRV-OGNFBWPZSA-N,LYAQGMNUNZHKRV,PubChem,2940153,,0.568965494632721
Oc1ccc(/C=C/c2ccc3cccc(O)c3n2)cc1Br,Blocker,Non-blocker,LYRHKHXPDLTBIP-QPJJXVBHSA-N,LYRHKHXPDLTBIP,PubChem,135461288,,0.560000002384186
O=C(CCCCCCC(=O)Nc1ccc2ccnc(Nc3cccc(Cl)c3F)c2c1)NO,Non-blocker,Non-blocker,LYWPEQFLYUJPIU-UHFFFAOYSA-N,LYWPEQFLYUJPIU,data_herg_dev,CHEMBL3601332,,0.6875
Cc1cccc(NC(=O)CSc2n[nH]c(-c3cccnc3)n2)c1,Non-blocker,Non-blocker,LYXBKBAYUQZIMH-UHFFFAOYSA-N,LYXBKBAYUQZIMH,PubChem,856100,,0.571428596973419
COc1ccccc1NC(=O)N1CCC[C@@H]1C(=O)NCCc1ccccc1,Non-blocker,Non-blocker,LZDJAACQMRTZMI-GOSISDBHSA-N,LZDJAACQMRTZMI,PubChem,3219723,,0.612903237342835
O=Cc1cn(-c2ccccc2)nc1-c1ccccc1,Non-blocker,Non-blocker,LZGBMIZREYTWRI-UHFFFAOYSA-N,LZGBMIZREYTWRI,PubChem,555820,,0.461538463830948
O=c1c2cccnc2nc(S)n1CCC1=CCCCC1,Non-blocker,Blocker,LZSKRVYVQQWHRL-UHFFFAOYSA-N,LZSKRVYVQQWHRL,PubChem,3241468,,0.557692289352417
Cc1cc(Cn2cc(-c3ccc(F)c(C(F)F)c3)cn2)[nH]n1,Blocker,Blocker,MACPRACNPYALGP-UHFFFAOYSA-N,MACPRACNPYALGP,eval_set_herg_70.csv,,,0.698113203048706
C[C@@H]1CN(S(=O)(=O)c2cccc(C(=O)Nc3ccc(N4CCCCC4)cc3)c2)C[C@@H](C)O1,Non-blocker,Non-blocker,MAHJMJGRLHBKEO-RTBURBONSA-N,MAHJMJGRLHBKEO,PubChem,16314882,,0.6307692527771
CC(C)(C)CCN1CCC(CNC(=O)C2(c3ccc(F)cc3)CCCCC2)CC1,Blocker,Blocker,MAMUSVZGQPEVAS-UHFFFAOYSA-N,MAMUSVZGQPEVAS,CUPID,25130210,18817368,0.524590134620667
CS(=O)(=O)C1CCN(Cc2ccnc(Nc3ncc(C#N)s3)c2)CC1,Blocker,Blocker,MAUCYALFIUOTRM-UHFFFAOYSA-N,MAUCYALFIUOTRM,eval_set_herg_70.csv,,,0.6875
[O-][n+]1c2c(c3c4non(O)c4ccc31)CCCC2,Non-blocker,Non-blocker,MCKKUNFESISYPW-UHFFFAOYSA-N,MCKKUNFESISYPW,PubChem,54689224,,0.246153846383095
CCOCN(c1ccc(Cl)c(Cl)c1)C1CCNCC1,Blocker,Blocker,MCYBRBNWERXVCC-UHFFFAOYSA-N,MCYBRBNWERXVCC,eval_set_herg_70.csv,,,0.653061211109161
COC(=O)c1sccc1-c1ccc(/C=N/OCc2c(Cl)cccc2Cl)o1,Non-blocker,Non-blocker,MDENLERQLJBEOG-ZVBGSRNCSA-N,MDENLERQLJBEOG,PubChem,9581611,,0.403225809335709
OC1(c2ccc(Cl)c(C(F)(F)F)c2)CCN(CCCC(c2ccc(F)cc2)c2ccc(F)cc2)CC1,Blocker,Blocker,MDLAAYDRRZXJIF-UHFFFAOYSA-N,MDLAAYDRRZXJIF,PubChem,33630,,0.455882340669632
CCCCc1nc(Cl)c(CO)n1Cc1ccc(-c2ccccc2-c2nn[n-]n2)cc1,Blocker,Blocker,MDMTUGIZSFHDIC-UHFFFAOYSA-N,MDMTUGIZSFHDIC,eval_set_herg_70.csv,,,0.359550565481186
CC[C@@H](C)c1ccc(NC(=O)CC(C)=O)cc1,Non-blocker,Non-blocker,MENBMIDWRMRXHX-SNVBAGLBSA-N,MENBMIDWRMRXHX,PubChem,2936669,,0.4375
CCOC(=O)C1=C[C@]2(CC)CCC[N+]3CCc4c(n1c1ccccc41)[C@@H]32,Non-blocker,Blocker,MEXIBBKUPJTJRY-IRLDBZIGSA-N,MEXIBBKUPJTJRY,eval_set_herg_70.csv,,,0.656716406345367
CCN(CC)CCOC(=O)c1ccc(N)cc1,Non-blocker,Non-blocker,MFDFERRIHVXMIY-UHFFFAOYSA-N,MFDFERRIHVXMIY,eval_set_herg_70.csv,,,0.600000023841858
COC(=O)c1sccc1NC(=O)C[C@@H]1C(=O)NCCN1C(=O)Nc1ccc(C(F)(F)F)cc1,Non-blocker,Non-blocker,MGDAGQXPTPFMJQ-CQSZACIVSA-N,MGDAGQXPTPFMJQ,PubChem,2813545,,0.621621608734131
O=C(CCNS(=O)(=O)c1ccccc1C(F)(F)F)NNC(=O)[C@H]1COc2ccccc2O1,Non-blocker,Non-blocker,MGEZFFOZWHMDRL-OAHLLOKOSA-N,MGEZFFOZWHMDRL,PubChem,24980027,,0.477611929178238
FS(F)(F)(F)(F)c1cccc(-c2cnn(Cc3cc[nH]n3)c2)c1,Non-blocker,Blocker,MGNZNJFHDRDPLZ-UHFFFAOYSA-N,MGNZNJFHDRDPLZ,eval_set_herg_70.csv,,,0.653846144676209
CC(C)OC(=O)CSc1nnc2c(n1)[nH]c1ccc(F)cc12,Non-blocker,Non-blocker,MGTBDLFYXNTYGI-UHFFFAOYSA-N,MGTBDLFYXNTYGI,PubChem,5770401,,0.439393937587738
C[C@H]1COc2c(N3CCN(C)CC3)c(F)c(N)c3c(=O)c(C(=O)O)cn1c23,Non-blocker,Non-blocker,MHFCVNDHFSOKMK-VIFPVBQESA-N,MHFCVNDHFSOKMK,eval_set_herg_70.csv,,,0.550724625587463
O=C(CSc1ncnc2sc(-c3ccccc3)cc12)N[C@@H]1CCS(=O)(=O)C1,Non-blocker,Non-blocker,MHGBQHVOWZEXKW-CYBMUJFWSA-N,MHGBQHVOWZEXKW,PubChem,4876398,,0.676470577716827
COc1ccccc1OCC(O)C[N+]1CC[N+](CC(=O)Nc2c(C)cccc2C)CC1,Blocker,Non-blocker,MHIRFBQJARARKL-UHFFFAOYSA-N,MHIRFBQJARARKL,eval_set_herg_70.csv,,,0.606557369232178
CC/C(=C(\c1ccc(O)cc1)c1ccc(OCCNC)cc1)c1ccccc1,Blocker,Blocker,MHJBZVSGOZTKRH-IZHYLOQSSA-N,MHJBZVSGOZTKRH,eval_set_herg_70.csv,,,0.695652186870575
O=C1OC2(c3ccc(O)cc3Oc3cc(O)ccc32)c2ccc(N=C=S)cc21,Blocker,Non-blocker,MHMNJMPURVTYEJ-UHFFFAOYSA-N,MHMNJMPURVTYEJ,eval_set_herg_70.csv,,,0.644444465637207
CNC[C@H](c1ccc(Cl)c(Cl)c1)[C@@H](O)c1ccccc1[N+](=O)[O-],Non-blocker,Non-blocker,MHQWTMHITCVCBY-WBMJQRKESA-N,MHQWTMHITCVCBY,eval_set_herg_70.csv,,,0.693877577781677
Cc1c(N)cccc1C[C@@H](C)NC(=O)C(F)(F)F,Non-blocker,Non-blocker,MHTDCZHUHNZKNA-SSDOTTSWSA-N,MHTDCZHUHNZKNA,eval_set_herg_60.csv,,,0.303571432828903
N#CCSC1=Nc2ccccc2C2=N[C@H](CCC(=O)N3CCN(c4ccccc4)CC3)C(=O)N12,Non-blocker,Non-blocker,MHVVVUUHOWVVLK-OAQYLSRUSA-N,MHVVVUUHOWVVLK,PubChem,3241993,,0.546511650085449
COCCNC(=O)[C@H]1CC(c2ccccc2[N+](=O)[O-])=NO1,Non-blocker,Non-blocker,MHYVINCRJYRSSH-GFCCVEGCSA-N,MHYVINCRJYRSSH,PubChem,11958815,,0.61904764175415
Oc1ccc([C@H](O)CN2CCC(O)(c3ccc(F)cc3)CC2)cc1,Blocker,Blocker,MISLLVIAQVULCL-GOSISDBHSA-N,MISLLVIAQVULCL,eval_set_herg_60.csv,,,0.467741936445236
O=C(c1ccco1)N1CCN(S(=O)(=O)c2ccc(C3CCCCC3)cc2)CC1,Non-blocker,Blocker,MIVLAVCVJVWBJV-UHFFFAOYSA-N,MIVLAVCVJVWBJV,PubChem,3240519,,0.532258093357086
CCN=S1(=O)NC(=O)c2ccccc21,Non-blocker,Non-blocker,MIZDKDPHENPBJR-UHFFFAOYSA-N,MIZDKDPHENPBJR,data_herg_dev,CHEMBL4065115,,0.390243887901306
Cc1cccc(OCC(=O)NCCN2CCOCC2)c1,Non-blocker,Non-blocker,MJABNDVQJWEDOB-UHFFFAOYSA-N,MJABNDVQJWEDOB,PubChem,891626,,0.545454561710358
CCCCCc1cc(=O)oc2c([C@H](CCN3CCC[C@@H](C)C3)c3ccc(OC)cc3)c(OC)cc(OC)c12,Non-blocker,Non-blocker,MJJIHQACZGUMQB-ATIYNZHBSA-N,MJJIHQACZGUMQB,PubChem,16746298,,0.481481492519379
Cc1cc(=O)c2c(O)c3c(O)cc(=O)c4c3c3c(cc(O)c1c23)C(C)(C)C=4O,Non-blocker,Blocker,MJKDGCARCYPVQG-UHFFFAOYSA-N,MJKDGCARCYPVQG,data_herg_dev,,135430323,0.28571429848671
CCS(=O)(=O)N1CC(CC#N)(n2cc(-c3ncnc4[nH]ccc34)cc2C#N)C1,Non-blocker,Non-blocker,MJNRVLDPXSZXRB-UHFFFAOYSA-N,MJNRVLDPXSZXRB,eval_set_herg_60.csv,,,0.561643838882446
CCC(=O)Nc1ccc(S(=O)(=O)Nc2c(C)nc3ncnn3c2O)cc1,Non-blocker,Non-blocker,MJPHEXHSRCHYBA-UHFFFAOYSA-N,MJPHEXHSRCHYBA,PubChem,22432661,,0.679245293140411
CNC(=O)c1c(NC(=O)CCS(=O)(=O)c2ccccc2)sc2c1CCN(C(=O)OC)C2,Non-blocker,Non-blocker,MJWBSCASIIDWIN-UHFFFAOYSA-N,MJWBSCASIIDWIN,PubChem,18580102,,0.533333361148834
CN1CCN(Cc2cccc3c2c(Cl)cn3S(=O)(=O)c2cccc(Cl)c2)CC1,Blocker,Blocker,MJYQMQCVUXOIFY-UHFFFAOYSA-N,MJYQMQCVUXOIFY,data_herg_dev,CHEMBL2207376,,0.631578922271729
CC[C@H](C)[C@H](NC(=O)c1ccccc1)C(=O)Nc1ccc(S(=O)(=O)Nc2cc(C)nc(C)n2)cc1,Non-blocker,Non-blocker,MKBWSKAVMHFVBD-HJPURHCSSA-N,MKBWSKAVMHFVBD,PubChem,2449902,,0.5625
C/C=C1\CN2CCC1C[C@H]2[C@H](O)c1ccnc2ccc(OCCO)cc12,Blocker,Non-blocker,MKHIZHXCNKIHEJ-IUOCJHTLSA-N,MKHIZHXCNKIHEJ,eval_set_herg_70.csv,,,0.642857134342194
CCCCOc1c(Cl)cc(CNC(C)(C)CO)cc1OCC,Non-blocker,Non-blocker,MKNGOCGJZZHOPN-UHFFFAOYSA-N,MKNGOCGJZZHOPN,PubChem,2217251,,0.389830499887466
Cc1sc2ncnc(N/N=C/c3ccc(O)cc3)c2c1C,Non-blocker,Non-blocker,MLFZDXGVWPRDOG-CNHKJKLMSA-N,MLFZDXGVWPRDOG,PubChem,135521501,,0.340000003576279
CN(CC(=O)Nc1ccc(F)c(F)c1F)C(=O)CN1C(=O)NC2(CCCC2)C1=O,Non-blocker,Non-blocker,MLGWNRBFQDAUPT-UHFFFAOYSA-N,MLGWNRBFQDAUPT,PubChem,24686784,,0.677419364452362
O=C(OC1CC2CC3CC(C1)[NH+]2CC3O)c1c[nH]c2ccccc12,Non-blocker,Non-blocker,MLWGAEVSWJXOQJ-UHFFFAOYSA-O,MLWGAEVSWJXOQJ,eval_set_herg_70.csv,,,0.555555582046509
CC[C@H]1C[C@H]2CN3CCc4c([nH]c5ccc(OC)cc45)C(C(=O)OC)(C2)[C@H]13,Non-blocker,Blocker,MMAYTCMMKJYIAM-HRAXFBLQSA-N,MMAYTCMMKJYIAM,eval_set_herg_70.csv,,,0.549295783042908
CC(CC(c1ccccc1)c1ccccc1)[N+]C(C)(C)C,Blocker,Blocker,MMMVCRCPRDJPIZ-UHFFFAOYSA-N,MMMVCRCPRDJPIZ,eval_set_herg_60.csv,,,0.515151500701904
CN1CCOCC1c1nc(C(=O)NCc2ccc(F)cc2)c(O)c(=O)n1C,Non-blocker,Non-blocker,MMPZNODECHHWIW-UHFFFAOYSA-N,MMPZNODECHHWIW,eval_set_herg_60.csv,,,0.513513505458832
C[C@@H]1CCCC1CCc1cc2cc(-c3ccc(C#N)cc3)ccc2o1,Blocker,Blocker,MNSKOLHUMODDGL-PYUWXLGESA-N,MNSKOLHUMODDGL,eval_set_herg_70.csv,,,0.620689630508423
Cc1cccc(C)c1NC(=O)CC12CCC[N+]1CCC2,Non-blocker,Non-blocker,MNVNPNBWOHKKPU-UHFFFAOYSA-N,MNVNPNBWOHKKPU,eval_set_herg_60.csv,,,0.56521737575531
CC(O)(c1ccccc1)C1C=CC(C(c2cc[n+](O)cc2)c2ccc(OC(F)F)c(OC(F)F)c2)=CN1,Non-blocker,Blocker,MNZDOBBBEUPYAL-UHFFFAOYSA-N,MNZDOBBBEUPYAL,eval_set_herg_70.csv,,,0.691176474094391
CNCC(CCc1ccccc1)[C@H](O)c1ccccc1,Blocker,Non-blocker,MOEHGFZIHNMYIW-QRWMCTBCSA-N,MOEHGFZIHNMYIW,eval_set_herg_60.csv,,,0.466666668653488
COCCN(CCOC)C(=O)CSc1ccc(S(=O)(=O)N2CCN(C)CC2)cn1,Non-blocker,Non-blocker,MOEQOSIOGYWFEG-UHFFFAOYSA-N,MOEQOSIOGYWFEG,PubChem,16312301,,0.397058814764023
CC1(C)[C@@H](O)CC[C@@]2(C)[C@H]1CC[C@]1(C)[C@@H]2C(=O)C=C2[C@@H]3C[C@@](C)(C(=O)O)CC[C@]3(C)CC[C@]21C,Non-blocker,Non-blocker,MPDGHEJMBKOTSU-YKLVYJNSSA-N,MPDGHEJMBKOTSU,eval_set_herg_60.csv,,,0.237499997019768
O=C(C[C@@H]1C(=O)NCCN1Cc1ccoc1)NCc1cccc(OC(F)(F)F)c1,Non-blocker,Non-blocker,MPPBMGVBKVMUMD-MRXNPFEDSA-N,MPPBMGVBKVMUMD,PubChem,16190822,,0.452380955219269
O=C(CSc1n[nH]c(C2CCCC2)n1)NC1CCCC1,Non-blocker,Non-blocker,MPSMKGMKXNBOLW-UHFFFAOYSA-N,MPSMKGMKXNBOLW,PubChem,649215,,0.57407408952713
C=CCn1c(Br)nc2c1c(=O)[nH]c(=O)n2C,Non-blocker,Blocker,MPVNGWYRZVGKAT-UHFFFAOYSA-N,MPVNGWYRZVGKAT,PubChem,649644,,0.595744669437408
COCCN(C(=O)c1cc(OC)c(OC)c(OC)c1)c1c(N)n(Cc2ccccc2)c(=O)[nH]c1=O,Non-blocker,Non-blocker,MQDYQUYDOHALLU-UHFFFAOYSA-N,MQDYQUYDOHALLU,PubChem,2441247,,0.6307692527771
O=C(NCc1c(Cl)cccc1Cl)c1ccc2nnsc2c1,Non-blocker,Non-blocker,MQEDQJKDQMVZCH-UHFFFAOYSA-N,MQEDQJKDQMVZCH,PubChem,2726716,,0.448275864124298
CCC(C)(C)c1ccc(C[C@@H](C)CN2C[C@@H](C)O[C@@H](C)C2)cc1,Non-blocker,Blocker,MQHLMHIZUIDKOO-KURKYZTESA-N,MQHLMHIZUIDKOO,PubChem,54260,,0.367346942424774
CNCC(Cc1ccccc1OC)c1ccc2ccccc2c1,Blocker,Blocker,MRAZBVXMLFFLEZ-UHFFFAOYSA-N,MRAZBVXMLFFLEZ,eval_set_herg_70.csv,,,0.69767439365387
CCOC(=O)[C@@H](C)N1C(=O)S/C(=C\c2ccc(-c3ccccc3C(=O)O)o2)C1=O,Blocker,Non-blocker,MRLTXEYLPCUWFS-FFCYNSPCSA-N,MRLTXEYLPCUWFS,PubChem,6517290,,0.513157904148102
CNC[C@H](c1ccc2ccccc2c1)[C@H](O)c1ccc(Cl)s1,Blocker,Blocker,MRMFTZLAVBPMMZ-QAPCUYQASA-N,MRMFTZLAVBPMMZ,eval_set_herg_70.csv,,,0.666666686534882
COc1ccc(N2CCN(CCNC(=O)CCNS(=O)(=O)c3cccs3)CC2)cc1,Non-blocker,Non-blocker,MSDBTLFTGOWPSR-UHFFFAOYSA-N,MSDBTLFTGOWPSR,PubChem,3242229,,0.637681186199188
CCOC(=O)c1cnc2c(C)cc(C)cc2c1Nc1ccc(OC)c(OC)c1,Non-blocker,Non-blocker,MSGARPVVCYTSLR-UHFFFAOYSA-N,MSGARPVVCYTSLR,data_herg_dev,CHEMBL604323,,0.539682567119598
COc1cc(F)ccc1-c1cnn(Cc2ccn(C)n2)c1,Blocker,Blocker,MSGIBHWJHGBUEJ-UHFFFAOYSA-N,MSGIBHWJHGBUEJ,eval_set_herg_70.csv,,,0.639999985694885
C=CCOC(=O)[C@@H](C#N)c1nc2ccccc2nc1N1CCN(Cc2ccc3c(c2)OCO3)CC1,Non-blocker,Non-blocker,MSKCOSNECMKNJB-IBGZPJMESA-N,MSKCOSNECMKNJB,PubChem,660507,,0.479452043771744
CC(C)(C)CCc1ccc2c(c1)[C@]1(COC(N)=N1)c1cc(-c3cncnc3)ccc1O2,Blocker,Blocker,MSMLICOHMGLKMX-RUZDIDTESA-N,MSMLICOHMGLKMX,PubChem,45256296,25389560,0.693548381328583
[H]/N=c1/cc2n(-c3cccc4ccccc34)c3cc(N)c4ccccc4c3nc-2c2ccccc12,Blocker,Blocker,MSRNUZLAOUFGEV-QLTSDVKISA-N,MSRNUZLAOUFGEV,PubChem,11980115,,0.263157904148102
C[C@@H]1CCc2sc(-c3nnc(S)o3)cc2C1,Blocker,Blocker,MTQXIHOGDKIHRU-ZCFIWIBFSA-N,MTQXIHOGDKIHRU,PubChem,3838952,,0.470588237047195
O=[N+]([O-])c1ccc(Cl)cc1N1CCCCC1,Non-blocker,Non-blocker,MTVDYRBCOYNKQA-UHFFFAOYSA-N,MTVDYRBCOYNKQA,PubChem,3096079,,0.564102590084076
O=c1onc2n1-c1cc(Br)ccc1OC2,Non-blocker,Blocker,MUDRLQRJCGJJTB-UHFFFAOYSA-N,MUDRLQRJCGJJTB,data_herg_dev,CHEMBL507122,,0.338028162717819
CN(C(=O)Cn1cccc1C1=N[C@H](c2ccccc2)CO1)c1ccccc1,Blocker,Non-blocker,MUFANOZNTRPWEK-IBGZPJMESA-N,MUFANOZNTRPWEK,PubChem,6619248,,0.370967745780945
C[C@]1(c2nnc(-c3ccncc3)o2)CC(c2cccc(Cl)c2)=NO1,Non-blocker,Non-blocker,MVEVHNUWMZOBRK-QGZVFWFLSA-N,MVEVHNUWMZOBRK,PubChem,23640819,,0.660377383232117
Cc1ccc(S(=O)(=O)N(CC(=O)NC[C@H]2CCCO2)Cc2cccc(C)c2)cc1,Non-blocker,Non-blocker,MVHBPIRVKAPOLK-HXUWFJFHSA-N,MVHBPIRVKAPOLK,PubChem,2939358,,0.563380300998688
O=C(NCc1ccccc1)Nc1cccn(Cc2ccccc2)c1=O,Non-blocker,Non-blocker,MVHHAVPGNLBAEC-UHFFFAOYSA-N,MVHHAVPGNLBAEC,PubChem,1450037,,0.518518507480621
Cn1nc(C(F)(F)F)c(C(=O)Nc2cccc(C(F)(F)F)c2)c1SCc1ccc(Cl)cc1,Non-blocker,Non-blocker,MVILFOOETZKOPT-UHFFFAOYSA-N,MVILFOOETZKOPT,PubChem,5108553,,0.453125
COc1ccc(C)cc1N(CC(=O)N[C@H](C)c1ccccc1)S(C)(=O)=O,Non-blocker,Non-blocker,MVNVJZGJKWNIJR-OAHLLOKOSA-N,MVNVJZGJKWNIJR,PubChem,3138949,,0.620689630508423
CCN1C(=O)/C(=C2\SC(C)=C(C)N2CC)SC1=S,Non-blocker,Non-blocker,MVYAHKHKRGDCQD-PKNBQFBNSA-N,MVYAHKHKRGDCQD,PubChem,1896271,,0.651162803173065
CC(C)N(C(=O)SCC(Cl)=C(Cl)Cl)C(C)C,Non-blocker,Non-blocker,MWBPRDONLNQCFV-UHFFFAOYSA-N,MWBPRDONLNQCFV,eval_set_herg_70.csv,,,0.295454531908035
O=C1[C@@H]2[C@@H](N=NN2CC(=O)N2N=C(c3ccccc3)C[C@@H]2c2ccc([N+](=O)[O-])cc2)C(=O)N1c1ccccc1,Non-blocker,Non-blocker,MWFFXGVMTFYORY-GPXOXTDOSA-N,MWFFXGVMTFYORY,PubChem,4137044,,0.373333334922791
O=C1CN=C(c2ccccc2)c2cc(Cl)ccc2N1CC1CC1,Blocker,Non-blocker,MWQCHHACWWAQLJ-UHFFFAOYSA-N,MWQCHHACWWAQLJ,eval_set_herg_70.csv,,,0.492063492536545
CSc1ccccc1NC(=O)Nc1cccc(Cl)c1C,Non-blocker,Non-blocker,MXFZVMXWLDCGHD-UHFFFAOYSA-N,MXFZVMXWLDCGHD,PubChem,1298428,,0.51111114025116
C/C(=C\c1cccnc1)c1nc2cc(C)c(C)cc2n1Cc1ccc(Cl)cc1,Blocker,Blocker,MXQTZBCTXYVYLZ-WOJGMQOQSA-N,MXQTZBCTXYVYLZ,eval_set_herg_60.csv,,,0.533333361148834
Fc1ccc(CCN2CCC3(CCc4ccccc4C3)CC2)c(F)c1,Blocker,Blocker,MXXYXEAKIQRROV-UHFFFAOYSA-N,MXXYXEAKIQRROV,PubChem,10925892,11784153,0.653846144676209
CCCc1cc(=O)[nH]c(SCC(=O)NC2CC2)n1,Non-blocker,Non-blocker,MXZIONKNXHMVTI-UHFFFAOYSA-N,MXZIONKNXHMVTI,PubChem,135470074,,0.586206912994385
CCc1cc2cc(OC)c(OC)cc2c(Cc2ccccc2)n1,Non-blocker,Non-blocker,MYCMTMIGRXJNSO-UHFFFAOYSA-N,MYCMTMIGRXJNSO,data_herg_dev,,70882,0.458333343267441
O=C(O)c1cn(C2CC2)c2cc(N3CCNCC3)c(F)cc2c1=O,Non-blocker,Non-blocker,MYSWGUAQZAJSOK-UHFFFAOYSA-N,MYSWGUAQZAJSOK,data_herg_dev,CHEMBL8,,0.649122834205627
Cn1ccc(Cn2cc(-c3ccccn3)cn2)n1,Blocker,Blocker,MYVGSZBCKCBYMQ-UHFFFAOYSA-N,MYVGSZBCKCBYMQ,eval_set_herg_70.csv,,,0.69767439365387
O=C(Nc1ccc(OC(F)(F)F)cc1)c1cccc(CN2CCOCC2)c1,Non-blocker,Blocker,MYWULUKAXYAFSH-UHFFFAOYSA-N,MYWULUKAXYAFSH,PubChem,134814272,30137981,0.508196711540222
COC(=O)c1ccc2nc(NC(=O)C(C)(C)C)sc2c1,Blocker,Non-blocker,MZEDGLINFNOBRO-UHFFFAOYSA-N,MZEDGLINFNOBRO,PubChem,4461872,,0.473684221506119
CCOC(=O)CNC(=S)N(CCCN1CCN(C)CC1)Cc1cccs1,Non-blocker,Non-blocker,MZKDNIKCRNTJBU-UHFFFAOYSA-N,MZKDNIKCRNTJBU,PubChem,24761484,,0.400000005960465
Cc1ccc(C(C)C)c(OCCN(C)C)c1,Non-blocker,Blocker,MZPZTGNMUWMDBQ-UHFFFAOYSA-N,MZPZTGNMUWMDBQ,PubChem,2935497,,0.5
CCOc1ccc(C2N(C)c3ccccc3N2C)cc1,Non-blocker,Non-blocker,NAUNGXOLCAXCQZ-UHFFFAOYSA-N,NAUNGXOLCAXCQZ,data_herg_dev,CHEMBL579294,,0.439024388790131
CN1c2ccccc2[C@]2(OC[C@](C)([N+](=O)[O-])CO2)C1=O,Blocker,Blocker,NAWXMKLQYPGUBU-BETUJISGSA-N,NAWXMKLQYPGUBU,PubChem,4036780,,0.41071429848671
CCC=O,Non-blocker,Non-blocker,NBBJYMSMWIIQGU-UHFFFAOYSA-N,NBBJYMSMWIIQGU,PubChem,527,,0.363636374473572
Cc1nc2ccccc2n1Cc1cn(-c2ccc(Cl)c(Cl)c2)nn1,Blocker,Blocker,NBDNSJRTVZQEOU-UHFFFAOYSA-N,NBDNSJRTVZQEOU,eval_set_herg_60.csv,,,0.57407408952713
NS(=O)(=O)c1cccc(CN(c2cccc3[nH]ccc23)C2CCNCC2)c1,Blocker,Blocker,NBOMLQZMNMIYJK-UHFFFAOYSA-N,NBOMLQZMNMIYJK,eval_set_herg_70.csv,,,0.607142865657806
c1ccc(CN(c2cccc3[nH]ncc23)C2CCNCC2)cc1,Blocker,Blocker,NBUVTEUWOVUHAU-UHFFFAOYSA-N,NBUVTEUWOVUHAU,eval_set_herg_60.csv,,,0.615384638309479
COc1ccccc1C[C@@H](NC(C)=O)C(=O)NC1CCN(C(=O)Nc2ccccc2C)CC1,Non-blocker,Non-blocker,NCBQQMJHPMTGES-JOCHJYFZSA-N,NCBQQMJHPMTGES,PubChem,6487353,,0.541666686534882
CC(C)c1nc(CN(C)C(=O)N[C@H](C(=O)N[C@@H](Cc2ccccc2)C[C@H](O)[C@H](Cc2ccccc2)NC(=O)OCc2cncs2)C(C)C)cs1,Non-blocker,Blocker,NCDNCNXCDXHOMX-XGKFQTDJSA-N,NCDNCNXCDXHOMX,eval_set_herg_60.csv,,,0.265957444906235
O=C(Nc1cccc(Cl)c1)c1cc2c(=O)n3ccccc3nc2s1,Non-blocker,Non-blocker,NCEBMNCDBKYKDS-UHFFFAOYSA-N,NCEBMNCDBKYKDS,PubChem,1249448,,0.507692337036133
O=C(c1ccc2c(c1)N(Cc1ccccc1)CCS2)N1CCCCC1,Non-blocker,Non-blocker,NCFMUKJXYRXFJE-UHFFFAOYSA-N,NCFMUKJXYRXFJE,PubChem,6619932,,0.636363625526428
CCN1C[C@]2(CO)CCC(OC)[C@]34C5C[C@@H]6C(OC)C[C@@](O)(C5[C@H]6O)[C@](O)(C13)[C@H](OC)C24,Non-blocker,Non-blocker,NCFXPSTWPUGLEA-PCDDXAEGSA-N,NCFXPSTWPUGLEA,eval_set_herg_60.csv,,,0.472972959280014
COc1ccccc1N1CCN(C(=O)c2ccc(N3CCCCS3(=O)=O)cc2)CC1,Non-blocker,Non-blocker,NCKIPAVSALWGOV-UHFFFAOYSA-N,NCKIPAVSALWGOV,PubChem,20962750,,0.461538463830948
CCOc1ccc(CCNC(=O)c2cc(C)nc3ccccc23)cc1OCC,Non-blocker,Non-blocker,NDKVZJUWHOFXSX-UHFFFAOYSA-N,NDKVZJUWHOFXSX,PubChem,9474027,,0.54237288236618
COc1ccc(C(=O)N/N=C(C)\C=C(\O)c2ccccc2)cc1,Non-blocker,Blocker,NDSBHADIGKLRGP-RRHLHDAOSA-N,NDSBHADIGKLRGP,PubChem,6374294,,0.590909063816071
C[N+](C)CCOC(c1ccccc1)c1ccccc1,Blocker,Non-blocker,NDUDJADOYQLVBP-UHFFFAOYSA-N,NDUDJADOYQLVBP,eval_set_herg_60.csv,,,0.580645143985748
CCOC(=O)N1CC/C(=C\C#Cc2cccc(C)n2)C1,Non-blocker,Non-blocker,NDVDBJIRXMBDOD-VGOFMYFVSA-N,NDVDBJIRXMBDOD,data_herg_dev,CHEMBL4551786,,0.349999994039536
CNc1nc(Nc2ccc(-n3cnc(C)n3)c(OC)c2)nc2c1CCC2c1ccc(F)cc1,Blocker,Blocker,NDVMOVOEROCRIO-UHFFFAOYSA-N,NDVMOVOEROCRIO,CUPID,CUPID,,0.607594907283783
COCCNC(=O)c1ccc(OC2CCN(Cc3ccc(F)c(F)c3)CC2)c(Cl)c1,Blocker,Non-blocker,NDVQELHLBFVILT-UHFFFAOYSA-N,NDVQELHLBFVILT,data_herg_dev,CHEMBL533921,,0.521126747131348
COCC1(C(=O)NCCN2CCC(c3cccc(C(F)(F)F)n3)CC2)CC1,Non-blocker,Blocker,NEDKIEZVBKFWHQ-UHFFFAOYSA-N,NEDKIEZVBKFWHQ,eval_set_herg_70.csv,,,0.6721311211586
CC(C)Oc1cc([C@@H](C2=CCC(=O)N=C2)C2=CNC(C(C)(C)O)C=C2)ccc1OC(F)F,Non-blocker,Non-blocker,NEOCIRBUHOQWHN-LWMIZPGFSA-N,NEOCIRBUHOQWHN,eval_set_herg_70.csv,,,0.638888895511627
CCn1nc(C(=O)Nc2ccc(Cl)c(S(=O)(=O)N3CCOCC3)c2)c2ccccc2c1=O,Non-blocker,Non-blocker,NESFBVIIRZDCCD-UHFFFAOYSA-N,NESFBVIIRZDCCD,PubChem,16235321,,0.666666686534882
Cc1c(CNCCC2=CCCCC2)c(C(=O)O)c(C)n1Cc1ccccc1,Non-blocker,Blocker,NEXVWEFQLRSZFW-UHFFFAOYSA-N,NEXVWEFQLRSZFW,PubChem,16189366,,0.526315808296204
CN1CCN(Cc2ccc(-c3nc4ccncc4n3-c3ccc(Cl)cc3)cc2)CC1,Blocker,Blocker,NFEWVXJAYCJUDR-UHFFFAOYSA-N,NFEWVXJAYCJUDR,eval_set_herg_70.csv,,,0.639999985694885
Nc1cc(Cl)ccc1C(=O)OCC(=O)N1CCCC1,Non-blocker,Non-blocker,NFMFEUVPYVMOEC-UHFFFAOYSA-N,NFMFEUVPYVMOEC,PubChem,2371657,,0.54347825050354
CN(C)[P@](=O)(Nc1ccccc1)C(Cl)Cl,Non-blocker,Non-blocker,NFPGBUKGDCHVAO-OAHLLOKOSA-N,NFPGBUKGDCHVAO,PubChem,2326446,,0.333333343267441
CCCCCCOc1cccc(N)c1,Blocker,Non-blocker,NFUUFPNUOVKOIG-UHFFFAOYSA-N,NFUUFPNUOVKOIG,PubChem,652414,,0.449999988079071
N#Cc1c(N2CCCCC2)nc(N2CCCCC2)c2c1CCN(Cc1ccccc1)C2,Non-blocker,Non-blocker,NFWFNKQJHIUIBD-UHFFFAOYSA-N,NFWFNKQJHIUIBD,PubChem,657586,,0.491228073835373
CC[C@@H](C)NC(=O)CN(c1ccc(OC)cc1)S(=O)(=O)c1ccccc1,Non-blocker,Non-blocker,NHBFDPJATOJYID-OAHLLOKOSA-N,NHBFDPJATOJYID,PubChem,2889705,,0.530303001403809
CCOc1ccc(S(=O)(=O)NCCC(=O)OCC(=O)c2ccc(NC(C)=O)cc2)cc1,Non-blocker,Non-blocker,NHEVGVUNWUZALA-UHFFFAOYSA-N,NHEVGVUNWUZALA,PubChem,24687639,,0.5
CCOc1ccc(-n2c(=S)sc3c(=O)[nH]c(SCC(=O)NCc4ccco4)nc32)cc1,Non-blocker,Non-blocker,NHTKFQSVGUXBFO-UHFFFAOYSA-N,NHTKFQSVGUXBFO,PubChem,135443163,,0.411111116409302
CNc1ccc2c3c(cccc13)C(=O)N(C)C2=O,Non-blocker,Non-blocker,NIHBGKWUSHKFSP-UHFFFAOYSA-N,NIHBGKWUSHKFSP,PubChem,3109741,,0.423076927661896
COC(=O)[C@@H](NC(=O)NCc1cccs1)C(C)C,Non-blocker,Non-blocker,NIXRZICGPKSOFH-JTQLQIEISA-N,NIXRZICGPKSOFH,PubChem,663465,,0.509090900421143
O=C(c1ccc(Cl)cc1)C1CCN(CCc2cccc3ccccc23)CC1,Blocker,Blocker,NJLDOSAEUCCBKH-UHFFFAOYSA-N,NJLDOSAEUCCBKH,eval_set_herg_70.csv,,,0.673469364643097
Cc1cc(C)n(-c2cc(NC(=O)COc3ccccc3CCN3CCOCC3)nc(-c3ccc(C)o3)n2)n1,Blocker,Blocker,NJNUNXVUFLFRNF-UHFFFAOYSA-N,NJNUNXVUFLFRNF,PubChem,44448053,18329269,0.607594907283783
O=C(O)C1=C[C@H](c2ccc(F)cc2)C[C@H](OCCCCO)O1,Non-blocker,Non-blocker,NJPABYQXFFFBJI-SWLSCSKDSA-N,NJPABYQXFFFBJI,PubChem,16682600,,0.571428596973419
COc1ccc(OC)c(C(=O)c2ccc(C(=O)N3CCN(Cc4csc(C)n4)CC3)cc2)c1,Non-blocker,Non-blocker,NJTYAYAQWFZYLS-UHFFFAOYSA-N,NJTYAYAQWFZYLS,PubChem,2945389,,0.430379748344421
Cc1ccccc1NC(=O)[C@@H](C#N)Cc1cccnc1,Non-blocker,Non-blocker,NJTZMIHDOWMIPK-CQSZACIVSA-N,NJTZMIHDOWMIPK,PubChem,644795,,0.482142865657806
CN(C)C[C@H](c1ccc2ccccc2c1)[C@H](O)c1ccccc1,Non-blocker,Blocker,NJZNJPXRRCEVDH-NHCUHLMSSA-N,NJZNJPXRRCEVDH,eval_set_herg_70.csv,,,0.659090936183929
Cc1ccc(S(=O)(=O)N2CCCO[C@@H]2CNC(=O)C(=O)NCCc2ccco2)cc1,Non-blocker,Non-blocker,NKBDHTOKDJVRCR-GOSISDBHSA-N,NKBDHTOKDJVRCR,PubChem,18562434,,0.573529422283173
O=C(C1CCC1)N1CCc2cc(S(=O)(=O)NCc3cccnc3)ccc21,Non-blocker,Non-blocker,NKCMFDQBACROML-UHFFFAOYSA-N,NKCMFDQBACROML,PubChem,3240796,,0.561643838882446
CC1(C)CCC(NC(=O)c2cc3c(Cl)cc(Cl)cc3[nH]2)CC1,Non-blocker,Non-blocker,NKNGAORFGPSYJG-UHFFFAOYSA-N,NKNGAORFGPSYJG,eval_set_herg_60.csv,,,0.363636374473572
CCC[NH+]1C[C@H](CSC)C[C@@H]2c3cccc4c3C(C=N4)C[C@H]21,Blocker,Blocker,NKPQTGNIPWSNNX-RILYDNKNSA-O,NKPQTGNIPWSNNX,eval_set_herg_60.csv,,,0.324324309825897
CC(=O)N(c1ccccc1)c1nc(COC(=O)[C@H]2CC(=O)N(c3cccc4ccccc34)C2)cs1,Non-blocker,Non-blocker,NKTPEOGOPSVFNX-FQEVSTJZSA-N,NKTPEOGOPSVFNX,eval_set_herg_60.csv,,,0.352272719144821
C/C(=N\NC(=O)c1cccc(S(=O)(=O)N2CCOCC2)c1)c1cc(Cl)ccc1O,Non-blocker,Blocker,NKUDGJUBIVEDTF-FYJGNVAPSA-N,NKUDGJUBIVEDTF,data_herg_dev,,135743577,0.636363625526428
C[C@@H]1N=C(c2cccc(C#N)n2)N[C@@]1(c1ccc(F)cc1)c1ccc(F)nc1,Blocker,Blocker,NLCPRZAGRMCLTB-ZSEKCTLFSA-N,NLCPRZAGRMCLTB,PubChem,44139481,19459652,0.677966117858887
CC(C)(O)C(=O)c1oc2nc(-c3ccccc3Cl)c(-c3ccc(Cl)cc3)cc2c1NC(=O)CO,Blocker,Blocker,NLFVFVQFPLEKDA-UHFFFAOYSA-N,NLFVFVQFPLEKDA,CUPID,10028888,20096577,0.342105269432068
O=C(Nc1cccc2ccccc12)/C(=C/c1ccc([N+](=O)[O-])cc1)NC(=O)c1ccccc1,Non-blocker,Non-blocker,NLHHNUMTIRZZQZ-ULJHMMPZSA-N,NLHHNUMTIRZZQZ,PubChem,6504838,,0.660714268684387
CCCC1=C(C(=O)OCC)[C@@H](c2ccccc2OC)NC(=O)N1,Non-blocker,Non-blocker,NLJKGRUBOHZKHG-OAHLLOKOSA-N,NLJKGRUBOHZKHG,PubChem,2866963,,0.600000023841858
O/C(=C(\C(=S)Nc1ccc(SC(F)F)cc1)[n+]1ccccc1)c1cc(Cl)ccc1Cl,Non-blocker,Non-blocker,NLKBMPCLHRUFGE-UHFFFAOYSA-O,NLKBMPCLHRUFGE,PubChem,16195927,,0.426470577716827
Cc1[nH]ncc1-c1cnc(N)c(O[C@@H](C)c2cc(F)ccc2-n2cccn2)c1,Blocker,Blocker,NLKNKFKEIUZQIO-ZDUSSCGKSA-N,NLKNKFKEIUZQIO,PubChem,155294520,33356244,0.533333361148834
Cc1ccc2nnc(Cl)n2n1,Non-blocker,Non-blocker,NLSOOCAKGQUMNE-UHFFFAOYSA-N,NLSOOCAKGQUMNE,PubChem,657805,,0.642857134342194
CCCOc1ccc(C(=O)C2=C(O)C(=O)N(CCCn3ccnc3)[C@H]2c2ccco2)cc1,Non-blocker,Blocker,NLYHHMXJYZOMFU-NRFANRHFSA-N,NLYHHMXJYZOMFU,PubChem,9551652,,0.526315808296204
COc1ccc(/C=N/S(=O)(=O)c2ccc(C)cc2)cc1,Non-blocker,Non-blocker,NMFPHUIOZBSQGW-LFIBNONCSA-N,NMFPHUIOZBSQGW,PubChem,5706325,,0.479166656732559
O=C(Nc1ccc(F)cc1F)[C@H]1CCCN1S(=O)(=O)c1cccc2nsnc12,Non-blocker,Non-blocker,NMHOODMBOSDXKV-CQSZACIVSA-N,NMHOODMBOSDXKV,PubChem,16008246,,0.594202876091003
CC(C)OC(=O)C[C@]12CN(C)C[C@](CC(=O)OC(C)C)(CN(C)C1)C2=O,Non-blocker,Non-blocker,NMJLENPWQKRQHH-KDURUIRLSA-N,NMJLENPWQKRQHH,PubChem,1212787,,0.297872334718704
O=C(Nc1ccccc1)c1[nH]c2cc(F)ccc2c1C1C[N+]CC[C@@H]1F,Non-blocker,Blocker,NMKQJSXADACGDH-LYKKTTPLSA-N,NMKQJSXADACGDH,data_herg_dev,,,0.627118647098541
CCCCCCCN(CC)CCCC(O)c1ccc(Cl)cc1,Blocker,Blocker,NMSIFXMRSOFUEO-UHFFFAOYSA-N,NMSIFXMRSOFUEO,eval_set_herg_70.csv,,,0.630434811115265
O=C(NCCc1ccccc1)C(=Cc1ccc(C(=O)O)cc1)C(=O)NCCc1ccccc1,Non-blocker,Non-blocker,NMYNTJPCISCZLH-UHFFFAOYSA-N,NMYNTJPCISCZLH,PubChem,2399361,,0.482758611440659
Clc1ccc(CCCOCCCN2CCCCC2)cc1,Blocker,Blocker,NNACHAUCXXVJSP-UHFFFAOYSA-N,NNACHAUCXXVJSP,PubChem,9948102,28797771,0.524999976158142
COC(=O)Cc1c(C)nc2nc(NCc3ccc(Cl)cc3)nn2c1O,Blocker,Non-blocker,NNECMNOPGSGBCF-UHFFFAOYSA-N,NNECMNOPGSGBCF,PubChem,665869,,0.396825402975082
O=c1c2c3c(sc2nc2n1CCCCC2)CCCC3,Blocker,Non-blocker,NNKREBHGPQQYOG-UHFFFAOYSA-N,NNKREBHGPQQYOG,PubChem,623689,,0.425925940275192
N#Cc1cccnc1N1CCN([C@@H]2CN[C@H](C(=O)N3CCC(F)(F)C3)C2)CC1,Blocker,Blocker,NOMKZQKLENFAJZ-HOTGVXAUSA-N,NOMKZQKLENFAJZ,data_herg_dev,CHEMBL514011,,0.709677398204804
COc1nc(N(C)C)nc(-n2nnc(C(C)=O)c2C)n1,Non-blocker,Non-blocker,NOYKGIGZGBSKIQ-UHFFFAOYSA-N,NOYKGIGZGBSKIQ,PubChem,687952,,0.340000003576279
COc1cc(C=C2C(=O)c3ccccc3C2=O)ccc1O,Non-blocker,Non-blocker,NPHKQWBQYOBTKH-UHFFFAOYSA-N,NPHKQWBQYOBTKH,PubChem,698576,,0.56521737575531
O=S(=O)(CCN1CCC(Cc2ccccc2)CC1)c1ccc(O)cc1,Blocker,Blocker,NQDWSKCPAPDCEI-UHFFFAOYSA-N,NQDWSKCPAPDCEI,eval_set_herg_70.csv,,,0.699999988079071
O=C(Cc1ccc(Cl)cc1)OCc1nnc(-c2ccccc2)o1,Non-blocker,Non-blocker,NQLDMSKMCORQQS-UHFFFAOYSA-N,NQLDMSKMCORQQS,PubChem,2079860,,0.641509413719177
C[N+]1CC[N+]([C@@H]2c3ccccc3Nc3ccc(Cl)cc3N2O)CC1,Non-blocker,Non-blocker,NQZYDIWYPVKGER-SFHVURJKSA-N,NQZYDIWYPVKGER,eval_set_herg_60.csv,,,0.349206358194351
Cc1nn2cnc3sc4c(c3c2nc1=O)CCCC4,Non-blocker,Non-blocker,NRETZMXGYFXNHS-UHFFFAOYSA-N,NRETZMXGYFXNHS,PubChem,660556,,0.432835817337036
O=C(OC1CC2CC3CC(C1)[N+]2CC3O)c1c[nH]c2ccccc12,Non-blocker,Non-blocker,NRNXGMAKBYHOCC-UHFFFAOYSA-N,NRNXGMAKBYHOCC,eval_set_herg_70.csv,,,0.555555582046509
COC(=O)C1C(O)CC2CCC1[N+]2C,Blocker,Non-blocker,NRQSZGRFSAAGML-UHFFFAOYSA-N,NRQSZGRFSAAGML,eval_set_herg_60.csv,,,0.428571432828903
COC(=O)c1cn(NC(=O)CCC2CCCC2)c(=O)c2ccccc12,Non-blocker,Blocker,NRQUSSPHVLYWNP-UHFFFAOYSA-N,NRQUSSPHVLYWNP,PubChem,3491391,,0.387096762657166
CCC(C)(C)c1ccc(O)cc1,Non-blocker,Non-blocker,NRZWYNLTFLDQQX-UHFFFAOYSA-N,NRZWYNLTFLDQQX,eval_set_herg_70.csv,,,0.56521737575531
CCc1cc(CN2C[C@H](N)[C@H](C(=O)N3CCC[C@H]3C#N)C2)cc(CC)c1C#N,Non-blocker,Non-blocker,NSLNCWBNXXAFCL-TYPHKJRUSA-N,NSLNCWBNXXAFCL,eval_set_herg_70.csv,,,0.682539701461792
CCN(CC)S(=O)(=O)c1ccc(N2C[C@H](C(=O)N[C@]3(C)CCS(=O)(=O)C3)CC2=O)cc1,Non-blocker,Non-blocker,NSOGRHRWMLBUBQ-FOIQADDNSA-N,NSOGRHRWMLBUBQ,PubChem,16286403,,0.533333361148834
O=C(CCC(=O)N1CCN(c2ccccc2F)CC1)N1CCN(c2ccc(F)cc2)CC1,Non-blocker,Non-blocker,NTBGXJKISKJGEP-UHFFFAOYSA-N,NTBGXJKISKJGEP,PubChem,5240258,,0.651162803173065
COc1cc(/C=N/NC(=S)N[C@@H]2C[C@H]3C[C@@H]2[C@@H]2C=CC[C@H]32)ccc1O,Non-blocker,Non-blocker,NTMXTSMAUQTNMD-GLXPEQDNSA-N,NTMXTSMAUQTNMD,PubChem,135520585,,0.5
Cc1nn(-c2ccc(Cl)cc2)c2[nH]c(=O)c(CNCc3ccc4c(c3)OCO4)cc12,Blocker,Non-blocker,NTPBUPYNHWVJQR-UHFFFAOYSA-N,NTPBUPYNHWVJQR,PubChem,135418000,,0.409638553857803
CC(=O)Nc1cccc(C(=O)NCCc2ccco2)c1,Non-blocker,Non-blocker,NTQMBUNRISZRGA-UHFFFAOYSA-N,NTQMBUNRISZRGA,PubChem,9506757,,0.5799999833107
CCn1cncc1Cn1cc(-c2ccc(F)c(C)c2)cn1,Blocker,Blocker,NTXJOFGNCFFNLA-UHFFFAOYSA-N,NTXJOFGNCFFNLA,eval_set_herg_70.csv,,,0.615384638309479
CC(=O)NN1C(=O)c2ccccc2N[C@H]1c1ccccc1F,Non-blocker,Non-blocker,NTXSOQIJJIEZKK-OAHLLOKOSA-N,NTXSOQIJJIEZKK,PubChem,3542370,,0.50943398475647
CC(C)n1cc(CN2CCN(C)[C@H](CCO)C2)c2ccccc21,Non-blocker,Non-blocker,NUHSFPCVQZCFES-QGZVFWFLSA-N,NUHSFPCVQZCFES,PubChem,23723244,,0.388059705495834
c1cc(-c2cnc3nc(N4CCC(N5CCCCC5)CC4)oc3c2)n2nccc2c1,Blocker,Blocker,NUJOTGYKFPUQJP-UHFFFAOYSA-N,NUJOTGYKFPUQJP,data_herg_dev,CHEMBL1958177,,0.65625
CN(C)c1nc(N(C)C)n(S(=O)(=O)c2cccc(C(F)(F)F)c2)n1,Non-blocker,Non-blocker,NUKFPHZUWRCJGT-UHFFFAOYSA-N,NUKFPHZUWRCJGT,PubChem,1488378,,0.373134315013886
CCN(Cc1ccccc1)S(=O)(=O)c1c(N)n(C)c(=O)n(C)c1=O,Non-blocker,Non-blocker,NUZYIBUNCULSLE-UHFFFAOYSA-N,NUZYIBUNCULSLE,PubChem,7197638,,0.382352948188782
COc1ccc(C(=O)C2=C(O)C(=O)N(C[C@H]3CCCO3)[C@@H]2c2ccc(OC)c(OC)c2)cc1,Non-blocker,Non-blocker,NVTNJVZQOPGZHW-XMSQKQJNSA-N,NVTNJVZQOPGZHW,PubChem,9549995,,0.569444417953491
O=C(NCC1CCN(Cc2cccc(C(F)(F)F)c2)CC1)c1cc(Cl)cc(Cl)c1,Blocker,Blocker,NWKDHMOLGIJQDW-UHFFFAOYSA-N,NWKDHMOLGIJQDW,PubChem,25129498,18817368,0.660714268684387
Cc1ccc(S(=O)(=O)/C(C#N)=C/c2c(Oc3ccc(Cl)cc3)nc3c(C)cccn3c2=O)cc1,Non-blocker,Non-blocker,NWQDWFQOFDOUHJ-KGENOOAVSA-N,NWQDWFQOFDOUHJ,PubChem,2025022,,0.430379748344421
O=C(CN1C(=O)[C@@H]2[C@H](C1=O)[C@H]1C=C[C@@H]2C1)/N=c1/[nH]nc(SCc2ccc(Cl)cc2)[nH]1,Blocker,Non-blocker,NWSJRKVKWADPHV-CRJCFHLZSA-N,NWSJRKVKWADPHV,PubChem,3000223,,0.352112680673599
CSc1ncccc1C(=O)NNc1cc(Cl)ccc1Cl,Non-blocker,Non-blocker,NXAFAVTZLWXGJT-UHFFFAOYSA-N,NXAFAVTZLWXGJT,PubChem,2810930,,0.462962955236435
O=C1CN(N=Cc2ccc([N+](=O)[O-])o2)C(=O)N1,Blocker,Non-blocker,NXFQHRVNIOXGAQ-UHFFFAOYSA-N,NXFQHRVNIOXGAQ,data_herg_dev,,4509,0.439999997615814
O=P(Cc1ccccc1)(c1ccccc1)c1ccccc1,Non-blocker,Non-blocker,NXGAOFONOFYCNG-UHFFFAOYSA-N,NXGAOFONOFYCNG,PubChem,76293,,0.655172407627106
COc1cc(O)sc1/C=N/c1ccc(Cl)cc1,Blocker,Non-blocker,NXIGRSUCNGBXTK-VGOFMYFVSA-N,NXIGRSUCNGBXTK,PubChem,3464762,,0.411764711141586
COc1ccc(NC(=O)CCCN(C)S(=O)(=O)c2ccc(C)cc2)cc1,Non-blocker,Non-blocker,NXJRBWYDUICHIR-UHFFFAOYSA-N,NXJRBWYDUICHIR,PubChem,4639063,,0.603773593902588
COc1ccc(NC(=O)CS(=O)(=O)c2ccc(F)cc2)cc1,Non-blocker,Non-blocker,NXZAHAGLVKJQQO-UHFFFAOYSA-N,NXZAHAGLVKJQQO,PubChem,1486369,,0.659574449062347
COP(=S)(OC)Oc1cc(Cl)c(Br)cc1Cl,Non-blocker,Non-blocker,NYQDCVLCJXRDSK-UHFFFAOYSA-N,NYQDCVLCJXRDSK,data_herg_dev,,16422,0.647058844566345
Cl.Cl.c1ccc(CNCCNCc2ccccc2)cc1,Non-blocker,Non-blocker,JUHORIMYRDESRB-UHFFFAOYSA-N,NZBGFGGNLREHFL,eval_set_herg_70.csv,,,0.545454561710358
CN(C)C(=O)COc1ccc2c(c1)C[C@@H](NC[C@H](O)c1ccc(O)c(CCO)c1)CC2,Blocker,Blocker,OANCEOSLKSTLTA-REWPJTCUSA-N,OANCEOSLKSTLTA,eval_set_herg_60.csv,,,0.571428596973419
CCOc1ccccc1C(=O)NC1CCNCC1,Non-blocker,Non-blocker,OANLMFBPQNBRKC-UHFFFAOYSA-N,OANLMFBPQNBRKC,PubChem,1445173,,0.509090900421143
COc1ccc(N(C)S(=O)(=O)c2ccc3c(c2)CCN3C(=O)C2CC2)c(OC)c1,Non-blocker,Non-blocker,OBHVLJIHYOZUFI-UHFFFAOYSA-N,OBHVLJIHYOZUFI,PubChem,15997273,,0.424242436885834
CNC[C@@H](c1ccc(Cl)c(Cl)c1)[C@@H](O)c1ccsc1,Blocker,Blocker,OBLQTDRIHYWTHA-FZMZJTMJSA-N,OBLQTDRIHYWTHA,eval_set_herg_70.csv,,,0.67441862821579
Cc1ccc(C)c(OCCC(=O)OCC(=O)NC(=O)NC2CCCCC2)c1,Non-blocker,Non-blocker,OBMCOVHWHQZKGB-UHFFFAOYSA-N,OBMCOVHWHQZKGB,PubChem,5112291,,0.5
CC(=O)N(/N=C1\Sc2ccccc2C1=O)c1ccccc1C,Blocker,Non-blocker,OBPOWEVMSNKZCM-ZCXUNETKSA-N,OBPOWEVMSNKZCM,PubChem,5401874,,0.326923072338104
COc1ccc(S(=O)(=O)NC2CCCCC2)cc1C,Non-blocker,Non-blocker,OCDCZINIWUEMFY-UHFFFAOYSA-N,OCDCZINIWUEMFY,PubChem,847796,,0.69767439365387
C[C@@H]1CN(CCCCN2C(=O)c3ccccc3C2=O)C[C@@H](C)O1,Blocker,Non-blocker,OCMWTSBWJSCCOO-ZIAGYGMSSA-N,OCMWTSBWJSCCOO,PubChem,16196164,,0.512195110321045
Cc1ccc(C(=O)c2cc3ccccc3o2)cc1[N+](=O)[O-],Blocker,Non-blocker,ODGNRIQHXMHODO-UHFFFAOYSA-N,ODGNRIQHXMHODO,PubChem,921915,,0.423728823661804
CCc1c(C)[nH]c2c1C(=NNC(=O)Nc1ccccc1)CCC2,Non-blocker,Non-blocker,ODLRLBPCVCWBFC-UHFFFAOYSA-N,ODLRLBPCVCWBFC,data_herg_dev,CHEMBL217133,,0.696428596973419
CCN(C(=O)CCS(=O)(=O)c1ccc2c(c1)oc(=O)n2C)c1ccc(OC)cc1,Non-blocker,Non-blocker,ODOOJXJBCWXHIR-UHFFFAOYSA-N,ODOOJXJBCWXHIR,PubChem,16024552,,0.441176474094391
CCOc1ccc(CN(C)CC(=O)Nc2ccc(N3CCOCC3)cc2)cc1OC,Non-blocker,Non-blocker,ODQBYTRTGPYQDI-UHFFFAOYSA-N,ODQBYTRTGPYQDI,PubChem,2698304,,0.649999976158142
CCOc1cc(NC(=S)NCc2ccco2)c(OCC)cc1NC(=O)c1ccco1,Non-blocker,Non-blocker,ODUFWGFYXBTOHL-UHFFFAOYSA-N,ODUFWGFYXBTOHL,PubChem,1175834,,0.578947365283966
CC1(C)C(=O)N(Cc2c(F)cccc2Cl)c2cc(C(=O)NCc3c(F)cc(F)cc3F)ccc21,Non-blocker,Blocker,OEBVYNULNKSONR-UHFFFAOYSA-N,OEBVYNULNKSONR,data_herg_dev,CHEMBL4743888,,0.409090906381607
O=C(O[C@@H](C(=O)NC1CCCC1)c1cccnc1)C1=Cc2ccccc2OC1,Non-blocker,Non-blocker,OEDIXJAAHJWLBI-HXUWFJFHSA-N,OEDIXJAAHJWLBI,PubChem,3230507,,0.405797094106674
Cc1cc(C)cc(NC(=O)Nc2ccc(N3CCCCC3)cc2)c1,Non-blocker,Non-blocker,OEQVSQZBGNZZBB-UHFFFAOYSA-N,OEQVSQZBGNZZBB,PubChem,2814211,,0.595238089561462
COc1cc(C(=O)OCC(=O)Nc2ccc(SC(F)F)cc2)cc(OC)c1OC,Non-blocker,Non-blocker,OEQXKYVYYFJOOH-UHFFFAOYSA-N,OEQXKYVYYFJOOH,PubChem,2355493,,0.508196711540222
C[C@H](C(=O)N1CCCC1)N1CCN(c2ccccc2O)CC1,Non-blocker,Blocker,OESIKSSQRRZAOQ-CQSZACIVSA-N,OESIKSSQRRZAOQ,PubChem,4877515,,0.428571432828903
COc1c(Br)cc(Br)cc1/C=N/NC(=O)c1cccnc1,Non-blocker,Non-blocker,OFBDMSDYSSBPIG-QGMBQPNBSA-N,OFBDMSDYSSBPIG,PubChem,9589895,,0.546875
CC(C)CCOC(=O)c1ccc(N(C)C)cc1,Non-blocker,Non-blocker,OFSAUHSCHWRZKM-UHFFFAOYSA-N,OFSAUHSCHWRZKM,data_herg_dev,,88836,0.545454561710358
CCn1cc(C(=O)O)c(=O)c2cc(F)c(N3CCNCC3)cc21,Non-blocker,Non-blocker,OGJPXUAPXNRGGI-UHFFFAOYSA-N,OGJPXUAPXNRGGI,eval_set_herg_70.csv,,,0.666666686534882
CCOC(=O)[C@@H](C)n1cnc2c1c(=O)[nH]c(=O)n2C,Non-blocker,Non-blocker,OGLIATBUNONCSB-ZCFIWIBFSA-N,OGLIATBUNONCSB,PubChem,3093806,,0.51111114025116
C[N+]1CCCC1CCOC(C)(c1ccccc1)c1ccc(Cl)cc1,Blocker,Blocker,OGQHWELSDGZYOF-UHFFFAOYSA-N,OGQHWELSDGZYOF,eval_set_herg_60.csv,,,0.596153855323792
CCOC(=O)C1CCN(C(=O)[C@@H]2CC(=O)N(c3ccc(C)cc3)C2)CC1,Non-blocker,Non-blocker,OGSXFVRSOCAUOW-MRXNPFEDSA-N,OGSXFVRSOCAUOW,PubChem,2963144,,0.50943398475647
COc1ccc(NC(=O)c2ccccc2NC(=O)c2ccco2)c(OC)c1,Non-blocker,Non-blocker,OGWHEDXOONCYAM-UHFFFAOYSA-N,OGWHEDXOONCYAM,PubChem,1164705,,0.566037714481354
CCS(=O)(=O)C[N+]C1c2cc(C[N+])ccc2OC(C)(C)C1O,Blocker,Blocker,OGXKOXVZGAIVJE-UHFFFAOYSA-N,OGXKOXVZGAIVJE,eval_set_herg_60.csv,,,0.320987641811371
CCN(CC)c1ccc(NC(=O)CSc2n[nH]c(-c3ccco3)n2)cc1,Non-blocker,Non-blocker,OHDAACBGTWUDEX-UHFFFAOYSA-N,OHDAACBGTWUDEX,PubChem,3153462,,0.614035069942474
CCN1C(=O)[C@H]2[C@H]3CN=C(SC)N3[C@@](Cc3ccccc3)(C(=O)OC)[C@H]2C1=O,Blocker,Non-blocker,OHJYAKAHXAEQFV-IGMJJTELSA-N,OHJYAKAHXAEQFV,PubChem,44602267,,0.616438329219818
COC(=O)Cc1c(C)nc(SCc2ccccc2)[nH]c1=O,Non-blocker,Non-blocker,OHRZLFWPDCEKNU-UHFFFAOYSA-N,OHRZLFWPDCEKNU,PubChem,135490159,,0.527272701263428
c1ccc(-c2ccccc2-c2ccccc2)cc1,Non-blocker,Non-blocker,OIAQMFOKAXHPNH-UHFFFAOYSA-N,OIAQMFOKAXHPNH,eval_set_herg_70.csv,,,0.47826087474823
O=Nc1ccc(Nc2ccccc2)cc1,Non-blocker,Non-blocker,OIJHFHYPXWSVPF-UHFFFAOYSA-N,OIJHFHYPXWSVPF,eval_set_herg_70.csv,,,0.61904764175415
O=C1COc2ccc(CNC34CCC(CC5Cn6c(=O)ccc7ncc(F)c5c76)(CC3)OC4)nc2N1,Non-blocker,Non-blocker,OINHUVBCKUJZAG-UHFFFAOYSA-N,OINHUVBCKUJZAG,data_herg_dev,CHEMBL3400819,,0.698795199394226
Cc1cc([C@@H]2C[C@@H]3CC[C@H]2C3)n(O)c(=O)c1.NCCO,Non-blocker,Non-blocker,OIWZMFRAWARYEC-QJQMQQLTSA-N,OIWZMFRAWARYEC,data_herg_dev,CHEMBL4455404,,0.604166686534882
CCc1nc2ccc(Cl)cn2c1C(=O)NCc1ccc(N2CCC(c3ccc(OC(F)(F)F)cc3)CC2)cc1,Blocker,Blocker,OJICYBSWSZGRFB-UHFFFAOYSA-N,OJICYBSWSZGRFB,data_herg_dev,CHEMBL3298910,,0.641975283622742
CCCCCCN1CC(=O)C(c2nc3ccccc3[nH]2)=C1N,Blocker,Non-blocker,OJMYSGJGVBORFO-UHFFFAOYSA-N,OJMYSGJGVBORFO,PubChem,135415454,,0.5799999833107
O=C(Nc1cccc2ccccc12)/C(Cl)=C/c1ccccc1,Non-blocker,Non-blocker,OJQNTUGQLKZIAF-LGMDPLHJSA-N,OJQNTUGQLKZIAF,PubChem,686982,,0.524999976158142
C[C@@H](Sc1nnc(C2CC2)n1C1CC1)C(=O)c1ccc(Br)cc1,Blocker,Non-blocker,OKFPSDCSTMEAFJ-SNVBAGLBSA-N,OKFPSDCSTMEAFJ,PubChem,16316114,,0.492063492536545
CCOc1ccc(NC(=O)CSCC(=O)O)cc1,Non-blocker,Non-blocker,OKOLGSDYWWHGFR-UHFFFAOYSA-N,OKOLGSDYWWHGFR,PubChem,864359,,0.658536612987518
O=[N+]([O-])c1ccc(Cl)cc1CNc1ccc(F)c(F)c1,Non-blocker,Non-blocker,OKWKUHCNDYJOAV-UHFFFAOYSA-N,OKWKUHCNDYJOAV,PubChem,784221,,0.425531923770905
O=C(O)CSc1cc(C(F)(F)F)nc(-c2ccccn2)n1,Non-blocker,Blocker,OLBQCQTXZIJZSQ-UHFFFAOYSA-N,OLBQCQTXZIJZSQ,PubChem,1475721,,0.372881352901459
O=C(N1Cc2ccccc2C1)N1CCC[C@H]1CN1CCCC1,Non-blocker,Non-blocker,OLLNICZPNGPQOG-KRWDZBQOSA-N,OLLNICZPNGPQOG,data_herg_dev,CHEMBL384427,,0.490909099578857
C[C@@H]1C[C@@H]2[C@@H](CC[C@H]3NNC[C@@H]23)[C@@H](c2ccc(NC3CN(CCCF)C3)c(F)c2)N1CC(F)(F)F,Blocker,Blocker,OLPHYHYUNMRPEY-WSGRAPFGSA-N,OLPHYHYUNMRPEY,PubChem,137554012,,0.692307710647583
C[C@H]1C[C@H]2CSC(N)=N[C@@]2(c2ccc(F)cc2F)CO1,Blocker,Non-blocker,OLZWOORXDWFBII-FZNYLWTLSA-N,OLZWOORXDWFBII,eval_set_herg_70.csv,,,0.677966117858887
O=C(c1cnn2c(C(F)F)cc(-c3ccccc3)nc12)N1CCc2ccccc21,Non-blocker,Non-blocker,OMJXIVBRMWKUHU-UHFFFAOYSA-N,OMJXIVBRMWKUHU,PubChem,1093959,,0.507936537265778
Cn1nccc1Cc1cn(-c2ccc(F)c(Cl)c2)nn1,Blocker,Blocker,OMQQLDITRYIEHZ-UHFFFAOYSA-N,OMQQLDITRYIEHZ,eval_set_herg_60.csv,,,0.563636362552643
O=C(c1ccccc1)c1cc(Cl)ccc1O,Non-blocker,Non-blocker,OMWSZDODENFLSV-UHFFFAOYSA-N,OMWSZDODENFLSV,eval_set_herg_70.csv,,,0.600000023841858
Clc1ccc(-c2cnn(Cc3cc[nH]n3)c2)cc1,Blocker,Blocker,ONBFZEJYXQDCRE-UHFFFAOYSA-N,ONBFZEJYXQDCRE,eval_set_herg_70.csv,,,0.652173936367035
Cc1cc(C)n2nc(C(=O)N3CCOCC3)nc2n1,Blocker,Blocker,ONBHCKYNNVAAEJ-UHFFFAOYSA-N,ONBHCKYNNVAAEJ,PubChem,644641,,0.596153855323792
Cc1nc(NC(=O)C2CCCCC2)sc1C,Non-blocker,Non-blocker,ONHVSTCBBDWPOI-UHFFFAOYSA-N,ONHVSTCBBDWPOI,PubChem,903390,,0.658536612987518
Cc1ccc(-c2nn(-c3ccccc3)c3[nH]c(=O)c(CNCc4ccccc4)cc23)cc1,Non-blocker,Non-blocker,ONNPHLSASLYLQP-UHFFFAOYSA-N,ONNPHLSASLYLQP,PubChem,135418010,,0.318840593099594
CCOc1ccc2cc(-c3nn(C4CCCCC4)c(N)c3C(N)=O)ccc2n1,Non-blocker,Non-blocker,ONQFGFIAOHMNST-UHFFFAOYSA-N,ONQFGFIAOHMNST,data_herg_dev,CHEMBL3770802,,0.661538481712341
CCCNCc1ccc(CCn2ccc(OCc3ccc(F)cc3)cc2=O)nc1,Blocker,Blocker,ONUBXRCAOBQBRS-UHFFFAOYSA-N,ONUBXRCAOBQBRS,CUPID,45487384,19632840,0.388888895511627
O=C(Nc1ccccc1)c1ccc(S(=O)(=O)N2CCC(C(=O)O)CC2)cc1,Blocker,Non-blocker,ONWLHRWDTHFGSO-UHFFFAOYSA-N,ONWLHRWDTHFGSO,PubChem,1262719,,0.557692289352417
CCOc1nc(C(=O)Nc2ccc[n+](C)c2)cc(N)c1C#N,Non-blocker,Non-blocker,ONYSJEFYBAEJEU-UHFFFAOYSA-O,ONYSJEFYBAEJEU,eval_set_herg_60.csv,,,0.552238821983337
COC(=O)c1ccc(-c2ccc(Cl)cc2)nc1C,Non-blocker,Non-blocker,OOEFUVBZCSVRNB-UHFFFAOYSA-N,OOEFUVBZCSVRNB,PubChem,822962,,0.524999976158142
Cc1ccc(S(=O)(=O)C[C@](C)(O)C(=O)Nc2cccc(C(F)(F)F)c2)cc1,Non-blocker,Non-blocker,OOORFTSUBJMPJT-KRWDZBQOSA-N,OOORFTSUBJMPJT,PubChem,3512423,,0.532258093357086
CC1(C)CN2C(CSC(=NC3CCCCC3)NC3CCCCC3)=CSC2=N1,Blocker,Non-blocker,OOSUDWRRWZVFEB-UHFFFAOYSA-N,OOSUDWRRWZVFEB,eval_set_herg_70.csv,,,0.287878781557083
CC[C@@H](NC(=O)c1cc(C(=O)N2CCC[C@@H]2C(F)(F)F)n2c1COCC2)c1ccc(C(F)(F)F)nc1,Blocker,Blocker,OOTYVFPUEZJGJY-DNVCBOLYSA-N,OOTYVFPUEZJGJY,data_herg_dev,CHEMBL4114380,,0.675000011920929
CCCCC/C=C\C=C\C(=O)OCC,Non-blocker,Non-blocker,OPCRGEVPIBLWAY-QNRZBPGKSA-N,OPCRGEVPIBLWAY,data_herg_dev,,5281162,0.487179487943649
COc1cc(C)ccc1OCC(=O)OCC(=O)c1[nH]c(C)c(C(C)=O)c1C,Non-blocker,Non-blocker,OPDOTOAHZCRHQB-UHFFFAOYSA-N,OPDOTOAHZCRHQB,PubChem,2438410,,0.456140339374542
CNCCO,Non-blocker,Non-blocker,OPKOKAMJFNKNAS-UHFFFAOYSA-N,OPKOKAMJFNKNAS,PubChem,8016,,0.411764711141586
Clc1cc2cnc(Nc3cnn(C4CC4)c3Cl)nc2cc1C1CCN(C2COC2)CC1,Blocker,Blocker,OPPFIBBBZVPOMK-UHFFFAOYSA-N,OPPFIBBBZVPOMK,PubChem,156305050,34967623,0.578947365283966
CC(F)(C(=O)NS(C)(=O)=O)c1ccc(OS(=O)(=O)C(F)(F)F)cc1,Blocker,Blocker,OPUOULCEMAHGSK-UHFFFAOYSA-N,OPUOULCEMAHGSK,eval_set_herg_60.csv,,,0.577777802944183
Clc1ccccc1CN1CCOCC1,Non-blocker,Non-blocker,OPXOMKDSNYMMTQ-UHFFFAOYSA-N,OPXOMKDSNYMMTQ,eval_set_herg_60.csv,,,0.538461565971375
Cc1ccc(O)c(C(=O)c2ccccc2)c1,Blocker,Non-blocker,OQERFUGURPLBQH-UHFFFAOYSA-N,OQERFUGURPLBQH,eval_set_herg_70.csv,,,0.600000023841858
Cc1nn(C2(CC#N)CN(S(=O)(=O)C(C)C)C2)cc1-c1ncnc2[nH]ccc12,Non-blocker,Non-blocker,OQRZOIAWKDPWFN-UHFFFAOYSA-N,OQRZOIAWKDPWFN,eval_set_herg_70.csv,,,0.581081092357636
O=C(Nc1ccc(N2CCOCC2)c(Cl)c1)c1ccc(Cl)cc1,Non-blocker,Non-blocker,OQWYBMHNBITLBX-UHFFFAOYSA-N,OQWYBMHNBITLBX,PubChem,1114260,,0.603773593902588
COc1ccc(NC(=O)CCN2CCN(c3ccccc3F)CC2)c(OC)c1,Blocker,Non-blocker,OQZKGRNOBWRWAF-UHFFFAOYSA-N,OQZKGRNOBWRWAF,PubChem,3145297,,0.551724135875702
O=C(NC1CCCCCCC1)c1cccnc1,Non-blocker,Non-blocker,ORFDJENNCFHCQO-UHFFFAOYSA-N,ORFDJENNCFHCQO,PubChem,750344,,0.523809552192688
Cc1ccc(N(C)C2=NC(=O)CS2)cc1Cl,Non-blocker,Non-blocker,ORQLETZLSXPGHW-UHFFFAOYSA-N,ORQLETZLSXPGHW,PubChem,894949,,0.595238089561462
CCC[N+](CCC)(CCC)CCC,Non-blocker,Non-blocker,OSBSFAARYOCBHB-UHFFFAOYSA-N,OSBSFAARYOCBHB,eval_set_herg_60.csv,,,0.571428596973419
CN(CC(=O)Nc1ccc(F)cc1)C(=O)CN1C(=O)NC2(CCCCC2)C1=O,Non-blocker,Non-blocker,OSKHMAWZDJBUEU-UHFFFAOYSA-N,OSKHMAWZDJBUEU,PubChem,2462269,,0.61904764175415
O=C1CCCCCCCCCCCCCC1,Non-blocker,Non-blocker,OSOIQJGOYGSIMF-UHFFFAOYSA-N,OSOIQJGOYGSIMF,eval_set_herg_70.csv,,,0.421052634716034
CCOCC(=O)OCC(=O)Nc1cc(OC)c([N+](=O)[O-])cc1C,Non-blocker,Blocker,OSTMUFCNYLKDNF-UHFFFAOYSA-N,OSTMUFCNYLKDNF,PubChem,4874977,,0.566666662693024
CC(=O)N[C@@H](CC(=O)O)C(=O)O,Non-blocker,Non-blocker,OTCCIMWXFLJLIA-BYPYZUCNSA-N,OTCCIMWXFLJLIA,PubChem,65065,,0.666666686534882
CC(C)(C)c1nnc2sc(SCC(=O)[C@H](C#N)c3nc4ccccc4[nH]3)nn2c1=O,Non-blocker,Non-blocker,OTDYBJYVFBJBSF-JTQLQIEISA-N,OTDYBJYVFBJBSF,PubChem,2546625,,0.435897439718246
CCCCCCCCCCCCCCC[C@H](O)[C@H](N)CO,Non-blocker,Non-blocker,OTKJDMGTUTTYMP-MSOLQXFVSA-N,OTKJDMGTUTTYMP,data_herg_dev,CHEMBL1487948,,0.518518507480621
O=C(O)C[C@]1(CC(F)(F)F)CCc2cc(-c3cnc(NC(=O)Nc4ccc(F)c(F)c4)cn3)ccc2C1=O,Non-blocker,Blocker,OTKTZEZTFCAULO-DEOSSOPVSA-N,OTKTZEZTFCAULO,data_herg_dev,CHEMBL4173715,,0.277108430862427
CC(O)(CS(=O)(=O)c1ccccc1OC(F)(F)F)C(=O)Nc1cc(C(F)(F)F)cc(C(F)(F)F)c1,Non-blocker,Non-blocker,OTOBJJJAGXIHFL-UHFFFAOYSA-N,OTOBJJJAGXIHFL,data_herg_dev,CHEMBL3828065,,0.5
Cc1[nH]n(-c2cccc3ccccc23)c(=O)c1/C=N/c1sc2c(c1C#N)CCC2,Non-blocker,Blocker,OUAMUESDSDOQPV-DHRITJCHSA-N,OUAMUESDSDOQPV,eval_set_herg_70.csv,,,0.638888895511627
CC(C)Nc1ccc(Nc2ccccc2)cc1,Non-blocker,Non-blocker,OUBMGJOQLXMSNT-UHFFFAOYSA-N,OUBMGJOQLXMSNT,data_herg_dev,CHEMBL1449018,,0.61904764175415
C[C@H](C(=O)O)c1ccc(Nc2nc(C(F)(F)F)cs2)cc1,Non-blocker,Blocker,OUGCUPYREMACGK-ZETCQYMHSA-N,OUGCUPYREMACGK,eval_set_herg_60.csv,,,0.400000005960465
CN(C(=O)c1ccncc1)c1ccc(OCc2ccc3ccccc3n2)cc1,Blocker,Non-blocker,OUKKASCLDKRILK-UHFFFAOYSA-N,OUKKASCLDKRILK,data_herg_dev,CHEMBL2419564,,0.409090906381607
O=C(NCCCCN1CCN(c2ccccc2)CC1)c1ccc2ncccc2c1,Blocker,Blocker,OURPZJJZFFKVJH-UHFFFAOYSA-N,OURPZJJZFFKVJH,PubChem,24769156,25343529,0.639344274997711
CN1CCN(c2ccc3cc(C(=O)Nc4cc(-c5ccco5)ccc4N)ncc3c2)CC1,Blocker,Blocker,OURXBHWDTWTBSH-UHFFFAOYSA-N,OURXBHWDTWTBSH,eval_set_herg_70.csv,,,0.619718313217163
COc1cc(O)c([C@H](CCN2CCN(c3ccccc3)CC2)c2ccc3c(c2)OCO3)c(OC)c1,Blocker,Non-blocker,OUVGTTCEDAXVTN-HSZRJFAPSA-N,OUVGTTCEDAXVTN,PubChem,16746475,,0.39759036898613
COCCn1cc(-c2ccncc2)c2ccncc21,Blocker,Non-blocker,OVRGOPVESVCREL-UHFFFAOYSA-N,OVRGOPVESVCREL,data_herg_dev,CHEMBL4091320,,0.627906978130341
CC(c1nccs1)c1c(CCN(C)C)sc2ccccc12,Blocker,Blocker,OVTUKEYYZWXZMJ-UHFFFAOYSA-N,OVTUKEYYZWXZMJ,data_herg_dev,CHEMBL1092767,,0.680000007152557
O=C(/C=C/c1ccco1)NC[C@H]1CCCO1,Non-blocker,Non-blocker,OVVKKROODYGGJY-MVIFTORASA-N,OVVKKROODYGGJY,PubChem,5342190,,0.57407408952713
CCOc1ccc(-n2c(SCc3nc(-c4cccs4)no3)nnc2-c2ccncc2)cc1,Non-blocker,Non-blocker,OVWBCEWVKHLYOQ-UHFFFAOYSA-N,OVWBCEWVKHLYOQ,PubChem,1250656,,0.628571450710297
CC1=NNC(=O)[C@@H]1CC(=O)N/N=C/C=C/c1ccccc1,Non-blocker,Blocker,OWNCPXFPECSBMU-HUBOCSHCSA-N,OWNCPXFPECSBMU,PubChem,9593792,,0.470588237047195
Cc1ccc2c(c1)C=CC(C)(C)[S@]2=O,Non-blocker,Non-blocker,OWRDGESCAWHHGA-AWEZNQCLSA-N,OWRDGESCAWHHGA,PubChem,4143337,,0.256410270929337
COc1ccc2ncc(F)c(C(O)CC3OCC(NCc4ccc5c(c4)OCCO5)CO3)c2c1,Blocker,Blocker,OWUGLCKBNARAPP-UHFFFAOYSA-N,OWUGLCKBNARAPP,CUPID,CUPID,,0.610389590263367
CCOc1ccc(C(=O)OCCN(CC)CC)cc1,Non-blocker,Non-blocker,OWWVHQUOYSPNNE-UHFFFAOYSA-N,OWWVHQUOYSPNNE,eval_set_herg_70.csv,,,0.574468076229096
CC1(C)[C@@H]2CC[C@@]1(CC(=O)O)[C@H](Cl)C2,Non-blocker,Blocker,OXJNTOQBZAXOPC-SOCHQFKDSA-N,OXJNTOQBZAXOPC,PubChem,222202,,0.431818187236786
N[C@H]1CN(C(=O)c2cc3cc(Cl)ccc3o2)C[C@H]1C(=O)N1CCCC1,Non-blocker,Non-blocker,OXMNNXNJYBRVAW-KGLIPLIRSA-N,OXMNNXNJYBRVAW,eval_set_herg_60.csv,,,0.526315808296204
Fc1cccc(/C=N/Nc2ccc3ccccc3n2)c1,Non-blocker,Blocker,OXOWRQJOJPMAHC-WOJGMQOQSA-N,OXOWRQJOJPMAHC,PubChem,9670202,,0.47272726893425
COc1ccc(-n2nnnc2-c2ccc(S(C)(=O)=O)cc2Cl)cc1,Non-blocker,Non-blocker,OXYCSTDBNQDOIG-UHFFFAOYSA-N,OXYCSTDBNQDOIG,PubChem,1488278,,0.389830499887466
N#Cc1c(-c2ccccc2)cc(-c2ccccc2)nc1NC(=S)Nc1ccccc1,Blocker,Non-blocker,OYDUHWONWXSSKP-UHFFFAOYSA-N,OYDUHWONWXSSKP,data_herg_dev,CHEMBL3408381,,0.477272719144821
C(#Cc1cccc(C#Cc2ccccc2)c1)c1ccccc1,Blocker,Blocker,OYEDTTNTNYKSFX-UHFFFAOYSA-N,OYEDTTNTNYKSFX,eval_set_herg_60.csv,,,0.519999980926514
O=C1c2ccc(-c3ccncc3)cc2CCN1CCN1CCCC1,Blocker,Blocker,OYOUUSCAVHSQKA-UHFFFAOYSA-N,OYOUUSCAVHSQKA,data_herg_dev,CHEMBL2031865,,0.699999988079071
Nc1ccc(-c2ccsc2)cc1N,Non-blocker,Blocker,OZEWMDJTNVDPJN-UHFFFAOYSA-N,OZEWMDJTNVDPJN,PubChem,13007806,19138845,0.46875
COc1ccccc1-c1nc2c(C(=O)N[C@@H]3C[C@H]4CCC[C@@H](C3)N4C)cccc2o1,Blocker,Blocker,OZOLNJQERDKPFN-OSYLJGHBSA-N,OZOLNJQERDKPFN,PubChem,76313439,20889341,0.65625
CCOC(=O)c1cc2sccc2n1CC(=O)Nc1ccc(OC)c(OC)c1,Non-blocker,Non-blocker,OZOLYLCGICSFNC-UHFFFAOYSA-N,OZOLYLCGICSFNC,PubChem,645798,,0.420289844274521
CC(C)n1c(=O)n(C(=O)NCC2CCC(CC3(C(=O)O)CCC3)CC2)c2ccccc21,Non-blocker,Non-blocker,OZPKJJKDNMHOQW-UHFFFAOYSA-N,OZPKJJKDNMHOQW,eval_set_herg_60.csv,,,0.329268306493759
COc1ccc(CC(=O)Nc2ccc(-c3nnc(-c4ccc(C)cc4)o3)cc2)cc1,Non-blocker,Non-blocker,PACKUEYOUHHCHU-UHFFFAOYSA-N,PACKUEYOUHHCHU,PubChem,1294322,,0.549019634723663
CCOC(=O)CC([O-])C(=O)OCC.[Na+],Non-blocker,Non-blocker,KZPVFNMCGBWPKR-UHFFFAOYSA-N,PACMHGAHAZERQD,data_herg_dev,,23685849,0.400000005960465
O=C(NC[C@@H](Cc1ccccc1)N1CCC(O)(C(F)(F)F)CC1)C1(c2ccc(Cl)cc2)CCCC1,Blocker,Blocker,PAEBEJVPSADOMC-HSZRJFAPSA-N,PAEBEJVPSADOMC,data_herg_dev,CHEMBL4208555,,0.388059705495834
C/C(=N\Nc1cc(-c2ccccc2)nc(-c2ccccc2)n1)c1ccc(O)c(C)c1,Blocker,Non-blocker,PAEZYXGJYVZIDT-MTDXEUNCSA-N,PAEZYXGJYVZIDT,PubChem,135458769,,0.350877195596695
O=C(Nc1ccc(C(=O)O)cc1)/C(=C\c1ccc2c(c1)OCO2)NC(=O)c1ccc(Br)cc1,Non-blocker,Non-blocker,PAGUYHOLNMZIHR-YBFXNURJSA-N,PAGUYHOLNMZIHR,PubChem,16189250,,0.625
CCOc1ccc(Br)cc1S(=O)(=O)NCc1ccc(S(N)(=O)=O)cc1,Non-blocker,Non-blocker,PAIZERVKCBUGRK-UHFFFAOYSA-N,PAIZERVKCBUGRK,PubChem,2524696,,0.509803950786591
c1ccc2c(-c3nc4ccccc4[nH]3)cccc2c1,Non-blocker,Blocker,PAOHHYDZFURJKA-UHFFFAOYSA-N,PAOHHYDZFURJKA,PubChem,286183,,0.5
O=c1nc2n(c3ncccc13)CCC2,Non-blocker,Non-blocker,PAQBMXVPXRLAPE-UHFFFAOYSA-N,PAQBMXVPXRLAPE,PubChem,2324372,,0.327868849039078
CS(=O)(=O)Nc1ccc(Nc2ncc3cnn(C4CCCCCC4)c3n2)cn1,Non-blocker,Blocker,PARUULGUCQEWNM-UHFFFAOYSA-N,PARUULGUCQEWNM,data_herg_dev,CHEMBL1825096,,0.320987641811371
Cc1cccc(CCNCc2cc3cccc(C)c3[nH]c2=O)c1,Non-blocker,Non-blocker,PAUKZWZGQWSTHC-UHFFFAOYSA-N,PAUKZWZGQWSTHC,PubChem,3176404,,0.391304343938828
CCOC[C@H](O)CNc1ccccc1,Non-blocker,Blocker,PBBMWKQVDGRHFO-LLVKDONJSA-N,PBBMWKQVDGRHFO,PubChem,3144954,,0.435897439718246
O=C(COc1cccnc1[N+](=O)[O-])N1CCc2ccccc21,Non-blocker,Non-blocker,PBDJNLWZCDVCDY-UHFFFAOYSA-N,PBDJNLWZCDVCDY,PubChem,4374081,,0.550000011920929
C[C@H]1CN([C@@H](C)CO)C(=O)c2cc(Br)cnc2O[C@H]1CN(C)S(=O)(=O)c1ccccc1F,Non-blocker,Non-blocker,PBPZNDJOSVZXCB-DEYYWGMASA-N,PBPZNDJOSVZXCB,PubChem,46903813,,0.702702701091766
CN1CC[C@@]2(C)c3cc(O)ccc3N(C)C12.O=C(O)/C=C\C(=O)O,Blocker,Non-blocker,HKGWQUVGHPDEBZ-ABLWVSNPSA-N,PBZRRADJWNBPNY,data_herg_dev,CHEMBL1590378,,0.423076927661896
O=C(NCc1ccccc1CN1CCCC1)c1cccc(S(=O)(=O)Nc2ccc(F)cc2)c1,Non-blocker,Blocker,PCEOFPJRUBEJRR-UHFFFAOYSA-N,PCEOFPJRUBEJRR,PubChem,16297997,,0.609375
CC(C)(N)c1ncc(-c2ccccc2)[nH]1,Non-blocker,Non-blocker,PCWRXBYSADPRLU-UHFFFAOYSA-N,PCWRXBYSADPRLU,eval_set_herg_70.csv,,,0.45652174949646
Cc1nnc(Sc2nc3cc(Cl)c(Cl)cc3nc2C(F)(F)F)s1,Non-blocker,Blocker,PDGUQPADGLCLCV-UHFFFAOYSA-N,PDGUQPADGLCLCV,eval_set_herg_60.csv,,,0.33928570151329
CCC(=O)O[C@H]1CC[C@H]2[C@@H]3CCC4=CC(=O)CC[C@]4(C)[C@H]3CC[C@]12C,Non-blocker,Non-blocker,PDMMFKSKQVNJMI-BLQWBTBKSA-N,PDMMFKSKQVNJMI,data_herg_dev,,5995,0.636363625526428
CS(=O)(=O)Cc1cc(N2CCOCC2)nc(NC(=O)c2ccno2)n1,Non-blocker,Non-blocker,PDUSMTDBBDWQRB-UHFFFAOYSA-N,PDUSMTDBBDWQRB,data_herg_dev,CHEMBL2030450,,0.5
N/C(=N\OC(=O)c1ccccc1F)c1ccc([N+](=O)[O-])cc1,Non-blocker,Non-blocker,PDVHJMJFGRFDBY-UHFFFAOYSA-N,PDVHJMJFGRFDBY,PubChem,5348240,,0.538461565971375
O=C1CC2CN(c3ccc(N4C[C@H](Cn5ccnn5)OC4=O)cc3F)CC2C1,Non-blocker,Non-blocker,PDYJJRWURVZIHK-ZUEPYMLJSA-N,PDYJJRWURVZIHK,eval_set_herg_70.csv,,,0.686567187309265
Cc1nc2ccc(NC3=NCCCCC3)cc2s1,Non-blocker,Non-blocker,PEBXETPRCGPURQ-UHFFFAOYSA-N,PEBXETPRCGPURQ,PubChem,6603555,,0.490566045045853
CN(CCN(C)S(=O)(=O)c1ccc(NS(C)(=O)=O)cc1)c1nc2ccccc2n1C,Non-blocker,Blocker,PELVIWZRAPOYAC-UHFFFAOYSA-N,PELVIWZRAPOYAC,eval_set_herg_60.csv,,,0.397058814764023
CN(CC(=O)N1CCN(C2CCCCC2)CC1)S(=O)(=O)c1cccc2nsnc12,Non-blocker,Non-blocker,PEOMWMHEYOVRJM-UHFFFAOYSA-N,PEOMWMHEYOVRJM,PubChem,3238650,,0.453333348035812
O=C(C[n+]1ccc2ccccc2c1)c1ccc2ccc3ccccc3c2c1,Non-blocker,Blocker,PEORSWMJIRSOSN-UHFFFAOYSA-N,PEORSWMJIRSOSN,PubChem,411668,,0.666666686534882
N=C(Nc1ccc(OCCCCCOc2ccc(NC(=N)c3ccccc3)cc2)cc1)c1ccccc1,Blocker,Blocker,PETGITKEGWIZEL-UHFFFAOYSA-N,PETGITKEGWIZEL,eval_set_herg_60.csv,,,0.425000011920929
CC(C)(C)c1cc(C(C)(C)C)c(O)c(C(C)(C)C)c1,Non-blocker,Blocker,PFEFOYRSMXVNEL-UHFFFAOYSA-N,PFEFOYRSMXVNEL,PubChem,12902,,0.636363625526428
CCOC(=O)c1c(N)sc2c1CCN(Cc1ccccc1)C2,Non-blocker,Non-blocker,PFENFDGYVLAFBR-UHFFFAOYSA-N,PFENFDGYVLAFBR,data_herg_dev,,5480,0.50684928894043
CCn1ncc(Cl)c1/C(O)=N/C(=S)Nc1c(C)cc(C)cc1[N+](=O)[O-],Blocker,Blocker,PGLDBNZKBZUTOW-UHFFFAOYSA-N,PGLDBNZKBZUTOW,PubChem,5059818,,0.515151500701904
Clc1ccc(Oc2ccccc2)cc1,Non-blocker,Non-blocker,PGPNJCAMHOJTEF-UHFFFAOYSA-N,PGPNJCAMHOJTEF,eval_set_herg_70.csv,,,0.56521737575531
COc1ccc(-c2nc(C(=O)O)cs2)cc1OC,Non-blocker,Non-blocker,PGSGSXVGWCROPO-UHFFFAOYSA-N,PGSGSXVGWCROPO,PubChem,1473790,,0.413793116807938
Cc1ccc(C(=O)N(CCCN)C(c2oc3cc(Cl)ccc3c(=O)c2Cc2ccccc2)C(C)C)cc1,Blocker,Blocker,PGXYIBJJCLWJST-UHFFFAOYSA-N,PGXYIBJJCLWJST,PubChem,CUPID,,0.580246925354004
O=C(Nc1ccccc1)N1CCC(=S)Nc2ccccc21,Non-blocker,Non-blocker,PHGNEFRAUMYAQJ-UHFFFAOYSA-N,PHGNEFRAUMYAQJ,PubChem,849656,,0.396551728248596
O=C(COc1c(C(=O)NCc2ccccc2)ccc2ccccc12)Nc1ccccc1N1CCCC1=O,Non-blocker,Non-blocker,PHHPLSLJGPCULR-UHFFFAOYSA-N,PHHPLSLJGPCULR,eval_set_herg_60.csv,,,0.373134315013886
O=C(NN(Cc1ccccc1)Cc1ccccc1)c1ccccc1,Non-blocker,Non-blocker,PHJSSXNJZBVIAR-UHFFFAOYSA-N,PHJSSXNJZBVIAR,PubChem,95922,,0.459459453821182
Fc1ccc([C@H](c2nnnn2CCc2ccccc2)N2CCCc3ccccc32)cc1,Non-blocker,Non-blocker,PHLXQWKNUVFUHP-XMMPIXPASA-N,PHLXQWKNUVFUHP,PubChem,3213453,,0.449275374412537
CC(=O)Nc1cc(C(C)C)c(O)c(C(C)C)c1,Non-blocker,Non-blocker,PHSJJLICQTWSOW-UHFFFAOYSA-N,PHSJJLICQTWSOW,PubChem,835028,,0.382352948188782
O=C(NNC(=O)[C@]12C[C@H]3C[C@H](C[C@H](C3)C1)C2)[C@@H]1C[C@H]1c1ccccc1,Non-blocker,Non-blocker,PIPKSJQWWUXIRL-BHYYFBTJSA-N,PIPKSJQWWUXIRL,PubChem,5286593,,0.438596487045288
O=C1CN(C(=O)c2ccc(C3(c4ccc(OCc5ccccn5)cc4)CCCO3)cn2)CN1,Non-blocker,Non-blocker,PIVWQJWSBSARTK-UHFFFAOYSA-N,PIVWQJWSBSARTK,eval_set_herg_70.csv,,,0.631578922271729
CN1C(=O)c2ccccc2Sc2ccc(NC(=O)N3CCOCC3)cc21,Non-blocker,Non-blocker,PJLGTVZHUPKIKC-UHFFFAOYSA-N,PJLGTVZHUPKIKC,PubChem,4050102,,0.452830195426941
NC(=S)N/N=C1\C[C@H](c2ccc3c(c2)OCCO3)Oc2ccc(F)cc21,Non-blocker,Non-blocker,PJMFWFQNKWVXOR-WMRWHDLOSA-N,PJMFWFQNKWVXOR,PubChem,9665157,,0.338028162717819
CCCCNC(=S)N(CCCN(C)C)Cc1cc2cc3c(cc2[nH]c1=O)OCO3,Non-blocker,Non-blocker,PJVAUVZDZNJCFM-UHFFFAOYSA-N,PJVAUVZDZNJCFM,PubChem,3176050,,0.557142853736877
O=C(OCn1nnc2ccccc2c1=O)c1cccnc1,Non-blocker,Non-blocker,PJXSSNFDSOFYGC-UHFFFAOYSA-N,PJXSSNFDSOFYGC,PubChem,694194,,0.561403512954712
C=CC12CCN(CC1)C(C(O)c1ccnc3ccc(OC)cc13)C2.Cl,Blocker,Non-blocker,FNBBFRCDCVFRON-UHFFFAOYSA-N,PKLFKSABAIAQBR,data_herg_dev,CHEMBL580353,,0.615384638309479
COc1c(NC(=O)Nc2ccc(Oc3ccnc(Nc4ccccc4)c3)c3ccccc23)cc(C(C)(C)C)cc1C(=O)NC1COC1,Blocker,Blocker,PKPIKMRNRASAMG-UHFFFAOYSA-N,PKPIKMRNRASAMG,eval_set_herg_70.csv,,,0.626373648643494
CCn1c(SCC(=O)OCC(=O)N2c3ccccc3NC(=O)C2(C)C)nnc1-c1ccco1,Non-blocker,Blocker,PKVKVVKAIKGAEA-UHFFFAOYSA-N,PKVKVVKAIKGAEA,PubChem,2570663,,0.480519473552704
COc1ccccc1C=O,Blocker,Non-blocker,PKZJLOCLABXVMC-UHFFFAOYSA-N,PKZJLOCLABXVMC,PubChem,8658,,0.432432442903519
O=C(N/N=C/c1ccc2cccc(OCc3ccccc3)c2n1)c1ccc(Br)cc1,Non-blocker,Blocker,PLKZSXWYWHHJJF-CVKSISIWSA-N,PLKZSXWYWHHJJF,PubChem,9774180,,0.553846180438995
Cc1cc(NC(=O)NC(=O)c2ccccc2NC(=O)[C@@H](C)N)ccc1Oc1ncc(Br)cn1,Blocker,Non-blocker,PLLJSVYLRCMYEJ-CYBMUJFWSA-N,PLLJSVYLRCMYEJ,PubChem,375121,,0.375
COC(=O)c1cc(Br)c(=O)n(CCN2CCOCC2)c1,Non-blocker,Non-blocker,PLNFZVGJBMUUJA-UHFFFAOYSA-N,PLNFZVGJBMUUJA,PubChem,661207,,0.444444447755814
FC(F)c1nnc2c(Cl)cc(C(F)(F)F)cn12,Non-blocker,Blocker,PLNGYKCXIDVVRW-UHFFFAOYSA-N,PLNGYKCXIDVVRW,PubChem,1489122,,0.27118644118309
O=C(COc1ccc(Cl)cc1)OCCNC12CC3CC(CC(C3)C1)C2,Non-blocker,Non-blocker,PLSMXIQMWYSHIV-UHFFFAOYSA-N,PLSMXIQMWYSHIV,data_herg_dev,,64517,0.510204076766968
CC(C)(C)S(=O)(=O)c1ccc2nccc(Nc3[nH]nc4ncc(F)cc34)c2c1,Blocker,Non-blocker,PMBRUJZGSHBGAZ-UHFFFAOYSA-N,PMBRUJZGSHBGAZ,eval_set_herg_70.csv,,,0.634920656681061
Cc1ccc(-c2nc(N3CCOCC3)sc2C(=O)N2CCOCC2)cc1,Non-blocker,Non-blocker,PMJZCOPHQLPYLD-UHFFFAOYSA-N,PMJZCOPHQLPYLD,PubChem,1236964,,0.699999988079071
CC(=O)N1CCN(CCOc2ccc3[nH]c(-c4cc5ccccc5[nH]c4=O)cc3c2)CC1,Blocker,Blocker,PNAKABLUPFQYPX-UHFFFAOYSA-N,PNAKABLUPFQYPX,PubChem,5329373,14698157,0.666666686534882
OC(c1ccc(F)c(-c2ncnc3cc(C4=CCOCC4)ccc23)c1)c1nccs1,Non-blocker,Non-blocker,PNOUMLBQVUAYPF-UHFFFAOYSA-N,PNOUMLBQVUAYPF,eval_set_herg_70.csv,,,0.652777791023254
Cc1nc(NC(=O)CSc2nnnn2Cc2ccccc2)sc1C,Non-blocker,Blocker,PNOURWZCNCSJJA-UHFFFAOYSA-N,PNOURWZCNCSJJA,PubChem,653360,,0.523809552192688
Cc1ccc(-c2cc(C(F)F)nc(NC[C@H]3CCCO3)n2)cc1,Non-blocker,Non-blocker,POEJNBCTRBLOCD-CYBMUJFWSA-N,POEJNBCTRBLOCD,PubChem,3244132,,0.363636374473572
NC(=O)c1cn(Cc2c(F)cccc2F)nn1,Non-blocker,Non-blocker,POGQSBRIGCQNEG-UHFFFAOYSA-N,POGQSBRIGCQNEG,eval_set_herg_60.csv,,,0.372549027204514
O=C(Oc1ccc(/C=N/NC(=O)c2ccccn2)cc1)c1cccc(Br)c1,Non-blocker,Non-blocker,POLKQQZDBZLYHU-YDZHTSKRSA-N,POLKQQZDBZLYHU,PubChem,5335269,,0.546875
COc1cccc(CCc2ccccc2OCC(CN(C)C)OC(=O)CCC(=O)O)c1.Cl,Blocker,Non-blocker,FFYNAVGJSYHHFO-UHFFFAOYSA-N,POQBIDFFYCYHOB,data_herg_dev,,444005,0.341463416814804
CC(C)(C)c1cc(NC(=O)N2CCCN(C(=O)N3CCS(=O)(=O)CC3)CC2)no1,Blocker,Blocker,POZVWZHXRTXSAY-UHFFFAOYSA-N,POZVWZHXRTXSAY,data_herg_dev,CHEMBL1762429,,0.614035069942474
CCN(CC)c1ccc(/C=N/c2ccc(C#N)cc2)c(O)c1,Non-blocker,Non-blocker,PPBBWBWEKMLMHL-DEDYPNTBSA-N,PPBBWBWEKMLMHL,PubChem,788959,,0.5
Cc1ccc(COC(=O)N2CCC(COc3ncccn3)CC2)cc1,Blocker,Blocker,PPFNSHXKLMCXLU-UHFFFAOYSA-N,PPFNSHXKLMCXLU,eval_set_herg_70.csv,,,0.698113203048706
CCN(CC)CCNC(=S)Nc1ccc(Cl)cc1,Non-blocker,Non-blocker,PPGWSNADDUCESO-UHFFFAOYSA-N,PPGWSNADDUCESO,PubChem,2162147,,0.488888889551163
CSc1nn2c(N3CCNCC3)c3c(nc2c1S(=O)(=O)c1ccccc1)CCC3,Blocker,Blocker,PPPVADQGCXVIIG-UHFFFAOYSA-N,PPPVADQGCXVIIG,eval_set_herg_70.csv,,,0.666666686534882
CCCCNc1ccc(C(=O)OCCN(C)C)cc1.Cl,Non-blocker,Non-blocker,GKCBAIGFKIBETG-UHFFFAOYSA-N,PPWHTZKZQNXVAE,eval_set_herg_70.csv,,,0.51111114025116
CCOc1ccc2oc(C(=O)NCc3nc4ccccc4[nH]3)c(C)c2c1,Non-blocker,Non-blocker,PPYGAMDNLKJKCD-UHFFFAOYSA-N,PPYGAMDNLKJKCD,PubChem,17539620,,0.513888895511627
O=C1/C(=C\c2cc([N+](=O)[O-])ccc2O)SC(=S)N1Cc1ccc(Cl)cc1,Non-blocker,Non-blocker,PQXPUDSXKHSHBY-OVCLIPMQSA-N,PQXPUDSXKHSHBY,PubChem,24761624,,0.408450692892075
O=C(CN1CCOCC1)N1c2ccccc2Sc2ccc(Cl)cc21,Non-blocker,Non-blocker,PQZBOHRAUKGCDL-UHFFFAOYSA-N,PQZBOHRAUKGCDL,PubChem,6456530,,0.5799999833107
CCCc1nn(C)c(C(=O)Nc2cccc(C)c2)c1Cl,Non-blocker,Non-blocker,PRJLHQKDFHUXRR-UHFFFAOYSA-N,PRJLHQKDFHUXRR,PubChem,850817,,0.592592597007752
c1ccc(CNC2CN(Cc3ccccc3)CC2c2ccccc2)cc1,Blocker,Blocker,PRNUXVLWLPTWTR-UHFFFAOYSA-N,PRNUXVLWLPTWTR,data_herg_dev,,,0.692307710647583
O=C(CCC(=O)N1CCOc2ccccc21)NCc1ccccn1,Non-blocker,Non-blocker,PRRMJTGJEYLLCE-UHFFFAOYSA-N,PRRMJTGJEYLLCE,PubChem,22513043,,0.593220353126526
Cc1[nH]nc2c1c(=O)n(CCCN)c1cc3c(cc21)CCCC3,Non-blocker,Blocker,PRWDHDKGFWVGCB-UHFFFAOYSA-N,PRWDHDKGFWVGCB,eval_set_herg_70.csv,,,0.696428596973419
CCCCc1nc(Cl)c(CO)n1Cc1ccc(-c2ccccc2-c2nnn[nH]2)cc1,Blocker,Blocker,PSIFNNKUMBGKDQ-UHFFFAOYSA-N,PSIFNNKUMBGKDQ,eval_set_herg_70.csv,,,0.406976729631424
Clc1ccc(-n2c(-c3ccc(N4CCNCC4)nc3)nc3ccncc32)cc1,Blocker,Blocker,PSMHHQMMFQRLKJ-UHFFFAOYSA-N,PSMHHQMMFQRLKJ,data_herg_dev,,,0.661538481712341
O=C(N[C@@H]1C[C@H]2CCN(C2)C1)c1cc2ccoc2cn1,Non-blocker,Non-blocker,PTGWFYYEAUFEAS-ZYHUDNBSSA-N,PTGWFYYEAUFEAS,data_herg_dev,CHEMBL403858,,0.672727286815643
CC(C)(O)c1cccn2c(C3(c4ccc(Cl)cc4)CC3)nnc12,Non-blocker,Non-blocker,PTIFVLOBVCIMKL-UHFFFAOYSA-N,PTIFVLOBVCIMKL,data_herg_dev,CHEMBL4301600,,0.607843160629273
OCCc1nccn1Cn1cc(-c2ccc(S(F)(F)(F)(F)F)cc2)nn1,Non-blocker,Blocker,PTIUBUNBWISPMY-UHFFFAOYSA-N,PTIUBUNBWISPMY,eval_set_herg_60.csv,,,0.369230777025223
Cc1onc(-c2c(F)cccc2Cl)c1C(=O)/N=C(\N)N1C[C@@H](C)O[C@H](C)C1,Non-blocker,Non-blocker,PTJVYXIBOHPIRR-NXEZZACHSA-N,PTJVYXIBOHPIRR,PubChem,2804949,,0.46551725268364
FC(F)(F)c1ccc(Nc2ncnc3cc(-c4ncccc4C(F)(F)F)ccc23)nc1,Blocker,Blocker,PTKLUWQABAPTOX-UHFFFAOYSA-N,PTKLUWQABAPTOX,data_herg_dev,CHEMBL456571,,0.661016941070557
OCc1ccncc1,Non-blocker,Non-blocker,PTMBWNZJOQBTBK-UHFFFAOYSA-N,PTMBWNZJOQBTBK,PubChem,3246543,,0.61904764175415
O=C(Cc1ccccc1)Nc1ccc(S(=O)(=O)N2CCOCC2)cc1,Non-blocker,Non-blocker,PTNUCHKDWQYXLM-UHFFFAOYSA-N,PTNUCHKDWQYXLM,PubChem,997367,,0.641509413719177
CS(=O)(=O)N(CC(=O)N1CCN(c2ccccc2)CC1)c1cccc(Br)c1,Non-blocker,Non-blocker,PUBSPRZXVRZRAA-UHFFFAOYSA-N,PUBSPRZXVRZRAA,PubChem,1000784,,0.563636362552643
Cc1ccc(-c2nc(N)sc2CC(=O)OCC(=O)N[C@@H]2CCC[C@@H](C)[C@H]2C)cc1,Non-blocker,Non-blocker,PUDOZZTYLABBEU-BFYDXBDKSA-N,PUDOZZTYLABBEU,PubChem,5017051,,0.545454561710358
CCC(NCCc1ccccc1)=C1C(=O)NC(=O)NC1=O,Non-blocker,Non-blocker,PUMXDKQRJGQKLF-UHFFFAOYSA-N,PUMXDKQRJGQKLF,PubChem,1398862,,0.5625
Cc1cc2nc(C3CCN(Cc4nnnn4Cc4cccs4)CC3)[nH]c2cc1C,Blocker,Non-blocker,PUUYHYGBZGDZJR-UHFFFAOYSA-N,PUUYHYGBZGDZJR,PubChem,655425,,0.360465109348297
Cc1cc(C[C@H](CCCCNCc2ccc(F)cc2)C(=O)NO)cc(C)c1F,Blocker,Blocker,PVPXSRWESCVIBD-IBGZPJMESA-N,PVPXSRWESCVIBD,PubChem,24871655,22342144,0.684210538864136
CCOC(=O)Cn1nnc2c(sc3nc4c(c(-c5ccccc5)c32)CCC4)c1=O,Non-blocker,Non-blocker,PVTCNFFCFQDLGK-UHFFFAOYSA-N,PVTCNFFCFQDLGK,PubChem,8219179,,0.407894730567932
CNc1nc(C)nc(N2CCC(C(=O)NCc3ccc(Br)cc3OC(F)(F)F)CC2)n1,Blocker,Blocker,PVTFEAGMCGMRRS-UHFFFAOYSA-N,PVTFEAGMCGMRRS,data_herg_dev,CHEMBL2392692,,0.386666655540466
CCOc1ccc(NC(=O)C2CCN(S(=O)(=O)c3c(C)n[nH]c3C)CC2)cc1,Non-blocker,Non-blocker,PWCNTJKUTANGAU-UHFFFAOYSA-N,PWCNTJKUTANGAU,PubChem,3235948,,0.631578922271729
COc1cc(NC(=O)c2ccccc2)c(OC)cc1NC(=O)Cc1ccc(F)cc1,Non-blocker,Non-blocker,PWLPIGBGDXRUFT-UHFFFAOYSA-N,PWLPIGBGDXRUFT,PubChem,1318371,,0.475409835577011
Cc1oc(=O)oc1CN1CCN(c2cc3c(cc2F)c(=O)c(C(=O)O)c2n3C(C)S2)CC1,Blocker,Non-blocker,PWNMXPDKBYZCOO-UHFFFAOYSA-N,PWNMXPDKBYZCOO,eval_set_herg_70.csv,,,0.337209314107895
CCn1cncc1Cn1cc(-c2ccc(Cl)c(C(F)F)c2)cn1,Blocker,Blocker,PWOOSCZWCWFZKZ-UHFFFAOYSA-N,PWOOSCZWCWFZKZ,eval_set_herg_70.csv,,,0.631578922271729
CCOc1ccc(-c2nc(CSCC(=O)NCCN3CCOCC3)c(C)o2)cc1,Non-blocker,Non-blocker,PWPWVSKNSIPQJT-UHFFFAOYSA-N,PWPWVSKNSIPQJT,PubChem,3245551,,0.545454561710358
C[C@@H](Oc1ccc(Cl)cc1Cl)C(=O)NNC(=O)C(=O)N1CCCC1,Non-blocker,Non-blocker,PWUKWJMMJUHIRR-SECBINFHSA-N,PWUKWJMMJUHIRR,PubChem,3120249,,0.589285731315613
Oc1ccc(-c2nccs2)cc1,Non-blocker,Blocker,PXNRJZLHXKIISI-UHFFFAOYSA-N,PXNRJZLHXKIISI,PubChem,223840,,0.357142865657806
Cn1cncc1-c1cc2ccncc2n1-c1ccc(Cl)cc1,Blocker,Blocker,PXQSCMURJHEJSY-UHFFFAOYSA-N,PXQSCMURJHEJSY,eval_set_herg_70.csv,,,0.659090936183929
CC(C)(N)c1nc(-c2ccc(S(C)(=O)=O)cc2)c[nH]1,Non-blocker,Non-blocker,PXQWUVQQMMMFEB-UHFFFAOYSA-N,PXQWUVQQMMMFEB,data_herg_dev,CHEMBL4087838,,0.64102566242218
CCn1c(COc2ccc(Cl)c(C)c2)nnc1SCC(=O)N1CCCC1,Non-blocker,Non-blocker,PXSMOSNRZTYHMJ-UHFFFAOYSA-N,PXSMOSNRZTYHMJ,PubChem,647076,,0.460526317358017
Cc1cc(=O)[nH]c2cc3oc4ccccc4c3cc12,Non-blocker,Non-blocker,PXTUEOYAGPJNRJ-UHFFFAOYSA-N,PXTUEOYAGPJNRJ,PubChem,341872,,0.424242436885834
O=C1N[C@H]2CCCCN2C12CCN(CCCN1c3ccccc3CCc3ccc(Cl)cc31)CC2,Blocker,Blocker,PXUIZULXJVRBPC-AREMUKBSSA-N,PXUIZULXJVRBPC,PubChem,4257,,0.600000023841858
CC1=NC(c2ccc(F)cc2)(c2cccc(-c3cccnc3)c2)N=C1N,Non-blocker,Non-blocker,PXUUVOWXCHBBOB-UHFFFAOYSA-N,PXUUVOWXCHBBOB,data_herg_dev,CHEMBL2180024,,0.632653057575226
O=C(Oc1ccc2oc(=O)sc2c1)c1ccccc1F,Non-blocker,Non-blocker,PXVLCFQXIMMCOL-UHFFFAOYSA-N,PXVLCFQXIMMCOL,PubChem,705270,,0.421052634716034
COc1ccc(CCNS(=O)(=O)c2ccc(Br)cc2)cc1,Non-blocker,Non-blocker,PXXXUXRFAPYCDZ-UHFFFAOYSA-N,PXXXUXRFAPYCDZ,PubChem,1092303,,0.5625
Cn1nc(-c2ccc(Cl)cc2)c2cc(C(=O)NC[C@H]3CCCO3)sc21,Non-blocker,Non-blocker,PYJPAEPWXQGLJF-CYBMUJFWSA-N,PYJPAEPWXQGLJF,PubChem,5307848,,0.615384638309479
CCCCNS(=O)(=O)/C=C/c1ccccc1,Non-blocker,Non-blocker,PZDKTCRAXMQZTK-PKNBQFBNSA-N,PZDKTCRAXMQZTK,PubChem,2442127,,0.444444447755814
Cc1[nH]c(=O)c(C#N)cc1-c1ccncc1,Non-blocker,Non-blocker,PZRHRDRVRGEVNW-UHFFFAOYSA-N,PZRHRDRVRGEVNW,eval_set_herg_60.csv,,,0.360000014305115
Cn1ncc(C(=O)Nc2cncc(-c3cc(Cl)cc(Cl)c3)c2N2CCC(N)CC2)c1C(F)(F)F,Blocker,Blocker,PZYGPMIBLQNMOM-UHFFFAOYSA-N,PZYGPMIBLQNMOM,PubChem,164614581,34626901,0.666666686534882
CC(C)[C@@]1(C)OC(c2cccc(F)c2F)N(CC(=O)Nc2ccc3c(c2)C[C@@]2(C3)C(=O)NC(=O)N2C)C1=O,Non-blocker,Non-blocker,QAFMFWWLVBBJBU-ISTZZABQSA-N,QAFMFWWLVBBJBU,eval_set_herg_70.csv,,,0.623376607894898
O=C(CN1CCN(c2ccc(Cl)cc2)CC1)Nc1ccc(F)c(F)c1,Non-blocker,Non-blocker,QATJTGDMWFQPQZ-UHFFFAOYSA-N,QATJTGDMWFQPQZ,PubChem,3239543,,0.591836750507355
CCOCCCNS(=O)(=O)c1ccc(NC(=O)Cc2c(F)cccc2Cl)cc1,Non-blocker,Non-blocker,QBNISVODXBGGSZ-UHFFFAOYSA-N,QBNISVODXBGGSZ,PubChem,2229490,,0.450704216957092
CCCOc1ccc2[nH]c(C(=O)N/N=C/c3cc(OC)c(OC)c(OC)c3)cc2c1,Non-blocker,Non-blocker,QCCYKFXIVXUHFI-YDZHTSKRSA-N,QCCYKFXIVXUHFI,PubChem,9696279,,0.434782594442368
CCOC(=O)c1c(CN2CCOCC2)n(-c2ccccc2)c2cc(Br)c(O)cc12,Non-blocker,Non-blocker,QCILYEVZKRWOPC-UHFFFAOYSA-N,QCILYEVZKRWOPC,PubChem,2882036,,0.5
CC(C)c1ccc(OCC(=O)/N=C2\NCCS2)cc1,Non-blocker,Non-blocker,QCORSLKKWMTCMZ-UHFFFAOYSA-N,QCORSLKKWMTCMZ,PubChem,1086015,,0.645833313465118
Cc1ccc(OCCOc2cccc(/C=C3/C(=O)NC(=O)N=C3O)c2)cc1,Non-blocker,Non-blocker,QCQXOITVFPKAFQ-UHFFFAOYSA-N,QCQXOITVFPKAFQ,PubChem,2293976,,0.50877195596695
C[C@@H](OC(=O)c1cccc(O)c1)C(=O)N(C)Cc1ccccc1,Non-blocker,Non-blocker,QDFXNGGBWSSQBB-CYBMUJFWSA-N,QDFXNGGBWSSQBB,PubChem,24688026,,0.482758611440659
O=C(NCc1ccc2c(c1)OCO2)c1ccc([C@H]2SCC(=O)N2Cc2ccco2)cc1,Non-blocker,Non-blocker,QDKWQOVHUQNINE-HSZRJFAPSA-N,QDKWQOVHUQNINE,PubChem,2956931,,0.492063492536545
Cc1cc(C)cc(C(=O)NCCC(=O)NCc2cc(=O)n(C)c(=O)n2C)c1,Non-blocker,Non-blocker,QDPVTIMGDNTHOZ-UHFFFAOYSA-N,QDPVTIMGDNTHOZ,PubChem,8069639,,0.362068951129913
COc1ccc(CCNC(=O)COC(=O)/C=C/c2cccc(F)c2)cc1,Non-blocker,Non-blocker,QDQXOKKFKCUBNE-JXMROGBWSA-N,QDQXOKKFKCUBNE,PubChem,2423213,,0.644067823886871
CC(C)c1nccn1S(=O)(=O)c1cc(Cl)ccc1Cl,Blocker,Non-blocker,QDZGXGTWFYTNRW-UHFFFAOYSA-N,QDZGXGTWFYTNRW,PubChem,794380,,0.425531923770905
O[C@H](c1cc(-c2ccccc2)nc2c1ccc1ccccc12)[C@H]1CCCCN1,Blocker,Blocker,QEFWYSWSVVMRHO-RCZVLFRGSA-N,QEFWYSWSVVMRHO,PubChem,408460,,0.642857134342194
CN(CC(=O)Nc1ccccc1C(=O)N1CCCC1)S(=O)(=O)c1ccc(Br)cc1,Non-blocker,Non-blocker,QEHJWKDNCOXHCA-UHFFFAOYSA-N,QEHJWKDNCOXHCA,PubChem,1255935,,0.483870953321457
Clc1ccc(CC2CC[N+](CCc3ccccc3)(CCc3ccccc3)CC2)cc1,Blocker,Blocker,QEPDZFYNUHRSGL-UHFFFAOYSA-N,QEPDZFYNUHRSGL,eval_set_herg_60.csv,,,0.600000023841858
COC(=O)c1c(NC(=O)c2ccc(C)cc2)csc1C,Non-blocker,Non-blocker,QESSUXRKIAMOIU-UHFFFAOYSA-N,QESSUXRKIAMOIU,PubChem,2808343,,0.595238089561462
Cc1ccc(OCCCc2cc(N)cc(CCCOc3ccc(C)cc3)n2)cc1,Blocker,Blocker,QFABWSMCBRDEAQ-UHFFFAOYSA-N,QFABWSMCBRDEAQ,CUPID,71605377,23473309,0.488372087478638
S=C1SCN(Cc2ccccc2)CN1Cc1ccccc1,Non-blocker,Non-blocker,QFVAWNPSRQWSDU-UHFFFAOYSA-N,QFVAWNPSRQWSDU,data_herg_dev,,67686,0.631578922271729
O=C(O)CCC(=O)NCCC1=c2ccccc2=N/C1=C\c1c(O)[nH]c(=S)n(Cc2ccc(F)cc2)c1=O,Non-blocker,Blocker,QFXGOLWITVIPJA-BKUYFWCQSA-N,QFXGOLWITVIPJA,PubChem,135630536,,0.364705890417099
COCCNC(=O)[C@@H](c1ccc(C)o1)N(Cc1ccc(OC)cc1)C(=O)Cn1nnc2ccccc21,Non-blocker,Blocker,QGPFHOMUYPRZKL-RUZDIDTESA-N,QGPFHOMUYPRZKL,PubChem,647835,,0.620253145694733
Cc1ccc2[nH]c(C(=O)N3CCC(CC(C)(C)O)CC3)cc2c1,Non-blocker,Non-blocker,QGUMEWLTIYRZFH-UHFFFAOYSA-N,QGUMEWLTIYRZFH,data_herg_dev,CHEMBL2413849,,0.430769234895706
N#C[C@@H]1CCCN1C(=O)[C@@H]1CN(Cc2ccc(-c3csnn3)cc2)C[C@@H]1N,Non-blocker,Blocker,QGXOFEQXIHYJAU-BBWFWOEESA-N,QGXOFEQXIHYJAU,eval_set_herg_70.csv,,,0.681159436702728
Cc1ccc(C)c(NC(=O)CN(C)C(=O)COc2ccc3ccccc3c2)c1,Non-blocker,Non-blocker,QGYUHIXUDPQIAD-UHFFFAOYSA-N,QGYUHIXUDPQIAD,PubChem,2517679,,0.552238821983337
O=C(Nc1cc(-c2nc3ccccc3s2)ccc1Cl)c1ccc2c(c1)OCO2,Non-blocker,Non-blocker,QGYZAWCNJCDUSE-UHFFFAOYSA-N,QGYZAWCNJCDUSE,PubChem,1090028,,0.637931048870087
CS(=O)(=O)Nc1ccc(C(=O)N2CC(=O)Nc3ccccc32)cc1,Non-blocker,Non-blocker,QHLIGAFFKXQGSR-UHFFFAOYSA-N,QHLIGAFFKXQGSR,PubChem,6458428,,0.473684221506119
CCN(CC)c1nc(C)cc(OP(=S)(OC)OC)n1,Non-blocker,Non-blocker,QHOQHJPRIBSPCY-UHFFFAOYSA-N,QHOQHJPRIBSPCY,data_herg_dev,,34526,0.306122452020645
CCN(CC)C(=O)SCc1ccc(Cl)cc1,Non-blocker,Non-blocker,QHTQREMOGMZHJV-UHFFFAOYSA-N,QHTQREMOGMZHJV,data_herg_dev,,34192,0.372093021869659
CC(C)(C(=O)O)N1CCC(C(=O)NC2CCN(Cc3cccc(Oc4ccccc4Cl)c3)CC2)(c2ccccc2)C1,Blocker,Blocker,QIDWKMNIWOOQON-UHFFFAOYSA-N,QIDWKMNIWOOQON,data_herg_dev,CHEMBL205993,,0.620253145694733
Cc1nn(-c2ccccc2)c(O)c1C(c1ccccc1C(=O)O)c1c(C)nn(-c2ccccc2)c1O,Non-blocker,Non-blocker,QIKHEXUSVZEXRA-UHFFFAOYSA-N,QIKHEXUSVZEXRA,PubChem,3656976,,0.444444447755814
CCC(O)C(CC(C)N(C)C)(c1ccccc1)c1ccccc1,Non-blocker,Non-blocker,QIRAYNIFEOXSPW-UHFFFAOYSA-N,QIRAYNIFEOXSPW,eval_set_herg_70.csv,,,0.604651153087616
O[C@@H](CN1CCN(c2cccc(Cl)c2)CC1)C(c1ccccc1)c1ccccc1,Blocker,Blocker,QJHCTHPYUOXOGM-DEOSSOPVSA-N,QJHCTHPYUOXOGM,PubChem,11957475,,0.549019634723663
Cc1cc(C(=O)NNC(=O)c2cccc([N+](=O)[O-])c2)n[nH]1,Blocker,Non-blocker,QKMVWKSVCHEOJQ-UHFFFAOYSA-N,QKMVWKSVCHEOJQ,PubChem,4028568,,0.482758611440659
C=CCSc1nc(C)c(CC=C)c(=O)[nH]1,Non-blocker,Non-blocker,QKOBFNINEWREKY-UHFFFAOYSA-N,QKOBFNINEWREKY,PubChem,135418926,,0.5686274766922
Cc1ccc(C(=O)Nc2ncccc2O)o1,Non-blocker,Non-blocker,QKOWCYNDVVPWMY-UHFFFAOYSA-N,QKOWCYNDVVPWMY,PubChem,24981940,,0.444444447755814
COc1ccc(CN2CCNC(=O)[C@H]2CC(=O)N(C)Cc2ccon2)c(OC)c1,Non-blocker,Non-blocker,QLFUMYAVGDXHHW-QGZVFWFLSA-N,QLFUMYAVGDXHHW,PubChem,16188496,,0.556962013244629
CN1Cc2cc(N3CCOCC3)ccc2C(c2ccc3sccc3c2)C1,Blocker,Blocker,QLQQUDCJVQOCBW-UHFFFAOYSA-N,QLQQUDCJVQOCBW,CUPID,CUPID,,0.338028162717819
C[C@]12N[C@H](Cc3ccccc31)c1ccccc12.O=C(O)/C=C\C(=O)O,Non-blocker,Blocker,LBOJYSIDWZQNJS-CVEARBPZSA-N,QLTXKCWMEZIHBJ,data_herg_dev,,6420042,0.291666656732559
CCOc1ncccc1C(=O)OCC(=O)Nc1ccc(C)c(S(=O)(=O)N(C)C)c1,Non-blocker,Non-blocker,QMHIQUUIBMTLEM-UHFFFAOYSA-N,QMHIQUUIBMTLEM,PubChem,3896374,,0.546875
COc1cc(C2=CC3=NOC[C@H](c4cc(F)c(F)c(F)c4)N3CCC2)ccc1-n1cnc(C)c1,Blocker,Blocker,QMLSYCXFYJARPA-JOCHJYFZSA-N,QMLSYCXFYJARPA,PubChem,156016959,32786237,0.684210538864136
C[C@H](CCc1ccccc1)NC(=O)c1ccc(NC(=O)c2cccc(Br)c2)cc1,Non-blocker,Non-blocker,QMRYHVCFLOCYFD-QGZVFWFLSA-N,QMRYHVCFLOCYFD,PubChem,2946068,,0.557692289352417
Cc1cc([N+](=O)[O-])nn1CC(=O)Nc1c(C)n(C)n(-c2ccccc2)c1=O,Non-blocker,Non-blocker,QNDROVVEPPUVOD-UHFFFAOYSA-N,QNDROVVEPPUVOD,PubChem,1509705,,0.566666662693024
O=C1N(c2cccnc2C(F)(F)F)CC2(CCN(CCc3ccccc3F)CC2)OC12CC2,Blocker,Blocker,QNSPFRSAEHVDGL-UHFFFAOYSA-N,QNSPFRSAEHVDGL,data_herg_dev,CHEMBL4461774,,0.573333323001862
CCCC[C@H]1C(=O)N(C[C@H]2CC[C@H](OCC)CC2)CCC12CCN(C1(C)CCN(C(=O)c3c(C)ncnc3C)CC1)CC2,Non-blocker,Blocker,QOJYCEFGDGHBCC-DTXPUJKBSA-N,QOJYCEFGDGHBCC,PubChem,25230828,19014885,0.368421047925949
CCCC[N+](CCCC)CC(O)c1cc(Cl)cc2c1-c1ccc(Cl)cc1/C2=C\c1ccc(Cl)cc1,Blocker,Blocker,QOPBRVUVSGSTDY-MFKUBSTISA-N,QOPBRVUVSGSTDY,eval_set_herg_70.csv,,,0.684210538864136
CC(C)(C)n1nnnc1[C@@H](c1cc2cc3c(cc2[nH]c1=O)OCCO3)N1CCSCC1,Non-blocker,Blocker,QOTDCCJXIFWQLX-GOSISDBHSA-N,QOTDCCJXIFWQLX,PubChem,651976,,0.526315808296204
CCOc1ccc(C(=O)NCC(=O)NNC(=O)c2cc(C)oc2C)cc1OCC,Non-blocker,Non-blocker,QOTIYZSFAJJSLC-UHFFFAOYSA-N,QOTIYZSFAJJSLC,PubChem,4787471,,0.423728823661804
CC(=O)N[C@@]12C[C@H]3C[C@@H](C1)C[C@](C(=O)N(C)CC(=O)Nc1cccc(F)c1)(C3)C2,Non-blocker,Non-blocker,QPDLTNBVAQLIPW-WGKKAQPQSA-N,QPDLTNBVAQLIPW,PubChem,25163719,,0.416666656732559
COCCN(C)c1ncc(-c2nc3ccncc3n2-c2ccc(C)cc2)cn1,Blocker,Blocker,QPDXCTUIFSTHQD-UHFFFAOYSA-N,QPDXCTUIFSTHQD,eval_set_herg_60.csv,,,0.532258093357086
Cc1cc(/C=N/n2cnnc2)c(C)n1-c1ccc(C(=O)O)cc1,Non-blocker,Non-blocker,QPPIHGNVNIMMFK-UFWORHAWSA-N,QPPIHGNVNIMMFK,PubChem,6858377,,0.46000000834465
O=C1c2ccccc2C(=O)N1C/C=C/CN1C(=O)c2ccccc2C1=O,Blocker,Non-blocker,QPWMZOCQKSFBNO-AATRIKPKSA-N,QPWMZOCQKSFBNO,PubChem,1551584,,0.428571432828903
Cc1ccc(S(=O)(=O)N/N=C\c2ccc3c(c2)OCO3)cc1C,Non-blocker,Non-blocker,QQAGEJZIKXNHQJ-MFOYZWKCSA-N,QQAGEJZIKXNHQJ,PubChem,25237235,,0.561403512954712
CCOC(=O)C1CCN(S(=O)(=O)c2cccc3nonc23)CC1,Non-blocker,Blocker,QQGYIUWHCLRFBE-UHFFFAOYSA-N,QQGYIUWHCLRFBE,PubChem,2813445,,0.625
Cc1ccc(NC(=O)c2c(-c3ccccc3)csc2NC(=O)CC(C)C)c(C)c1,Non-blocker,Non-blocker,QQVHDRFXALQZIK-UHFFFAOYSA-N,QQVHDRFXALQZIK,PubChem,2195944,,0.426470577716827
N#CC1=C(N)Oc2ccc3ccccc3c2[C@H]1c1cccnc1,Non-blocker,Blocker,QRROZYHGCJIAJU-KRWDZBQOSA-N,QRROZYHGCJIAJU,PubChem,2839492,,0.586206912994385
CC(=O)COc1ccc2cc(-c3ccccc3)c(=O)oc2c1,Non-blocker,Non-blocker,QRWTUBWNGMPQJR-UHFFFAOYSA-N,QRWTUBWNGMPQJR,PubChem,1265303,,0.491228073835373
COC(=O)C1=C(C)N(Cc2ccccc2)C(=O)N[C@H]1c1cccs1,Non-blocker,Non-blocker,QSCSZGHILKIHDK-INIZCTEOSA-N,QSCSZGHILKIHDK,PubChem,16745569,,0.589285731315613
C/C(=N\Nc1ccc(S(=O)(=O)N2CCOCC2)cc1[N+](=O)[O-])C(C)C,Non-blocker,Non-blocker,QSEGVTDFOQPCDJ-FOWTUZBSSA-N,QSEGVTDFOQPCDJ,PubChem,9658789,,0.516129016876221
CC(C)N1CCC[C@H](Cn2c(CN(C)[C@H]3CCCc4cccnc43)nc3ccccc32)C1,Non-blocker,Blocker,QSKQVYGGIODIIN-OFVILXPXSA-N,QSKQVYGGIODIIN,PubChem,15959068,20207537,0.432098776102066
CCCC(=O)N1CCN(c2ccc(NC(=O)c3ccc(OCC)c([N+](=O)[O-])c3)cc2)CC1,Non-blocker,Non-blocker,QSOFWYKLHNGPFW-UHFFFAOYSA-N,QSOFWYKLHNGPFW,PubChem,2950226,,0.625
Cc1cc(/C=C2\SC(Nc3ccccc3)=NC2=O)c(C)n1-c1ccccc1,Non-blocker,Non-blocker,QTDBAHFMTAMGMZ-ZHZULCJRSA-N,QTDBAHFMTAMGMZ,eval_set_herg_60.csv,,,0.435483872890472
Cc1cccnc1CN1CCC2(NC(=O)N(c3ccc(-c4ccccc4)cc3)C2=O)C(C(=O)O)C1,Non-blocker,Non-blocker,QTFWXVJHEFHBIN-UHFFFAOYSA-N,QTFWXVJHEFHBIN,eval_set_herg_70.csv,,,0.609756112098694
O=S(=O)(NCC1(N2CCOCC2)CCCCC1)c1ccc(F)c(F)c1F,Non-blocker,Non-blocker,QTUYTGOLSQXABD-UHFFFAOYSA-N,QTUYTGOLSQXABD,PubChem,8351269,,0.370967745780945
Brc1cccc2nc(C#Cc3ccccn3)ccc12,Non-blocker,Non-blocker,QUNXIQXRXOIXOR-UHFFFAOYSA-N,QUNXIQXRXOIXOR,eval_set_herg_70.csv,,,0.384615391492844
COc1cccc(OC)c1-c1nnc(-c2cn(C)c3ccccc23)o1,Non-blocker,Non-blocker,QUOJXZWKBRKFRC-UHFFFAOYSA-N,QUOJXZWKBRKFRC,PubChem,647491,,0.400000005960465
O=C(c1cccc2c1OC(c1ccc(-c3ccccc3)cc1)CC2)N1CCCC1,Blocker,Blocker,QVBHCFGSOSHZJU-UHFFFAOYSA-N,QVBHCFGSOSHZJU,eval_set_herg_60.csv,,,0.455882340669632
Oc1ccc(-c2cc3c(CN4CCC5(COC5)C4)c(O)ccc3o2)cc1,Blocker,Blocker,QVXCPPOPYYJCBN-UHFFFAOYSA-N,QVXCPPOPYYJCBN,PubChem,166634297,34910486,0.596774220466614
C/C(=N\Nc1ccccc1)c1cccs1,Non-blocker,Non-blocker,QWAZWODLXPIHLO-JLHYYAGUSA-N,QWAZWODLXPIHLO,PubChem,5863488,,0.567567586898804
O=C(COC(=O)c1cc(S(=O)(=O)N2CCCC2)ccc1O)Nc1ccc(S(=O)(=O)N2CCOCC2)cc1,Non-blocker,Non-blocker,QWJPWZFRYMAAFU-UHFFFAOYSA-N,QWJPWZFRYMAAFU,PubChem,3970101,,0.576271176338196
COc1ccccc1NC(=S)NCc1ccco1,Non-blocker,Non-blocker,QWSMHDHCWJOETE-UHFFFAOYSA-N,QWSMHDHCWJOETE,PubChem,694028,,0.5
CC(C)Cn1c(SCC(=O)Nc2ccc3[nH]c(=O)[nH]c3c2)nc2ccccc2c1=O,Non-blocker,Non-blocker,QXHQWWLKIBPDFM-UHFFFAOYSA-N,QXHQWWLKIBPDFM,PubChem,24687090,,0.621212124824524
CCS(=O)(=O)Nc1cc(C(=O)OC)ccc1C(=O)OC,Non-blocker,Non-blocker,QXJMVVRILWFLCB-UHFFFAOYSA-N,QXJMVVRILWFLCB,PubChem,896631,,0.461538463830948
CC(C)n1nc(-c2nnc(C3CCN(CC4(O)CCCC4)CC3)o2)c2ccccc21,Blocker,Blocker,QYBKTHNZAMSHMF-UHFFFAOYSA-N,QYBKTHNZAMSHMF,PubChem,171351519,34251799,0.666666686534882
COc1ccc(S(=O)(=O)N2C[C@H](O)C[C@@H]2C(=O)OCC(=O)Nc2ccc(Cl)cn2)cc1,Non-blocker,Non-blocker,QYEIXNFTLDOHBA-CZUORRHYSA-N,QYEIXNFTLDOHBA,PubChem,2998188,,0.513513505458832
N[C@@H](C(=O)N[C@@H]1C(=O)N2C(C(=O)O)=C(Cl)CS[C@H]12)c1ccccc1,Non-blocker,Non-blocker,QYIYFLOTGYLRGG-GPCCPHFNSA-N,QYIYFLOTGYLRGG,PubChem,40958,,0.407894730567932
O=C(CN(Cc1ccco1)C(=O)CNS(=O)(=O)c1ccc(F)cc1)NCc1ccc(F)cc1,Non-blocker,Non-blocker,QYQYCUZKCJMDEG-UHFFFAOYSA-N,QYQYCUZKCJMDEG,PubChem,649268,,0.637681186199188
CCN(CCO)CCCOc1ccc2c(Nc3cc(CC(=O)Nc4cccc(F)c4)[nH]n3)ncnc2c1,Non-blocker,Non-blocker,QYZOGCMHVIGURT-UHFFFAOYSA-N,QYZOGCMHVIGURT,data_herg_dev,CHEMBL215152,,0.578947365283966
CC1=CC(=NOC(=O)c2cccc([N+](=O)[O-])c2)C=C(C)C1=O,Non-blocker,Non-blocker,QZWBWWQHXCDALU-UHFFFAOYSA-N,QZWBWWQHXCDALU,PubChem,885433,,0.438596487045288
CS(=O)(=O)Nc1ccc(OCC(O)CNCCOc2ccc(-n3ccnc3)cc2)cc1,Blocker,Blocker,QZWUQVSQIFFFKY-UHFFFAOYSA-N,QZWUQVSQIFFFKY,eval_set_herg_60.csv,,,0.546875
CC(C)(O)c1ccc(C(O)CCC[N+]2CCC(C(O)(c3ccccc3)c3ccccc3)CC2)cc1,Non-blocker,Non-blocker,QZZLQXZHKPPSLA-UHFFFAOYSA-N,QZZLQXZHKPPSLA,eval_set_herg_70.csv,,,0.559322059154511
CON(C)C(=O)C[C@@H]1C[C@@H](O)CN1C(=O)OC(C)(C)C,Non-blocker,Non-blocker,RABYIHVGOJFWCZ-VHSXEESVSA-N,RABYIHVGOJFWCZ,PubChem,44202083,,0.267605632543564
CS(=O)(=O)c1cccc(-c2cnn(Cc3cc[nH]n3)c2)c1,Blocker,Blocker,RAFYHYBKKVGIIK-UHFFFAOYSA-N,RAFYHYBKKVGIIK,eval_set_herg_70.csv,,,0.600000023841858
COc1c(F)cccc1CC(c1ccccc1)N1CCNCC1,Non-blocker,Non-blocker,RANMCMHHAKTCAZ-UHFFFAOYSA-N,RANMCMHHAKTCAZ,data_herg_dev,CHEMBL1086273,,0.68085104227066
COc1cc(CNC2CCCCCCC2)c(Br)cc1OCCO,Non-blocker,Non-blocker,RAZSTMZKMGDMBW-UHFFFAOYSA-N,RAZSTMZKMGDMBW,PubChem,2984812,,0.490196079015732
Cc1nc2n(c(=O)c1CCN1CCC(C(=O)c3ccc(F)cc3)CC1)CCS2,Blocker,Blocker,RBGAHDDQSRBDOG-UHFFFAOYSA-N,RBGAHDDQSRBDOG,PubChem,68604,,0.467741936445236
CCSCN(c1ccc(Cl)c(Cl)c1)C1CCNCC1,Blocker,Blocker,RCTBNUPUXPZKMD-UHFFFAOYSA-N,RCTBNUPUXPZKMD,eval_set_herg_70.csv,,,0.588235318660736
Cc1cc(N[C@H](CCCCNCc2ccc(F)cc2)C(=O)NO)cc(C)c1F,Blocker,Blocker,RCTYLDJWEDNGIO-LJQANCHMSA-N,RCTYLDJWEDNGIO,PubChem,24871537,22342144,0.684210538864136
O=C(Nc1ccc2nc(-c3cccnc3)[nH]c2c1)c1ccccc1F,Non-blocker,Non-blocker,RCXGQDPHZKTBKW-UHFFFAOYSA-N,RCXGQDPHZKTBKW,PubChem,1084667,,0.661016941070557
Cc1ccccc1Cn1cc(C(=O)NCC2CC2)c2ncccc21,Non-blocker,Non-blocker,RDCIWHBJIFMTBV-UHFFFAOYSA-N,RDCIWHBJIFMTBV,data_herg_dev,CHEMBL3109798,,0.646153867244721
Cc1ccc(S(=O)(=O)c2nc(C)oc2NCc2ccccc2)cc1,Non-blocker,Non-blocker,RDCOWDPBDDSINA-UHFFFAOYSA-N,RDCOWDPBDDSINA,PubChem,747408,,0.4375
NS(=O)(=O)c1ccc(NC(=O)COC(=O)CCNC(=O)N[C@]23C[C@H]4C[C@H](C[C@H](C4)C2)C3)cc1,Non-blocker,Non-blocker,RDEFQPLFUCRDMC-OFWUGVANSA-N,RDEFQPLFUCRDMC,PubChem,2998875,,0.420289844274521
Cc1nc2ccccc2c2c1C(=O)N=C2O,Non-blocker,Non-blocker,RDOYVWRCQYHNHO-UHFFFAOYSA-N,RDOYVWRCQYHNHO,PubChem,611339,,0.538461565971375
CN(C)c1ccc(-c2nc3ccncc3n2-c2ccc(F)cc2)cn1,Blocker,Blocker,RECFYTHQLNPCBY-UHFFFAOYSA-N,RECFYTHQLNPCBY,eval_set_herg_70.csv,,,0.603448271751404
O=C(O)COc1nc(Cl)c(Cl)cc1Cl,Non-blocker,Non-blocker,REEQLXCGVXDJSQ-UHFFFAOYSA-N,REEQLXCGVXDJSQ,PubChem,41428,,0.404761910438538
O=C(C(=O)N1CCN(c2ccc(F)cc2)CC1)c1c[nH]c2ccccc12,Non-blocker,Non-blocker,REFPPQQWJGNSBN-UHFFFAOYSA-N,REFPPQQWJGNSBN,PubChem,7087091,,0.660000026226044
O=C(CCN1C(=O)/C(=C\C=C\c2ccccc2)SC1=S)Nc1cccc(C(=O)O)c1,Non-blocker,Blocker,REKMQJYETOXPRJ-VZGYRVSQSA-N,REKMQJYETOXPRJ,PubChem,1321268,,0.605633795261383
CCCc1cc(=O)[nH]c(Nc2ccc(OC)c(Cl)c2)n1,Non-blocker,Non-blocker,REMURMHSYHBNEX-UHFFFAOYSA-N,REMURMHSYHBNEX,PubChem,135459611,,0.375
COc1ccc(-c2csc(C3=C(N)N(C(C)C)CC3=O)n2)cc1OC,Non-blocker,Non-blocker,REOALZQNOIUFGL-UHFFFAOYSA-N,REOALZQNOIUFGL,PubChem,135400766,,0.5
Cc1nn(-c2ccccc2)c(O)c1/N=N/c1cccc(C(=O)O)c1,Non-blocker,Non-blocker,REVBNJNKIVPYJF-VHEBQXMUSA-N,REVBNJNKIVPYJF,PubChem,682543,,0.660000026226044
CCCOc1ccccc1-c1nc2[nH]nnc2c(=O)[nH]1,Non-blocker,Non-blocker,REZGGXNDEMKIQB-UHFFFAOYSA-N,REZGGXNDEMKIQB,eval_set_herg_60.csv,,,0.322580635547638
OC(Cn1cncn1)(Cn1cncn1)c1ccc(F)cc1F,Non-blocker,Non-blocker,RFHAOTPXVQNOHP-UHFFFAOYSA-N,RFHAOTPXVQNOHP,eval_set_herg_60.csv,,,0.584905683994293
C[C@@H](NC(=O)c1cccc(Cl)c1)[C@@H]1C[C@@H]2CC[C@H]1C2,Non-blocker,Non-blocker,RFRFDCULURPQDK-FJJYHAOUSA-N,RFRFDCULURPQDK,PubChem,4402823,,0.607843160629273
C[C@]12Cc3nonc3C[C@@H]1CC[C@@H]1[C@@H]2CC[C@@]2(C)[C@H]1CC[C@]2(C)O,Non-blocker,Non-blocker,RGLLOUBXMOGLDQ-IVEVATEUSA-N,RGLLOUBXMOGLDQ,data_herg_dev,,14708,0.560000002384186
O=C1OC2(c3ccc([O-])cc3Oc3cc([O-])ccc32)c2ccccc21.[Na+].[Na+],Non-blocker,Blocker,GNBHRKFJIUUOQI-UHFFFAOYSA-L,RGPLGPBQJOQFJS,eval_set_herg_70.csv,,,0.692307710647583
Cc1nccn1C[C@@H](O)COc1ccccc1,Non-blocker,Non-blocker,RHTXCFRIEYHAHM-GFCCVEGCSA-N,RHTXCFRIEYHAHM,PubChem,3144349,,0.659574449062347
Cc1cc(N2CC[C@H](N3CCC[C@@H]3C)C2)ccc1NC(=O)C1CCOCC1,Non-blocker,Non-blocker,RIVHKFKXQNJYDP-PXNSSMCTSA-N,RIVHKFKXQNJYDP,data_herg_dev,CHEMBL2441636,,0.646153867244721
CCCC[Sn](Cl)(Cl)CCCC,Non-blocker,Non-blocker,RJGHQTVXGKYATR-UHFFFAOYSA-L,RJGHQTVXGKYATR,eval_set_herg_70.csv,,,0.529411792755127
COc1ccc(CC(=O)N2CCN(c3ccccc3)CC2)cc1OC,Non-blocker,Non-blocker,RKANZFVMJQLDRG-UHFFFAOYSA-N,RKANZFVMJQLDRG,PubChem,783637,,0.60869562625885
Cc1sc(/N=C(\O)C2=COCCO2)nc1-c1ccc(Cl)cc1,Non-blocker,Non-blocker,RKKWORPIGNLUSQ-UHFFFAOYSA-N,RKKWORPIGNLUSQ,PubChem,16583100,,0.528301894664764
CC(=O)c1c(S)nc(-c2ccccc2)nc1NC(=O)c1ccccc1,Non-blocker,Blocker,RKNWDNVKVPSWCW-UHFFFAOYSA-N,RKNWDNVKVPSWCW,PubChem,3327769,,0.577777802944183
COc1cccc(/C=N/NC(=O)c2cc3c(OC)c(OC)ccc3[nH]2)c1OC,Non-blocker,Non-blocker,RKSQGNNQXZLBHE-SRZZPIQSSA-N,RKSQGNNQXZLBHE,PubChem,6887243,,0.508474588394165
CCCOc1ccc(CN(CCC#N)C(=S)/N=C(\O)c2ccccc2)cc1,Non-blocker,Blocker,RKWQBNIOSHLFPE-UHFFFAOYSA-N,RKWQBNIOSHLFPE,PubChem,1910312,,0.467741936445236
c1cc2c3c(c1)ccc1cccc(c13)C2,Non-blocker,Non-blocker,RKZDZWJDQTZDLD-UHFFFAOYSA-N,RKZDZWJDQTZDLD,data_herg_dev,CHEMBL1491899,,0.555555582046509
CN[C@@H]1Cc2cccc3[nH]c(=O)n(c23)C1,Non-blocker,Blocker,RKZSNTNMEFVBDT-MRVPVSSYSA-N,RKZSNTNMEFVBDT,eval_set_herg_60.csv,,,0.300000011920929
Cc1cc(C(=O)Nc2ccccc2C(=O)O)ccc1NC(=O)COc1ccccc1Cl,Blocker,Non-blocker,RLXKQEJDCIUROD-UHFFFAOYSA-N,RLXKQEJDCIUROD,PubChem,2192862,,0.52238804101944
Cc1ccc([N+](=O)[O-])cc1[N+](=O)[O-],Non-blocker,Non-blocker,RMBFBMJGBANMMK-UHFFFAOYSA-N,RMBFBMJGBANMMK,data_herg_dev,CHEMBL259865,,0.586206912994385
COP(=O)(OC)C1(Nc2ccc(C)cc2)CCCCC1,Non-blocker,Non-blocker,RMBQRFBEFYHBGW-UHFFFAOYSA-N,RMBQRFBEFYHBGW,PubChem,2053661,,0.339622646570206
COc1ccc(CC(=O)N[C@H](C)c2ccc(Cl)c(Cl)c2)cc1S(=O)(=O)N1CCOCC1,Non-blocker,Non-blocker,RMPFRQFUFBUKAL-CQSZACIVSA-N,RMPFRQFUFBUKAL,PubChem,25163215,,0.628571450710297
Cc1c(C(=O)c2ccc(Cl)c(Cl)c2)cnc2cc3c(cc12)OCO3,Non-blocker,Non-blocker,RMXHLEDDJIDKFQ-UHFFFAOYSA-N,RMXHLEDDJIDKFQ,PubChem,1046828,,0.360655725002289
CC(CO)c1ccccc1,Non-blocker,Non-blocker,RNDNSYIPLPAXAZ-UHFFFAOYSA-N,RNDNSYIPLPAXAZ,data_herg_dev,,14295,0.541666686534882
CC1(C)[C@@]2(C(=O)OC3CCCCC3)CC[C@]1(C)C(=O)O2,Non-blocker,Blocker,RNGQAUFDEMJDBY-CVEARBPZSA-N,RNGQAUFDEMJDBY,PubChem,6473162,,0.407407402992249
Nc1cc(-c2ccncc2)c[nH]c1=O,Blocker,Non-blocker,RNLQIBCLLYYYFJ-UHFFFAOYSA-N,RNLQIBCLLYYYFJ,eval_set_herg_60.csv,,,0.333333343267441
CCN1CCN([C@@H](CNS(=O)(=O)c2cccs2)c2cccnc2)CC1,Non-blocker,Non-blocker,ROFVIGVNDRSCAJ-INIZCTEOSA-N,ROFVIGVNDRSCAJ,PubChem,16194574,,0.493333339691162
CC(C)(C)c1ccc(NC(=O)N2CCN(c3ncccc3Cl)CC2)cc1,Non-blocker,Blocker,ROGUAPYLUCHQGK-UHFFFAOYSA-N,ROGUAPYLUCHQGK,CUPID,CUPID,,0.5
Cc1cc(NC(=O)CCOc2ccc(F)cc2)no1,Non-blocker,Non-blocker,ROHUPZWQDJRIOG-UHFFFAOYSA-N,ROHUPZWQDJRIOG,PubChem,2739505,,0.491228073835373
CCCN(CC(=O)Nc1ccccc1C)C(=O)Cc1cccs1,Non-blocker,Non-blocker,ROUHJURWDFEXOS-UHFFFAOYSA-N,ROUHJURWDFEXOS,PubChem,25161849,,0.600000023841858
Cn1c(C2CC2)nc2ccc(-n3ccc(OCc4ccc(Cl)s4)cc3=O)cc21,Blocker,Blocker,RPFBZAHRSRZYGF-UHFFFAOYSA-N,RPFBZAHRSRZYGF,data_herg_dev,CHEMBL3792516,,0.441558450460434
CC(C)(C)Cc1nnc(NS(=O)(=O)c2ccc(F)cc2)s1,Non-blocker,Non-blocker,RPODJOFYGYNBRW-UHFFFAOYSA-N,RPODJOFYGYNBRW,PubChem,656064,,0.470588237047195
COc1ccc(CCNC(=O)CSc2nc3ccsc3c(=O)n2Cc2ccccn2)cc1OC,Non-blocker,Non-blocker,RPSVQFIWXDSZAY-UHFFFAOYSA-N,RPSVQFIWXDSZAY,PubChem,4589215,,0.552941203117371
NNc1nncc2ccccc12,Non-blocker,Non-blocker,RPTUSVTUFVMDQK-UHFFFAOYSA-N,RPTUSVTUFVMDQK,data_herg_dev,,,0.454545468091965
CCN1CCN(C(=O)c2ccc(N3C[C@@H]4C[C@H](C3)c3cccc(=O)n3C4)c(NC(=O)c3cc(OC)cc(OC)c3)c2)CC1,Non-blocker,Non-blocker,RPXCBOUCHPUGIK-WIOPSUGQSA-N,RPXCBOUCHPUGIK,PubChem,6616600,,0.481012672185898
CC(C)n1c(N2CCNC[C@H]2C)nc2c([N+](=O)[O-])c(Br)c(Br)cc21,Blocker,Blocker,RQEZRSGZDBMWMH-SECBINFHSA-N,RQEZRSGZDBMWMH,PubChem,135144713,,0.60317462682724
N=C(N)NC(=O)c1nc(Cl)c(N2CCCCCC2)nc1N,Blocker,Blocker,RQQJJXVETXFINY-UHFFFAOYSA-N,RQQJJXVETXFINY,PubChem,1794,33799173,0.578947365283966
C/C(=N\NC(=O)c1cc(C)nc2ccc(C)cc12)c1ccncc1,Non-blocker,Non-blocker,RQQZAOAAESARSU-HYARGMPZSA-N,RQQZAOAAESARSU,PubChem,25237458,,0.426229506731033
CCOC(=O)c1cn(CC)c2cc(N3CCCCC3)c(F)cc2c1=O,Non-blocker,Non-blocker,RRDUBKZHUJXICD-UHFFFAOYSA-N,RRDUBKZHUJXICD,data_herg_dev,CHEMBL586310,,0.545454561710358
CC(O)C(=O)[O-].[Hg+]c1ccccc1,Non-blocker,Non-blocker,RRFGSWMKSSCUSU-UHFFFAOYSA-M,RRFGSWMKSSCUSU,eval_set_herg_70.csv,,,0.461538463830948
Fc1ccc(C(OCC[N+]2CC[N+](CCCc3ccccc3)CC2)c2ccc(F)cc2)cc1,Blocker,Blocker,RRNCWJLZTRYGBP-UHFFFAOYSA-N,RRNCWJLZTRYGBP,eval_set_herg_70.csv,,,0.604166686534882
CCOc1ccc2c(c1)CN(Cc1ccc(Cl)cc1)CO2,Non-blocker,Non-blocker,RRQWNGSEMNJXDW-UHFFFAOYSA-N,RRQWNGSEMNJXDW,data_herg_dev,CHEMBL592332,,0.632653057575226
NC(=O)c1cccc(/N=C/c2cc(Cl)cc(Cl)c2O)c1,Blocker,Blocker,RRSJFCZUAOKWEF-CNHKJKLMSA-N,RRSJFCZUAOKWEF,PubChem,693534,,0.433962255716324
CCCCCC(=O)N1c2ccccc2NC2=C(C(=O)CC(c3ccc(OC)c(OC)c3)C2)C1c1ccc(C(F)(F)F)cc1,Blocker,Blocker,RSEZBMBZLDGGCL-UHFFFAOYSA-N,RSEZBMBZLDGGCL,data_herg_dev,CHEMBL533563,,0.344086021184921
COc1ccc(OC)c(NC(=O)[C@@H]2CCCN(S(=O)(=O)c3cccc4nonc34)C2)c1,Non-blocker,Non-blocker,RSGPPZWBTZZTQW-CYBMUJFWSA-N,RSGPPZWBTZZTQW,PubChem,9550294,,0.618421077728272
CCOCCCNC(=S)NCCCNc1nc2cc3c(cc2cc1C#N)OCO3,Non-blocker,Non-blocker,RSOYCKZHDINCSE-UHFFFAOYSA-N,RSOYCKZHDINCSE,PubChem,3221601,,0.486486494541168
CCCCNc1ncc2c(-c3ccc(S(=O)(=O)NC)cc3)nn(C3CCC(O)CC3)c2n1,Blocker,Blocker,RSZLIDQXPSCSIC-UHFFFAOYSA-N,RSZLIDQXPSCSIC,eval_set_herg_70.csv,,,0.657534241676331
C[NH2+]CCC(Oc1ccc(C(F)(F)F)cc1)c1ccccc1,Non-blocker,Blocker,RTHCYVBBDHJXIQ-UHFFFAOYSA-O,RTHCYVBBDHJXIQ,eval_set_herg_70.csv,,,0.682926833629608
CC[Hg]Sc1ccccc1C(=O)[O-].[Na+],Non-blocker,Non-blocker,HXQVQGWHFRNKMS-UHFFFAOYSA-L,RTKIYNMVFMVABJ,data_herg_dev,,16684434,0.34042552113533
Cc1cc2c3c([n+](C)c4ccccc4c3c1)-c1ccccc1S2,Non-blocker,Blocker,RTXWDRWCKYDECO-UHFFFAOYSA-N,RTXWDRWCKYDECO,eval_set_herg_60.csv,,,0.3125
NC1=NC2(CO1)c1cc(NC(=O)c3ncc(Br)cn3)ccc1OCC21CC1,Blocker,Blocker,RUPHOSKJXJYHAD-UHFFFAOYSA-N,RUPHOSKJXJYHAD,data_herg_dev,CHEMBL3650820,,0.692307710647583
CC(=O)NC[C@@H]1OC(=O)N2c3cc(F)c(C4=CCN(C(=O)CO)CC4)cc3OC[C@@H]12,Non-blocker,Non-blocker,RVDLDQGZCRPPDI-WMZOPIPTSA-N,RVDLDQGZCRPPDI,data_herg_dev,CHEMBL4079081,,0.581081092357636
CCOC(=O)c1c(C)[nH]c(C)c1S(=O)(=O)NCc1ccccc1OCC,Non-blocker,Non-blocker,RVGMVTUTNLYDKN-UHFFFAOYSA-N,RVGMVTUTNLYDKN,PubChem,20938492,,0.409090906381607
C[C@@H](OC(=O)c1ccc(-n2cnnn2)cc1)C(=O)NCc1ccccc1,Non-blocker,Non-blocker,RVIXQIKVENWOEN-CYBMUJFWSA-N,RVIXQIKVENWOEN,PubChem,16276855,,0.583333313465118
CCN(CC(=O)Nc1ccc(NC(C)=O)cc1)C(=O)C1=NN(c2cc(C)ccc2C)C(=O)CC1,Non-blocker,Non-blocker,RWVJFNBJFAEPAH-UHFFFAOYSA-N,RWVJFNBJFAEPAH,PubChem,24687314,,0.436619728803635
CC(C)(C)OC(=O)N1CCN(c2nc3c([N+](=O)[O-])c(Br)c(Br)cc3[nH]2)CC1,Blocker,Blocker,RXGDDWPITVSKDR-UHFFFAOYSA-N,RXGDDWPITVSKDR,PubChem,90239675,,0.438356161117554
CN1CCC(CNc2ccn3ncc(-c4cccc(OC(F)(F)F)c4)c3n2)CC1,Blocker,Blocker,RXIOLPKAVOQIOE-UHFFFAOYSA-N,RXIOLPKAVOQIOE,CUPID,66598128,25589932,0.623188376426697
CN(C)c1nc(N)c(C(=O)NC(=N)N)nc1Cl,Blocker,Non-blocker,RXMUPNVSYKGKMY-UHFFFAOYSA-N,RXMUPNVSYKGKMY,eval_set_herg_70.csv,,,0.673913061618805
CN1CCN(S(=O)(=O)c2cccc(S(=O)(=O)c3ccc(Cl)cc3)c2)CC1,Non-blocker,Non-blocker,RXPURQGNAVTWCC-UHFFFAOYSA-N,RXPURQGNAVTWCC,PubChem,1310125,,0.681818187236786
Nc1ccn(C2CO[C@H](CO)O2)c(=O)n1,Blocker,Non-blocker,RXRGZNYSEHTMHC-MLWJPKLSSA-N,RXRGZNYSEHTMHC,eval_set_herg_70.csv,,,0.375
CN1CCN(/C=N/c2c(C#N)cnn2C)CC1,Non-blocker,Non-blocker,RXZAFDNTQVGKFZ-UKTHLTGXSA-N,RXZAFDNTQVGKFZ,PubChem,9587693,,0.309090912342072
COc1ccc(S(=O)(=O)N2CCNCC2)cc1,Non-blocker,Blocker,RYCVCXVHXZLECQ-UHFFFAOYSA-N,RYCVCXVHXZLECQ,PubChem,797560,,0.705882370471954
Fc1cccc(Oc2cc(C(F)(F)F)nc(N3CCC4(CC3)CNCC(F)(F)O4)n2)c1,Blocker,Blocker,RYIWMFCNGOZYFZ-UHFFFAOYSA-N,RYIWMFCNGOZYFZ,eval_set_herg_70.csv,,,0.69696968793869
Cc1ccc(S(=O)(=O)N2CCCCC2)cc1NC(=O)CCNC(=O)c1ccc([N+](=O)[O-])cc1,Non-blocker,Non-blocker,RYJVBZOWXNTLLR-UHFFFAOYSA-N,RYJVBZOWXNTLLR,PubChem,4852013,,0.623188376426697
COc1ccc(S(=O)(=O)N2CCCC[C@@H]2C(=O)O)cc1OC,Non-blocker,Non-blocker,RYSZSZLUHCUXBY-LLVKDONJSA-N,RYSZSZLUHCUXBY,PubChem,3240637,,0.617021262645721
CC(C)CCCCCCCOP(=O)(Oc1ccccc1)Oc1ccccc1,Non-blocker,Non-blocker,RYUJRXVZSJCHDZ-UHFFFAOYSA-N,RYUJRXVZSJCHDZ,data_herg_dev,,34697,0.375
COc1ccc2nc(NC(=O)CN3CCOCC3)sc2c1,Non-blocker,Blocker,RYYBUTNUEKNHTK-UHFFFAOYSA-N,RYYBUTNUEKNHTK,PubChem,709709,,0.584905683994293
C[C@H]1CN(Cc2ccc(CC(=O)N3CCC(Nc4cccc(F)c4)CC3)cc2)CCN1,Non-blocker,Non-blocker,RZKDEGZIFSJVNA-IBGZPJMESA-N,RZKDEGZIFSJVNA,data_herg_dev,CHEMBL489095,,0.571428596973419
NCC1(O)CCN(c2cc(F)c(F)c(Oc3cccc(F)c3)c2)CC1,Blocker,Blocker,RZKJUZNVAKAQIB-UHFFFAOYSA-N,RZKJUZNVAKAQIB,eval_set_herg_70.csv,,,0.539682567119598
Oc1cc(-c2cn[nH]c2)ccc1-c1ccc(N2CC[C@@]3(CCCNC3)C2)nn1,Blocker,Blocker,RZKZALJPCPTXOQ-OAQYLSRUSA-N,RZKZALJPCPTXOQ,PubChem,136598257,30407821,0.47826087474823
C[C@@H](Oc1cccc2ncnc(Nc3ccc4c(cnn4Cc4nccs4)c3)c12)C(=O)N1CCOCC1,Non-blocker,Non-blocker,RZPOCZHUFDCVQZ-QGZVFWFLSA-N,RZPOCZHUFDCVQZ,eval_set_herg_60.csv,,,0.588888883590698
CC(=O)Nc1ccc(O)cc1,Non-blocker,Non-blocker,RZVAJINKPMORJF-UHFFFAOYSA-N,RZVAJINKPMORJF,eval_set_herg_60.csv,,,0.615384638309479
C=CC(=O)OCCOc1ccccc1,Non-blocker,Non-blocker,RZVINYQDSSQUKO-UHFFFAOYSA-N,RZVINYQDSSQUKO,eval_set_herg_70.csv,,,0.621621608734131
COc1ccc(CCNC(=O)Cn2cnc3c(nnn3Cc3ccccc3F)c2=O)cc1OC,Non-blocker,Non-blocker,RZWSFOOIESDEIA-UHFFFAOYSA-N,RZWSFOOIESDEIA,PubChem,3242547,,0.474999994039536
CCO/C(O)=C1\C(C)=Nc2ncnn2[C@H]1c1ccccc1F,Non-blocker,Non-blocker,RZXFWPFZXOSXKG-REQDGWNSSA-N,RZXFWPFZXOSXKG,PubChem,3237726,,0.573770463466644
COc1ccc(S(=O)(=O)N2CCN(C(=S)NC[C@H]3CCCO3)CC2)cc1OC,Non-blocker,Non-blocker,SAPQORKQAWTZAT-CQSZACIVSA-N,SAPQORKQAWTZAT,PubChem,2970641,,0.532258093357086
C[C@H](Nc1nc(N)nc(N)c1Cl)c1nc2c(Cl)cc(F)cc2c(=O)n1-c1cc[nH]n1,Non-blocker,Non-blocker,SAWISWWSHNTVLW-LURJTMIESA-N,SAWISWWSHNTVLW,data_herg_dev,CHEMBL4082978,,0.25555557012558
O=S(=O)(Nc1cccc(-c2nc(N3CCC(F)(F)CC3)sc2-c2ccncc2)c1F)c1cc(F)ccc1F,Blocker,Blocker,SBBRGPWRBVNCGM-UHFFFAOYSA-N,SBBRGPWRBVNCGM,eval_set_herg_70.csv,,,0.653846144676209
Cc1cc(NCCCN2CCOCC2)n2ncc(-c3ccc(Cl)cc3)c2n1,Non-blocker,Non-blocker,SBFMYJSRQFTRIZ-UHFFFAOYSA-N,SBFMYJSRQFTRIZ,PubChem,667170,,0.402777791023254
CCOc1ccc2nc(NCCNC(=O)CC)c(C#N)cc2c1,Non-blocker,Non-blocker,SBIFELRMHSAINV-UHFFFAOYSA-N,SBIFELRMHSAINV,PubChem,650115,,0.378378391265869
C[C@]1(CS(=O)(=O)N2CCC(Oc3ccc(OC(F)(F)C(F)F)cc3)CC2)NC(=O)NC1=O,Non-blocker,Non-blocker,SBVAXUGOISPYPX-QGZVFWFLSA-N,SBVAXUGOISPYPX,data_herg_dev,CHEMBL2409707,,0.443037986755371
CCCc1cc(CNC(=O)[C@@H]2CCC(=O)N(Cc3ccccc3OC)C2)on1,Non-blocker,Non-blocker,SBVCRKWFIKOLEU-MRXNPFEDSA-N,SBVCRKWFIKOLEU,PubChem,24817213,,0.625
COC(=O)CCC(=O)Nc1sc(Cc2ccccc2)c(C)c1C(N)=O,Non-blocker,Non-blocker,SBYCSVOUQFRMNP-UHFFFAOYSA-N,SBYCSVOUQFRMNP,PubChem,1071335,,0.5
Oc1c(Cl)cc(Cl)cc1/C=N/c1ccc(Br)cc1,Blocker,Blocker,SCFYGKJRFQUEST-REZTVBANSA-N,SCFYGKJRFQUEST,PubChem,710302,,0.511627912521362
C[C@@H](Sc1ccccc1)C(=O)NN=C1CCCCCC1,Non-blocker,Non-blocker,SCKIWEXVLOLPLV-CYBMUJFWSA-N,SCKIWEXVLOLPLV,PubChem,3110506,,0.425925940275192
CCN(CC)Cc1cc(Nc2ccc3ncc(-c4ccc([S+](C)[O-])cc4)n3n2)ccc1O,Non-blocker,Blocker,SCWJXLSHTFTKIU-UHFFFAOYSA-N,SCWJXLSHTFTKIU,CUPID,CUPID,,0.684210538864136
CC[C@H](C(=O)NC1CCCC1)N(C(=O)c1snc(C(N)=O)c1N)c1ccc(OC)c(OC)c1,Non-blocker,Non-blocker,SCWZWEAHRDFLER-CQSZACIVSA-N,SCWZWEAHRDFLER,PubChem,3179972,,0.652777791023254
COc1ccc(N(CC(=O)NC2CCCC2)C(=O)Cn2nnc(-c3ccc(F)cc3)n2)cc1OC,Non-blocker,Non-blocker,SDAVZZHRESASMU-UHFFFAOYSA-N,SDAVZZHRESASMU,PubChem,647440,,0.564102590084076
COc1ccc(-c2cnc(C(C)(C)N)[nH]2)cc1,Non-blocker,Non-blocker,SDCXTUBNZMRVIX-UHFFFAOYSA-N,SDCXTUBNZMRVIX,eval_set_herg_70.csv,,,0.54347825050354
CC(C)(C)OC(=O)N1C[C@H](O)C[C@H]1C(=O)OCC(=O)c1ccc([N+](=O)[O-])cc1,Non-blocker,Non-blocker,SDHVMLQOMPGBRQ-KGLIPLIRSA-N,SDHVMLQOMPGBRQ,PubChem,11901278,,0.378787875175476
CCc1nc(C)cn1S(=O)(=O)c1cc(Br)ccc1OC,Non-blocker,Non-blocker,SDMMYBHYEFOUHE-UHFFFAOYSA-N,SDMMYBHYEFOUHE,PubChem,1125097,,0.355932205915451
CC1(c2cc(NC(=O)c3ccn4cc(Oc5ncnc6c5CNC6)ccc34)n[nH]2)CC1,Non-blocker,Non-blocker,SDNAUQJDDNPZMF-UHFFFAOYSA-N,SDNAUQJDDNPZMF,data_herg_dev,CHEMBL3809144,,0.590361416339874
C/C(=N/NC(=O)c1ccc2c(c1)OCO2)c1ccc(Br)s1,Non-blocker,Non-blocker,SDOAIZHQPATQLO-PXNMLYILSA-N,SDOAIZHQPATQLO,PubChem,5348234,,0.518518507480621
CN(C)C(=O)[C@H](c1ccc(-c2cccc(-c3nnn[nH]3)c2)cc1)[C@H](N)C(=O)N1CC[C@@H](F)C1,Non-blocker,Non-blocker,SDUGQQAAQSICAW-AQNXPRMDSA-N,SDUGQQAAQSICAW,eval_set_herg_70.csv,,,0.671428561210632
CC[N+](CC)CCOc1ccc(/C(=C(/Cl)c2ccccc2)c2ccccc2)cc1,Blocker,Blocker,SEAREBDZGMUOLJ-OCEACIFDSA-N,SEAREBDZGMUOLJ,eval_set_herg_70.csv,,,0.5
Cc1nc(CNS(=O)(=O)c2cc(C)c(C)cc2C)cs1,Non-blocker,Non-blocker,SEHMRQKXZMEZBL-UHFFFAOYSA-N,SEHMRQKXZMEZBL,PubChem,3238536,,0.591836750507355
Cn1c(=O)[nH]c(=O)c2c1ncn2CCN1CCOCC1,Non-blocker,Non-blocker,SEJCBPIIDMEJAZ-UHFFFAOYSA-N,SEJCBPIIDMEJAZ,PubChem,694419,,0.534883737564087
O=C(OCc1ccccc1)c1ccccc1,Non-blocker,Non-blocker,SESFRYSPDFLNCH-UHFFFAOYSA-N,SESFRYSPDFLNCH,eval_set_herg_70.csv,,,0.6875
CCCCC/C=C\C/C=C\CCCCCCCC(N)=O,Non-blocker,Blocker,SFIHQZFZMWZOJV-HZJYTTRNSA-N,SFIHQZFZMWZOJV,eval_set_herg_70.csv,,,0.666666686534882
CC(C)(C)OC(=O)N1CCC(C(=O)N2CCC[C@H]2C(=O)O)CC1,Non-blocker,Non-blocker,SFPANDZRFRLKER-LBPRGKRZSA-N,SFPANDZRFRLKER,PubChem,663178,,0.5
CCN(CCC#N)c1ccc(N2C(=O)CCCC2=O)cc1[N+](=O)[O-],Non-blocker,Non-blocker,SFSKWXSQQNQQFF-UHFFFAOYSA-N,SFSKWXSQQNQQFF,PubChem,5087365,,0.376811593770981
C[C@H](NC(=O)c1cc(C(F)(F)F)nn1C)c1nc(-c2ccnc(C(F)(F)F)c2)no1,Blocker,Non-blocker,SFSLHKNGLMRBTO-ZETCQYMHSA-N,SFSLHKNGLMRBTO,data_herg_dev,CHEMBL4741793,,0.333333343267441
O=Cc1c[nH]c2ccc(S(=O)(=O)N3CCOCC3)cc12,Non-blocker,Non-blocker,SFWDZMXLECIUMV-UHFFFAOYSA-N,SFWDZMXLECIUMV,PubChem,4102629,,0.490196079015732
Fc1ccc2c(C3C[N+]CCC3F)c(C3CCCCCC3)[nH]c2c1,Blocker,Blocker,SGGYOWOPGXLKDC-UHFFFAOYSA-N,SGGYOWOPGXLKDC,eval_set_herg_70.csv,,,0.673076927661896
CCc1cc(C(=O)N[C@@H]2CCCc3c2cnn3-c2cccc(C)c2C)n(C)n1,Non-blocker,Non-blocker,SGJMISOKPTWCGI-GOSISDBHSA-N,SGJMISOKPTWCGI,PubChem,24792090,,0.594594597816467
C[C@H](Cc1ccccc1)NC=O,Non-blocker,Non-blocker,SGSYPSYCGPLSML-SECBINFHSA-N,SGSYPSYCGPLSML,PubChem,65614,,0.472222208976746
COc1ccc(-c2cccc(C(=O)Nc3ccccc3C)c2)cc1,Non-blocker,Non-blocker,SHZTXOSVECDWHU-UHFFFAOYSA-N,SHZTXOSVECDWHU,PubChem,890400,,0.57407408952713
COc1ccccc1Oc1coc2cc(OC(=O)N3CCOCC3)ccc2c1=O,Non-blocker,Non-blocker,SIAYVAJLWJRQMR-UHFFFAOYSA-N,SIAYVAJLWJRQMR,PubChem,1302741,,0.606557369232178
Cc1cccc(NC(=O)c2cc(=O)c3ccccc3o2)n1,Non-blocker,Non-blocker,SIJCJORFQGILKX-UHFFFAOYSA-N,SIJCJORFQGILKX,PubChem,2312902,,0.516666650772095
Cc1ccc(C)c(NC(=O)/C(C#N)=C/c2ccc(Sc3nncn3C)c([N+](=O)[O-])c2)c1,Non-blocker,Non-blocker,SIZIDCYOWXEZNR-CXUHLZMHSA-N,SIZIDCYOWXEZNR,PubChem,2079173,,0.418604642152786
COc1cccc(-n2c(SCC(=O)NC3CCCC3)nnc2-c2ccco2)c1,Non-blocker,Non-blocker,SJGKERCFIJFIND-UHFFFAOYSA-N,SJGKERCFIJFIND,PubChem,1432513,,0.661538481712341
C[C@@H]1OCC2(CCN(c3cnc4c(-c5cccc(Cl)c5Cl)c[nH]c4n3)CC2)[C@@H]1N,Blocker,Blocker,SJLQMBIPYINRMF-HXPMCKFVSA-N,SJLQMBIPYINRMF,PubChem,124148108,30688462,0.699999988079071
COc1ccc2[nH]cc(C(=O)CN3CCN(C4CCCCC4)CC3)c2c1,Non-blocker,Non-blocker,SJTNEGOQTOADLM-UHFFFAOYSA-N,SJTNEGOQTOADLM,PubChem,659165,,0.555555582046509
C[C@@H](NC(=O)CCCn1cc([N+](=O)[O-])cn1)c1ccccc1,Non-blocker,Non-blocker,SJXIOCZFEUCUKL-GFCCVEGCSA-N,SJXIOCZFEUCUKL,PubChem,5296242,,0.654545426368713
CCCCCC[C@@H]1C[C@](C)(C(=O)CNc2nncs2)OC1=O,Non-blocker,Non-blocker,SKBKJNVKTVVHAV-IAQYHMDHSA-N,SKBKJNVKTVVHAV,PubChem,12005586,,0.405797094106674
Fc1cccc(Oc2cc(C(F)(F)F)nc(N3CCC4NCCCC4C3)n2)c1,Blocker,Blocker,SKEFXGBGLIGVDP-UHFFFAOYSA-N,SKEFXGBGLIGVDP,eval_set_herg_60.csv,,,0.558823525905609
CCOC(=O)[C@@H]1CCCN(S(=O)(=O)c2c(C)noc2C)C1,Non-blocker,Non-blocker,SKWVULAHHBOBES-LLVKDONJSA-N,SKWVULAHHBOBES,PubChem,2812656,,0.569230794906616
CCc1cc2c(=O)c(-c3cscn3)coc2cc1O,Non-blocker,Non-blocker,SKYWLACZIYMUCG-UHFFFAOYSA-N,SKYWLACZIYMUCG,PubChem,5389037,,0.306451618671417
CCN1C(=O)N(CC)[C@H]2NC(=S)N[C@H]21,Non-blocker,Non-blocker,SLAZPVUEIVSDMW-OLQVQODUSA-N,SLAZPVUEIVSDMW,PubChem,3796181,,0.243902444839478
CCOc1ccc(-c2cccc(NS(=O)(=O)c3ccc([N+](=O)[O-])cc3)c2)nn1,Non-blocker,Non-blocker,SLHZBNBPEKCGKJ-UHFFFAOYSA-N,SLHZBNBPEKCGKJ,PubChem,7161303,,0.614035069942474
C[N+]1(C[C@@H](O)COC[C@@H]2COc3ccccc3O2)CCOCC1,Non-blocker,Non-blocker,SLJWLCJQRBGNKX-HUUCEWRRSA-N,SLJWLCJQRBGNKX,PubChem,16196113,,0.361111104488373
C[N+](C)CCC(c1ccc(Cl)cc1)c1ccccn1,Non-blocker,Non-blocker,SLLJGKSNGCFBSH-UHFFFAOYSA-N,SLLJGKSNGCFBSH,eval_set_herg_70.csv,,,0.666666686534882
CC(C)c1ccc(NC(=S)N(C)CCc2ccccn2)cc1,Non-blocker,Blocker,SLMBOBUURXHRJS-UHFFFAOYSA-N,SLMBOBUURXHRJS,PubChem,4109817,,0.438596487045288
CN1CCN(c2ccc(C(=O)Nc3cc(-c4ccncc4)ccc3N)cn2)CC1,Non-blocker,Non-blocker,SLPPPJJSHXCRPI-UHFFFAOYSA-N,SLPPPJJSHXCRPI,eval_set_herg_70.csv,,,0.655737698078156
CN(C)c1ccc(-c2ccc(OCCCN3CCCCC3)cc2)cc1,Non-blocker,Blocker,SLRCRYMYKKJTJP-UHFFFAOYSA-N,SLRCRYMYKKJTJP,eval_set_herg_70.csv,,,0.692307710647583
Cc1cc(C)n2nc(SCc3cc(=O)oc4ccc5ccccc5c34)nc2n1,Non-blocker,Non-blocker,SLSZAFOYSVDWSD-UHFFFAOYSA-N,SLSZAFOYSVDWSD,PubChem,2587056,,0.491525411605835
Cc1cccc(NC(=O)/C(C#N)=C/c2ccc[nH]2)c1C,Non-blocker,Non-blocker,SLZZVWDMVBCWCB-UKTHLTGXSA-N,SLZZVWDMVBCWCB,PubChem,24818448,,0.369230777025223
C[C@H](CCC(=O)O)[C@H]1CC[C@H]2[C@@H]3CC[C@@H]4C[C@H](O)CC[C@]4(C)[C@H]3CC[C@@]21C,Non-blocker,Non-blocker,SMEROWZSTRWXGI-HVATVPOCSA-N,SMEROWZSTRWXGI,data_herg_dev,CHEMBL1478,,0.610169470310211
CN(C)c1cc[n+](CC(=O)Nc2ccc(Oc3ccccc3)cc2)cc1,Non-blocker,Non-blocker,SMIOHXYOEZYTOZ-UHFFFAOYSA-O,SMIOHXYOEZYTOZ,PubChem,16193005,,0.470588237047195
O=C(COC(=O)/C=C/c1ccc(F)cc1)Nc1ccc2[nH]c(=O)[nH]c2c1,Blocker,Non-blocker,SNANUKNMTGOIMU-FPYGCLRLSA-N,SNANUKNMTGOIMU,PubChem,24981817,,0.527272701263428
CCOc1ccc(NC(=O)[C@@H](C)O)c(NS(=O)(=O)c2ccc(CCNC(C)=O)cc2)c1,Non-blocker,Non-blocker,SNDXLAPIQDEAGW-CQSZACIVSA-N,SNDXLAPIQDEAGW,PubChem,2974906,,0.402985066175461
Cc1cc[n+](CC(=O)Nc2ccccc2)cc1,Non-blocker,Non-blocker,SNEMDTCMHCATEI-UHFFFAOYSA-O,SNEMDTCMHCATEI,PubChem,24746844,,0.479166656732559
O=C(Nc1cccc(S(=O)(=O)N2CCOCC2)c1)c1cc2ccccc2o1,Non-blocker,Non-blocker,SNJBIGLSARYXTG-UHFFFAOYSA-N,SNJBIGLSARYXTG,PubChem,4799275,,0.620689630508423
COc1ccc(CC[N+](C)CCCC(C#N)(c2cc(OC)c(OC)c(OC)c2)C(C)C)cc1OC,Blocker,Blocker,SNOQUAQBRRZPHO-UHFFFAOYSA-N,SNOQUAQBRRZPHO,eval_set_herg_70.csv,,,0.694915235042572
O=c1[nH]ccc2cc(O[C@H]3CCCNC3)ccc12,Non-blocker,Non-blocker,SNQKPKFVSANKFP-LBPRGKRZSA-N,SNQKPKFVSANKFP,data_herg_dev,CHEMBL1667967,,0.588235318660736
CC(CCc1ccc(Cl)c(Cl)c1)N1Cc2ccc3ccccc3c2C1,Blocker,Non-blocker,SNYFWQWLZIRNKD-UHFFFAOYSA-N,SNYFWQWLZIRNKD,eval_set_herg_70.csv,,,0.660377383232117
C[N+]CCC(Oc1ccc(C(F)(F)F)cc1)c1ccccc1,Non-blocker,Blocker,SNZANDFROOHGOA-UHFFFAOYSA-N,SNZANDFROOHGOA,eval_set_herg_70.csv,,,0.682926833629608
O=C(Nc1nccs1)c1ccc(N2CCOCC2)c([N+](=O)[O-])c1,Non-blocker,Non-blocker,SOBIZCJDCBPXTI-UHFFFAOYSA-N,SOBIZCJDCBPXTI,PubChem,4318135,,0.639344274997711
CCOc1cc(CNCCc2ccc(S(N)(=O)=O)cc2)ccc1OCc1ccccc1,Non-blocker,Non-blocker,SOEYUDFSHJCWTE-UHFFFAOYSA-N,SOEYUDFSHJCWTE,PubChem,2967728,,0.655172407627106
CCc1nn(CC(=O)NCCc2ccc(S(N)(=O)=O)cc2)c(=O)c2cc3sccc3n12,Non-blocker,Non-blocker,SOOPRZSLXCEZKS-UHFFFAOYSA-N,SOOPRZSLXCEZKS,PubChem,20884325,,0.411764711141586
COc1ccc(COC(=O)Oc2ccc(CNC(C)=O)cc2OC)c([N+](=O)[O-])c1,Non-blocker,Non-blocker,SOQOQIMTJHQSJY-UHFFFAOYSA-N,SOQOQIMTJHQSJY,PubChem,3287045,,0.414285719394684
O=c1[nH]c2nc(S)[nH]c(=S)c2[nH]1,Non-blocker,Blocker,SOQYJXVHBQVRDB-UHFFFAOYSA-N,SOQYJXVHBQVRDB,PubChem,3246111,,0.342105269432068
Cn1c(SCC(=O)NCc2ccc3c(c2)OCO3)nc2scc(-c3cccs3)c2c1=O,Non-blocker,Non-blocker,SOUBHHITTGQVPZ-UHFFFAOYSA-N,SOUBHHITTGQVPZ,PubChem,2099531,,0.530864179134369
O=C1CC(c2ccccc2)(c2ccccc2)c2ccccc21,Non-blocker,Blocker,SOXFTCCVYBFENS-UHFFFAOYSA-N,SOXFTCCVYBFENS,PubChem,256086,,0.352941185235977
C[NH+](C)CCC(c1ccc(Cl)cc1)c1ccccn1,Blocker,Non-blocker,SOYKEARSMXGVTM-UHFFFAOYSA-O,SOYKEARSMXGVTM,eval_set_herg_70.csv,,,0.666666686534882
CC(C)N(C(=O)SCC(Cl)=CCl)C(C)C,Non-blocker,Non-blocker,SPANOECCGNXGNR-UHFFFAOYSA-N,SPANOECCGNXGNR,eval_set_herg_70.csv,,,0.282608687877655
COc1ccccc1[C@]12CO[C@@H](C)C[C@H]1CSC(N)=N2,Non-blocker,Non-blocker,SPCKMVYZWVCNSY-PGUXBMHVSA-N,SPCKMVYZWVCNSY,data_herg_dev,CHEMBL4209354,,0.680000007152557
CCOC(=O)c1ccc(NC(=S)NCCCn2ccnc2)cc1,Non-blocker,Non-blocker,SPJWAMXRKWZOQJ-UHFFFAOYSA-N,SPJWAMXRKWZOQJ,PubChem,2891425,,0.526315808296204
Clc1cc(Cl)cc(CN(C2CC2)C2CNC2)c1,Blocker,Blocker,SPPVKBVIJXBYRI-UHFFFAOYSA-N,SPPVKBVIJXBYRI,eval_set_herg_70.csv,,,0.648648619651794
CC[N+](CC)CCCC(C)Nc1ccnc2cc(Cl)ccc12,Blocker,Blocker,SPZFQVGCRNKKKI-UHFFFAOYSA-N,SPZFQVGCRNKKKI,eval_set_herg_70.csv,,,0.692307710647583
C=CCn1c(S[C@H](C)C(=O)NCc2ccc3c(c2)OCO3)nc2scc(-c3ccccc3)c2c1=O,Non-blocker,Non-blocker,SQHZDLDRIMPJDR-MRXNPFEDSA-N,SQHZDLDRIMPJDR,PubChem,4553929,,0.443181812763214
O=C(/C=C/c1ccccc1Cl)c1ccccc(=O)c1O,Blocker,Blocker,SQKUATVLPMTXAZ-MDZDMXLPSA-N,SQKUATVLPMTXAZ,PubChem,8219205,,0.590909063816071
O=C1N=c2ccccc2=[N+]1C1CC[NH+](CCCC(c2ccc(F)cc2)c2ccc(F)cc2)CC1,Blocker,Blocker,SRXDFTXYNLJBGD-UHFFFAOYSA-O,SRXDFTXYNLJBGD,eval_set_herg_60.csv,,,0.324324309825897
NC(=O)c1cnc2cc(F)c(-c3cccnc3)cc2c1NC1CCOCC1,Blocker,Blocker,SSDIRQKLGUFBIG-UHFFFAOYSA-N,SSDIRQKLGUFBIG,PubChem,155550406,27259031,0.703125
CCOC(=O)CN(C(=O)COC(=O)C1(c2ccccc2)CC1)c1ccc(F)cc1,Non-blocker,Non-blocker,SSGXTWBGAJVNHO-UHFFFAOYSA-N,SSGXTWBGAJVNHO,PubChem,24980642,,0.47272726893425
COc1ccc(C)c2sc(N(Cc3cccnc3)C(=O)c3ccc(C#N)cc3)nc12,Blocker,Blocker,SSIMQXGQNYOUGF-UHFFFAOYSA-N,SSIMQXGQNYOUGF,data_herg_dev,CHEMBL601492,,0.652777791023254
O=C(CSc1n[nH]c(-c2ccc(S(=O)(=O)N3CCCCC3)cc2)n1)Nc1nccs1,Non-blocker,Blocker,STBDGRDQNSSTBD-UHFFFAOYSA-N,STBDGRDQNSSTBD,PubChem,644597,,0.425000011920929
CCOc1ccc(C(=O)N2CCC(C(=O)c3ccc4c(c3)OCCO4)CC2)cc1,Non-blocker,Non-blocker,STDMZCYHIWDAFT-UHFFFAOYSA-N,STDMZCYHIWDAFT,PubChem,652073,,0.540000021457672
CC(C)[N+](CCC(C(N)=O)(c1ccccc1)c1ccccn1)C(C)C,Non-blocker,Non-blocker,STPBPBCNILSKEC-UHFFFAOYSA-N,STPBPBCNILSKEC,eval_set_herg_70.csv,,,0.673469364643097
Cc1ccc(S(=O)(=O)N2CCN(C(=S)NCCc3ccccc3)CC2)cc1,Non-blocker,Non-blocker,STSABBCCWFEARJ-UHFFFAOYSA-N,STSABBCCWFEARJ,PubChem,2450652,,0.491228073835373
c1ccc([C@@H]2OCCNC[C@H]2c2ccc3ccccc3c2)cc1,Blocker,Non-blocker,STZQQINBQFSEJJ-SFTDATJTSA-N,STZQQINBQFSEJJ,eval_set_herg_60.csv,,,0.56521737575531
CCOC(=O)N1CCN(C(=O)c2c[nH]c3ccc(S(=O)(=O)N(C)c4cccc(C)c4)cc3c2=O)CC1,Non-blocker,Non-blocker,SUEOLPHUAOSAAP-UHFFFAOYSA-N,SUEOLPHUAOSAAP,PubChem,6617272,,0.530864179134369
CC[C@@H](C)c1ccc(NC(=O)c2cccnc2)cc1,Non-blocker,Non-blocker,SUEPHJZWOCMERQ-GFCCVEGCSA-N,SUEPHJZWOCMERQ,PubChem,2842749,,0.625
Cc1cc(C)c(S(=O)(=O)c2ccccc2)c(OC(=O)c2c(F)cccc2Cl)n1,Non-blocker,Blocker,SUEWOMDHUSXHMK-UHFFFAOYSA-N,SUEWOMDHUSXHMK,PubChem,1478961,,0.438596487045288
O=c1oc(Cl)c(Cl)c2ccccc12,Non-blocker,Blocker,SUGXUUGGLDCZKB-UHFFFAOYSA-N,SUGXUUGGLDCZKB,data_herg_dev,CHEMBL24983,,0.448275864124298
O=C(NCc1ccncc1)c1cc(C(=O)C2CCCCC2)c[nH]1,Non-blocker,Blocker,SULFNUHQRLIFSL-UHFFFAOYSA-N,SULFNUHQRLIFSL,PubChem,1482733,,0.448275864124298
Nc1ncnc2c1ncn2CCOCP(=O)(O)O,Blocker,Blocker,SUPKOOSCJHTBAH-UHFFFAOYSA-N,SUPKOOSCJHTBAH,eval_set_herg_70.csv,,,0.344827592372894
O=C1N[C@@H](c2cccc(Cl)c2)Oc2ccccc21,Non-blocker,Blocker,SUQHPWHGWMUOJD-CQSZACIVSA-N,SUQHPWHGWMUOJD,PubChem,6489064,,0.519230782985687
CC1Sc2c(C(=O)O)c(=O)c3cc(F)c(N4CCNCC4)cc3n21,Non-blocker,Non-blocker,SUXQDLLXIBLQHW-UHFFFAOYSA-N,SUXQDLLXIBLQHW,eval_set_herg_70.csv,,,0.49230769276619
Oc1c(Br)c(Br)c(Br)c(Br)c1Br,Non-blocker,Non-blocker,SVHOVVJFOWGYJO-UHFFFAOYSA-N,SVHOVVJFOWGYJO,data_herg_dev,CHEMBL1235157,,0.260869562625885
Clc1ccc2c(N[C@H]3CC[C@@H](N4CCCCC4)CC3)ccnc2c1,Blocker,Blocker,SVJCZPVZDHLIEP-CALCHBBNSA-N,SVJCZPVZDHLIEP,PubChem,245078,,0.555555582046509
CCN1CCN(Cc2c(O)ccc3c2O/C(=C\C=C\c2ccccc2)C3=O)CC1,Non-blocker,Non-blocker,SVOGPOIFXQFHAB-DDIODMMUSA-N,SVOGPOIFXQFHAB,PubChem,1960092,,0.405063301324844
CCOc1ccc(C(=O)Nc2cc(C)on2)cc1OCC,Non-blocker,Blocker,SWEHIJYMMZCQCF-UHFFFAOYSA-N,SWEHIJYMMZCQCF,PubChem,717559,,0.553191483020783
CSc1ncc(Cl)c(C(=O)Nc2cccc(C)c2)n1,Non-blocker,Non-blocker,SWISVVFGINVCBP-UHFFFAOYSA-N,SWISVVFGINVCBP,PubChem,1258492,,0.481481492519379
CO[C@@H](C(=O)N/N=C(\C)c1ccc(O)cc1)c1ccccc1,Non-blocker,Blocker,SWLKGSAZGCJSME-YAJBTMAUSA-N,SWLKGSAZGCJSME,PubChem,135537541,,0.510638296604157
CC(C)(C)c1ccc(S(=O)(=O)N2C[C@H](C(=O)O)Oc3ccc(Cl)cc32)cc1,Non-blocker,Non-blocker,SWTUYKWSVHAWRJ-QGZVFWFLSA-N,SWTUYKWSVHAWRJ,PubChem,3816996,,0.402985066175461
Cc1cccc(C)c1NC(=O)c1ccc([N+](=O)[O-])o1,Non-blocker,Blocker,SYBVKUZANDMWMA-UHFFFAOYSA-N,SYBVKUZANDMWMA,PubChem,779411,,0.528301894664764
COc1ccc(/C=C2/N=C3CCCCCN3C2=O)cc1,Non-blocker,Non-blocker,SYKXZQRJPPFXRR-SDNWHVSQSA-N,SYKXZQRJPPFXRR,PubChem,2324258,,0.436363637447357
Fc1ccc(-n2c(NC3CCNCC3)nc3ccccc32)cc1,Blocker,Blocker,SYOVGKWWVAPWFQ-UHFFFAOYSA-N,SYOVGKWWVAPWFQ,eval_set_herg_70.csv,,,0.666666686534882
CC(C)(C)NC(=O)Cn1nnc(-c2ccccc2NC(=O)c2cnccn2)n1,Non-blocker,Non-blocker,SYSJWYPCBXZOIS-UHFFFAOYSA-N,SYSJWYPCBXZOIS,PubChem,1081043,,0.460526317358017
CC(C)(C)OC(=O)N1CCCN(C(=O)Nc2ccccc2)CC1,Non-blocker,Non-blocker,SYYLBPKUIJDLNC-UHFFFAOYSA-N,SYYLBPKUIJDLNC,PubChem,2815750,,0.5
CCOC(=O)c1c(NC(=O)CSc2nnc(CNc3ccc(OC)cc3)n2C)sc(C)c1C,Non-blocker,Non-blocker,SZBFGGRLOSQIKG-UHFFFAOYSA-N,SZBFGGRLOSQIKG,PubChem,649528,,0.637681186199188
CS(=O)(=O)Nc1ccc(C(=O)Nc2ccc(S(=O)(=O)/N=c3\[nH]ccs3)cc2)cc1,Non-blocker,Non-blocker,SZCFAPDXBAOJLG-UHFFFAOYSA-N,SZCFAPDXBAOJLG,PubChem,2222432,,0.648148119449616
CC(C)(CO)COC(=O)C(C)(C)CO,Non-blocker,Non-blocker,SZCWBURCISJFEZ-UHFFFAOYSA-N,SZCWBURCISJFEZ,PubChem,14218,,0.342857152223587
O=C(NCc1ccccc1C(F)(F)F)[C@@]12CN(Cc3ccccc3)C[C@@H]1C(c1ccc([N+](=O)[O-])cc1)=NO2,Non-blocker,Non-blocker,SZCXUFFUGMPRJU-ZEQKJWHPSA-N,SZCXUFFUGMPRJU,PubChem,11958506,,0.386666655540466
O=C(Nc1ccccc1-c1nnc(SCc2ccccc2)o1)c1ccccc1,Non-blocker,Non-blocker,SZDLTPNTPQQOML-UHFFFAOYSA-N,SZDLTPNTPQQOML,PubChem,1156646,,0.47272726893425
COc1ccc(C(=O)Nc2cc(S(=O)(=O)N3CCCC3)ccc2Cl)cc1,Non-blocker,Non-blocker,SZPKIIYGOGNMQZ-UHFFFAOYSA-N,SZPKIIYGOGNMQZ,PubChem,4424712,,0.636363625526428
CO[C@H](C[C@@H](CCCCNCc1ccc(F)cc1)C(=O)NO)c1ccc(F)cc1,Blocker,Blocker,SZPWYHRMRFNOHH-WIYYLYMNSA-N,SZPWYHRMRFNOHH,PubChem,54582019,22342144,0.447761207818985
Cc1nc2nc(CNC(=O)OC(C)(C)C)nn2c(C)c1CCC(=O)Nc1ccc2c(c1)OCO2,Non-blocker,Non-blocker,SZQFJXFBBVZYRZ-UHFFFAOYSA-N,SZQFJXFBBVZYRZ,PubChem,24791701,,0.441558450460434
Cc1c(Cl)ccc2c1N1[C@H](CNC[C@H]1C)C2,Non-blocker,Blocker,SZWVUASESVZMCY-KCJUWKMLSA-N,SZWVUASESVZMCY,PubChem,9899500,16361098,0.555555582046509
Fc1ccc(C(c2ccc(F)cc2)N2CCNCC2)cc1,Blocker,Blocker,TTXIFFYPVGWLSE-UHFFFAOYSA-N,TTXIFFYPVGWLSE,eval_set_herg_60.csv,,,0.588235318660736
O=C(Nc1ccc(C2(C(=O)Nc3ccc(Cl)nc3)CCC2)cc1)c1cccc(Cl)c1,Blocker,Blocker,TTXKXLJFSQNVKD-UHFFFAOYSA-N,TTXKXLJFSQNVKD,PubChem,138543849,32292563,0.644067823886871
CN(C)CCN1C2CCC1CC(NC(c1ccc(F)cc1)c1ccc(F)cc1)C2,Blocker,Blocker,TUKRLSWWPGKJAA-UHFFFAOYSA-N,TUKRLSWWPGKJAA,CUPID,CUPID,,0.436363637447357
Cc1ccc([C@@]2(C)NC(=O)N(CC(=O)NNC(=O)c3ccoc3C)C2=O)cc1,Non-blocker,Non-blocker,TUYGXMKAQSHRBA-LJQANCHMSA-N,TUYGXMKAQSHRBA,PubChem,24981567,,0.633333325386047
O=C(NCc1ccc(Cl)cc1)c1cccc2c1C(=O)N(C[C@H]1CCCO1)C2,Non-blocker,Non-blocker,TUYHBRHINUANJA-QGZVFWFLSA-N,TUYHBRHINUANJA,PubChem,20855312,,0.44594594836235
CC(C)NC(=O)CCn1nc(-c2ccccc2)ccc1=O,Blocker,Non-blocker,TVFJCUBUMAKIKF-UHFFFAOYSA-N,TVFJCUBUMAKIKF,PubChem,5077402,,0.50877195596695
COc1ccc(Nc2nnc(-c3ccncc3)s2)cc1Cl,Non-blocker,Non-blocker,TVVGFMVPLMLLTK-UHFFFAOYSA-N,TVVGFMVPLMLLTK,PubChem,5301279,,0.370370358228683
CCS(=O)(=O)c1ccc2oc(Nc3ccc(OC)cc3)nc2c1,Non-blocker,Non-blocker,TVXXOZRJLXWSTF-UHFFFAOYSA-N,TVXXOZRJLXWSTF,PubChem,2379388,,0.592592597007752
O=C(OC1C[C@@H]2CC3C[C@H](C1)[NH+]2CC3=O)C1=c2ccccc2=NC1,Non-blocker,Blocker,TWTUKHSBMLITSH-AKJUYKBHSA-O,TWTUKHSBMLITSH,eval_set_herg_60.csv,,,0.308823525905609
COc1cc(N2CCN(C(C)=O)CC2)ccc1Nc1ncc(Cl)c(Nc2ccc(N3CCN(C(C)=O)CC3)cc2OC)n1,Non-blocker,Non-blocker,TXDIRJCYNAWBOS-UHFFFAOYSA-N,TXDIRJCYNAWBOS,eval_set_herg_70.csv,,,0.681159436702728
O=C(N[C@@H]1CCCc2c1[nH]c1ccc(Cl)cc21)c1ccccc1F,Non-blocker,Non-blocker,TXFFKXTVYMUXME-QGZVFWFLSA-N,TXFFKXTVYMUXME,data_herg_dev,CHEMBL550359,,0.694915235042572
CCN1C(=O)[C@H]2[C@@H](c3ccc(C)cc3)N[C@]3(CCCN(Cc4ccc(C(F)(F)F)cc4)C3=O)[C@H]2C1=O,Non-blocker,Non-blocker,TYEANSWOHXXNEV-PIXQIBFHSA-N,TYEANSWOHXXNEV,PubChem,46904573,,0.699999988079071
CCCCOC(=O)[C@@H](C)Oc1ccc(Oc2ccc(C#N)cc2F)cc1,Non-blocker,Blocker,TYIYMOAHACZAMQ-CQSZACIVSA-N,TYIYMOAHACZAMQ,PubChem,180089,,0.476190477609634
CC(C)(c1cc(N2CCOCC2)nc(-c2cccc3[nH]ccc23)n1)S(C)(=O)=O,Non-blocker,Non-blocker,TYPBASYBSGLAOL-UHFFFAOYSA-N,TYPBASYBSGLAOL,data_herg_dev,CHEMBL2325703,,0.693548381328583
O=C(N[C@H](Cc1ccccc1)C(=O)O)C1CCCCC1,Non-blocker,Non-blocker,TYZXWNYMZXLYSH-CQSZACIVSA-N,TYZXWNYMZXLYSH,PubChem,2957649,,0.61224490404129
CCCCOc1ccc(N2C(=O)C[C@@H](NCc3ccncc3)C2=O)cc1,Non-blocker,Non-blocker,TZHPSZIZGIRPJN-GOSISDBHSA-N,TZHPSZIZGIRPJN,PubChem,2869035,,0.600000023841858
CSCc1ccc(C(=O)Nc2cc(C)cc(C)c2)cc1,Non-blocker,Non-blocker,TZKBRNIUVSLYNB-UHFFFAOYSA-N,TZKBRNIUVSLYNB,PubChem,2526025,,0.490196079015732
COc1ccc(CN2C(=O)CC[C@]2(C)C(=O)NC2CCCCCC2)cc1,Non-blocker,Non-blocker,TZKGHNGKSVOVAF-OAQYLSRUSA-N,TZKGHNGKSVOVAF,PubChem,3242227,,0.451612889766693
COc1ccc(/C=C/C(=O)OCC(=O)Nc2cc(S(=O)(=O)N(C)C)ccc2Cl)cc1,Non-blocker,Non-blocker,TZKOVEAGAITRIV-IZZDOVSWSA-N,TZKOVEAGAITRIV,PubChem,5990906,,0.666666686534882
C/C(Cl)=C\Cn1c(N2CCCC2)nc2c1c(=O)n(C)c(=O)n2C,Non-blocker,Non-blocker,TZXLROIEGGQFOO-UXBLZVDNSA-N,TZXLROIEGGQFOO,PubChem,6341368,,0.484848499298096
Cn1c(O)c(C(=O)NNC(=O)c2cccc(Cl)c2)c(=O)c2ccccc21,Blocker,Non-blocker,UAGQQEVZQNQSHK-UHFFFAOYSA-N,UAGQQEVZQNQSHK,PubChem,54679653,,0.5
CCN(CC)[C@@H](NC(=O)c1ccccc1)C(=O)c1ccccc1,Non-blocker,Non-blocker,UARXKDKTPHIBCN-GOSISDBHSA-N,UARXKDKTPHIBCN,PubChem,645039,,0.439024388790131
C[C@H]1C[C@H]2CSC(N)=N[C@@]2(c2ccccc2C(F)(F)F)CO1,Blocker,Non-blocker,UASXOTVJCSRYMT-BHDSKKPTSA-N,UASXOTVJCSRYMT,eval_set_herg_70.csv,,,0.666666686534882
COC(=O)C(C)(C(=O)OC)c1ccccc1[N+](=O)[O-],Non-blocker,Non-blocker,UBAZCFQMESGGPA-UHFFFAOYSA-N,UBAZCFQMESGGPA,PubChem,3724075,,0.487804889678955
O=C(CN1C(=O)[C@@H]2CC=CC[C@H]2C1=O)Nc1ccc(OC(F)(F)F)cc1,Non-blocker,Non-blocker,UBDREKUPTAWTRJ-CHWSQXEVSA-N,UBDREKUPTAWTRJ,PubChem,3955757,,0.557692289352417
O=C(OCCN1CCOCC1)c1ccc(OCCN2CCOCC2)cc1,Non-blocker,Non-blocker,UBNMBEFRRHKITP-UHFFFAOYSA-N,UBNMBEFRRHKITP,PubChem,6603062,,0.534883737564087
CC[N+]1(CC)CCC(=C(c2ccccc2)c2ccccc2)C1C.[Br-],Blocker,Non-blocker,ZYEPZINLLPPBMI-UHFFFAOYSA-N,UCGJZJXOPSNTGZ,data_herg_dev,,20749,0.382978737354279
Cn1cc([C@@H]2N[C@@H](c3nc(-c4ccc(F)cc4)c[nH]3)Cc3c2[nH]c2ccccc32)cn1,Blocker,Blocker,UCGLIDADIQNGPX-IRLDBZIGSA-N,UCGLIDADIQNGPX,PubChem,71457622,24900499,0.605633795261383
O=C(N[C@@H]1COc2cccc(-c3ccncc3)c2C1)c1ccc(OC(F)(F)F)cc1,Blocker,Blocker,UCLANCKZRBWESY-INIZCTEOSA-N,UCLANCKZRBWESY,PubChem,25113806,22832315,0.676470577716827
CCOC(=O)c1c(C)[nH]c(C(=O)O[C@H](C)C(=O)NC2(C#N)CCCCC2)c1C,Non-blocker,Non-blocker,UCLBQEBVGHRAGJ-CQSZACIVSA-N,UCLBQEBVGHRAGJ,PubChem,16508566,,0.5625
O=C(Cc1c(Cl)cccc1Cl)OCC(=O)c1ccc[nH]1,Non-blocker,Non-blocker,UCMGTJRMQZJCOD-UHFFFAOYSA-N,UCMGTJRMQZJCOD,PubChem,3288845,,0.652173936367035
CCOP(=O)(O)OCC,Non-blocker,Blocker,UCQFCFPECQILOL-UHFFFAOYSA-N,UCQFCFPECQILOL,PubChem,53316406,,0.333333343267441
CCCCc1ccc(-c2csc(/C(C#N)=C/c3ccco3)n2)cc1,Blocker,Non-blocker,UCXRYSYMEGEUDL-SFQUDFHCSA-N,UCXRYSYMEGEUDL,PubChem,5331263,,0.414285719394684
S=C1N(c2ccccc2)[C@@H](c2ccccc2)N2CCCN12,Non-blocker,Non-blocker,UDEODCYGUXPGKW-INIZCTEOSA-N,UDEODCYGUXPGKW,PubChem,2927919,,0.369565218687058
N#Cc1cnc(Nc2ccnc(N)n2)s1,Blocker,Blocker,UDEOWBLYNNRBDI-UHFFFAOYSA-N,UDEOWBLYNNRBDI,eval_set_herg_70.csv,,,0.61904764175415
CCCCNC(=O)c1onc(CSc2ccc(C(C)C)cc2)c1C(=O)O,Non-blocker,Non-blocker,UDMKAMNKBRZQJI-UHFFFAOYSA-N,UDMKAMNKBRZQJI,PubChem,11958514,,0.622950792312622
CN(C)C1CCN(c2ccc(Cl)c(Cl)c2)c2ccccc21,Blocker,Blocker,UEPBVWIBDNMJPA-UHFFFAOYSA-N,UEPBVWIBDNMJPA,CUPID,CUPID,,0.659090936183929
CN1CCN(c2ncc(C(=O)Nc3cc(-c4cccs4)ccc3N)s2)CC1,Blocker,Non-blocker,UFFPDLROZFWPBV-UHFFFAOYSA-N,UFFPDLROZFWPBV,eval_set_herg_70.csv,,,0.588235318660736
CCOC(=O)c1c2c3c(cccc3[nH]c1=O)C(=O)c1ccccc1-2,Non-blocker,Non-blocker,UFJGFNHRMPMALC-UHFFFAOYSA-N,UFJGFNHRMPMALC,PubChem,5522952,,0.40625
O=C(c1c[nH]c2ccc(S(=O)(=O)N3CCOCC3)cc2c1=O)N1CCN(c2ccccn2)CC1,Non-blocker,Non-blocker,UFPSCPPSMMIRQP-UHFFFAOYSA-N,UFPSCPPSMMIRQP,PubChem,3237301,,0.439393937587738
O=S(=O)(O)C1CCNCC1,Non-blocker,Non-blocker,UGBJGGRINDTHIH-UHFFFAOYSA-N,UGBJGGRINDTHIH,data_herg_dev,CHEMBL34155,,0.26829269528389
CCN(C(=O)Cc1ccc(OC)cc1)C1CC2CCC(C1)N2CCC(NC(=O)C1CCC1)c1ccccc1,Blocker,Blocker,UGRYBQQJOKDQHB-UHFFFAOYSA-N,UGRYBQQJOKDQHB,CUPID,CUPID,,0.554054081439972
O=C(COc1ccccc1C(=O)O)N[C@@H]1CCCc2ccccc21,Non-blocker,Non-blocker,UGSWVZSMXDEPPC-MRXNPFEDSA-N,UGSWVZSMXDEPPC,PubChem,4877005,,0.593220353126526
CCC(=O)C(CC(C)[N+](C)C)(c1ccccc1)c1ccccc1,Non-blocker,Blocker,UHGHALWOVVUXKD-UHFFFAOYSA-N,UHGHALWOVVUXKD,eval_set_herg_70.csv,,,0.64102566242218
C[C@@H](n1cnc2cc(Cl)ccc2c1=O)[C@](O)(Cn1cncn1)c1ccc(F)cc1F,Non-blocker,Non-blocker,UHIXWHUVLCAJQL-MPBGBICISA-N,UHIXWHUVLCAJQL,eval_set_herg_60.csv,,,0.542857170104981
CCn1nc(C(=O)OCC(=O)N(CCC#N)c2ccccc2)c2ccccc2c1=O,Non-blocker,Non-blocker,UHQLGUMAZUJFNT-UHFFFAOYSA-N,UHQLGUMAZUJFNT,PubChem,2400162,,0.478873252868652
CC(C)CN(C(=O)CCNC(=O)c1ccccc1Cl)[C@@H]1CCS(=O)(=O)C1,Non-blocker,Non-blocker,UINJGHQFEUFYAC-CQSZACIVSA-N,UINJGHQFEUFYAC,PubChem,16314534,,0.484375
Cc1cccn2c(=O)c3cc(C(=O)N4CCN(C(=O)c5ccco5)CC4)n(C)c3nc12,Non-blocker,Non-blocker,UJBRRGUQDYTTLV-UHFFFAOYSA-N,UJBRRGUQDYTTLV,PubChem,3244378,,0.544117629528046
C[C@@H]1OCC2(CCN(c3nc4[nH]nc(-c5ccncc5)c4c(=O)n3C)CC2)[C@@H]1N,Non-blocker,Non-blocker,UJQCIAXBNGUOIB-BLLLJJGKSA-N,UJQCIAXBNGUOIB,data_herg_dev,CHEMBL4452417,,0.653333306312561
Cc1ccc(C(=O)NCc2ccc(F)cc2)s1,Non-blocker,Non-blocker,UJYNHOPWLAADSC-UHFFFAOYSA-N,UJYNHOPWLAADSC,PubChem,841357,,0.458333343267441
COc1cc(/C=N/NC(=O)CSCc2ccc([N+](=O)[O-])cc2)cc(OC)c1OC,Non-blocker,Non-blocker,UKALBKWMMQFNAY-KEBDBYFISA-N,UKALBKWMMQFNAY,PubChem,5337760,,0.560606062412262
COc1cccc(NC(=O)c2c(F)cccc2F)c1,Non-blocker,Non-blocker,UKERRYQGHATEEO-UHFFFAOYSA-N,UKERRYQGHATEEO,PubChem,16640753,,0.581395328044891
Cc1cc2c3c([n+](C)c4ccccc4c3c1)-c1ccccc1O2,Blocker,Blocker,UKFQZLLXRFQIPE-UHFFFAOYSA-N,UKFQZLLXRFQIPE,eval_set_herg_60.csv,,,0.3125
CC(C)OCCCNC(=O)C(=O)N/N=C/c1ccc(OCc2ccccc2)cc1,Non-blocker,Non-blocker,ULEDJGJLTNWCAI-BUVRLJJBSA-N,ULEDJGJLTNWCAI,PubChem,9677984,,0.492063492536545
N=C(N)SCCc1ccc(OCc2ccc([N+](=O)[O-])cc2)cc1,Non-blocker,Blocker,UMJUNUMSJDTYTM-UHFFFAOYSA-N,UMJUNUMSJDTYTM,eval_set_herg_60.csv,,,0.46000000834465
CCOC(=O)CSc1[nH]c2cc(OC)ccc2c1[N+](=O)[O-],Non-blocker,Non-blocker,UNDOHLXSGSKZHZ-UHFFFAOYSA-N,UNDOHLXSGSKZHZ,PubChem,975916,,0.376811593770981
Cc1ccc(C)c(C(=O)CCC(=O)Nc2ccc(N3CCN(C)CC3)cc2C)c1,Non-blocker,Blocker,UNLSBJSUCXSGEG-UHFFFAOYSA-N,UNLSBJSUCXSGEG,PubChem,4787567,,0.440677970647812
O=C(/C=C/c1ccc(CNCCc2cnc3ccccn23)cc1)NO,Non-blocker,Non-blocker,UNPUPHZKXHNIRL-CMDGGOBGSA-N,UNPUPHZKXHNIRL,data_herg_dev,CHEMBL1819268,,0.606557369232178
Cc1ccc(C(=O)N[C@@H]2CCCCNC2=O)cc1,Non-blocker,Non-blocker,UNUWYBQTODGHCJ-GFCCVEGCSA-N,UNUWYBQTODGHCJ,PubChem,2813200,,0.439999997615814
C[C@@H]1c2cccn2CCN1S(=O)(=O)c1ccccc1,Non-blocker,Non-blocker,UOMZWMWQWDVAOS-GFCCVEGCSA-N,UOMZWMWQWDVAOS,PubChem,16251676,,0.591836750507355
CN(C)C[C@H](c1ccc2ccccc2c1)[C@H](N)c1ccccc1,Non-blocker,Non-blocker,UOYWGKDKOJANLM-NHCUHLMSSA-N,UOYWGKDKOJANLM,eval_set_herg_70.csv,,,0.58695650100708
Cc1cccc(N2CCN(C(=O)CSCc3c(C)noc3C)CC2)c1C,Non-blocker,Non-blocker,UOYXGXJBTVISCR-UHFFFAOYSA-N,UOYXGXJBTVISCR,PubChem,2537506,,0.44594594836235
COC(=O)c1sccc1NC(=O)CSc1ccc(Cl)cc1,Non-blocker,Non-blocker,UOZNOXMWCRKJFD-UHFFFAOYSA-N,UOZNOXMWCRKJFD,PubChem,700464,,0.576923072338104
O=c1c2[nH]c3ccc(F)cc3c2ncn1CCN1CCN(Cc2ccccc2)CC1,Non-blocker,Non-blocker,UPEDMFCEEDKPJR-UHFFFAOYSA-N,UPEDMFCEEDKPJR,PubChem,5307125,,0.476923078298569
O=C(NCCNC(=O)c1cc(OCC(F)(F)F)ccc1OCC(F)(F)F)Nc1ccc(OC(F)(F)F)cc1,Non-blocker,Non-blocker,UPENEFXSLFBXIK-UHFFFAOYSA-N,UPENEFXSLFBXIK,PubChem,3847342,,0.685185194015503
COC1CCC2(CC1)Cc1ccc(C#N)cc1C21N=C(N)N(CC2CCCO2)C1=O,Non-blocker,Blocker,UPHWMYMEWKSHEJ-UHFFFAOYSA-N,UPHWMYMEWKSHEJ,eval_set_herg_60.csv,,,0.302325576543808
CC(C)N1CCN(C(=O)N2CCC(C(=O)N3CC4CCC(CC4)C3)CC2)CC1,Non-blocker,Non-blocker,UQKFKOGOHFMDDR-UHFFFAOYSA-N,UQKFKOGOHFMDDR,data_herg_dev,CHEMBL218834,,0.558139562606812
NC1CCN(c2c(NC(=O)c3ccccc3)cncc2-c2cc(Cl)cc(Cl)c2)CC1,Blocker,Blocker,UQKFVSMUQOTCRS-UHFFFAOYSA-N,UQKFVSMUQOTCRS,PubChem,164610738,34626901,0.707692325115204
NS(=O)(=O)c1cccc2c1c([N+](=O)[O-])cc1[nH]c(=O)c(=O)[nH]c12,Non-blocker,Non-blocker,UQNAFPHGVPVTAL-UHFFFAOYSA-N,UQNAFPHGVPVTAL,PubChem,6098006,,0.3125
Cc1cc(F)ccc1-c1ccn2c(CC3CC3(F)F)nnc2c1Cl,Non-blocker,Non-blocker,UQNYQQKYHAYDBS-UHFFFAOYSA-N,UQNYQQKYHAYDBS,eval_set_herg_70.csv,,,0.696428596973419
CCOC(=O)N[C@@]1(C(F)(F)F)C(=O)NC(C)=C1C(=O)OC,Non-blocker,Blocker,UQWDYEJQTWTUHO-SNVBAGLBSA-N,UQWDYEJQTWTUHO,PubChem,2962150,,0.357142865657806
Cc1ccn2c(=O)nc(SCC(=O)N3CCC(Cc4ccccc4)CC3)nc2c1,Non-blocker,Non-blocker,URLKDRAVWWKPKE-UHFFFAOYSA-N,URLKDRAVWWKPKE,PubChem,7259104,,0.544117629528046
C[C@@H]1Cc2ccccc2N1C(=O)COC(=O)CSc1ccc(F)cc1,Non-blocker,Non-blocker,URODSUJZMOXTKA-CYBMUJFWSA-N,URODSUJZMOXTKA,PubChem,24980657,,0.49230769276619
CCc1nnc(NC(=O)COc2ccccc2[N+](=O)[O-])s1,Non-blocker,Non-blocker,URPQKVCCIJEOEW-UHFFFAOYSA-N,URPQKVCCIJEOEW,PubChem,729831,,0.509090900421143
N[C@H]1Cn2c(nc3ncccc32)C[C@@H]1c1cc(F)c(F)cc1F.O=C(O)C(F)(F)F.O=C(O)C(F)(F)F,Non-blocker,Non-blocker,NHGUKFQZOSMDEJ-RNCFNFMXSA-N,URSWBIWMGHFOFP,data_herg_dev,CHEMBL562388,,0.629629611968994
COc1ccc(CC(=O)OCc2nnc([C@H]3COc4ccccc4O3)o2)cc1OC,Non-blocker,Non-blocker,URVKERJZWXTQFJ-GOSISDBHSA-N,URVKERJZWXTQFJ,PubChem,2997735,,0.351351350545883
COc1ccc([C@H]2N[C@]3(CCCN(CC4CCCCC4)C3=O)[C@H]3C(=O)N(C)C(=O)[C@@H]23)cc1,Non-blocker,Non-blocker,USGWRABDSFGDMU-QTDDQOEGSA-N,USGWRABDSFGDMU,PubChem,46904617,,0.533333361148834
C/C(O)=N/C(=S)NNC(=O)C(c1ccccc1)c1ccccc1,Blocker,Non-blocker,USJUFFJYKDUOFR-UHFFFAOYSA-N,USJUFFJYKDUOFR,PubChem,3138367,,0.448979586362839
O=C(NC1CCCCC1)c1cc(Cl)nc2ccccc12,Non-blocker,Non-blocker,UTBBKCQKBPBMAX-UHFFFAOYSA-N,UTBBKCQKBPBMAX,PubChem,3615037,,0.551020383834839
CCOc1ccc(C(C)C)cc1S(=O)(=O)N1CCOCC1,Non-blocker,Non-blocker,UTKLFCYTBLMXAG-UHFFFAOYSA-N,UTKLFCYTBLMXAG,PubChem,850074,,0.510638296604157
Fc1ccc2c(C3C[NH2+]CCC3F)c(C3=CNC=CC3)[nH]c2c1,Blocker,Blocker,UTMPBYAPGSEZCC-UHFFFAOYSA-O,UTMPBYAPGSEZCC,eval_set_herg_70.csv,,,0.550000011920929
COc1cccc2cc3n(c12)CCN(CCCCNC(=O)c1cc2ccccc2cn1)C3,Blocker,Blocker,UTOISRMSYNWABJ-UHFFFAOYSA-N,UTOISRMSYNWABJ,eval_set_herg_70.csv,,,0.684931516647339
Cc1nc2ccc(NC(=O)c3oc4ccc(F)cc4c3C)cc2s1,Non-blocker,Non-blocker,UTTFFDFRBMUFAV-UHFFFAOYSA-N,UTTFFDFRBMUFAV,PubChem,9085542,,0.514705896377564
COCC(=O)Nc1sc2c(c1C(=O)OC)CC[C@@H](C)C2,Blocker,Non-blocker,UUFQPZKQSZMCKL-MRVPVSSYSA-N,UUFQPZKQSZMCKL,PubChem,649845,,0.476923078298569
FC1(F)CC1Cc1nnc2cc(-c3cccc4c3OCC4)ccn12,Non-blocker,Non-blocker,UUHOZAZUVJZTIW-UHFFFAOYSA-N,UUHOZAZUVJZTIW,eval_set_herg_70.csv,,,0.689655184745789
O=C(CCC[N@@H+]1CC=C([N+]2=c3ccccc3=NC2=O)CC1)c1ccc(F)cc1,Non-blocker,Blocker,UUSFDYSLDWOTOB-UHFFFAOYSA-O,UUSFDYSLDWOTOB,eval_set_herg_60.csv,,,0.341772139072418
CCn1c(SCC(=O)NCc2ccco2)nnc1-c1cccs1,Non-blocker,Blocker,UWGNHWSPIFQVMW-UHFFFAOYSA-N,UWGNHWSPIFQVMW,PubChem,832348,,0.56521737575531
Cc1cc(N2CCC[C@@H](N)C2)c2c(n1)n(C)c(=O)n2Cc1ccccc1C#N,Non-blocker,Non-blocker,UWSKGQJKQNVRJZ-QGZVFWFLSA-N,UWSKGQJKQNVRJZ,data_herg_dev,CHEMBL3329696,,0.581081092357636
CCOC(=O)C1(CC2CC2)CCN(Cc2ccc(OC)cc2F)CC1,Non-blocker,Non-blocker,UWUPTKFUSXZFGD-UHFFFAOYSA-N,UWUPTKFUSXZFGD,PubChem,16191791,,0.441558450460434
N#Cc1cccc(S(=O)(=O)NCC(=O)OCC(=O)c2ccc[nH]2)c1,Non-blocker,Non-blocker,UWYYLETVVUMXDE-UHFFFAOYSA-N,UWYYLETVVUMXDE,PubChem,2547421,,0.428571432828903
c1ccc2c(c1)CCNC2,Non-blocker,Non-blocker,UWYZHKAOTLEWKK-UHFFFAOYSA-N,UWYZHKAOTLEWKK,data_herg_dev,,7046,0.400000005960465
CC(=O)C1=C(O)C(=O)N(c2nccs2)[C@H]1c1ccccc1F,Non-blocker,Non-blocker,UXBLGCGXRGKAES-LBPRGKRZSA-N,UXBLGCGXRGKAES,PubChem,5214206,,0.483333319425583
COc1ccc(OC)c(NC(=O)c2ccc(NS(C)(=O)=O)cc2)c1,Non-blocker,Non-blocker,UXDXDSVZZXRUQS-UHFFFAOYSA-N,UXDXDSVZZXRUQS,PubChem,1241929,,0.560000002384186
COc1nccnc1CC(C)C,Non-blocker,Non-blocker,UXFSPRAGHGMRSQ-UHFFFAOYSA-N,UXFSPRAGHGMRSQ,PubChem,32594,,0.360000014305115
CC(=O)[O-].c1ccc([Pb+](c2ccccc2)c2ccccc2)cc1,Blocker,Blocker,ALJQFYXBHVSDSZ-UHFFFAOYSA-N,UXLLXTLQVAJJIB,eval_set_herg_70.csv,,,0.333333343267441
Cc1cccc(C(=O)NCCNC(=O)c2ccco2)c1,Non-blocker,Non-blocker,UXXJEJMVFLBZHH-UHFFFAOYSA-N,UXXJEJMVFLBZHH,PubChem,6490881,,0.704545438289642
COc1cc(F)ccc1-c1cnn(Cc2cc(C)nn2C)c1,Blocker,Blocker,UYFOFEJPPDSOCE-UHFFFAOYSA-N,UYFOFEJPPDSOCE,eval_set_herg_70.csv,,,0.627451002597809
CC(C)N(C(=O)c1ccccc1C(F)(F)F)[C@H]1CCNC1,Blocker,Non-blocker,UYHGUPUXXZHREH-NSHDSACASA-N,UYHGUPUXXZHREH,data_herg_dev,CHEMBL555121,,0.666666686534882
CN(C)C(=O)[C@@H](C1CCC(NS(=O)(=O)c2ccc(F)cc2F)CC1)[C@H]([NH3+])C(=O)N1CC[C@H](F)C1,Non-blocker,Non-blocker,UYJJHUSVSWNRCU-CNJFGLLESA-O,UYJJHUSVSWNRCU,eval_set_herg_70.csv,,,0.681818187236786
CC(C)(C)c1cc(-c2nnc(SCc3ccc(Cl)c(Cl)c3)s2)cc(C(C)(C)C)c1O,Non-blocker,Non-blocker,UYWJSVWWLKLHND-UHFFFAOYSA-N,UYWJSVWWLKLHND,eval_set_herg_60.csv,,,0.368421047925949
Sc1nc(Cc2ccccc2)nc2ccccc12,Blocker,Blocker,UYYOSQDRLIXLIH-UHFFFAOYSA-N,UYYOSQDRLIXLIH,PubChem,806173,,0.583333313465118
O=c1c2nccn2c2cc(F)c(-c3ccncc3)cc2n1C1CC1,Blocker,Non-blocker,UZAPAHIWOLYIFO-UHFFFAOYSA-N,UZAPAHIWOLYIFO,data_herg_dev,CHEMBL4203118,,0.566666662693024
C[n+]1c(C#CC2CCCCC2)cccc1C#CC1CCCCC1,Non-blocker,Blocker,UZAQXCMNQMXFBY-UHFFFAOYSA-N,UZAQXCMNQMXFBY,PubChem,71606230,26125327,0.441176474094391
Cc1c(NC(=S)NC(C)(C)C)c(=O)n(-c2ccccc2)n1C,Non-blocker,Non-blocker,UZQVADXJNFKINJ-UHFFFAOYSA-N,UZQVADXJNFKINJ,PubChem,872748,,0.615384638309479
CN(C)c1cccc(C(=O)OCC(=O)Nc2ccccc2Sc2ccccc2)c1,Non-blocker,Non-blocker,VAMMCJXAOIUTKH-UHFFFAOYSA-N,VAMMCJXAOIUTKH,PubChem,2079073,,0.49230769276619
COc1ccc(O)c(CN2C[C@H]3CC[C@H](CC3)C2)c1,Non-blocker,Non-blocker,VAMWGLGPDWSEBU-BETUJISGSA-N,VAMWGLGPDWSEBU,PubChem,262148,,0.458333343267441
CC(=O)N1CCc2cc(S(=O)(=O)[C@H](C)CC(=O)NCc3ccco3)ccc21,Non-blocker,Non-blocker,VASCHLIGROPNIM-CYBMUJFWSA-N,VASCHLIGROPNIM,PubChem,20914871,,0.446153849363327
CC(C)Oc1ccc(NC(=O)c2cc(N(C)Cc3ccc(F)cc3)ncn2)cc1,Blocker,Blocker,VAXILCQJXAOMEM-UHFFFAOYSA-N,VAXILCQJXAOMEM,CUPID,137644180,29148755,0.60317462682724
CCCOc1ccc(N2C(=O)C[C@@H](N(CCC)C(=O)CCC(=O)O)C2=O)cc1,Non-blocker,Non-blocker,VBEFZFRKYHLSSB-MRXNPFEDSA-N,VBEFZFRKYHLSSB,PubChem,660482,,0.579710125923157
C[C@H]1CC[C@H](NC(=O)Cn2c(=O)[nH]c3ccsc3c2=O)CC1,Non-blocker,Non-blocker,VBXOBCIZKNNJQW-MGCOHNPYSA-N,VBXOBCIZKNNJQW,PubChem,3240619,,0.457142859697342
COc1cc2nc(N3CCN(C(=O)[C@H]4CCCO4)CC3)nc(N)c2cc1OC,Non-blocker,Non-blocker,VCKUSRYTPJJLNI-CQSZACIVSA-N,VCKUSRYTPJJLNI,eval_set_herg_70.csv,,,0.651515126228333
Cc1nccnc1/C(C(=O)O)=C1/C=CC(=O)C(c2ncnc3cc(N4CCOCC4)ccc23)=C1,Non-blocker,Non-blocker,VDDZZCZXKACKKC-CJLVFECKSA-N,VDDZZCZXKACKKC,eval_set_herg_60.csv,,,0.481481492519379
CCCCn1c(N)c(N(CC(C)C)C(=O)c2ccc(S(=O)(=O)N(CC)c3ccccc3)cc2)c(=O)[nH]c1=O,Non-blocker,Non-blocker,VDJWHWJQNCPQRO-UHFFFAOYSA-N,VDJWHWJQNCPQRO,PubChem,24980898,,0.652777791023254
CC(C)(O)C(=O)NN(C(=O)c1ccccc1)c1ccc2ccccc2c1,Blocker,Non-blocker,VDLJNNDLAOOMLZ-UHFFFAOYSA-N,VDLJNNDLAOOMLZ,PubChem,921812,,0.442307680845261
CSc1nnc(-c2ccccc2/N=C/c2c(C)nn(-c3ccccc3)c2O)c(O)n1,Blocker,Non-blocker,VDMGUYHCOOMNKT-WSDLNYQXSA-N,VDMGUYHCOOMNKT,PubChem,135435648,,0.422535210847855
Cn1c(C(=O)N/N=C/c2ccccc2)cc2ccccc21,Non-blocker,Non-blocker,VDXFWTPZWJJCIZ-LDADJPATSA-N,VDXFWTPZWJJCIZ,PubChem,6894459,,0.490566045045853
CCO[C@@H]1OC(C(=O)N2CCN(Cc3ccc4c(c3)OCO4)CC2)=C[C@H](c2cn(C(C)=O)c3ccccc23)[C@H]1CCCO,Non-blocker,Non-blocker,VDZIRWDDZHZACR-YPMZNXIVSA-N,VDZIRWDDZHZACR,PubChem,6671169,,0.561797738075256
CCOC(=O)c1ccc(-n2c(C)nc3c(cnn3-c3ccccc3Cl)c2=O)cc1,Non-blocker,Non-blocker,VEHIEJLKEOVGFO-UHFFFAOYSA-N,VEHIEJLKEOVGFO,PubChem,9550264,,0.5
[Cl-],Non-blocker,Blocker,,VEXZGXHMUGYJMC,eval_set_herg_60.csv,,,0
CCOC(=O)c1ccc(C2CCC(NC[C@H](O)COc3ccc(O)c(NS(C)(=O)=O)c3)CC2)cc1.Cl,Blocker,Non-blocker,WCPJDRQPTLGHOD-MNLRITNHSA-N,VEZDPEGPNPRTOH,data_herg_dev,,16654936,0.37349396944046
Cc1cccc(C)c1NC(=S)NN1CCN(C)CC1,Non-blocker,Non-blocker,VFAWGTAVLCQOIK-UHFFFAOYSA-N,VFAWGTAVLCQOIK,PubChem,2377815,,0.434782594442368
COc1cc(N)c(Cl)cc1C(=O)N[C@@H]1CCN(CCCCCC(=O)O[C@H]2CN3CCC2CC3)C[C@@H]1OC,Blocker,Non-blocker,VGDDOIZXGFJDRC-VJTSUQJLSA-N,VGDDOIZXGFJDRC,eval_set_herg_70.csv,,,0.671052634716034
O=C(Cc1cccs1)Nc1cccc(C(=O)Nc2ccco2)c1,Non-blocker,Blocker,VGFUOIZPRCLXSO-UHFFFAOYSA-N,VGFUOIZPRCLXSO,PubChem,976770,,0.46551725268364
COc1ccc(C(=O)COC(=O)COc2cc(C)cc(C)c2)cc1,Non-blocker,Non-blocker,VGJWDCGUEUUTIK-UHFFFAOYSA-N,VGJWDCGUEUUTIK,PubChem,821588,,0.489361703395844
C=CCSCC1Nc2cc(Cl)c(S(N)(=O)=O)cc2S(=O)(=O)N1,Non-blocker,Non-blocker,VGLGVJVUHYTIIU-UHFFFAOYSA-N,VGLGVJVUHYTIIU,eval_set_herg_70.csv,,,0.447761207818985
CCc1ccccc1NC(=O)c1cc(-c2cccc(O)c2)on1,Non-blocker,Non-blocker,VGQGTNVENAUVGJ-UHFFFAOYSA-N,VGQGTNVENAUVGJ,PubChem,5308609,,0.446428567171097
CCN(CC)CCC(=O)N1c2ccccc2Sc2ccc(C(F)(F)F)cc21,Blocker,Non-blocker,VHEOUJNDDFHPGJ-UHFFFAOYSA-N,VHEOUJNDDFHPGJ,data_herg_dev,,161562,0.649122834205627
Nc1ccc2c3c(cccc13)-c1ccccc1-2,Blocker,Non-blocker,VHGJAFIHUSTRGB-UHFFFAOYSA-N,VHGJAFIHUSTRGB,eval_set_herg_70.csv,,,0.620689630508423
N#Cc1nc(NCc2ccccn2)c2c(-c3ccccc3)cccc2n1,Blocker,Non-blocker,VHMIVHVYUOEJTK-UHFFFAOYSA-N,VHMIVHVYUOEJTK,data_herg_dev,CHEMBL4450487,,0.705882370471954
Cc1cccc(C)c1OC[C@H](O)Cn1nnc2ccccc21,Non-blocker,Non-blocker,VIIAYQRLIHJEHR-CQSZACIVSA-N,VIIAYQRLIHJEHR,PubChem,3586180,,0.489795923233032
COc1cc2c(cc1OC)-c1c(-c3cnc(C(=O)N(C)C(C)(C)C)s3)ncn1CC2,Blocker,Blocker,VIQYGEOSRSOQKW-UHFFFAOYSA-N,VIQYGEOSRSOQKW,data_herg_dev,CHEMBL2017057,,0.571428596973419
CCN(CC)S(=O)(=O)c1cccc(NC(=O)COc2ccc(Cl)cc2Br)c1,Non-blocker,Non-blocker,VISHWHHLTXNJGJ-UHFFFAOYSA-N,VISHWHHLTXNJGJ,PubChem,15945396,,0.507936537265778
NCC(Cc1ccccc1F)c1ccc2ccccc2c1,Blocker,Blocker,VIVXWRRXKKDPKC-UHFFFAOYSA-N,VIVXWRRXKKDPKC,eval_set_herg_70.csv,,,0.682926833629608
Cc1cc(C(=O)Nc2ccc3[nH]ccc3c2)no1,Non-blocker,Non-blocker,VJGHVVSAQTZVLK-UHFFFAOYSA-N,VJGHVVSAQTZVLK,PubChem,2814136,,0.388888895511627
CC#CC(=O)N[C@H]1CCCN(c2c(F)cc(C(N)=O)c3[nH]c(C)c(C)c23)C1,Non-blocker,Non-blocker,VJPPLCNBDLZIFG-ZDUSSCGKSA-N,VJPPLCNBDLZIFG,data_herg_dev,CHEMBL4297674,,0.337209314107895
O=C(NC1CCN(C(=O)c2ccccc2Br)CC1)c1ccccc1,Non-blocker,Non-blocker,VKAFKDUFCDCDSB-UHFFFAOYSA-N,VKAFKDUFCDCDSB,PubChem,2729512,,0.551020383834839
CCCS(=O)(=O)N1CCC(C(=O)Oc2ccc(OC)cc2)CC1,Non-blocker,Non-blocker,VKAIWJDWCGWKKM-UHFFFAOYSA-N,VKAIWJDWCGWKKM,PubChem,6471706,,0.6875
Cc1ccc(C(=O)c2sc3nc4c(cc3c2N)CCC4)cc1,Non-blocker,Non-blocker,VKCSIFCPBDIWDM-UHFFFAOYSA-N,VKCSIFCPBDIWDM,PubChem,716201,,0.419354826211929
Cc1ccc(CC2(O)CCN(CCOc3ccc(O)cc3)CC2)cc1,Blocker,Blocker,VKMFDKYCIKEDMR-UHFFFAOYSA-N,VKMFDKYCIKEDMR,eval_set_herg_60.csv,,,0.535714268684387
CCN(CCn1cccn1)C(=O)c1cc(COc2c(F)cccc2F)on1,Non-blocker,Non-blocker,VKOVBORJSNANPQ-UHFFFAOYSA-N,VKOVBORJSNANPQ,PubChem,16190599,,0.464788734912872
COc1ccc(OC)c(-c2cc(C(=O)N/N=C/c3cc(OC)c(OC)cc3OC)c3ccccc3n2)c1,Non-blocker,Non-blocker,VKSFOWRDLYDHON-MUFRIFMGSA-N,VKSFOWRDLYDHON,PubChem,6874748,,0.614285707473755
CN(CCOCc1ccc(F)cc1)C(=O)c1cccc(S(=O)(=O)N2CCc3ccccc3C2)c1,Non-blocker,Blocker,VKTKASGXLLSXMD-UHFFFAOYSA-N,VKTKASGXLLSXMD,eval_set_herg_60.csv,,,0.527777791023254
COc1ccc(CCNC(=O)C(=O)N/N=C/c2cccs2)cc1OC,Non-blocker,Non-blocker,VKUKVHVVNRDEEO-YBFXNURJSA-N,VKUKVHVVNRDEEO,PubChem,9591258,,0.576271176338196
O=S(=O)(c1cncc2ccccc12)N1CCC[C@H]1CCN1CCN(c2nsc3ccccc23)CC1,Blocker,Blocker,VKVJQSCYLIOFEN-NRFANRHFSA-N,VKVJQSCYLIOFEN,PubChem,145984299,29407591,0.472222208976746
CN(C)c1ccc(C(=O)OCC(=O)NC2CCCCCC2)cc1,Non-blocker,Non-blocker,VLJKAQPMZUVCPF-UHFFFAOYSA-N,VLJKAQPMZUVCPF,PubChem,2370496,,0.659574449062347
Cc1nc2ncccc2cc1-c1ccc2cc(CCN3CCC[C@H]3C)ccc2n1,Blocker,Blocker,VLKAMDZYTNJHHG-QGZVFWFLSA-N,VLKAMDZYTNJHHG,PubChem,11710694,20457525,0.704918026924133
COC(=O)c1ccc(-c2ccn3c(CC4CC4(F)F)nnc3c2)c(F)c1,Non-blocker,Non-blocker,VMAMSACVMZULQC-UHFFFAOYSA-N,VMAMSACVMZULQC,eval_set_herg_70.csv,,,0.692307710647583
CCc1cccc(NC(=O)c2cccc(S(=O)(=O)N3CCN(C)CC3)c2)c1,Non-blocker,Non-blocker,VMFDEPQRWWBBMN-UHFFFAOYSA-N,VMFDEPQRWWBBMN,PubChem,2449959,,0.685185194015503
COc1c(N2CCC/C(=C(\F)CN)C2)c(F)cc2c(=O)c(C(=O)O)cn(C3CC3)c12,Non-blocker,Non-blocker,VMKVDAAFMQKZJS-LFIBNONCSA-N,VMKVDAAFMQKZJS,eval_set_herg_70.csv,,,0.676056325435638
Cc1ccc(C)c(/C(O)=C2\C(=O)C(=O)N(Cc3cccnc3)[C@@H]2c2cccnc2)c1,Non-blocker,Non-blocker,VMPMLHYZTROLCQ-JBCNATCCSA-N,VMPMLHYZTROLCQ,PubChem,5769011,,0.535211265087128
C[C@@]1(C2(O)CCCCC2)NCCc2ccccc21,Blocker,Non-blocker,VMXYNNOLPQQSFF-OAHLLOKOSA-N,VMXYNNOLPQQSFF,PubChem,3983838,,0.313725501298904
O=c1cc(-c2cc3ccncc3n2-c2ccc(Cl)cc2)cc[nH]1,Blocker,Blocker,VMYXNYIVDBBERD-UHFFFAOYSA-N,VMYXNYIVDBBERD,eval_set_herg_70.csv,,,0.673913061618805
CN(C)Cc1cc(C(C)(C)C)c(O)c(C(C)(C)C)c1,Non-blocker,Non-blocker,VMZVBRIIHDRYGK-UHFFFAOYSA-N,VMZVBRIIHDRYGK,data_herg_dev,,66609,0.607142865657806
O=C(Nc1ccc([C@H]2CNCCO2)cc1)c1cnc(-c2ccccc2)s1,Non-blocker,Blocker,VNCZMBMKODMGRG-QGZVFWFLSA-N,VNCZMBMKODMGRG,eval_set_herg_70.csv,,,0.6721311211586
O=C(Cc1ccccc1)Nc1ccc(C(=O)O)cc1,Non-blocker,Non-blocker,VNHSSBYXYMABJC-UHFFFAOYSA-N,VNHSSBYXYMABJC,PubChem,785682,,0.621621608734131
COCCNc1cc(O)c2c(=O)c3c(-c4nccs4)[nH]c(Cc4ccc5c(c4)OCO5)c3oc2c1,Non-blocker,Non-blocker,VNWKVRSLWCIUCC-UHFFFAOYSA-N,VNWKVRSLWCIUCC,data_herg_dev,CHEMBL4218772,,0.612500011920929
C[C@@H](NC(=O)c1ccco1)C(=O)O,Non-blocker,Blocker,VNYWJRJEGHPIQW-RXMQYKEDSA-N,VNYWJRJEGHPIQW,PubChem,2827446,,0.609756112098694
CCOc1cc2c(cc1OC)[C@H](NC(=O)C(F)(F)F)CC2=O,Non-blocker,Non-blocker,VOBBHULYUCVFAR-SECBINFHSA-N,VOBBHULYUCVFAR,PubChem,3325306,,0.357142865657806
O=C1c2c(O)ccc(Nc3ccc(CCO)cc3)c2C(=O)c2c([N+](=O)[O-])ccc(O)c21,Non-blocker,Non-blocker,VOCYGZAHYQXJOF-UHFFFAOYSA-N,VOCYGZAHYQXJOF,data_herg_dev,,5360487,0.634615361690521
COc1ccc(-c2csc(NC(=O)[C@H]3CCCCC3S(=O)(=O)c3ccc(C)cc3)n2)cc1,Non-blocker,Non-blocker,VOQOSEZOWYQTLZ-AIBWNMTMSA-N,VOQOSEZOWYQTLZ,eval_set_herg_70.csv,,,0.671641767024994
COc1ccccc1N1CCN(/N=C/c2cc(OC)c(O)c(OC)c2)CC1,Non-blocker,Non-blocker,VOTFODZYDPTJJL-KGENOOAVSA-N,VOTFODZYDPTJJL,PubChem,135498032,,0.491525411605835
C[C@]12CC[C@@H]3c4ccc(O)cc4CC[C@H]3[C@@H]1CC[C@@H]2O,Non-blocker,Non-blocker,VOXZDWNPVJITMN-ZBRFXRBCSA-N,VOXZDWNPVJITMN,eval_set_herg_70.csv,,,0.686274528503418
O=C(CCCCCCC(=O)Nc1ccccc1)NOC(c1ccccc1)(c1ccccc1)c1ccccc1,Blocker,Non-blocker,VOZQRPZNBJISMA-UHFFFAOYSA-N,VOZQRPZNBJISMA,data_herg_dev,CHEMBL4640366,,0.489361703395844
Cn1c(SCc2c(F)cccc2Cl)nc2ccccc2c1=O,Non-blocker,Non-blocker,VPFGHGHPLWGLRM-UHFFFAOYSA-N,VPFGHGHPLWGLRM,PubChem,2172316,,0.491228073835373
CC(=O)c1ccc(-c2nnc(CCC(=O)N(C)Cc3c(C)nc4ccccn34)o2)s1,Non-blocker,Blocker,VPIPNHBHPFQEEQ-UHFFFAOYSA-N,VPIPNHBHPFQEEQ,PubChem,16191297,,0.325581401586533
Cc1cc2c3c([n+](C)c4cc(CN)ccc4c3c1)-c1ccccc1N2C,Blocker,Non-blocker,VQAPRZXSTQAINR-UHFFFAOYSA-N,VQAPRZXSTQAINR,eval_set_herg_60.csv,,,0.476190477609634
CNCCCC1c2ccccc2CCc2ccccc21,Blocker,Blocker,VQDUUNLXNKNTSM-UHFFFAOYSA-N,VQDUUNLXNKNTSM,eval_set_herg_70.csv,,,0.628571450710297
CCS(=O)(=O)c1ccc2c(c1)nc(C(C)(C)C)n2COC(F)(F)F,Non-blocker,Blocker,VQGQUWIXGJVIKT-UHFFFAOYSA-N,VQGQUWIXGJVIKT,eval_set_herg_70.csv,,,0.634615361690521
O=C(c1ccncc1)N1CCN(C2CCCCC2)CC1,Non-blocker,Non-blocker,VQNGPERVKJMHDR-UHFFFAOYSA-N,VQNGPERVKJMHDR,PubChem,2879989,,0.555555582046509
Cc1ccccc1CCl,Non-blocker,Non-blocker,VQRBXYBBGHOGFT-UHFFFAOYSA-N,VQRBXYBBGHOGFT,data_herg_dev,,11093,0.52173912525177
CCOc1cc(N)c(Cl)cc1C(=O)NCC1C[N+](Cc2ccc(F)cc2)CCO1,Blocker,Blocker,VQSYXEIAGGXRCQ-UHFFFAOYSA-N,VQSYXEIAGGXRCQ,eval_set_herg_70.csv,,,0.684931516647339
COc1ccccc1C(=O)COC(=O)c1cc([N+](=O)[O-])ccc1N1CCOCC1,Non-blocker,Non-blocker,VQTPQGHZPAGWSW-UHFFFAOYSA-N,VQTPQGHZPAGWSW,PubChem,24373700,,0.615384638309479
Cc1cc(C(=O)COc2ccc([N+](=O)[O-])cc2)c(C)n1C1CC1,Blocker,Non-blocker,VROZZQPUKPEVGI-UHFFFAOYSA-N,VROZZQPUKPEVGI,PubChem,2632406,,0.649122834205627
COC(C[C@H](O)CC(=O)COCc1ccccc1)OC,Non-blocker,Non-blocker,VRRQHLXPGPZWBF-CYBMUJFWSA-N,VRRQHLXPGPZWBF,PubChem,16745985,,0.45652174949646
O=C(CN1CCN(c2ccccc2O)CC1)NC(=O)NCc1ccccc1,Non-blocker,Non-blocker,VRVTZZKSCVPFRZ-UHFFFAOYSA-N,VRVTZZKSCVPFRZ,PubChem,2454527,,0.555555582046509
Cc1ccc(S(=O)(=O)N(C)c2ccc(OC(=O)CN3C(=O)NC4(CCCC4)C3=O)cc2)cc1C,Non-blocker,Non-blocker,VRYLKDPLQJNREN-UHFFFAOYSA-N,VRYLKDPLQJNREN,PubChem,24402384,,0.485714286565781
FC(F)(F)c1ccccc1-c1cc(C(F)(F)F)c2[nH]c(C3=NOC4(CCCCC4)C3)nc2c1,Non-blocker,Non-blocker,VSMFCZZEKTVDHM-UHFFFAOYSA-N,VSMFCZZEKTVDHM,data_herg_dev,CHEMBL1650511,,0.298507452011108
O=C(Oc1c(-c2ccccc2)c(=O)n2c3c(cccc13)CC2)c1cccc([N+](=O)[O-])c1,Non-blocker,Non-blocker,VSNVBXRWSQTAIL-UHFFFAOYSA-N,VSNVBXRWSQTAIL,PubChem,2816455,,0.354430377483368
CNc1nc(SC)nc2ccccc12,Non-blocker,Blocker,VSPFGWZJQAHKLL-UHFFFAOYSA-N,VSPFGWZJQAHKLL,PubChem,5193836,,0.352941185235977
CCOc1ccc(OCCC(=O)OCC(=O)NC2CCCCC2)cc1,Non-blocker,Non-blocker,VSRYFPCTOYDXIF-UHFFFAOYSA-N,VSRYFPCTOYDXIF,PubChem,16535329,,0.591836750507355
S=C(S)N1CCCC1,Blocker,Blocker,VSWDORGPIHIGNW-UHFFFAOYSA-N,VSWDORGPIHIGNW,PubChem,517348,,0.526315808296204
OCc1csc(C(O)c2cc(-c3ncnc4cc(N5C6CCC5COC6)ccc34)c(F)cc2Cl)n1,Non-blocker,Non-blocker,VSYCUCYLHGGKPK-UHFFFAOYSA-N,VSYCUCYLHGGKPK,data_herg_dev,,,0.635294139385223
CCc1cccc(CC)c1N(COC)C(=O)Cn1c(CO)nc2ccccc21,Non-blocker,Non-blocker,VTAUMGDVQHDJBL-UHFFFAOYSA-N,VTAUMGDVQHDJBL,PubChem,645478,,0.459016382694244
O=C(NCc1ccccc1)N1CCC(CNc2ncccn2)CC1,Blocker,Blocker,VTMJLFSAQVGRBC-UHFFFAOYSA-N,VTMJLFSAQVGRBC,eval_set_herg_70.csv,,,0.680000007152557
Oc1ccc(-c2ccc(CNCCc3c[nH]c4ncc(F)cc34)o2)cc1,Blocker,Blocker,VTRMFVAGEAFJTR-UHFFFAOYSA-N,VTRMFVAGEAFJTR,data_herg_dev,CHEMBL4442855,,0.347826093435288
CCN(c1ccccc1)S(=O)(=O)c1ccc(NN)nc1,Non-blocker,Non-blocker,VTUBMCBPPGZPTD-UHFFFAOYSA-N,VTUBMCBPPGZPTD,PubChem,2095679,,0.519999980926514
Cc1ccc(C(=O)OCC(=O)NCc2ccco2)cc1S(=O)(=O)N1CCOCC1,Non-blocker,Non-blocker,VTZVATRGBGTKJR-UHFFFAOYSA-N,VTZVATRGBGTKJR,PubChem,16281786,,0.681159436702728
Cc1ccc(COC(=O)N2CC[C@H](CNc3nccn4cnnc34)C(F)(F)C2)cc1,Blocker,Non-blocker,VUFCSTHNGFATSK-MRXNPFEDSA-N,VUFCSTHNGFATSK,eval_set_herg_70.csv,,,0.671428561210632
OC(c1ccc(-c2ncnc3cc(N4CCOCC4)ccc23)s1)c1nccs1,Non-blocker,Non-blocker,VURHFAWQGNOLNC-UHFFFAOYSA-N,VURHFAWQGNOLNC,eval_set_herg_70.csv,,,0.681818187236786
CCCN1[C@@H]2COC[C@H]1CN(c1ccccc1OC)C2,Non-blocker,Blocker,VUTIVRNNOQOEDF-OKILXGFUSA-N,VUTIVRNNOQOEDF,data_herg_dev,CHEMBL4244649,,0.630434811115265
COc1ccc2c(=O)n(C)c(C#N)c(-c3ccccc3)c2c1,Non-blocker,Non-blocker,VUTWLIQMSKQEAU-UHFFFAOYSA-N,VUTWLIQMSKQEAU,eval_set_herg_70.csv,,,0.636363625526428
COc1ncc(NC(=O)Nc2cnc3ccc(F)cc3c2N(C)C2CCCN(C)C2)cc1Cl,Blocker,Blocker,VVAWSCAKBGGGTH-UHFFFAOYSA-N,VVAWSCAKBGGGTH,PubChem,CUPID,,0.50537633895874
CC(C)(C)C(=O)OCC(=O)[C@H]1CC[C@H]2[C@@H]3CCC4=CC(=O)CC[C@]4(C)[C@H]3CC[C@]12C,Non-blocker,Non-blocker,VVOIQBFMTVCINR-WWMZEODYSA-N,VVOIQBFMTVCINR,eval_set_herg_70.csv,,,0.666666686534882
Cc1ccc(NC(=O)c2noc3c2CCc2ccccc2-3)cc1,Non-blocker,Non-blocker,VVSWRBLWQYCVKI-UHFFFAOYSA-N,VVSWRBLWQYCVKI,PubChem,6619226,,0.360655725002289
COc1ccc(Cc2noc(C3=CC4(CCN(CC5CCCO5)CC4)c4ccccc43)n2)cc1,Blocker,Blocker,VVTNGPQJVGKJLG-UHFFFAOYSA-N,VVTNGPQJVGKJLG,eval_set_herg_70.csv,,,0.631578922271729
O=c1[nH]ncc(NCCCO)c1Cl,Non-blocker,Non-blocker,VXINMRMHQNRIOM-UHFFFAOYSA-N,VXINMRMHQNRIOM,PubChem,1646756,,0.642857134342194
CCC1Nc2cc(Cl)c(S(N)(=O)=O)cc2S(=O)(=O)N1,Blocker,Non-blocker,VXLCNTLWWUDBSO-UHFFFAOYSA-N,VXLCNTLWWUDBSO,eval_set_herg_70.csv,,,0.459016382694244
Oc1[nH]c2c(Cl)cc(Cl)cc2c1/N=N/C(=S)NC[C@H]1CCCO1,Blocker,Blocker,VYKPQMDLIBVXSJ-IMAVIWKISA-N,VYKPQMDLIBVXSJ,PubChem,4133699,,0.492753624916077
COc1ccc(CCN(CCC[C@@](C)(C#N)c2ccc(OC)c(OC)c2)C(C)C)cc1OC,Blocker,Blocker,VYLABSMQLHGDJB-MHZLTWQESA-N,VYLABSMQLHGDJB,eval_set_herg_60.csv,,,0.593220353126526
C#CCN(C[C@H]1[C@H](OC(=O)NC2CCCC2)[C@H](OC(=O)NC2CCCC2)C[C@@H](C(=O)OC)[C@H]1C(=O)OC)S(=O)(=O)c1ccc(C)cc1,Blocker,Non-blocker,VYLDWNSIQQWPJI-JPHCZMGXSA-N,VYLDWNSIQQWPJI,PubChem,46904315,,0.534883737564087
O=C(CSc1nnc(N2CCOCC2)n1-c1ccccc1)NCc1cccc(NC(=O)C2CC2)c1,Non-blocker,Non-blocker,VYNLDXGRJIMEOF-UHFFFAOYSA-N,VYNLDXGRJIMEOF,eval_set_herg_60.csv,,,0.423913031816483
Cc1nccn1Cc1cn(-c2ccc(Cl)cc2Cl)nn1,Blocker,Blocker,VYRSMGXIQJIWHO-UHFFFAOYSA-N,VYRSMGXIQJIWHO,eval_set_herg_70.csv,,,0.699999988079071
Cc1cc2nc(CCC3CCCN3C)n(Cc3ccc(Cl)cc3)c2cc1C,Blocker,Blocker,VYSFWHXSTDCNEA-UHFFFAOYSA-N,VYSFWHXSTDCNEA,PubChem,CUPID,,0.625
O=[N+]([O-])c1ccc(Cl)c([N+](=O)[O-])c1,Non-blocker,Blocker,VYZAHLCBVHPDDF-UHFFFAOYSA-N,VYZAHLCBVHPDDF,data_herg_dev,,6,0.555555582046509
CN1CCC(N(Cc2ccccc2)c2ccccc2)CC1,Blocker,Blocker,VZSXTYKGYWISGQ-UHFFFAOYSA-N,VZSXTYKGYWISGQ,PubChem,72075,,0.658536612987518
Cl.Cn1c(=O)n(C)c2cc(CNCCNc3ccnc4cc(Cl)ccc34)ccc21,Blocker,Blocker,NPWXHTXMBIOHKI-UHFFFAOYSA-N,VZVZSYKIWZHYQN,data_herg_dev,CHEMBL548469,,0.460317462682724
CC(CC(C)(C)C)N1CCC(CNC(=O)c2cc(Cl)cc(Cl)c2)CC1,Blocker,Blocker,WBLJCYSHRXEKLJ-UHFFFAOYSA-N,WBLJCYSHRXEKLJ,CUPID,CUPID,,0.653846144676209
CCS(=O)(=O)C[NH2+]C1c2cc(C[NH3+])ccc2OC(C)(C)C1O,Blocker,Blocker,WBVSOLNLFCLORC-UHFFFAOYSA-P,WBVSOLNLFCLORC,eval_set_herg_60.csv,,,0.354430377483368
O=C(N1CCOCC1)N(Cc1cccs1)C1CCCC1,Non-blocker,Blocker,WBXGRUSAFKEVEG-UHFFFAOYSA-N,WBXGRUSAFKEVEG,PubChem,665523,,0.46875
O=C(NC[C@H](c1ccco1)N1CCOCC1)C1CCCCC1,Non-blocker,Non-blocker,WCIGUMRSZGMIPK-OAHLLOKOSA-N,WCIGUMRSZGMIPK,PubChem,16809733,,0.5
OC(c1ccc(F)cc1)c1ccc(F)cc1,Non-blocker,Non-blocker,WCTZPQWLFWZYJE-UHFFFAOYSA-N,WCTZPQWLFWZYJE,eval_set_herg_60.csv,,,0.322580635547638
Cc1nc2ccc(NC(=O)c3cc(S(=O)(=O)N(C)c4ccccc4)ccc3Cl)cc2s1,Non-blocker,Non-blocker,WCXHFSIMJBENOZ-UHFFFAOYSA-N,WCXHFSIMJBENOZ,PubChem,2102299,,0.538461565971375
CN(C)[C@H]1CC[C@](c2ccccc2)(N2CC[C@H](c3cc(C(F)(F)F)cc(C(F)(F)F)c3)C2=O)CC1,Blocker,Blocker,WDABUKHQRJDQAX-CQOQZXRMSA-N,WDABUKHQRJDQAX,PubChem,44408144,16384700,0.640625
O=C(O/C(=C/c1ccccc1)C(F)(F)F)c1ccccc1,Non-blocker,Non-blocker,WDBHYWQLMJOLRO-SDNWHVSQSA-N,WDBHYWQLMJOLRO,PubChem,6383558,,0.424242436885834
COc1ccc(-n2nc(C(=O)NC[C@H]3CCCO3)c3ccccc3c2=O)cc1,Non-blocker,Non-blocker,WDDLEFAJXDCHNS-MRXNPFEDSA-N,WDDLEFAJXDCHNS,PubChem,5130611,,0.576271176338196
NS(=O)(=O)c1cc(Nc2cc(Oc3cn(C4CC4)nc3C3CCOCC3)ccn2)ccc1F,Blocker,Non-blocker,WDKDULZYHWXVIZ-UHFFFAOYSA-N,WDKDULZYHWXVIZ,data_herg_dev,CHEMBL4646566,,0.292134821414948
C[N+]1CCCC1c1cccnc1,Non-blocker,Non-blocker,WDLCRPUFOKJNEU-UHFFFAOYSA-N,WDLCRPUFOKJNEU,eval_set_herg_60.csv,,,0.463414639234543
CC(C)/N=c1\cc2n(-c3ccc(Cl)cc3)c3ccccc3nc-2cc1Nc1ccc(Cl)cc1,Blocker,Blocker,WDQPAMHFFCXSNU-BGABXYSRSA-N,WDQPAMHFFCXSNU,PubChem,2794,,0.321839094161987
N[C@@H](CC(=O)N1CCC2CCCC21)Cc1cc(F)c(F)cc1F,Non-blocker,Non-blocker,WEKSHOSOOGSDKA-YZKWQOGNSA-N,WEKSHOSOOGSDKA,eval_set_herg_70.csv,,,0.625
C=CCn1c(-c2ccccc2)ccc(C#N)c1=O,Blocker,Non-blocker,WERKLXJPXQLJPJ-UHFFFAOYSA-N,WERKLXJPXQLJPJ,PubChem,1488306,,0.375
CN(C)C(=O)N1NC(c2cc(F)ccc2F)=C[C@@]1(CC[C@@H](N)C(F)F)c1ccccc1,Non-blocker,Non-blocker,WEVPTJAEKGQKSS-GCJKJVERSA-N,WEVPTJAEKGQKSS,eval_set_herg_70.csv,,,0.681818187236786
CCCCCCc1ccc(O)cc1O,Non-blocker,Non-blocker,WFJIVOKAWHGMBH-UHFFFAOYSA-N,WFJIVOKAWHGMBH,eval_set_herg_70.csv,,,0.548387110233307
CS(=O)(=O)N1CCN=C1SCc1ccccc1,Non-blocker,Non-blocker,WFOYMSDJTZLOAI-UHFFFAOYSA-N,WFOYMSDJTZLOAI,PubChem,2148558,,0.400000005960465
CC[C@@H]1CN(C(=O)NCc2cccc(OC)c2)c2cc(Cl)ccc2O1,Non-blocker,Non-blocker,WFSJWOZHEWHPAL-OAHLLOKOSA-N,WFSJWOZHEWHPAL,PubChem,16018023,,0.583333313465118
Fc1ccc(-n2c(-c3cnc(NCC4CC4)nc3)nc3ccncc32)cc1,Blocker,Blocker,WFZPGJBHFFWPJO-UHFFFAOYSA-N,WFZPGJBHFFWPJO,eval_set_herg_70.csv,,,0.666666686534882
Fc1cccc(CCN2C(=S)NC[C@@H]2c2ccccc2)c1,Non-blocker,Non-blocker,WGEILCMTSPZUCT-MRXNPFEDSA-N,WGEILCMTSPZUCT,PubChem,16682596,,0.600000023841858
COc1cc(Nc2ncc(C)s2)nc(N[C@@H](C)c2ncc(F)cn2)n1,Non-blocker,Non-blocker,WGKSOSILOJKGAV-VIFPVBQESA-N,WGKSOSILOJKGAV,data_herg_dev,CHEMBL1088029,,0.629032254219055
Cc1ccc(O)c([C@H](CC[N+](C(C)C)C(C)C)c2ccccc2)c1,Non-blocker,Blocker,WGOANEPMJOTKQS-HXUWFJFHSA-N,WGOANEPMJOTKQS,eval_set_herg_70.csv,,,0.636363625526428
O=C(Nc1nccs1)c1ccc(Cl)c([N+](=O)[O-])c1,Non-blocker,Non-blocker,WGONSXNFGGQFQC-UHFFFAOYSA-N,WGONSXNFGGQFQC,PubChem,749218,,0.699999988079071
O=S(=O)(c1ccc(OC[C@H](O)CNCc2ccco2)c(Cl)c1)N1CCOCC1,Non-blocker,Non-blocker,WGZVLJQLIGVFHQ-CQSZACIVSA-N,WGZVLJQLIGVFHQ,PubChem,6603537,,0.555555582046509
O=C(N[C@]12C[C@H]3C[C@H](C[C@H](C3)C1)C2)c1ccc([N+](=O)[O-])cc1,Non-blocker,Non-blocker,WHDVTOHVLBQCAP-FBBPANFNSA-N,WHDVTOHVLBQCAP,PubChem,477706,,0.479166656732559
Cn1nnc([C@@H]2[C@H]3CN(C(=O)c4ccc(C[C@@H]5CC[C@H]([C@H](O)c6ccccc6)N5)cc4)C[C@H]32)n1,Non-blocker,Non-blocker,WHNAPNLSRNYPOS-ZJCHSKCTSA-N,WHNAPNLSRNYPOS,data_herg_dev,CHEMBL3745890,,0.704225361347199
NC(=O)C12CC3CC(C1)C(NC(=O)C1SCCN1S(=O)(=O)c1ccccc1F)C(C3)C2,Non-blocker,Non-blocker,WIDBTZLJSHUYHO-UHFFFAOYSA-N,WIDBTZLJSHUYHO,eval_set_herg_70.csv,,,0.549295783042908
O=C(N[C@H](CO)[C@H](O)c1ccc([N+](=O)[O-])cc1)C(Cl)Cl,Non-blocker,Non-blocker,WIIZWVCIJKGZOK-RKDXNWHRSA-N,WIIZWVCIJKGZOK,eval_set_herg_60.csv,,,0.46875
CCOC(=O)c1c(C)oc2ccc(OC(=O)c3cccs3)cc12,Non-blocker,Non-blocker,WIWTURDIRZFYBL-UHFFFAOYSA-N,WIWTURDIRZFYBL,PubChem,719960,,0.460317462682724
CCOc1ccc(CN2CCNC(=O)[C@H]2CC(=O)N(C)CC2CCOCC2)cc1,Non-blocker,Non-blocker,WIZMDCQMBSVJMT-HXUWFJFHSA-N,WIZMDCQMBSVJMT,PubChem,24791736,,0.661764681339264
N#CC(=C\c1ccc(-c2ccccc2[N+](=O)[O-])o1)/C(O)=N/c1nc(-c2cccs2)cs1,Non-blocker,Blocker,WJEGUJCOTMRGFR-JLHYYAGUSA-N,WJEGUJCOTMRGFR,PubChem,2328885,,0.486486494541168
O=C(Nc1ccc2c(c1)OCO2)N1CCN(c2ccccc2)CC1,Non-blocker,Non-blocker,WJKCRMPGICZWPM-UHFFFAOYSA-N,WJKCRMPGICZWPM,PubChem,6465087,,0.476190477609634
CC(=O)c1ccc(NC(=O)[C@@H]2C[C@H]2c2ccccc2)cc1,Non-blocker,Non-blocker,WJXKAZLCVHFCAU-DLBZAZTESA-N,WJXKAZLCVHFCAU,PubChem,4205798,,0.638297855854034
CN(C)CCc1c[nH]c2ccc(CS(=O)(=O)N3CCCC3)cc12,Non-blocker,Non-blocker,WKEMJKQOLOHJLZ-UHFFFAOYSA-N,WKEMJKQOLOHJLZ,eval_set_herg_70.csv,,,0.508474588394165
CCCCOC(=O)CCCN1C(=O)/C(=C2/SC(=S)N(CCCC(=O)OCCCC)C2=O)SC1=S,Non-blocker,Non-blocker,WKFAYNMFGPXVRK-ZCXUNETKSA-N,WKFAYNMFGPXVRK,PubChem,5927992,,0.487179487943649
NC(=O)OCC(COC(N)=O)c1ccccc1,Non-blocker,Blocker,WKGXYQFOCVYPAC-UHFFFAOYSA-N,WKGXYQFOCVYPAC,data_herg_dev,CHEMBL1094,,0.387096762657166
COC(=O)C1=CCC2CCC1[N+]2C,Non-blocker,Non-blocker,WKIDXYNSLWZPGZ-UHFFFAOYSA-N,WKIDXYNSLWZPGZ,eval_set_herg_60.csv,,,0.441860467195511
CC1CCN(Cc2c(O)ccc3cc(-c4nc5ccccc5s4)c(=O)oc23)CC1,Non-blocker,Non-blocker,WKMNOOGFBWXMIY-UHFFFAOYSA-N,WKMNOOGFBWXMIY,data_herg_dev,CHEMBL582495,,0.539473712444305
Cc1cccc(OCc2nnc(SCC(=O)Nc3ncc(C)s3)o2)c1,Non-blocker,Non-blocker,WKNYVTZSGCJHKK-UHFFFAOYSA-N,WKNYVTZSGCJHKK,PubChem,1315581,,0.515151500701904
Cc1cccc(NC(=O)CNC(=O)CSc2nnc(C(F)(F)F)n2C)c1C,Non-blocker,Blocker,WLIBQTNQWJBXAY-UHFFFAOYSA-N,WLIBQTNQWJBXAY,PubChem,8160454,,0.586206912994385
CCCCC(CC)CN1C(=O)C2C3C=CC(C3)C2C1=O,Blocker,Non-blocker,WLLGXSLBOPFWQV-UHFFFAOYSA-N,WLLGXSLBOPFWQV,data_herg_dev,,8227,0.408163279294968
C[C@@H]1CC=C[C@@H]2[C@H]1C(=O)N(Cc1ccccc1)[C@H]2c1cccc(C#Cc2ccccc2)c1,Non-blocker,Non-blocker,WLLOAMLICPWKSE-BWUJXXCWSA-N,WLLOAMLICPWKSE,PubChem,16060130,,0.579710125923157
O=c1c2ccc(Cl)cc2nc(-c2cccc(C(F)(F)F)c2)n1O,Blocker,Blocker,WLMYZFDFXUHTHH-UHFFFAOYSA-N,WLMYZFDFXUHTHH,PubChem,3784439,,0.653846144676209
COc1ccc(-c2csc(N[C@H](C)c3nc4cc(Cl)c(N5CCCCC5)cc4n3CCOCCO)n2)cc1,Non-blocker,Non-blocker,WMEPUTKYSBZXIA-LJQANCHMSA-N,WMEPUTKYSBZXIA,PubChem,23724087,,0.552083313465118
Cc1ccc(NC(=O)c2ccc3c(c2)C[C@H](c2ccc(Cl)cc2)OC3=O)cc1C,Blocker,Blocker,WMGRTKLFMHNQKG-JOCHJYFZSA-N,WMGRTKLFMHNQKG,PubChem,16648749,31706639,0.688524603843689
Cc1ccccc1C(=O)/N=c1\c(C#N)cc2c(=O)n3cccc(C)c3nc2n1Cc1ccco1,Non-blocker,Non-blocker,WMMHVAPAZLFBOI-BYNJWEBRSA-N,WMMHVAPAZLFBOI,PubChem,1991742,,0.414893627166748
Cn1cc(Cn2cc(-c3cccc(S(C)(=O)=O)c3)cn2)cn1,Non-blocker,Blocker,WMUAUDVHENODTB-UHFFFAOYSA-N,WMUAUDVHENODTB,eval_set_herg_70.csv,,,0.537037014961243
CCCOc1ccc(CNC(=O)CCC(=O)n2ncc3cc(C)ccc32)cc1,Non-blocker,Non-blocker,WNAOQYVQDNZMOB-UHFFFAOYSA-N,WNAOQYVQDNZMOB,PubChem,22510225,,0.355263143777847
O=C(CSc1ccc2nnc(-c3ccc(Cl)cc3)n2n1)N1CCc2ccccc21,Non-blocker,Non-blocker,WNGYLUZQMKAJHL-UHFFFAOYSA-N,WNGYLUZQMKAJHL,PubChem,9550848,,0.600000023841858
N[C@@]1(C(=O)O)[C@H](OCc2ccc(Cl)c(Cl)c2)[C@@H](O)[C@@H]2[C@H]1[C@H]2C(=O)O,Blocker,Non-blocker,WNOZOUHFGZKGNT-ANYOLZDRSA-N,WNOZOUHFGZKGNT,data_herg_dev,CHEMBL3947221,,0.400000005960465
C[C@@]1(c2cccc(NC(=O)c3ccc(C#N)cn3)c2)Cn2nccc2C(N)=N1,Blocker,Blocker,WNSFYBCKLLABCJ-FQEVSTJZSA-N,WNSFYBCKLLABCJ,PubChem,60194610,35059126,0.519480526447296
OC(CCCN1CCC(O)(c2ccc(Cl)cc2)CC1)c1ccc(F)cc1,Blocker,Blocker,WNZBBTJFOIOEMP-UHFFFAOYSA-N,WNZBBTJFOIOEMP,eval_set_herg_70.csv,,,0.634615361690521
CCOC(=O)c1ccc(N2C(=O)Cc3ccccc3C2=O)cc1,Non-blocker,Non-blocker,WODLXPUSDXNVEF-UHFFFAOYSA-N,WODLXPUSDXNVEF,PubChem,362861,,0.45762711763382
Cc1cccc(C2=CCN(CCNC(=O)[C@H]3C[C@@H]4CC[C@H]3O4)CC2)n1,Non-blocker,Blocker,WOHMWCGVHSYPFG-JENIJYKNSA-N,WOHMWCGVHSYPFG,eval_set_herg_70.csv,,,0.681818187236786
CN(C)c1ccnc(Nc2ccc(O)cc2)c1C#N,Non-blocker,Non-blocker,WOIJPBCYCOVADS-UHFFFAOYSA-N,WOIJPBCYCOVADS,PubChem,1471003,,0.423076927661896
CC(=O)N1CCN(C(=O)c2cc(-c3cccc4ccccc34)nc3ccccc23)CC1,Non-blocker,Non-blocker,WOKRPEOZZTXUSE-UHFFFAOYSA-N,WOKRPEOZZTXUSE,PubChem,24818217,,0.563636362552643
Cc1[nH]nc2c1CN(C1=NC(NCc3c(F)cccc3C(F)(F)F)c3cccc(C(N)=O)c3N1)C2,Blocker,Non-blocker,WOVAFKFUVFDHBB-UHFFFAOYSA-N,WOVAFKFUVFDHBB,eval_set_herg_70.csv,,,0.654761910438538
NS(=O)(=O)c1cccnc1Nc1cccc(C(F)(F)F)c1,Non-blocker,Non-blocker,WOYXTNYWFYWXFO-UHFFFAOYSA-N,WOYXTNYWFYWXFO,PubChem,902072,,0.447761207818985
CC(C)(C)C(=O)OCOP(=O)(COCCn1cnc2c(N)ncnc21)OCOC(=O)C(C)(C)C,Non-blocker,Non-blocker,WOZSCQDILHKSGG-UHFFFAOYSA-N,WOZSCQDILHKSGG,eval_set_herg_70.csv,,,0.302631586790085
Fc1cnn(Cc2c(F)ccc3c2CCC3c2ncc[nH]2)c1,Blocker,Blocker,WPBINAIKMINNER-UHFFFAOYSA-N,WPBINAIKMINNER,eval_set_herg_60.csv,,,0.270270258188248
NC(=O)c1nnc(NC2CCCCC2N)cc1Nc1ccc2c(n1)CCC2,Blocker,Blocker,WPELTQURDISYSR-UHFFFAOYSA-N,WPELTQURDISYSR,PubChem,CUPID,,0.699999988079071
COCCCNC(=O)Cn1cc(/C=C(\C#N)C(=O)NC2CC2)c2ccccc21,Non-blocker,Non-blocker,WQLDECMXBAVHFY-RVDMUPIBSA-N,WQLDECMXBAVHFY,PubChem,5767292,,0.404761910438538
Clc1ccc(-c2cnn(Cc3cn4ccccc4n3)c2)cc1,Blocker,Blocker,WQTXJFYTZBONCP-UHFFFAOYSA-N,WQTXJFYTZBONCP,eval_set_herg_60.csv,,,0.551020383834839
C=C[C@]1(C)C[C@@H](OC(=O)COc2ccc3c(c2F)B(O)OC3)[C@]2(C)[C@H](C)CC[C@]3(CCC(=O)[C@H]32)[C@@H](C)[C@@H]1O,Blocker,Non-blocker,WQVDRQUAJNEZSV-PTUZOVCBSA-N,WQVDRQUAJNEZSV,data_herg_dev,CHEMBL4535824,,0.516483545303345
COC[C@@H](C)NC(=O)C1c2ccccc2Oc2ccccc21,Non-blocker,Non-blocker,WQXAKWGCQICCTF-GFCCVEGCSA-N,WQXAKWGCQICCTF,PubChem,2905426,,0.490196079015732
CN(C)CCC[C@@H]1c2ccccc2Oc2ccc(C(F)(F)F)cc21,Blocker,Blocker,WRNDGAGUUNVEEO-CQSZACIVSA-N,WRNDGAGUUNVEEO,PubChem,30996,,0.389830499887466
COc1ccccc1NC(=O)N1c2ccc(F)cc2CC[C@H]1C,Non-blocker,Non-blocker,WRNFCWYETUYKGZ-GFCCVEGCSA-N,WRNFCWYETUYKGZ,PubChem,2897839,,0.614035069942474
CS(=O)(=O)O.Cc1nccn1-c1ccc(Sc2cccc(C3(C(N)=O)CCOCC3)c2)cc1,Non-blocker,Non-blocker,VPTONMHDLLMOOV-UHFFFAOYSA-N,WRQQAESBKZTAFL,data_herg_dev,,9935274,0.324324309825897
Cc1ccc(N(C)C(=O)c2c(-c3ccccc3Cl)noc2C)cc1Cl,Non-blocker,Non-blocker,WRRGABWWSIAMMJ-UHFFFAOYSA-N,WRRGABWWSIAMMJ,data_herg_dev,CHEMBL576138,,0.600000023841858
O=C(N/N=C\c1ccc2c(c1)OCO2)c1ccc(Cn2cc(Br)c([N+](=O)[O-])n2)o1,Non-blocker,Non-blocker,WSELNTPLNGUPIV-SWNXQHNESA-N,WSELNTPLNGUPIV,PubChem,5433960,,0.465116292238236
C=C[C@H]1C[C@]1(NC(=O)[C@@H]1C[C@@H]2CN1C(=O)[C@H](C(C)(C)C)NC(=O)OCCCC=Cc1ccc3ccnc(c3c1)O2)C(=O)NS(=O)(=O)C1CC1,Blocker,Non-blocker,WSIXKAHFCWLWHX-NHWGVUCVSA-N,WSIXKAHFCWLWHX,eval_set_herg_60.csv,,,0.197080299258232
O=C(N[C@H]1CC[C@H](c2ccc(O)cc2)CC1)C1Cc2ccccc2CN1,Blocker,Non-blocker,WSRMPOSDHQOTMA-PRESFXJZSA-N,WSRMPOSDHQOTMA,data_herg_dev,CHEMBL237102,,0.481481492519379
CC1CC(OC(=O)c2ccccc2O)CC(C)(C)C1,Non-blocker,Blocker,WSSJONWNBBTCMG-UHFFFAOYSA-N,WSSJONWNBBTCMG,data_herg_dev,CHEMBL1377575,,0.574468076229096
O=C(Nc1ccccc1)c1[nH]c2cc(F)ccc2c1[C@@H]1CNCC[C@H]1F,Blocker,Blocker,WSWLUEDPQUZWSK-HZPDHXFCSA-N,WSWLUEDPQUZWSK,PubChem,10522146,11334570,0.689655184745789
O=C(OCc1ccccc1)N1CCC(CNC2N=CC=[SH]2)CC1,Blocker,Blocker,ZEAZTFCBLCVQRU-UHFFFAOYSA-N,WSZUPYCNEWBHKR,eval_set_herg_60.csv,,,0.586206912994385
c1cc(-c2cnn(Cc3cc[nH]n3)c2)cc(C2CC2)c1,Blocker,Blocker,WTIFREIJFMTPOT-UHFFFAOYSA-N,WTIFREIJFMTPOT,eval_set_herg_70.csv,,,0.611111104488373
O=C(Cc1ccc(Cl)cc1)NCC(=O)N1CCCCCC1,Non-blocker,Non-blocker,WTMYVSNVRDFGMG-UHFFFAOYSA-N,WTMYVSNVRDFGMG,PubChem,2233784,,0.52173912525177
COC(=O)C1=C(C)NC(COC(N)=O)=C(C(=O)OC(C)C)C1c1cccc(Cl)c1Cl,Blocker,Non-blocker,WTOVRSWDBLIFHU-UHFFFAOYSA-N,WTOVRSWDBLIFHU,data_herg_dev,,65953,0.620689630508423
CC(=O)c1cn(CC(=O)Nc2ccc(C)cc2)c2ccccc12,Non-blocker,Non-blocker,WTYPEEJVHTVGMX-UHFFFAOYSA-N,WTYPEEJVHTVGMX,PubChem,1088584,,0.524590134620667
O=C(Nc1c(Br)cc2c(c1Br)Cc1ccccc1-2)C(Cl)Cl,Non-blocker,Non-blocker,WUBVLUXSJWJAAV-UHFFFAOYSA-N,WUBVLUXSJWJAAV,PubChem,274936,,0.442307680845261
Nc1n(CC(=O)c2cccc([N+](=O)[O-])c2)c2ccccc2[n+]1CCN1CCCCC1,Non-blocker,Non-blocker,WUPRQQSXICDUSQ-UHFFFAOYSA-O,WUPRQQSXICDUSQ,PubChem,2881787,,0.536231875419617
C[N+]CCCC12CCC(c3ccccc31)c1ccccc12,Blocker,Blocker,WVKDEHFJODFZBT-UHFFFAOYSA-N,WVKDEHFJODFZBT,eval_set_herg_70.csv,,,0.658536612987518
CN(C)CC(C)(c1ccc2ccccc2c1)C(O)c1ccccc1,Blocker,Blocker,WVMRNJPSSWNSQF-UHFFFAOYSA-N,WVMRNJPSSWNSQF,eval_set_herg_60.csv,,,0.381818175315857
O=C(NCCN1CCCC1)c1ccc2c(=O)n(CCc3ccccc3)c(=O)[nH]c2c1,Blocker,Non-blocker,WVPJAFXNQKLHTA-UHFFFAOYSA-N,WVPJAFXNQKLHTA,PubChem,3241648,,0.434782594442368
CNC[C@@H](c1ccc2ccccc2c1)[C@H](O)c1ccccn1,Non-blocker,Non-blocker,WWCABWLHQIWGCT-HKUYNNGSSA-N,WWCABWLHQIWGCT,eval_set_herg_70.csv,,,0.688888907432556
COc1ccc(OCCOC(=O)c2cccs2)cc1,Non-blocker,Non-blocker,WWECCYNEBMTHCK-UHFFFAOYSA-N,WWECCYNEBMTHCK,PubChem,2095591,,0.46000000834465
CCOc1ccc(N(CC(=O)NCCSCc2ccccc2Cl)S(C)(=O)=O)cc1,Non-blocker,Non-blocker,WWOFBQZQNGOCBY-UHFFFAOYSA-N,WWOFBQZQNGOCBY,PubChem,3120093,,0.492753624916077
CC(=O)O[C@@H]1CC[C@]2(C)[C@H](CC[C@@H]3[C@H]2CC(=O)[C@]2(C)[C@@H]3C[C@@H](C(C(C)=O)C(C)=O)[C@H]2C(C)=O)C1,Non-blocker,Non-blocker,WWSXFPXFVRGNOL-FMONEYRHSA-N,WWSXFPXFVRGNOL,PubChem,4555064,,0.348484843969345
COc1ccc2cc(C3=CCC[C@@]3(C)C(=O)O)ccc2c1,Non-blocker,Non-blocker,WWXNQHOSLAYQII-GOSISDBHSA-N,WWXNQHOSLAYQII,PubChem,247583,,0.360000014305115
CN1C(=O)C=C[C@]2(C)[C@H]3CC[C@]4(C)[C@@H](O)[C@H](Cc5cccc(F)c5)C[C@H]4[C@@H]3CC[C@@H]12,Blocker,Blocker,WWYCEUZRECUBAR-NKRFCKFISA-N,WWYCEUZRECUBAR,PubChem,10194468,19606870,0.61904764175415
Cc1nc(CN[C@H]2CC[C@@H](F)C2)c(C(C)C)n1-c1cc(F)cc(F)c1,Blocker,Non-blocker,WXGFDISGDAGZCW-CJNGLKHVSA-N,WXGFDISGDAGZCW,data_herg_dev,CHEMBL556300,,0.507042229175568
O=C(Nc1ccccc1)c1cccc(=O)o1,Non-blocker,Non-blocker,WXLCJALZCQOYMW-UHFFFAOYSA-N,WXLCJALZCQOYMW,PubChem,2739561,,0.439024388790131
CC(Cc1ccccc1)[N+]CCC(c1ccccc1)c1ccccc1,Blocker,Blocker,WXPOYNLWAIDRCF-UHFFFAOYSA-N,WXPOYNLWAIDRCF,eval_set_herg_60.csv,,,0.527777791023254
Cc1cc(C)c(S(=O)(=O)N2CCN(C(=O)c3ccc4c(c3)OCO4)CC2)c(C)c1,Non-blocker,Non-blocker,WXQMBXSZDJKOOJ-UHFFFAOYSA-N,WXQMBXSZDJKOOJ,PubChem,6493498,,0.509803950786591
COc1cc(-c2nc3n(n2)[C@H](c2cccc(OC)c2OC)C2=C(O)CCC=C2N3)cc(OC)c1OC,Non-blocker,Non-blocker,WXTQNNUGVCOEQW-JOCHJYFZSA-N,WXTQNNUGVCOEQW,PubChem,3238390,,0.480519473552704
COc1ccc(NC(=O)CN2C(=O)S/C(=C/c3cccn3-c3ccc(C(=O)O)cc3)C2=O)cc1,Non-blocker,Blocker,WYDOJXDGAYAMSS-DEDYPNTBSA-N,WYDOJXDGAYAMSS,PubChem,1815744,,0.571428596973419
N#CCCN1CCN(CCC#N)c2ccccc21,Non-blocker,Non-blocker,WYMJLMZYLJBEJG-UHFFFAOYSA-N,WYMJLMZYLJBEJG,PubChem,264325,,0.357142865657806
NC(c1cc(Cl)c(NC(=O)NCc2ccc(C(F)(F)F)nc2)c(Cl)c1)C(F)(F)F,Blocker,Blocker,WYRSKUBUFKBAFT-UHFFFAOYSA-N,WYRSKUBUFKBAFT,eval_set_herg_60.csv,,,0.523809552192688
Cc1cc(O)c(C(C)(C)C)cc1C(C)(C)C,Non-blocker,Non-blocker,WYSSJDOPILWQDC-UHFFFAOYSA-N,WYSSJDOPILWQDC,eval_set_herg_70.csv,,,0.538461565971375
CN(C)CCN1CCN(c2nc(-c3ccccc3Cl)c3c(n2)N(c2c(Cl)cccc2Cl)C(=O)NC3)CC1,Blocker,Blocker,WZAKHOAIQXFVJG-UHFFFAOYSA-N,WZAKHOAIQXFVJG,PubChem,23647641,16750629,0.647058844566345
COc1cc(C(=O)N2CCCCCCC2)cc(OC)c1OC,Non-blocker,Non-blocker,WZSDNEJJUSYNSG-UHFFFAOYSA-N,WZSDNEJJUSYNSG,PubChem,26650,,0.699999988079071
Cc1ccccc1NC(=O)NC1(C(=O)N2CCOCC2)CCCCC1,Non-blocker,Non-blocker,XAKMDGGVKRRPBF-UHFFFAOYSA-N,XAKMDGGVKRRPBF,PubChem,1444536,,0.611111104488373
CC(=O)c1cccc(NC(=S)NCc2ccccc2)c1,Non-blocker,Non-blocker,XAPBCZWFZMYGDB-UHFFFAOYSA-N,XAPBCZWFZMYGDB,PubChem,839523,,0.61904764175415
O=C(CN(CCc1ccccc1)S(=O)(=O)c1ccc(Br)cc1)N/N=C/c1ccccc1C(=O)O,Non-blocker,Non-blocker,XBAHMULXXIBZKP-WGOQTCKBSA-N,XBAHMULXXIBZKP,PubChem,9594309,,0.571428596973419
O=C(NC1CCN(Cc2ccn(-c3ccc(C(F)(F)F)cc3)c2)CC1)NS(=O)(=O)c1ccc(F)cc1,Blocker,Non-blocker,XBDMIZPXBXWGEP-UHFFFAOYSA-N,XBDMIZPXBXWGEP,data_herg_dev,CHEMBL555349,,0.647887349128723
CCC(=O)Nc1ccc(OCc2nc3ccccc3s2)cc1,Non-blocker,Non-blocker,XBPKXMIAFDUGNP-UHFFFAOYSA-N,XBPKXMIAFDUGNP,PubChem,851643,,0.5
CC(C)(C)c1cc(C(=O)Nc2nc(CN)cs2)n(Cc2ccccc2)n1,Non-blocker,Blocker,XCKWZWHQTKSVSW-UHFFFAOYSA-N,XCKWZWHQTKSVSW,CUPID,56643478,21966980,0.52173912525177
Fc1ccc(-n2cc(Cc3cc[nH]n3)nn2)cc1C(F)F,Blocker,Blocker,XCUYCJFGWDLGRI-UHFFFAOYSA-N,XCUYCJFGWDLGRI,eval_set_herg_60.csv,,,0.535714268684387
CC(C)(C(=O)O)n1cncn1,Non-blocker,Non-blocker,XCYWDFDMXREMCT-UHFFFAOYSA-N,XCYWDFDMXREMCT,PubChem,16192989,,0.309523820877075
COc1cccc(/C=N/Nc2ccc(C(=O)O)cc2)c1O,Non-blocker,Blocker,XDVHFEHZXISHQZ-CXUHLZMHSA-N,XDVHFEHZXISHQZ,PubChem,135472810,,0.673469364643097
Nc1nc(N)c(CCCCc2ccccc2)c(N)n1,Blocker,Blocker,XDVRXWVIQZDMRG-UHFFFAOYSA-N,XDVRXWVIQZDMRG,PubChem,259669,,0.4375
COc1ccc(CCNCCCNC(=O)c2ccc([N+](=O)[O-])cc2)cc1OC,Non-blocker,Blocker,XEAKAKKNLOUHDV-UHFFFAOYSA-N,XEAKAKKNLOUHDV,CUPID,9845214,15324906,0.553846180438995
CC(=O)[O-].[Hg+]c1ccccc1,Non-blocker,Non-blocker,BODKAQWWZBLGOU-UHFFFAOYSA-N,XEBWQGVWTUSTLN,eval_set_herg_70.csv,,,0.6875
Oc1cc(Cl)ccc1Oc1ccc(Cl)cc1Cl,Non-blocker,Non-blocker,XEFQLINVKFYRCS-UHFFFAOYSA-N,XEFQLINVKFYRCS,data_herg_dev,,5564,0.518518507480621
O=C(NCC(=O)N1CCN(C(c2ccccc2)c2ccccc2)CC1)c1ccccc1Br,Blocker,Non-blocker,XERFGESMWYEBEE-UHFFFAOYSA-N,XERFGESMWYEBEE,PubChem,25603007,,0.553191483020783
Cc1cccc(N(CC(=O)NCc2ccc(F)cc2)C(=O)c2ccco2)c1,Non-blocker,Non-blocker,XEXCLKQJOFAWNI-UHFFFAOYSA-N,XEXCLKQJOFAWNI,PubChem,1449925,,0.548387110233307
Cl.O=C(C[C@@H]1NCCC[C@H]1O)Cn1cnc2cc(Br)c(Cl)cc2c1=O,Blocker,Non-blocker,LVASCWIMLIKXLA-LSDHHAIUSA-N,XFFYBQUXAJOKAL,data_herg_dev,,60196305,0.325301200151444
O=c1c(Br)c(N2CCCC2)cnn1-c1ccccc1,Non-blocker,Non-blocker,XFJJNOCAWMYKKE-UHFFFAOYSA-N,XFJJNOCAWMYKKE,PubChem,737756,,0.406779646873474
CCN1C[C@@]2(COC)C3[C@@H](OC)[C@H]4C1[C@]3(C(OC)C[C@H]2O)C1C[C@]2(O)C(OC)C(O)[C@@]4(OC(C)=O)C1[C@H]2OC(=O)c1ccccc1,Blocker,Non-blocker,XFSBVAOIAHNAPC-CLEAKMIKSA-N,XFSBVAOIAHNAPC,eval_set_herg_60.csv,,,0.291666656732559
CC(C)c1nc(SCC(=O)Nc2ccc([N+](=O)[O-])cc2Br)n[nH]1,Non-blocker,Blocker,XFTQRQAYSLSXPM-UHFFFAOYSA-N,XFTQRQAYSLSXPM,PubChem,4415053,,0.507936537265778
CS(=O)(=O)N(CCN1CCOCC1)c1ccc(Nc2ncc3cnn(C4CCCCCC4)c3n2)cc1,Blocker,Blocker,XFWNXRYYGPIPLI-UHFFFAOYSA-N,XFWNXRYYGPIPLI,data_herg_dev,CHEMBL1825089,,0.32467532157898
NCC1(O)CCN(c2cc(Oc3cccc(F)c3)cc(F)c2F)CC1,Blocker,Blocker,XFWSYJVLQVKQDN-UHFFFAOYSA-N,XFWSYJVLQVKQDN,eval_set_herg_70.csv,,,0.610169470310211
CC(=O)NCCc1ccccc1-c1ccc(C2CNCCC2(O)c2ccc(F)c(F)c2)c(C)c1,Blocker,Blocker,XFWYGUIBGIDKJT-UHFFFAOYSA-N,XFWYGUIBGIDKJT,CUPID,CUPID,,0.684210538864136
Clc1ccc2nsnc2c1NC1=NCCN1,Blocker,Non-blocker,XFYDIVBRZNQMJC-UHFFFAOYSA-N,XFYDIVBRZNQMJC,eval_set_herg_60.csv,,,0.488888889551163
COc1cc2ncnc(Nc3ccc(F)c(Cl)c3)c2cc1OCCCN1CCOCC1,Blocker,Non-blocker,XGALLCVXEZPNRQ-UHFFFAOYSA-N,XGALLCVXEZPNRQ,eval_set_herg_70.csv,,,0.604938268661499
Cc1cc2c(cc1F)[nH]c(=O)n2C1CCN(C2CCOCC2)CC1,Blocker,Non-blocker,XGJTUORNDQJFHC-UHFFFAOYSA-N,XGJTUORNDQJFHC,data_herg_dev,CHEMBL1223753,,0.686274528503418
COc1ccccc1NC(=O)c1ccccc1S(=O)(=O)c1ccc([N+](=O)[O-])cc1,Non-blocker,Non-blocker,XGYUNGSPWLTXHR-UHFFFAOYSA-N,XGYUNGSPWLTXHR,PubChem,1310211,,0.566037714481354
Nc1nc2cc3c(cc2s1)CCN(CCO)CC3,Non-blocker,Non-blocker,XHEBHLZOXYYZHW-UHFFFAOYSA-N,XHEBHLZOXYYZHW,data_herg_dev,CHEMBL2326474,,0.707317054271698
Cc1cc(/C=C/C(=O)c2cnc3ccccc3c2)cc(C)c1OC(C)(C)C(=O)O,Blocker,Blocker,XHFCMJZTTZYLNE-MDZDMXLPSA-N,XHFCMJZTTZYLNE,eval_set_herg_70.csv,,,0.689655184745789
COc1cccc(Nc2nc(N)c3ccccc3n2)c1.Cl,Blocker,Blocker,UTXULAAHKMRIJF-UHFFFAOYSA-N,XHHRMHSZKAKSDV,data_herg_dev,CHEMBL529385,,0.69767439365387
CCc1[nH]nc(C(=O)Nc2ccc([C@H]3CNCCO3)cc2)c1C,Non-blocker,Non-blocker,XHHXGKRFUPEPFM-OAHLLOKOSA-N,XHHXGKRFUPEPFM,eval_set_herg_70.csv,,,0.593220353126526
CSc1nnc2n(Cc3ccccc3)c(=O)c3c4c(sc3n12)CO[C@@H](C(C)C)C4,Non-blocker,Non-blocker,XHQGXJOJEASMNJ-OAHLLOKOSA-N,XHQGXJOJEASMNJ,PubChem,5102409,,0.56521737575531
CCN(Cc1ccccc1)C(=O)c1oc2ccc(C)cc2c1C,Non-blocker,Blocker,XHRUFYIVQLOUBF-UHFFFAOYSA-N,XHRUFYIVQLOUBF,PubChem,23723702,,0.507936537265778
Cc1[nH]c2ccccc2c(=O)c1CN1CCCCC1,Non-blocker,Non-blocker,XHTAAEZHPPFTSB-UHFFFAOYSA-N,XHTAAEZHPPFTSB,PubChem,710590,,0.520833313465118
CC[NH+](CC)CC#CCOC(=O)C(O)(c1ccccc1)C1CCCCC1,Blocker,Non-blocker,XIQVNETUBQGFHX-UHFFFAOYSA-O,XIQVNETUBQGFHX,eval_set_herg_70.csv,,,0.698113203048706
COc1cc([C@]23CNC[C@H]2C3)ccc1NS(=O)(=O)c1ccc(C(C)C)cc1,Blocker,Blocker,XIQZPYGWBQASSN-UTKZUKDTSA-N,XIQZPYGWBQASSN,PubChem,16123247,20692836,0.696428596973419
O[C@H]1c2ccccc2CCC12CCN(CCc1ccccc1)CC2,Blocker,Blocker,XKIGTQXAOLOQJD-NRFANRHFSA-N,XKIGTQXAOLOQJD,PubChem,3083481,11784153,0.439999997615814
Cc1ccc([C@@H]2c3c(-c4ccccc4O)n[nH]c3C(=O)N2Cc2ccncc2)cc1,Non-blocker,Blocker,XKLGLMOCXWEWRD-HSZRJFAPSA-N,XKLGLMOCXWEWRD,PubChem,666075,,0.402777791023254
N#Cc1ccccc1OCc1cn(CC(=O)c2ccc(O)cc2)nn1,Blocker,Non-blocker,XKYYQMYEDQTWBB-UHFFFAOYSA-N,XKYYQMYEDQTWBB,PubChem,45480016,,0.328947365283966
O=C1Oc2cc(O)ccc2[C@@H]2c3sc(=O)[nH]c3S[C@@H](C(=O)O)[C@@H]12,Non-blocker,Non-blocker,XLLALKBLIJIEGD-OYNCUSHFSA-N,XLLALKBLIJIEGD,PubChem,4615770,,0.347826093435288
CCn1c(=O)cc(OCC(=O)N(C)C2CCCCC2)c2ccccc21,Non-blocker,Non-blocker,XLWOLOXPEMSBPY-UHFFFAOYSA-N,XLWOLOXPEMSBPY,PubChem,3239727,,0.672413766384125
COc1ccc([C@@H]2C(C(=O)c3ccc(C)o3)=C(O)C(=O)N2Cc2ccco2)cc1OC,Non-blocker,Non-blocker,XNAYWQXMTJUYAE-HXUWFJFHSA-N,XNAYWQXMTJUYAE,PubChem,4231843,,0.579710125923157
CSc1ccc2c(c1)c(CCN)c(C)n2Cc1ccccc1Cl,Blocker,Blocker,XNGZKLFCPYJUAT-UHFFFAOYSA-N,XNGZKLFCPYJUAT,PubChem,408974,,0.379310339689255
OCCNCc1ccccc1,Non-blocker,Blocker,XNIOWJUQPMKCIJ-UHFFFAOYSA-N,XNIOWJUQPMKCIJ,eval_set_herg_70.csv,,,0.600000023841858
CC[S@@](=O)c1ccccc1C(=O)OCC(=O)N1CCC(c2ccccc2)=N1,Non-blocker,Non-blocker,XNVPHWHHTMBIIP-HHHXNRCGSA-N,XNVPHWHHTMBIIP,PubChem,7562286,,0.616666674613953
CC[C@@]1([C@@H]2O[C@@H]([C@H]3O[C@@](O)(CO)[C@H](C)C[C@@H]3C)C[C@@H]2C)CC[C@H]([C@]2(C)CC[C@]3(C[C@H](O)[C@@H](C)[C@@H]([C@@H](C)[C@@H](OC)[C@H](C)C(=O)[O-])O3)O2)O1.[Na+],Non-blocker,Non-blocker,GAOZTHIDHYLHMS-KEOBGNEYSA-M,XOIQMTLWECTKJL,data_herg_dev,,23667299,0.245901644229889
CCC(O)(CC)c1cn(-c2ccc(F)cc2)c2ccc(Cl)cc12,Blocker,Non-blocker,XOSACJAQDPAKSG-UHFFFAOYSA-N,XOSACJAQDPAKSG,data_herg_dev,CHEMBL53871,,0.630434811115265
Cc1nc(C(=O)Nc2ccnc(Cl)n2)c(C)n1-c1ccc(F)cc1,Non-blocker,Blocker,XPFKYNBOVJBSDC-UHFFFAOYSA-N,XPFKYNBOVJBSDC,data_herg_dev,CHEMBL2346737,,0.449999988079071
COc1ccc2nc(C)cc(Nc3ccccc3O)c2c1,Non-blocker,Blocker,XQBRDVAYQUCUCM-UHFFFAOYSA-N,XQBRDVAYQUCUCM,data_herg_dev,CHEMBL1740701,,0.666666686534882
O=S(=O)(Nc1ncns1)c1cc(F)c(Oc2ccc(Cl)cc2-c2ncc3cnccn23)cc1F,Blocker,Blocker,XQGSUSFVPPFJIO-UHFFFAOYSA-N,XQGSUSFVPPFJIO,data_herg_dev,CHEMBL3805875,,0.675324678421021
COc1ccc(C2C(=O)c3ccccc3C2=O)cc1,Non-blocker,Non-blocker,XRCFXMGQEVUZFC-UHFFFAOYSA-N,XRCFXMGQEVUZFC,data_herg_dev,,2197,0.418604642152786
Cc1cc(Nc2ccc(C)c(C)c2)n2nc(C)nc2n1,Non-blocker,Non-blocker,XRJCWTJMHMNQSW-UHFFFAOYSA-N,XRJCWTJMHMNQSW,PubChem,5308127,,0.510204076766968
COC(=O)CCN(C(=O)c1ccc(OC(C)=O)cc1)c1ccccn1,Non-blocker,Non-blocker,XROYIRPYAPKDQM-UHFFFAOYSA-N,XROYIRPYAPKDQM,PubChem,2918735,,0.434782594442368
CCc1ccc(-c2cc(C)no2)cc1S(=O)(=O)N[C@H](C)Cc1ccco1,Non-blocker,Non-blocker,XRZRQUQGJMVUDT-CQSZACIVSA-N,XRZRQUQGJMVUDT,PubChem,20936427,,0.515151500701904
NC(N)=NC(=O)c1nc(Cl)c(N)nc1N,Blocker,Non-blocker,XSDQTOBWRPYKKA-UHFFFAOYSA-N,XSDQTOBWRPYKKA,eval_set_herg_70.csv,,,0.558139562606812
CC(=O)NCCC(=O)Nc1ncc(S(=O)(=O)c2ccc([N+](=O)[O-])cc2)s1,Non-blocker,Non-blocker,XSNNTPANPXYSRC-UHFFFAOYSA-N,XSNNTPANPXYSRC,PubChem,24687279,,0.706896543502808
CCCCNc1ccc(C(=O)OCC[NH+](CC)CC)cc1.[Cl-],Non-blocker,Non-blocker,JQMCLLAJJLVYOC-UHFFFAOYSA-O,XTIUAXFQEAMQRU,eval_set_herg_70.csv,,,0.466666668653488
COc1ccc(CN2CCN(CCCc3ccccc3)[C@H](CCO)C2)c(O)c1,Non-blocker,Non-blocker,XTLSGTPPMWYOBB-OAQYLSRUSA-N,XTLSGTPPMWYOBB,PubChem,23723691,,0.650793671607971
CC(C)(C)C(=O)COC(=O)c1ccc(O)cc1,Non-blocker,Non-blocker,XTNXYJJPWAGEKG-UHFFFAOYSA-N,XTNXYJJPWAGEKG,PubChem,2431286,,0.513513505458832
CNC[C@H](c1ccc2ccccc2c1)[C@H](O)c1ccc(Cl)nc1,Blocker,Blocker,XTWPREAANUBKMC-IEBWSBKVSA-N,XTWPREAANUBKMC,eval_set_herg_70.csv,,,0.6875
Cc1cc(NC(=O)Cn2c(=O)c3c(ncn3CC(C)C)n(Cc3ccccc3)c2=O)no1,Non-blocker,Non-blocker,XUAUSSMPOJGPPG-UHFFFAOYSA-N,XUAUSSMPOJGPPG,PubChem,2997651,,0.54666668176651
COc1cccc(-c2ccc(=O)n(CC(=O)NCCN3CCOCC3)n2)c1,Non-blocker,Non-blocker,XUBLBEDIDYLYTR-UHFFFAOYSA-N,XUBLBEDIDYLYTR,PubChem,653204,,0.525641024112701
NC(N)=Nc1nc(CSCC/C(N)=N\S(N)(=O)=O)cs1,Non-blocker,Non-blocker,XUFQPHANEAPEMJ-UHFFFAOYSA-N,XUFQPHANEAPEMJ,eval_set_herg_60.csv,,,0.240740746259689
O=C(Nc1ccc(N2CCN(C(=O)c3cccs3)CC2)cc1)c1ccc(F)cc1,Non-blocker,Non-blocker,XUNBWMMQWOMGNG-UHFFFAOYSA-N,XUNBWMMQWOMGNG,PubChem,1088840,,0.647058844566345
CCOC(=O)CSc1ncnc2c1cnn2-c1ccc(C)cc1,Blocker,Non-blocker,XUVHWWHRMKGYMV-UHFFFAOYSA-N,XUVHWWHRMKGYMV,PubChem,655144,,0.600000023841858
COc1ccc(/C=N/Nc2nonc2N)c(OC)c1,Non-blocker,Non-blocker,XVFAGIUJZJQTPJ-AWNIVKPZSA-N,XVFAGIUJZJQTPJ,PubChem,9646867,,0.517241358757019
Cc1sc2[nH]cnc(=S)c2c1-c1ccccc1,Blocker,Blocker,XVFUNHMIQYBYJF-UHFFFAOYSA-N,XVFUNHMIQYBYJF,PubChem,711186,,0.658536612987518
Cc1cc(OCc2nc(-c3ccncc3)no2)cc(C)c1Cl,Non-blocker,Non-blocker,XVSWJBRMACOBTP-UHFFFAOYSA-N,XVSWJBRMACOBTP,PubChem,706146,,0.530612230300903
C=CCOC(Cn1ccnc1)c1ccc(Cl)cc1Cl.O=S(=O)(O)O,Non-blocker,Non-blocker,PZBPKYOVPCNPJY-UHFFFAOYSA-N,XVTXMTOYQVRHSK,data_herg_dev,,173636,0.686274528503418
O=C(Nc1ccccc1Oc1ccccc1)c1cnccn1,Non-blocker,Non-blocker,XVWBWNNYBVXVGF-UHFFFAOYSA-N,XVWBWNNYBVXVGF,PubChem,862103,,0.46428570151329
COc1ccc(C2C(C(=O)Nc3cccc(OC)c3)c3ccccc3C(=O)N2C2CCCCC2)cc1,Non-blocker,Non-blocker,XVZPJJOTGNAWKX-UHFFFAOYSA-N,XVZPJJOTGNAWKX,data_herg_dev,CHEMBL584655,,0.448717951774597
CC(C)(C)c1c(C(=O)NC2C3CC4CC(C3)CC2C4)cnn1-c1ccc(C(=O)O)cc1,Non-blocker,Non-blocker,XWBXJBSVYVJAMZ-UHFFFAOYSA-N,XWBXJBSVYVJAMZ,data_herg_dev,CHEMBL2177609,,0.338983058929443
Cc1ccccc1NC(=O)c1cnc2ccccn2c1=O,Non-blocker,Non-blocker,XWHKHNXFNKFALO-UHFFFAOYSA-N,XWHKHNXFNKFALO,PubChem,3075179,,0.444444447755814
CC1(C)CCC(Cc2ccc(Cl)cc2)C1(O)Cn1cncn1,Non-blocker,Non-blocker,XWPZUHJBOLQNMN-UHFFFAOYSA-N,XWPZUHJBOLQNMN,eval_set_herg_70.csv,,,0.614035069942474
CCCc1ccc(N[C@H](C)C(=O)Nc2ccc(S(=O)(=O)N3CCOCC3)cc2)cc1,Non-blocker,Non-blocker,XWXAQHBISROOKG-QGZVFWFLSA-N,XWXAQHBISROOKG,PubChem,16305064,,0.555555582046509
CCOC(=O)c1c(S(=O)(=O)NCc2ccc(C)o2)c(C)n(C)c1C,Non-blocker,Non-blocker,XXDGJFBDGXSBEE-UHFFFAOYSA-N,XXDGJFBDGXSBEE,PubChem,20927333,,0.515625
CN1CCN(c2cnc3cc(C(F)(F)F)cc(NCc4ccc5cccnc5c4)c3c2)CC1,Blocker,Non-blocker,XXERFIJBIUXNLE-UHFFFAOYSA-N,XXERFIJBIUXNLE,data_herg_dev,CHEMBL3221126,,0.681159436702728
CCOc1cc(N2CCOCC2)c(OCC)cc1NC(=O)c1ccc(NC(C)=O)cc1,Non-blocker,Blocker,XXVRMIWYLJOZCI-UHFFFAOYSA-N,XXVRMIWYLJOZCI,PubChem,3881157,,0.555555582046509
COc1ccc(-c2csc3ncnc(Oc4cccc(NC(C)=O)c4)c23)cc1,Non-blocker,Non-blocker,XYBWIUKCLRFISN-UHFFFAOYSA-N,XYBWIUKCLRFISN,PubChem,1186229,,0.508196711540222
COc1ccc(S(=O)(=O)Nc2ccc(S(=O)(=O)N3CCOCC3)cc2)cc1,Non-blocker,Non-blocker,XYNDNVXXBQVIAK-UHFFFAOYSA-N,XYNDNVXXBQVIAK,PubChem,1144952,,0.5799999833107
CCCn1c2ccc(C)cc2c2nnc(S)nc21,Blocker,Non-blocker,XYQNZKJFVKLKFG-UHFFFAOYSA-N,XYQNZKJFVKLKFG,PubChem,941411,,0.403225809335709
Cc1ccc(S(=O)(=O)Nc2ccncc2)c(C)c1N(C)S(=O)(=O)c1ccc(Cl)cc1,Non-blocker,Non-blocker,XYUMIKMGIGGVKG-UHFFFAOYSA-N,XYUMIKMGIGGVKG,PubChem,2940359,,0.347222208976746
CC1(C)C=C2Nc3ccccc3N[C@H](c3ccc(F)cc3)C2=C(O)C1,Non-blocker,Non-blocker,XZCUYRJXTGTAGI-HXUWFJFHSA-N,XZCUYRJXTGTAGI,PubChem,2885983,,0.402985066175461
COc1ccc(C(=O)Nc2ccccc2N2CCOCC2)cc1S(=O)(=O)N1CCCC1,Non-blocker,Non-blocker,XZDJEFQSFLROHQ-UHFFFAOYSA-N,XZDJEFQSFLROHQ,PubChem,16249716,,0.544117629528046
COc1ccccc1CNS(=O)(=O)CCNC1CCCCC1,Non-blocker,Non-blocker,XZFKBVJLTHLVOO-UHFFFAOYSA-N,XZFKBVJLTHLVOO,PubChem,45479975,,0.528301894664764
COc1ccccc1N1CCN(Cc2ccco2)CC1,Non-blocker,Non-blocker,XZPPMVVQWVMEEF-UHFFFAOYSA-N,XZPPMVVQWVMEEF,PubChem,656303,,0.600000023841858
Cc1noc(NC(=O)N2CCC3(CC2)CC(c2cccc(Oc4ccc(C(F)(F)F)cn4)c2)C3)c1C,Blocker,Blocker,XZUYFJDKICKVCN-UHFFFAOYSA-N,XZUYFJDKICKVCN,PubChem,46187153,21924614,0.6875
Cc1csc2nc(CNS(=O)(=O)c3cccnc3)cn12,Non-blocker,Non-blocker,YAGFXKVWNFGGHG-UHFFFAOYSA-N,YAGFXKVWNFGGHG,PubChem,3244249,,0.421052634716034
Cc1nc(NN)nc(NCc2ccccc2)n1,Non-blocker,Blocker,YAOKCXGYFUKHBL-UHFFFAOYSA-N,YAOKCXGYFUKHBL,PubChem,767984,,0.447368413209915
CN(CCOc1ccc(CC2SC(=O)NC2=O)cc1)c1ccccn1,Non-blocker,Non-blocker,YASAKCUCGLMORW-UHFFFAOYSA-N,YASAKCUCGLMORW,data_herg_dev,CHEMBL121,,0.5
Cc1noc(Cn2ccc3ncc(-c4ccc(F)c(C)c4)cc32)n1,Blocker,Blocker,YAUHNHHZTUQHGK-UHFFFAOYSA-N,YAUHNHHZTUQHGK,data_herg_dev,CHEMBL4471014,,0.696428596973419
CCOC(=O)c1c(-c2ccc(N(C)C)cc2)csc1N,Blocker,Blocker,YAZWNGDLKIJVLM-UHFFFAOYSA-N,YAZWNGDLKIJVLM,data_herg_dev,CHEMBL2393448,,0.596153855323792
O=C(Nc1ccc2cccnc2c1)c1ccc(Br)cc1,Non-blocker,Non-blocker,YBCZFMFZZNLLRH-UHFFFAOYSA-N,YBCZFMFZZNLLRH,PubChem,831408,,0.538461565971375
C[C@@H]1CCCN1CCc1ccc2cc(-n3ncccc3=O)ccc2c1,Blocker,Blocker,YBHLETUAEBDXIP-MRXNPFEDSA-N,YBHLETUAEBDXIP,eval_set_herg_60.csv,,,0.534482777118683
Clc1ccc(Nc2nnc(Cc3ccncc3)c3ccccc23)cc1,Non-blocker,Non-blocker,YCOYDOIWSSHVCK-UHFFFAOYSA-N,YCOYDOIWSSHVCK,data_herg_dev,,151194,0.527272701263428
CC(C)(C)C1CCC(=NNC(=O)c2ccccc2-n2cccc2)CC1,Non-blocker,Non-blocker,YCSUPEIWSHATCP-UHFFFAOYSA-N,YCSUPEIWSHATCP,PubChem,4521335,,0.471698105335236
CCN1CCC(N(C(=O)NCc2ccc(F)cc2)C2CCNCC2)CC1,Blocker,Blocker,YDBDNXXYPHECLD-UHFFFAOYSA-N,YDBDNXXYPHECLD,data_herg_dev,CHEMBL1090535,,0.679245293140411
CC(CN(C)C)CN1c2ccccc2CCc2ccccc21.O=C(O)/C=C\C(=O)O,Non-blocker,Non-blocker,ZSCDBOWYZJWBIY-UHFFFAOYSA-N,YDGHCKHAXOUQOS,data_herg_dev,CHEMBL1200948,,0.631578922271729
NC(=O)NC1(C(=O)O)CCCC1,Non-blocker,Non-blocker,YDLPVKMKYCXPAQ-UHFFFAOYSA-N,YDLPVKMKYCXPAQ,PubChem,234095,,0.346153855323792
Cc1onc(-c2c(Cl)cccc2Cl)c1NC(=O)NN(C)c1ccc([N+](=O)[O-])cn1,Non-blocker,Non-blocker,YDVCQRYDUVBVNV-UHFFFAOYSA-N,YDVCQRYDUVBVNV,PubChem,2804698,,0.42465752363205
CCC(=O)Nc1ccc(C(=O)CSc2nnc(-c3ccccc3F)n2C2CC2)cc1,Non-blocker,Non-blocker,YEBIGPRMOLUTMI-UHFFFAOYSA-N,YEBIGPRMOLUTMI,PubChem,2448744,,0.622950792312622
COc1cc(C(=O)NS(=O)(=O)c2ccccc2C)ccc1Cc1cn(C)c2ccc(NC(=O)OC3CCCC3)cc12,Blocker,Non-blocker,YEEZWCHGZNKEEK-UHFFFAOYSA-N,YEEZWCHGZNKEEK,eval_set_herg_60.csv,,,0.326086968183517
CN1CCN(S(=O)(=O)c2ccc(N)cc2)CC1,Non-blocker,Non-blocker,YEKKOBZSGMPECJ-UHFFFAOYSA-N,YEKKOBZSGMPECJ,PubChem,567261,,0.677419364452362
CCN1CCCC(=O)c2[nH]c3ccccc3c2C1.O=S(=O)(O)O,Blocker,Blocker,YOEODKRTUXVJJS-UHFFFAOYSA-N,YELAWTXIAGSMGU,data_herg_dev,CHEMBL4556929,,0.69767439365387
O/C(=C\C=N\c1ccc(Oc2ccccc2Cl)cc1)c1ccco1,Non-blocker,Non-blocker,YFFSDXZRCUBVJT-NHJUXKLCSA-N,YFFSDXZRCUBVJT,PubChem,2196420,,0.322580635547638
[H]/N=C(/N)SCCC1(CC)C(=O)NC(=O)NC1=O,Non-blocker,Blocker,YFJVJSRNDAPRCF-UHFFFAOYSA-N,YFJVJSRNDAPRCF,PubChem,254020,,0.439024388790131
CCn1c(=O)c2[nH]c(SC)nc2n(CC)c1=O,Non-blocker,Non-blocker,YFTKWDDUVMANGC-UHFFFAOYSA-N,YFTKWDDUVMANGC,PubChem,326134,,0.38775509595871
CCCc1oc(C(=O)O)cc1CN1CCOCC1,Blocker,Non-blocker,YGFYCKVYNCRJHA-UHFFFAOYSA-N,YGFYCKVYNCRJHA,PubChem,2968710,,0.644444465637207
CC(C)Cn1c(=O)c2ccccc2n2c(CCC(=O)NC3CCN(Cc4ccccc4)CC3)nnc12,Non-blocker,Non-blocker,YGNHZYXSYRATQZ-UHFFFAOYSA-N,YGNHZYXSYRATQZ,PubChem,20881143,,0.456790119409561
CCCS(=O)(=O)N1CCC[C@@H](C(=O)NCCc2ccc(OC)c(OC)c2)C1,Non-blocker,Non-blocker,YGOLCQWGWRVTHN-MRXNPFEDSA-N,YGOLCQWGWRVTHN,PubChem,3237326,,0.701492547988892
CCOC(=O)c1ccc(NC(=O)CSc2nc3c(c(=O)n2CC)S[C@H](C)C3)cc1,Non-blocker,Non-blocker,YGXUEOHWDHXMQX-GFCCVEGCSA-N,YGXUEOHWDHXMQX,PubChem,3373842,,0.637681186199188
c1ccc(CN2CCN(CCOCCOc3ccc4c(c3)CCC4)CC2)cc1,Blocker,Non-blocker,YHFVPJXVMYHWHX-UHFFFAOYSA-N,YHFVPJXVMYHWHX,PubChem,2976408,,0.5
CN1C(N)=NC(C)(c2cc(NC(=O)c3ccc(F)cn3)ccc2F)CS1(=O)=O,Blocker,Blocker,YHYKUSGACIYRML-UHFFFAOYSA-N,YHYKUSGACIYRML,CUPID,CUPID,,0.513513505458832
Cc1ccc(NC(=O)COc2ccccc2)c(NC(=O)c2ccccc2C)c1,Non-blocker,Non-blocker,YHZDNWOXHMABRN-UHFFFAOYSA-N,YHZDNWOXHMABRN,PubChem,1293428,,0.538461565971375
CCCCn1c(=S)[nH]c2ccccc2c1=O,Blocker,Blocker,YIMVQTWMNLKAPM-UHFFFAOYSA-N,YIMVQTWMNLKAPM,PubChem,1550399,,0.658536612987518
Cn1c(=O)n(C)c2cc([N+](=O)[O-])c(N3CCN(C(=O)c4ccc(Cl)cc4)CC3)cc21,Blocker,Non-blocker,YIWWMBNFTSXNNW-UHFFFAOYSA-N,YIWWMBNFTSXNNW,PubChem,2955935,,0.442857146263123
COc1cc2cc(Oc3ccc4ccc(=O)oc4c3)c(=O)oc2cc1OC(=O)C=C(C)C,Non-blocker,Non-blocker,YJGBOQUCAJWEGE-UHFFFAOYSA-N,YJGBOQUCAJWEGE,PubChem,16745541,,0.470588237047195
CC(=O)OCOC(=O)CN(CC(=O)OCOC(C)=O)c1ccccc1OCCOc1ccccc1N(CC(=O)OCOC(C)=O)CC(=O)OCOC(C)=O,Blocker,Blocker,YJIYWYAMZFVECX-UHFFFAOYSA-N,YJIYWYAMZFVECX,eval_set_herg_60.csv,,,0.39215686917305
Cc1nc2sc3c(c2c2nnc(SCC(=O)NCc4ccco4)n12)CCCC3,Blocker,Non-blocker,YJKJJNYITUWYHD-UHFFFAOYSA-N,YJKJJNYITUWYHD,PubChem,644450,,0.5
Cc1ccc(-c2ncnc(Nc3ccc4c(c3)CNC4=N)c2O)cc1,Blocker,Blocker,YJXLTNFWFWJAIE-UHFFFAOYSA-N,YJXLTNFWFWJAIE,data_herg_dev,CHEMBL4648414,,0.644067823886871
Cc1ccc(C)c(NC(=S)/N=C(\O)c2cncc(Br)c2)c1,Blocker,Blocker,YKCIHAQWZCDMRG-UHFFFAOYSA-N,YKCIHAQWZCDMRG,PubChem,1016593,,0.666666686534882
CCOc1ccc(CCNC(=O)c2cc([N+](=O)[O-])ccc2N2CCOCC2)cc1OCC,Non-blocker,Non-blocker,YKEXKMBRCRRYAL-UHFFFAOYSA-N,YKEXKMBRCRRYAL,PubChem,2945950,,0.671641767024994
CC1(c2ccccc2)CCN(C[C@@H]2CCc3cccnc3[C@@H](O)C2)CC1,Non-blocker,Non-blocker,YKLQISOTHKATHJ-NQIIRXRSSA-N,YKLQISOTHKATHJ,data_herg_dev,CHEMBL518922,,0.633333325386047
Cn1c(NNC(=O)C(c2ccccc2)c2ccccc2)cc(=O)n(C)c1=O,Non-blocker,Blocker,YKOBBDAGJQFROM-UHFFFAOYSA-N,YKOBBDAGJQFROM,PubChem,2145336,,0.520833313465118
O=C(NC1CCCCC1)[C@H](c1cccs1)N(C(=O)c1ccco1)c1ccc2c(c1)OCCO2,Non-blocker,Non-blocker,YKYYXRHHCSFBGY-QHCPKHFHSA-N,YKYYXRHHCSFBGY,PubChem,3191419,,0.597222208976746
CC(=O)Cc1nsc(Nc2cccc(C)c2)n1,Non-blocker,Non-blocker,YLFVOBCWPLEZDX-UHFFFAOYSA-N,YLFVOBCWPLEZDX,PubChem,4051152,,0.5
COc1cc(/C=C2\C(=O)ON=C2c2ccccc2)cc(Cl)c1O,Blocker,Non-blocker,YLHPIBGTWWOHJL-GHXNOFRVSA-N,YLHPIBGTWWOHJL,PubChem,890568,,0.568965494632721
Cc1ccc(S(=O)(=O)N2CC=C(C(=O)NCc3ccc(F)cc3)CC2)cc1,Non-blocker,Non-blocker,YLKYMQMDYVFLAH-UHFFFAOYSA-N,YLKYMQMDYVFLAH,PubChem,3396880,,0.571428596973419
CC(C)(C)c1ccc(OCCN2CCCC2)cc1,Blocker,Non-blocker,YLNWTFCVXGJXPF-UHFFFAOYSA-N,YLNWTFCVXGJXPF,PubChem,867345,,0.550000011920929
CCN(CC(=O)Nc1ccc(NC(C)=O)cc1)C(=O)/C=C/c1cccs1,Non-blocker,Non-blocker,YLYAXNHNCQGMQJ-ZHACJKMWSA-N,YLYAXNHNCQGMQJ,PubChem,2450658,,0.564516127109528
C[C@H](NC(=O)c1cc(S(=O)(=O)N2CCOCC2)ccc1N1CCCCC1)c1cc2ccccc2o1,Non-blocker,Blocker,YMKQHDAHIYZQBF-IBGZPJMESA-N,YMKQHDAHIYZQBF,eval_set_herg_60.csv,,,0.591549277305603
OCC[C@@H]1CN(Cc2ccc(C(F)(F)F)cc2)CCN1Cc1ccccc1,Non-blocker,Non-blocker,YMRPHPHFMFXLRO-HXUWFJFHSA-N,YMRPHPHFMFXLRO,PubChem,16191128,,0.611111104488373
O=C(N/N=C/c1cccc(O)c1)c1ccc(COc2ccc3c(c2)CCC3)o1,Non-blocker,Non-blocker,YMXPRQQHKZCVOY-YDZHTSKRSA-N,YMXPRQQHKZCVOY,PubChem,6874799,,0.657142877578735
O=C(COC(=O)Cc1ccc(Br)cc1)NC1CC1,Non-blocker,Non-blocker,YNQWIDNWIBRAOH-UHFFFAOYSA-N,YNQWIDNWIBRAOH,PubChem,2344676,,0.625
NC(=S)/N=N/c1ccc(O)cc1,Blocker,Non-blocker,YNRDWJDYBGDMRB-MDZDMXLPSA-N,YNRDWJDYBGDMRB,PubChem,4243942,,0.5625
CCCCN(CC)C(=O)CN1C(=O)c2ccccc2C1=O,Non-blocker,Non-blocker,YNTAZECPJDMLFK-UHFFFAOYSA-N,YNTAZECPJDMLFK,PubChem,1582689,,0.423076927661896
COc1ccnc(C[S+]([O-])c2nc3cc(OC(F)F)ccc3[n-]2)c1OC.[Na+],Non-blocker,Non-blocker,HEYBXKVTQOEUTP-UHFFFAOYSA-N,YNWDKZIIWCEDEE,eval_set_herg_70.csv,,,0.294871807098389
CCC(=O)Nc1cccc(C2=NO[C@@]3(C2)C[C@H](C(N)=O)N(C(=O)CC#N)C3)c1,Non-blocker,Blocker,YOIPVHWFVIWVBY-BEFAXECRSA-N,YOIPVHWFVIWVBY,PubChem,16681910,,0.708333313465118
O=C(c1ccccc1)[C@@](O)(Cc1ccccc1)c1ccccc1,Non-blocker,Non-blocker,YOJAHTBCSGPSOR-OAQYLSRUSA-N,YOJAHTBCSGPSOR,PubChem,285844,,0.421052634716034
O=C(Cc1cn2ccsc2n1)Nc1cccc2cnccc12,Non-blocker,Non-blocker,YOJJBMVDKPHKOO-UHFFFAOYSA-N,YOJJBMVDKPHKOO,PubChem,2998007,,0.517241358757019
CCS(=O)(=O)c1ccc(C(NC(C)=O)C(=O)Nc2cc(-c3cc(C#N)cc(F)c3OC)cs2)cc1,Non-blocker,Non-blocker,YOJMBDUWFJVSKK-UHFFFAOYSA-N,YOJMBDUWFJVSKK,data_herg_dev,CHEMBL4168496,,0.708333313465118
CCN(CC)S(=O)(=O)c1cccc(C(=O)N[C@H](C(=O)OCC(=O)Nc2ccccc2)C(C)C)c1,Blocker,Non-blocker,YONGQXAWEUHFBF-QFIPXVFZSA-N,YONGQXAWEUHFBF,PubChem,9552018,,0.645161271095276
C[C@@H]1C[C@@H](C)CN(C(=O)C2CCN(S(=O)(=O)c3c(Cl)cccc3Cl)CC2)C1,Non-blocker,Non-blocker,YOUIJQJVYXDGSP-ZIAGYGMSSA-N,YOUIJQJVYXDGSP,PubChem,17533389,,0.5
Nc1ccc(C(=O)OCCCOC(=O)c2ccc(N)cc2)cc1,Non-blocker,Non-blocker,YPACMOORZSDQDQ-UHFFFAOYSA-N,YPACMOORZSDQDQ,eval_set_herg_70.csv,,,0.529411792755127
CN1CC(=O)N(CC(=O)Nc2ccc(Cl)c(C(F)(F)F)c2)C1=O,Blocker,Blocker,YPBKSQDRKIFGAS-UHFFFAOYSA-N,YPBKSQDRKIFGAS,PubChem,2100439,,0.467741936445236
NC(=O)c1cnc(-c2cnc3c(Nc4ccc(C(F)(F)F)cn4)ccnc3n2)c(C(F)(F)F)c1,Blocker,Blocker,YPYYPOYQUMYMKR-UHFFFAOYSA-N,YPYYPOYQUMYMKR,PubChem,46911175,20615696,0.507246375083923
[Cr+6].[Cr+6].[K+].[K+].[O-2].[O-2].[O-2].[O-2].[O-2].[O-2].[O-2],Non-blocker,Non-blocker,NZIQHMQXVUSGHY-UHFFFAOYSA-N,YQDKEQIFTJGXKJ,data_herg_dev,,24502,0.0399999991059303
Cc1nn(-c2ccccc2)nc1C(=O)N[C@@H]1COc2cccc(-c3ccncc3)c2C1,Non-blocker,Blocker,YQIDSLFXPFOWIF-SFHVURJKSA-N,YQIDSLFXPFOWIF,PubChem,66813703,22832315,0.676470577716827
COC(=O)[C@H]1SCCN1S(=O)(=O)c1ccc(Cl)cc1,Non-blocker,Non-blocker,YQPUZYVCMAJOPL-SNVBAGLBSA-N,YQPUZYVCMAJOPL,PubChem,2821246,,0.41791045665741
COc1cccc(/C=C2\Sc3ccc(C(=O)NC[C@H]4CCCO4)cc3N(C)C2=O)c1,Non-blocker,Non-blocker,YQRDIEKCIIZKEC-UZQMFHLOSA-N,YQRDIEKCIIZKEC,PubChem,24789907,,0.507246375083923
O=C(NCc1ccncc1)C1CCN(S(=O)(=O)c2cc(Cl)ccc2Cl)CC1,Non-blocker,Non-blocker,YRAUVDAHAFUMRH-UHFFFAOYSA-N,YRAUVDAHAFUMRH,PubChem,1078708,,0.593220353126526
CN(C)c1ccc(NC(=O)CCCCCn2nnc3ccccc3c2=O)cc1,Non-blocker,Non-blocker,YRCUCKWCQPARHB-UHFFFAOYSA-N,YRCUCKWCQPARHB,PubChem,4904094,,0.580645143985748
CCOC(=O)C1(CCOc2ccccc2)CCN(Cc2ccc(COC)o2)CC1,Non-blocker,Non-blocker,YRFZEPMOJVTLIU-UHFFFAOYSA-N,YRFZEPMOJVTLIU,PubChem,16191323,,0.547945201396942
C=CCn1c(C)cc(C(=O)COC(=O)CCc2cc(OC)c(OC)c(OC)c2)c1C,Non-blocker,Non-blocker,YRLVSFJHIYFGRW-UHFFFAOYSA-N,YRLVSFJHIYFGRW,PubChem,2398662,,0.402777791023254
COCC1=C(C(=O)N2CCC[C@H]2c2cc(C)no2)[C@@H](c2cc3ccccc3n2C)N2NC(C(F)(F)F)=CC2=N1,Blocker,Blocker,YROQNLPSSUEPTR-UQBPGWFLSA-N,YROQNLPSSUEPTR,eval_set_herg_70.csv,,,0.65263158082962
Fc1cccc(Oc2cc(C(F)(F)F)nc(N3CCc4nc[nH]c4C3)n2)c1,Blocker,Blocker,YRSBMPKJFDYYFO-UHFFFAOYSA-N,YRSBMPKJFDYYFO,eval_set_herg_60.csv,,,0.59375
O=C(c1[nH]ncc1-c1cccc(Br)c1)[C@H]1CO1,Non-blocker,Non-blocker,YSJDEWTWCAJZCB-SNVBAGLBSA-N,YSJDEWTWCAJZCB,PubChem,3504598,,0.358208954334259
O=c1c2ccccc2nc(-c2cccs2)n1-c1ccc2ccccc2c1,Non-blocker,Non-blocker,YSLSIJXGHOYVRU-UHFFFAOYSA-N,YSLSIJXGHOYVRU,PubChem,1116973,,0.479999989271164
COc1ccc(CCN/C(=N/S(=O)(=O)c2ccccc2)c2ccccc2)cc1OC,Non-blocker,Blocker,YSRONXZYDOACAX-UHFFFAOYSA-N,YSRONXZYDOACAX,PubChem,4421035,,0.517857134342194
C=CC(=O)[O-].CCCC[Sn+](CCCC)CCCC,Non-blocker,Blocker,YSUXTNDMKYYZPR-UHFFFAOYSA-M,YSUXTNDMKYYZPR,eval_set_herg_70.csv,,,0.52173912525177
Cc1ccc(CN(C)CC(=O)N[C@H](C)c2ccccc2)cc1,Non-blocker,Non-blocker,YSVYKZIHFKPHOZ-MRXNPFEDSA-N,YSVYKZIHFKPHOZ,PubChem,4963675,,0.666666686534882
COC(=O)c1[nH]c2ccc(C)cc2c1NC(=O)Nc1ccccc1OC,Non-blocker,Non-blocker,YTCIAWJRYPJVJZ-UHFFFAOYSA-N,YTCIAWJRYPJVJZ,PubChem,660519,,0.491525411605835
CNCCC(O)(c1cccc2ccccc12)C(c1ccccc1)c1ccc(-c2ccc(Cl)cc2)nc1OC,Blocker,Blocker,YTGHVZZHIDYGBB-UHFFFAOYSA-N,YTGHVZZHIDYGBB,CUPID,CUPID,,0.616438329219818
O=C1c2nc3cccc(C(F)(F)F)c3n2CCN1CC1CC2CCC1C2,Non-blocker,Blocker,YTGVOXRCRXENCO-UHFFFAOYSA-N,YTGVOXRCRXENCO,PubChem,CUPID,,0.580645143985748
Nc1ccc(Oc2ccc(Cl)cc2)cc1,Non-blocker,Non-blocker,YTISFYMPVILQRL-UHFFFAOYSA-N,YTISFYMPVILQRL,eval_set_herg_70.csv,,,0.485714286565781
COc1ccc(C)cc1NC(=O)CNc1ccccc1CN(C)C1CCCCC1,Blocker,Non-blocker,YTKIIMAVUBQKDV-UHFFFAOYSA-N,YTKIIMAVUBQKDV,PubChem,2532479,,0.436619728803635
O=C(CCN1C(=O)S/C(=C\c2ccc(F)cc2)C1=O)Nc1ccc(O)cc1C(=O)O,Non-blocker,Non-blocker,YTNXFSOZFAOWDP-SXGWCWSVSA-N,YTNXFSOZFAOWDP,PubChem,6237225,,0.466666668653488
FC1(F)CC1Cc1nnc2cc(-c3cccc4cccnc34)ccn12,Non-blocker,Non-blocker,YTQCKSRKMRQLHF-UHFFFAOYSA-N,YTQCKSRKMRQLHF,eval_set_herg_70.csv,,,0.625
O=C1NCc2c(nc(=O)[nH]c2-c2ccccc2Cl)N1c1c(Cl)cccc1Cl,Blocker,Blocker,YTQLAJDGTJISOD-UHFFFAOYSA-N,YTQLAJDGTJISOD,PubChem,23647637,16750629,0.634615361690521
Cc1cc(C)cc(OCC(=O)OCc2nnc(-c3ccccc3)o2)c1,Non-blocker,Non-blocker,YTVBZLGELODORH-UHFFFAOYSA-N,YTVBZLGELODORH,PubChem,2108229,,0.629032254219055
Cc1cccc(N2CCN(c3cc(C)nc4nnnn34)C[C@H]2C)c1,Non-blocker,Non-blocker,YTYSUZDZMUFJDW-CQSZACIVSA-N,YTYSUZDZMUFJDW,PubChem,3242632,,0.428571432828903
CN(C)c1oc(-c2ccccc2[N+](=O)[O-])nc1C#N,Blocker,Blocker,YUAQULQYKXKMIA-UHFFFAOYSA-N,YUAQULQYKXKMIA,PubChem,942148,,0.408163279294968
CC(F)(F)c1cccc(-c2cnn(Cc3cc[nH]n3)c2)c1,Blocker,Blocker,YUBYOLBZTMVIAV-UHFFFAOYSA-N,YUBYOLBZTMVIAV,eval_set_herg_70.csv,,,0.692307710647583
Cc1ccc(-c2c(C(=O)O)c3ccccc3[nH]c2=O)cc1,Non-blocker,Non-blocker,YUGURCXDWBLOAU-UHFFFAOYSA-N,YUGURCXDWBLOAU,PubChem,1476800,,0.379310339689255
N#CCCSc1nc(N2CCOCC2)c2c(c1C#N)CCCC2,Non-blocker,Non-blocker,YUWFIDIIQWBREK-UHFFFAOYSA-N,YUWFIDIIQWBREK,PubChem,658830,,0.419354826211929
CN1C(=O)NC(=O)[C@]12Cc1ccc(NC(=O)CN3C(=O)C4(CCCC4)O[C@H]3c3cc(F)cc(F)c3)cc1C2,Non-blocker,Non-blocker,YVAXSEQSDOYCIY-BKMJKUGQSA-N,YVAXSEQSDOYCIY,eval_set_herg_70.csv,,,0.67948716878891
O=c1[nH]c2ccccc2n1C1CCN(CCCC(c2ccc(F)cc2)c2ccc(F)cc2)CC1,Blocker,Blocker,YVUQSNJEYSNKRX-UHFFFAOYSA-N,YVUQSNJEYSNKRX,CUPID,16362,18262683,0.70175439119339
C[C@@H]1C[C@@H](N(C(=O)c2ccccc2Cl)c2ccccc2)c2ccccc2N1,Non-blocker,Non-blocker,YVVXFSUFBIJTJU-OPAMFIHVSA-N,YVVXFSUFBIJTJU,PubChem,2905219,,0.416666656732559
Cc1ccc(NC(=O)c2ncn(CCCN(CCCn3cnc(C(=O)Nc4ccc(C)c(C)c4)n3)Cc3ccc4[nH]ccc4c3)n2)cc1C,Blocker,Blocker,YVZOMXLCKXYVEA-UHFFFAOYSA-N,YVZOMXLCKXYVEA,PubChem,45281094,,0.527027010917664
c1ccc(CN(c2cccc3sccc23)C2CCNCC2)cc1,Blocker,Blocker,YWBYAAXIALYEHT-UHFFFAOYSA-N,YWBYAAXIALYEHT,eval_set_herg_60.csv,,,0.607843160629273
Nc1ccc(-c2ccco2)cc1NC(=O)c1ccc2nc(N3CCNCC3)ccc2c1,Blocker,Blocker,YWEQSQFXPQSOOT-UHFFFAOYSA-N,YWEQSQFXPQSOOT,eval_set_herg_70.csv,,,0.557142853736877
C=CCN(CC=C)CCOc1ccccc1F,Non-blocker,Non-blocker,YWFKZEHEOQIXKV-UHFFFAOYSA-N,YWFKZEHEOQIXKV,PubChem,2944158,,0.347826093435288
Cn1ccc2c(N(Cc3ccccc3)C3CCNCC3)cccc21,Blocker,Non-blocker,YWPKYJALPZQETH-UHFFFAOYSA-N,YWPKYJALPZQETH,eval_set_herg_60.csv,,,0.622641503810883
NCCOc1ccc(Cc2ccc(N)cc2)c(C(F)(F)F)c1,Blocker,Blocker,YWPLEWGQWULTHY-UHFFFAOYSA-N,YWPLEWGQWULTHY,data_herg_dev,CHEMBL4740833,,0.479999989271164
O=C(NC1CCCCCC1)c1ccc(N2CCCC2=O)cc1,Non-blocker,Non-blocker,YWPSYMQPSXAFTK-UHFFFAOYSA-N,YWPSYMQPSXAFTK,PubChem,774210,,0.5625
CCC(CC)CN(Cc1ccc(F)cc1)C1CCN(Cc2ccc(N(CC)CC)cc2)CC1,Blocker,Non-blocker,YWTYQMOCEJQDIR-UHFFFAOYSA-N,YWTYQMOCEJQDIR,eval_set_herg_60.csv,,,0.466666668653488
COc1ccccc1OCc1nc(-c2ccc([N+](=O)[O-])cc2)no1,Non-blocker,Non-blocker,YWVWXHLYVSCGTD-UHFFFAOYSA-N,YWVWXHLYVSCGTD,PubChem,753471,,0.462962955236435
Cc1c(C(=O)Nc2ccc([C@H]3CNCCO3)cc2)n[nH]c1-c1ccccc1,Non-blocker,Non-blocker,YXMBEECTJRWXGW-GOSISDBHSA-N,YXMBEECTJRWXGW,eval_set_herg_70.csv,,,0.584615409374237
CC(=O)N1CC(=O)N(OCc2ccccc2)[C@@H]1c1ccc(Cl)cc1Cl,Non-blocker,Non-blocker,YXMJYAHXRMQRTC-GOSISDBHSA-N,YXMJYAHXRMQRTC,PubChem,6617580,,0.692307710647583
CCO/C=N/Nc1nc(C(F)(F)F)nc2c1cnn2Cc1ccccc1,Non-blocker,Non-blocker,YYBAJAGEMJFNSF-KEBDBYFISA-N,YYBAJAGEMJFNSF,PubChem,9684303,,0.346666663885117
CCCNCc1ccc(CCn2ccc(OCc3ccc(F)cc3)cc2=O)cc1,Blocker,Blocker,YYCDRZDDLBLWPS-UHFFFAOYSA-N,YYCDRZDDLBLWPS,CUPID,44469273,19632840,0.424242436885834
Cc1nc(N(CCO)C2CCCCC2)c2nnn(Cc3ccccc3)c2n1,Non-blocker,Non-blocker,YYFLBSBQMIOTAQ-UHFFFAOYSA-N,YYFLBSBQMIOTAQ,PubChem,1446189,,0.441176474094391
Cc1noc(/C(=C/c2cccc(-c3cc(C(C)(C)S(C)(=O)=O)cc4cccnc34)c2)c2ccc(S(C)(=O)=O)cc2)n1,Blocker,Non-blocker,YYGZHVJDHMMABU-OGLMXYFKSA-N,YYGZHVJDHMMABU,data_herg_dev,CHEMBL372575,,0.441176474094391
CCCCCCC[N+](CC)CCCC(O)c1ccc(NS(C)(=O)=O)cc1,Blocker,Blocker,YYHFXBYUPBRKGA-UHFFFAOYSA-N,YYHFXBYUPBRKGA,eval_set_herg_70.csv,,,0.639999985694885
CCOC(=O)c1cc(CC)sc1NC(=O)c1ccc(N2CCOCC2)c([N+](=O)[O-])c1,Non-blocker,Non-blocker,YYJVPYWIACAWJS-UHFFFAOYSA-N,YYJVPYWIACAWJS,PubChem,2876795,,0.549295783042908
COc1ccc(NC(=O)CNCc2ccc(Cl)cc2)cc1S(=O)(=O)N1CCOCC1,Non-blocker,Non-blocker,YYRGRRCORRXUAX-UHFFFAOYSA-N,YYRGRRCORRXUAX,PubChem,16244709,,0.628571450710297
O[C@H](CNCCc1ccc(C(F)(F)F)cc1)COc1cccc2ccccc12,Blocker,Blocker,YZGTUSIIFSUYJX-LJQANCHMSA-N,YZGTUSIIFSUYJX,PubChem,3605184,,0.528301894664764
COC(=O)c1sc(NC(=O)COc2cccc3ccccc23)nc1C,Non-blocker,Blocker,YZKRHZKXBMHYCK-UHFFFAOYSA-N,YZKRHZKXBMHYCK,PubChem,1317019,,0.534482777118683
CC1=CC[C@@H](C(=O)O)[C@H](C(=O)O)C1,Non-blocker,Non-blocker,YZPUIHVHPSUCHD-RNFRBKRXSA-N,YZPUIHVHPSUCHD,PubChem,263032,,0.428571432828903
CC(O)(c1cc(Cl)c(NC(=O)CC2CCCCC2)c(Cl)c1)C(F)(F)F,Non-blocker,Blocker,ZAGKILKOITVECB-UHFFFAOYSA-N,ZAGKILKOITVECB,eval_set_herg_60.csv,,,0.474576264619827
CCOc1ccc(C(=O)Nc2ccc(N3CCN(S(C)(=O)=O)CC3)cc2)cc1[N+](=O)[O-],Non-blocker,Non-blocker,ZAGRGBICLSBMRC-UHFFFAOYSA-N,ZAGRGBICLSBMRC,PubChem,1290529,,0.634920656681061
Cc1cc(/C=C/C(=O)c2cc3ccccc3s2)cc(C)c1OC(C)(C)C(=O)O,Blocker,Blocker,ZAJBALGZMIMWGY-MDZDMXLPSA-N,ZAJBALGZMIMWGY,eval_set_herg_70.csv,,,0.590163946151733
N[C@H]1CN(C(=O)c2ccc3ncsc3c2)C[C@H]1C(=O)N1CCCC1,Non-blocker,Non-blocker,ZAUSYVOHDJOJCH-OLZOCXBDSA-N,ZAUSYVOHDJOJCH,eval_set_herg_60.csv,,,0.600000023841858
Cc1cc[n+]2c(c1)NC(=O)C[C@]2(C)C(=O)N(CC(=O)NC1CCCC1)c1ccccc1C,Non-blocker,Non-blocker,ZCEYXDUNVARKJP-RUZDIDTESA-O,ZCEYXDUNVARKJP,PubChem,3224112,,0.680555582046509
COc1ccccc1O[P@](C)(=O)Nc1ccccc1Br,Non-blocker,Blocker,ZCLCHGKTKOATKL-FQEVSTJZSA-N,ZCLCHGKTKOATKL,PubChem,1101260,,0.38775509595871
O=C(C1CCCC1)N1CCC(C[C@@H]2CC(c3cccc(Br)c3)=NO2)(C(=O)NCC2CCCCC2)CC1,Non-blocker,Non-blocker,ZCTQTMUVKCQADC-VWLOTQADSA-N,ZCTQTMUVKCQADC,PubChem,24820089,,0.376344084739685
C[C@@H]1COc2ccccc2N1S(=O)(=O)c1ccc(Cl)cc1,Non-blocker,Non-blocker,ZDKPGCVIAFEFJW-LLVKDONJSA-N,ZDKPGCVIAFEFJW,PubChem,3418940,,0.354838699102402
CCCCCCCN(CC)CCCCc1ccc(NC=O)cc1,Blocker,Blocker,ZDMQHMYHAWGOFZ-UHFFFAOYSA-N,ZDMQHMYHAWGOFZ,eval_set_herg_70.csv,,,0.609756112098694
Cc1cc(C)cc(OCc2cncc(-c3cc(C)cc(C)c3)c2N2CCC(N)CC2)c1,Blocker,Blocker,ZDQHFPUNJBKNAA-UHFFFAOYSA-N,ZDQHFPUNJBKNAA,PubChem,90070225,34626901,0.578947365283966
Fc1ccc(CN2CCN(c3ncnc4c3nc(-c3ccccc3Cl)n4-c3ccc(Cl)cc3)CC2)cc1,Blocker,Blocker,ZDQJAFYUERQSGA-UHFFFAOYSA-N,ZDQJAFYUERQSGA,data_herg_dev,CHEMBL4225999,,0.699999988079071
N#CN=C(NCc1ccccc1)NN1CCC(CNc2ncccn2)CC1,Non-blocker,Blocker,ZDRPBJDDRMAOKL-UHFFFAOYSA-N,ZDRPBJDDRMAOKL,eval_set_herg_60.csv,,,0.483870953321457
COc1ccc(NC(=O)c2cccc(N3C(=O)[C@@H]4[C@@H]5CC[C@@H](C5)[C@@H]4C3=O)c2)cc1,Non-blocker,Non-blocker,ZDVNCHVIPKHPLT-YKLJGAPNSA-N,ZDVNCHVIPKHPLT,PubChem,2930631,,0.539682567119598
CCCCC(CC)COC(=O)CCCCCCCC(=O)OCC(CC)CCCC,Non-blocker,Non-blocker,ZDWGXBPVPXVXMQ-UHFFFAOYSA-N,ZDWGXBPVPXVXMQ,data_herg_dev,,7642,0.560975611209869
COC(=O)c1ccccc1S(=O)(=O)/N=C(\O)Nc1nc(C)cc(C)n1,Non-blocker,Non-blocker,ZDXMLEQEMNLCQG-UHFFFAOYSA-N,ZDXMLEQEMNLCQG,PubChem,52997,,0.359375
CCc1cc2c(=O)c(-c3ccon3)c(N)oc2cc1OC,Non-blocker,Blocker,ZEBJUTVOURFQCN-UHFFFAOYSA-N,ZEBJUTVOURFQCN,PubChem,1548053,,0.361111104488373
O=C(Cn1c(CO)nc2ccccc21)NCCc1ccccc1,Non-blocker,Blocker,ZECXQCFUUUSPPY-UHFFFAOYSA-N,ZECXQCFUUUSPPY,PubChem,4882839,,0.595744669437408
CCOC(=O)C1CCN(C[C@@H](O)COc2ccc(C(C)(C)C)cc2)CC1,Non-blocker,Non-blocker,ZEFHKLGXBVHNDC-GOSISDBHSA-N,ZEFHKLGXBVHNDC,PubChem,6603396,,0.5625
N[C@H]1CN(Cc2ccc(F)c(F)c2)C[C@H]1C(=O)N1CCCC1,Non-blocker,Non-blocker,ZEWAIPRWPQISNU-DOMZBBRYSA-N,ZEWAIPRWPQISNU,eval_set_herg_60.csv,,,0.5573770403862
c1sc2[n+](c1CS/C(=N\C1CCCCC1)NC1CCCCC1)CCN2,Non-blocker,Blocker,ZEZPDHKACVMMCD-UHFFFAOYSA-O,ZEZPDHKACVMMCD,PubChem,11176403,19053768,0.238095238804817
Fc1ccc(NC(=S)Nc2nccs2)cc1,Non-blocker,Blocker,ZFAMDCCGNXBKRF-UHFFFAOYSA-N,ZFAMDCCGNXBKRF,PubChem,773605,,0.489361703395844
CC(C)c1cc2cccc(-c3nnc(C4CCN(CC5CCOCC5)CC4)o3)n2n1,Blocker,Blocker,ZFHAKBSSOYHMLY-UHFFFAOYSA-N,ZFHAKBSSOYHMLY,CUPID,138376515,29763304,0.676923096179962
COc1cccc(/C(O)=N/C(=S)Nc2ccc(N(C)C)cc2)c1,Blocker,Non-blocker,ZFIJJDPVZOSOIG-UHFFFAOYSA-N,ZFIJJDPVZOSOIG,PubChem,883668,,0.534482777118683
CCc1ccc(N(CC(=O)Nc2sc3c(c2C(=O)OC)CCCC3)S(C)(=O)=O)cc1,Blocker,Non-blocker,ZFJXAEVBIAUKEM-UHFFFAOYSA-N,ZFJXAEVBIAUKEM,PubChem,2420316,,0.515625
CCON=C(c1ccc(Br)cc1)C1CCN(C2(C)CCN(C(=O)c3c(C)cc[n+]([O-])c3C)CC2)CC1,Non-blocker,Blocker,ZGDKVKUWTCGYOA-UHFFFAOYSA-N,ZGDKVKUWTCGYOA,eval_set_herg_60.csv,,,0.512499988079071
Cc1cc(NC(=O)c2cccc(C(F)(F)F)c2)n(-c2nc(-c3ccc4c(c3)OCO4)cs2)n1,Non-blocker,Blocker,ZGEHZPOONRJVHB-UHFFFAOYSA-N,ZGEHZPOONRJVHB,data_herg_dev,CHEMBL2028054,,0.375
CCOc1ccccc1NC(=O)CSc1nnnn1-c1ccccc1,Non-blocker,Non-blocker,ZIKPPXWJFRLWQN-UHFFFAOYSA-N,ZIKPPXWJFRLWQN,PubChem,982774,,0.610169470310211
O=C(NCCOc1ccccc1)c1ncn[nH]1,Non-blocker,Non-blocker,ZINLFCBRSAHZFK-UHFFFAOYSA-N,ZINLFCBRSAHZFK,PubChem,2229845,,0.461538463830948
Cc1cccc(C)c1NC(=O)C[N+]1CC[N+](CCCC(c2ccc(F)cc2)c2ccc(F)cc2)CC1,Blocker,Blocker,ZIPQKDKLZNUXFM-UHFFFAOYSA-N,ZIPQKDKLZNUXFM,eval_set_herg_70.csv,,,0.603448271751404
c1ccc2oc(Oc3ccc(OCCN4CCCCC4)cc3)nc2c1,Non-blocker,Blocker,ZIQGASWXUSSORV-UHFFFAOYSA-N,ZIQGASWXUSSORV,PubChem,11739248,18588282,0.482758611440659
COc1cc(/C=C2\SC(=S)N(N3CCOCC3)C2=O)ccc1O,Non-blocker,Non-blocker,ZISPWOKNJXQCGQ-LCYFTJDESA-N,ZISPWOKNJXQCGQ,PubChem,1860024,,0.430555552244186
Cc1ncc(-c2nc(Nc3ccc(C(=O)N4CCCN(C)CC4)cc3)ncc2F)n1C(C)C,Non-blocker,Non-blocker,ZJJZCHNTRMUXMT-UHFFFAOYSA-N,ZJJZCHNTRMUXMT,eval_set_herg_70.csv,,,0.694444417953491
Cc1cc(C)n(-c2cc(NC(=O)Cc3ccc(S(C)(=O)=O)cc3)nc(-c3ccccn3)n2)n1,Non-blocker,Blocker,ZKEREZNJKGRMFY-UHFFFAOYSA-N,ZKEREZNJKGRMFY,eval_set_herg_60.csv,,,0.487179487943649
CC(C)C(=O)N1CCN(c2ccccc2NC(=O)c2ccc([N+](=O)[O-])o2)CC1,Non-blocker,Non-blocker,ZKFSOTRFUFUSTP-UHFFFAOYSA-N,ZKFSOTRFUFUSTP,PubChem,1091600,,0.5
Cc1nc(N2CCNCC2)sc1C(=O)Nc1cc(-c2cccs2)ccc1N,Non-blocker,Non-blocker,ZKJCGFWCOOBGQE-UHFFFAOYSA-N,ZKJCGFWCOOBGQE,eval_set_herg_70.csv,,,0.656716406345367
CCOC(=O)c1ccc2c(c1)NCc1cccc(OC)c1O2,Non-blocker,Non-blocker,ZKMRNPBEBOXDCJ-UHFFFAOYSA-N,ZKMRNPBEBOXDCJ,PubChem,339237,,0.375
Cc1ccc(CN(C)C(=O)CN2C(=O)N[C@@]3(CCCc4ccccc43)C2=O)c(C)c1,Non-blocker,Non-blocker,ZKRADNUFIUDZCC-XMMPIXPASA-N,ZKRADNUFIUDZCC,PubChem,16315499,,0.596774220466614
Cc1ccc2c(c1N)C(=O)c1ccccc1C2=O,Blocker,Non-blocker,ZLCUIOWQYBYEBG-UHFFFAOYSA-N,ZLCUIOWQYBYEBG,data_herg_dev,CHEMBL1413787,,0.470588237047195
O=C(COc1ccc(Cl)cc1Cl)NCCSc1ccc(Cl)cc1,Blocker,Non-blocker,ZLELNHSWZLCSIM-UHFFFAOYSA-N,ZLELNHSWZLCSIM,PubChem,2278923,,0.58695650100708
Cc1ccc(C)c(N2N=C(/C(O)=N/c3nccs3)CCC2=O)c1,Non-blocker,Non-blocker,ZLEXTCJSZDVHNF-UHFFFAOYSA-N,ZLEXTCJSZDVHNF,PubChem,4883117,,0.515625
Cc1ccc(S(=O)(=O)c2nc(Nc3nccs3)sc2Cl)cc1,Non-blocker,Non-blocker,ZLIRQUKNUPCUDB-UHFFFAOYSA-N,ZLIRQUKNUPCUDB,PubChem,2136921,,0.409836053848267
FC(F)(F)c1cnc(Sc2nnc(-c3cccs3)n2C[C@H]2CCCO2)c(Cl)c1,Non-blocker,Non-blocker,ZLNBTOKSNFPADP-LLVKDONJSA-N,ZLNBTOKSNFPADP,PubChem,3484307,,0.355555564165115
CCOC1Cc2cc(C(F)(F)F)ccc2C1N1CCN(C2(C)CCN(C(=O)c3c(C)ncnc3C)CC2)CC1C,Blocker,Blocker,ZMCJFJZOSKEMOM-UHFFFAOYSA-N,ZMCJFJZOSKEMOM,CUPID,CUPID,,0.551724135875702
CC1=C(C(=O)OC[C@H]2CCCO2)[C@H](c2ccsc2)C2=C(O)CC(C)(C)C=C2N1,Non-blocker,Non-blocker,ZMFUMFNMHWZRFG-BEFAXECRSA-N,ZMFUMFNMHWZRFG,PubChem,2872705,,0.589041113853455
CCC[S+]([O-])CCC[N+](CC)CC(O)COc1ccc(C#N)cc1,Blocker,Blocker,ZMIXNTFGXGIDHD-UHFFFAOYSA-N,ZMIXNTFGXGIDHD,eval_set_herg_70.csv,,,0.430769234895706
COc1ccc(CNC(=O)C[C@@H](NC(N)=O)c2ccccc2Cl)cc1OC,Non-blocker,Non-blocker,ZMLMTLWUWNUUNY-OAHLLOKOSA-N,ZMLMTLWUWNUUNY,PubChem,4883302,,0.467741936445236
CCOc1ccc(NC2=[N+](CCOC)Cc3cc4cc(C)ccc4nc3S2)cc1,Non-blocker,Non-blocker,ZMORNKOPLONKIQ-UHFFFAOYSA-O,ZMORNKOPLONKIQ,PubChem,3221532,,0.443037986755371
C[N+]1CCCCC1CCN1c2ccccc2Sc2ccc([S+](C)[O-])cc21,Blocker,Blocker,ZMSOBBRPDJQSNR-UHFFFAOYSA-N,ZMSOBBRPDJQSNR,eval_set_herg_70.csv,,,0.441176474094391
O=C(Nc1ccc(Cl)cc1)[C@H]1CCCN1C(=O)NCc1ccccc1,Non-blocker,Non-blocker,ZNAHZYGMPSBSAG-QGZVFWFLSA-N,ZNAHZYGMPSBSAG,PubChem,3219744,,0.5573770403862
CCCn1c(C)c(C(=O)c2ccc3ccccc3c2)c2ccccc21,Non-blocker,Blocker,ZNIBIJIBEXSCNO-UHFFFAOYSA-N,ZNIBIJIBEXSCNO,PubChem,6603892,,0.379310339689255
CCOC(=O)CSc1nnc2c(n1)[C@@]1(C)CC[C@@H]2C1(C)C,Blocker,Non-blocker,ZNMKSGIVCSDKRG-BJOHPYRUSA-N,ZNMKSGIVCSDKRG,PubChem,651180,,0.480769217014313
O/C(COc1ccc(Cl)cc1Cl)=N\C(=S)N1CCCc2ccccc21,Blocker,Blocker,ZNSJAQHBJNKWDG-UHFFFAOYSA-N,ZNSJAQHBJNKWDG,PubChem,1014390,,0.689655184745789
COCCNC(=O)c1nn2c(C(F)(F)F)cc(-c3ccccc3)nc2c1Cl,Non-blocker,Non-blocker,ZNWRWQGIAIZDBU-UHFFFAOYSA-N,ZNWRWQGIAIZDBU,PubChem,3104830,,0.515625
COc1cc(NS(=O)(=O)c2ccc(NC(=O)/C=C/c3ccc([N+](=O)[O-])cc3)cc2)ncn1,Non-blocker,Non-blocker,ZOUCSHRDSFNYNL-NYYWCZLTSA-N,ZOUCSHRDSFNYNL,PubChem,2580740,,0.461538463830948
O=C(c1ccco1)N1CCC[C@@H](c2nc(-c3ccc(S(=O)(=O)NCc4ccccc4)cc3)no2)C1,Non-blocker,Non-blocker,ZPIQTKFMNQCPAX-HXUWFJFHSA-N,ZPIQTKFMNQCPAX,PubChem,655414,,0.512820541858673
CNC(=O)c1cnn(-c2nc(-c3ccc(OC)cc3)cs2)c1C(F)(F)F,Non-blocker,Non-blocker,ZQIDWPHXGSPJPL-UHFFFAOYSA-N,ZQIDWPHXGSPJPL,PubChem,1488491,,0.400000005960465
COc1ccc2c(c1)C(=O)N(c1ccccc1OC)C(=O)C2,Non-blocker,Non-blocker,ZQKOYKRWNALQKQ-UHFFFAOYSA-N,ZQKOYKRWNALQKQ,PubChem,833493,,0.462962955236435
Cc1ccc(S(=O)(=O)N2CCSC2C(=O)NC2C3CC4CC2CC(C(N)=O)(C4)C3)cc1,Non-blocker,Non-blocker,ZQLZVPJNENBVOL-UHFFFAOYSA-N,ZQLZVPJNENBVOL,eval_set_herg_70.csv,,,0.402597397565842
CCOC(=O)c1cc(Cl)c2c(ccc3ccccc32)n1,Non-blocker,Non-blocker,ZQSMZRDGDQIYOU-UHFFFAOYSA-N,ZQSMZRDGDQIYOU,PubChem,307135,,0.41071429848671
COc1nc(Nc2cccc3c2nc(-c2ccc(F)cc2)n3C)ccc1-n1cnc(C)c1,Blocker,Blocker,ZQYDYFCAHHBFKE-UHFFFAOYSA-N,ZQYDYFCAHHBFKE,PubChem,46861576,22650177,0.703125
NS(=O)(=O)c1ccc(NC(=O)CSc2nnc(Cc3cccs3)n2-c2ccccc2)cc1,Non-blocker,Non-blocker,ZRAWNCUPBJISSB-UHFFFAOYSA-N,ZRAWNCUPBJISSB,PubChem,2218975,,0.468354433774948
COc1ccc(NC(=O)CNC(=O)Cc2cccc3ccccc23)c(OC)c1,Non-blocker,Non-blocker,ZRHKWBNBFNAPDK-UHFFFAOYSA-N,ZRHKWBNBFNAPDK,PubChem,24979702,,0.622641503810883
CCCCCCCCCCCCN1CCOCC1,Blocker,Non-blocker,ZRIILUSQBDFVNY-UHFFFAOYSA-N,ZRIILUSQBDFVNY,data_herg_dev,,73764,0.575757563114166
CC(C)(NC(=O)c1nn(-c2ccc(Cl)cc2Cl)c(-c2ccc(Cl)cc2)c1CO)c1noc(C(F)(F)F)n1,Non-blocker,Non-blocker,ZROUTFNRVAQKHJ-UHFFFAOYSA-N,ZROUTFNRVAQKHJ,data_herg_dev,CHEMBL1814331,,0.555555582046509
O=C1CCC[C@H]2[C@@H]3CCCN4CCC[C@H](CN12)[C@H]34,Non-blocker,Non-blocker,ZSBXGIUJOOQZMP-UKTARXLSSA-N,ZSBXGIUJOOQZMP,eval_set_herg_60.csv,,,0.349999994039536
Cc1cccc(-[n+]2nc([N+](=O)[O-])c(NC3CCN(Cc4ccccc4)CC3)n2O)c1,Blocker,Non-blocker,ZSEYFLVXUDVIEZ-UHFFFAOYSA-O,ZSEYFLVXUDVIEZ,PubChem,16193114,,0.381578952074051
C[C@@H](O)[C@H]1C(=O)N2C(C(=O)O)=C(SCCN=CN)C[C@H]12,Non-blocker,Blocker,ZSKVGTPCRGIANV-ZXFLCMHBSA-N,ZSKVGTPCRGIANV,data_herg_dev,,104838,0.211267605423927
NC(=O)NN=C(C1CC1)C1CC1,Non-blocker,Non-blocker,ZSRPYVXTCPWHMR-UHFFFAOYSA-N,ZSRPYVXTCPWHMR,PubChem,228176,,0.28571429848671
O=C(c1ccccc1)c1ccc(OCCOCCN2CCN(Cc3ccccc3)CC2)cc1,Blocker,Non-blocker,ZSTJHRUCJAHTDK-UHFFFAOYSA-N,ZSTJHRUCJAHTDK,PubChem,2977648,,0.479999989271164
O=C(C1=C(N2CCCC2)CCc2ccccc21)c1ccccc1Cl,Non-blocker,Non-blocker,ZSUGDMDDNBETIQ-UHFFFAOYSA-N,ZSUGDMDDNBETIQ,PubChem,822954,,0.695652186870575
Nc1ccc(-c2ccncc2)cc1NC(=O)c1cnc(N2CCNCC2)s1,Non-blocker,Non-blocker,ZTRWHUJIONDEEE-UHFFFAOYSA-N,ZTRWHUJIONDEEE,eval_set_herg_70.csv,,,0.602941155433655
CCc1nn2c(C)cc(C)nc2c1Cc1ccc(CC[C@@H](O)C2CCNCC2)cc1,Non-blocker,Blocker,ZUAMMZYKUTTYRO-XMMPIXPASA-N,ZUAMMZYKUTTYRO,PubChem,145976727,28445047,0.621212124824524
CN(C)C(=O)[C@H]1CC2(CCN(c3cc(N)ccn3)CC2)c2ccccc21,Non-blocker,Blocker,ZUCLPYSGDNZUOF-KRWDZBQOSA-N,ZUCLPYSGDNZUOF,PubChem,16730814,19231185,0.558823525905609
Cc1ccccc1N1CCN([C@@H]2CCCN(C(=O)c3cc(C(C)C)[nH]n3)C2)CC1,Non-blocker,Non-blocker,ZUUUUCNQPCMSSP-LJQANCHMSA-N,ZUUUUCNQPCMSSP,PubChem,24790365,,0.529411792755127
Nc1ccc(Cl)cc1C(=O)c1ccccc1,Non-blocker,Non-blocker,ZUWXHHBROGLWNH-UHFFFAOYSA-N,ZUWXHHBROGLWNH,eval_set_herg_70.csv,,,0.5
NC(=O)C1(N2CCCCC2)CCN(C(=O)CSc2nc3ccccc3s2)CC1,Non-blocker,Non-blocker,ZVCWSVGBOGFIQK-UHFFFAOYSA-N,ZVCWSVGBOGFIQK,PubChem,1298712,,0.627118647098541
Nc1cc(CNC(=O)c2ccc(Oc3ccc(OCc4cccc(F)c4)cc3)nc2)ccn1,Blocker,Non-blocker,ZVDHXNWPBXOHJF-UHFFFAOYSA-N,ZVDHXNWPBXOHJF,eval_set_herg_60.csv,,,0.373333334922791
O=C(Nc1ccc(Cc2ccncc2)cc1)c1cccc([N+](=O)[O-])c1,Non-blocker,Blocker,ZVLJOTMRVCAENI-UHFFFAOYSA-N,ZVLJOTMRVCAENI,PubChem,823709,,0.622641503810883
Cc1nn(-c2cc(N3CCCC3)ccc2[N+](=O)[O-])c(=O)c2ccccc12,Non-blocker,Non-blocker,ZVTUYYJGQBTYGB-UHFFFAOYSA-N,ZVTUYYJGQBTYGB,PubChem,3567095,,0.438596487045288
C/C(NNC(=O)c1cccc(S(=O)(=O)N2CCOCC2)c1)=C1/C=C(Cl)C=CC1=O,Non-blocker,Blocker,ZVVCYRYDHNYAPV-GHRIWEEISA-N,ZVVCYRYDHNYAPV,eval_set_herg_60.csv,,,0.616666674613953
CCOC(=O)CNC(=O)CSc1nnc(-c2ccco2)n1N,Non-blocker,Non-blocker,ZWSMYJQTLMLREW-UHFFFAOYSA-N,ZWSMYJQTLMLREW,PubChem,662462,,0.5
Nc1ccc2c(c1)C(=Cc1cccnc1)c1ccccc1-2,Non-blocker,Non-blocker,ZWYUFWNKPCVDMB-UHFFFAOYSA-N,ZWYUFWNKPCVDMB,PubChem,259941,,0.400000005960465
Fc1ccc(C(OCCN2CCCC2)c2nncn2Cc2ccccc2)cc1,Blocker,Blocker,ZWZLOTRNIARCOD-UHFFFAOYSA-N,ZWZLOTRNIARCOD,eval_set_herg_60.csv,,,0.553571403026581
COc1ccc(-c2cc(=O)c3c(OC)cc(OC)cc3o2)cc1,Non-blocker,Non-blocker,ZXJJBDHPUHUUHD-UHFFFAOYSA-N,ZXJJBDHPUHUUHD,eval_set_herg_70.csv,,,0.651162803173065
C=CCn1c(S)nnc1-c1cc(-c2ccc(C)cc2)nc2ccccc12,Non-blocker,Blocker,ZXOWZIPIVCJZBG-UHFFFAOYSA-N,ZXOWZIPIVCJZBG,PubChem,998960,,0.517857134342194
Cn1ccnc1C(=O)N1CCC(c2ccc(C(=O)N=C(N)N)cc2C(F)(F)F)CC1,Blocker,Non-blocker,ZXZKBUDCPJISJW-UHFFFAOYSA-N,ZXZKBUDCPJISJW,eval_set_herg_70.csv,,,0.683333337306976
COCCNC(=S)c1ccc(Br)cc1,Non-blocker,Non-blocker,ZXZRXSNUITWWIR-UHFFFAOYSA-N,ZXZRXSNUITWWIR,PubChem,2239591,,0.428571432828903
Cc1nc(C(O)c2ccc(F)c(-c3ncnc4cc(N5CCOCC5)ccc34)c2)sc1CO,Non-blocker,Non-blocker,ZYEYIBTVJPAKBV-UHFFFAOYSA-N,ZYEYIBTVJPAKBV,eval_set_herg_70.csv,,,0.689189195632935
CC/C=C(/NCc1ccccc1)C1=C(O)[C@H](C(=O)OC)C(C)(C)CC1=O,Non-blocker,Non-blocker,ZYHYYPNTWFFZHN-IKFRKZOMSA-N,ZYHYYPNTWFFZHN,PubChem,135423506,,0.532258093357086
C[C@H]1CN(c2c(F)c(N)c3c(c2F)[N+](C2CC2)=CC(C(=O)[O-])C3=O)C[C@@H](C)[NH2+]1,Non-blocker,Non-blocker,ZYKYNFRMWCELGH-SLHIUPAKSA-O,ZYKYNFRMWCELGH,eval_set_herg_60.csv,,,0.479999989271164
CNC[C@H](c1ccc2ccccc2c1)[C@H](O)c1cncc(OC)c1,Non-blocker,Non-blocker,ZYQBVZPSYAIUDW-WOJBJXKFSA-N,ZYQBVZPSYAIUDW,eval_set_herg_70.csv,,,0.693877577781677
CN(C)/C=C(\C#N)C(=O)c1cccnc1Oc1cccc(F)c1,Non-blocker,Non-blocker,ZZLDZNMYOSKCPO-VAWYXSNFSA-N,ZZLDZNMYOSKCPO,PubChem,5903782,,0.347826093435288
C[C@](CN)(Cc1cccnc1)c1ccc2ccccc2c1,Blocker,Non-blocker,ZZLLQFDJKBAKCE-LJQANCHMSA-N,ZZLLQFDJKBAKCE,eval_set_herg_60.csv,,,0.425925940275192
O=C(c1cccs1)c1ccc(-c2cccs2)s1,Non-blocker,Non-blocker,ZZXVQKQWUPAJOI-UHFFFAOYSA-N,ZZXVQKQWUPAJOI,PubChem,659191,,0.357142865657806
CN(C)CCOc1ccccc1Cc1ccccc1.O=C(O)CC(O)(CC(=O)O)C(=O)O,Blocker,Blocker,ZZYHCCDMBJTROG-UHFFFAOYSA-N,ZZYHCCDMBJTROG,eval_set_herg_70.csv,,,0.69767439365387
